macrorep i x y cond_mean cond_var cei lf hf maxcei x_star lf_next hf_next
5.000000000000000000e+00 3.000000000000000000e+01 1.000000000000000021e-02 0.000000000000000000e+00 5.832664940224689329e-03 9.237790582199401079e-02 3.118373192875328577e-05 0.000000000000000000e+00 0.000000000000000000e+00 7.940000000000000000e+02 0.000000000000000000e+00 0.000000000000000000e+00 1.000000000000000000e+00
5.000000000000000000e+00 3.000000000000000000e+01 2.000000000000000042e-02 0.000000000000000000e+00 4.416916797362574303e-03 1.702031858977922085e-01 7.292925402135157220e-04 0.000000000000000000e+00 0.000000000000000000e+00 7.940000000000000000e+02 0.000000000000000000e+00 0.000000000000000000e+00 1.000000000000000000e+00
5.000000000000000000e+00 3.000000000000000000e+01 2.999999999999999889e-02 0.000000000000000000e+00 2.983037358158092608e-03 2.354788298822484693e-01 2.524302862959942190e-03 0.000000000000000000e+00 0.000000000000000000e+00 7.940000000000000000e+02 0.000000000000000000e+00 0.000000000000000000e+00 1.000000000000000000e+00
5.000000000000000000e+00 3.000000000000000000e+01 4.000000000000000083e-02 0.000000000000000000e+00 1.521815474840641780e-03 2.898848373781583998e-01 4.953119787212710567e-03 0.000000000000000000e+00 0.000000000000000000e+00 7.940000000000000000e+02 0.000000000000000000e+00 0.000000000000000000e+00 1.000000000000000000e+00
5.000000000000000000e+00 3.000000000000000000e+01 5.000000000000000278e-02 0.000000000000000000e+00 2.386435356628666821e-05 3.348214560951359720e-01 7.546177682896670902e-03 0.000000000000000000e+00 0.000000000000000000e+00 7.940000000000000000e+02 0.000000000000000000e+00 0.000000000000000000e+00 1.000000000000000000e+00
5.000000000000000000e+00 3.000000000000000000e+01 6.000000000000000472e-02 0.000000000000000000e+00 -1.520438745732193703e-03 3.714452200325009112e-01 1.001437459614192699e-02 0.000000000000000000e+00 0.000000000000000000e+00 7.940000000000000000e+02 0.000000000000000000e+00 0.000000000000000000e+00 1.000000000000000000e+00
5.000000000000000000e+00 3.000000000000000000e+01 6.999999999999999278e-02 0.000000000000000000e+00 -3.121014325198359640e-03 4.006987152010826891e-01 1.220099107262146571e-02 0.000000000000000000e+00 0.000000000000000000e+00 7.940000000000000000e+02 0.000000000000000000e+00 0.000000000000000000e+00 1.000000000000000000e+00
5.000000000000000000e+00 3.000000000000000000e+01 8.000000000000000167e-02 0.000000000000000000e+00 -4.788144377709278171e-03 4.233348389644877030e-01 1.402663850894057818e-02 0.000000000000000000e+00 0.000000000000000000e+00 7.940000000000000000e+02 0.000000000000000000e+00 0.000000000000000000e+00 1.000000000000000000e+00
5.000000000000000000e+00 3.000000000000000000e+01 8.999999999999999667e-02 0.000000000000000000e+00 -6.532538437725540770e-03 4.399361773626238037e-01 1.545366185576882434e-02 0.000000000000000000e+00 0.000000000000000000e+00 7.940000000000000000e+02 0.000000000000000000e+00 0.000000000000000000e+00 1.000000000000000000e+00
5.000000000000000000e+00 3.000000000000000000e+01 9.999999999999999167e-02 0.000000000000000000e+00 -8.365402378640439396e-03 4.509299991317658463e-01 1.646535349056026803e-02 0.000000000000000000e+00 0.000000000000000000e+00 7.940000000000000000e+02 0.000000000000000000e+00 0.000000000000000000e+00 1.000000000000000000e+00
5.000000000000000000e+00 3.000000000000000000e+01 1.100000000000000006e-01 0.000000000000000000e+00 -1.029851039857800424e-02 4.565992523223341704e-01 1.705417579563714425e-02 0.000000000000000000e+00 0.000000000000000000e+00 7.940000000000000000e+02 0.000000000000000000e+00 0.000000000000000000e+00 1.000000000000000000e+00
5.000000000000000000e+00 3.000000000000000000e+01 1.199999999999999956e-01 0.000000000000000000e+00 -1.234428065707197236e-02 4.570898465344023776e-01 1.721530931885478788e-02 0.000000000000000000e+00 0.000000000000000000e+00 7.940000000000000000e+02 0.000000000000000000e+00 0.000000000000000000e+00 1.000000000000000000e+00
5.000000000000000000e+00 3.000000000000000000e+01 1.300000000000000044e-01 0.000000000000000000e+00 -1.451585504851071393e-02 4.524144081938638040e-01 1.694352348823045112e-02 0.000000000000000000e+00 0.000000000000000000e+00 7.940000000000000000e+02 0.000000000000000000e+00 0.000000000000000000e+00 1.000000000000000000e+00
5.000000000000000000e+00 3.000000000000000000e+01 1.400000000000000133e-01 0.000000000000000000e+00 -1.682718362480758664e-02 4.424526055188234275e-01 1.623246832625015873e-02 0.000000000000000000e+00 0.000000000000000000e+00 7.940000000000000000e+02 0.000000000000000000e+00 0.000000000000000000e+00 1.000000000000000000e+00
5.000000000000000000e+00 3.000000000000000000e+01 1.500000000000000222e-01 0.000000000000000000e+00 -1.929311420962236123e-02 4.269480515398749176e-01 1.507629629976665192e-02 0.000000000000000000e+00 0.000000000000000000e+00 7.940000000000000000e+02 0.000000000000000000e+00 0.000000000000000000e+00 1.000000000000000000e+00
5.000000000000000000e+00 3.000000000000000000e+01 1.600000000000000033e-01 0.000000000000000000e+00 -2.192948777980967268e-02 4.055017054672814814e-01 1.347433597420099466e-02 0.000000000000000000e+00 0.000000000000000000e+00 7.940000000000000000e+02 0.000000000000000000e+00 0.000000000000000000e+00 1.000000000000000000e+00
5.000000000000000000e+00 3.000000000000000000e+01 1.700000000000000122e-01 0.000000000000000000e+00 -2.475324022681865688e-02 3.775616025760078487e-01 1.144067929305792042e-02 0.000000000000000000e+00 0.000000000000000000e+00 7.940000000000000000e+02 0.000000000000000000e+00 0.000000000000000000e+00 1.000000000000000000e+00
5.000000000000000000e+00 3.000000000000000000e+01 1.800000000000000211e-01 0.000000000000000000e+00 -2.778251115175232183e-02 3.424086482866030567e-01 9.022472510551299285e-03 0.000000000000000000e+00 0.000000000000000000e+00 7.940000000000000000e+02 0.000000000000000000e+00 0.000000000000000000e+00 1.000000000000000000e+00
5.000000000000000000e+00 3.000000000000000000e+01 1.900000000000000022e-01 0.000000000000000000e+00 -3.103676039297911804e-02 2.991381108241134013e-01 6.333984057857212913e-03 0.000000000000000000e+00 0.000000000000000000e+00 7.940000000000000000e+02 0.000000000000000000e+00 0.000000000000000000e+00 1.000000000000000000e+00
5.000000000000000000e+00 3.000000000000000000e+01 2.000000000000000111e-01 0.000000000000000000e+00 -3.453689303486229961e-02 2.466363361314906077e-01 3.617397211132598878e-03 0.000000000000000000e+00 0.000000000000000000e+00 7.940000000000000000e+02 0.000000000000000000e+00 0.000000000000000000e+00 1.000000000000000000e+00
5.000000000000000000e+00 3.000000000000000000e+01 2.100000000000000200e-01 0.000000000000000000e+00 -3.830539370065509652e-02 1.835520857490931523e-01 1.331366370052886397e-03 0.000000000000000000e+00 0.000000000000000000e+00 7.940000000000000000e+02 0.000000000000000000e+00 0.000000000000000000e+00 1.000000000000000000e+00
5.000000000000000000e+00 3.000000000000000000e+01 2.200000000000000011e-01 0.000000000000000000e+00 -4.236647099225052115e-02 1.082617599831315197e-01 1.308314715201856163e-04 0.000000000000000000e+00 0.000000000000000000e+00 7.940000000000000000e+02 0.000000000000000000e+00 0.000000000000000000e+00 1.000000000000000000e+00
5.000000000000000000e+00 3.000000000000000000e+01 2.300000000000000100e-01 0.000000000000000000e+00 -4.674621300465704732e-02 1.882761131155466505e-02 5.840651005624783908e-11 0.000000000000000000e+00 1.000000000000000000e+00 7.940000000000000000e+02 0.000000000000000000e+00 0.000000000000000000e+00 1.000000000000000000e+00
5.000000000000000000e+00 3.000000000000000000e+01 2.400000000000000189e-01 0.000000000000000000e+00 -4.258940041453853492e-02 1.088196098569667453e-01 1.346831786303520715e-04 0.000000000000000000e+00 0.000000000000000000e+00 7.940000000000000000e+02 0.000000000000000000e+00 0.000000000000000000e+00 1.000000000000000000e+00
5.000000000000000000e+00 3.000000000000000000e+01 2.500000000000000000e-01 0.000000000000000000e+00 -3.875268462926481638e-02 1.854861011699037721e-01 1.389098592814353231e-03 0.000000000000000000e+00 0.000000000000000000e+00 7.940000000000000000e+02 0.000000000000000000e+00 0.000000000000000000e+00 1.000000000000000000e+00
5.000000000000000000e+00 3.000000000000000000e+01 2.600000000000000089e-01 0.000000000000000000e+00 -3.521141883747527096e-02 2.508002511525531664e-01 3.826826191093909979e-03 0.000000000000000000e+00 0.000000000000000000e+00 7.940000000000000000e+02 0.000000000000000000e+00 0.000000000000000000e+00 1.000000000000000000e+00
5.000000000000000000e+00 3.000000000000000000e+01 2.700000000000000178e-01 0.000000000000000000e+00 -3.194285417925094711e-02 3.064430504367947061e-01 6.806231490775728477e-03 0.000000000000000000e+00 0.000000000000000000e+00 7.940000000000000000e+02 0.000000000000000000e+00 0.000000000000000000e+00 1.000000000000000000e+00
5.000000000000000000e+00 3.000000000000000000e+01 2.800000000000000266e-01 0.000000000000000000e+00 -2.892599360892573329e-02 3.538465780491978352e-01 9.872786846782569126e-03 0.000000000000000000e+00 0.000000000000000000e+00 7.940000000000000000e+02 0.000000000000000000e+00 0.000000000000000000e+00 1.000000000000000000e+00
5.000000000000000000e+00 3.000000000000000000e+01 2.900000000000000355e-01 0.000000000000000000e+00 -2.614145701143778810e-02 3.942308588366857935e-01 1.278913672178571409e-02 0.000000000000000000e+00 0.000000000000000000e+00 7.940000000000000000e+02 0.000000000000000000e+00 0.000000000000000000e+00 1.000000000000000000e+00
5.000000000000000000e+00 3.000000000000000000e+01 2.999999999999999889e-01 0.000000000000000000e+00 -2.357135670573751868e-02 4.286352632526286843e-01 1.544872009954524616e-02 0.000000000000000000e+00 0.000000000000000000e+00 7.940000000000000000e+02 0.000000000000000000e+00 0.000000000000000000e+00 1.000000000000000000e+00
5.000000000000000000e+00 3.000000000000000000e+01 3.099999999999999978e-01 0.000000000000000000e+00 -2.119918253549388926e-02 4.579452576398322372e-01 1.781530332666092509e-02 0.000000000000000000e+00 0.000000000000000000e+00 7.940000000000000000e+02 0.000000000000000000e+00 0.000000000000000000e+00 1.000000000000000000e+00
5.000000000000000000e+00 3.000000000000000000e+01 3.200000000000000067e-01 0.000000000000000000e+00 -1.900969580892970107e-02 4.829151934825983705e-01 1.988881891755414633e-02 0.000000000000000000e+00 0.000000000000000000e+00 7.940000000000000000e+02 0.000000000000000000e+00 0.000000000000000000e+00 1.000000000000000000e+00
5.000000000000000000e+00 3.000000000000000000e+01 3.300000000000000155e-01 0.000000000000000000e+00 -1.698883140646186701e-02 5.041877221549626586e-01 2.168685373218250112e-02 0.000000000000000000e+00 0.000000000000000000e+00 7.940000000000000000e+02 0.000000000000000000e+00 0.000000000000000000e+00 1.000000000000000000e+00
5.000000000000000000e+00 3.000000000000000000e+01 3.400000000000000244e-01 0.000000000000000000e+00 -1.512360742729276786e-02 5.223103348425894854e-01 2.323470099006492984e-02 0.000000000000000000e+00 0.000000000000000000e+00 7.940000000000000000e+02 0.000000000000000000e+00 0.000000000000000000e+00 1.000000000000000000e+00
5.000000000000000000e+00 3.000000000000000000e+01 3.500000000000000333e-01 0.000000000000000000e+00 -1.340204179452833197e-02 5.377494533263817988e-01 2.456005219951991336e-02 0.000000000000000000e+00 0.000000000000000000e+00 7.940000000000000000e+02 0.000000000000000000e+00 0.000000000000000000e+00 1.000000000000000000e+00
5.000000000000000000e+00 3.000000000000000000e+01 3.600000000000000422e-01 0.000000000000000000e+00 -1.181307528309939736e-02 5.509024342823833909e-01 2.569022213143415390e-02 0.000000000000000000e+00 0.000000000000000000e+00 7.940000000000000000e+02 0.000000000000000000e+00 0.000000000000000000e+00 1.000000000000000000e+00
5.000000000000000000e+00 3.000000000000000000e+01 3.699999999999999956e-01 0.000000000000000000e+00 -1.034650047602298298e-02 5.621077960527024464e-01 2.665076929036241937e-02 0.000000000000000000e+00 0.000000000000000000e+00 7.940000000000000000e+02 0.000000000000000000e+00 0.000000000000000000e+00 1.000000000000000000e+00
5.000000000000000000e+00 3.000000000000000000e+01 3.800000000000000044e-01 0.000000000000000000e+00 -8.992896192622886614e-03 5.716539310939156016e-01 2.746488820407547160e-02 0.000000000000000000e+00 0.000000000000000000e+00 7.940000000000000000e+02 0.000000000000000000e+00 0.000000000000000000e+00 1.000000000000000000e+00
5.000000000000000000e+00 3.000000000000000000e+01 3.900000000000000133e-01 0.000000000000000000e+00 -7.743566967481019248e-03 5.797865283352859889e-01 2.815322599457133201e-02 0.000000000000000000e+00 0.000000000000000000e+00 7.940000000000000000e+02 0.000000000000000000e+00 0.000000000000000000e+00 1.000000000000000000e+00
5.000000000000000000e+00 3.000000000000000000e+01 4.000000000000000222e-01 0.000000000000000000e+00 -6.590487191336050210e-03 5.867148964760646734e-01 2.873392696205043229e-02 0.000000000000000000e+00 0.000000000000000000e+00 7.940000000000000000e+02 0.000000000000000000e+00 0.000000000000000000e+00 1.000000000000000000e+00
5.000000000000000000e+00 3.000000000000000000e+01 4.100000000000000311e-01 0.000000000000000000e+00 -5.526249555094224497e-03 5.926173509646188720e-01 2.922279341129585539e-02 0.000000000000000000e+00 0.000000000000000000e+00 7.940000000000000000e+02 0.000000000000000000e+00 0.000000000000000000e+00 1.000000000000000000e+00
5.000000000000000000e+00 3.000000000000000000e+01 4.200000000000000400e-01 0.000000000000000000e+00 -4.544017465760046004e-03 5.976458033040914497e-01 2.963349898689972284e-02 0.000000000000000000e+00 0.000000000000000000e+00 7.940000000000000000e+02 0.000000000000000000e+00 0.000000000000000000e+00 1.000000000000000000e+00
5.000000000000000000e+00 3.000000000000000000e+01 4.299999999999999933e-01 0.000000000000000000e+00 -3.637481128609830819e-03 6.019296707995798190e-01 2.997781848914594927e-02 0.000000000000000000e+00 0.000000000000000000e+00 7.940000000000000000e+02 0.000000000000000000e+00 0.000000000000000000e+00 1.000000000000000000e+00
5.000000000000000000e+00 3.000000000000000000e+01 4.400000000000000022e-01 0.000000000000000000e+00 -2.800817013482954920e-03 6.055792073720194235e-01 3.026585428787069432e-02 0.000000000000000000e+00 0.000000000000000000e+00 7.940000000000000000e+02 0.000000000000000000e+00 0.000000000000000000e+00 1.000000000000000000e+00
5.000000000000000000e+00 3.000000000000000000e+01 4.500000000000000111e-01 0.000000000000000000e+00 -2.028650444804831754e-03 6.086883411639429919e-01 3.050624891094100288e-02 0.000000000000000000e+00 0.000000000000000000e+00 7.940000000000000000e+02 0.000000000000000000e+00 0.000000000000000000e+00 1.000000000000000000e+00
5.000000000000000000e+00 3.000000000000000000e+01 4.600000000000000200e-01 0.000000000000000000e+00 -1.316021075022422854e-03 6.113370919685937599e-01 3.070637891988545198e-02 0.000000000000000000e+00 0.000000000000000000e+00 7.940000000000000000e+02 0.000000000000000000e+00 0.000000000000000000e+00 1.000000000000000000e+00
5.000000000000000000e+00 3.000000000000000000e+01 4.700000000000000289e-01 0.000000000000000000e+00 -6.583510196558600008e-04 6.135936306997781253e-01 3.087252839282166039e-02 0.000000000000000000e+00 0.000000000000000000e+00 7.940000000000000000e+02 0.000000000000000000e+00 0.000000000000000000e+00 1.000000000000000000e+00
5.000000000000000000e+00 3.000000000000000000e+01 4.800000000000000377e-01 0.000000000000000000e+00 -5.141544926784945291e-05 6.155160339070432363e-01 3.101004215018936250e-02 0.000000000000000000e+00 0.000000000000000000e+00 7.940000000000000000e+02 0.000000000000000000e+00 0.000000000000000000e+00 1.000000000000000000e+00
5.000000000000000000e+00 3.000000000000000000e+01 4.899999999999999911e-01 0.000000000000000000e+00 5.086845505644140703e-04 6.171537784921475867e-01 3.112345983900217938e-02 0.000000000000000000e+00 0.000000000000000000e+00 7.940000000000000000e+02 0.000000000000000000e+00 0.000000000000000000e+00 1.000000000000000000e+00
5.000000000000000000e+00 3.000000000000000000e+01 5.000000000000000000e-01 0.000000000000000000e+00 1.025547025620588033e-03 6.185490150963486311e-01 3.121663247174413791e-02 0.000000000000000000e+00 0.000000000000000000e+00 7.940000000000000000e+02 0.000000000000000000e+00 0.000000000000000000e+00 1.000000000000000000e+00
5.000000000000000000e+00 3.000000000000000000e+01 5.100000000000000089e-01 0.000000000000000000e+00 1.502492266648032017e-03 6.197376529316858118e-01 3.129282320036538834e-02 0.000000000000000000e+00 0.000000000000000000e+00 7.940000000000000000e+02 0.000000000000000000e+00 0.000000000000000000e+00 1.000000000000000000e+00
5.000000000000000000e+00 3.000000000000000000e+01 5.200000000000000178e-01 0.000000000000000000e+00 1.942584138692492191e-03 6.207502839765658420e-01 3.135479411853726861e-02 0.000000000000000000e+00 0.000000000000000000e+00 7.940000000000000000e+02 0.000000000000000000e+00 0.000000000000000000e+00 1.000000000000000000e+00
5.000000000000000000e+00 3.000000000000000000e+01 5.300000000000000266e-01 0.000000000000000000e+00 2.348649763166832209e-03 6.216129703216756175e-01 3.140488080254096037e-02 0.000000000000000000e+00 0.000000000000000000e+00 7.940000000000000000e+02 0.000000000000000000e+00 0.000000000000000000e+00 1.000000000000000000e+00
5.000000000000000000e+00 3.000000000000000000e+01 5.400000000000000355e-01 0.000000000000000000e+00 2.723297679094156300e-03 6.223479149301518465e-01 3.144505616940172776e-02 0.000000000000000000e+00 0.000000000000000000e+00 7.940000000000000000e+02 0.000000000000000000e+00 0.000000000000000000e+00 1.000000000000000000e+00
5.000000000000000000e+00 3.000000000000000000e+01 5.500000000000000444e-01 0.000000000000000000e+00 3.068934600191954021e-03 6.229740330753638089e-01 3.147698507820977099e-02 0.000000000000000000e+00 0.000000000000000000e+00 7.940000000000000000e+02 0.000000000000000000e+00 0.000000000000000000e+00 1.000000000000000000e+00
5.000000000000000000e+00 3.000000000000000000e+01 5.600000000000000533e-01 0.000000000000000000e+00 3.387780875443658930e-03 6.235074391634063407e-01 3.150207094366438976e-02 0.000000000000000000e+00 0.000000000000000000e+00 7.940000000000000000e+02 0.000000000000000000e+00 0.000000000000000000e+00 1.000000000000000000e+00
5.000000000000000000e+00 3.000000000000000000e+01 5.700000000000000622e-01 0.000000000000000000e+00 3.681884752475360952e-03 6.239618614696567089e-01 3.152149547927296513e-02 0.000000000000000000e+00 0.000000000000000000e+00 7.940000000000000000e+02 0.000000000000000000e+00 0.000000000000000000e+00 1.000000000000000000e+00
5.000000000000000000e+00 3.000000000000000000e+01 5.800000000000000711e-01 0.000000000000000000e+00 3.953135535364638888e-03 6.243489954634717787e-01 3.153625254644940035e-02 0.000000000000000000e+00 0.000000000000000000e+00 7.940000000000000000e+02 0.000000000000000000e+00 0.000000000000000000e+00 1.000000000000000000e+00
5.000000000000000000e+00 3.000000000000000000e+01 5.899999999999999689e-01 0.000000000000000000e+00 4.203275721406433962e-03 6.246788048145476280e-01 3.154717695736909688e-02 0.000000000000000000e+00 0.000000000000000000e+00 7.940000000000000000e+02 0.000000000000000000e+00 0.000000000000000000e+00 1.000000000000000000e+00
5.000000000000000000e+00 3.000000000000000000e+01 5.999999999999999778e-01 0.000000000000000000e+00 4.433912194801747572e-03 6.249597778279393223e-01 3.155496896460191492e-02 0.000000000000000000e+00 0.000000000000000000e+00 7.940000000000000000e+02 0.000000000000000000e+00 0.000000000000000000e+00 1.000000000000000000e+00
5.000000000000000000e+00 3.000000000000000000e+01 6.099999999999999867e-01 0.000000000000000000e+00 4.646526549176686546e-03 6.251991459076142732e-01 3.156021506902348395e-02 0.000000000000000000e+00 0.000000000000000000e+00 7.940000000000000000e+02 0.000000000000000000e+00 0.000000000000000000e+00 1.000000000000000000e+00
5.000000000000000000e+00 3.000000000000000000e+01 6.199999999999999956e-01 0.000000000000000000e+00 4.842484605243056392e-03 6.254030696711356807e-01 3.156340568853668871e-02 0.000000000000000000e+00 0.000000000000000000e+00 7.940000000000000000e+02 0.000000000000000000e+00 0.000000000000000000e+00 1.000000000000000000e+00
5.000000000000000000e+00 3.000000000000000000e+01 6.300000000000000044e-01 0.000000000000000000e+00 5.023045184741318017e-03 6.255767975055100960e-01 3.156495015266440329e-02 0.000000000000000000e+00 0.000000000000000000e+00 7.940000000000000000e+02 0.000000000000000000e+00 0.000000000000000000e+00 1.000000000000000000e+00
5.000000000000000000e+00 3.000000000000000000e+01 6.400000000000000133e-01 0.000000000000000000e+00 5.189368197029139290e-03 6.257248006449517286e-01 3.156518942096475655e-02 0.000000000000000000e+00 0.000000000000000000e+00 7.940000000000000000e+02 0.000000000000000000e+00 0.000000000000000000e+00 1.000000000000000000e+00
5.000000000000000000e+00 3.000000000000000000e+01 6.500000000000000222e-01 0.000000000000000000e+00 5.342522090263282682e-03 6.258508882470620316e-01 3.156440686530641304e-02 0.000000000000000000e+00 0.000000000000000000e+00 7.940000000000000000e+02 0.000000000000000000e+00 0.000000000000000000e+00 1.000000000000000000e+00
5.000000000000000000e+00 3.000000000000000000e+01 6.600000000000000311e-01 0.000000000000000000e+00 5.483490715040702582e-03 6.259583054291392168e-01 3.156283740621514122e-02 0.000000000000000000e+00 0.000000000000000000e+00 7.940000000000000000e+02 0.000000000000000000e+00 0.000000000000000000e+00 1.000000000000000000e+00
5.000000000000000000e+00 3.000000000000000000e+01 6.700000000000000400e-01 0.000000000000000000e+00 5.613179644590457658e-03 6.260498167877805997e-01 3.156067525074572611e-02 0.000000000000000000e+00 0.000000000000000000e+00 7.940000000000000000e+02 0.000000000000000000e+00 0.000000000000000000e+00 1.000000000000000000e+00
5.000000000000000000e+00 3.000000000000000000e+01 6.800000000000000488e-01 0.000000000000000000e+00 5.732421992116930841e-03 6.261277775513190980e-01 3.155808044270778934e-02 0.000000000000000000e+00 0.000000000000000000e+00 7.940000000000000000e+02 0.000000000000000000e+00 0.000000000000000000e+00 1.000000000000000000e+00
5.000000000000000000e+00 3.000000000000000000e+01 6.900000000000000577e-01 0.000000000000000000e+00 5.841983762664584509e-03 6.261941941963481417e-01 3.155518440475550690e-02 0.000000000000000000e+00 0.000000000000000000e+00 7.940000000000000000e+02 0.000000000000000000e+00 0.000000000000000000e+00 1.000000000000000000e+00
5.000000000000000000e+00 3.000000000000000000e+01 7.000000000000000666e-01 0.000000000000000000e+00 5.942568773884281813e-03 6.262507760884205021e-01 3.155209462510276397e-02 0.000000000000000000e+00 0.000000000000000000e+00 7.940000000000000000e+02 0.000000000000000000e+00 0.000000000000000000e+00 1.000000000000000000e+00
5.000000000000000000e+00 3.000000000000000000e+01 7.100000000000000755e-01 0.000000000000000000e+00 6.034823177311863032e-03 6.262989794759993289e-01 3.154889861879998925e-02 0.000000000000000000e+00 0.000000000000000000e+00 7.940000000000000000e+02 0.000000000000000000e+00 0.000000000000000000e+00 1.000000000000000000e+00
5.000000000000000000e+00 3.000000000000000000e+01 7.199999999999999734e-01 0.000000000000000000e+00 6.119339609203366254e-03 6.263400449699317862e-01 3.154566727406059312e-02 0.000000000000000000e+00 0.000000000000000000e+00 7.940000000000000000e+02 0.000000000000000000e+00 0.000000000000000000e+00 1.000000000000000000e+00
5.000000000000000000e+00 3.000000000000000000e+01 7.299999999999999822e-01 0.000000000000000000e+00 6.196660997591588865e-03 6.263750294730568990e-01 3.154245767754611240e-02 0.000000000000000000e+00 0.000000000000000000e+00 7.940000000000000000e+02 0.000000000000000000e+00 0.000000000000000000e+00 1.000000000000000000e+00
5.000000000000000000e+00 3.000000000000000000e+01 7.399999999999999911e-01 0.000000000000000000e+00 6.267284050020276685e-03 6.264048333817215930e-01 3.153931549841873516e-02 0.000000000000000000e+00 0.000000000000000000e+00 7.940000000000000000e+02 0.000000000000000000e+00 0.000000000000000000e+00 1.000000000000000000e+00
5.000000000000000000e+00 3.000000000000000000e+01 7.500000000000000000e-01 0.000000000000000000e+00 6.331662444360904030e-03 6.264302237592846989e-01 3.153627699895818204e-02 0.000000000000000000e+00 0.000000000000000000e+00 7.940000000000000000e+02 0.000000000000000000e+00 0.000000000000000000e+00 1.000000000000000000e+00
5.000000000000000000e+00 3.000000000000000000e+01 7.600000000000000089e-01 0.000000000000000000e+00 6.390209743209664811e-03 6.264518540780309452e-01 3.153337072933427854e-02 0.000000000000000000e+00 0.000000000000000000e+00 7.940000000000000000e+02 0.000000000000000000e+00 0.000000000000000000e+00 1.000000000000000000e+00
5.000000000000000000e+00 3.000000000000000000e+01 7.700000000000000178e-01 0.000000000000000000e+00 6.443302050586548549e-03 6.264702810375911701e-01 3.153061895544616300e-02 0.000000000000000000e+00 0.000000000000000000e+00 7.940000000000000000e+02 0.000000000000000000e+00 0.000000000000000000e+00 1.000000000000000000e+00
5.000000000000000000e+00 3.000000000000000000e+01 7.800000000000000266e-01 0.000000000000000000e+00 6.491280428002977124e-03 6.264859788927231721e-01 3.152803886135643885e-02 0.000000000000000000e+00 0.000000000000000000e+00 7.940000000000000000e+02 0.000000000000000000e+00 0.000000000000000000e+00 1.000000000000000000e+00
5.000000000000000000e+00 3.000000000000000000e+01 7.900000000000000355e-01 0.000000000000000000e+00 6.534453085418652149e-03 6.264993516592096690e-01 3.152564356158721326e-02 0.000000000000000000e+00 0.000000000000000000e+00 7.940000000000000000e+02 0.000000000000000000e+00 0.000000000000000000e+00 1.000000000000000000e+00
5.000000000000000000e+00 3.000000000000000000e+01 8.000000000000000444e-01 0.000000000000000000e+00 6.573097361162190400e-03 6.265107435120143009e-01 3.152344295321349299e-02 0.000000000000000000e+00 0.000000000000000000e+00 7.940000000000000000e+02 0.000000000000000000e+00 0.000000000000000000e+00 1.000000000000000000e+00
5.000000000000000000e+00 3.000000000000000000e+01 8.100000000000000533e-01 0.000000000000000000e+00 6.607461503534409718e-03 6.265204476433139380e-01 3.152144443317522748e-02 0.000000000000000000e+00 0.000000000000000000e+00 7.940000000000000000e+02 0.000000000000000000e+00 0.000000000000000000e+00 1.000000000000000000e+00
5.000000000000000000e+00 3.000000000000000000e+01 8.200000000000000622e-01 0.000000000000000000e+00 6.637766265539187666e-03 6.265287138083889262e-01 3.151965350238782049e-02 0.000000000000000000e+00 0.000000000000000000e+00 7.940000000000000000e+02 0.000000000000000000e+00 0.000000000000000000e+00 1.000000000000000000e+00
5.000000000000000000e+00 3.000000000000000000e+01 8.300000000000000711e-01 0.000000000000000000e+00 6.664206322986320624e-03 6.265357547535742588e-01 3.151807427497803349e-02 0.000000000000000000e+00 0.000000000000000000e+00 7.940000000000000000e+02 0.000000000000000000e+00 0.000000000000000000e+00 1.000000000000000000e+00
5.000000000000000000e+00 3.000000000000000000e+01 8.400000000000000799e-01 0.000000000000000000e+00 6.686951525076201275e-03 6.265417516917141105e-01 3.151670990820903961e-02 0.000000000000000000e+00 0.000000000000000000e+00 7.940000000000000000e+02 0.000000000000000000e+00 0.000000000000000000e+00 1.000000000000000000e+00
5.000000000000000000e+00 3.000000000000000000e+01 8.499999999999999778e-01 0.000000000000000000e+00 6.706147985499976739e-03 6.265468589660385668e-01 3.151556296632115894e-02 0.000000000000000000e+00 0.000000000000000000e+00 7.940000000000000000e+02 0.000000000000000000e+00 0.000000000000000000e+00 1.000000000000000000e+00
5.000000000000000000e+00 3.000000000000000000e+01 8.599999999999999867e-01 0.000000000000000000e+00 6.721919021064347993e-03 6.265512080224941993e-01 3.151463572952835357e-02 0.000000000000000000e+00 0.000000000000000000e+00 7.940000000000000000e+02 0.000000000000000000e+00 0.000000000000000000e+00 1.000000000000000000e+00
5.000000000000000000e+00 3.000000000000000000e+01 8.699999999999999956e-01 0.000000000000000000e+00 6.734365943870672562e-03 6.265549107927701478e-01 3.151393045773652479e-02 0.000000000000000000e+00 0.000000000000000000e+00 7.940000000000000000e+02 0.000000000000000000e+00 0.000000000000000000e+00 1.000000000000000000e+00
5.000000000000000000e+00 3.000000000000000000e+01 8.800000000000000044e-01 0.000000000000000000e+00 6.743568712137278966e-03 6.265580625750855059e-01 3.151344961712615467e-02 0.000000000000000000e+00 0.000000000000000000e+00 7.940000000000000000e+02 0.000000000000000000e+00 0.000000000000000000e+00 1.000000000000000000e+00
5.000000000000000000e+00 3.000000000000000000e+01 8.900000000000000133e-01 0.000000000000000000e+00 6.749586443845836947e-03 6.265607444868784848e-01 3.151319607654742838e-02 0.000000000000000000e+00 0.000000000000000000e+00 7.940000000000000000e+02 0.000000000000000000e+00 0.000000000000000000e+00 1.000000000000000000e+00
5.000000000000000000e+00 3.000000000000000000e+01 9.000000000000000222e-01 0.000000000000000000e+00 6.752457796511402745e-03 6.265630255525279635e-01 3.151317327965984239e-02 0.000000000000000000e+00 0.000000000000000000e+00 7.940000000000000000e+02 0.000000000000000000e+00 0.000000000000000000e+00 1.000000000000000000e+00
5.000000000000000000e+00 3.000000000000000000e+01 9.100000000000000311e-01 0.000000000000000000e+00 6.752201215515772972e-03 6.265649644798322315e-01 3.151338539789762250e-02 0.000000000000000000e+00 0.000000000000000000e+00 7.940000000000000000e+02 0.000000000000000000e+00 0.000000000000000000e+00 1.000000000000000000e+00
5.000000000000000000e+00 3.000000000000000000e+01 9.200000000000000400e-01 0.000000000000000000e+00 6.748815052599405756e-03 6.265666111709743413e-01 3.151383746863349600e-02 0.000000000000000000e+00 0.000000000000000000e+00 7.940000000000000000e+02 0.000000000000000000e+00 0.000000000000000000e+00 1.000000000000000000e+00
5.000000000000000000e+00 3.000000000000000000e+01 9.300000000000000488e-01 0.000000000000000000e+00 6.742277555273113593e-03 6.265680080068528612e-01 3.151453552229768751e-02 0.000000000000000000e+00 0.000000000000000000e+00 7.940000000000000000e+02 0.000000000000000000e+00 0.000000000000000000e+00 1.000000000000000000e+00
5.000000000000000000e+00 3.000000000000000000e+01 9.400000000000000577e-01 0.000000000000000000e+00 6.732546727081492946e-03 6.265691909378404700e-01 3.151548670172722721e-02 0.000000000000000000e+00 0.000000000000000000e+00 7.940000000000000000e+02 0.000000000000000000e+00 0.000000000000000000e+00 1.000000000000000000e+00
5.000000000000000000e+00 3.000000000000000000e+01 9.500000000000000666e-01 0.000000000000000000e+00 6.719560057820440566e-03 6.265701904090384966e-01 3.151669937658867215e-02 0.000000000000000000e+00 0.000000000000000000e+00 7.940000000000000000e+02 0.000000000000000000e+00 0.000000000000000000e+00 1.000000000000000000e+00
5.000000000000000000e+00 3.000000000000000000e+01 9.600000000000000755e-01 0.000000000000000000e+00 6.703234121975691455e-03 6.265710321438423547e-01 3.151818325538215115e-02 0.000000000000000000e+00 0.000000000000000000e+00 7.940000000000000000e+02 0.000000000000000000e+00 0.000000000000000000e+00 1.000000000000000000e+00
5.000000000000000000e+00 3.000000000000000000e+01 9.699999999999999734e-01 0.000000000000000000e+00 6.683464042802765744e-03 6.265717378059857401e-01 3.151994949725046846e-02 0.000000000000000000e+00 0.000000000000000000e+00 7.940000000000000000e+02 0.000000000000000000e+00 0.000000000000000000e+00 1.000000000000000000e+00
5.000000000000000000e+00 3.000000000000000000e+01 9.799999999999999822e-01 0.000000000000000000e+00 6.660122818605621747e-03 6.265723255570985195e-01 3.152201082558651890e-02 0.000000000000000000e+00 0.000000000000000000e+00 7.940000000000000000e+02 0.000000000000000000e+00 0.000000000000000000e+00 1.000000000000000000e+00
5.000000000000000000e+00 3.000000000000000000e+01 9.899999999999999911e-01 0.000000000000000000e+00 6.633060506886063155e-03 6.265728105241344936e-01 3.152438164525067643e-02 0.000000000000000000e+00 0.000000000000000000e+00 7.940000000000000000e+02 0.000000000000000000e+00 0.000000000000000000e+00 1.000000000000000000e+00
5.000000000000000000e+00 3.000000000000000000e+01 1.000000000000000000e+00 0.000000000000000000e+00 6.602103261122933830e-03 6.265732051886928611e-01 3.152707816506884753e-02 0.000000000000000000e+00 0.000000000000000000e+00 7.940000000000000000e+02 0.000000000000000000e+00 0.000000000000000000e+00 1.000000000000000000e+00
5.000000000000000000e+00 3.000000000000000000e+01 1.010000000000000009e+00 0.000000000000000000e+00 6.567052213993431788e-03 6.265735197082576979e-01 3.153011852716763874e-02 0.000000000000000000e+00 0.000000000000000000e+00 7.940000000000000000e+02 0.000000000000000000e+00 0.000000000000000000e+00 1.000000000000000000e+00
5.000000000000000000e+00 3.000000000000000000e+01 1.020000000000000018e+00 0.000000000000000000e+00 6.527682199862430354e-03 6.265737621776202859e-01 3.153352294462970218e-02 0.000000000000000000e+00 0.000000000000000000e+00 7.940000000000000000e+02 0.000000000000000000e+00 0.000000000000000000e+00 1.000000000000000000e+00
5.000000000000000000e+00 3.000000000000000000e+01 1.030000000000000027e+00 0.000000000000000000e+00 6.483740308333159341e-03 6.265739388372162377e-01 3.153731384889735256e-02 0.000000000000000000e+00 0.000000000000000000e+00 7.940000000000000000e+02 0.000000000000000000e+00 0.000000000000000000e+00 1.000000000000000000e+00
5.000000000000000000e+00 3.000000000000000000e+01 1.040000000000000036e+00 0.000000000000000000e+00 6.434944259567347384e-03 6.265740542337344676e-01 3.154151604832082512e-02 0.000000000000000000e+00 0.000000000000000000e+00 7.940000000000000000e+02 0.000000000000000000e+00 0.000000000000000000e+00 1.000000000000000000e+00
5.000000000000000000e+00 3.000000000000000000e+01 1.050000000000000044e+00 0.000000000000000000e+00 6.380980590938003898e-03 6.265741113371358084e-01 3.154615689924593347e-02 0.000000000000000000e+00 0.000000000000000000e+00 7.940000000000000000e+02 0.000000000000000000e+00 0.000000000000000000e+00 1.000000000000000000e+00
5.000000000000000000e+00 3.000000000000000000e+01 1.060000000000000053e+00 0.000000000000000000e+00 6.321502643365991235e-03 6.265741116170908676e-01 3.155126649103631720e-02 0.000000000000000000e+00 0.000000000000000000e+00 7.940000000000000000e+02 0.000000000000000000e+00 0.000000000000000000e+00 1.000000000000000000e+00
5.000000000000000000e+00 3.000000000000000000e+01 1.070000000000000062e+00 0.000000000000000000e+00 6.256128334404767455e-03 6.265740550808049925e-01 3.155687784645914984e-02 0.000000000000000000e+00 0.000000000000000000e+00 7.940000000000000000e+02 0.000000000000000000e+00 0.000000000000000000e+00 1.000000000000000000e+00
5.000000000000000000e+00 3.000000000000000000e+01 1.080000000000000071e+00 0.000000000000000000e+00 6.184437703767727348e-03 6.265739402732033447e-01 3.156302713890282718e-02 0.000000000000000000e+00 0.000000000000000000e+00 7.940000000000000000e+02 0.000000000000000000e+00 0.000000000000000000e+00 1.000000000000000000e+00
5.000000000000000000e+00 3.000000000000000000e+01 1.090000000000000080e+00 0.000000000000000000e+00 6.105970215530785554e-03 6.265737642394818563e-01 3.156975392794776625e-02 0.000000000000000000e+00 0.000000000000000000e+00 7.940000000000000000e+02 0.000000000000000000e+00 0.000000000000000000e+00 1.000000000000000000e+00
5.000000000000000000e+00 3.000000000000000000e+01 1.100000000000000089e+00 0.000000000000000000e+00 6.020221799679700142e-03 6.265735224490598387e-01 3.157710141488571931e-02 0.000000000000000000e+00 0.000000000000000000e+00 7.940000000000000000e+02 0.000000000000000000e+00 0.000000000000000000e+00 1.000000000000000000e+00
5.000000000000000000e+00 3.000000000000000000e+01 1.110000000000000098e+00 0.000000000000000000e+00 5.926641613997263476e-03 6.265732086789761457e-01 3.158511671985783642e-02 0.000000000000000000e+00 0.000000000000000000e+00 7.940000000000000000e+02 0.000000000000000000e+00 0.000000000000000000e+00 1.000000000000000000e+00
5.000000000000000000e+00 3.000000000000000000e+01 1.120000000000000107e+00 0.000000000000000000e+00 5.824628505488912977e-03 6.265728148537278441e-01 3.159385118237717505e-02 0.000000000000000000e+00 0.000000000000000000e+00 7.940000000000000000e+02 0.000000000000000000e+00 0.000000000000000000e+00 1.000000000000000000e+00
5.000000000000000000e+00 3.000000000000000000e+01 1.130000000000000115e+00 0.000000000000000000e+00 5.713527148615193431e-03 6.265723308374329115e-01 3.160336068710482837e-02 0.000000000000000000e+00 0.000000000000000000e+00 7.940000000000000000e+02 0.000000000000000000e+00 0.000000000000000000e+00 1.000000000000000000e+00
5.000000000000000000e+00 3.000000000000000000e+01 1.140000000000000124e+00 0.000000000000000000e+00 5.592623835523342045e-03 6.265717441729613535e-01 3.161370601685573045e-02 0.000000000000000000e+00 0.000000000000000000e+00 7.940000000000000000e+02 0.000000000000000000e+00 0.000000000000000000e+00 1.000000000000000000e+00
5.000000000000000000e+00 3.000000000000000000e+01 1.150000000000000133e+00 0.000000000000000000e+00 5.461141891234697239e-03 6.265710397613261096e-01 3.162495323493960675e-02 0.000000000000000000e+00 0.000000000000000000e+00 7.940000000000000000e+02 0.000000000000000000e+00 0.000000000000000000e+00 1.000000000000000000e+00
5.000000000000000000e+00 3.000000000000000000e+01 1.160000000000000142e+00 0.000000000000000000e+00 5.318236684335422154e-03 6.265701994730813462e-01 3.163717409906705025e-02 0.000000000000000000e+00 0.000000000000000000e+00 7.940000000000000000e+02 0.000000000000000000e+00 0.000000000000000000e+00 1.000000000000000000e+00
5.000000000000000000e+00 3.000000000000000000e+01 1.169999999999999929e+00 0.000000000000000000e+00 5.162990201119518723e-03 6.265692016817241417e-01 3.165044650919084102e-02 0.000000000000000000e+00 0.000000000000000000e+00 7.940000000000000000e+02 0.000000000000000000e+00 0.000000000000000000e+00 1.000000000000000000e+00
5.000000000000000000e+00 3.000000000000000000e+01 1.179999999999999938e+00 0.000000000000000000e+00 4.994405148328802738e-03 6.265680207070926100e-01 3.166485499179851060e-02 0.000000000000000000e+00 0.000000000000000000e+00 7.940000000000000000e+02 0.000000000000000000e+00 0.000000000000000000e+00 1.000000000000000000e+00
5.000000000000000000e+00 3.000000000000000000e+01 1.189999999999999947e+00 0.000000000000000000e+00 4.811398546606214868e-03 6.265666261544364790e-01 3.168049122331940970e-02 0.000000000000000000e+00 0.000000000000000000e+00 7.940000000000000000e+02 0.000000000000000000e+00 0.000000000000000000e+00 1.000000000000000000e+00
5.000000000000000000e+00 3.000000000000000000e+01 1.199999999999999956e+00 0.000000000000000000e+00 4.612794773507237350e-03 6.265649821321461754e-01 3.169745459546610689e-02 0.000000000000000000e+00 0.000000000000000000e+00 7.940000000000000000e+02 0.000000000000000000e+00 0.000000000000000000e+00 1.000000000000000000e+00
5.000000000000000000e+00 3.000000000000000000e+01 1.209999999999999964e+00 0.000000000000000000e+00 4.397318011378171729e-03 6.265630463280114082e-01 3.171585282548493312e-02 0.000000000000000000e+00 0.000000000000000000e+00 7.940000000000000000e+02 0.000000000000000000e+00 0.000000000000000000e+00 1.000000000000000000e+00
5.000000000000000000e+00 3.000000000000000000e+01 1.219999999999999973e+00 0.000000000000000000e+00 4.163584051586941004e-03 6.265607689202302710e-01 3.173580261444412798e-02 0.000000000000000000e+00 0.000000000000000000e+00 7.940000000000000000e+02 0.000000000000000000e+00 0.000000000000000000e+00 1.000000000000000000e+00
5.000000000000000000e+00 3.000000000000000000e+01 1.229999999999999982e+00 0.000000000000000000e+00 3.910091402457342713e-03 6.265580912951467241e-01 3.175743035684258642e-02 0.000000000000000000e+00 0.000000000000000000e+00 7.940000000000000000e+02 0.000000000000000000e+00 0.000000000000000000e+00 1.000000000000000000e+00
5.000000000000000000e+00 3.000000000000000000e+01 1.239999999999999991e+00 0.000000000000000000e+00 3.635211643784685021e-03 6.265549445387094130e-01 3.178087290496008077e-02 0.000000000000000000e+00 0.000000000000000000e+00 7.940000000000000000e+02 0.000000000000000000e+00 0.000000000000000000e+00 1.000000000000000000e+00
5.000000000000000000e+00 3.000000000000000000e+01 1.250000000000000000e+00 0.000000000000000000e+00 3.337178965970855928e-03 6.265512476628309901e-01 3.180627839150648728e-02 0.000000000000000000e+00 0.000000000000000000e+00 7.940000000000000000e+02 0.000000000000000000e+00 0.000000000000000000e+00 1.000000000000000000e+00
5.000000000000000000e+00 3.000000000000000000e+01 1.260000000000000009e+00 0.000000000000000000e+00 3.014078826578918055e-03 6.265469055209964555e-01 3.183380711423042242e-02 0.000000000000000000e+00 0.000000000000000000e+00 7.940000000000000000e+02 0.000000000000000000e+00 0.000000000000000000e+00 1.000000000000000000e+00
5.000000000000000000e+00 3.000000000000000000e+01 1.270000000000000018e+00 0.000000000000000000e+00 2.663835651437660573e-03 6.265418063594783149e-01 3.186363248623648448e-02 0.000000000000000000e+00 0.000000000000000000e+00 7.940000000000000000e+02 0.000000000000000000e+00 0.000000000000000000e+00 1.000000000000000000e+00
5.000000000000000000e+00 3.000000000000000000e+01 1.280000000000000027e+00 0.000000000000000000e+00 2.284199501288829669e-03 6.265358189411288636e-01 3.189594205579857067e-02 0.000000000000000000e+00 0.000000000000000000e+00 7.940000000000000000e+02 0.000000000000000000e+00 0.000000000000000000e+00 1.000000000000000000e+00
5.000000000000000000e+00 3.000000000000000000e+01 1.290000000000000036e+00 0.000000000000000000e+00 1.872731618324428859e-03 6.265287891677295828e-01 3.193093859945701773e-02 0.000000000000000000e+00 0.000000000000000000e+00 7.940000000000000000e+02 0.000000000000000000e+00 0.000000000000000000e+00 1.000000000000000000e+00
5.000000000000000000e+00 3.000000000000000000e+01 1.300000000000000044e+00 0.000000000000000000e+00 1.426788759766013139e-03 6.265205361139645213e-01 3.196884129210458836e-02 0.000000000000000000e+00 0.000000000000000000e+00 7.940000000000000000e+02 0.000000000000000000e+00 0.000000000000000000e+00 1.000000000000000000e+00
5.000000000000000000e+00 3.000000000000000000e+01 1.310000000000000053e+00 0.000000000000000000e+00 9.435062178458873683e-04 6.265108473709439796e-01 3.200988695761508573e-02 0.000000000000000000e+00 0.000000000000000000e+00 7.940000000000000000e+02 0.000000000000000000e+00 0.000000000000000000e+00 1.000000000000000000e+00
5.000000000000000000e+00 3.000000000000000000e+01 1.320000000000000062e+00 0.000000000000000000e+00 4.197794171117040160e-04 6.264994735794370273e-01 3.205433140328921293e-02 0.000000000000000000e+00 0.000000000000000000e+00 7.940000000000000000e+02 0.000000000000000000e+00 0.000000000000000000e+00 1.000000000000000000e+00
5.000000000000000000e+00 3.000000000000000000e+01 1.330000000000000071e+00 0.000000000000000000e+00 -1.477560291632627060e-04 6.264861220121096252e-01 3.210245084098085899e-02 0.000000000000000000e+00 0.000000000000000000e+00 7.940000000000000000e+02 0.000000000000000000e+00 0.000000000000000000e+00 1.000000000000000000e+00
5.000000000000000000e+00 3.000000000000000000e+01 1.340000000000000080e+00 0.000000000000000000e+00 -7.627459315804902690e-04 6.264704490396008074e-01 3.215454339717120635e-02 0.000000000000000000e+00 0.000000000000000000e+00 7.940000000000000000e+02 0.000000000000000000e+00 0.000000000000000000e+00 1.000000000000000000e+00
5.000000000000000000e+00 3.000000000000000000e+01 1.350000000000000089e+00 0.000000000000000000e+00 -1.429140945065150020e-03 6.264520512865326962e-01 3.221093071343072989e-02 0.000000000000000000e+00 0.000000000000000000e+00 7.940000000000000000e+02 0.000000000000000000e+00 0.000000000000000000e+00 1.000000000000000000e+00
5.000000000000000000e+00 3.000000000000000000e+01 1.360000000000000098e+00 0.000000000000000000e+00 -2.151221947615047231e-03 6.264304552498345391e-01 3.227195963760014219e-02 0.000000000000000000e+00 0.000000000000000000e+00 7.940000000000000000e+02 0.000000000000000000e+00 0.000000000000000000e+00 1.000000000000000000e+00
5.000000000000000000e+00 3.000000000000000000e+01 1.370000000000000107e+00 0.000000000000000000e+00 -2.933627540381003249e-03 6.264051051121932723e-01 3.233800400454392432e-02 0.000000000000000000e+00 0.000000000000000000e+00 7.940000000000000000e+02 0.000000000000000000e+00 0.000000000000000000e+00 1.000000000000000000e+00
5.000000000000000000e+00 3.000000000000000000e+01 1.380000000000000115e+00 0.000000000000000000e+00 -3.781383845737370034e-03 6.263753484369789515e-01 3.240946650340020829e-02 0.000000000000000000e+00 0.000000000000000000e+00 7.940000000000000000e+02 0.000000000000000000e+00 0.000000000000000000e+00 1.000000000000000000e+00
5.000000000000000000e+00 3.000000000000000000e+01 1.390000000000000124e+00 0.000000000000000000e+00 -4.699936794763565767e-03 6.263404193764802175e-01 3.248678062575459380e-02 0.000000000000000000e+00 0.000000000000000000e+00 7.940000000000000000e+02 0.000000000000000000e+00 0.000000000000000000e+00 1.000000000000000000e+00
5.000000000000000000e+00 3.000000000000000000e+01 1.400000000000000133e+00 0.000000000000000000e+00 -5.695187111549260273e-03 6.262994189612778317e-01 3.257041268595613215e-02 0.000000000000000000e+00 0.000000000000000000e+00 7.940000000000000000e+02 0.000000000000000000e+00 0.000000000000000000e+00 1.000000000000000000e+00
5.000000000000000000e+00 3.000000000000000000e+01 1.410000000000000142e+00 0.000000000000000000e+00 -6.773528219060154579e-03 6.262512919634641850e-01 3.266086390069179723e-02 0.000000000000000000e+00 0.000000000000000000e+00 7.940000000000000000e+02 0.000000000000000000e+00 0.000000000000000000e+00 1.000000000000000000e+00
5.000000000000000000e+00 3.000000000000000000e+01 1.419999999999999929e+00 0.000000000000000000e+00 -7.941887310069095304e-03 6.261947997382353304e-01 3.275867250973037159e-02 0.000000000000000000e+00 0.000000000000000000e+00 7.940000000000000000e+02 0.000000000000000000e+00 0.000000000000000000e+00 1.000000000000000000e+00
5.000000000000000000e+00 3.000000000000000000e+01 1.429999999999999938e+00 0.000000000000000000e+00 -9.207769846989559415e-03 6.261284883448846594e-01 3.286441591314481769e-02 0.000000000000000000e+00 0.000000000000000000e+00 7.940000000000000000e+02 0.000000000000000000e+00 0.000000000000000000e+00 1.000000000000000000e+00
5.000000000000000000e+00 3.000000000000000000e+01 1.439999999999999947e+00 0.000000000000000000e+00 -1.057930777647549808e-02 6.260506511267220908e-01 3.297871279199018901e-02 0.000000000000000000e+00 0.000000000000000000e+00 7.940000000000000000e+02 0.000000000000000000e+00 0.000000000000000000e+00 1.000000000000000000e+00
5.000000000000000000e+00 3.000000000000000000e+01 1.449999999999999956e+00 0.000000000000000000e+00 -1.206531176851495524e-02 6.259592847868429288e-01 3.310222516891281330e-02 0.000000000000000000e+00 0.000000000000000000e+00 7.940000000000000000e+02 0.000000000000000000e+00 0.000000000000000000e+00 1.000000000000000000e+00
5.000000000000000000e+00 3.000000000000000000e+01 1.459999999999999964e+00 0.000000000000000000e+00 -1.367532781559804844e-02 6.258520378292619091e-01 3.323566035195109347e-02 0.000000000000000000e+00 0.000000000000000000e+00 7.940000000000000000e+02 0.000000000000000000e+00 0.000000000000000000e+00 1.000000000000000000e+00
5.000000000000000000e+00 3.000000000000000000e+01 1.469999999999999973e+00 0.000000000000000000e+00 -1.541969855554859922e-02 6.257261500384517783e-01 3.337977268818279053e-02 0.000000000000000000e+00 0.000000000000000000e+00 7.940000000000000000e+02 0.000000000000000000e+00 0.000000000000000000e+00 1.000000000000000000e+00
5.000000000000000000e+00 3.000000000000000000e+01 1.479999999999999982e+00 0.000000000000000000e+00 -1.730962971195332267e-02 6.255783814396578268e-01 3.353536503301224325e-02 0.000000000000000000e+00 0.000000000000000000e+00 7.940000000000000000e+02 0.000000000000000000e+00 0.000000000000000000e+00 1.000000000000000000e+00
5.000000000000000000e+00 3.000000000000000000e+01 1.489999999999999991e+00 0.000000000000000000e+00 -1.935726207899752041e-02 6.254049289116527799e-01 3.370328981470245566e-02 0.000000000000000000e+00 0.000000000000000000e+00 7.940000000000000000e+02 0.000000000000000000e+00 0.000000000000000000e+00 1.000000000000000000e+00
5.000000000000000000e+00 3.000000000000000000e+01 1.500000000000000000e+00 0.000000000000000000e+00 -2.157574951313313838e-02 6.252013283057837878e-01 3.388444954088404293e-02 0.000000000000000000e+00 0.000000000000000000e+00 7.940000000000000000e+02 0.000000000000000000e+00 0.000000000000000000e+00 1.000000000000000000e+00
5.000000000000000000e+00 3.000000000000000000e+01 1.510000000000000009e+00 0.000000000000000000e+00 -2.397934343259265980e-02 6.249623395521549662e-01 3.407979655247832251e-02 0.000000000000000000e+00 0.000000000000000000e+00 7.940000000000000000e+02 0.000000000000000000e+00 0.000000000000000000e+00 1.000000000000000000e+00
5.000000000000000000e+00 3.000000000000000000e+01 1.520000000000000018e+00 0.000000000000000000e+00 -2.658348436756803601e-02 6.246818117959196393e-01 3.429033177861849635e-02 0.000000000000000000e+00 0.000000000000000000e+00 7.940000000000000000e+02 0.000000000000000000e+00 0.000000000000000000e+00 1.000000000000000000e+00
5.000000000000000000e+00 3.000000000000000000e+01 1.530000000000000027e+00 0.000000000000000000e+00 -2.940490114916715497e-02 6.243525250926960091e-01 3.451710218093904936e-02 0.000000000000000000e+00 0.000000000000000000e+00 7.940000000000000000e+02 0.000000000000000000e+00 0.000000000000000000e+00 1.000000000000000000e+00
5.000000000000000000e+00 3.000000000000000000e+01 1.540000000000000036e+00 0.000000000000000000e+00 -3.246171837433116381e-02 6.239660045888196782e-01 3.476119649356909647e-02 0.000000000000000000e+00 0.000000000000000000e+00 7.940000000000000000e+02 0.000000000000000000e+00 0.000000000000000000e+00 1.000000000000000000e+00
5.000000000000000000e+00 3.000000000000000000e+01 1.550000000000000044e+00 0.000000000000000000e+00 -3.577357283706019547e-02 6.235123024039886941e-01 3.502373876180096823e-02 0.000000000000000000e+00 0.000000000000000000e+00 7.940000000000000000e+02 0.000000000000000000e+00 0.000000000000000000e+00 1.000000000000000000e+00
5.000000000000000000e+00 3.000000000000000000e+01 1.560000000000000053e+00 0.000000000000000000e+00 -3.936173967389421102e-02 6.229797416026146006e-01 3.530587905203326493e-02 0.000000000000000000e+00 0.000000000000000000e+00 7.940000000000000000e+02 0.000000000000000000e+00 0.000000000000000000e+00 1.000000000000000000e+00
5.000000000000000000e+00 3.000000000000000000e+01 1.570000000000000062e+00 0.000000000000000000e+00 -4.324926903399916450e-02 6.223546156644678140e-01 3.560878054084896938e-02 0.000000000000000000e+00 0.000000000000000000e+00 7.940000000000000000e+02 0.000000000000000000e+00 0.000000000000000000e+00 1.000000000000000000e+00
5.000000000000000000e+00 3.000000000000000000e+01 1.580000000000000071e+00 0.000000000000000000e+00 -4.746113415181821282e-02 6.216208357198922396e-01 3.593360198256079219e-02 0.000000000000000000e+00 0.000000000000000000e+00 7.940000000000000000e+02 0.000000000000000000e+00 0.000000000000000000e+00 1.000000000000000000e+00
5.000000000000000000e+00 3.000000000000000000e+01 1.590000000000000080e+00 0.000000000000000000e+00 -5.202439177349704735e-02 6.207595164704796664e-01 3.628147429001497837e-02 0.000000000000000000e+00 0.000000000000000000e+00 7.940000000000000000e+02 0.000000000000000000e+00 0.000000000000000000e+00 1.000000000000000000e+00
5.000000000000000000e+00 3.000000000000000000e+01 1.600000000000000089e+00 0.000000000000000000e+00 -5.696835596765215115e-02 6.197484901380430067e-01 3.665346962703137923e-02 0.000000000000000000e+00 0.000000000000000000e+00 7.940000000000000000e+02 0.000000000000000000e+00 0.000000000000000000e+00 1.000000000000000000e+00
5.000000000000000000e+00 3.000000000000000000e+01 1.610000000000000098e+00 0.000000000000000000e+00 -6.232478643703104337e-02 6.185617359323876130e-01 3.705056098181508384e-02 0.000000000000000000e+00 0.000000000000000000e+00 7.940000000000000000e+02 0.000000000000000000e+00 0.000000000000000000e+00 1.000000000000000000e+00
5.000000000000000000e+00 3.000000000000000000e+01 1.620000000000000107e+00 0.000000000000000000e+00 -6.812809254076628018e-02 6.171687103540944852e-01 3.747356964176046246e-02 0.000000000000000000e+00 0.000000000000000000e+00 7.940000000000000000e+02 0.000000000000000000e+00 0.000000000000000000e+00 1.000000000000000000e+00
5.000000000000000000e+00 3.000000000000000000e+01 1.630000000000000115e+00 0.000000000000000000e+00 -7.441555433784892426e-02 6.155335610963100779e-01 3.792309728515627643e-02 0.000000000000000000e+00 0.000000000000000000e+00 7.940000000000000000e+02 0.000000000000000000e+00 0.000000000000000000e+00 1.000000000000000000e+00
5.000000000000000000e+00 3.000000000000000000e+01 1.640000000000000124e+00 0.000000000000000000e+00 -8.122756207178996601e-02 6.136142043137301494e-01 3.839943849626469008e-02 0.000000000000000000e+00 0.000000000000000000e+00 7.940000000000000000e+02 0.000000000000000000e+00 0.000000000000000000e+00 1.000000000000000000e+00
5.000000000000000000e+00 3.000000000000000000e+01 1.650000000000000133e+00 0.000000000000000000e+00 -8.860787563490410412e-02 6.113612415104445752e-01 3.890246833228311329e-02 0.000000000000000000e+00 0.000000000000000000e+00 7.940000000000000000e+02 0.000000000000000000e+00 0.000000000000000000e+00 1.000000000000000000e+00
5.000000000000000000e+00 3.000000000000000000e+01 1.660000000000000142e+00 0.000000000000000000e+00 -9.660390567899683478e-02 6.087166881705819987e-01 3.943149803582925161e-02 0.000000000000000000e+00 0.000000000000000000e+00 7.940000000000000000e+02 0.000000000000000000e+00 0.000000000000000000e+00 1.000000000000000000e+00
5.000000000000000000e+00 3.000000000000000000e+01 1.670000000000000151e+00 0.000000000000000000e+00 -1.052670181782920239e-01 6.056124814105101617e-01 3.998508997406824417e-02 0.000000000000000000e+00 0.000000000000000000e+00 7.940000000000000000e+02 0.000000000000000000e+00 0.000000000000000000e+00 1.000000000000000000e+00
5.000000000000000000e+00 3.000000000000000000e+01 1.679999999999999938e+00 0.000000000000000000e+00 -1.146528644010920001e-01 6.019687282440312481e-01 4.056082022784479602e-02 0.000000000000000000e+00 0.000000000000000000e+00 7.940000000000000000e+02 0.000000000000000000e+00 0.000000000000000000e+00 1.000000000000000000e+00
5.000000000000000000e+00 3.000000000000000000e+01 1.689999999999999947e+00 0.000000000000000000e+00 -1.248217384098866539e-01 5.976916493761630367e-01 4.115497371578161201e-02 0.000000000000000000e+00 0.000000000000000000e+00 7.940000000000000000e+02 0.000000000000000000e+00 0.000000000000000000e+00 1.000000000000000000e+00
5.000000000000000000e+00 3.000000000000000000e+01 1.699999999999999956e+00 0.000000000000000000e+00 -1.358389643864687524e-01 5.926711656049161725e-01 4.176215198409140295e-02 0.000000000000000000e+00 0.000000000000000000e+00 7.940000000000000000e+02 0.000000000000000000e+00 0.000000000000000000e+00 1.000000000000000000e+00
5.000000000000000000e+00 3.000000000000000000e+01 1.709999999999999964e+00 0.000000000000000000e+00 -1.477753162702072354e-01 5.867780647122765592e-01 4.237476733910019999e-02 0.000000000000000000e+00 0.000000000000000000e+00 7.940000000000000000e+02 0.000000000000000000e+00 0.000000000000000000e+00 1.000000000000000000e+00
5.000000000000000000e+00 3.000000000000000000e+01 1.719999999999999973e+00 0.000000000000000000e+00 -1.607074724052060533e-01 5.798606759286502044e-01 4.298238813752028320e-02 0.000000000000000000e+00 0.000000000000000000e+00 7.940000000000000000e+02 0.000000000000000000e+00 0.000000000000000000e+00 1.000000000000000000e+00
5.000000000000000000e+00 3.000000000000000000e+01 1.729999999999999982e+00 0.000000000000000000e+00 -1.747185081169737031e-01 5.717409663814442267e-01 4.357088772523434739e-02 0.000000000000000000e+00 0.000000000000000000e+00 7.940000000000000000e+02 0.000000000000000000e+00 0.000000000000000000e+00 1.000000000000000000e+00
5.000000000000000000e+00 3.000000000000000000e+01 1.739999999999999991e+00 0.000000000000000000e+00 -1.898984293828830383e-01 5.622099590620620591e-01 4.412133213592386860e-02 0.000000000000000000e+00 0.000000000000000000e+00 7.940000000000000000e+02 0.000000000000000000e+00 0.000000000000000000e+00 1.000000000000000000e+00
5.000000000000000000e+00 3.000000000000000000e+01 1.750000000000000000e+00 0.000000000000000000e+00 -2.063447510246849692e-01 5.510223543834997795e-01 4.460851678140717591e-02 0.000000000000000000e+00 0.000000000000000000e+00 7.940000000000000000e+02 0.000000000000000000e+00 0.000000000000000000e+00 1.000000000000000000e+00
5.000000000000000000e+00 3.000000000000000000e+01 1.760000000000000009e+00 0.000000000000000000e+00 -2.241631231373480415e-01 5.378902169035464365e-01 4.499902617690827722e-02 0.000000000000000000e+00 0.000000000000000000e+00 7.940000000000000000e+02 0.000000000000000000e+00 0.000000000000000000e+00 1.000000000000000000e+00
5.000000000000000000e+00 3.000000000000000000e+01 1.770000000000000018e+00 0.000000000000000000e+00 -2.434680097783612496e-01 5.224755647287507854e-01 4.524863723620277389e-02 0.000000000000000000e+00 0.000000000000000000e+00 7.940000000000000000e+02 0.000000000000000000e+00 0.000000000000000000e+00 1.000000000000000000e+00
5.000000000000000000e+00 3.000000000000000000e+01 1.780000000000000027e+00 0.000000000000000000e+00 -2.643834242773553944e-01 5.043816708725953335e-01 4.529880628857195501e-02 0.000000000000000000e+00 0.000000000000000000e+00 7.940000000000000000e+02 0.000000000000000000e+00 0.000000000000000000e+00 1.000000000000000000e+00
5.000000000000000000e+00 3.000000000000000000e+01 1.790000000000000036e+00 0.000000000000000000e+00 -2.870437258896251231e-01 4.831428526908986276e-01 4.507185758989901148e-02 0.000000000000000000e+00 0.000000000000000000e+00 7.940000000000000000e+02 0.000000000000000000e+00 0.000000000000000000e+00 1.000000000000000000e+00
5.000000000000000000e+00 3.000000000000000000e+01 1.800000000000000044e+00 0.000000000000000000e+00 -3.115944829112000658e-01 4.582124866050772960e-01 4.446430359734869497e-02 0.000000000000000000e+00 0.000000000000000000e+00 7.940000000000000000e+02 0.000000000000000000e+00 0.000000000000000000e+00 1.000000000000000000e+00
5.000000000000000000e+00 3.000000000000000000e+01 1.810000000000000053e+00 0.000000000000000000e+00 -3.381934078000615185e-01 4.289489396481445116e-01 4.333744342101458757e-02 0.000000000000000000e+00 0.000000000000000000e+00 7.940000000000000000e+02 0.000000000000000000e+00 0.000000000000000000e+00 1.000000000000000000e+00
5.000000000000000000e+00 3.000000000000000000e+01 1.820000000000000062e+00 0.000000000000000000e+00 -3.670113703106615000e-01 3.945990557535629106e-01 4.150398328304769069e-02 0.000000000000000000e+00 0.000000000000000000e+00 7.940000000000000000e+02 0.000000000000000000e+00 0.000000000000000000e+00 1.000000000000000000e+00
5.000000000000000000e+00 3.000000000000000000e+01 1.830000000000000071e+00 0.000000000000000000e+00 -3.982334951500532960e-01 3.542787717734803277e-01 3.870899392963124408e-02 0.000000000000000000e+00 0.000000000000000000e+00 7.940000000000000000e+02 0.000000000000000000e+00 0.000000000000000000e+00 1.000000000000000000e+00
5.000000000000000000e+00 3.000000000000000000e+01 1.840000000000000080e+00 0.000000000000000000e+00 -4.320603512069068897e-01 3.069503643407052174e-01 3.460383319229312638e-02 0.000000000000000000e+00 0.000000000000000000e+00 7.940000000000000000e+02 0.000000000000000000e+00 0.000000000000000000e+00 1.000000000000000000e+00
5.000000000000000000e+00 3.000000000000000000e+01 1.850000000000000089e+00 0.000000000000000000e+00 -4.687092399929360664e-01 2.513957419767844925e-01 2.871727610104128636e-02 0.000000000000000000e+00 0.000000000000000000e+00 7.940000000000000000e+02 0.000000000000000000e+00 0.000000000000000000e+00 1.000000000000000000e+00
5.000000000000000000e+00 3.000000000000000000e+01 1.860000000000000098e+00 0.000000000000000000e+00 -5.084155915736029430e-01 1.861850950650246472e-01 2.046762561558115867e-02 0.000000000000000000e+00 0.000000000000000000e+00 7.940000000000000000e+02 0.000000000000000000e+00 0.000000000000000000e+00 1.000000000000000000e+00
5.000000000000000000e+00 3.000000000000000000e+01 1.870000000000000107e+00 0.000000000000000000e+00 -5.514344769554655468e-01 1.096400968326420033e-01 9.560469507080920915e-03 0.000000000000000000e+00 0.000000000000000000e+00 7.940000000000000000e+02 0.000000000000000000e+00 0.000000000000000000e+00 1.000000000000000000e+00
5.000000000000000000e+00 3.000000000000000000e+01 1.880000000000000115e+00 0.000000000000000000e+00 -5.980422466456478681e-01 1.979070824552145100e-02 1.787033560698490613e-04 0.000000000000000000e+00 1.000000000000000000e+00 7.940000000000000000e+02 0.000000000000000000e+00 0.000000000000000000e+00 1.000000000000000000e+00
5.000000000000000000e+00 3.000000000000000000e+01 1.890000000000000124e+00 0.000000000000000000e+00 -5.573848776485342826e-01 1.095296359453285517e-01 9.921725279550458465e-03 0.000000000000000000e+00 0.000000000000000000e+00 7.940000000000000000e+02 0.000000000000000000e+00 0.000000000000000000e+00 1.000000000000000000e+00
5.000000000000000000e+00 3.000000000000000000e+01 1.900000000000000133e+00 0.000000000000000000e+00 -5.203546179447563480e-01 1.858044236751729139e-01 2.158354683437898464e-02 0.000000000000000000e+00 0.000000000000000000e+00 7.940000000000000000e+02 0.000000000000000000e+00 0.000000000000000000e+00 1.000000000000000000e+00
5.000000000000000000e+00 3.000000000000000000e+01 1.910000000000000142e+00 0.000000000000000000e+00 -4.867135875670105527e-01 2.505781560600022217e-01 3.068453103197740783e-02 0.000000000000000000e+00 0.000000000000000000e+00 7.940000000000000000e+02 0.000000000000000000e+00 0.000000000000000000e+00 1.000000000000000000e+00
5.000000000000000000e+00 3.000000000000000000e+01 1.920000000000000151e+00 0.000000000000000000e+00 -4.562456787355963495e-01 3.055179150010539635e-01 3.742978191573863300e-02 0.000000000000000000e+00 0.000000000000000000e+00 7.940000000000000000e+02 0.000000000000000000e+00 0.000000000000000000e+00 1.000000000000000000e+00
5.000000000000000000e+00 3.000000000000000000e+01 1.929999999999999938e+00 0.000000000000000000e+00 -4.287551675961685516e-01 3.520376853717768206e-01 4.237211838145552023e-02 0.000000000000000000e+00 0.000000000000000000e+00 7.940000000000000000e+02 0.000000000000000000e+00 0.000000000000000000e+00 1.000000000000000000e+00
5.000000000000000000e+00 3.000000000000000000e+01 1.939999999999999947e+00 0.000000000000000000e+00 -4.040654569024935694e-01 3.913347467541781199e-01 4.597366477743856927e-02 0.000000000000000000e+00 0.000000000000000000e+00 7.940000000000000000e+02 0.000000000000000000e+00 0.000000000000000000e+00 1.000000000000000000e+00
5.000000000000000000e+00 3.000000000000000000e+01 1.949999999999999956e+00 0.000000000000000000e+00 -3.820179415672850243e-01 4.244204878299100980e-01 4.858142709699389550e-02 0.000000000000000000e+00 0.000000000000000000e+00 7.940000000000000000e+02 0.000000000000000000e+00 0.000000000000000000e+00 1.000000000000000000e+00
5.000000000000000000e+00 3.000000000000000000e+01 1.959999999999999964e+00 0.000000000000000000e+00 -3.624709897934934033e-01 4.521464364962490268e-01 5.045156891046587155e-02 0.000000000000000000e+00 0.000000000000000000e+00 7.940000000000000000e+02 0.000000000000000000e+00 0.000000000000000000e+00 1.000000000000000000e+00
5.000000000000000000e+00 3.000000000000000000e+01 1.969999999999999973e+00 0.000000000000000000e+00 -3.452990332409008878e-01 4.752261756441990004e-01 5.177348784894846012e-02 0.000000000000000000e+00 0.000000000000000000e+00 7.940000000000000000e+02 0.000000000000000000e+00 0.000000000000000000e+00 1.000000000000000000e+00
5.000000000000000000e+00 3.000000000000000000e+01 1.979999999999999982e+00 0.000000000000000000e+00 -3.303917603833138594e-01 4.942537086452228334e-01 5.268785988150639921e-02 0.000000000000000000e+00 0.000000000000000000e+00 7.940000000000000000e+02 0.000000000000000000e+00 0.000000000000000000e+00 1.000000000000000000e+00
5.000000000000000000e+00 3.000000000000000000e+01 1.989999999999999991e+00 0.000000000000000000e+00 -3.176534078745306688e-01 5.097187472192311608e-01 5.329943862108163510e-02 0.000000000000000000e+00 0.000000000000000000e+00 7.940000000000000000e+02 0.000000000000000000e+00 0.000000000000000000e+00 1.000000000000000000e+00
5.000000000000000000e+00 3.000000000000000000e+01 2.000000000000000000e+00 0.000000000000000000e+00 -3.070021453708667858e-01 5.220193151477701132e-01 5.368604830507525683e-02 0.000000000000000000e+00 0.000000000000000000e+00 7.940000000000000000e+02 0.000000000000000000e+00 0.000000000000000000e+00 1.000000000000000000e+00
5.000000000000000000e+00 3.000000000000000000e+01 2.009999999999999787e+00 0.000000000000000000e+00 -2.983695498583768257e-01 5.314719922142427944e-01 5.390490817077869812e-02 0.000000000000000000e+00 0.000000000000000000e+00 7.940000000000000000e+02 0.000000000000000000e+00 0.000000000000000000e+00 1.000000000000000000e+00
5.000000000000000000e+00 3.000000000000000000e+01 2.020000000000000018e+00 0.000000000000000000e+00 -2.917001661078864050e-01 5.383200620195098818e-01 5.399707528692941627e-02 0.000000000000000000e+00 0.000000000000000000e+00 7.940000000000000000e+02 0.000000000000000000e+00 0.000000000000000000e+00 1.000000000000000000e+00
5.000000000000000000e+00 3.000000000000000000e+01 2.029999999999999805e+00 0.000000000000000000e+00 -2.869511504342258101e-01 5.427397733732423069e-01 5.399052992044181543e-02 0.000000000000000000e+00 0.000000000000000000e+00 7.940000000000000000e+02 0.000000000000000000e+00 0.000000000000000000e+00 1.000000000000000000e+00
5.000000000000000000e+00 3.000000000000000000e+01 2.040000000000000036e+00 0.000000000000000000e+00 -2.840919954711976225e-01 5.448448764104903974e-01 5.390224642476286465e-02 0.000000000000000000e+00 0.000000000000000000e+00 7.940000000000000000e+02 0.000000000000000000e+00 0.000000000000000000e+00 1.000000000000000000e+00
5.000000000000000000e+00 3.000000000000000000e+01 2.049999999999999822e+00 0.000000000000000000e+00 -2.831043341942503511e-01 5.446895501795263606e-01 5.373946857861025550e-02 0.000000000000000000e+00 0.000000000000000000e+00 7.940000000000000000e+02 0.000000000000000000e+00 0.000000000000000000e+00 1.000000000000000000e+00
5.000000000000000000e+00 3.000000000000000000e+01 2.059999999999999609e+00 0.000000000000000000e+00 -2.839818219319141246e-01 5.422697970483023600e-01 5.350032037142002372e-02 0.000000000000000000e+00 0.000000000000000000e+00 7.940000000000000000e+02 0.000000000000000000e+00 0.000000000000000000e+00 1.000000000000000000e+00
5.000000000000000000e+00 3.000000000000000000e+01 2.069999999999999840e+00 0.000000000000000000e+00 -2.867300956080455765e-01 5.375233398173735466e-01 5.317381650367472568e-02 0.000000000000000000e+00 0.000000000000000000e+00 7.940000000000000000e+02 0.000000000000000000e+00 0.000000000000000000e+00 1.000000000000000000e+00
5.000000000000000000e+00 3.000000000000000000e+01 2.079999999999999627e+00 0.000000000000000000e+00 -2.913668099530584699e-01 5.303280188912781190e-01 5.273928069946752506e-02 0.000000000000000000e+00 0.000000000000000000e+00 7.940000000000000000e+02 0.000000000000000000e+00 0.000000000000000000e+00 1.000000000000000000e+00
5.000000000000000000e+00 3.000000000000000000e+01 2.089999999999999858e+00 0.000000000000000000e+00 -2.979217509167574329e-01 5.204986482563673800e-01 5.216512605742475162e-02 0.000000000000000000e+00 0.000000000000000000e+00 7.940000000000000000e+02 0.000000000000000000e+00 0.000000000000000000e+00 1.000000000000000000e+00
5.000000000000000000e+00 3.000000000000000000e+01 2.099999999999999645e+00 0.000000000000000000e+00 -3.064370270113320749e-01 5.077822493473700405e-01 5.140689276747108238e-02 0.000000000000000000e+00 0.000000000000000000e+00 7.940000000000000000e+02 0.000000000000000000e+00 0.000000000000000000e+00 1.000000000000000000e+00
5.000000000000000000e+00 3.000000000000000000e+01 2.109999999999999876e+00 0.000000000000000000e+00 -3.169673398136862441e-01 4.918515401366858053e-01 5.040436729203476296e-02 0.000000000000000000e+00 0.000000000000000000e+00 7.940000000000000000e+02 0.000000000000000000e+00 0.000000000000000000e+00 1.000000000000000000e+00
5.000000000000000000e+00 3.000000000000000000e+01 2.119999999999999662e+00 0.000000000000000000e+00 -3.295803353647918099e-01 4.722965118750704350e-01 4.907751650607118654e-02 0.000000000000000000e+00 0.000000000000000000e+00 7.940000000000000000e+02 0.000000000000000000e+00 0.000000000000000000e+00 1.000000000000000000e+00
5.000000000000000000e+00 3.000000000000000000e+01 2.129999999999999893e+00 0.000000000000000000e+00 -3.443570387234333174e-01 4.486138766942342482e-01 4.732085742041715337e-02 0.000000000000000000e+00 0.000000000000000000e+00 7.940000000000000000e+02 0.000000000000000000e+00 0.000000000000000000e+00 1.000000000000000000e+00
5.000000000000000000e+00 3.000000000000000000e+01 2.139999999999999680e+00 0.000000000000000000e+00 -3.613923744658875670e-01 4.201941144842505360e-01 4.499576623771264772e-02 0.000000000000000000e+00 0.000000000000000000e+00 7.940000000000000000e+02 0.000000000000000000e+00 0.000000000000000000e+00 1.000000000000000000e+00
5.000000000000000000e+00 3.000000000000000000e+01 2.149999999999999911e+00 0.000000000000000000e+00 -3.807957764751960794e-01 3.863057856711843430e-01 4.192021480534996458e-02 0.000000000000000000e+00 0.000000000000000000e+00 7.940000000000000000e+02 0.000000000000000000e+00 0.000000000000000000e+00 1.000000000000000000e+00
5.000000000000000000e+00 3.000000000000000000e+01 2.159999999999999698e+00 0.000000000000000000e+00 -4.026918909372749211e-01 3.460767061528164934e-01 3.785595930542265397e-02 0.000000000000000000e+00 0.000000000000000000e+00 7.940000000000000000e+02 0.000000000000000000e+00 0.000000000000000000e+00 1.000000000000000000e+00
5.000000000000000000e+00 3.000000000000000000e+01 2.169999999999999929e+00 0.000000000000000000e+00 -4.272213770598632943e-01 2.984714998916805362e-01 3.249619672593284658e-02 0.000000000000000000e+00 0.000000000000000000e+00 7.940000000000000000e+02 0.000000000000000000e+00 0.000000000000000000e+00 1.000000000000000000e+00
5.000000000000000000e+00 3.000000000000000000e+01 2.179999999999999716e+00 0.000000000000000000e+00 -4.545418106580780826e-01 2.422649514363787171e-01 2.547085900574869166e-02 0.000000000000000000e+00 0.000000000000000000e+00 7.940000000000000000e+02 0.000000000000000000e+00 0.000000000000000000e+00 1.000000000000000000e+00
5.000000000000000000e+00 3.000000000000000000e+01 2.189999999999999947e+00 0.000000000000000000e+00 -4.848286964111480635e-01 1.760104725448722873e-01 1.645903791262497834e-02 0.000000000000000000e+00 0.000000000000000000e+00 7.940000000000000000e+02 0.000000000000000000e+00 0.000000000000000000e+00 1.000000000000000000e+00
5.000000000000000000e+00 3.000000000000000000e+01 2.199999999999999734e+00 0.000000000000000000e+00 -5.182765952929982989e-01 9.800287133506110915e-02 5.954789240963979935e-03 0.000000000000000000e+00 0.000000000000000000e+00 7.940000000000000000e+02 0.000000000000000000e+00 0.000000000000000000e+00 1.000000000000000000e+00
5.000000000000000000e+00 3.000000000000000000e+01 2.209999999999999964e+00 0.000000000000000000e+00 -5.551003744192265499e-01 6.234465752077571893e-03 1.591702893612375762e-06 0.000000000000000000e+00 1.000000000000000000e+00 7.940000000000000000e+02 0.000000000000000000e+00 0.000000000000000000e+00 1.000000000000000000e+00
5.000000000000000000e+00 3.000000000000000000e+01 2.219999999999999751e+00 0.000000000000000000e+00 -5.117989754873961683e-01 9.809118621663424908e-02 5.688839656139390438e-03 0.000000000000000000e+00 0.000000000000000000e+00 7.940000000000000000e+02 0.000000000000000000e+00 0.000000000000000000e+00 1.000000000000000000e+00
5.000000000000000000e+00 3.000000000000000000e+01 2.229999999999999982e+00 0.000000000000000000e+00 -4.718318449938190273e-01 1.763462819514343138e-01 1.546554096150349472e-02 0.000000000000000000e+00 0.000000000000000000e+00 7.940000000000000000e+02 0.000000000000000000e+00 0.000000000000000000e+00 1.000000000000000000e+00
5.000000000000000000e+00 3.000000000000000000e+01 2.239999999999999769e+00 0.000000000000000000e+00 -4.349422367052495075e-01 2.430138047792753664e-01 2.360121907689230469e-02 0.000000000000000000e+00 0.000000000000000000e+00 7.940000000000000000e+02 0.000000000000000000e+00 0.000000000000000000e+00 1.000000000000000000e+00
5.000000000000000000e+00 3.000000000000000000e+01 2.250000000000000000e+00 0.000000000000000000e+00 -4.008931741898796308e-01 2.998095770962846407e-01 2.971650782263002277e-02 0.000000000000000000e+00 0.000000000000000000e+00 7.940000000000000000e+02 0.000000000000000000e+00 0.000000000000000000e+00 1.000000000000000000e+00
5.000000000000000000e+00 3.000000000000000000e+01 2.259999999999999787e+00 0.000000000000000000e+00 -3.694659284962339418e-01 3.481953520022207371e-01 3.417196865963384456e-02 0.000000000000000000e+00 0.000000000000000000e+00 7.940000000000000000e+02 0.000000000000000000e+00 0.000000000000000000e+00 1.000000000000000000e+00
5.000000000000000000e+00 3.000000000000000000e+01 2.270000000000000018e+00 0.000000000000000000e+00 -3.404586130526856547e-01 3.894164344479211781e-01 3.735182104565418215e-02 0.000000000000000000e+00 0.000000000000000000e+00 7.940000000000000000e+02 0.000000000000000000e+00 0.000000000000000000e+00 1.000000000000000000e+00
5.000000000000000000e+00 3.000000000000000000e+01 2.279999999999999805e+00 0.000000000000000000e+00 -3.136848867613197811e-01 4.245337316555659046e-01 3.956697747889027783e-02 0.000000000000000000e+00 0.000000000000000000e+00 7.940000000000000000e+02 0.000000000000000000e+00 0.000000000000000000e+00 1.000000000000000000e+00
5.000000000000000000e+00 3.000000000000000000e+01 2.290000000000000036e+00 0.000000000000000000e+00 -2.889727569549033204e-01 4.544510576936023338e-01 4.105558555722434166e-02 0.000000000000000000e+00 0.000000000000000000e+00 7.940000000000000000e+02 0.000000000000000000e+00 0.000000000000000000e+00 1.000000000000000000e+00
5.000000000000000000e+00 3.000000000000000000e+01 2.299999999999999822e+00 0.000000000000000000e+00 -2.661634745272357105e-01 4.799383949443190023e-01 4.199793143488196601e-02 0.000000000000000000e+00 0.000000000000000000e+00 7.940000000000000000e+02 0.000000000000000000e+00 0.000000000000000000e+00 1.000000000000000000e+00
5.000000000000000000e+00 3.000000000000000000e+01 2.310000000000000053e+00 0.000000000000000000e+00 -2.451105141392693199e-01 5.016517111445911725e-01 4.253052654253602904e-02 0.000000000000000000e+00 0.000000000000000000e+00 7.940000000000000000e+02 0.000000000000000000e+00 0.000000000000000000e+00 1.000000000000000000e+00
5.000000000000000000e+00 3.000000000000000000e+01 2.319999999999999840e+00 0.000000000000000000e+00 -2.256786329499116950e-01 5.201498420310758375e-01 4.275709794082199755e-02 0.000000000000000000e+00 0.000000000000000000e+00 7.940000000000000000e+02 0.000000000000000000e+00 0.000000000000000000e+00 1.000000000000000000e+00
5.000000000000000000e+00 3.000000000000000000e+01 2.329999999999999627e+00 0.000000000000000000e+00 -2.077430018248562771e-01 5.359088740985940014e-01 4.275676815194778824e-02 0.000000000000000000e+00 0.000000000000000000e+00 7.940000000000000000e+02 0.000000000000000000e+00 0.000000000000000000e+00 1.000000000000000000e+00
5.000000000000000000e+00 3.000000000000000000e+01 2.339999999999999858e+00 0.000000000000000000e+00 -1.911884034423848577e-01 5.493343976408271434e-01 4.259008499620388355e-02 0.000000000000000000e+00 0.000000000000000000e+00 7.940000000000000000e+02 0.000000000000000000e+00 0.000000000000000000e+00 1.000000000000000000e+00
5.000000000000000000e+00 3.000000000000000000e+01 2.349999999999999645e+00 0.000000000000000000e+00 -1.759084921448259564e-01 5.607719454299010531e-01 4.230347967278252908e-02 0.000000000000000000e+00 0.000000000000000000e+00 7.940000000000000000e+02 0.000000000000000000e+00 0.000000000000000000e+00 1.000000000000000000e+00
5.000000000000000000e+00 3.000000000000000000e+01 2.359999999999999876e+00 0.000000000000000000e+00 -1.618051107810025147e-01 5.705158856952150526e-01 4.193258686967558935e-02 0.000000000000000000e+00 0.000000000000000000e+00 7.940000000000000000e+02 0.000000000000000000e+00 0.000000000000000000e+00 1.000000000000000000e+00
5.000000000000000000e+00 3.000000000000000000e+01 2.369999999999999662e+00 0.000000000000000000e+00 -1.487876601511106678e-01 5.788169982801560920e-01 4.150473834169349230e-02 0.000000000000000000e+00 0.000000000000000000e+00 7.940000000000000000e+02 0.000000000000000000e+00 0.000000000000000000e+00 1.000000000000000000e+00
5.000000000000000000e+00 3.000000000000000000e+01 2.379999999999999893e+00 0.000000000000000000e+00 -1.367725170033831650e-01 5.858889289642856824e-01 4.104085131759295513e-02 0.000000000000000000e+00 0.000000000000000000e+00 7.940000000000000000e+02 0.000000000000000000e+00 0.000000000000000000e+00 1.000000000000000000e+00
5.000000000000000000e+00 3.000000000000000000e+01 2.389999999999999680e+00 0.000000000000000000e+00 -1.256824968437874057e-01 5.919136880659267019e-01 4.055686953523565674e-02 0.000000000000000000e+00 0.000000000000000000e+00 7.940000000000000000e+02 0.000000000000000000e+00 0.000000000000000000e+00 1.000000000000000000e+00
5.000000000000000000e+00 3.000000000000000000e+01 2.399999999999999911e+00 0.000000000000000000e+00 -1.154463581078822992e-01 5.970463348427115235e-01 4.006487032543427917e-02 0.000000000000000000e+00 0.000000000000000000e+00 7.940000000000000000e+02 0.000000000000000000e+00 0.000000000000000000e+00 1.000000000000000000e+00
5.000000000000000000e+00 3.000000000000000000e+01 2.409999999999999698e+00 0.000000000000000000e+00 -1.059983445096657206e-01 6.014189682525351577e-01 3.957392010842129826e-02 0.000000000000000000e+00 0.000000000000000000e+00 7.940000000000000000e+02 0.000000000000000000e+00 0.000000000000000000e+00 1.000000000000000000e+00
5.000000000000000000e+00 3.000000000000000000e+01 2.419999999999999929e+00 0.000000000000000000e+00 -9.727776262749267266e-02 6.051441267851509487e-01 3.909073875804489062e-02 0.000000000000000000e+00 0.000000000000000000e+00 7.940000000000000000e+02 0.000000000000000000e+00 0.000000000000000000e+00 1.000000000000000000e+00
5.000000000000000000e+00 3.000000000000000000e+01 2.429999999999999716e+00 0.000000000000000000e+00 -8.922859201350252789e-02 6.083176848658905511e-01 3.862021767132146899e-02 0.000000000000000000e+00 0.000000000000000000e+00 7.940000000000000000e+02 0.000000000000000000e+00 0.000000000000000000e+00 1.000000000000000000e+00
5.000000000000000000e+00 3.000000000000000000e+01 2.439999999999999947e+00 0.000000000000000000e+00 -8.179912532192473718e-02 6.110213203762671075e-01 3.816582512241731284e-02 0.000000000000000000e+00 0.000000000000000000e+00 7.940000000000000000e+02 0.000000000000000000e+00 0.000000000000000000e+00 1.000000000000000000e+00
5.000000000000000000e+00 3.000000000000000000e+01 2.449999999999999734e+00 0.000000000000000000e+00 -7.494163614447010846e-02 6.133246167980558328e-01 3.772992427246263381e-02 0.000000000000000000e+00 0.000000000000000000e+00 7.940000000000000000e+02 0.000000000000000000e+00 0.000000000000000000e+00 1.000000000000000000e+00
5.000000000000000000e+00 3.000000000000000000e+01 2.459999999999999964e+00 0.000000000000000000e+00 -6.861207241900450782e-02 6.152868540837399536e-01 3.731402315856573171e-02 0.000000000000000000e+00 0.000000000000000000e+00 7.940000000000000000e+02 0.000000000000000000e+00 0.000000000000000000e+00 1.000000000000000000e+00
5.000000000000000000e+00 3.000000000000000000e+01 2.469999999999999751e+00 0.000000000000000000e+00 -6.276977344198152176e-02 6.169585343449701664e-01 3.691897148392622729e-02 0.000000000000000000e+00 0.000000000000000000e+00 7.940000000000000000e+02 0.000000000000000000e+00 0.000000000000000000e+00 1.000000000000000000e+00
5.000000000000000000e+00 3.000000000000000000e+01 2.479999999999999982e+00 0.000000000000000000e+00 -5.737720866674153597e-02 6.183826816256838832e-01 3.654511564966526904e-02 0.000000000000000000e+00 0.000000000000000000e+00 7.940000000000000000e+02 0.000000000000000000e+00 0.000000000000000000e+00 1.000000000000000000e+00
5.000000000000000000e+00 3.000000000000000000e+01 2.489999999999999769e+00 0.000000000000000000e+00 -5.239973660973354375e-02 6.195959492121594359e-01 3.619242090792691713e-02 0.000000000000000000e+00 0.000000000000000000e+00 7.940000000000000000e+02 0.000000000000000000e+00 0.000000000000000000e+00 1.000000000000000000e+00
5.000000000000000000e+00 3.000000000000000000e+01 2.500000000000000000e+00 0.000000000000000000e+00 -4.780538231588980086e-02 6.206295629788408652e-01 3.586056756142630420e-02 0.000000000000000000e+00 0.000000000000000000e+00 7.940000000000000000e+02 0.000000000000000000e+00 0.000000000000000000e+00 1.000000000000000000e+00
5.000000000000000000e+00 3.000000000000000000e+01 2.509999999999999787e+00 0.000000000000000000e+00 -4.356463195360494450e-02 6.215101250488404006e-01 3.554902663325837375e-02 0.000000000000000000e+00 0.000000000000000000e+00 7.940000000000000000e+02 0.000000000000000000e+00 0.000000000000000000e+00 1.000000000000000000e+00
5.000000000000000000e+00 3.000000000000000000e+01 2.520000000000000018e+00 0.000000000000000000e+00 -3.965024321981134442e-02 6.222602984529227443e-01 3.525711927054830941e-02 0.000000000000000000e+00 0.000000000000000000e+00 7.940000000000000000e+02 0.000000000000000000e+00 0.000000000000000000e+00 1.000000000000000000e+00
5.000000000000000000e+00 3.000000000000000000e+01 2.529999999999999805e+00 0.000000000000000000e+00 -3.603707033720532360e-02 6.228993904080527555e-01 3.498406324423002089e-02 0.000000000000000000e+00 0.000000000000000000e+00 7.940000000000000000e+02 0.000000000000000000e+00 0.000000000000000000e+00 1.000000000000000000e+00
5.000000000000000000e+00 3.000000000000000000e+01 2.540000000000000036e+00 0.000000000000000000e+00 -3.270190251941778453e-02 6.234438492273405297e-01 3.472900920381995216e-02 0.000000000000000000e+00 0.000000000000000000e+00 7.940000000000000000e+02 0.000000000000000000e+00 0.000000000000000000e+00 1.000000000000000000e+00
5.000000000000000000e+00 3.000000000000000000e+01 2.549999999999999822e+00 0.000000000000000000e+00 -2.962331486644009804e-02 6.239076876503677482e-01 3.449106879483417043e-02 0.000000000000000000e+00 0.000000000000000000e+00 7.940000000000000000e+02 0.000000000000000000e+00 0.000000000000000000e+00 1.000000000000000000e+00
5.000000000000000000e+00 3.000000000000000000e+01 2.560000000000000053e+00 0.000000000000000000e+00 -2.678153073246719584e-02 6.243028434891400025e-01 3.426933631297410243e-02 0.000000000000000000e+00 0.000000000000000000e+00 7.940000000000000000e+02 0.000000000000000000e+00 0.000000000000000000e+00 1.000000000000000000e+00
5.000000000000000000e+00 3.000000000000000000e+01 2.569999999999999840e+00 0.000000000000000000e+00 -2.415829468201791119e-02 6.246394868716200754e-01 3.406290522716465263e-02 0.000000000000000000e+00 0.000000000000000000e+00 7.940000000000000000e+02 0.000000000000000000e+00 0.000000000000000000e+00 1.000000000000000000e+00
5.000000000000000000e+00 3.000000000000000000e+01 2.579999999999999627e+00 0.000000000000000000e+00 -2.173675521821097356e-02 6.249262819903663724e-01 3.387088063289742101e-02 0.000000000000000000e+00 0.000000000000000000e+00 7.940000000000000000e+02 0.000000000000000000e+00 0.000000000000000000e+00 1.000000000000000000e+00
5.000000000000000000e+00 3.000000000000000000e+01 2.589999999999999858e+00 0.000000000000000000e+00 -1.950135652985081694e-02 6.251706100929033116e-01 3.369238848266574438e-02 0.000000000000000000e+00 0.000000000000000000e+00 7.940000000000000000e+02 0.000000000000000000e+00 0.000000000000000000e+00 1.000000000000000000e+00
5.000000000000000000e+00 3.000000000000000000e+01 2.599999999999999645e+00 0.000000000000000000e+00 -1.743773856191349614e-02 6.253787594529298666e-01 3.352658226963387000e-02 0.000000000000000000e+00 0.000000000000000000e+00 7.940000000000000000e+02 0.000000000000000000e+00 0.000000000000000000e+00 1.000000000000000000e+00
5.000000000000000000e+00 3.000000000000000000e+01 2.609999999999999876e+00 0.000000000000000000e+00 -1.553264476749204731e-02 6.255560872116522342e-01 3.337264770474475395e-02 0.000000000000000000e+00 0.000000000000000000e+00 7.940000000000000000e+02 0.000000000000000000e+00 0.000000000000000000e+00 1.000000000000000000e+00
5.000000000000000000e+00 3.000000000000000000e+01 2.619999999999999662e+00 0.000000000000000000e+00 -1.377383694860588939e-02 6.257071572545568339e-01 3.322980581902020003e-02 0.000000000000000000e+00 0.000000000000000000e+00 7.940000000000000000e+02 0.000000000000000000e+00 0.000000000000000000e+00 1.000000000000000000e+00
5.000000000000000000e+00 3.000000000000000000e+01 2.629999999999999893e+00 0.000000000000000000e+00 -1.215001663881712032e-02 6.258358576721566591e-01 3.309731483612282643e-02 0.000000000000000000e+00 0.000000000000000000e+00 7.940000000000000000e+02 0.000000000000000000e+00 0.000000000000000000e+00 1.000000000000000000e+00
5.000000000000000000e+00 3.000000000000000000e+01 2.639999999999999680e+00 0.000000000000000000e+00 -1.065075252262081759e-02 6.259455008277959864e-01 3.297447109089335360e-02 0.000000000000000000e+00 0.000000000000000000e+00 7.940000000000000000e+02 0.000000000000000000e+00 0.000000000000000000e+00 1.000000000000000000e+00
5.000000000000000000e+00 3.000000000000000000e+01 2.649999999999999911e+00 0.000000000000000000e+00 -9.266413425356223588e-03 6.260389086079660714e-01 3.286060921400460466e-02 0.000000000000000000e+00 0.000000000000000000e+00 7.940000000000000000e+02 0.000000000000000000e+00 0.000000000000000000e+00 1.000000000000000000e+00
5.000000000000000000e+00 3.000000000000000000e+01 2.659999999999999698e+00 0.000000000000000000e+00 -7.988106443170410118e-03 6.261184850492106380e-01 3.275510175830889659e-02 0.000000000000000000e+00 0.000000000000000000e+00 7.940000000000000000e+02 0.000000000000000000e+00 0.000000000000000000e+00 1.000000000000000000e+00
5.000000000000000000e+00 3.000000000000000000e+01 2.669999999999999929e+00 0.000000000000000000e+00 -6.807619815585372672e-03 6.261862782108292835e-01 3.265735840669142798e-02 0.000000000000000000e+00 0.000000000000000000e+00 7.940000000000000000e+02 0.000000000000000000e+00 0.000000000000000000e+00 1.000000000000000000e+00
5.000000000000000000e+00 3.000000000000000000e+01 2.679999999999999716e+00 0.000000000000000000e+00 -5.717370173685556653e-03 6.262440328857898919e-01 3.256682487251487401e-02 0.000000000000000000e+00 0.000000000000000000e+00 7.940000000000000000e+02 0.000000000000000000e+00 0.000000000000000000e+00 1.000000000000000000e+00
5.000000000000000000e+00 3.000000000000000000e+01 2.689999999999999947e+00 0.000000000000000000e+00 -4.710353825051777354e-03 6.262932355064745327e-01 3.248298158066255381e-02 0.000000000000000000e+00 0.000000000000000000e+00 7.940000000000000000e+02 0.000000000000000000e+00 0.000000000000000000e+00 1.000000000000000000e+00
5.000000000000000000e+00 3.000000000000000000e+01 2.699999999999999734e+00 0.000000000000000000e+00 -3.780101762499004162e-03 6.263351524009985738e-01 3.240534219864565912e-02 0.000000000000000000e+00 0.000000000000000000e+00 7.940000000000000000e+02 0.000000000000000000e+00 0.000000000000000000e+00 1.000000000000000000e+00
5.000000000000000000e+00 3.000000000000000000e+01 2.709999999999999964e+00 0.000000000000000000e+00 -2.920638107597156585e-03 6.263708623847028534e-01 3.233345207233311036e-02 0.000000000000000000e+00 0.000000000000000000e+00 7.940000000000000000e+02 0.000000000000000000e+00 0.000000000000000000e+00 1.000000000000000000e+00
5.000000000000000000e+00 3.000000000000000000e+01 2.719999999999999751e+00 0.000000000000000000e+00 -2.126441722018767438e-03 6.264012845256317075e-01 3.226688660889598381e-02 0.000000000000000000e+00 0.000000000000000000e+00 7.940000000000000000e+02 0.000000000000000000e+00 0.000000000000000000e+00 1.000000000000000000e+00
5.000000000000000000e+00 3.000000000000000000e+01 2.729999999999999982e+00 0.000000000000000000e+00 -1.392410740107333234e-03 6.264272017985909047e-01 3.220524963994328416e-02 0.000000000000000000e+00 0.000000000000000000e+00 7.940000000000000000e+02 0.000000000000000000e+00 0.000000000000000000e+00 1.000000000000000000e+00
5.000000000000000000e+00 3.000000000000000000e+01 2.739999999999999769e+00 0.000000000000000000e+00 -7.138297948259056391e-04 6.264492812365750618e-01 3.214817179011990322e-02 0.000000000000000000e+00 0.000000000000000000e+00 7.940000000000000000e+02 0.000000000000000000e+00 0.000000000000000000e+00 1.000000000000000000e+00
5.000000000000000000e+00 3.000000000000000000e+01 2.750000000000000000e+00 0.000000000000000000e+00 -8.633972654752564840e-05 6.264680910981991202e-01 3.209530887026203205e-02 0.000000000000000000e+00 0.000000000000000000e+00 7.940000000000000000e+02 0.000000000000000000e+00 0.000000000000000000e+00 1.000000000000000000e+00
5.000000000000000000e+00 3.000000000000000000e+01 2.759999999999999787e+00 0.000000000000000000e+00 4.940904199012049330e-04 6.264841154929740030e-01 3.204634030926722943e-02 0.000000000000000000e+00 0.000000000000000000e+00 7.940000000000000000e+02 0.000000000000000000e+00 0.000000000000000000e+00 1.000000000000000000e+00
5.000000000000000000e+00 3.000000000000000000e+01 2.770000000000000018e+00 0.000000000000000000e+00 1.031189289832628447e-03 6.264977668408338030e-01 3.200096763489851392e-02 0.000000000000000000e+00 0.000000000000000000e+00 7.940000000000000000e+02 0.000000000000000000e+00 0.000000000000000000e+00 1.000000000000000000e+00
5.000000000000000000e+00 3.000000000000000000e+01 2.779999999999999805e+00 0.000000000000000000e+00 1.528407171271730161e-03 6.265093964865935394e-01 3.195891301061123957e-02 0.000000000000000000e+00 0.000000000000000000e+00 7.940000000000000000e+02 0.000000000000000000e+00 0.000000000000000000e+00 1.000000000000000000e+00
5.000000000000000000e+00 3.000000000000000000e+01 2.790000000000000036e+00 0.000000000000000000e+00 1.988938159380835777e-03 6.265193037425084155e-01 3.191991783300542063e-02 0.000000000000000000e+00 0.000000000000000000e+00 7.940000000000000000e+02 0.000000000000000000e+00 0.000000000000000000e+00 1.000000000000000000e+00
5.000000000000000000e+00 3.000000000000000000e+01 2.799999999999999822e+00 0.000000000000000000e+00 2.415740675118104204e-03 6.265277435916777327e-01 3.188374139255527318e-02 0.000000000000000000e+00 0.000000000000000000e+00 7.940000000000000000e+02 0.000000000000000000e+00 0.000000000000000000e+00 1.000000000000000000e+00
5.000000000000000000e+00 3.000000000000000000e+01 2.810000000000000053e+00 0.000000000000000000e+00 2.811556469940338157e-03 6.265349332505452118e-01 3.185015959872893043e-02 0.000000000000000000e+00 0.000000000000000000e+00 7.940000000000000000e+02 0.000000000000000000e+00 0.000000000000000000e+00 1.000000000000000000e+00
5.000000000000000000e+00 3.000000000000000000e+01 2.819999999999999840e+00 0.000000000000000000e+00 3.178928238635091857e-03 6.265410577593998331e-01 3.181896376941888149e-02 0.000000000000000000e+00 0.000000000000000000e+00 7.940000000000000000e+02 0.000000000000000000e+00 0.000000000000000000e+00 1.000000000000000000e+00
5.000000000000000000e+00 3.000000000000000000e+01 2.829999999999999627e+00 0.000000000000000000e+00 3.520215953425742152e-03 6.265462747447596570e-01 3.178995948368713853e-02 0.000000000000000000e+00 0.000000000000000000e+00 7.940000000000000000e+02 0.000000000000000000e+00 0.000000000000000000e+00 1.000000000000000000e+00
5.000000000000000000e+00 3.000000000000000000e+01 2.839999999999999858e+00 0.000000000000000000e+00 3.837612024278759353e-03 6.265507184762050263e-01 3.176296549612254994e-02 0.000000000000000000e+00 0.000000000000000000e+00 7.940000000000000000e+02 0.000000000000000000e+00 0.000000000000000000e+00 1.000000000000000000e+00
5.000000000000000000e+00 3.000000000000000000e+01 2.849999999999999645e+00 0.000000000000000000e+00 4.133155382801989228e-03 6.265545033220758508e-01 3.173781271058923048e-02 0.000000000000000000e+00 0.000000000000000000e+00 7.940000000000000000e+02 0.000000000000000000e+00 0.000000000000000000e+00 1.000000000000000000e+00
5.000000000000000000e+00 3.000000000000000000e+01 2.859999999999999876e+00 0.000000000000000000e+00 4.408744580207998864e-03 6.265577266929713840e-01 3.171434321075482232e-02 0.000000000000000000e+00 0.000000000000000000e+00 7.940000000000000000e+02 0.000000000000000000e+00 0.000000000000000000e+00 1.000000000000000000e+00
5.000000000000000000e+00 3.000000000000000000e+01 2.869999999999999662e+00 0.000000000000000000e+00 4.666149983482939696e-03 6.265604715488048981e-01 3.169240934451632297e-02 0.000000000000000000e+00 0.000000000000000000e+00 7.940000000000000000e+02 0.000000000000000000e+00 0.000000000000000000e+00 1.000000000000000000e+00
5.000000000000000000e+00 3.000000000000000000e+01 2.879999999999999893e+00 0.000000000000000000e+00 4.907025148108319634e-03 6.265628085339468578e-01 3.167187285925222862e-02 0.000000000000000000e+00 0.000000000000000000e+00 7.940000000000000000e+02 0.000000000000000000e+00 0.000000000000000000e+00 1.000000000000000000e+00
5.000000000000000000e+00 3.000000000000000000e+01 2.889999999999999680e+00 0.000000000000000000e+00 5.132917440393303284e-03 6.265647977953959780e-01 3.165260408470850495e-02 0.000000000000000000e+00 0.000000000000000000e+00 7.940000000000000000e+02 0.000000000000000000e+00 0.000000000000000000e+00 1.000000000000000000e+00
5.000000000000000000e+00 3.000000000000000000e+01 2.899999999999999911e+00 0.000000000000000000e+00 5.345277977654723511e-03 6.265664905307849475e-01 3.163448116026572332e-02 0.000000000000000000e+00 0.000000000000000000e+00 7.940000000000000000e+02 0.000000000000000000e+00 0.000000000000000000e+00 1.000000000000000000e+00
5.000000000000000000e+00 3.000000000000000000e+01 2.909999999999999698e+00 0.000000000000000000e+00 5.545470950099843678e-03 6.265679303060536220e-01 3.161738930330025565e-02 0.000000000000000000e+00 0.000000000000000000e+00 7.940000000000000000e+02 0.000000000000000000e+00 0.000000000000000000e+00 1.000000000000000000e+00
5.000000000000000000e+00 3.000000000000000000e+01 2.919999999999999929e+00 0.000000000000000000e+00 5.734782384295059217e-03 6.265691541767062223e-01 3.160122011535830555e-02 0.000000000000000000e+00 0.000000000000000000e+00 7.940000000000000000e+02 0.000000000000000000e+00 0.000000000000000000e+00 1.000000000000000000e+00
5.000000000000000000e+00 3.000000000000000000e+01 2.929999999999999716e+00 0.000000000000000000e+00 5.914428404516484765e-03 6.265701936415083440e-01 3.158587092288973885e-02 0.000000000000000000e+00 0.000000000000000000e+00 7.940000000000000000e+02 0.000000000000000000e+00 0.000000000000000000e+00 1.000000000000000000e+00
5.000000000000000000e+00 3.000000000000000000e+01 2.939999999999999947e+00 0.000000000000000000e+00 6.085563045052790054e-03 6.265710754531708115e-01 3.157124414931948564e-02 0.000000000000000000e+00 0.000000000000000000e+00 7.940000000000000000e+02 0.000000000000000000e+00 0.000000000000000000e+00 1.000000000000000000e+00
5.000000000000000000e+00 3.000000000000000000e+01 2.949999999999999734e+00 0.000000000000000000e+00 6.249285663646018604e-03 6.265718223068856840e-01 3.155724671528896408e-02 0.000000000000000000e+00 0.000000000000000000e+00 7.940000000000000000e+02 0.000000000000000000e+00 0.000000000000000000e+00 1.000000000000000000e+00
5.000000000000000000e+00 3.000000000000000000e+01 2.959999999999999964e+00 0.000000000000000000e+00 6.406648003693851678e-03 6.265724534244305755e-01 3.154378946394954808e-02 0.000000000000000000e+00 0.000000000000000000e+00 7.940000000000000000e+02 0.000000000000000000e+00 0.000000000000000000e+00 1.000000000000000000e+00
5.000000000000000000e+00 3.000000000000000000e+01 2.969999999999999751e+00 0.000000000000000000e+00 6.558660950580426884e-03 6.265729850488813701e-01 3.153078660824538970e-02 0.000000000000000000e+00 0.000000000000000000e+00 7.940000000000000000e+02 0.000000000000000000e+00 0.000000000000000000e+00 1.000000000000000000e+00
5.000000000000000000e+00 3.000000000000000000e+01 2.979999999999999982e+00 0.000000000000000000e+00 6.706301025537956748e-03 6.265734308626597082e-01 3.151815519717239555e-02 0.000000000000000000e+00 0.000000000000000000e+00 7.940000000000000000e+02 0.000000000000000000e+00 0.000000000000000000e+00 1.000000000000000000e+00
5.000000000000000000e+00 3.000000000000000000e+01 2.989999999999999769e+00 0.000000000000000000e+00 6.850516658755280430e-03 6.265738023396767442e-01 3.150581459805276707e-02 0.000000000000000000e+00 0.000000000000000000e+00 7.940000000000000000e+02 0.000000000000000000e+00 0.000000000000000000e+00 1.000000000000000000e+00
5.000000000000000000e+00 3.000000000000000000e+01 3.000000000000000000e+00 0.000000000000000000e+00 6.992234282031386909e-03 6.265741090406388158e-01 3.149368599190191520e-02 0.000000000000000000e+00 0.000000000000000000e+00 7.940000000000000000e+02 0.000000000000000000e+00 0.000000000000000000e+00 1.000000000000000000e+00
5.000000000000000000e+00 3.000000000000000000e+01 3.009999999999999787e+00 0.000000000000000000e+00 7.132364280112722492e-03 6.265743588591100588e-01 3.148169187900241861e-02 0.000000000000000000e+00 0.000000000000000000e+00 7.940000000000000000e+02 0.000000000000000000e+00 0.000000000000000000e+00 1.000000000000000000e+00
5.000000000000000000e+00 3.000000000000000000e+01 3.020000000000000018e+00 0.000000000000000000e+00 7.271806838945280016e-03 6.265745582246696754e-01 3.146975559182360604e-02 0.000000000000000000e+00 0.000000000000000000e+00 7.940000000000000000e+02 0.000000000000000000e+00 0.000000000000000000e+00 1.000000000000000000e+00
5.000000000000000000e+00 3.000000000000000000e+01 3.029999999999999805e+00 0.000000000000000000e+00 7.411457728410265899e-03 6.265747122683905657e-01 3.145780081244350934e-02 0.000000000000000000e+00 0.000000000000000000e+00 7.940000000000000000e+02 0.000000000000000000e+00 0.000000000000000000e+00 1.000000000000000000e+00
5.000000000000000000e+00 3.000000000000000000e+01 3.040000000000000036e+00 0.000000000000000000e+00 7.552214056691243516e-03 6.265748249548966919e-01 3.144575109163415261e-02 0.000000000000000000e+00 0.000000000000000000e+00 7.940000000000000000e+02 0.000000000000000000e+00 0.000000000000000000e+00 1.000000000000000000e+00
5.000000000000000000e+00 3.000000000000000000e+01 3.049999999999999822e+00 0.000000000000000000e+00 7.694980033238461165e-03 6.265748991844012350e-01 3.143352936676413467e-02 0.000000000000000000e+00 0.000000000000000000e+00 7.940000000000000000e+02 0.000000000000000000e+00 0.000000000000000000e+00 1.000000000000000000e+00
5.000000000000000000e+00 3.000000000000000000e+01 3.060000000000000053e+00 0.000000000000000000e+00 7.840672777351238854e-03 6.265749368673494413e-01 3.142105747566101281e-02 0.000000000000000000e+00 0.000000000000000000e+00 7.940000000000000000e+02 0.000000000000000000e+00 0.000000000000000000e+00 1.000000000000000000e+00
5.000000000000000000e+00 3.000000000000000000e+01 3.069999999999999840e+00 0.000000000000000000e+00 7.990228209692381775e-03 6.265749389735872921e-01 3.140825566354005227e-02 0.000000000000000000e+00 0.000000000000000000e+00 7.940000000000000000e+02 0.000000000000000000e+00 0.000000000000000000e+00 1.000000000000000000e+00
5.000000000000000000e+00 3.000000000000000000e+01 3.080000000000000071e+00 0.000000000000000000e+00 8.144607064581338429e-03 6.265749055573233139e-01 3.139504208006670127e-02 0.000000000000000000e+00 0.000000000000000000e+00 7.940000000000000000e+02 0.000000000000000000e+00 0.000000000000000000e+00 1.000000000000000000e+00
5.000000000000000000e+00 3.000000000000000000e+01 3.089999999999999858e+00 0.000000000000000000e+00 8.304801061688642586e-03 6.265748357585227968e-01 3.138133226356877581e-02 0.000000000000000000e+00 0.000000000000000000e+00 7.940000000000000000e+02 0.000000000000000000e+00 0.000000000000000000e+00 1.000000000000000000e+00
5.000000000000000000e+00 3.000000000000000000e+01 3.099999999999999645e+00 0.000000000000000000e+00 8.471839276778251465e-03 6.265747277807736104e-01 3.136703860934290933e-02 0.000000000000000000e+00 0.000000000000000000e+00 7.940000000000000000e+02 0.000000000000000000e+00 0.000000000000000000e+00 1.000000000000000000e+00
5.000000000000000000e+00 3.000000000000000000e+01 3.109999999999999876e+00 0.000000000000000000e+00 8.646794752422965261e-03 6.265745788450518550e-01 3.135206981892157962e-02 0.000000000000000000e+00 0.000000000000000000e+00 7.940000000000000000e+02 0.000000000000000000e+00 0.000000000000000000e+00 1.000000000000000000e+00
5.000000000000000000e+00 3.000000000000000000e+01 3.119999999999999662e+00 0.000000000000000000e+00 8.830791391159758391e-03 6.265743851181981849e-01 3.133633032707516808e-02 0.000000000000000000e+00 0.000000000000000000e+00 7.940000000000000000e+02 0.000000000000000000e+00 0.000000000000000000e+00 1.000000000000000000e+00
5.000000000000000000e+00 3.000000000000000000e+01 3.129999999999999893e+00 0.000000000000000000e+00 9.025011175366196708e-03 6.265741416142633913e-01 3.131971970321843768e-02 0.000000000000000000e+00 0.000000000000000000e+00 7.940000000000000000e+02 0.000000000000000000e+00 0.000000000000000000e+00 1.000000000000000000e+00
5.000000000000000000e+00 3.000000000000000000e+01 3.139999999999999680e+00 0.000000000000000000e+00 9.230701760237965472e-03 6.265738420661853825e-01 3.130213202377032933e-02 0.000000000000000000e+00 0.000000000000000000e+00 7.940000000000000000e+02 0.000000000000000000e+00 0.000000000000000000e+00 1.000000000000000000e+00
5.000000000000000000e+00 3.000000000000000000e+01 3.149999999999999911e+00 0.000000000000000000e+00 9.449184488644252894e-03 6.265734787644938741e-01 3.128345521189063172e-02 0.000000000000000000e+00 0.000000000000000000e+00 7.940000000000000000e+02 0.000000000000000000e+00 0.000000000000000000e+00 1.000000000000000000e+00
5.000000000000000000e+00 3.000000000000000000e+01 3.159999999999999698e+00 0.000000000000000000e+00 9.681862879347968853e-03 6.265730423588911080e-01 3.126357034087494380e-02 0.000000000000000000e+00 0.000000000000000000e+00 7.940000000000000000e+02 0.000000000000000000e+00 0.000000000000000000e+00 1.000000000000000000e+00
5.000000000000000000e+00 3.000000000000000000e+01 3.169999999999999929e+00 0.000000000000000000e+00 9.930231643118514473e-03 6.265725216176035728e-01 3.124235089733613802e-02 0.000000000000000000e+00 0.000000000000000000e+00 7.940000000000000000e+02 0.000000000000000000e+00 0.000000000000000000e+00 1.000000000000000000e+00
5.000000000000000000e+00 3.000000000000000000e+01 3.179999999999999716e+00 0.000000000000000000e+00 1.019588628465603261e-02 6.265719031383100157e-01 3.121966200014607284e-02 0.000000000000000000e+00 0.000000000000000000e+00 7.940000000000000000e+02 0.000000000000000000e+00 0.000000000000000000e+00 1.000000000000000000e+00
5.000000000000000000e+00 3.000000000000000000e+01 3.189999999999999947e+00 0.000000000000000000e+00 1.048053335200929519e-02 6.265711710032056958e-01 3.119535957093907963e-02 0.000000000000000000e+00 0.000000000000000000e+00 7.940000000000000000e+02 0.000000000000000000e+00 0.000000000000000000e+00 1.000000000000000000e+00
5.000000000000000000e+00 3.000000000000000000e+01 3.199999999999999734e+00 0.000000000000000000e+00 1.078600139932879218e-02 6.265703063693249808e-01 3.116928945180803823e-02 0.000000000000000000e+00 0.000000000000000000e+00 7.940000000000000000e+02 0.000000000000000000e+00 0.000000000000000000e+00 1.000000000000000000e+00
5.000000000000000000e+00 3.000000000000000000e+01 3.209999999999999964e+00 0.000000000000000000e+00 1.111425273337904307e-02 6.265692869835817191e-01 3.114128646564955083e-02 0.000000000000000000e+00 0.000000000000000000e+00 7.940000000000000000e+02 0.000000000000000000e+00 0.000000000000000000e+00 1.000000000000000000e+00
5.000000000000000000e+00 3.000000000000000000e+01 3.219999999999999751e+00 0.000000000000000000e+00 1.146739601926895571e-02 6.265680866100385993e-01 3.111117341443531137e-02 0.000000000000000000e+00 0.000000000000000000e+00 7.940000000000000000e+02 0.000000000000000000e+00 0.000000000000000000e+00 1.000000000000000000e+00
5.000000000000000000e+00 3.000000000000000000e+01 3.229999999999999982e+00 0.000000000000000000e+00 1.184769982637863019e-02 6.265666743546760564e-01 3.107876001052192749e-02 0.000000000000000000e+00 0.000000000000000000e+00 7.940000000000000000e+02 0.000000000000000000e+00 0.000000000000000000e+00 1.000000000000000000e+00
5.000000000000000000e+00 3.000000000000000000e+01 3.239999999999999769e+00 0.000000000000000000e+00 1.225760720150072258e-02 6.265650138702696381e-01 3.104384173594111618e-02 0.000000000000000000e+00 0.000000000000000000e+00 7.940000000000000000e+02 0.000000000000000000e+00 0.000000000000000000e+00 1.000000000000000000e+00
5.000000000000000000e+00 3.000000000000000000e+01 3.250000000000000000e+00 0.000000000000000000e+00 1.269975136281333017e-02 6.265630624209233002e-01 3.100619862447563657e-02 0.000000000000000000e+00 0.000000000000000000e+00 7.940000000000000000e+02 0.000000000000000000e+00 0.000000000000000000e+00 1.000000000000000000e+00
5.000000000000000000e+00 3.000000000000000000e+01 3.259999999999999787e+00 0.000000000000000000e+00 1.317697261550139325e-02 6.265607697821746758e-01 3.096559396119105689e-02 0.000000000000000000e+00 0.000000000000000000e+00 7.940000000000000000e+02 0.000000000000000000e+00 0.000000000000000000e+00 1.000000000000000000e+00
5.000000000000000000e+00 3.000000000000000000e+01 3.270000000000000018e+00 0.000000000000000000e+00 1.369233659769152067e-02 6.265580769483679591e-01 3.092177289401368268e-02 0.000000000000000000e+00 0.000000000000000000e+00 7.940000000000000000e+02 0.000000000000000000e+00 0.000000000000000000e+00 1.000000000000000000e+00
5.000000000000000000e+00 3.000000000000000000e+01 3.279999999999999805e+00 0.000000000000000000e+00 1.424915397391087260e-02 6.265549146140250159e-01 3.087446095188489670e-02 0.000000000000000000e+00 0.000000000000000000e+00 7.940000000000000000e+02 0.000000000000000000e+00 0.000000000000000000e+00 1.000000000000000000e+00
5.000000000000000000e+00 3.000000000000000000e+01 3.290000000000000036e+00 0.000000000000000000e+00 1.485100170257963592e-02 6.265512013901295418e-01 3.082336246403936941e-02 0.000000000000000000e+00 0.000000000000000000e+00 7.940000000000000000e+02 0.000000000000000000e+00 0.000000000000000000e+00 1.000000000000000000e+00
5.000000000000000000e+00 3.000000000000000000e+01 3.299999999999999822e+00 0.000000000000000000e+00 1.550174601415805521e-02 6.265468417094181008e-01 3.076815887502869218e-02 0.000000000000000000e+00 0.000000000000000000e+00 7.940000000000000000e+02 0.000000000000000000e+00 0.000000000000000000e+00 1.000000000000000000e+00
5.000000000000000000e+00 3.000000000000000000e+01 3.310000000000000053e+00 0.000000000000000000e+00 1.620556724755813083e-02 6.265417233667648356e-01 3.070850695029134214e-02 0.000000000000000000e+00 0.000000000000000000e+00 7.940000000000000000e+02 0.000000000000000000e+00 0.000000000000000000e+00 1.000000000000000000e+00
5.000000000000000000e+00 3.000000000000000000e+01 3.319999999999999840e+00 0.000000000000000000e+00 1.696698670436748782e-02 6.265357146313567105e-01 3.064403686735700516e-02 0.000000000000000000e+00 0.000000000000000000e+00 7.940000000000000000e+02 0.000000000000000000e+00 0.000000000000000000e+00 1.000000000000000000e+00
5.000000000000000000e+00 3.000000000000000000e+01 3.330000000000000071e+00 0.000000000000000000e+00 1.779089569339516175e-02 6.265286608563382931e-01 3.057435018821563766e-02 0.000000000000000000e+00 0.000000000000000000e+00 7.940000000000000000e+02 0.000000000000000000e+00 0.000000000000000000e+00 1.000000000000000000e+00
5.000000000000000000e+00 3.000000000000000000e+01 3.339999999999999858e+00 0.000000000000000000e+00 1.868258695211960640e-02 6.265203804986634317e-01 3.049901770899250686e-02 0.000000000000000000e+00 0.000000000000000000e+00 7.940000000000000000e+02 0.000000000000000000e+00 0.000000000000000000e+00 1.000000000000000000e+00
5.000000000000000000e+00 3.000000000000000000e+01 3.349999999999999645e+00 0.000000000000000000e+00 1.964778864688821597e-02 6.265106604467221008e-01 3.041757718392157361e-02 0.000000000000000000e+00 0.000000000000000000e+00 7.940000000000000000e+02 0.000000000000000000e+00 0.000000000000000000e+00 1.000000000000000000e+00
5.000000000000000000e+00 3.000000000000000000e+01 3.359999999999999876e+00 0.000000000000000000e+00 2.069270117028342015e-02 6.264992505354848307e-01 3.032953092171407350e-02 0.000000000000000000e+00 0.000000000000000000e+00 7.940000000000000000e+02 0.000000000000000000e+00 0.000000000000000000e+00 1.000000000000000000e+00
5.000000000000000000e+00 3.000000000000000000e+01 3.369999999999999662e+00 0.000000000000000000e+00 2.182403697203926657e-02 6.264858571080040850e-01 3.023434325387423793e-02 0.000000000000000000e+00 0.000000000000000000e+00 7.940000000000000000e+02 0.000000000000000000e+00 0.000000000000000000e+00 1.000000000000000000e+00
5.000000000000000000e+00 3.000000000000000000e+01 3.379999999999999893e+00 0.000000000000000000e+00 2.304906367937965134e-02 6.264701354575642478e-01 3.013143787636481108e-02 0.000000000000000000e+00 0.000000000000000000e+00 7.940000000000000000e+02 0.000000000000000000e+00 0.000000000000000000e+00 1.000000000000000000e+00
5.000000000000000000e+00 3.000000000000000000e+01 3.389999999999999680e+00 0.000000000000000000e+00 2.437565078378044203e-02 6.264516809559630417e-01 3.002019506836992035e-02 0.000000000000000000e+00 0.000000000000000000e+00 7.940000000000000000e+02 0.000000000000000000e+00 0.000000000000000000e+00 1.000000000000000000e+00
5.000000000000000000e+00 3.000000000000000000e+01 3.399999999999999911e+00 0.000000000000000000e+00 2.581232019406821954e-02 6.264300186395926895e-01 2.989994879484746126e-02 0.000000000000000000e+00 0.000000000000000000e+00 7.940000000000000000e+02 0.000000000000000000e+00 0.000000000000000000e+00 1.000000000000000000e+00
5.000000000000000000e+00 3.000000000000000000e+01 3.409999999999999698e+00 0.000000000000000000e+00 2.736830098060542144e-02 6.264045909852991034e-01 2.976998370322297971e-02 0.000000000000000000e+00 0.000000000000000000e+00 7.940000000000000000e+02 0.000000000000000000e+00 0.000000000000000000e+00 1.000000000000000000e+00
5.000000000000000000e+00 3.000000000000000000e+01 3.419999999999999929e+00 0.000000000000000000e+00 2.905358866223493874e-02 6.263747435614065440e-01 2.962953202910356687e-02 0.000000000000000000e+00 0.000000000000000000e+00 7.940000000000000000e+02 0.000000000000000000e+00 0.000000000000000000e+00 1.000000000000000000e+00
5.000000000000000000e+00 3.000000000000000000e+01 3.429999999999999716e+00 0.000000000000000000e+00 3.087900941683967629e-02 6.263397081846044934e-01 2.947777043146533604e-02 0.000000000000000000e+00 0.000000000000000000e+00 7.940000000000000000e+02 0.000000000000000000e+00 0.000000000000000000e+00 1.000000000000000000e+00
5.000000000000000000e+00 3.000000000000000000e+01 3.439999999999999947e+00 0.000000000000000000e+00 3.285628962800144631e-02 6.262985831492102751e-01 2.931381678459295259e-02 0.000000000000000000e+00 0.000000000000000000e+00 7.940000000000000000e+02 0.000000000000000000e+00 0.000000000000000000e+00 1.000000000000000000e+00
5.000000000000000000e+00 3.000000000000000000e+01 3.449999999999999734e+00 0.000000000000000000e+00 3.499813121452242937e-02 6.262503100199648953e-01 2.913672696237759596e-02 0.000000000000000000e+00 0.000000000000000000e+00 7.940000000000000000e+02 0.000000000000000000e+00 0.000000000000000000e+00 1.000000000000000000e+00
5.000000000000000000e+00 3.000000000000000000e+01 3.459999999999999964e+00 0.000000000000000000e+00 3.731829322672111648e-02 6.261936463910803274e-01 2.894549166071717916e-02 0.000000000000000000e+00 0.000000000000000000e+00 7.940000000000000000e+02 0.000000000000000000e+00 0.000000000000000000e+00 1.000000000000000000e+00
5.000000000000000000e+00 3.000000000000000000e+01 3.469999999999999751e+00 0.000000000000000000e+00 3.983168023367199967e-02 6.261271339104323985e-01 2.873903331605122402e-02 0.000000000000000000e+00 0.000000000000000000e+00 7.940000000000000000e+02 0.000000000000000000e+00 0.000000000000000000e+00 1.000000000000000000e+00
5.000000000000000000e+00 3.000000000000000000e+01 3.479999999999999982e+00 0.000000000000000000e+00 4.255443806918279143e-02 6.260490607459462398e-01 2.851620319293632355e-02 0.000000000000000000e+00 0.000000000000000000e+00 7.940000000000000000e+02 0.000000000000000000e+00 0.000000000000000000e+00 1.000000000000000000e+00
5.000000000000000000e+00 3.000000000000000000e+01 3.489999999999999769e+00 0.000000000000000000e+00 4.550405755157529986e-02 6.259574175281653607e-01 2.827577873151899956e-02 0.000000000000000000e+00 0.000000000000000000e+00 7.940000000000000000e+02 0.000000000000000000e+00 0.000000000000000000e+00 1.000000000000000000e+00
5.000000000000000000e+00 3.000000000000000000e+01 3.500000000000000000e+00 0.000000000000000000e+00 4.869948684355866753e-02 6.258498456350967132e-01 2.801646126738810416e-02 0.000000000000000000e+00 0.000000000000000000e+00 7.940000000000000000e+02 0.000000000000000000e+00 0.000000000000000000e+00 1.000000000000000000e+00
5.000000000000000000e+00 3.000000000000000000e+01 3.509999999999999787e+00 0.000000000000000000e+00 5.216125317398784267e-02 6.257235764883459783e-01 2.773687426229066999e-02 0.000000000000000000e+00 0.000000000000000000e+00 7.940000000000000000e+02 0.000000000000000000e+00 0.000000000000000000e+00 1.000000000000000000e+00
5.000000000000000000e+00 3.000000000000000000e+01 3.520000000000000018e+00 0.000000000000000000e+00 5.591159470343968346e-02 6.255753602981992678e-01 2.743556221538551165e-02 0.000000000000000000e+00 0.000000000000000000e+00 7.940000000000000000e+02 0.000000000000000000e+00 0.000000000000000000e+00 1.000000000000000000e+00
5.000000000000000000e+00 3.000000000000000000e+01 3.529999999999999805e+00 0.000000000000000000e+00 5.997460338070255415e-02 6.254013824237678598e-01 2.711099046207891827e-02 0.000000000000000000e+00 0.000000000000000000e+00 7.940000000000000000e+02 0.000000000000000000e+00 0.000000000000000000e+00 1.000000000000000000e+00
5.000000000000000000e+00 3.000000000000000000e+01 3.540000000000000036e+00 0.000000000000000000e+00 6.437637970788022412e-02 6.251971651955550158e-01 2.676154611214361101e-02 0.000000000000000000e+00 0.000000000000000000e+00 7.940000000000000000e+02 0.000000000000000000e+00 0.000000000000000000e+00 1.000000000000000000e+00
5.000000000000000000e+00 3.000000000000000000e+01 3.549999999999999822e+00 0.000000000000000000e+00 6.914520040831091674e-02 6.249574526736525470e-01 2.638554043209564992e-02 0.000000000000000000e+00 0.000000000000000000e+00 7.940000000000000000e+02 0.000000000000000000e+00 0.000000000000000000e+00 1.000000000000000000e+00
5.000000000000000000e+00 3.000000000000000000e+01 3.560000000000000053e+00 0.000000000000000000e+00 7.431170007438933633e-02 6.246760753755851159e-01 2.598121304020573064e-02 0.000000000000000000e+00 0.000000000000000000e+00 7.940000000000000000e+02 0.000000000000000000e+00 0.000000000000000000e+00 1.000000000000000000e+00
5.000000000000000000e+00 3.000000000000000000e+01 3.569999999999999840e+00 0.000000000000000000e+00 7.990906796218530395e-02 6.243457914923090657e-01 2.554673835777201973e-02 0.000000000000000000e+00 0.000000000000000000e+00 7.940000000000000000e+02 0.000000000000000000e+00 0.000000000000000000e+00 1.000000000000000000e+00
5.000000000000000000e+00 3.000000000000000000e+01 3.580000000000000071e+00 0.000000000000000000e+00 8.597326119705483993e-02 6.239581005057314167e-01 2.508023484933696867e-02 0.000000000000000000e+00 0.000000000000000000e+00 7.940000000000000000e+02 0.000000000000000000e+00 0.000000000000000000e+00 1.000000000000000000e+00
5.000000000000000000e+00 3.000000000000000000e+01 3.589999999999999858e+00 0.000000000000000000e+00 9.254323575986261874e-02 6.235030244108299424e-01 2.457977768951905007e-02 0.000000000000000000e+00 0.000000000000000000e+00 7.940000000000000000e+02 0.000000000000000000e+00 0.000000000000000000e+00 1.000000000000000000e+00
5.000000000000000000e+00 3.000000000000000000e+01 3.599999999999999645e+00 0.000000000000000000e+00 9.966119673765604092e-02 6.229688509116858564e-01 2.404341561736510202e-02 0.000000000000000000e+00 0.000000000000000000e+00 7.940000000000000000e+02 0.000000000000000000e+00 0.000000000000000000e+00 1.000000000000000000e+00
5.000000000000000000e+00 3.000000000000000000e+01 3.609999999999999876e+00 0.000000000000000000e+00 1.073728694463850775e-01 6.223418319820582800e-01 2.346919288294589678e-02 0.000000000000000000e+00 0.000000000000000000e+00 7.940000000000000000e+02 0.000000000000000000e+00 0.000000000000000000e+00 1.000000000000000000e+00
5.000000000000000000e+00 3.000000000000000000e+01 3.619999999999999662e+00 0.000000000000000000e+00 1.157277931673425103e-01 6.216058300323593633e-01 2.285517735756571744e-02 0.000000000000000000e+00 0.000000000000000000e+00 7.940000000000000000e+02 0.000000000000000000e+00 0.000000000000000000e+00 1.000000000000000000e+00
5.000000000000000000e+00 3.000000000000000000e+01 3.629999999999999893e+00 0.000000000000000000e+00 1.247796393842679208e-01 6.207419025764226994e-01 2.219949607023134763e-02 0.000000000000000000e+00 0.000000000000000000e+00 7.940000000000000000e+02 0.000000000000000000e+00 0.000000000000000000e+00 1.000000000000000000e+00
5.000000000000000000e+00 3.000000000000000000e+01 3.639999999999999680e+00 0.000000000000000000e+00 1.345865565654503215e-01 6.197278147086353606e-01 2.150037964982226546e-02 0.000000000000000000e+00 0.000000000000000000e+00 7.940000000000000000e+02 0.000000000000000000e+00 0.000000000000000000e+00 1.000000000000000000e+00
5.000000000000000000e+00 3.000000000000000000e+01 3.649999999999999911e+00 0.000000000000000000e+00 1.452115437056866742e-01 6.185374668440510870e-01 2.075621739386322717e-02 0.000000000000000000e+00 0.000000000000000000e+00 7.940000000000000000e+02 0.000000000000000000e+00 0.000000000000000000e+00 1.000000000000000000e+00
5.000000000000000000e+00 3.000000000000000000e+01 3.659999999999999698e+00 0.000000000000000000e+00 1.567228550277056098e-01 6.171402229932319017e-01 1.996562494708090107e-02 0.000000000000000000e+00 0.000000000000000000e+00 7.940000000000000000e+02 0.000000000000000000e+00 0.000000000000000000e+00 1.000000000000000000e+00
5.000000000000000000e+00 3.000000000000000000e+01 3.669999999999999929e+00 0.000000000000000000e+00 1.691944384428317738e-01 6.155001222836212760e-01 1.912752684716220730e-02 0.000000000000000000e+00 0.000000000000000000e+00 7.940000000000000000e+02 0.000000000000000000e+00 0.000000000000000000e+00 1.000000000000000000e+00
5.000000000000000000e+00 3.000000000000000000e+01 3.679999999999999716e+00 0.000000000000000000e+00 1.827064105875334521e-01 6.135749534343715172e-01 1.824125646436487724e-02 0.000000000000000000e+00 0.000000000000000000e+00 7.940000000000000000e+02 0.000000000000000000e+00 0.000000000000000000e+00 1.000000000000000000e+00
5.000000000000000000e+00 3.000000000000000000e+01 3.689999999999999947e+00 0.000000000000000000e+00 1.973455714874572942e-01 6.113151683643824885e-01 1.730667609598690593e-02 0.000000000000000000e+00 0.000000000000000000e+00 7.940000000000000000e+02 0.000000000000000000e+00 0.000000000000000000e+00 1.000000000000000000e+00
5.000000000000000000e+00 3.000000000000000000e+01 3.699999999999999734e+00 0.000000000000000000e+00 2.132059621551179451e-01 6.086626069730675104e-01 1.632432012603388105e-02 0.000000000000000000e+00 0.000000000000000000e+00 7.940000000000000000e+02 0.000000000000000000e+00 0.000000000000000000e+00 1.000000000000000000e+00
5.000000000000000000e+00 3.000000000000000000e+01 3.709999999999999964e+00 0.000000000000000000e+00 2.303894687032141952e-01 6.055490002735304245e-01 1.529556414295974581e-02 0.000000000000000000e+00 0.000000000000000000e+00 7.940000000000000000e+02 0.000000000000000000e+00 0.000000000000000000e+00 1.000000000000000000e+00
5.000000000000000000e+00 3.000000000000000000e+01 3.719999999999999751e+00 0.000000000000000000e+00 2.490064768543557294e-01 6.018942133532805272e-01 1.422282259343450594e-02 0.000000000000000000e+00 0.000000000000000000e+00 7.940000000000000000e+02 0.000000000000000000e+00 0.000000000000000000e+00 1.000000000000000000e+00
5.000000000000000000e+00 3.000000000000000000e+01 3.729999999999999982e+00 0.000000000000000000e+00 2.691765810517278146e-01 5.976041829415547069e-01 1.310977673182806003e-02 0.000000000000000000e+00 0.000000000000000000e+00 7.940000000000000000e+02 0.000000000000000000e+00 0.000000000000000000e+00 1.000000000000000000e+00
5.000000000000000000e+00 3.000000000000000000e+01 3.739999999999999769e+00 0.000000000000000000e+00 2.910293527259756874e-01 5.925684965024093920e-01 1.196163298275730591e-02 0.000000000000000000e+00 0.000000000000000000e+00 7.940000000000000000e+02 0.000000000000000000e+00 0.000000000000000000e+00 1.000000000000000000e+00
5.000000000000000000e+00 3.000000000000000000e+01 3.750000000000000000e+00 0.000000000000000000e+00 3.147051726536033711e-01 5.866575505466846696e-01 1.078540887296585565e-02 0.000000000000000000e+00 0.000000000000000000e+00 7.940000000000000000e+02 0.000000000000000000e+00 0.000000000000000000e+00 1.000000000000000000e+00
5.000000000000000000e+00 3.000000000000000000e+01 3.759999999999999787e+00 0.000000000000000000e+00 3.403561327539039172e-01 5.797192150263007493e-01 9.590238654351990188e-03 0.000000000000000000e+00 0.000000000000000000e+00 7.940000000000000000e+02 0.000000000000000000e+00 0.000000000000000000e+00 1.000000000000000000e+00
5.000000000000000000e+00 3.000000000000000000e+01 3.770000000000000018e+00 0.000000000000000000e+00 3.681470131175053617e-01 5.715749179623881293e-01 8.387682496921164410e-03 0.000000000000000000e+00 0.000000000000000000e+00 7.940000000000000000e+02 0.000000000000000000e+00 0.000000000000000000e+00 1.000000000000000000e+00
5.000000000000000000e+00 3.000000000000000000e+01 3.779999999999999805e+00 0.000000000000000000e+00 3.982563405428993231e-01 5.620150495372988608e-01 7.192010006117903476e-03 0.000000000000000000e+00 0.000000000000000000e+00 7.940000000000000000e+02 0.000000000000000000e+00 0.000000000000000000e+00 1.000000000000000000e+00
5.000000000000000000e+00 3.000000000000000000e+01 3.790000000000000036e+00 0.000000000000000000e+00 4.308775353809226605e-01 5.507935673655950382e-01 6.020408431751847478e-03 0.000000000000000000e+00 0.000000000000000000e+00 7.940000000000000000e+02 0.000000000000000000e+00 0.000000000000000000e+00 1.000000000000000000e+00
5.000000000000000000e+00 3.000000000000000000e+01 3.799999999999999822e+00 0.000000000000000000e+00 4.662201540544454459e-01 5.376216640998422447e-01 4.893035100255349601e-03 0.000000000000000000e+00 0.000000000000000000e+00 7.940000000000000000e+02 0.000000000000000000e+00 0.000000000000000000e+00 1.000000000000000000e+00
5.000000000000000000e+00 3.000000000000000000e+01 3.810000000000000053e+00 0.000000000000000000e+00 5.045112352351307505e-01 5.221603343943437281e-01 3.832788591386960403e-03 0.000000000000000000e+00 0.000000000000000000e+00 7.940000000000000000e+02 0.000000000000000000e+00 0.000000000000000000e+00 1.000000000000000000e+00
5.000000000000000000e+00 3.000000000000000000e+01 3.819999999999999840e+00 0.000000000000000000e+00 5.459967583250172618e-01 5.040116499227222935e-01 2.864611103520674218e-03 0.000000000000000000e+00 0.000000000000000000e+00 7.940000000000000000e+02 0.000000000000000000e+00 0.000000000000000000e+00 1.000000000000000000e+00
5.000000000000000000e+00 3.000000000000000000e+01 3.830000000000000071e+00 0.000000000000000000e+00 5.909432236121165971e-01 4.827085178944288124e-01 2.014057658889917973e-03 0.000000000000000000e+00 0.000000000000000000e+00 7.940000000000000000e+02 0.000000000000000000e+00 0.000000000000000000e+00 1.000000000000000000e+00
5.000000000000000000e+00 3.000000000000000000e+01 3.839999999999999858e+00 0.000000000000000000e+00 6.396393642508388933e-01 4.577026594850619468e-01 1.304795838477429068e-03 0.000000000000000000e+00 0.000000000000000000e+00 7.940000000000000000e+02 0.000000000000000000e+00 0.000000000000000000e+00 1.000000000000000000e+00
5.000000000000000000e+00 3.000000000000000000e+01 3.849999999999999645e+00 0.000000000000000000e+00 6.923980010649003480e-01 4.283504987812948861e-01 7.546985082042597520e-04 0.000000000000000000e+00 0.000000000000000000e+00 7.940000000000000000e+02 0.000000000000000000e+00 0.000000000000000000e+00 1.000000000000000000e+00
5.000000000000000000e+00 3.000000000000000000e+01 3.859999999999999876e+00 0.000000000000000000e+00 7.495580520878415420e-01 3.938965990641079551e-01 3.704363454867950177e-04 0.000000000000000000e+00 0.000000000000000000e+00 7.940000000000000000e+02 0.000000000000000000e+00 0.000000000000000000e+00 1.000000000000000000e+00
5.000000000000000000e+00 3.000000000000000000e+01 3.869999999999999662e+00 0.000000000000000000e+00 8.114867097503174476e-01 3.534542201298591091e-01 1.413519610284246549e-04 0.000000000000000000e+00 0.000000000000000000e+00 7.940000000000000000e+02 0.000000000000000000e+00 0.000000000000000000e+00 1.000000000000000000e+00
5.000000000000000000e+00 3.000000000000000000e+01 3.879999999999999893e+00 0.000000000000000000e+00 8.785817997002639546e-01 3.059824962528602255e-01 3.550747100473906036e-05 0.000000000000000000e+00 0.000000000000000000e+00 7.940000000000000000e+02 0.000000000000000000e+00 0.000000000000000000e+00 1.000000000000000000e+00
5.000000000000000000e+00 3.000000000000000000e+01 3.889999999999999680e+00 0.000000000000000000e+00 9.512743364088518394e-01 2.502596474185569408e-01 4.091286163876231021e-06 0.000000000000000000e+00 0.000000000000000000e+00 7.940000000000000000e+02 0.000000000000000000e+00 0.000000000000000000e+00 1.000000000000000000e+00
5.000000000000000000e+00 3.000000000000000000e+01 3.899999999999999911e+00 0.000000000000000000e+00 1.030031291979268460e+00 1.848515343646761622e-01 8.191134418968209837e-08 0.000000000000000000e+00 0.000000000000000000e+00 7.940000000000000000e+02 0.000000000000000000e+00 0.000000000000000000e+00 1.000000000000000000e+00
5.000000000000000000e+00 3.000000000000000000e+01 3.909999999999999698e+00 0.000000000000000000e+00 1.115358595944978770e+00 1.080747481312651220e-01 5.934320262159190129e-12 0.000000000000000000e+00 0.000000000000000000e+00 7.940000000000000000e+02 0.000000000000000000e+00 0.000000000000000000e+00 1.000000000000000000e+00
5.000000000000000000e+00 3.000000000000000000e+01 3.919999999999999929e+00 0.000000000000000000e+00 1.207804385327970520e+00 1.795328415517050830e-02 9.115905285920857674e-42 0.000000000000000000e+00 1.000000000000000000e+00 7.940000000000000000e+02 0.000000000000000000e+00 0.000000000000000000e+00 1.000000000000000000e+00
5.000000000000000000e+00 3.000000000000000000e+01 3.929999999999999716e+00 0.000000000000000000e+00 1.117597789732565072e+00 1.080724979604965191e-01 5.683187522262333404e-12 0.000000000000000000e+00 0.000000000000000000e+00 7.940000000000000000e+02 0.000000000000000000e+00 0.000000000000000000e+00 1.000000000000000000e+00
5.000000000000000000e+00 3.000000000000000000e+01 3.939999999999999947e+00 0.000000000000000000e+00 1.034524063988934373e+00 1.848436886150839065e-01 7.771733446325640172e-08 0.000000000000000000e+00 0.000000000000000000e+00 7.940000000000000000e+02 0.000000000000000000e+00 0.000000000000000000e+00 1.000000000000000000e+00
5.000000000000000000e+00 3.000000000000000000e+01 3.949999999999999734e+00 0.000000000000000000e+00 9.580495479142507875e-01 2.502427166686433391e-01 3.856985694315149269e-06 0.000000000000000000e+00 0.000000000000000000e+00 7.940000000000000000e+02 0.000000000000000000e+00 0.000000000000000000e+00 1.000000000000000000e+00
5.000000000000000000e+00 3.000000000000000000e+01 3.959999999999999964e+00 0.000000000000000000e+00 8.876829742171442605e-01 3.059527572604251455e-01 3.328267097599425925e-05 0.000000000000000000e+00 0.000000000000000000e+00 7.940000000000000000e+02 0.000000000000000000e+00 0.000000000000000000e+00 1.000000000000000000e+00
5.000000000000000000e+00 3.000000000000000000e+01 3.969999999999999751e+00 0.000000000000000000e+00 8.229723126287419310e-01 3.534076200068954621e-01 1.317518239683681917e-04 0.000000000000000000e+00 0.000000000000000000e+00 7.940000000000000000e+02 0.000000000000000000e+00 0.000000000000000000e+00 1.000000000000000000e+00
5.000000000000000000e+00 3.000000000000000000e+01 3.979999999999999982e+00 0.000000000000000000e+00 7.635018660897744391e-01 3.938286509676007241e-01 3.432961369133251742e-04 0.000000000000000000e+00 0.000000000000000000e+00 7.940000000000000000e+02 0.000000000000000000e+00 0.000000000000000000e+00 1.000000000000000000e+00
5.000000000000000000e+00 3.000000000000000000e+01 3.989999999999999769e+00 0.000000000000000000e+00 7.088896003398451606e-01 4.282561664353184971e-01 6.952127284446654384e-04 0.000000000000000000e+00 0.000000000000000000e+00 7.940000000000000000e+02 0.000000000000000000e+00 0.000000000000000000e+00 1.000000000000000000e+00
5.000000000000000000e+00 3.000000000000000000e+01 4.000000000000000000e+00 0.000000000000000000e+00 6.587846897543192526e-01 4.575762275621190200e-01 1.194334512829438658e-03 0.000000000000000000e+00 0.000000000000000000e+00 7.940000000000000000e+02 0.000000000000000000e+00 0.000000000000000000e+00 1.000000000000000000e+00
5.000000000000000000e+00 3.000000000000000000e+01 4.009999999999999787e+00 0.000000000000000000e+00 6.128652636634479567e-01 4.825434449200358134e-01 1.831108974406889939e-03 0.000000000000000000e+00 0.000000000000000000e+00 7.940000000000000000e+02 0.000000000000000000e+00 0.000000000000000000e+00 1.000000000000000000e+00
5.000000000000000000e+00 3.000000000000000000e+01 4.019999999999999574e+00 0.000000000000000000e+00 5.708363386762291825e-01 5.038003999174454073e-01 2.585585579353684438e-03 0.000000000000000000e+00 0.000000000000000000e+00 7.940000000000000000e+02 0.000000000000000000e+00 0.000000000000000000e+00 1.000000000000000000e+00
5.000000000000000000e+00 3.000000000000000000e+01 4.030000000000000249e+00 0.000000000000000000e+00 5.324279237263911391e-01 5.218941829202549121e-01 3.432609356207459023e-03 0.000000000000000000e+00 0.000000000000000000e+00 7.940000000000000000e+02 0.000000000000000000e+00 0.000000000000000000e+00 1.000000000000000000e+00
5.000000000000000000e+00 3.000000000000000000e+01 4.040000000000000036e+00 0.000000000000000000e+00 4.973932856674325720e-01 5.372904737196134706e-01 4.345524982415683440e-03 0.000000000000000000e+00 0.000000000000000000e+00 7.940000000000000000e+02 0.000000000000000000e+00 0.000000000000000000e+00 1.000000000000000000e+00
5.000000000000000000e+00 3.000000000000000000e+01 4.049999999999999822e+00 0.000000000000000000e+00 4.655073642750230389e-01 5.503855267352183445e-01 5.298512952066885412e-03 0.000000000000000000e+00 0.000000000000000000e+00 7.940000000000000000e+02 0.000000000000000000e+00 0.000000000000000000e+00 1.000000000000000000e+00
5.000000000000000000e+00 3.000000000000000000e+01 4.059999999999999609e+00 0.000000000000000000e+00 4.365653264748350915e-01 5.615163694174624132e-01 6.267898328221790938e-03 0.000000000000000000e+00 0.000000000000000000e+00 7.940000000000000000e+02 0.000000000000000000e+00 0.000000000000000000e+00 1.000000000000000000e+00
5.000000000000000000e+00 3.000000000000000000e+01 4.070000000000000284e+00 0.000000000000000000e+00 4.103812505082667927e-01 5.709694763247483706e-01 7.232762370064239887e-03 0.000000000000000000e+00 0.000000000000000000e+00 7.940000000000000000e+02 0.000000000000000000e+00 0.000000000000000000e+00 1.000000000000000000e+00
5.000000000000000000e+00 3.000000000000000000e+01 4.080000000000000071e+00 0.000000000000000000e+00 3.867869315832203059e-01 5.789881421207527801e-01 8.175113501794485649e-03 0.000000000000000000e+00 0.000000000000000000e+00 7.940000000000000000e+02 0.000000000000000000e+00 0.000000000000000000e+00 1.000000000000000000e+00
5.000000000000000000e+00 3.000000000000000000e+01 4.089999999999999858e+00 0.000000000000000000e+00 3.656308013375147992e-01 5.857787432505003888e-01 9.079798086134696633e-03 0.000000000000000000e+00 0.000000000000000000e+00 7.940000000000000000e+02 0.000000000000000000e+00 0.000000000000000000e+00 1.000000000000000000e+00
5.000000000000000000e+00 3.000000000000000000e+01 4.099999999999999645e+00 0.000000000000000000e+00 3.467769541736366867e-01 5.915160494520489420e-01 9.934270904321307327e-03 0.000000000000000000e+00 0.000000000000000000e+00 7.940000000000000000e+02 0.000000000000000000e+00 0.000000000000000000e+00 1.000000000000000000e+00
5.000000000000000000e+00 3.000000000000000000e+01 4.109999999999999432e+00 0.000000000000000000e+00 3.301042742100673832e-01 5.963477218061842278e-01 1.072830173861214625e-02 0.000000000000000000e+00 0.000000000000000000e+00 7.940000000000000000e+02 0.000000000000000000e+00 0.000000000000000000e+00 1.000000000000000000e+00
5.000000000000000000e+00 3.000000000000000000e+01 4.120000000000000107e+00 0.000000000000000000e+00 3.155056572407783921e-01 6.003981130904554320e-01 1.145366488121458970e-02 0.000000000000000000e+00 0.000000000000000000e+00 7.940000000000000000e+02 0.000000000000000000e+00 0.000000000000000000e+00 1.000000000000000000e+00
5.000000000000000000e+00 3.000000000000000000e+01 4.129999999999999893e+00 0.000000000000000000e+00 3.028873227048147765e-01 6.037714682472851146e-01 1.210383899847357336e-02 0.000000000000000000e+00 0.000000000000000000e+00 7.940000000000000000e+02 0.000000000000000000e+00 0.000000000000000000e+00 1.000000000000000000e+00
5.000000000000000000e+00 3.000000000000000000e+01 4.139999999999999680e+00 0.000000000000000000e+00 2.921682112461025382e-01 6.065546073366164803e-01 1.267373241440256787e-02 0.000000000000000000e+00 0.000000000000000000e+00 7.940000000000000000e+02 0.000000000000000000e+00 0.000000000000000000e+00 1.000000000000000000e+00
5.000000000000000000e+00 3.000000000000000000e+01 4.149999999999999467e+00 0.000000000000000000e+00 2.832794639934448910e-01 6.088191600242659485e-01 1.315944121522103633e-02 0.000000000000000000e+00 0.000000000000000000e+00 7.940000000000000000e+02 0.000000000000000000e+00 0.000000000000000000e+00 1.000000000000000000e+00
5.000000000000000000e+00 3.000000000000000000e+01 4.160000000000000142e+00 0.000000000000000000e+00 2.761639802156360401e-01 6.106234091150224419e-01 1.355804299326712758e-02 0.000000000000000000e+00 0.000000000000000000e+00 7.940000000000000000e+02 0.000000000000000000e+00 0.000000000000000000e+00 1.000000000000000000e+00
5.000000000000000000e+00 3.000000000000000000e+01 4.169999999999999929e+00 0.000000000000000000e+00 2.707760505100965664e-01 6.120137905775069331e-01 1.386742644906466954e-02 0.000000000000000000e+00 0.000000000000000000e+00 7.940000000000000000e+02 0.000000000000000000e+00 0.000000000000000000e+00 1.000000000000000000e+00
5.000000000000000000e+00 3.000000000000000000e+01 4.179999999999999716e+00 0.000000000000000000e+00 2.670810631686603154e-01 6.130260886669510745e-01 1.408615572963436979e-02 0.000000000000000000e+00 0.000000000000000000e+00 7.940000000000000000e+02 0.000000000000000000e+00 0.000000000000000000e+00 1.000000000000000000e+00
5.000000000000000000e+00 3.000000000000000000e+01 4.189999999999999503e+00 0.000000000000000000e+00 2.650552818342238881e-01 6.136863569047659173e-01 1.421336782575222807e-02 0.000000000000000000e+00 0.000000000000000000e+00 7.940000000000000000e+02 0.000000000000000000e+00 0.000000000000000000e+00 1.000000000000000000e+00
5.000000000000000000e+00 3.000000000000000000e+01 4.200000000000000178e+00 0.000000000000000000e+00 2.646856930199398272e-01 6.140115886181639615e-01 1.424870127360048505e-02 0.000000000000000000e+00 0.000000000000000000e+00 7.940000000000000000e+02 0.000000000000000000e+00 0.000000000000000000e+00 1.000000000000000000e+00
5.000000000000000000e+00 3.000000000000000000e+01 4.209999999999999964e+00 0.000000000000000000e+00 2.659699225114290355e-01 6.140101542975150428e-01 1.419225460809176581e-02 0.000000000000000000e+00 0.000000000000000000e+00 7.940000000000000000e+02 0.000000000000000000e+00 0.000000000000000000e+00 1.000000000000000000e+00
5.000000000000000000e+00 3.000000000000000000e+01 4.219999999999999751e+00 0.000000000000000000e+00 2.689162201149820630e-01 6.136820170277005326e-01 1.404457336555509084e-02 0.000000000000000000e+00 0.000000000000000000e+00 7.940000000000000000e+02 0.000000000000000000e+00 0.000000000000000000e+00 1.000000000000000000e+00
5.000000000000000000e+00 3.000000000000000000e+01 4.229999999999999538e+00 0.000000000000000000e+00 2.735435126537755224e-01 6.130187315380298818e-01 1.380666484328039317e-02 0.000000000000000000e+00 0.000000000000000000e+00 7.940000000000000000e+02 0.000000000000000000e+00 0.000000000000000000e+00 1.000000000000000000e+00
5.000000000000000000e+00 3.000000000000000000e+01 4.240000000000000213e+00 0.000000000000000000e+00 2.798815255525469725e-01 6.120032268462629599e-01 1.348004022550818720e-02 0.000000000000000000e+00 0.000000000000000000e+00 7.940000000000000000e+02 0.000000000000000000e+00 0.000000000000000000e+00 1.000000000000000000e+00
5.000000000000000000e+00 3.000000000000000000e+01 4.250000000000000000e+00 0.000000000000000000e+00 2.879709737917794943e-01 6.106093669026468884e-01 1.306678402007829809e-02 0.000000000000000000e+00 0.000000000000000000e+00 7.940000000000000000e+02 0.000000000000000000e+00 0.000000000000000000e+00 1.000000000000000000e+00
5.000000000000000000e+00 3.000000000000000000e+01 4.259999999999999787e+00 0.000000000000000000e+00 2.978638234580749389e-01 6.088012779262632623e-01 1.256965095195404503e-02 0.000000000000000000e+00 0.000000000000000000e+00 7.940000000000000000e+02 0.000000000000000000e+00 0.000000000000000000e+00 1.000000000000000000e+00
5.000000000000000000e+00 3.000000000000000000e+01 4.269999999999999574e+00 0.000000000000000000e+00 3.096236255708965102e-01 6.065324251213332074e-01 1.199219044588387822e-02 0.000000000000000000e+00 0.000000000000000000e+00 7.940000000000000000e+02 0.000000000000000000e+00 0.000000000000000000e+00 1.000000000000000000e+00
5.000000000000000000e+00 3.000000000000000000e+01 4.280000000000000249e+00 0.000000000000000000e+00 3.233259243301624397e-01 6.037444150109267937e-01 1.133889848412333867e-02 0.000000000000000000e+00 0.000000000000000000e+00 7.940000000000000000e+02 0.000000000000000000e+00 0.000000000000000000e+00 1.000000000000000000e+00
5.000000000000000000e+00 3.000000000000000000e+01 4.290000000000000036e+00 0.000000000000000000e+00 3.390587424072478706e-01 6.003654925637312845e-01 1.061539577798892298e-02 0.000000000000000000e+00 0.000000000000000000e+00 7.940000000000000000e+02 0.000000000000000000e+00 0.000000000000000000e+00 1.000000000000000000e+00
5.000000000000000000e+00 3.000000000000000000e+01 4.299999999999999822e+00 0.000000000000000000e+00 3.569231463968704499e-01 5.963086944344210272e-01 9.828629598360727471e-03 0.000000000000000000e+00 0.000000000000000000e+00 7.940000000000000000e+02 0.000000000000000000e+00 0.000000000000000000e+00 1.000000000000000000e+00
5.000000000000000000e+00 3.000000000000000000e+01 4.309999999999999609e+00 0.000000000000000000e+00 3.770338960622872104e-01 5.914696107875686559e-01 8.987093913412465274e-03 0.000000000000000000e+00 0.000000000000000000e+00 7.940000000000000000e+02 0.000000000000000000e+00 0.000000000000000000e+00 1.000000000000000000e+00
5.000000000000000000e+00 3.000000000000000000e+01 4.320000000000000284e+00 0.000000000000000000e+00 3.995201815445105220e-01 5.857236981011435528e-01 8.101058170269223591e-03 0.000000000000000000e+00 0.000000000000000000e+00 7.940000000000000000e+02 0.000000000000000000e+00 0.000000000000000000e+00 1.000000000000000000e+00
5.000000000000000000e+00 3.000000000000000000e+01 4.330000000000000071e+00 0.000000000000000000e+00 4.245264532713278749e-01 5.789230737892127054e-01 7.182788411650931071e-03 0.000000000000000000e+00 0.000000000000000000e+00 7.940000000000000000e+02 0.000000000000000000e+00 0.000000000000000000e+00 1.000000000000000000e+00
5.000000000000000000e+00 3.000000000000000000e+01 4.339999999999999858e+00 0.000000000000000000e+00 4.522133498974056365e-01 5.708927101470238075e-01 6.246734458710538618e-03 0.000000000000000000e+00 0.000000000000000000e+00 7.940000000000000000e+02 0.000000000000000000e+00 0.000000000000000000e+00 1.000000000000000000e+00
5.000000000000000000e+00 3.000000000000000000e+01 4.349999999999999645e+00 0.000000000000000000e+00 4.827587302365038968e-01 5.614259296620212059e-01 5.309642351772881491e-03 0.000000000000000000e+00 0.000000000000000000e+00 7.940000000000000000e+02 0.000000000000000000e+00 0.000000000000000000e+00 1.000000000000000000e+00
5.000000000000000000e+00 3.000000000000000000e+01 4.360000000000000320e+00 0.000000000000000000e+00 5.163588158148683105e-01 5.502790857535854174e-01 4.390530650746241742e-03 0.000000000000000000e+00 0.000000000000000000e+00 7.940000000000000000e+02 0.000000000000000000e+00 0.000000000000000000e+00 1.000000000000000000e+00
5.000000000000000000e+00 3.000000000000000000e+01 4.370000000000000107e+00 0.000000000000000000e+00 5.532294513854849605e-01 5.371652920396676745e-01 3.510441248199939329e-03 0.000000000000000000e+00 0.000000000000000000e+00 7.940000000000000000e+02 0.000000000000000000e+00 0.000000000000000000e+00 1.000000000000000000e+00
5.000000000000000000e+00 3.000000000000000000e+01 4.379999999999999893e+00 0.000000000000000000e+00 5.936074915006622765e-01 5.217470387404218313e-01 2.691839967756046864e-03 0.000000000000000000e+00 0.000000000000000000e+00 7.940000000000000000e+02 0.000000000000000000e+00 0.000000000000000000e+00 1.000000000000000000e+00
5.000000000000000000e+00 3.000000000000000000e+01 4.389999999999999680e+00 0.000000000000000000e+00 6.377523220501893908e-01 5.036275061871714476e-01 1.957503257028663304e-03 0.000000000000000000e+00 0.000000000000000000e+00 7.940000000000000000e+02 0.000000000000000000e+00 0.000000000000000000e+00 1.000000000000000000e+00
5.000000000000000000e+00 3.000000000000000000e+01 4.399999999999999467e+00 0.000000000000000000e+00 6.859475265393329968e-01 4.823403518724488359e-01 1.328698645376670193e-03 0.000000000000000000e+00 0.000000000000000000e+00 7.940000000000000000e+02 0.000000000000000000e+00 0.000000000000000000e+00 1.000000000000000000e+00
5.000000000000000000e+00 3.000000000000000000e+01 4.410000000000000142e+00 0.000000000000000000e+00 7.385027078107355702e-01 4.573377081903530206e-01 8.224851802693762190e-04 0.000000000000000000e+00 0.000000000000000000e+00 7.940000000000000000e+02 0.000000000000000000e+00 0.000000000000000000e+00 1.000000000000000000e+00
5.000000000000000000e+00 3.000000000000000000e+01 4.419999999999999929e+00 0.000000000000000000e+00 7.957554769128334371e-01 4.279760819650105241e-01 4.481094303633277945e-04 0.000000000000000000e+00 0.000000000000000000e+00 7.940000000000000000e+02 0.000000000000000000e+00 0.000000000000000000e+00 1.000000000000000000e+00
5.000000000000000000e+00 3.000000000000000000e+01 4.429999999999999716e+00 0.000000000000000000e+00 8.580736218911602098e-01 3.934997928632213982e-01 2.029156474582303853e-04 0.000000000000000000e+00 0.000000000000000000e+00 7.940000000000000000e+02 0.000000000000000000e+00 0.000000000000000000e+00 1.000000000000000000e+00
5.000000000000000000e+00 3.000000000000000000e+01 4.439999999999999503e+00 0.000000000000000000e+00 9.258574704347042328e-01 3.530215244456310075e-01 6.916227814267219675e-05 0.000000000000000000e+00 0.000000000000000000e+00 7.940000000000000000e+02 0.000000000000000000e+00 0.000000000000000000e+00 1.000000000000000000e+00
5.000000000000000000e+00 3.000000000000000000e+01 4.450000000000000178e+00 0.000000000000000000e+00 9.995424615548104130e-01 3.054994872987240595e-01 1.469336812485422489e-05 0.000000000000000000e+00 0.000000000000000000e+00 7.940000000000000000e+02 0.000000000000000000e+00 0.000000000000000000e+00 1.000000000000000000e+00
5.000000000000000000e+00 3.000000000000000000e+01 4.459999999999999964e+00 0.000000000000000000e+00 1.079601942816919458e+00 2.497106064950459225e-01 1.289657980811285775e-06 0.000000000000000000e+00 0.000000000000000000e+00 7.940000000000000000e+02 0.000000000000000000e+00 0.000000000000000000e+00 1.000000000000000000e+00
5.000000000000000000e+00 3.000000000000000000e+01 4.469999999999999751e+00 0.000000000000000000e+00 1.166550211094380840e+00 1.842190433071702049e-01 1.541435911164311164e-08 0.000000000000000000e+00 0.000000000000000000e+00 7.940000000000000000e+02 0.000000000000000000e+00 0.000000000000000000e+00 1.000000000000000000e+00
5.000000000000000000e+00 3.000000000000000000e+01 4.479999999999999538e+00 0.000000000000000000e+00 1.260945816377942119e+00 1.073392410185932955e-01 2.902997625701047173e-13 0.000000000000000000e+00 0.000000000000000000e+00 7.940000000000000000e+02 0.000000000000000000e+00 0.000000000000000000e+00 1.000000000000000000e+00
5.000000000000000000e+00 3.000000000000000000e+01 4.490000000000000213e+00 0.000000000000000000e+00 1.363395149864373490e+00 1.709254374139226873e-02 2.256887711516361380e-48 0.000000000000000000e+00 1.000000000000000000e+00 7.940000000000000000e+02 0.000000000000000000e+00 0.000000000000000000e+00 1.000000000000000000e+00
5.000000000000000000e+00 3.000000000000000000e+01 4.500000000000000000e+00 0.000000000000000000e+00 1.258983761648605926e+00 1.073414610161783772e-01 3.022887951585276583e-13 0.000000000000000000e+00 0.000000000000000000e+00 7.940000000000000000e+02 0.000000000000000000e+00 0.000000000000000000e+00 1.000000000000000000e+00
5.000000000000000000e+00 3.000000000000000000e+01 4.509999999999999787e+00 0.000000000000000000e+00 1.162613497524405792e+00 1.842268275136339228e-01 1.618517252694565271e-08 0.000000000000000000e+00 0.000000000000000000e+00 7.940000000000000000e+02 0.000000000000000000e+00 0.000000000000000000e+00 1.000000000000000000e+00
5.000000000000000000e+00 3.000000000000000000e+01 4.519999999999999574e+00 0.000000000000000000e+00 1.073665281215713918e+00 2.497274423277558719e-01 1.361822672911184158e-06 0.000000000000000000e+00 0.000000000000000000e+00 7.940000000000000000e+02 0.000000000000000000e+00 0.000000000000000000e+00 1.000000000000000000e+00
5.000000000000000000e+00 3.000000000000000000e+01 4.530000000000000249e+00 0.000000000000000000e+00 9.915677151963862013e-01 3.055290951368014873e-01 1.559371093161782693e-05 0.000000000000000000e+00 0.000000000000000000e+00 7.940000000000000000e+02 0.000000000000000000e+00 0.000000000000000000e+00 1.000000000000000000e+00
5.000000000000000000e+00 3.000000000000000000e+01 4.540000000000000036e+00 0.000000000000000000e+00 9.157934100698429392e-01 3.530679533813686488e-01 7.376249729691610607e-05 0.000000000000000000e+00 0.000000000000000000e+00 7.940000000000000000e+02 0.000000000000000000e+00 0.000000000000000000e+00 1.000000000000000000e+00
5.000000000000000000e+00 3.000000000000000000e+01 4.549999999999999822e+00 0.000000000000000000e+00 8.458555966540646232e-01 3.935675249135936471e-01 2.175045840184389526e-04 0.000000000000000000e+00 0.000000000000000000e+00 7.940000000000000000e+02 0.000000000000000000e+00 0.000000000000000000e+00 1.000000000000000000e+00
5.000000000000000000e+00 3.000000000000000000e+01 4.559999999999999609e+00 0.000000000000000000e+00 7.813049990081937235e-01 4.280701474253680860e-01 4.828607513357964162e-04 0.000000000000000000e+00 0.000000000000000000e+00 7.940000000000000000e+02 0.000000000000000000e+00 0.000000000000000000e+00 1.000000000000000000e+00
5.000000000000000000e+00 3.000000000000000000e+01 4.570000000000000284e+00 0.000000000000000000e+00 7.217269483132626728e-01 4.574638150991625629e-01 8.912163248997271442e-04 0.000000000000000000e+00 0.000000000000000000e+00 7.940000000000000000e+02 0.000000000000000000e+00 0.000000000000000000e+00 1.000000000000000000e+00
5.000000000000000000e+00 3.000000000000000000e+01 4.580000000000000071e+00 0.000000000000000000e+00 6.667387190668122576e-01 4.825050329191086784e-01 1.448298814148141905e-03 0.000000000000000000e+00 0.000000000000000000e+00 7.940000000000000000e+02 0.000000000000000000e+00 0.000000000000000000e+00 1.000000000000000000e+00
5.000000000000000000e+00 3.000000000000000000e+01 4.589999999999999858e+00 0.000000000000000000e+00 6.159870704792860252e-01 5.038382868438756601e-01 2.147309155515590012e-03 0.000000000000000000e+00 0.000000000000000000e+00 7.940000000000000000e+02 0.000000000000000000e+00 0.000000000000000000e+00 1.000000000000000000e+00
5.000000000000000000e+00 3.000000000000000000e+01 4.599999999999999645e+00 0.000000000000000000e+00 5.691459772782946347e-01 5.220126309452768343e-01 2.973097107206761763e-03 0.000000000000000000e+00 0.000000000000000000e+00 7.940000000000000000e+02 0.000000000000000000e+00 0.000000000000000000e+00 1.000000000000000000e+00
5.000000000000000000e+00 3.000000000000000000e+01 4.610000000000000320e+00 0.000000000000000000e+00 5.259145353435784598e-01 5.374958184158923347e-01 3.905896107455571198e-03 0.000000000000000000e+00 0.000000000000000000e+00 7.940000000000000000e+02 0.000000000000000000e+00 0.000000000000000000e+00 1.000000000000000000e+00
5.000000000000000000e+00 3.000000000000000000e+01 4.620000000000000107e+00 0.000000000000000000e+00 4.860150287186155715e-01 5.506863401355180931e-01 4.924152789687625403e-03 0.000000000000000000e+00 0.000000000000000000e+00 7.940000000000000000e+02 0.000000000000000000e+00 0.000000000000000000e+00 1.000000000000000000e+00
5.000000000000000000e+00 3.000000000000000000e+01 4.629999999999999893e+00 0.000000000000000000e+00 4.491911455814713294e-01 5.619236806330992762e-01 6.006457302455775471e-03 0.000000000000000000e+00 0.000000000000000000e+00 7.940000000000000000e+02 0.000000000000000000e+00 0.000000000000000000e+00 1.000000000000000000e+00
5.000000000000000000e+00 3.000000000000000000e+01 4.639999999999999680e+00 0.000000000000000000e+00 4.152063317144136234e-01 5.714970554018895532e-01 7.132743890453777103e-03 0.000000000000000000e+00 0.000000000000000000e+00 7.940000000000000000e+02 0.000000000000000000e+00 0.000000000000000000e+00 1.000000000000000000e+00
5.000000000000000000e+00 3.000000000000000000e+01 4.649999999999999467e+00 0.000000000000000000e+00 3.838422708950828266e-01 5.796528544401677863e-01 8.284955670635509029e-03 0.000000000000000000e+00 0.000000000000000000e+00 7.940000000000000000e+02 0.000000000000000000e+00 0.000000000000000000e+00 1.000000000000000000e+00
5.000000000000000000e+00 3.000000000000000000e+01 4.660000000000000142e+00 0.000000000000000000e+00 3.548974824473536960e-01 5.866009835919580029e-01 9.447340848580267070e-03 0.000000000000000000e+00 0.000000000000000000e+00 7.940000000000000000e+02 0.000000000000000000e+00 0.000000000000000000e+00 1.000000000000000000e+00
5.000000000000000000e+00 3.000000000000000000e+01 4.669999999999999929e+00 0.000000000000000000e+00 3.281860269426447596e-01 5.925202668948748030e-01 1.060650882460580785e-02 0.000000000000000000e+00 0.000000000000000000e+00 7.940000000000000000e+02 0.000000000000000000e+00 0.000000000000000000e+00 1.000000000000000000e+00
5.000000000000000000e+00 3.000000000000000000e+01 4.679999999999999716e+00 0.000000000000000000e+00 3.035363117371849273e-01 5.975630489753471775e-01 1.175133873623049330e-02 0.000000000000000000e+00 0.000000000000000000e+00 7.940000000000000000e+02 0.000000000000000000e+00 0.000000000000000000e+00 1.000000000000000000e+00
5.000000000000000000e+00 3.000000000000000000e+01 4.689999999999999503e+00 0.000000000000000000e+00 2.807899886720895966e-01 6.018591159430949356e-01 1.287280432201630409e-02 0.000000000000000000e+00 0.000000000000000000e+00 7.940000000000000000e+02 0.000000000000000000e+00 0.000000000000000000e+00 1.000000000000000000e+00
5.000000000000000000e+00 3.000000000000000000e+01 4.700000000000000178e+00 0.000000000000000000e+00 2.598009368551400522e-01 6.055190356969364363e-01 1.396375770586737869e-02 0.000000000000000000e+00 0.000000000000000000e+00 7.940000000000000000e+02 0.000000000000000000e+00 0.000000000000000000e+00 1.000000000000000000e+00
5.000000000000000000e+00 3.000000000000000000e+01 4.709999999999999964e+00 0.000000000000000000e+00 2.404343239897259177e-01 6.086370036114006066e-01 1.501869955210307500e-02 0.000000000000000000e+00 0.000000000000000000e+00 7.940000000000000000e+02 0.000000000000000000e+00 0.000000000000000000e+00 1.000000000000000000e+00
5.000000000000000000e+00 3.000000000000000000e+01 4.719999999999999751e+00 0.000000000000000000e+00 2.225657402209861857e-01 6.112932668435906436e-01 1.603355256939484330e-02 0.000000000000000000e+00 0.000000000000000000e+00 7.940000000000000000e+02 0.000000000000000000e+00 0.000000000000000000e+00 1.000000000000000000e+00
5.000000000000000000e+00 3.000000000000000000e+01 4.729999999999999538e+00 0.000000000000000000e+00 2.060803989350360466e-01 6.135561896547008232e-01 1.700544826719892211e-02 0.000000000000000000e+00 0.000000000000000000e+00 7.940000000000000000e+02 0.000000000000000000e+00 0.000000000000000000e+00 1.000000000000000000e+00
5.000000000000000000e+00 3.000000000000000000e+01 4.740000000000000213e+00 0.000000000000000000e+00 1.908723993772642458e-01 6.154840129013784411e-01 1.793253219121999920e-02 0.000000000000000000e+00 0.000000000000000000e+00 7.940000000000000000e+02 0.000000000000000000e+00 0.000000000000000000e+00 1.000000000000000000e+00
5.000000000000000000e+00 3.000000000000000000e+01 4.750000000000000000e+00 0.000000000000000000e+00 1.768440463528084261e-01 6.171263529809649651e-01 1.881378984506217045e-02 0.000000000000000000e+00 0.000000000000000000e+00 7.940000000000000000e+02 0.000000000000000000e+00 0.000000000000000000e+00 1.000000000000000000e+00
5.000000000000000000e+00 3.000000000000000000e+01 4.759999999999999787e+00 0.000000000000000000e+00 1.639052226390114719e-01 6.185254788089847855e-01 1.964889361427905878e-02 0.000000000000000000e+00 0.000000000000000000e+00 7.940000000000000000e+02 0.000000000000000000e+00 0.000000000000000000e+00 1.000000000000000000e+00
5.000000000000000000e+00 3.000000000000000000e+01 4.769999999999999574e+00 0.000000000000000000e+00 1.519728100782745672e-01 6.197173996944517205e-01 2.043806987544145859e-02 0.000000000000000000e+00 0.000000000000000000e+00 7.940000000000000000e+02 0.000000000000000000e+00 0.000000000000000000e+00 1.000000000000000000e+00
5.000000000000000000e+00 3.000000000000000000e+01 4.780000000000000249e+00 0.000000000000000000e+00 1.409701556324470806e-01 6.207327921116514435e-01 2.118198484013991689e-02 0.000000000000000000e+00 0.000000000000000000e+00 7.940000000000000000e+02 0.000000000000000000e+00 0.000000000000000000e+00 1.000000000000000000e+00
5.000000000000000000e+00 3.000000000000000000e+01 4.790000000000000036e+00 0.000000000000000000e+00 1.308265789687210190e-01 6.215977892207250610e-01 2.188164737662930126e-02 0.000000000000000000e+00 0.000000000000000000e+00 7.940000000000000000e+02 0.000000000000000000e+00 0.000000000000000000e+00 1.000000000000000000e+00
5.000000000000000000e+00 3.000000000000000000e+01 4.799999999999999822e+00 0.000000000000000000e+00 1.214769184137943769e-01 6.223346534569541566e-01 2.253832695131945119e-02 0.000000000000000000e+00 0.000000000000000000e+00 7.940000000000000000e+02 0.000000000000000000e+00 0.000000000000000000e+00 1.000000000000000000e+00
5.000000000000000000e+00 3.000000000000000000e+01 4.809999999999999609e+00 0.000000000000000000e+00 1.128611123595418819e-01 6.229623494991779475e-01 2.315348485877159745e-02 0.000000000000000000e+00 0.000000000000000000e+00 7.940000000000000000e+02 0.000000000000000000e+00 0.000000000000000000e+00 1.000000000000000000e+00
5.000000000000000000e+00 3.000000000000000000e+01 4.820000000000000284e+00 0.000000000000000000e+00 1.049238134311712561e-01 6.234970323638346912e-01 2.372871700932779881e-02 0.000000000000000000e+00 0.000000000000000000e+00 7.940000000000000000e+02 0.000000000000000000e+00 0.000000000000000000e+00 1.000000000000000000e+00
5.000000000000000000e+00 3.000000000000000000e+01 4.830000000000000071e+00 0.000000000000000000e+00 9.761403293930619174e-02 6.239524631867087168e-01 2.426570668328519031e-02 0.000000000000000000e+00 0.000000000000000000e+00 7.940000000000000000e+02 0.000000000000000000e+00 0.000000000000000000e+00 1.000000000000000000e+00
5.000000000000000000e+00 3.000000000000000000e+01 4.839999999999999858e+00 0.000000000000000000e+00 9.088481333197948042e-02 6.243403633933545249e-01 2.476618581728985691e-02 0.000000000000000000e+00 0.000000000000000000e+00 7.940000000000000000e+02 0.000000000000000000e+00 0.000000000000000000e+00 1.000000000000000000e+00
5.000000000000000000e+00 3.000000000000000000e+01 4.849999999999999645e+00 0.000000000000000000e+00 8.469292654238909368e-02 6.246707163734922519e-01 2.523190354835529170e-02 0.000000000000000000e+00 0.000000000000000000e+00 7.940000000000000000e+02 0.000000000000000000e+00 0.000000000000000000e+00 1.000000000000000000e+00
5.000000000000000000e+00 3.000000000000000000e+01 4.860000000000000320e+00 0.000000000000000000e+00 7.899859629462348265e-02 6.249520244235609034e-01 2.566460089514500942e-02 0.000000000000000000e+00 0.000000000000000000e+00 7.940000000000000000e+02 0.000000000000000000e+00 0.000000000000000000e+00 1.000000000000000000e+00
5.000000000000000000e+00 3.000000000000000000e+01 4.870000000000000107e+00 0.000000000000000000e+00 7.376524258346554841e-02 6.251915275703685548e-01 2.606599060012346203e-02 0.000000000000000000e+00 0.000000000000000000e+00 7.940000000000000000e+02 0.000000000000000000e+00 0.000000000000000000e+00 1.000000000000000000e+00
5.000000000000000000e+00 3.000000000000000000e+01 4.879999999999999893e+00 0.000000000000000000e+00 6.895924668683078851e-02 6.253953899077020484e-01 2.643774128746984031e-02 0.000000000000000000e+00 0.000000000000000000e+00 7.940000000000000000e+02 0.000000000000000000e+00 0.000000000000000000e+00 1.000000000000000000e+00
5.000000000000000000e+00 3.000000000000000000e+01 4.889999999999999680e+00 0.000000000000000000e+00 6.454973520129457520e-02 6.255688582416417676e-01 2.678146520941868114e-02 0.000000000000000000e+00 0.000000000000000000e+00 7.940000000000000000e+02 0.000000000000000000e+00 0.000000000000000000e+00 1.000000000000000000e+00
5.000000000000000000e+00 3.000000000000000000e+01 4.899999999999999467e+00 0.000000000000000000e+00 6.050838171336715005e-02 6.257163971276379355e-01 2.709870895801511081e-02 0.000000000000000000e+00 0.000000000000000000e+00 7.940000000000000000e+02 0.000000000000000000e+00 0.000000000000000000e+00 1.000000000000000000e+00
5.000000000000000000e+00 3.000000000000000000e+01 4.910000000000000142e+00 0.000000000000000000e+00 5.680922483246519938e-02 6.258418037747984775e-01 2.739094661080919424e-02 0.000000000000000000e+00 0.000000000000000000e+00 7.940000000000000000e+02 0.000000000000000000e+00 0.000000000000000000e+00 1.000000000000000000e+00
5.000000000000000000e+00 3.000000000000000000e+01 4.919999999999999929e+00 0.000000000000000000e+00 5.342850141663617325e-02 6.259483057746800805e-01 2.765957485871854693e-02 0.000000000000000000e+00 0.000000000000000000e+00 7.940000000000000000e+02 0.000000000000000000e+00 0.000000000000000000e+00 1.000000000000000000e+00
5.000000000000000000e+00 3.000000000000000000e+01 4.929999999999999716e+00 0.000000000000000000e+00 5.034449391968807974e-02 6.260386441698312376e-01 2.790590973325267343e-02 0.000000000000000000e+00 0.000000000000000000e+00 7.940000000000000000e+02 0.000000000000000000e+00 0.000000000000000000e+00 1.000000000000000000e+00
5.000000000000000000e+00 3.000000000000000000e+01 4.939999999999999503e+00 0.000000000000000000e+00 4.753739087909250594e-02 6.261151440000172208e-01 2.813118460966262946e-02 0.000000000000000000e+00 0.000000000000000000e+00 7.940000000000000000e+02 0.000000000000000000e+00 0.000000000000000000e+00 1.000000000000000000e+00
5.000000000000000000e+00 3.000000000000000000e+01 4.950000000000000178e+00 0.000000000000000000e+00 4.498915964844470150e-02 6.261797741417818308e-01 2.833654921344985755e-02 0.000000000000000000e+00 0.000000000000000000e+00 7.940000000000000000e+02 0.000000000000000000e+00 0.000000000000000000e+00 1.000000000000000000e+00
5.000000000000000000e+00 3.000000000000000000e+01 4.959999999999999964e+00 0.000000000000000000e+00 4.268343055692199600e-02 6.262341979814337600e-01 2.852306940108530198e-02 0.000000000000000000e+00 0.000000000000000000e+00 7.940000000000000000e+02 0.000000000000000000e+00 0.000000000000000000e+00 1.000000000000000000e+00
5.000000000000000000e+00 3.000000000000000000e+01 4.969999999999999751e+00 0.000000000000000000e+00 4.060539175158872638e-02 6.262798162256288936e-01 2.869172752271455240e-02 0.000000000000000000e+00 0.000000000000000000e+00 7.940000000000000000e+02 0.000000000000000000e+00 0.000000000000000000e+00 1.000000000000000000e+00
5.000000000000000000e+00 3.000000000000000000e+01 4.979999999999999538e+00 0.000000000000000000e+00 3.874169404702131753e-02 6.263178029513651879e-01 2.884342320590309316e-02 0.000000000000000000e+00 0.000000000000000000e+00 7.940000000000000000e+02 0.000000000000000000e+00 0.000000000000000000e+00 1.000000000000000000e+00
5.000000000000000000e+00 3.000000000000000000e+01 4.990000000000000213e+00 0.000000000000000000e+00 3.708036517101394314e-02 6.263491358232085027e-01 2.897897442590771644e-02 0.000000000000000000e+00 0.000000000000000000e+00 7.940000000000000000e+02 0.000000000000000000e+00 0.000000000000000000e+00 1.000000000000000000e+00
5.000000000000000000e+00 3.000000000000000000e+01 5.000000000000000000e+00 0.000000000000000000e+00 3.561073285548460587e-02 6.263746212554514026e-01 2.909911875018451888e-02 0.000000000000000000e+00 0.000000000000000000e+00 7.940000000000000000e+02 0.000000000000000000e+00 0.000000000000000000e+00 1.000000000000000000e+00
5.000000000000000000e+00 3.000000000000000000e+01 5.009999999999999787e+00 0.000000000000000000e+00 3.432335627852269033e-02 6.263949151668011250e-01 2.920451466350548753e-02 0.000000000000000000e+00 0.000000000000000000e+00 7.940000000000000000e+02 0.000000000000000000e+00 0.000000000000000000e+00 1.000000000000000000e+00
5.000000000000000000e+00 3.000000000000000000e+01 5.019999999999999574e+00 0.000000000000000000e+00 3.320996541716631639e-02 6.264105398617645371e-01 2.929574289563009748e-02 0.000000000000000000e+00 0.000000000000000000e+00 7.940000000000000000e+02 0.000000000000000000e+00 0.000000000000000000e+00 1.000000000000000000e+00
5.000000000000000000e+00 3.000000000000000000e+01 5.030000000000000249e+00 0.000000000000000000e+00 3.226340792131547619e-02 6.264218974732000955e-01 2.937330768645278478e-02 0.000000000000000000e+00 0.000000000000000000e+00 7.940000000000000000e+02 0.000000000000000000e+00 0.000000000000000000e+00 1.000000000000000000e+00
5.000000000000000000e+00 3.000000000000000000e+01 5.040000000000000036e+00 0.000000000000000000e+00 3.147760316750262966e-02 6.264292803120153907e-01 2.943763793429891862e-02 0.000000000000000000e+00 0.000000000000000000e+00 7.940000000000000000e+02 0.000000000000000000e+00 0.000000000000000000e+00 1.000000000000000000e+00
5.000000000000000000e+00 3.000000000000000000e+01 5.049999999999999822e+00 0.000000000000000000e+00 3.084750319736510177e-02 6.264328783903725384e-01 2.948908818191339765e-02 0.000000000000000000e+00 0.000000000000000000e+00 7.940000000000000000e+02 0.000000000000000000e+00 0.000000000000000000e+00 1.000000000000000000e+00
5.000000000000000000e+00 3.000000000000000000e+01 5.059999999999999609e+00 0.000000000000000000e+00 3.036906028989057316e-02 6.264327843120339745e-01 2.952793940198580880e-02 0.000000000000000000e+00 0.000000000000000000e+00 7.940000000000000000e+02 0.000000000000000000e+00 0.000000000000000000e+00 1.000000000000000000e+00
5.000000000000000000e+00 3.000000000000000000e+01 5.070000000000000284e+00 0.000000000000000000e+00 3.003920095912195748e-02 6.264289956557046457e-01 2.955439955002725494e-02 0.000000000000000000e+00 0.000000000000000000e+00 7.940000000000000000e+02 0.000000000000000000e+00 0.000000000000000000e+00 1.000000000000000000e+00
5.000000000000000000e+00 3.000000000000000000e+01 5.080000000000000071e+00 0.000000000000000000e+00 2.985580621028455922e-02 6.264214149127165232e-01 2.956860385730603058e-02 0.000000000000000000e+00 0.000000000000000000e+00 7.940000000000000000e+02 0.000000000000000000e+00 0.000000000000000000e+00 1.000000000000000000e+00
5.000000000000000000e+00 3.000000000000000000e+01 5.089999999999999858e+00 0.000000000000000000e+00 2.981769792750217640e-02 6.264098469774460609e-01 2.957061484054725187e-02 0.000000000000000000e+00 0.000000000000000000e+00 7.940000000000000000e+02 0.000000000000000000e+00 0.000000000000000000e+00 1.000000000000000000e+00
5.000000000000000000e+00 3.000000000000000000e+01 5.099999999999999645e+00 0.000000000000000000e+00 2.992463130565772150e-02 6.263939941258800381e-01 2.956042200841119127e-02 0.000000000000000000e+00 0.000000000000000000e+00 7.940000000000000000e+02 0.000000000000000000e+00 0.000000000000000000e+00 1.000000000000000000e+00
5.000000000000000000e+00 3.000000000000000000e+01 5.110000000000000320e+00 0.000000000000000000e+00 3.017729327778118781e-02 6.263734483530927211e-01 2.953794124754197115e-02 0.000000000000000000e+00 0.000000000000000000e+00 7.940000000000000000e+02 0.000000000000000000e+00 0.000000000000000000e+00 1.000000000000000000e+00
5.000000000000000000e+00 3.000000000000000000e+01 5.120000000000000107e+00 0.000000000000000000e+00 3.057730692786248677e-02 6.263476808724182110e-01 2.950301387340636960e-02 0.000000000000000000e+00 0.000000000000000000e+00 7.940000000000000000e+02 0.000000000000000000e+00 0.000000000000000000e+00 1.000000000000000000e+00
5.000000000000000000e+00 3.000000000000000000e+01 5.129999999999999893e+00 0.000000000000000000e+00 3.112724191743689028e-02 6.263160285060664911e-01 2.945540533338046607e-02 0.000000000000000000e+00 0.000000000000000000e+00 7.940000000000000000e+02 0.000000000000000000e+00 0.000000000000000000e+00 1.000000000000000000e+00
5.000000000000000000e+00 3.000000000000000000e+01 5.139999999999999680e+00 0.000000000000000000e+00 3.183063099292275655e-02 6.262776766169136922e-01 2.939480355176318782e-02 0.000000000000000000e+00 0.000000000000000000e+00 7.940000000000000000e+02 0.000000000000000000e+00 0.000000000000000000e+00 1.000000000000000000e+00
5.000000000000000000e+00 3.000000000000000000e+01 5.149999999999999467e+00 0.000000000000000000e+00 3.269199267975351347e-02 6.262316381421806355e-01 2.932081690879938252e-02 0.000000000000000000e+00 0.000000000000000000e+00 7.940000000000000000e+02 0.000000000000000000e+00 0.000000000000000000e+00 1.000000000000000000e+00
5.000000000000000000e+00 3.000000000000000000e+01 5.160000000000000142e+00 0.000000000000000000e+00 3.371686030908965792e-02 6.261767281893941828e-01 2.923297184858643372e-02 0.000000000000000000e+00 0.000000000000000000e+00 7.940000000000000000e+02 0.000000000000000000e+00 0.000000000000000000e+00 1.000000000000000000e+00
5.000000000000000000e+00 3.000000000000000000e+01 5.169999999999999929e+00 0.000000000000000000e+00 3.491181756357632227e-02 6.261115335408017346e-01 2.913071011416551448e-02 0.000000000000000000e+00 0.000000000000000000e+00 7.940000000000000000e+02 0.000000000000000000e+00 0.000000000000000000e+00 1.000000000000000000e+00
5.000000000000000000e+00 3.000000000000000000e+01 5.179999999999999716e+00 0.000000000000000000e+00 3.628454077049018955e-02 6.260343762813791457e-01 2.901338561246775971e-02 0.000000000000000000e+00 0.000000000000000000e+00 7.940000000000000000e+02 0.000000000000000000e+00 0.000000000000000000e+00 1.000000000000000000e+00
5.000000000000000000e+00 3.000000000000000000e+01 5.189999999999999503e+00 0.000000000000000000e+00 3.784384821396402643e-02 6.259432706143234215e-01 2.888026091744071155e-02 0.000000000000000000e+00 0.000000000000000000e+00 7.940000000000000000e+02 0.000000000000000000e+00 0.000000000000000000e+00 1.000000000000000000e+00
5.000000000000000000e+00 3.000000000000000000e+01 5.200000000000000178e+00 0.000000000000000000e+00 3.959975678306736774e-02 6.258358717525870363e-01 2.873050342708045879e-02 0.000000000000000000e+00 0.000000000000000000e+00 7.940000000000000000e+02 0.000000000000000000e+00 0.000000000000000000e+00 1.000000000000000000e+00
5.000000000000000000e+00 3.000000000000000000e+01 5.209999999999999964e+00 0.000000000000000000e+00 4.156354631964707252e-02 6.257094155710850591e-01 2.856318119977399594e-02 0.000000000000000000e+00 0.000000000000000000e+00 7.940000000000000000e+02 0.000000000000000000e+00 0.000000000000000000e+00 1.000000000000000000e+00
5.000000000000000000e+00 3.000000000000000000e+01 5.219999999999999751e+00 0.000000000000000000e+00 4.374783207929382883e-02 6.255606474663881755e-01 2.837725850801160743e-02 0.000000000000000000e+00 0.000000000000000000e+00 7.940000000000000000e+02 0.000000000000000000e+00 0.000000000000000000e+00 1.000000000000000000e+00
5.000000000000000000e+00 3.000000000000000000e+01 5.229999999999999538e+00 0.000000000000000000e+00 4.616664577091930677e-02 6.253857385929804114e-01 2.817159116402304098e-02 0.000000000000000000e+00 0.000000000000000000e+00 7.940000000000000000e+02 0.000000000000000000e+00 0.000000000000000000e+00 1.000000000000000000e+00
5.000000000000000000e+00 3.000000000000000000e+01 5.240000000000000213e+00 0.000000000000000000e+00 4.883552569553677863e-02 6.251801873202396109e-01 2.794492169328881281e-02 0.000000000000000000e+00 0.000000000000000000e+00 7.940000000000000000e+02 0.000000000000000000e+00 0.000000000000000000e+00 1.000000000000000000e+00
5.000000000000000000e+00 3.000000000000000000e+01 5.250000000000000000e+00 0.000000000000000000e+00 5.177161656329096889e-02 6.249387033739457475e-01 2.769587445957601146e-02 0.000000000000000000e+00 0.000000000000000000e+00 7.940000000000000000e+02 0.000000000000000000e+00 0.000000000000000000e+00 1.000000000000000000e+00
5.000000000000000000e+00 3.000000000000000000e+01 5.259999999999999787e+00 0.000000000000000000e+00 5.499377962995508767e-02 6.246550716804646353e-01 2.742295088082821741e-02 0.000000000000000000e+00 0.000000000000000000e+00 7.940000000000000000e+02 0.000000000000000000e+00 0.000000000000000000e+00 1.000000000000000000e+00
5.000000000000000000e+00 3.000000000000000000e+01 5.269999999999999574e+00 0.000000000000000000e+00 5.852271386040480694e-02 6.243219924093655893e-01 2.712452492110117852e-02 0.000000000000000000e+00 0.000000000000000000e+00 7.940000000000000000e+02 0.000000000000000000e+00 0.000000000000000000e+00 1.000000000000000000e+00
5.000000000000000000e+00 3.000000000000000000e+01 5.280000000000000249e+00 0.000000000000000000e+00 6.238108889741526830e-02 6.239308930976438239e-01 2.679883910247909951e-02 0.000000000000000000e+00 0.000000000000000000e+00 7.940000000000000000e+02 0.000000000000000000e+00 0.000000000000000000e+00 1.000000000000000000e+00
5.000000000000000000e+00 3.000000000000000000e+01 5.290000000000000036e+00 0.000000000000000000e+00 6.659369068996418006e-02 6.234717080201946926e-01 2.644400135599098145e-02 0.000000000000000000e+00 0.000000000000000000e+00 7.940000000000000000e+02 0.000000000000000000e+00 0.000000000000000000e+00 1.000000000000000000e+00
5.000000000000000000e+00 3.000000000000000000e+01 5.299999999999999822e+00 0.000000000000000000e+00 7.118758071654751607e-02 6.229326191281933101e-01 2.605798312626714242e-02 0.000000000000000000e+00 0.000000000000000000e+00 7.940000000000000000e+02 0.000000000000000000e+00 0.000000000000000000e+00 1.000000000000000000e+00
5.000000000000000000e+00 3.000000000000000000e+01 5.309999999999999609e+00 0.000000000000000000e+00 7.619226982634814960e-02 6.222997518879064272e-01 2.563861926646528178e-02 0.000000000000000000e+00 0.000000000000000000e+00 7.940000000000000000e+02 0.000000000000000000e+00 0.000000000000000000e+00 1.000000000000000000e+00
5.000000000000000000e+00 3.000000000000000000e+01 5.320000000000000284e+00 0.000000000000000000e+00 8.163990781500148064e-02 6.215568181917422441e-01 2.518361041463641758e-02 0.000000000000000000e+00 0.000000000000000000e+00 7.940000000000000000e+02 0.000000000000000000e+00 0.000000000000000000e+00 1.000000000000000000e+00
5.000000000000000000e+00 3.000000000000000000e+01 5.330000000000000071e+00 0.000000000000000000e+00 8.756548995278085057e-02 6.206846971511390532e-01 2.469052873865551501e-02 0.000000000000000000e+00 0.000000000000000000e+00 7.940000000000000000e+02 0.000000000000000000e+00 0.000000000000000000e+00 1.000000000000000000e+00
5.000000000000000000e+00 3.000000000000000000e+01 5.339999999999999858e+00 0.000000000000000000e+00 9.400708179192550362e-02 6.196609429821505755e-01 2.415682818465914039e-02 0.000000000000000000e+00 0.000000000000000000e+00 7.940000000000000000e+02 0.000000000000000000e+00 0.000000000000000000e+00 1.000000000000000000e+00
5.000000000000000000e+00 3.000000000000000000e+01 5.349999999999999645e+00 0.000000000000000000e+00 1.010060636972597015e-01 6.184592073181841565e-01 2.357986067661688168e-02 0.000000000000000000e+00 0.000000000000000000e+00 7.940000000000000000e+02 0.000000000000000000e+00 0.000000000000000000e+00 1.000000000000000000e+00
5.000000000000000000e+00 3.000000000000000000e+01 5.360000000000000320e+00 0.000000000000000000e+00 1.086073966709508037e-01 6.170485610819473887e-01 2.295690010819392834e-02 0.000000000000000000e+00 0.000000000000000000e+00 7.940000000000000000e+02 0.000000000000000000e+00 0.000000000000000000e+00 1.000000000000000000e+00
5.000000000000000000e+00 3.000000000000000000e+01 5.370000000000000107e+00 0.000000000000000000e+00 1.168599111790476625e-01 6.153926984636176600e-01 2.228517646178035383e-02 0.000000000000000000e+00 0.000000000000000000e+00 7.940000000000000000e+02 0.000000000000000000e+00 0.000000000000000000e+00 1.000000000000000000e+00
5.000000000000000000e+00 3.000000000000000000e+01 5.379999999999999893e+00 0.000000000000000000e+00 1.258166208352019255e-01 6.134490025180177053e-01 2.156192300651747773e-02 0.000000000000000000e+00 0.000000000000000000e+00 7.940000000000000000e+02 0.000000000000000000e+00 0.000000000000000000e+00 1.000000000000000000e+00
5.000000000000000000e+00 3.000000000000000000e+01 5.389999999999999680e+00 0.000000000000000000e+00 1.355350629566562937e-01 6.111674483320673756e-01 2.078444029404664939e-02 0.000000000000000000e+00 0.000000000000000000e+00 7.940000000000000000e+02 0.000000000000000000e+00 0.000000000000000000e+00 1.000000000000000000e+00
5.000000000000000000e+00 3.000000000000000000e+01 5.399999999999999467e+00 0.000000000000000000e+00 1.460776681802085641e-01 6.084893155333249704e-01 1.995018161713858762e-02 0.000000000000000000e+00 0.000000000000000000e+00 7.940000000000000000e+02 0.000000000000000000e+00 0.000000000000000000e+00 1.000000000000000000e+00
5.000000000000000000e+00 3.000000000000000000e+01 5.410000000000000142e+00 0.000000000000000000e+00 1.575121615125406049e-01 6.053456770034431056e-01 1.905686575252542314e-02 0.000000000000000000e+00 0.000000000000000000e+00 7.940000000000000000e+02 0.000000000000000000e+00 0.000000000000000000e+00 1.000000000000000000e+00
5.000000000000000000e+00 3.000000000000000000e+01 5.419999999999999929e+00 0.000000000000000000e+00 1.699119973912336934e-01 6.016556249005504675e-01 1.810262420075402223e-02 0.000000000000000000e+00 0.000000000000000000e+00 7.940000000000000000e+02 0.000000000000000000e+00 0.000000000000000000e+00 1.000000000000000000e+00
5.000000000000000000e+00 3.000000000000000000e+01 5.429999999999999716e+00 0.000000000000000000e+00 1.833568315512729141e-01 5.973241883336877223e-01 1.708619177301333447e-02 0.000000000000000000e+00 0.000000000000000000e+00 7.940000000000000000e+02 0.000000000000000000e+00 0.000000000000000000e+00 1.000000000000000000e+00
5.000000000000000000e+00 3.000000000000000000e+01 5.439999999999999503e+00 0.000000000000000000e+00 1.979330327282808888e-01 5.922398890964721829e-01 1.600715123178297894e-02 0.000000000000000000e+00 0.000000000000000000e+00 7.940000000000000000e+02 0.000000000000000000e+00 0.000000000000000000e+00 1.000000000000000000e+00
5.000000000000000000e+00 3.000000000000000000e+01 5.450000000000000178e+00 0.000000000000000000e+00 2.137342374856286975e-01 5.862718725518961671e-01 1.486624466690036894e-02 0.000000000000000000e+00 0.000000000000000000e+00 7.940000000000000000e+02 0.000000000000000000e+00 0.000000000000000000e+00 1.000000000000000000e+00
5.000000000000000000e+00 3.000000000000000000e+01 5.459999999999999964e+00 0.000000000000000000e+00 2.308619517295966705e-01 5.792665398258260989e-01 1.366576612872066887e-02 0.000000000000000000e+00 0.000000000000000000e+00 7.940000000000000000e+02 0.000000000000000000e+00 0.000000000000000000e+00 1.000000000000000000e+00
5.000000000000000000e+00 3.000000000000000000e+01 5.469999999999999751e+00 0.000000000000000000e+00 2.494262027766804835e-01 5.710435946319466494e-01 1.241005120345250318e-02 0.000000000000000000e+00 0.000000000000000000e+00 7.940000000000000000e+02 0.000000000000000000e+00 0.000000000000000000e+00 1.000000000000000000e+00
5.000000000000000000e+00 3.000000000000000000e+01 5.479999999999999538e+00 0.000000000000000000e+00 2.695462461618781669e-01 5.613914029852627996e-01 1.110607861411889302e-02 0.000000000000000000e+00 0.000000000000000000e+00 7.940000000000000000e+02 0.000000000000000000e+00 0.000000000000000000e+00 1.000000000000000000e+00
5.000000000000000000e+00 3.000000000000000000e+01 5.490000000000000213e+00 0.000000000000000000e+00 2.913513317284506798e-01 5.500615463770823776e-01 9.764194455303007447e-03 0.000000000000000000e+00 0.000000000000000000e+00 7.940000000000000000e+02 0.000000000000000000e+00 0.000000000000000000e+00 1.000000000000000000e+00
5.000000000000000000e+00 3.000000000000000000e+01 5.500000000000000000e+00 0.000000000000000000e+00 3.149815339204639630e-01 5.367624282265123226e-01 8.398957322895389543e-03 0.000000000000000000e+00 0.000000000000000000e+00 7.940000000000000000e+02 0.000000000000000000e+00 0.000000000000000000e+00 1.000000000000000000e+00
5.000000000000000000e+00 3.000000000000000000e+01 5.509999999999999787e+00 0.000000000000000000e+00 3.405886516118600271e-01 5.211517690576765727e-01 7.030074918771209158e-03 0.000000000000000000e+00 0.000000000000000000e+00 7.940000000000000000e+02 0.000000000000000000e+00 0.000000000000000000e+00 1.000000000000000000e+00
5.000000000000000000e+00 3.000000000000000000e+01 5.519999999999999574e+00 0.000000000000000000e+00 3.683371832524983680e-01 5.028277972509904714e-01 5.683345986621308327e-03 0.000000000000000000e+00 0.000000000000000000e+00 7.940000000000000000e+02 0.000000000000000000e+00 0.000000000000000000e+00 1.000000000000000000e+00
5.000000000000000000e+00 3.000000000000000000e+01 5.530000000000000249e+00 0.000000000000000000e+00 3.984053835954431966e-01 4.813189086448135257e-01 4.391411098551213643e-03 0.000000000000000000e+00 0.000000000000000000e+00 7.940000000000000000e+02 0.000000000000000000e+00 0.000000000000000000e+00 1.000000000000000000e+00
5.000000000000000000e+00 3.000000000000000000e+01 5.540000000000000036e+00 0.000000000000000000e+00 4.309864087938423682e-01 4.560715288565848069e-01 3.193909899341092901e-03 0.000000000000000000e+00 0.000000000000000000e+00 7.940000000000000000e+02 0.000000000000000000e+00 0.000000000000000000e+00 1.000000000000000000e+00
5.000000000000000000e+00 3.000000000000000000e+01 5.549999999999999822e+00 0.000000000000000000e+00 4.662895572234276309e-01 4.264358659359414605e-01 2.136276976919712980e-03 0.000000000000000000e+00 0.000000000000000000e+00 7.940000000000000000e+02 0.000000000000000000e+00 0.000000000000000000e+00 1.000000000000000000e+00
5.000000000000000000e+00 3.000000000000000000e+01 5.559999999999999609e+00 0.000000000000000000e+00 5.045416140015951401e-01 3.916491866657723642e-01 1.265816413506390056e-03 0.000000000000000000e+00 0.000000000000000000e+00 7.940000000000000000e+02 0.000000000000000000e+00 0.000000000000000000e+00 1.000000000000000000e+00
5.000000000000000000e+00 3.000000000000000000e+01 5.570000000000000284e+00 0.000000000000000000e+00 5.459883078401738254e-01 3.508161860932781373e-01 6.229368881589952833e-04 0.000000000000000000e+00 0.000000000000000000e+00 7.940000000000000000e+02 0.000000000000000000e+00 0.000000000000000000e+00 1.000000000000000000e+00
5.000000000000000000e+00 3.000000000000000000e+01 5.580000000000000071e+00 0.000000000000000000e+00 5.908958895906029074e-01 3.028859450615513094e-01 2.252475075953451304e-04 0.000000000000000000e+00 0.000000000000000000e+00 7.940000000000000000e+02 0.000000000000000000e+00 0.000000000000000000e+00 1.000000000000000000e+00
5.000000000000000000e+00 3.000000000000000000e+01 5.589999999999999858e+00 0.000000000000000000e+00 6.395528426219957430e-01 2.466248826975425135e-01 4.581027360969357372e-05 0.000000000000000000e+00 0.000000000000000000e+00 7.940000000000000000e+02 0.000000000000000000e+00 0.000000000000000000e+00 1.000000000000000000e+00
5.000000000000000000e+00 3.000000000000000000e+01 5.599999999999999645e+00 0.000000000000000000e+00 6.922717360194406977e-01 1.805850077344494653e-01 2.538033126074842329e-06 0.000000000000000000e+00 0.000000000000000000e+00 7.940000000000000000e+02 0.000000000000000000e+00 0.000000000000000000e+00 1.000000000000000000e+00
5.000000000000000000e+00 3.000000000000000000e+01 5.610000000000000320e+00 0.000000000000000000e+00 7.493912325073684988e-01 1.030666515526399013e-01 1.961748804925642796e-09 0.000000000000000000e+00 0.000000000000000000e+00 7.940000000000000000e+02 0.000000000000000000e+00 0.000000000000000000e+00 1.000000000000000000e+00
5.000000000000000000e+00 3.000000000000000000e+01 5.620000000000000107e+00 0.000000000000000000e+00 8.112782639967527354e-01 1.207472379918202859e-02 4.864154579466568914e-36 0.000000000000000000e+00 1.000000000000000000e+00 7.940000000000000000e+02 0.000000000000000000e+00 0.000000000000000000e+00 1.000000000000000000e+00
5.000000000000000000e+00 3.000000000000000000e+01 5.629999999999999893e+00 0.000000000000000000e+00 7.493595935611900849e-01 1.030666516265856814e-01 1.962797568945301308e-09 0.000000000000000000e+00 0.000000000000000000e+00 7.940000000000000000e+02 0.000000000000000000e+00 0.000000000000000000e+00 1.000000000000000000e+00
5.000000000000000000e+00 3.000000000000000000e+01 5.639999999999999680e+00 0.000000000000000000e+00 6.922082548805620350e-01 1.805850080029608173e-01 2.539675367771368887e-06 0.000000000000000000e+00 0.000000000000000000e+00 7.940000000000000000e+02 0.000000000000000000e+00 0.000000000000000000e+00 1.000000000000000000e+00
5.000000000000000000e+00 3.000000000000000000e+01 5.649999999999999467e+00 0.000000000000000000e+00 6.394571114917314558e-01 2.466248832862468210e-01 4.584371196182223523e-05 0.000000000000000000e+00 0.000000000000000000e+00 7.940000000000000000e+02 0.000000000000000000e+00 0.000000000000000000e+00 1.000000000000000000e+00
5.000000000000000000e+00 3.000000000000000000e+01 5.660000000000000142e+00 0.000000000000000000e+00 5.907672934984307123e-01 3.028859461043167389e-01 2.254291756678670523e-04 0.000000000000000000e+00 0.000000000000000000e+00 7.940000000000000000e+02 0.000000000000000000e+00 0.000000000000000000e+00 1.000000000000000000e+00
5.000000000000000000e+00 3.000000000000000000e+01 5.669999999999999929e+00 0.000000000000000000e+00 5.458260206932055159e-01 3.508161877356591463e-01 6.234868353950139344e-04 0.000000000000000000e+00 0.000000000000000000e+00 7.940000000000000000e+02 0.000000000000000000e+00 0.000000000000000000e+00 1.000000000000000000e+00
5.000000000000000000e+00 3.000000000000000000e+01 5.679999999999999716e+00 0.000000000000000000e+00 5.043445932778087837e-01 3.916491890687554545e-01 1.267033311689919409e-03 0.000000000000000000e+00 0.000000000000000000e+00 7.940000000000000000e+02 0.000000000000000000e+00 0.000000000000000000e+00 1.000000000000000000e+00
5.000000000000000000e+00 3.000000000000000000e+01 5.689999999999999503e+00 0.000000000000000000e+00 4.660565372745746338e-01 4.264358692800888084e-01 2.138506252375407118e-03 0.000000000000000000e+00 0.000000000000000000e+00 7.940000000000000000e+02 0.000000000000000000e+00 0.000000000000000000e+00 1.000000000000000000e+00
5.000000000000000000e+00 3.000000000000000000e+01 5.700000000000000178e+00 0.000000000000000000e+00 4.307158927150062100e-01 4.560715333466814903e-01 3.197520238169656442e-03 0.000000000000000000e+00 0.000000000000000000e+00 7.940000000000000000e+02 0.000000000000000000e+00 0.000000000000000000e+00 1.000000000000000000e+00
5.000000000000000000e+00 3.000000000000000000e+01 5.709999999999999964e+00 0.000000000000000000e+00 3.980956336090196723e-01 4.813189145151377524e-01 4.396780664175634068e-03 0.000000000000000000e+00 0.000000000000000000e+00 7.940000000000000000e+02 0.000000000000000000e+00 0.000000000000000000e+00 1.000000000000000000e+00
5.000000000000000000e+00 3.000000000000000000e+01 5.719999999999999751e+00 0.000000000000000000e+00 3.679862095448263037e-01 5.028278047713434784e-01 5.690855861521525866e-03 0.000000000000000000e+00 0.000000000000000000e+00 7.940000000000000000e+02 0.000000000000000000e+00 0.000000000000000000e+00 1.000000000000000000e+00
5.000000000000000000e+00 3.000000000000000000e+01 5.729999999999999538e+00 0.000000000000000000e+00 3.401941995507877792e-01 5.211517785403263492e-01 7.040107187076843909e-03 0.000000000000000000e+00 0.000000000000000000e+00 7.940000000000000000e+02 0.000000000000000000e+00 0.000000000000000000e+00 1.000000000000000000e+00
5.000000000000000000e+00 3.000000000000000000e+01 5.740000000000000213e+00 0.000000000000000000e+00 3.145410695717406058e-01 5.367624400342309032e-01 8.411895924654647083e-03 0.000000000000000000e+00 0.000000000000000000e+00 7.940000000000000000e+02 0.000000000000000000e+00 0.000000000000000000e+00 1.000000000000000000e+00
5.000000000000000000e+00 3.000000000000000000e+01 5.750000000000000000e+00 0.000000000000000000e+00 2.908620255778973651e-01 5.500615609324813748e-01 9.780427615123168938e-03 0.000000000000000000e+00 0.000000000000000000e+00 7.940000000000000000e+02 0.000000000000000000e+00 0.000000000000000000e+00 1.000000000000000000e+00
5.000000000000000000e+00 3.000000000000000000e+01 5.759999999999999787e+00 0.000000000000000000e+00 2.690049549387745209e-01 5.613914207816711466e-01 1.112600212262797317e-02 0.000000000000000000e+00 0.000000000000000000e+00 7.940000000000000000e+02 0.000000000000000000e+00 0.000000000000000000e+00 1.000000000000000000e+00
5.000000000000000000e+00 3.000000000000000000e+01 5.769999999999999574e+00 0.000000000000000000e+00 2.488294492615987785e-01 5.710436162461076659e-01 1.243407213568099162e-02 0.000000000000000000e+00 0.000000000000000000e+00 7.940000000000000000e+02 0.000000000000000000e+00 0.000000000000000000e+00 1.000000000000000000e+00
5.000000000000000000e+00 3.000000000000000000e+01 5.780000000000000249e+00 0.000000000000000000e+00 2.302059024169716417e-01 5.792665659327401739e-01 1.369430677154512277e-02 0.000000000000000000e+00 0.000000000000000000e+00 7.940000000000000000e+02 0.000000000000000000e+00 0.000000000000000000e+00 1.000000000000000000e+00
5.000000000000000000e+00 3.000000000000000000e+01 5.790000000000000036e+00 0.000000000000000000e+00 2.130146779575685656e-01 5.862719039421933065e-01 1.489974654077265426e-02 0.000000000000000000e+00 0.000000000000000000e+00 7.940000000000000000e+02 0.000000000000000000e+00 0.000000000000000000e+00 1.000000000000000000e+00
5.000000000000000000e+00 3.000000000000000000e+01 5.799999999999999822e+00 0.000000000000000000e+00 1.971453405814220794e-01 5.922399266967611764e-01 1.604607915895961412e-02 0.000000000000000000e+00 0.000000000000000000e+00 7.940000000000000000e+02 0.000000000000000000e+00 0.000000000000000000e+00 1.000000000000000000e+00
5.000000000000000000e+00 3.000000000000000000e+01 5.809999999999999609e+00 0.000000000000000000e+00 1.824959467027630899e-01 5.973242332304042890e-01 1.713103798365175900e-02 0.000000000000000000e+00 0.000000000000000000e+00 7.940000000000000000e+02 0.000000000000000000e+00 0.000000000000000000e+00 1.000000000000000000e+00
5.000000000000000000e+00 3.000000000000000000e+01 5.820000000000000284e+00 0.000000000000000000e+00 1.689723895730905756e-01 6.016556783679177789e-01 1.815391249077386027e-02 0.000000000000000000e+00 0.000000000000000000e+00 7.940000000000000000e+02 0.000000000000000000e+00 0.000000000000000000e+00 1.000000000000000000e+00
5.000000000000000000e+00 3.000000000000000000e+01 5.830000000000000071e+00 0.000000000000000000e+00 1.564877947455718954e-01 6.053457405362677735e-01 1.911515571983550543e-02 0.000000000000000000e+00 0.000000000000000000e+00 7.940000000000000000e+02 0.000000000000000000e+00 0.000000000000000000e+00 1.000000000000000000e+00
5.000000000000000000e+00 3.000000000000000000e+01 5.839999999999999858e+00 0.000000000000000000e+00 1.449619619992761899e-01 6.084893908854682731e-01 2.001607300980653981e-02 0.000000000000000000e+00 0.000000000000000000e+00 7.940000000000000000e+02 0.000000000000000000e+00 0.000000000000000000e+00 1.000000000000000000e+00
5.000000000000000000e+00 3.000000000000000000e+01 5.849999999999999645e+00 0.000000000000000000e+00 1.343208501381986664e-01 6.111675375615842620e-01 2.085857750770780950e-02 0.000000000000000000e+00 0.000000000000000000e+00 7.940000000000000000e+02 0.000000000000000000e+00 0.000000000000000000e+00 1.000000000000000000e+00
5.000000000000000000e+00 3.000000000000000000e+01 5.860000000000000320e+00 0.000000000000000000e+00 1.244961013554583273e-01 6.134491080401250906e-01 2.164499977025634292e-02 0.000000000000000000e+00 0.000000000000000000e+00 7.940000000000000000e+02 0.000000000000000000e+00 0.000000000000000000e+00 1.000000000000000000e+00
5.000000000000000000e+00 3.000000000000000000e+01 5.870000000000000107e+00 0.000000000000000000e+00 1.154246021072155709e-01 6.153928231128553694e-01 2.237794075277166339e-02 0.000000000000000000e+00 0.000000000000000000e+00 7.940000000000000000e+02 0.000000000000000000e+00 0.000000000000000000e+00 1.000000000000000000e+00
5.000000000000000000e+00 3.000000000000000000e+01 5.879999999999999893e+00 0.000000000000000000e+00 1.070480776753931218e-01 6.170487081851306899e-01 2.306015933607577506e-02 0.000000000000000000e+00 0.000000000000000000e+00 7.940000000000000000e+02 0.000000000000000000e+00 0.000000000000000000e+00 1.000000000000000000e+00
5.000000000000000000e+00 3.000000000000000000e+01 5.889999999999999680e+00 0.000000000000000000e+00 9.931271781469705462e-02 6.184593807800247145e-01 2.369448717921103509e-02 0.000000000000000000e+00 0.000000000000000000e+00 7.940000000000000000e+02 0.000000000000000000e+00 0.000000000000000000e+00 1.000000000000000000e+00
5.000000000000000000e+00 3.000000000000000000e+01 5.899999999999999467e+00 0.000000000000000000e+00 9.216883107911902351e-02 6.196611473857532859e-01 2.428376507742227575e-02 0.000000000000000000e+00 0.000000000000000000e+00 7.940000000000000000e+02 0.000000000000000000e+00 0.000000000000000000e+00 1.000000000000000000e+00
5.000000000000000000e+00 3.000000000000000000e+01 5.910000000000000142e+00 0.000000000000000000e+00 8.557052560733605095e-02 6.206849378759574654e-01 2.483079616125269395e-02 0.000000000000000000e+00 0.000000000000000000e+00 7.940000000000000000e+02 0.000000000000000000e+00 0.000000000000000000e+00 1.000000000000000000e+00
5.000000000000000000e+00 3.000000000000000000e+01 5.919999999999999929e+00 0.000000000000000000e+00 7.947541431639373877e-02 6.215571015520290343e-01 2.533831221931923117e-02 0.000000000000000000e+00 0.000000000000000000e+00 7.940000000000000000e+02 0.000000000000000000e+00 0.000000000000000000e+00 1.000000000000000000e+00
5.000000000000000000e+00 3.000000000000000000e+01 5.929999999999999716e+00 0.000000000000000000e+00 7.384434260985664467e-02 6.223000852952231821e-01 2.580895019455071993e-02 0.000000000000000000e+00 0.000000000000000000e+00 7.940000000000000000e+02 0.000000000000000000e+00 0.000000000000000000e+00 1.000000000000000000e+00
5.000000000000000000e+00 3.000000000000000000e+01 5.939999999999999503e+00 0.000000000000000000e+00 6.864113685124073605e-02 6.229330112821624965e-01 2.624523652094835902e-02 0.000000000000000000e+00 0.000000000000000000e+00 7.940000000000000000e+02 0.000000000000000000e+00 0.000000000000000000e+00 1.000000000000000000e+00
5.000000000000000000e+00 3.000000000000000000e+01 5.950000000000000178e+00 0.000000000000000000e+00 6.383237198693753056e-02 6.234721691324016657e-01 2.664957746198194644e-02 0.000000000000000000e+00 0.000000000000000000e+00 7.940000000000000000e+02 0.000000000000000000e+00 0.000000000000000000e+00 1.000000000000000000e+00
5.000000000000000000e+00 3.000000000000000000e+01 5.959999999999999964e+00 0.000000000000000000e+00 5.938715682585517242e-02 6.239314351544523740e-01 2.702425400558854107e-02 0.000000000000000000e+00 0.000000000000000000e+00 7.940000000000000000e+02 0.000000000000000000e+00 0.000000000000000000e+00 1.000000000000000000e+00
5.000000000000000000e+00 3.000000000000000000e+01 5.969999999999999751e+00 0.000000000000000000e+00 5.527693559642644222e-02 6.243226294804119503e-01 2.737142018375161856e-02 0.000000000000000000e+00 0.000000000000000000e+00 7.940000000000000000e+02 0.000000000000000000e+00 0.000000000000000000e+00 1.000000000000000000e+00
5.000000000000000000e+00 3.000000000000000000e+01 5.979999999999999538e+00 0.000000000000000000e+00 5.147530450619922787e-02 6.246558202807662719e-01 2.769310393276634696e-02 0.000000000000000000e+00 0.000000000000000000e+00 7.940000000000000000e+02 0.000000000000000000e+00 0.000000000000000000e+00 1.000000000000000000e+00
5.000000000000000000e+00 3.000000000000000000e+01 5.990000000000000213e+00 0.000000000000000000e+00 4.795784212560002396e-02 6.249395828889490190e-01 2.799120980656355506e-02 0.000000000000000000e+00 0.000000000000000000e+00 7.940000000000000000e+02 0.000000000000000000e+00 0.000000000000000000e+00 1.000000000000000000e+00
5.000000000000000000e+00 3.000000000000000000e+01 6.000000000000000000e+00 0.000000000000000000e+00 4.470195250626710082e-02 6.251812205047437843e-01 2.826752301040183490e-02 0.000000000000000000e+00 0.000000000000000000e+00 7.940000000000000000e+02 0.000000000000000000e+00 0.000000000000000000e+00 1.000000000000000000e+00
5.000000000000000000e+00 3.000000000000000000e+01 6.009999999999999787e+00 0.000000000000000000e+00 4.168672002615548405e-02 6.253869521567773093e-01 2.852371434431226482e-02 0.000000000000000000e+00 0.000000000000000000e+00 7.940000000000000000e+02 0.000000000000000000e+00 0.000000000000000000e+00 1.000000000000000000e+00
5.000000000000000000e+00 3.000000000000000000e+01 6.019999999999999574e+00 0.000000000000000000e+00 3.889277502894847305e-02 6.255620727616922894e-01 2.876134574168107139e-02 0.000000000000000000e+00 0.000000000000000000e+00 7.940000000000000000e+02 0.000000000000000000e+00 0.000000000000000000e+00 1.000000000000000000e+00
5.000000000000000000e+00 3.000000000000000000e+01 6.030000000000000249e+00 0.000000000000000000e+00 3.630216939465172321e-02 6.257110893994463074e-01 2.898187616369134190e-02 0.000000000000000000e+00 0.000000000000000000e+00 7.940000000000000000e+02 0.000000000000000000e+00 0.000000000000000000e+00 1.000000000000000000e+00
5.000000000000000000e+00 3.000000000000000000e+01 6.040000000000000036e+00 0.000000000000000000e+00 3.389826124204400881e-02 6.258378373120518923e-01 2.918666766933269985e-02 0.000000000000000000e+00 0.000000000000000000e+00 7.940000000000000000e+02 0.000000000000000000e+00 0.000000000000000000e+00 1.000000000000000000e+00
5.000000000000000000e+00 3.000000000000000000e+01 6.049999999999999822e+00 0.000000000000000000e+00 3.166560802232013666e-02 6.259455786112222420e-01 2.937699152675446457e-02 0.000000000000000000e+00 0.000000000000000000e+00 7.940000000000000000e+02 0.000000000000000000e+00 0.000000000000000000e+00 1.000000000000000000e+00
5.000000000000000000e+00 3.000000000000000000e+01 6.059999999999999609e+00 0.000000000000000000e+00 2.958986731716719762e-02 6.260370862353582533e-01 2.955403426760394581e-02 0.000000000000000000e+00 0.000000000000000000e+00 7.940000000000000000e+02 0.000000000000000000e+00 0.000000000000000000e+00 1.000000000000000000e+00
5.000000000000000000e+00 3.000000000000000000e+01 6.070000000000000284e+00 0.000000000000000000e+00 2.765770470400692738e-02 6.261147153166776169e-01 2.971890361381196444e-02 0.000000000000000000e+00 0.000000000000000000e+00 7.940000000000000000e+02 0.000000000000000000e+00 0.000000000000000000e+00 1.000000000000000000e+00
5.000000000000000000e+00 3.000000000000000000e+01 6.080000000000000071e+00 0.000000000000000000e+00 2.585670809653693378e-02 6.261804637952667063e-01 2.987263422777765298e-02 0.000000000000000000e+00 0.000000000000000000e+00 7.940000000000000000e+02 0.000000000000000000e+00 0.000000000000000000e+00 1.000000000000000000e+00
5.000000000000000000e+00 3.000000000000000000e+01 6.089999999999999858e+00 0.000000000000000000e+00 2.417530801029974669e-02 6.262360238400751511e-01 3.001619325340043609e-02 0.000000000000000000e+00 0.000000000000000000e+00 7.940000000000000000e+02 0.000000000000000000e+00 0.000000000000000000e+00 1.000000000000000000e+00
5.000000000000000000e+00 3.000000000000000000e+01 6.099999999999999645e+00 0.000000000000000000e+00 2.260270324107109541e-02 6.262828254002774653e-01 3.015048562798715304e-02 0.000000000000000000e+00 0.000000000000000000e+00 7.940000000000000000e+02 0.000000000000000000e+00 0.000000000000000000e+00 1.000000000000000000e+00
5.000000000000000000e+00 3.000000000000000000e+01 6.110000000000000320e+00 0.000000000000000000e+00 2.112879147863014340e-02 6.263220730078818965e-01 3.027635915456264315e-02 0.000000000000000000e+00 0.000000000000000000e+00 7.940000000000000000e+02 0.000000000000000000e+00 0.000000000000000000e+00 1.000000000000000000e+00
5.000000000000000000e+00 3.000000000000000000e+01 6.120000000000000107e+00 0.000000000000000000e+00 1.974410441017912868e-02 6.263547767787777110e-01 3.039460933118635910e-02 0.000000000000000000e+00 0.000000000000000000e+00 7.940000000000000000e+02 0.000000000000000000e+00 0.000000000000000000e+00 1.000000000000000000e+00
5.000000000000000000e+00 3.000000000000000000e+01 6.129999999999999893e+00 0.000000000000000000e+00 1.843974689652097543e-02 6.263817784100934594e-01 3.050598393905817884e-02 0.000000000000000000e+00 0.000000000000000000e+00 7.940000000000000000e+02 0.000000000000000000e+00 0.000000000000000000e+00 1.000000000000000000e+00
5.000000000000000000e+00 3.000000000000000000e+01 6.139999999999999680e+00 0.000000000000000000e+00 1.720733983026666997e-02 6.264037728429606711e-01 3.061118739487704576e-02 0.000000000000000000e+00 0.000000000000000000e+00 7.940000000000000000e+02 0.000000000000000000e+00 0.000000000000000000e+00 1.000000000000000000e+00
5.000000000000000000e+00 3.000000000000000000e+01 6.150000000000000355e+00 0.000000000000000000e+00 1.603896630899720455e-02 6.264213261482176609e-01 3.071088487541359657e-02 0.000000000000000000e+00 0.000000000000000000e+00 7.940000000000000000e+02 0.000000000000000000e+00 0.000000000000000000e+00 1.000000000000000000e+00
5.000000000000000000e+00 3.000000000000000000e+01 6.160000000000000142e+00 0.000000000000000000e+00 1.492712077760004717e-02 6.264348900953762289e-01 3.080570622381859081e-02 0.000000000000000000e+00 0.000000000000000000e+00 7.940000000000000000e+02 0.000000000000000000e+00 0.000000000000000000e+00 1.000000000000000000e+00
5.000000000000000000e+00 3.000000000000000000e+01 6.169999999999999929e+00 0.000000000000000000e+00 1.386466081307382268e-02 6.264448137798185323e-01 3.089624964799937701e-02 0.000000000000000000e+00 0.000000000000000000e+00 7.940000000000000000e+02 0.000000000000000000e+00 0.000000000000000000e+00 1.000000000000000000e+00
5.000000000000000000e+00 3.000000000000000000e+01 6.179999999999999716e+00 0.000000000000000000e+00 1.284476124206990547e-02 6.264513526074643179e-01 3.098308522157949829e-02 0.000000000000000000e+00 0.000000000000000000e+00 7.940000000000000000e+02 0.000000000000000000e+00 0.000000000000000000e+00 1.000000000000000000e+00
5.000000000000000000e+00 3.000000000000000000e+01 6.189999999999999503e+00 0.000000000000000000e+00 1.186087029642506237e-02 6.264546748681563137e-01 3.106675819763540791e-02 0.000000000000000000e+00 0.000000000000000000e+00 7.940000000000000000e+02 0.000000000000000000e+00 0.000000000000000000e+00 1.000000000000000000e+00
5.000000000000000000e+00 3.000000000000000000e+01 6.200000000000000178e+00 0.000000000000000000e+00 1.090666752503113672e-02 6.264548660669357893e-01 3.114779214461892154e-02 0.000000000000000000e+00 0.000000000000000000e+00 7.940000000000000000e+02 0.000000000000000000e+00 0.000000000000000000e+00 1.000000000000000000e+00
5.000000000000000000e+00 3.000000000000000000e+01 6.209999999999999964e+00 0.000000000000000000e+00 9.976023191670336382e-03 6.264519311246871114e-01 3.122669191268949429e-02 0.000000000000000000e+00 0.000000000000000000e+00 7.940000000000000000e+02 0.000000000000000000e+00 0.000000000000000000e+00 1.000000000000000000e+00
5.000000000000000000e+00 3.000000000000000000e+01 6.219999999999999751e+00 0.000000000000000000e+00 9.062958897990563284e-03 6.264457945047852139e-01 3.130394643708901692e-02 0.000000000000000000e+00 0.000000000000000000e+00 7.940000000000000000e+02 0.000000000000000000e+00 0.000000000000000000e+00 1.000000000000000000e+00
5.000000000000000000e+00 3.000000000000000000e+01 6.229999999999999538e+00 0.000000000000000000e+00 8.161609178665239078e-03 6.264362982690108161e-01 3.138003138320459573e-02 0.000000000000000000e+00 0.000000000000000000e+00 7.940000000000000000e+02 0.000000000000000000e+00 0.000000000000000000e+00 1.000000000000000000e+00
5.000000000000000000e+00 3.000000000000000000e+01 6.240000000000000213e+00 0.000000000000000000e+00 7.266183822027543968e-03 6.264231980126921950e-01 3.145541163554251007e-02 0.000000000000000000e+00 0.000000000000000000e+00 7.940000000000000000e+02 0.000000000000000000e+00 0.000000000000000000e+00 1.000000000000000000e+00
5.000000000000000000e+00 3.000000000000000000e+01 6.250000000000000000e+00 0.000000000000000000e+00 6.370930674129225875e-03 6.264061565744618587e-01 3.153054362993629178e-02 0.000000000000000000e+00 0.000000000000000000e+00 7.940000000000000000e+02 0.000000000000000000e+00 0.000000000000000000e+00 1.000000000000000000e+00
5.000000000000000000e+00 3.000000000000000000e+01 6.259999999999999787e+00 0.000000000000000000e+00 5.470098687279724946e-03 6.263847353587312927e-01 3.160587752485270741e-02 0.000000000000000000e+00 0.000000000000000000e+00 7.940000000000000000e+02 0.000000000000000000e+00 0.000000000000000000e+00 1.000000000000000000e+00
5.000000000000000000e+00 3.000000000000000000e+01 6.269999999999999574e+00 0.000000000000000000e+00 4.557900975691789661e-03 6.263583830475552006e-01 3.168185920356074436e-02 0.000000000000000000e+00 0.000000000000000000e+00 7.940000000000000000e+02 0.000000000000000000e+00 0.000000000000000000e+00 1.000000000000000000e+00
5.000000000000000000e+00 3.000000000000000000e+01 6.280000000000000249e+00 0.000000000000000000e+00 3.628477640905548862e-03 6.263264214113583028e-01 3.175893209404967443e-02 0.000000000000000000e+00 0.000000000000000000e+00 7.940000000000000000e+02 0.000000000000000000e+00 0.000000000000000000e+00 1.000000000000000000e+00
5.000000000000000000e+00 3.000000000000000000e+01 6.290000000000000036e+00 0.000000000000000000e+00 2.675858128183911111e-03 6.262880278533369260e-01 3.183753878777562107e-02 0.000000000000000000e+00 0.000000000000000000e+00 7.940000000000000000e+02 0.000000000000000000e+00 0.000000000000000000e+00 1.000000000000000000e+00
5.000000000000000000e+00 3.000000000000000000e+01 6.299999999999999822e+00 0.000000000000000000e+00 1.693922872059289847e-03 6.262422142382796375e-01 3.191812243139049987e-02 0.000000000000000000e+00 0.000000000000000000e+00 7.940000000000000000e+02 0.000000000000000000e+00 0.000000000000000000e+00 1.000000000000000000e+00
5.000000000000000000e+00 3.000000000000000000e+01 6.309999999999999609e+00 0.000000000000000000e+00 6.763639846451372645e-04 6.261878014609280063e-01 3.200112785731784593e-02 0.000000000000000000e+00 0.000000000000000000e+00 7.940000000000000000e+02 0.000000000000000000e+00 0.000000000000000000e+00 1.000000000000000000e+00
5.000000000000000000e+00 3.000000000000000000e+01 6.320000000000000284e+00 0.000000000000000000e+00 -3.833552658234302621e-04 6.261233890993367357e-01 3.208700240909800883e-02 0.000000000000000000e+00 0.000000000000000000e+00 7.940000000000000000e+02 0.000000000000000000e+00 0.000000000000000000e+00 1.000000000000000000e+00
5.000000000000000000e+00 3.000000000000000000e+01 6.330000000000000071e+00 0.000000000000000000e+00 -1.492042446527112876e-03 6.260473193722062568e-01 3.217619640546974524e-02 0.000000000000000000e+00 0.000000000000000000e+00 7.940000000000000000e+02 0.000000000000000000e+00 0.000000000000000000e+00 1.000000000000000000e+00
5.000000000000000000e+00 3.000000000000000000e+01 6.339999999999999858e+00 0.000000000000000000e+00 -2.656819691428943114e-03 6.259576344725578112e-01 3.226916317274972079e-02 0.000000000000000000e+00 0.000000000000000000e+00 7.940000000000000000e+02 0.000000000000000000e+00 0.000000000000000000e+00 1.000000000000000000e+00
5.000000000000000000e+00 3.000000000000000000e+01 6.349999999999999645e+00 0.000000000000000000e+00 -3.885169453397171319e-03 6.258520261796431949e-01 3.236635855767694414e-02 0.000000000000000000e+00 0.000000000000000000e+00 7.940000000000000000e+02 0.000000000000000000e+00 0.000000000000000000e+00 1.000000000000000000e+00
5.000000000000000000e+00 3.000000000000000000e+01 6.360000000000000320e+00 0.000000000000000000e+00 -5.184982570993344059e-03 6.257277764522555241e-01 3.246823981183842578e-02 0.000000000000000000e+00 0.000000000000000000e+00 7.940000000000000000e+02 0.000000000000000000e+00 0.000000000000000000e+00 1.000000000000000000e+00
5.000000000000000000e+00 3.000000000000000000e+01 6.370000000000000107e+00 0.000000000000000000e+00 -6.564608958703288186e-03 6.255816874744882794e-01 3.257526371329988457e-02 0.000000000000000000e+00 0.000000000000000000e+00 7.940000000000000000e+02 0.000000000000000000e+00 0.000000000000000000e+00 1.000000000000000000e+00
5.000000000000000000e+00 3.000000000000000000e+01 6.379999999999999893e+00 0.000000000000000000e+00 -8.032911246241856984e-03 6.254099993535291446e-01 3.268788376010427210e-02 0.000000000000000000e+00 0.000000000000000000e+00 7.940000000000000000e+02 0.000000000000000000e+00 0.000000000000000000e+00 1.000000000000000000e+00
5.000000000000000000e+00 3.000000000000000000e+01 6.389999999999999680e+00 0.000000000000000000e+00 -9.599321711506798860e-03 6.252082933512790319e-01 3.280654623268848546e-02 0.000000000000000000e+00 0.000000000000000000e+00 7.940000000000000000e+02 0.000000000000000000e+00 0.000000000000000000e+00 1.000000000000000000e+00
5.000000000000000000e+00 3.000000000000000000e+01 6.400000000000000355e+00 0.000000000000000000e+00 -1.127390287291526322e-02 6.249713781592657336e-01 3.293168487647268883e-02 0.000000000000000000e+00 0.000000000000000000e+00 7.940000000000000000e+02 0.000000000000000000e+00 0.000000000000000000e+00 1.000000000000000000e+00
5.000000000000000000e+00 3.000000000000000000e+01 6.410000000000000142e+00 0.000000000000000000e+00 -1.306741213036423377e-02 6.246931562899088464e-01 3.306371390006355993e-02 0.000000000000000000e+00 0.000000000000000000e+00 7.940000000000000000e+02 0.000000000000000000e+00 0.000000000000000000e+00 1.000000000000000000e+00
5.000000000000000000e+00 3.000000000000000000e+01 6.419999999999999929e+00 0.000000000000000000e+00 -1.499137087006416694e-02 6.243664671454498549e-01 3.320301891638663405e-02 0.000000000000000000e+00 0.000000000000000000e+00 7.940000000000000000e+02 0.000000000000000000e+00 0.000000000000000000e+00 1.000000000000000000e+00
5.000000000000000000e+00 3.000000000000000000e+01 6.429999999999999716e+00 0.000000000000000000e+00 -1.705813847717073395e-02 6.239829027256079685e-01 3.334994537079823129e-02 0.000000000000000000e+00 0.000000000000000000e+00 7.940000000000000000e+02 0.000000000000000000e+00 0.000000000000000000e+00 1.000000000000000000e+00
5.000000000000000000e+00 3.000000000000000000e+01 6.439999999999999503e+00 0.000000000000000000e+00 -1.928099173166698821e-02 6.235325912308328222e-01 3.350478389830986725e-02 0.000000000000000000e+00 0.000000000000000000e+00 7.940000000000000000e+02 0.000000000000000000e+00 0.000000000000000000e+00 1.000000000000000000e+00
5.000000000000000000e+00 3.000000000000000000e+01 6.450000000000000178e+00 0.000000000000000000e+00 -2.167421009752996605e-02 6.230039429917436644e-01 3.366775192714027698e-02 0.000000000000000000e+00 0.000000000000000000e+00 7.940000000000000000e+02 0.000000000000000000e+00 0.000000000000000000e+00 1.000000000000000000e+00
5.000000000000000000e+00 3.000000000000000000e+01 6.459999999999999964e+00 0.000000000000000000e+00 -2.425316745307367489e-02 6.223833521857482509e-01 3.383897069246238898e-02 0.000000000000000000e+00 0.000000000000000000e+00 7.940000000000000000e+02 0.000000000000000000e+00 0.000000000000000000e+00 1.000000000000000000e+00
5.000000000000000000e+00 3.000000000000000000e+01 6.469999999999999751e+00 0.000000000000000000e+00 -2.703443085173821286e-02 6.216548466639109094e-01 3.401843663567391540e-02 0.000000000000000000e+00 0.000000000000000000e+00 7.940000000000000000e+02 0.000000000000000000e+00 0.000000000000000000e+00 1.000000000000000000e+00
5.000000000000000000e+00 3.000000000000000000e+01 6.479999999999999538e+00 0.000000000000000000e+00 -3.003586694775800536e-02 6.207996768756700590e-01 3.420598593234475127e-02 0.000000000000000000e+00 0.000000000000000000e+00 7.940000000000000000e+02 0.000000000000000000e+00 0.000000000000000000e+00 1.000000000000000000e+00
5.000000000000000000e+00 3.000000000000000000e+01 6.490000000000000213e+00 0.000000000000000000e+00 -3.327675677038034741e-02 6.197958333115534124e-01 3.440125060556972758e-02 0.000000000000000000e+00 0.000000000000000000e+00 7.940000000000000000e+02 0.000000000000000000e+00 0.000000000000000000e+00 1.000000000000000000e+00
5.000000000000000000e+00 3.000000000000000000e+01 6.500000000000000000e+00 0.000000000000000000e+00 -3.677791958393682170e-02 6.186174800443147159e-01 3.460360432748833814e-02 0.000000000000000000e+00 0.000000000000000000e+00 7.940000000000000000e+02 0.000000000000000000e+00 0.000000000000000000e+00 1.000000000000000000e+00
5.000000000000000000e+00 3.000000000000000000e+01 6.509999999999999787e+00 0.000000000000000000e+00 -4.056184662943618929e-02 6.172342897895312097e-01 3.481209557343128980e-02 0.000000000000000000e+00 0.000000000000000000e+00 7.940000000000000000e+02 0.000000000000000000e+00 0.000000000000000000e+00 1.000000000000000000e+00
5.000000000000000000e+00 3.000000000000000000e+01 6.519999999999999574e+00 0.000000000000000000e+00 -4.465284560682604431e-02 6.156106633721249999e-01 3.502536524935620510e-02 0.000000000000000000e+00 0.000000000000000000e+00 7.940000000000000000e+02 0.000000000000000000e+00 0.000000000000000000e+00 1.000000000000000000e+00
5.000000000000000000e+00 3.000000000000000000e+01 6.530000000000000249e+00 0.000000000000000000e+00 -4.907719682606821038e-02 6.137048135101959012e-01 3.524154523709771558e-02 0.000000000000000000e+00 0.000000000000000000e+00 7.940000000000000000e+02 0.000000000000000000e+00 0.000000000000000000e+00 1.000000000000000000e+00
5.000000000000000000e+00 3.000000000000000000e+01 6.540000000000000036e+00 0.000000000000000000e+00 -5.386332203013156905e-02 6.114676893355242004e-01 3.545813345950640794e-02 0.000000000000000000e+00 0.000000000000000000e+00 7.940000000000000000e+02 0.000000000000000000e+00 0.000000000000000000e+00 1.000000000000000000e+00
5.000000000000000000e+00 3.000000000000000000e+01 6.549999999999999822e+00 0.000000000000000000e+00 -5.904196697441080333e-02 6.088417139711097548e-01 3.567184001560458340e-02 0.000000000000000000e+00 0.000000000000000000e+00 7.940000000000000000e+02 0.000000000000000000e+00 0.000000000000000000e+00 1.000000000000000000e+00
5.000000000000000000e+00 3.000000000000000000e+01 6.559999999999999609e+00 0.000000000000000000e+00 -6.464639893544880944e-02 6.057593026747740694e-01 3.587839761975736286e-02 0.000000000000000000e+00 0.000000000000000000e+00 7.940000000000000000e+02 0.000000000000000000e+00 0.000000000000000000e+00 1.000000000000000000e+00
5.000000000000000000e+00 3.000000000000000000e+01 6.570000000000000284e+00 0.000000000000000000e+00 -7.071262041774629969e-02 6.021411234102881371e-01 3.607232792944972677e-02 0.000000000000000000e+00 0.000000000000000000e+00 7.940000000000000000e+02 0.000000000000000000e+00 0.000000000000000000e+00 1.000000000000000000e+00
5.000000000000000000e+00 3.000000000000000000e+01 6.580000000000000071e+00 0.000000000000000000e+00 -7.727960043149678659e-02 5.978940550783233832e-01 3.624665327717060959e-02 0.000000000000000000e+00 0.000000000000000000e+00 7.940000000000000000e+02 0.000000000000000000e+00 0.000000000000000000e+00 1.000000000000000000e+00
5.000000000000000000e+00 3.000000000000000000e+01 6.589999999999999858e+00 0.000000000000000000e+00 -8.438952482696032709e-02 5.929087908582159061e-01 3.639254072699665832e-02 0.000000000000000000e+00 0.000000000000000000e+00 7.940000000000000000e+02 0.000000000000000000e+00 0.000000000000000000e+00 1.000000000000000000e+00
5.000000000000000000e+00 3.000000000000000000e+01 6.599999999999999645e+00 0.000000000000000000e+00 -9.208806729360746735e-02 5.870570249777299354e-01 3.649886213009125024e-02 0.000000000000000000e+00 0.000000000000000000e+00 7.940000000000000000e+02 0.000000000000000000e+00 0.000000000000000000e+00 1.000000000000000000e+00
5.000000000000000000e+00 3.000000000000000000e+01 6.610000000000000320e+00 0.000000000000000000e+00 -1.004246827649142165e-01 5.801881505067026934e-01 3.655164981759156939e-02 0.000000000000000000e+00 0.000000000000000000e+00 7.940000000000000000e+02 0.000000000000000000e+00 0.000000000000000000e+00 1.000000000000000000e+00
5.000000000000000000e+00 3.000000000000000000e+01 6.620000000000000107e+00 0.000000000000000000e+00 -1.094529251136214798e-01 5.721253831856681904e-01 3.653342261907152611e-02 0.000000000000000000e+00 0.000000000000000000e+00 7.940000000000000000e+02 0.000000000000000000e+00 0.000000000000000000e+00 1.000000000000000000e+00
5.000000000000000000e+00 3.000000000000000000e+01 6.629999999999999893e+00 0.000000000000000000e+00 -1.192307911783120206e-01 5.626612115284127524e-01 3.642235098411579497e-02 0.000000000000000000e+00 0.000000000000000000e+00 7.940000000000000000e+02 0.000000000000000000e+00 0.000000000000000000e+00 1.000000000000000000e+00
5.000000000000000000e+00 3.000000000000000000e+01 6.639999999999999680e+00 0.000000000000000000e+00 -1.298210933313098114e-01 5.515520560977307252e-01 3.619122331076692067e-02 0.000000000000000000e+00 0.000000000000000000e+00 7.940000000000000000e+02 0.000000000000000000e+00 0.000000000000000000e+00 1.000000000000000000e+00
5.000000000000000000e+00 3.000000000000000000e+01 6.650000000000000355e+00 0.000000000000000000e+00 -1.412918629812531801e-01 5.385120005001292620e-01 3.580616897808552856e-02 0.000000000000000000e+00 0.000000000000000000e+00 7.940000000000000000e+02 0.000000000000000000e+00 0.000000000000000000e+00 1.000000000000000000e+00
5.000000000000000000e+00 3.000000000000000000e+01 6.660000000000000142e+00 0.000000000000000000e+00 -1.537167876024159163e-01 5.232054327540611727e-01 3.522508943079456778e-02 0.000000000000000000e+00 0.000000000000000000e+00 7.940000000000000000e+02 0.000000000000000000e+00 0.000000000000000000e+00 1.000000000000000000e+00
5.000000000000000000e+00 3.000000000000000000e+01 6.669999999999999929e+00 0.000000000000000000e+00 -1.671756840982245862e-01 5.052384076425373571e-01 3.439575315222706542e-02 0.000000000000000000e+00 0.000000000000000000e+00 7.940000000000000000e+02 0.000000000000000000e+00 0.000000000000000000e+00 1.000000000000000000e+00
5.000000000000000000e+00 3.000000000000000000e+01 6.679999999999999716e+00 0.000000000000000000e+00 -1.817550115398270938e-01 4.841485077429436568e-01 3.325353897103987266e-02 0.000000000000000000e+00 0.000000000000000000e+00 7.940000000000000000e+02 0.000000000000000000e+00 0.000000000000000000e+00 1.000000000000000000e+00
5.000000000000000000e+00 3.000000000000000000e+01 6.689999999999999503e+00 0.000000000000000000e+00 -1.975484265735141243e-01 4.593929421873299557e-01 3.171890381029324191e-02 0.000000000000000000e+00 0.000000000000000000e+00 7.940000000000000000e+02 0.000000000000000000e+00 0.000000000000000000e+00 1.000000000000000000e+00
5.000000000000000000e+00 3.000000000000000000e+01 6.700000000000000178e+00 0.000000000000000000e+00 -2.146573850648904602e-01 4.303345768509022617e-01 2.969490619230763517e-02 0.000000000000000000e+00 0.000000000000000000e+00 7.940000000000000000e+02 0.000000000000000000e+00 0.000000000000000000e+00 1.000000000000000000e+00
5.000000000000000000e+00 3.000000000000000000e+01 6.709999999999999964e+00 0.000000000000000000e+00 -2.331917938447234384e-01 3.962255364276015546e-01 2.706580664016972060e-02 0.000000000000000000e+00 0.000000000000000000e+00 7.940000000000000000e+02 0.000000000000000000e+00 0.000000000000000000e+00 1.000000000000000000e+00
5.000000000000000000e+00 3.000000000000000000e+01 6.719999999999999751e+00 0.000000000000000000e+00 -2.532707167432374229e-01 3.561879563593004505e-01 2.369966808416247572e-02 0.000000000000000000e+00 0.000000000000000000e+00 7.940000000000000000e+02 0.000000000000000000e+00 0.000000000000000000e+00 1.000000000000000000e+00
5.000000000000000000e+00 3.000000000000000000e+01 6.729999999999999538e+00 0.000000000000000000e+00 -2.750231394483749203e-01 3.091913892309162137e-01 1.946340695671456428e-02 0.000000000000000000e+00 0.000000000000000000e+00 7.940000000000000000e+02 0.000000000000000000e+00 0.000000000000000000e+00 1.000000000000000000e+00
5.000000000000000000e+00 3.000000000000000000e+01 6.740000000000000213e+00 0.000000000000000000e+00 -2.985887981014236359e-01 2.540262841397072369e-01 1.427614780529049693e-02 0.000000000000000000e+00 0.000000000000000000e+00 7.940000000000000000e+02 0.000000000000000000e+00 0.000000000000000000e+00 1.000000000000000000e+00
5.000000000000000000e+00 3.000000000000000000e+01 6.750000000000000000e+00 0.000000000000000000e+00 -3.241190769528508042e-01 1.892728564771375688e-01 8.287188769178777115e-03 0.000000000000000000e+00 0.000000000000000000e+00 7.940000000000000000e+02 0.000000000000000000e+00 0.000000000000000000e+00 1.000000000000000000e+00
5.000000000000000000e+00 3.000000000000000000e+01 6.759999999999999787e+00 0.000000000000000000e+00 -3.517779808448316947e-01 1.132645469247166858e-01 2.484119750975776267e-03 0.000000000000000000e+00 0.000000000000000000e+00 7.940000000000000000e+02 0.000000000000000000e+00 0.000000000000000000e+00 1.000000000000000000e+00
5.000000000000000000e+00 3.000000000000000000e+01 6.769999999999999574e+00 0.000000000000000000e+00 -3.817431887676331348e-01 2.404512920779249344e-02 5.192892388941253287e-06 0.000000000000000000e+00 1.000000000000000000e+00 7.940000000000000000e+02 0.000000000000000000e+00 0.000000000000000000e+00 1.000000000000000000e+00
5.000000000000000000e+00 3.000000000000000000e+01 6.780000000000000249e+00 0.000000000000000000e+00 -3.524511572751422017e-01 1.132634643131651547e-01 2.496992840055285712e-03 0.000000000000000000e+00 0.000000000000000000e+00 7.940000000000000000e+02 0.000000000000000000e+00 0.000000000000000000e+00 1.000000000000000000e+00
5.000000000000000000e+00 3.000000000000000000e+01 6.790000000000000036e+00 0.000000000000000000e+00 -3.254697542548479205e-01 1.892692190471738090e-01 8.347662045224274463e-03 0.000000000000000000e+00 0.000000000000000000e+00 7.940000000000000000e+02 0.000000000000000000e+00 0.000000000000000000e+00 1.000000000000000000e+00
5.000000000000000000e+00 3.000000000000000000e+01 6.799999999999999822e+00 0.000000000000000000e+00 -3.006256529377884790e-01 2.540185539310951812e-01 1.440524087375025936e-02 0.000000000000000000e+00 0.000000000000000000e+00 7.940000000000000000e+02 0.000000000000000000e+00 0.000000000000000000e+00 1.000000000000000000e+00
5.000000000000000000e+00 3.000000000000000000e+01 6.809999999999999609e+00 0.000000000000000000e+00 -2.777592564414069209e-01 3.091779229475536406e-01 1.967161572133712538e-02 0.000000000000000000e+00 0.000000000000000000e+00 7.940000000000000000e+02 0.000000000000000000e+00 0.000000000000000000e+00 1.000000000000000000e+00
5.000000000000000000e+00 3.000000000000000000e+01 6.820000000000000284e+00 0.000000000000000000e+00 -2.567236725296127564e-01 3.561669630756981730e-01 2.399239975869825459e-02 0.000000000000000000e+00 0.000000000000000000e+00 7.940000000000000000e+02 0.000000000000000000e+00 0.000000000000000000e+00 1.000000000000000000e+00
5.000000000000000000e+00 3.000000000000000000e+01 6.830000000000000071e+00 0.000000000000000000e+00 -2.373837699866602202e-01 3.961950314958246344e-01 2.744606600317565925e-02 0.000000000000000000e+00 0.000000000000000000e+00 7.940000000000000000e+02 0.000000000000000000e+00 0.000000000000000000e+00 1.000000000000000000e+00
5.000000000000000000e+00 3.000000000000000000e+01 6.839999999999999858e+00 0.000000000000000000e+00 -2.196153105430536101e-01 4.302923308216747844e-01 3.016463189769028053e-02 0.000000000000000000e+00 0.000000000000000000e+00 7.940000000000000000e+02 0.000000000000000000e+00 0.000000000000000000e+00 1.000000000000000000e+00
5.000000000000000000e+00 3.000000000000000000e+01 6.849999999999999645e+00 0.000000000000000000e+00 -2.033041507770266820e-01 4.593364234306873128e-01 3.227967591122024582e-02 0.000000000000000000e+00 0.000000000000000000e+00 7.940000000000000000e+02 0.000000000000000000e+00 0.000000000000000000e+00 1.000000000000000000e+00
5.000000000000000000e+00 3.000000000000000000e+01 6.860000000000000320e+00 0.000000000000000000e+00 -1.883455088646640019e-01 4.840748172916586878e-01 3.390697600405462309e-02 0.000000000000000000e+00 0.000000000000000000e+00 7.940000000000000000e+02 0.000000000000000000e+00 0.000000000000000000e+00 1.000000000000000000e+00
5.000000000000000000e+00 3.000000000000000000e+01 6.870000000000000107e+00 0.000000000000000000e+00 -1.746432914683145876e-01 5.051442045813847592e-01 3.514374651861916499e-02 0.000000000000000000e+00 0.000000000000000000e+00 7.940000000000000000e+02 0.000000000000000000e+00 0.000000000000000000e+00 1.000000000000000000e+00
5.000000000000000000e+00 3.000000000000000000e+01 6.879999999999999893e+00 0.000000000000000000e+00 -1.621094764392735366e-01 5.230868482346645587e-01 3.606994838685466387e-02 0.000000000000000000e+00 0.000000000000000000e+00 7.940000000000000000e+02 0.000000000000000000e+00 0.000000000000000000e+00 1.000000000000000000e+00
5.000000000000000000e+00 3.000000000000000000e+01 6.889999999999999680e+00 0.000000000000000000e+00 -1.506635473692533589e-01 5.383645381683892506e-01 3.675071489142880954e-02 0.000000000000000000e+00 0.000000000000000000e+00 7.940000000000000000e+02 0.000000000000000000e+00 0.000000000000000000e+00 1.000000000000000000e+00
5.000000000000000000e+00 3.000000000000000000e+01 6.900000000000000355e+00 0.000000000000000000e+00 -1.402319763582415835e-01 5.513704763711351209e-01 3.723885463842956101e-02 0.000000000000000000e+00 0.000000000000000000e+00 7.940000000000000000e+02 0.000000000000000000e+00 0.000000000000000000e+00 1.000000000000000000e+00
5.000000000000000000e+00 3.000000000000000000e+01 6.910000000000000142e+00 0.000000000000000000e+00 -1.307477516760782721e-01 5.624393967448735321e-01 3.757709139255102637e-02 0.000000000000000000e+00 0.000000000000000000e+00 7.940000000000000000e+02 0.000000000000000000e+00 0.000000000000000000e+00 1.000000000000000000e+00
5.000000000000000000e+00 3.000000000000000000e+01 6.919999999999999929e+00 0.000000000000000000e+00 -1.221499472834824823e-01 5.718561801532181521e-01 3.779995968067186018e-02 0.000000000000000000e+00 0.000000000000000000e+00 7.940000000000000000e+02 0.000000000000000000e+00 0.000000000000000000e+00 1.000000000000000000e+00
5.000000000000000000e+00 3.000000000000000000e+01 6.929999999999999716e+00 0.000000000000000000e+00 -1.143833314471594947e-01 5.798631864017562698e-01 3.793536884614535920e-02 0.000000000000000000e+00 0.000000000000000000e+00 7.940000000000000000e+02 0.000000000000000000e+00 0.000000000000000000e+00 1.000000000000000000e+00
5.000000000000000000e+00 3.000000000000000000e+01 6.939999999999999503e+00 0.000000000000000000e+00 -1.073980119347571621e-01 5.866664918536763640e-01 3.800587799656775234e-02 0.000000000000000000e+00 0.000000000000000000e+00 7.940000000000000000e+02 0.000000000000000000e+00 0.000000000000000000e+00 1.000000000000000000e+00
5.000000000000000000e+00 3.000000000000000000e+01 6.950000000000000178e+00 0.000000000000000000e+00 -1.011491155104270317e-01 5.924411932182448437e-01 3.802972942565029102e-02 0.000000000000000000e+00 0.000000000000000000e+00 7.940000000000000000e+02 0.000000000000000000e+00 0.000000000000000000e+00 1.000000000000000000e+00
5.000000000000000000e+00 3.000000000000000000e+01 6.959999999999999964e+00 0.000000000000000000e+00 -9.559649967209120358e-02 5.973359140157609160e-01 3.802168431686457628e-02 0.000000000000000000e+00 0.000000000000000000e+00 7.940000000000000000e+02 0.000000000000000000e+00 0.000000000000000000e+00 1.000000000000000000e+00
5.000000000000000000e+00 3.000000000000000000e+01 6.969999999999999751e+00 0.000000000000000000e+00 -9.070449477863358478e-02 6.014766297019020769e-01 3.799369815101506787e-02 0.000000000000000000e+00 0.000000000000000000e+00 7.940000000000000000e+02 0.000000000000000000e+00 0.000000000000000000e+00 1.000000000000000000e+00
5.000000000000000000e+00 3.000000000000000000e+01 6.979999999999999538e+00 0.000000000000000000e+00 -8.644167491045717799e-02 6.049699098987109114e-01 3.795546669502250503e-02 0.000000000000000000e+00 0.000000000000000000e+00 7.940000000000000000e+02 0.000000000000000000e+00 0.000000000000000000e+00 1.000000000000000000e+00
5.000000000000000000e+00 3.000000000000000000e+01 6.990000000000000213e+00 0.000000000000000000e+00 -8.278065599143144548e-02 6.079056611775348617e-01 3.791486761011804429e-02 0.000000000000000000e+00 0.000000000000000000e+00 7.940000000000000000e+02 0.000000000000000000e+00 0.000000000000000000e+00 1.000000000000000000e+00
5.000000000000000000e+00 3.000000000000000000e+01 7.000000000000000000e+00 0.000000000000000000e+00 -7.969791987537747091e-02 6.103594409849378843e-01 3.787831780097854206e-02 0.000000000000000000e+00 0.000000000000000000e+00 7.940000000000000000e+02 0.000000000000000000e+00 0.000000000000000000e+00 1.000000000000000000e+00
5.000000000000000000e+00 3.000000000000000000e+01 7.009999999999999787e+00 0.000000000000000000e+00 -7.717366326703462009e-02 6.123944022651141017e-01 3.785106259804954520e-02 0.000000000000000000e+00 0.000000000000000000e+00 7.940000000000000000e+02 0.000000000000000000e+00 0.000000000000000000e+00 1.000000000000000000e+00
5.000000000000000000e+00 3.000000000000000000e+01 7.019999999999999574e+00 0.000000000000000000e+00 -7.519167050698646881e-02 6.140629188275543715e-01 3.783740960383451257e-02 0.000000000000000000e+00 0.000000000000000000e+00 7.940000000000000000e+02 0.000000000000000000e+00 0.000000000000000000e+00 1.000000000000000000e+00
5.000000000000000000e+00 3.000000000000000000e+01 7.030000000000000249e+00 0.000000000000000000e+00 -7.373920940332488738e-02 6.154079332920635581e-01 3.784091740481426713e-02 0.000000000000000000e+00 0.000000000000000000e+00 7.940000000000000000e+02 0.000000000000000000e+00 0.000000000000000000e+00 1.000000000000000000e+00
5.000000000000000000e+00 3.000000000000000000e+01 7.040000000000000036e+00 0.000000000000000000e+00 -7.280694944088168807e-02 6.164640623032001665e-01 3.786454722839191489e-02 0.000000000000000000e+00 0.000000000000000000e+00 7.940000000000000000e+02 0.000000000000000000e+00 0.000000000000000000e+00 1.000000000000000000e+00
5.000000000000000000e+00 3.000000000000000000e+01 7.049999999999999822e+00 0.000000000000000000e+00 -7.238890184260916849e-02 6.172584874590441029e-01 3.791078390111526919e-02 0.000000000000000000e+00 0.000000000000000000e+00 7.940000000000000000e+02 0.000000000000000000e+00 0.000000000000000000e+00 1.000000000000000000e+00
5.000000000000000000e+00 3.000000000000000000e+01 7.059999999999999609e+00 0.000000000000000000e+00 -7.248238109806788565e-02 6.178116548841345868e-01 3.798173105082303103e-02 0.000000000000000000e+00 0.000000000000000000e+00 7.940000000000000000e+02 0.000000000000000000e+00 0.000000000000000000e+00 1.000000000000000000e+00
5.000000000000000000e+00 3.000000000000000000e+01 7.070000000000000284e+00 0.000000000000000000e+00 -7.308798771188326771e-02 6.181378014514873342e-01 3.807918431739655551e-02 0.000000000000000000e+00 0.000000000000000000e+00 7.940000000000000000e+02 0.000000000000000000e+00 0.000000000000000000e+00 1.000000000000000000e+00
5.000000000000000000e+00 3.000000000000000000e+01 7.080000000000000071e+00 0.000000000000000000e+00 -7.420961206134799037e-02 6.182453211970727613e-01 3.820468533313237103e-02 0.000000000000000000e+00 0.000000000000000000e+00 7.940000000000000000e+02 0.000000000000000000e+00 0.000000000000000000e+00 1.000000000000000000e+00
5.000000000000000000e+00 3.000000000000000000e+01 7.089999999999999858e+00 0.000000000000000000e+00 -7.585445938795136456e-02 6.181369813571656602e-01 3.835955835231281974e-02 0.000000000000000000e+00 0.000000000000000000e+00 7.940000000000000000e+02 0.000000000000000000e+00 0.000000000000000000e+00 1.000000000000000000e+00
5.000000000000000000e+00 3.000000000000000000e+01 7.099999999999999645e+00 0.000000000000000000e+00 -7.803309608337956338e-02 6.178099935887190197e-01 3.854493060466983312e-02 0.000000000000000000e+00 0.000000000000000000e+00 7.940000000000000000e+02 0.000000000000000000e+00 0.000000000000000000e+00 1.000000000000000000e+00
5.000000000000000000e+00 3.000000000000000000e+01 7.110000000000000320e+00 0.000000000000000000e+00 -8.075951756732503706e-02 6.172559422057658507e-01 3.876173667690603619e-02 0.000000000000000000e+00 0.000000000000000000e+00 7.940000000000000000e+02 0.000000000000000000e+00 0.000000000000000000e+00 1.000000000000000000e+00
5.000000000000000000e+00 3.000000000000000000e+01 7.120000000000000107e+00 0.000000000000000000e+00 -8.405123819314762323e-02 6.164605675848614519e-01 3.901070644896431627e-02 0.000000000000000000e+00 0.000000000000000000e+00 7.940000000000000000e+02 0.000000000000000000e+00 0.000000000000000000e+00 1.000000000000000000e+00
5.000000000000000000e+00 3.000000000000000000e+01 7.129999999999999893e+00 0.000000000000000000e+00 -8.792940375893530669e-02 6.154033991650794677e-01 3.929233528403337783e-02 0.000000000000000000e+00 0.000000000000000000e+00 7.940000000000000000e+02 0.000000000000000000e+00 0.000000000000000000e+00 1.000000000000000000e+00
5.000000000000000000e+00 3.000000000000000000e+01 7.139999999999999680e+00 0.000000000000000000e+00 -9.241892734672874088e-02 6.140572285970742339e-01 3.960683424492818239e-02 0.000000000000000000e+00 0.000000000000000000e+00 7.940000000000000000e+02 0.000000000000000000e+00 0.000000000000000000e+00 1.000000000000000000e+00
5.000000000000000000e+00 3.000000000000000000e+01 7.150000000000000355e+00 0.000000000000000000e+00 -9.754864936253146435e-02 6.123874094816450508e-01 3.995405702714110996e-02 0.000000000000000000e+00 0.000000000000000000e+00 7.940000000000000000e+02 0.000000000000000000e+00 0.000000000000000000e+00 1.000000000000000000e+00
5.000000000000000000e+00 3.000000000000000000e+01 7.160000000000000142e+00 0.000000000000000000e+00 -1.033515228051924972e-01 6.103509656751736623e-01 4.033339898923532507e-02 0.000000000000000000e+00 0.000000000000000000e+00 7.940000000000000000e+02 0.000000000000000000e+00 0.000000000000000000e+00 1.000000000000000000e+00
5.000000000000000000e+00 3.000000000000000000e+01 7.169999999999999929e+00 0.000000000000000000e+00 -1.098648249543163341e-01 6.078954852123830133e-01 4.074366203240725737e-02 0.000000000000000000e+00 0.000000000000000000e+00 7.940000000000000000e+02 0.000000000000000000e+00 0.000000000000000000e+00 1.000000000000000000e+00
5.000000000000000000e+00 3.000000000000000000e+01 7.179999999999999716e+00 0.000000000000000000e+00 -1.171303968370701470e-01 6.049577713793008460e-01 4.118287701094912323e-02 0.000000000000000000e+00 0.000000000000000000e+00 7.940000000000000000e+02 0.000000000000000000e+00 0.000000000000000000e+00 1.000000000000000000e+00
5.000000000000000000e+00 3.000000000000000000e+01 7.189999999999999503e+00 0.000000000000000000e+00 -1.251949120122065606e-01 6.014622162190939036e-01 4.164807267815034963e-02 0.000000000000000000e+00 0.000000000000000000e+00 7.940000000000000000e+02 0.000000000000000000e+00 0.000000000000000000e+00 1.000000000000000000e+00
5.000000000000000000e+00 3.000000000000000000e+01 7.200000000000000178e+00 0.000000000000000000e+00 -1.341101763979538064e-01 5.973188546096696028e-01 4.213497665816981486e-02 0.000000000000000000e+00 0.000000000000000000e+00 7.940000000000000000e+02 0.000000000000000000e+00 0.000000000000000000e+00 1.000000000000000000e+00
5.000000000000000000e+00 3.000000000000000000e+01 7.209999999999999964e+00 0.000000000000000000e+00 -1.439334610698470018e-01 5.924210488308437883e-01 4.263762925973918483e-02 0.000000000000000000e+00 0.000000000000000000e+00 7.940000000000000000e+02 0.000000000000000000e+00 0.000000000000000000e+00 1.000000000000000000e+00
5.000000000000000000e+00 3.000000000000000000e+01 7.219999999999999751e+00 0.000000000000000000e+00 -1.547278701663734601e-01 5.866427440287578232e-01 4.314788464813931745e-02 0.000000000000000000e+00 0.000000000000000000e+00 7.940000000000000000e+02 0.000000000000000000e+00 0.000000000000000000e+00 1.000000000000000000e+00
5.000000000000000000e+00 3.000000000000000000e+01 7.229999999999999538e+00 0.000000000000000000e+00 -1.665627462658321734e-01 5.798352239414218401e-01 4.365476529221544444e-02 0.000000000000000000e+00 0.000000000000000000e+00 7.940000000000000000e+02 0.000000000000000000e+00 0.000000000000000000e+00 1.000000000000000000e+00
5.000000000000000000e+00 3.000000000000000000e+01 7.240000000000000213e+00 0.000000000000000000e+00 -1.795141158385233360e-01 5.718232833874752341e-01 4.414362370433577709e-02 0.000000000000000000e+00 0.000000000000000000e+00 7.940000000000000000e+02 0.000000000000000000e+00 0.000000000000000000e+00 1.000000000000000000e+00
5.000000000000000000e+00 3.000000000000000000e+01 7.250000000000000000e+00 0.000000000000000000e+00 -1.936651776358233046e-01 5.624007190094838515e-01 4.459504879328045346e-02 0.000000000000000000e+00 0.000000000000000000e+00 7.940000000000000000e+02 0.000000000000000000e+00 0.000000000000000000e+00 1.000000000000000000e+00
5.000000000000000000e+00 3.000000000000000000e+01 7.259999999999999787e+00 0.000000000000000000e+00 -2.091068371535231285e-01 5.513250222170138493e-01 4.498343036744581469e-02 0.000000000000000000e+00 0.000000000000000000e+00 7.940000000000000000e+02 0.000000000000000000e+00 0.000000000000000000e+00 1.000000000000000000e+00
5.000000000000000000e+00 3.000000000000000000e+01 7.269999999999999574e+00 0.000000000000000000e+00 -2.259382906027910254e-01 5.383111377417254539e-01 4.527506092870259291e-02 0.000000000000000000e+00 0.000000000000000000e+00 7.940000000000000000e+02 0.000000000000000000e+00 0.000000000000000000e+00 1.000000000000000000e+00
5.000000000000000000e+00 3.000000000000000000e+01 7.280000000000000249e+00 0.000000000000000000e+00 -2.442676621401468351e-01 5.230241271683880866e-01 4.542560337942394555e-02 0.000000000000000000e+00 0.000000000000000000e+00 7.940000000000000000e+02 0.000000000000000000e+00 0.000000000000000000e+00 1.000000000000000000e+00
5.000000000000000000e+00 3.000000000000000000e+01 7.290000000000000036e+00 0.000000000000000000e+00 -2.642126984499744702e-01 5.050705486230729901e-01 4.537667801027038539e-02 0.000000000000000000e+00 0.000000000000000000e+00 7.940000000000000000e+02 0.000000000000000000e+00 0.000000000000000000e+00 1.000000000000000000e+00
5.000000000000000000e+00 3.000000000000000000e+01 7.299999999999999822e+00 0.000000000000000000e+00 -2.859015251415247261e-01 4.839883307575136295e-01 4.505120883342164650e-02 0.000000000000000000e+00 0.000000000000000000e+00 7.940000000000000000e+02 0.000000000000000000e+00 0.000000000000000000e+00 1.000000000000000000e+00
5.000000000000000000e+00 3.000000000000000000e+01 7.309999999999999609e+00 0.000000000000000000e+00 -3.094734698194512301e-01 4.592348804163111642e-01 4.434699847735905365e-02 0.000000000000000000e+00 0.000000000000000000e+00 7.940000000000000000e+02 0.000000000000000000e+00 0.000000000000000000e+00 1.000000000000000000e+00
5.000000000000000000e+00 3.000000000000000000e+01 7.320000000000000284e+00 0.000000000000000000e+00 -3.350799571152345835e-01 4.301731179139567929e-01 4.312774880232930763e-02 0.000000000000000000e+00 0.000000000000000000e+00 7.940000000000000000e+02 0.000000000000000000e+00 0.000000000000000000e+00 1.000000000000000000e+00
5.000000000000000000e+00 3.000000000000000000e+01 7.330000000000000071e+00 0.000000000000000000e+00 -3.628854814291140318e-01 3.960550805115129469e-01 4.121040513776012826e-02 0.000000000000000000e+00 0.000000000000000000e+00 7.940000000000000000e+02 0.000000000000000000e+00 0.000000000000000000e+00 1.000000000000000000e+00
5.000000000000000000e+00 3.000000000000000000e+01 7.339999999999999858e+00 0.000000000000000000e+00 -3.930686636313604487e-01 3.560026720955518087e-01 3.834740428079090602e-02 0.000000000000000000e+00 0.000000000000000000e+00 7.940000000000000000e+02 0.000000000000000000e+00 0.000000000000000000e+00 1.000000000000000000e+00
5.000000000000000000e+00 3.000000000000000000e+01 7.349999999999999645e+00 0.000000000000000000e+00 -4.258233985110684849e-01 3.089850636137264628e-01 3.420299570410312295e-02 0.000000000000000000e+00 0.000000000000000000e+00 7.940000000000000000e+02 0.000000000000000000e+00 0.000000000000000000e+00 1.000000000000000000e+00
5.000000000000000000e+00 3.000000000000000000e+01 7.360000000000000320e+00 0.000000000000000000e+00 -4.613601003436052506e-01 2.537921626218677673e-01 2.832894666034523057e-02 0.000000000000000000e+00 0.000000000000000000e+00 7.940000000000000000e+02 0.000000000000000000e+00 0.000000000000000000e+00 1.000000000000000000e+00
5.000000000000000000e+00 3.000000000000000000e+01 7.370000000000000107e+00 0.000000000000000000e+00 -4.999070545781580943e-01 1.890034691281943791e-01 2.018459747098016316e-02 0.000000000000000000e+00 0.000000000000000000e+00 7.940000000000000000e+02 0.000000000000000000e+00 0.000000000000000000e+00 1.000000000000000000e+00
5.000000000000000000e+00 3.000000000000000000e+01 7.379999999999999893e+00 0.000000000000000000e+00 -5.417118843285347873e-01 1.129515161773293613e-01 9.531582393741681869e-03 0.000000000000000000e+00 0.000000000000000000e+00 7.940000000000000000e+02 0.000000000000000000e+00 0.000000000000000000e+00 1.000000000000000000e+00
5.000000000000000000e+00 3.000000000000000000e+01 7.389999999999999680e+00 0.000000000000000000e+00 -5.870431410878579337e-01 2.367895424423868342e-02 2.556924434566655580e-04 0.000000000000000000e+00 1.000000000000000000e+00 7.940000000000000000e+02 0.000000000000000000e+00 0.000000000000000000e+00 1.000000000000000000e+00
5.000000000000000000e+00 3.000000000000000000e+01 7.400000000000000355e+00 0.000000000000000000e+00 -6.663469639417076706e-01 8.993548329917333550e-02 1.421237267695780321e-02 0.000000000000000000e+00 0.000000000000000000e+00 7.940000000000000000e+02 0.000000000000000000e+00 0.000000000000000000e+00 1.000000000000000000e+00
5.000000000000000000e+00 3.000000000000000000e+01 7.410000000000000142e+00 0.000000000000000000e+00 -7.499778614073138172e-01 1.119295738255202122e-01 3.212271716462489213e-02 0.000000000000000000e+00 0.000000000000000000e+00 7.940000000000000000e+02 0.000000000000000000e+00 0.000000000000000000e+00 1.000000000000000000e+00
5.000000000000000000e+00 3.000000000000000000e+01 7.419999999999999929e+00 0.000000000000000000e+00 -8.384730729022178419e-01 9.022728785028752418e-02 4.042330718636742010e-02 0.000000000000000000e+00 0.000000000000000000e+00 7.940000000000000000e+02 0.000000000000000000e+00 0.000000000000000000e+00 1.000000000000000000e+00
5.000000000000000000e+00 3.000000000000000000e+01 7.429999999999999716e+00 0.000000000000000000e+00 -9.324010858792584067e-01 2.427007352177965385e-02 2.295725951746095672e-02 0.000000000000000000e+00 1.000000000000000000e+00 7.940000000000000000e+02 0.000000000000000000e+00 0.000000000000000000e+00 1.000000000000000000e+00
5.000000000000000000e+00 3.000000000000000000e+01 7.439999999999999503e+00 0.000000000000000000e+00 -8.727970342199005138e-01 6.281201069189829012e-02 3.432366792757914759e-02 0.000000000000000000e+00 0.000000000000000000e+00 7.940000000000000000e+02 0.000000000000000000e+00 0.000000000000000000e+00 1.000000000000000000e+00
5.000000000000000000e+00 3.000000000000000000e+01 7.450000000000000178e+00 0.000000000000000000e+00 -8.188462789260878560e-01 2.174206474116464199e-02 6.128414785172703327e-03 0.000000000000000000e+00 1.000000000000000000e+00 7.940000000000000000e+02 0.000000000000000000e+00 0.000000000000000000e+00 1.000000000000000000e+00
5.000000000000000000e+00 3.000000000000000000e+01 7.459999999999999964e+00 0.000000000000000000e+00 -9.364446977381521986e-01 1.692425404893073415e-02 1.807595725669676467e-02 0.000000000000000000e+00 1.000000000000000000e+00 7.940000000000000000e+02 0.000000000000000000e+00 0.000000000000000000e+00 1.000000000000000000e+00
5.000000000000000000e+00 3.000000000000000000e+01 7.469999999999999751e+00 0.000000000000000000e+00 -9.891305982390840024e-01 1.743585596368310564e-02 3.106796262363702502e-02 0.000000000000000000e+00 1.000000000000000000e+00 7.940000000000000000e+02 0.000000000000000000e+00 0.000000000000000000e+00 1.000000000000000000e+00
5.000000000000000000e+00 3.000000000000000000e+01 7.479999999999999538e+00 0.000000000000000000e+00 -1.002409276131980720e+00 1.229940108743187398e-02 2.960111687958496413e-02 0.000000000000000000e+00 1.000000000000000000e+00 7.940000000000000000e+02 0.000000000000000000e+00 0.000000000000000000e+00 1.000000000000000000e+00
5.000000000000000000e+00 3.000000000000000000e+01 7.490000000000000213e+00 0.000000000000000000e+00 -9.291003709624391371e-01 1.135364421513049976e-02 1.242363840365946770e-02 0.000000000000000000e+00 1.000000000000000000e+00 7.940000000000000000e+02 0.000000000000000000e+00 0.000000000000000000e+00 1.000000000000000000e+00
5.000000000000000000e+00 3.000000000000000000e+01 7.500000000000000000e+00 0.000000000000000000e+00 -9.010510420525980058e-01 7.381925955399500083e-02 4.719475802625724969e-02 0.000000000000000000e+00 0.000000000000000000e+00 7.940000000000000000e+02 0.000000000000000000e+00 0.000000000000000000e+00 1.000000000000000000e+00
5.000000000000000000e+00 3.000000000000000000e+01 7.509999999999999787e+00 0.000000000000000000e+00 -8.788365114073760642e-01 7.577878285596803543e-02 4.262446675102063431e-02 0.000000000000000000e+00 0.000000000000000000e+00 7.940000000000000000e+02 0.000000000000000000e+00 0.000000000000000000e+00 1.000000000000000000e+00
5.000000000000000000e+00 3.000000000000000000e+01 7.519999999999999574e+00 0.000000000000000000e+00 -8.623140743342909698e-01 1.728264638288629432e-02 7.882668917746152304e-03 0.000000000000000000e+00 1.000000000000000000e+00 7.940000000000000000e+02 0.000000000000000000e+00 0.000000000000000000e+00 1.000000000000000000e+00
5.000000000000000000e+00 3.000000000000000000e+01 7.530000000000000249e+00 0.000000000000000000e+00 -7.706065662035957997e-01 6.130545635011779709e-02 1.647971023823931874e-02 0.000000000000000000e+00 0.000000000000000000e+00 7.940000000000000000e+02 0.000000000000000000e+00 0.000000000000000000e+00 1.000000000000000000e+00
5.000000000000000000e+00 3.000000000000000000e+01 7.540000000000000036e+00 0.000000000000000000e+00 -6.838958895531082050e-01 2.379364416755715486e-02 1.187116844222850694e-03 0.000000000000000000e+00 1.000000000000000000e+00 7.940000000000000000e+02 0.000000000000000000e+00 0.000000000000000000e+00 1.000000000000000000e+00
5.000000000000000000e+00 3.000000000000000000e+01 7.549999999999999822e+00 0.000000000000000000e+00 -7.928548863867603824e-01 5.712216989027124603e-02 1.769013163001475347e-02 0.000000000000000000e+00 0.000000000000000000e+00 7.940000000000000000e+02 0.000000000000000000e+00 0.000000000000000000e+00 1.000000000000000000e+00
5.000000000000000000e+00 3.000000000000000000e+01 7.559999999999999609e+00 0.000000000000000000e+00 -9.069536364548846930e-01 3.625580916619594671e-03 4.506232090731743939e-03 0.000000000000000000e+00 1.000000000000000000e+00 7.940000000000000000e+02 0.000000000000000000e+00 0.000000000000000000e+00 1.000000000000000000e+00
5.000000000000000000e+00 3.000000000000000000e+01 7.570000000000000284e+00 0.000000000000000000e+00 -8.727638782317935773e-01 5.563047852099770041e-02 3.041846775656650848e-02 0.000000000000000000e+00 0.000000000000000000e+00 7.940000000000000000e+02 0.000000000000000000e+00 0.000000000000000000e+00 1.000000000000000000e+00
5.000000000000000000e+00 3.000000000000000000e+01 7.580000000000000071e+00 0.000000000000000000e+00 -8.442272033823479127e-01 1.799615072591074019e-02 6.591187052427924936e-03 0.000000000000000000e+00 1.000000000000000000e+00 7.940000000000000000e+02 0.000000000000000000e+00 0.000000000000000000e+00 1.000000000000000000e+00
5.000000000000000000e+00 3.000000000000000000e+01 7.589999999999999858e+00 0.000000000000000000e+00 -8.964688872067446690e-01 2.303168503376598966e-02 1.549550359240424446e-02 0.000000000000000000e+00 1.000000000000000000e+00 7.940000000000000000e+02 0.000000000000000000e+00 0.000000000000000000e+00 1.000000000000000000e+00
5.000000000000000000e+00 3.000000000000000000e+01 7.599999999999999645e+00 0.000000000000000000e+00 -9.747935459615511000e-01 7.821569865956740780e-03 1.766645555209519006e-02 0.000000000000000000e+00 1.000000000000000000e+00 7.940000000000000000e+02 0.000000000000000000e+00 0.000000000000000000e+00 1.000000000000000000e+00
5.000000000000000000e+00 3.000000000000000000e+01 7.610000000000000320e+00 0.000000000000000000e+00 -7.165671461964064903e-01 1.231659350391935137e-02 4.980344341862430121e-04 0.000000000000000000e+00 1.000000000000000000e+00 7.940000000000000000e+02 0.000000000000000000e+00 0.000000000000000000e+00 1.000000000000000000e+00
5.000000000000000000e+00 3.000000000000000000e+01 7.620000000000000107e+00 0.000000000000000000e+00 -7.832975775194234158e-01 6.083033006313534607e-02 1.791149446302942733e-02 0.000000000000000000e+00 0.000000000000000000e+00 7.940000000000000000e+02 0.000000000000000000e+00 0.000000000000000000e+00 1.000000000000000000e+00
5.000000000000000000e+00 3.000000000000000000e+01 7.629999999999999893e+00 0.000000000000000000e+00 -8.551063665496041466e-01 2.754741391275654025e-02 1.229636123694302294e-02 0.000000000000000000e+00 1.000000000000000000e+00 7.940000000000000000e+02 0.000000000000000000e+00 0.000000000000000000e+00 1.000000000000000000e+00
5.000000000000000000e+00 3.000000000000000000e+01 7.639999999999999680e+00 0.000000000000000000e+00 -8.312246439799543252e-01 8.162407090216287908e-02 3.491795252327085930e-02 0.000000000000000000e+00 0.000000000000000000e+00 7.940000000000000000e+02 0.000000000000000000e+00 0.000000000000000000e+00 1.000000000000000000e+00
5.000000000000000000e+00 3.000000000000000000e+01 7.650000000000000355e+00 0.000000000000000000e+00 -8.127291594589456381e-01 7.886260602718907220e-02 3.010630884888422509e-02 0.000000000000000000e+00 0.000000000000000000e+00 7.940000000000000000e+02 0.000000000000000000e+00 0.000000000000000000e+00 1.000000000000000000e+00
5.000000000000000000e+00 3.000000000000000000e+01 7.660000000000000142e+00 0.000000000000000000e+00 -7.995010992032470787e-01 1.919194745139032876e-02 4.022771313928951917e-03 0.000000000000000000e+00 1.000000000000000000e+00 7.940000000000000000e+02 0.000000000000000000e+00 0.000000000000000000e+00 1.000000000000000000e+00
5.000000000000000000e+00 3.000000000000000000e+01 7.669999999999999929e+00 0.000000000000000000e+00 -7.999455128308083918e-01 7.903646465978959867e-02 2.791178610715081693e-02 0.000000000000000000e+00 0.000000000000000000e+00 7.940000000000000000e+02 0.000000000000000000e+00 0.000000000000000000e+00 1.000000000000000000e+00
5.000000000000000000e+00 3.000000000000000000e+01 7.679999999999999716e+00 0.000000000000000000e+00 -8.055752294135338776e-01 8.221866772153212100e-02 3.025867597413369608e-02 0.000000000000000000e+00 0.000000000000000000e+00 7.940000000000000000e+02 0.000000000000000000e+00 0.000000000000000000e+00 1.000000000000000000e+00
5.000000000000000000e+00 3.000000000000000000e+01 7.689999999999999503e+00 0.000000000000000000e+00 -8.164264138826808903e-01 2.882045701405445276e-02 8.721424220218799983e-03 0.000000000000000000e+00 1.000000000000000000e+00 7.940000000000000000e+02 0.000000000000000000e+00 0.000000000000000000e+00 1.000000000000000000e+00
5.000000000000000000e+00 3.000000000000000000e+01 7.700000000000000178e+00 0.000000000000000000e+00 -7.630991823388701967e-01 8.140715085719249511e-02 2.300396526354855226e-02 0.000000000000000000e+00 0.000000000000000000e+00 7.940000000000000000e+02 0.000000000000000000e+00 0.000000000000000000e+00 1.000000000000000000e+00
5.000000000000000000e+00 3.000000000000000000e+01 7.709999999999999964e+00 0.000000000000000000e+00 -7.147205553321520632e-01 7.644099480917813938e-02 1.522737793456119954e-02 0.000000000000000000e+00 0.000000000000000000e+00 7.940000000000000000e+02 0.000000000000000000e+00 0.000000000000000000e+00 1.000000000000000000e+00
5.000000000000000000e+00 3.000000000000000000e+01 7.719999999999999751e+00 0.000000000000000000e+00 -6.709797517256234078e-01 1.379417488490425683e-02 2.658947641508277102e-04 0.000000000000000000e+00 1.000000000000000000e+00 7.940000000000000000e+02 0.000000000000000000e+00 0.000000000000000000e+00 1.000000000000000000e+00
5.000000000000000000e+00 3.000000000000000000e+01 7.729999999999999538e+00 0.000000000000000000e+00 -7.531806768197906177e-01 7.501788671883986848e-02 1.929280533645698348e-02 0.000000000000000000e+00 0.000000000000000000e+00 7.940000000000000000e+02 0.000000000000000000e+00 0.000000000000000000e+00 1.000000000000000000e+00
5.000000000000000000e+00 3.000000000000000000e+01 7.740000000000000213e+00 0.000000000000000000e+00 -8.402664906200660866e-01 7.633723568917807900e-02 3.428074849041368860e-02 0.000000000000000000e+00 0.000000000000000000e+00 7.940000000000000000e+02 0.000000000000000000e+00 0.000000000000000000e+00 1.000000000000000000e+00
5.000000000000000000e+00 3.000000000000000000e+01 7.750000000000000000e+00 0.000000000000000000e+00 -9.327966267006442269e-01 1.778617788751477025e-02 1.805056899973420115e-02 0.000000000000000000e+00 1.000000000000000000e+00 7.940000000000000000e+02 0.000000000000000000e+00 0.000000000000000000e+00 1.000000000000000000e+00
5.000000000000000000e+00 3.000000000000000000e+01 7.759999999999999787e+00 0.000000000000000000e+00 -9.674386613752539166e-01 6.226975654309138686e-02 5.982069992330139863e-02 0.000000000000000000e+00 0.000000000000000000e+00 7.940000000000000000e+02 0.000000000000000000e+00 0.000000000000000000e+00 1.000000000000000000e+00
5.000000000000000000e+00 3.000000000000000000e+01 7.769999999999999574e+00 0.000000000000000000e+00 -1.008341964040597283e+00 2.657550074855945590e-02 4.584957391458208825e-02 0.000000000000000000e+00 1.000000000000000000e+00 7.940000000000000000e+02 0.000000000000000000e+00 0.000000000000000000e+00 1.000000000000000000e+00
5.000000000000000000e+00 3.000000000000000000e+01 7.780000000000000249e+00 0.000000000000000000e+00 -1.018905501327078023e+00 1.807624019528485809e-02 4.060642960831633425e-02 0.000000000000000000e+00 1.000000000000000000e+00 7.940000000000000000e+02 0.000000000000000000e+00 0.000000000000000000e+00 1.000000000000000000e+00
5.000000000000000000e+00 3.000000000000000000e+01 7.790000000000000036e+00 0.000000000000000000e+00 -1.054243242929372881e+00 1.345340381603569481e-02 4.545836420281351015e-02 0.000000000000000000e+00 1.000000000000000000e+00 7.940000000000000000e+02 0.000000000000000000e+00 0.000000000000000000e+00 1.000000000000000000e+00
5.000000000000000000e+00 3.000000000000000000e+01 7.799999999999999822e+00 0.000000000000000000e+00 -1.085892584530688598e+00 1.240120427686231333e-02 0.000000000000000000e+00 0.000000000000000000e+00 1.000000000000000000e+00 7.940000000000000000e+02 1.000000000000000000e+00 0.000000000000000000e+00 1.000000000000000000e+00
5.000000000000000000e+00 3.000000000000000000e+01 7.809999999999999609e+00 0.000000000000000000e+00 -1.039711089343383188e+00 8.854007461922448752e-03 3.508560732051527881e-02 0.000000000000000000e+00 1.000000000000000000e+00 7.940000000000000000e+02 0.000000000000000000e+00 0.000000000000000000e+00 1.000000000000000000e+00
5.000000000000000000e+00 3.000000000000000000e+01 7.820000000000000284e+00 0.000000000000000000e+00 -9.515326421585931227e-01 7.127869525298809010e-03 1.238611353151116562e-02 0.000000000000000000e+00 1.000000000000000000e+00 7.940000000000000000e+02 0.000000000000000000e+00 0.000000000000000000e+00 1.000000000000000000e+00
5.000000000000000000e+00 3.000000000000000000e+01 7.830000000000000071e+00 0.000000000000000000e+00 -1.031879989478584392e+00 9.975041391817707215e-03 3.650001191201988904e-02 0.000000000000000000e+00 1.000000000000000000e+00 7.940000000000000000e+02 0.000000000000000000e+00 0.000000000000000000e+00 1.000000000000000000e+00
5.000000000000000000e+00 3.000000000000000000e+01 7.839999999999999858e+00 0.000000000000000000e+00 -9.277788570158659320e-01 8.134396447794303708e-02 5.901878358651047735e-02 0.000000000000000000e+00 0.000000000000000000e+00 7.940000000000000000e+02 0.000000000000000000e+00 0.000000000000000000e+00 1.000000000000000000e+00
5.000000000000000000e+00 3.000000000000000000e+01 7.849999999999999645e+00 0.000000000000000000e+00 -8.296842205536292258e-01 1.056184083155082692e-01 4.538642518587101410e-02 0.000000000000000000e+00 0.000000000000000000e+00 7.940000000000000000e+02 0.000000000000000000e+00 0.000000000000000000e+00 1.000000000000000000e+00
5.000000000000000000e+00 3.000000000000000000e+01 7.860000000000000320e+00 0.000000000000000000e+00 -7.369659265606555154e-01 8.342312439704405169e-02 2.012301887796980049e-02 0.000000000000000000e+00 0.000000000000000000e+00 7.940000000000000000e+02 0.000000000000000000e+00 0.000000000000000000e+00 1.000000000000000000e+00
5.000000000000000000e+00 3.000000000000000000e+01 7.870000000000000107e+00 0.000000000000000000e+00 -6.490283587782436081e-01 1.418687258011945215e-02 1.849826673834490537e-04 0.000000000000000000e+00 1.000000000000000000e+00 7.940000000000000000e+02 0.000000000000000000e+00 0.000000000000000000e+00 1.000000000000000000e+00
5.000000000000000000e+00 3.000000000000000000e+01 7.879999999999999893e+00 0.000000000000000000e+00 -6.363122381230192914e-01 1.020842169999369303e-01 1.448765413050571993e-02 0.000000000000000000e+00 0.000000000000000000e+00 7.940000000000000000e+02 0.000000000000000000e+00 0.000000000000000000e+00 1.000000000000000000e+00
5.000000000000000000e+00 3.000000000000000000e+01 7.889999999999999680e+00 0.000000000000000000e+00 -6.277302509645583672e-01 1.721719980337926004e-01 3.148979288918321573e-02 0.000000000000000000e+00 0.000000000000000000e+00 7.940000000000000000e+02 0.000000000000000000e+00 0.000000000000000000e+00 1.000000000000000000e+00
5.000000000000000000e+00 3.000000000000000000e+01 7.900000000000000355e+00 0.000000000000000000e+00 -6.232272671784439000e-01 2.262540652817874309e-01 4.497253400964144887e-02 0.000000000000000000e+00 0.000000000000000000e+00 7.940000000000000000e+02 0.000000000000000000e+00 0.000000000000000000e+00 1.000000000000000000e+00
5.000000000000000000e+00 3.000000000000000000e+01 7.910000000000000142e+00 0.000000000000000000e+00 -6.227743598912385270e-01 2.657223292016204774e-01 5.511849864192332193e-02 0.000000000000000000e+00 0.000000000000000000e+00 7.940000000000000000e+02 0.000000000000000000e+00 0.000000000000000000e+00 1.000000000000000000e+00
5.000000000000000000e+00 3.000000000000000000e+01 7.919999999999999929e+00 0.000000000000000000e+00 -6.263686196561402131e-01 2.915925847155774187e-01 6.245908047578727085e-02 0.000000000000000000e+00 0.000000000000000000e+00 7.940000000000000000e+02 0.000000000000000000e+00 0.000000000000000000e+00 1.000000000000000000e+00
5.000000000000000000e+00 3.000000000000000000e+01 7.929999999999999716e+00 0.000000000000000000e+00 -6.340331357628865572e-01 3.045306547299480582e-01 6.735842813118601835e-02 0.000000000000000000e+00 0.000000000000000000e+00 7.940000000000000000e+02 0.000000000000000000e+00 0.000000000000000000e+00 1.000000000000000000e+00
5.000000000000000000e+00 3.000000000000000000e+01 7.940000000000000391e+00 0.000000000000000000e+00 -6.458171445618422490e-01 3.048695264227717638e-01 6.997024383160165006e-02 0.000000000000000000e+00 0.000000000000000000e+00 7.940000000000000000e+02 0.000000000000000000e+00 0.000000000000000000e+00 1.000000000000000000e+00
5.000000000000000000e+00 3.000000000000000000e+01 7.950000000000000178e+00 0.000000000000000000e+00 -6.617963457550944950e-01 2.926179213366421061e-01 7.022844678494935544e-02 0.000000000000000000e+00 0.000000000000000000e+00 7.940000000000000000e+02 0.000000000000000000e+00 0.000000000000000000e+00 1.000000000000000000e+00
5.000000000000000000e+00 3.000000000000000000e+01 7.959999999999999964e+00 0.000000000000000000e+00 -6.820733886863910023e-01 2.674605198450963339e-01 6.780520228869461874e-02 0.000000000000000000e+00 0.000000000000000000e+00 7.940000000000000000e+02 0.000000000000000000e+00 0.000000000000000000e+00 1.000000000000000000e+00
5.000000000000000000e+00 3.000000000000000000e+01 7.969999999999999751e+00 0.000000000000000000e+00 -7.067785317538118894e-01 2.287498457696805210e-01 6.199794824634759227e-02 0.000000000000000000e+00 0.000000000000000000e+00 7.940000000000000000e+02 0.000000000000000000e+00 0.000000000000000000e+00 1.000000000000000000e+00
5.000000000000000000e+00 3.000000000000000000e+01 7.979999999999999538e+00 0.000000000000000000e+00 -7.360704791812034964e-01 1.754896022820382206e-01 5.146216065332670508e-02 0.000000000000000000e+00 0.000000000000000000e+00 7.940000000000000000e+02 0.000000000000000000e+00 0.000000000000000000e+00 1.000000000000000000e+00
5.000000000000000000e+00 3.000000000000000000e+01 7.990000000000000213e+00 0.000000000000000000e+00 -7.701374005237351383e-01 1.063090302070420629e-01 3.357232919331671478e-02 0.000000000000000000e+00 0.000000000000000000e+00 7.940000000000000000e+02 0.000000000000000000e+00 0.000000000000000000e+00 1.000000000000000000e+00
5.000000000000000000e+00 3.000000000000000000e+01 8.000000000000000000e+00 0.000000000000000000e+00 -8.091981394568210639e-01 1.942762878647924865e-02 4.650784897387721245e-03 0.000000000000000000e+00 1.000000000000000000e+00 7.940000000000000000e+02 0.000000000000000000e+00 0.000000000000000000e+00 1.000000000000000000e+00
5.000000000000000000e+00 3.000000000000000000e+01 8.009999999999999787e+00 0.000000000000000000e+00 -8.262153274320369611e-01 8.614362861786903358e-02 3.595893624746918787e-02 0.000000000000000000e+00 0.000000000000000000e+00 7.940000000000000000e+02 0.000000000000000000e+00 0.000000000000000000e+00 1.000000000000000000e+00
5.000000000000000000e+00 3.000000000000000000e+01 8.019999999999999574e+00 0.000000000000000000e+00 -8.485865739338984692e-01 1.061681059938294480e-01 5.010808845540555556e-02 0.000000000000000000e+00 0.000000000000000000e+00 7.940000000000000000e+02 0.000000000000000000e+00 0.000000000000000000e+00 1.000000000000000000e+00
5.000000000000000000e+00 3.000000000000000000e+01 8.029999999999999361e+00 0.000000000000000000e+00 -8.764555903873044729e-01 8.001643099704880413e-02 4.425572457367785845e-02 0.000000000000000000e+00 0.000000000000000000e+00 7.940000000000000000e+02 0.000000000000000000e+00 0.000000000000000000e+00 1.000000000000000000e+00
5.000000000000000000e+00 3.000000000000000000e+01 8.039999999999999147e+00 0.000000000000000000e+00 -9.100014055318789152e-01 7.015537826483556581e-03 6.870094779325965073e-03 0.000000000000000000e+00 1.000000000000000000e+00 7.940000000000000000e+02 0.000000000000000000e+00 0.000000000000000000e+00 1.000000000000000000e+00
5.000000000000000000e+00 3.000000000000000000e+01 8.050000000000000711e+00 0.000000000000000000e+00 -8.833694156691775934e-01 8.064769730075746490e-02 4.630893534849429144e-02 0.000000000000000000e+00 0.000000000000000000e+00 7.940000000000000000e+02 0.000000000000000000e+00 0.000000000000000000e+00 1.000000000000000000e+00
5.000000000000000000e+00 3.000000000000000000e+01 8.060000000000000497e+00 0.000000000000000000e+00 -8.624586384592304311e-01 1.085495573291716948e-01 5.471487539790022281e-02 0.000000000000000000e+00 0.000000000000000000e+00 7.940000000000000000e+02 0.000000000000000000e+00 0.000000000000000000e+00 1.000000000000000000e+00
5.000000000000000000e+00 3.000000000000000000e+01 8.070000000000000284e+00 0.000000000000000000e+00 -8.471347444363845902e-01 9.143922823440882308e-02 4.293432168632417556e-02 0.000000000000000000e+00 0.000000000000000000e+00 7.940000000000000000e+02 0.000000000000000000e+00 0.000000000000000000e+00 1.000000000000000000e+00
5.000000000000000000e+00 3.000000000000000000e+01 8.080000000000000071e+00 0.000000000000000000e+00 -8.372992939073116148e-01 2.887634138387834906e-02 1.085785748735672990e-02 0.000000000000000000e+00 1.000000000000000000e+00 7.940000000000000000e+02 0.000000000000000000e+00 0.000000000000000000e+00 1.000000000000000000e+00
5.000000000000000000e+00 3.000000000000000000e+01 8.089999999999999858e+00 0.000000000000000000e+00 -7.907638347324044137e-01 1.140379790150009703e-01 4.053067611411090287e-02 0.000000000000000000e+00 0.000000000000000000e+00 7.940000000000000000e+02 0.000000000000000000e+00 0.000000000000000000e+00 1.000000000000000000e+00
5.000000000000000000e+00 3.000000000000000000e+01 8.099999999999999645e+00 0.000000000000000000e+00 -7.493546960128543155e-01 1.818517847631299367e-01 5.646722791607551584e-02 0.000000000000000000e+00 0.000000000000000000e+00 7.940000000000000000e+02 0.000000000000000000e+00 0.000000000000000000e+00 1.000000000000000000e+00
5.000000000000000000e+00 3.000000000000000000e+01 8.109999999999999432e+00 0.000000000000000000e+00 -7.128058681488509407e-01 2.340630829141204516e-01 6.494870400376648312e-02 0.000000000000000000e+00 0.000000000000000000e+00 7.940000000000000000e+02 0.000000000000000000e+00 0.000000000000000000e+00 1.000000000000000000e+00
5.000000000000000000e+00 3.000000000000000000e+01 8.119999999999999218e+00 0.000000000000000000e+00 -6.808825638597534313e-01 2.720156359312887462e-01 6.881961322025915984e-02 0.000000000000000000e+00 0.000000000000000000e+00 7.940000000000000000e+02 0.000000000000000000e+00 0.000000000000000000e+00 1.000000000000000000e+00
5.000000000000000000e+00 3.000000000000000000e+01 8.130000000000000782e+00 0.000000000000000000e+00 -6.533797099259500696e-01 2.966862288772088019e-01 6.946500270628963580e-02 0.000000000000000000e+00 0.000000000000000000e+00 7.940000000000000000e+02 0.000000000000000000e+00 0.000000000000000000e+00 1.000000000000000000e+00
5.000000000000000000e+00 3.000000000000000000e+01 8.140000000000000568e+00 0.000000000000000000e+00 -6.301206298119028659e-01 3.087098089361590136e-01 6.760229083268805284e-02 0.000000000000000000e+00 0.000000000000000000e+00 7.940000000000000000e+02 0.000000000000000000e+00 0.000000000000000000e+00 1.000000000000000000e+00
5.000000000000000000e+00 3.000000000000000000e+01 8.150000000000000355e+00 0.000000000000000000e+00 -6.109559087076350536e-01 3.083958270532425328e-01 6.358090489631415543e-02 0.000000000000000000e+00 0.000000000000000000e+00 7.940000000000000000e+02 0.000000000000000000e+00 0.000000000000000000e+00 1.000000000000000000e+00
5.000000000000000000e+00 3.000000000000000000e+01 8.160000000000000142e+00 0.000000000000000000e+00 -5.957624336977593860e-01 2.957362022750379960e-01 5.751240267020524266e-02 0.000000000000000000e+00 0.000000000000000000e+00 7.940000000000000000e+02 0.000000000000000000e+00 0.000000000000000000e+00 1.000000000000000000e+00
5.000000000000000000e+00 3.000000000000000000e+01 8.169999999999999929e+00 0.000000000000000000e+00 -5.844426028921602123e-01 2.704051137700574925e-01 4.933471584626102080e-02 0.000000000000000000e+00 0.000000000000000000e+00 7.940000000000000000e+02 0.000000000000000000e+00 0.000000000000000000e+00 1.000000000000000000e+00
5.000000000000000000e+00 3.000000000000000000e+01 8.179999999999999716e+00 0.000000000000000000e+00 -5.769236984378312005e-01 2.317506151762417921e-01 3.886477837743947117e-02 0.000000000000000000e+00 0.000000000000000000e+00 7.940000000000000000e+02 0.000000000000000000e+00 0.000000000000000000e+00 1.000000000000000000e+00
5.000000000000000000e+00 3.000000000000000000e+01 8.189999999999999503e+00 0.000000000000000000e+00 -5.731574193841426634e-01 1.787778554539084519e-01 2.593777322906262034e-02 0.000000000000000000e+00 0.000000000000000000e+00 7.940000000000000000e+02 0.000000000000000000e+00 0.000000000000000000e+00 1.000000000000000000e+00
5.000000000000000000e+00 3.000000000000000000e+01 8.199999999999999289e+00 0.000000000000000000e+00 -5.731195714006924735e-01 1.101234743991552217e-01 1.110718552634001183e-02 0.000000000000000000e+00 0.000000000000000000e+00 7.940000000000000000e+02 0.000000000000000000e+00 0.000000000000000000e+00 1.000000000000000000e+00
5.000000000000000000e+00 3.000000000000000000e+01 8.209999999999999076e+00 0.000000000000000000e+00 -5.768099113545096523e-01 2.402051383490726513e-02 2.248845064287529477e-04 0.000000000000000000e+00 1.000000000000000000e+00 7.940000000000000000e+02 0.000000000000000000e+00 0.000000000000000000e+00 1.000000000000000000e+00
5.000000000000000000e+00 3.000000000000000000e+01 8.220000000000000639e+00 0.000000000000000000e+00 -5.799636126028167027e-01 1.064337479121358621e-01 1.087195252919442856e-02 0.000000000000000000e+00 0.000000000000000000e+00 7.940000000000000000e+02 0.000000000000000000e+00 0.000000000000000000e+00 1.000000000000000000e+00
5.000000000000000000e+00 3.000000000000000000e+01 8.230000000000000426e+00 0.000000000000000000e+00 -5.868894674616109697e-01 1.664075338303883100e-01 2.470940132584465571e-02 0.000000000000000000e+00 0.000000000000000000e+00 7.940000000000000000e+02 0.000000000000000000e+00 0.000000000000000000e+00 1.000000000000000000e+00
5.000000000000000000e+00 3.000000000000000000e+01 8.240000000000000213e+00 0.000000000000000000e+00 -5.976319671696938007e-01 2.054854172426925640e-01 3.560049865360620513e-02 0.000000000000000000e+00 0.000000000000000000e+00 7.940000000000000000e+02 0.000000000000000000e+00 0.000000000000000000e+00 1.000000000000000000e+00
5.000000000000000000e+00 3.000000000000000000e+01 8.250000000000000000e+00 0.000000000000000000e+00 -6.122601208428468667e-01 2.246731458460977382e-01 4.271610312523121955e-02 0.000000000000000000e+00 0.000000000000000000e+00 7.940000000000000000e+02 0.000000000000000000e+00 0.000000000000000000e+00 1.000000000000000000e+00
5.000000000000000000e+00 3.000000000000000000e+01 8.259999999999999787e+00 0.000000000000000000e+00 -6.308678987838798324e-01 2.244645543156005563e-01 4.582696571578161182e-02 0.000000000000000000e+00 0.000000000000000000e+00 7.940000000000000000e+02 0.000000000000000000e+00 0.000000000000000000e+00 1.000000000000000000e+00
5.000000000000000000e+00 3.000000000000000000e+01 8.269999999999999574e+00 0.000000000000000000e+00 -6.535748361417117458e-01 2.048542741298508829e-01 4.449820163100162707e-02 0.000000000000000000e+00 0.000000000000000000e+00 7.940000000000000000e+02 0.000000000000000000e+00 0.000000000000000000e+00 1.000000000000000000e+00
5.000000000000000000e+00 3.000000000000000000e+01 8.279999999999999361e+00 0.000000000000000000e+00 -6.805268007973525046e-01 1.653375954014882354e-01 3.777573416985871568e-02 0.000000000000000000e+00 0.000000000000000000e+00 7.940000000000000000e+02 0.000000000000000000e+00 0.000000000000000000e+00 1.000000000000000000e+00
5.000000000000000000e+00 3.000000000000000000e+01 8.289999999999999147e+00 0.000000000000000000e+00 -7.118969304096343098e-01 1.048974771560373942e-01 2.387584492190680807e-02 0.000000000000000000e+00 0.000000000000000000e+00 7.940000000000000000e+02 0.000000000000000000e+00 0.000000000000000000e+00 1.000000000000000000e+00
5.000000000000000000e+00 3.000000000000000000e+01 8.300000000000000711e+00 0.000000000000000000e+00 -7.478867446402113206e-01 2.197837174283944275e-02 2.497868984392165315e-03 0.000000000000000000e+00 1.000000000000000000e+00 7.940000000000000000e+02 0.000000000000000000e+00 0.000000000000000000e+00 1.000000000000000000e+00
5.000000000000000000e+00 3.000000000000000000e+01 8.310000000000000497e+00 0.000000000000000000e+00 -6.897604537644179690e-01 1.115038094031851335e-01 2.296704481572820616e-02 0.000000000000000000e+00 0.000000000000000000e+00 7.940000000000000000e+02 0.000000000000000000e+00 0.000000000000000000e+00 1.000000000000000000e+00
5.000000000000000000e+00 3.000000000000000000e+01 8.320000000000000284e+00 0.000000000000000000e+00 -6.361116442282309658e-01 1.877728037537418626e-01 3.690107267731324026e-02 0.000000000000000000e+00 0.000000000000000000e+00 7.940000000000000000e+02 0.000000000000000000e+00 0.000000000000000000e+00 1.000000000000000000e+00
5.000000000000000000e+00 3.000000000000000000e+01 8.330000000000000071e+00 0.000000000000000000e+00 -5.865956795867419693e-01 2.527482903152232785e-01 4.543908489811702978e-02 0.000000000000000000e+00 0.000000000000000000e+00 7.940000000000000000e+02 0.000000000000000000e+00 0.000000000000000000e+00 1.000000000000000000e+00
5.000000000000000000e+00 3.000000000000000000e+01 8.339999999999999858e+00 0.000000000000000000e+00 -5.408944725204413162e-01 3.081025435372042320e-01 5.061681803600100171e-02 0.000000000000000000e+00 0.000000000000000000e+00 7.940000000000000000e+02 0.000000000000000000e+00 0.000000000000000000e+00 1.000000000000000000e+00
5.000000000000000000e+00 3.000000000000000000e+01 8.349999999999999645e+00 0.000000000000000000e+00 -4.987144414630740874e-01 3.552602161346867793e-01 5.363438977144112385e-02 0.000000000000000000e+00 0.000000000000000000e+00 7.940000000000000000e+02 0.000000000000000000e+00 0.000000000000000000e+00 1.000000000000000000e+00
5.000000000000000000e+00 3.000000000000000000e+01 8.359999999999999432e+00 0.000000000000000000e+00 -4.597846246528524694e-01 3.954350053827432321e-01 5.522201496282040656e-02 0.000000000000000000e+00 0.000000000000000000e+00 7.940000000000000000e+02 0.000000000000000000e+00 0.000000000000000000e+00 1.000000000000000000e+00
5.000000000000000000e+00 3.000000000000000000e+01 8.369999999999999218e+00 0.000000000000000000e+00 -4.238549394918137980e-01 4.296608900498589123e-01 5.584661010281882776e-02 0.000000000000000000e+00 0.000000000000000000e+00 7.940000000000000000e+02 0.000000000000000000e+00 0.000000000000000000e+00 1.000000000000000000e+00
5.000000000000000000e+00 3.000000000000000000e+01 8.380000000000000782e+00 0.000000000000000000e+00 -3.906945760315617133e-01 4.588187419150970836e-01 5.581852163228696873e-02 0.000000000000000000e+00 0.000000000000000000e+00 7.940000000000000000e+02 0.000000000000000000e+00 0.000000000000000000e+00 1.000000000000000000e+00
5.000000000000000000e+00 3.000000000000000000e+01 8.390000000000000568e+00 0.000000000000000000e+00 -3.600905142652477409e-01 4.836589967698475823e-01 5.534989814184548829e-02 0.000000000000000000e+00 0.000000000000000000e+00 7.940000000000000000e+02 0.000000000000000000e+00 0.000000000000000000e+00 1.000000000000000000e+00
5.000000000000000000e+00 3.000000000000000000e+01 8.400000000000000355e+00 0.000000000000000000e+00 -3.318461557009746987e-01 5.048209683878552845e-01 5.458865003939135374e-02 0.000000000000000000e+00 0.000000000000000000e+00 7.940000000000000000e+02 0.000000000000000000e+00 0.000000000000000000e+00 1.000000000000000000e+00
5.000000000000000000e+00 3.000000000000000000e+01 8.410000000000000142e+00 0.000000000000000000e+00 -3.057800604259379162e-01 5.228493025472772393e-01 5.363927217234172595e-02 0.000000000000000000e+00 0.000000000000000000e+00 7.940000000000000000e+02 0.000000000000000000e+00 0.000000000000000000e+00 1.000000000000000000e+00
5.000000000000000000e+00 3.000000000000000000e+01 8.419999999999999929e+00 0.000000000000000000e+00 -2.817247815482885609e-01 5.382079945820257283e-01 5.257617030849642825e-02 0.000000000000000000e+00 0.000000000000000000e+00 7.940000000000000000e+02 0.000000000000000000e+00 0.000000000000000000e+00 1.000000000000000000e+00
5.000000000000000000e+00 3.000000000000000000e+01 8.429999999999999716e+00 0.000000000000000000e+00 -2.595257895292475969e-01 5.512923312321897917e-01 5.145249092863445062e-02 0.000000000000000000e+00 0.000000000000000000e+00 7.940000000000000000e+02 0.000000000000000000e+00 0.000000000000000000e+00 1.000000000000000000e+00
5.000000000000000000e+00 3.000000000000000000e+01 8.439999999999999503e+00 0.000000000000000000e+00 -2.390404794954518186e-01 5.624390641410064173e-01 5.030613797513289187e-02 0.000000000000000000e+00 0.000000000000000000e+00 7.940000000000000000e+02 0.000000000000000000e+00 0.000000000000000000e+00 1.000000000000000000e+00
5.000000000000000000e+00 3.000000000000000000e+01 8.449999999999999289e+00 0.000000000000000000e+00 -2.201372551545709988e-01 5.719350768337261304e-01 4.916396686095170221e-02 0.000000000000000000e+00 0.000000000000000000e+00 7.940000000000000000e+02 0.000000000000000000e+00 0.000000000000000000e+00 1.000000000000000000e+00
5.000000000000000000e+00 3.000000000000000000e+01 8.459999999999999076e+00 0.000000000000000000e+00 -2.026946834293295585e-01 5.800247682404573446e-01 4.804476211002629837e-02 0.000000000000000000e+00 0.000000000000000000e+00 7.940000000000000000e+02 0.000000000000000000e+00 0.000000000000000000e+00 1.000000000000000000e+00
5.000000000000000000e+00 3.000000000000000000e+01 8.470000000000000639e+00 0.000000000000000000e+00 -1.866007143793577128e-01 5.869163427927530652e-01 4.696138297005515716e-02 0.000000000000000000e+00 0.000000000000000000e+00 7.940000000000000000e+02 0.000000000000000000e+00 0.000000000000000000e+00 1.000000000000000000e+00
5.000000000000000000e+00 3.000000000000000000e+01 8.480000000000000426e+00 0.000000000000000000e+00 -1.717519613997000039e-01 5.927871689821939682e-01 4.592232797142875578e-02 0.000000000000000000e+00 0.000000000000000000e+00 7.940000000000000000e+02 0.000000000000000000e+00 0.000000000000000000e+00 1.000000000000000000e+00
5.000000000000000000e+00 3.000000000000000000e+01 8.490000000000000213e+00 0.000000000000000000e+00 -1.580530370720245048e-01 5.977883442942172332e-01 4.493288658388526480e-02 0.000000000000000000e+00 0.000000000000000000e+00 7.940000000000000000e+02 0.000000000000000000e+00 0.000000000000000000e+00 1.000000000000000000e+00
5.000000000000000000e+00 3.000000000000000000e+01 8.500000000000000000e+00 0.000000000000000000e+00 -1.454159404020841651e-01 6.020485840049176751e-01 4.399599315932906096e-02 0.000000000000000000e+00 0.000000000000000000e+00 7.940000000000000000e+02 0.000000000000000000e+00 0.000000000000000000e+00 1.000000000000000000e+00
5.000000000000000000e+00 3.000000000000000000e+01 8.509999999999999787e+00 0.000000000000000000e+00 -1.337594915070829948e-01 6.056775339268051228e-01 4.311286359273913682e-02 0.000000000000000000e+00 0.000000000000000000e+00 7.940000000000000000e+02 0.000000000000000000e+00 0.000000000000000000e+00 1.000000000000000000e+00
5.000000000000000000e+00 3.000000000000000000e+01 8.519999999999999574e+00 0.000000000000000000e+00 -1.230088101214166091e-01 6.087685923636756424e-01 4.228347179714987691e-02 0.000000000000000000e+00 0.000000000000000000e+00 7.940000000000000000e+02 0.000000000000000000e+00 0.000000000000000000e+00 1.000000000000000000e+00
5.000000000000000000e+00 3.000000000000000000e+01 8.529999999999999361e+00 0.000000000000000000e+00 -1.130948345707416119e-01 6.114013139032618005e-01 4.150690710104605607e-02 0.000000000000000000e+00 0.000000000000000000e+00 7.940000000000000000e+02 0.000000000000000000e+00 0.000000000000000000e+00 1.000000000000000000e+00
5.000000000000000000e+00 3.000000000000000000e+01 8.539999999999999147e+00 0.000000000000000000e+00 -1.039538781242948656e-01 6.136434569140878370e-01 4.078164252643029508e-02 0.000000000000000000e+00 0.000000000000000000e+00 7.940000000000000000e+02 0.000000000000000000e+00 0.000000000000000000e+00 1.000000000000000000e+00
5.000000000000000000e+00 3.000000000000000000e+01 8.550000000000000711e+00 0.000000000000000000e+00 -9.552721987549896154e-02 6.155527274429682949e-01 4.010573600668501659e-02 0.000000000000000000e+00 0.000000000000000000e+00 7.940000000000000000e+02 0.000000000000000000e+00 0.000000000000000000e+00 1.000000000000000000e+00
5.000000000000000000e+00 3.000000000000000000e+01 8.560000000000000497e+00 0.000000000000000000e+00 -8.776072752269743760e-02 6.171782643958469983e-01 3.947698092986183516e-02 0.000000000000000000e+00 0.000000000000000000e+00 7.940000000000000000e+02 0.000000000000000000e+00 0.000000000000000000e+00 1.000000000000000000e+00
5.000000000000000000e+00 3.000000000000000000e+01 8.570000000000000284e+00 0.000000000000000000e+00 -8.060450962678809839e-02 6.185619042260843692e-01 3.889301826880932345e-02 0.000000000000000000e+00 0.000000000000000000e+00 7.940000000000000000e+02 0.000000000000000000e+00 0.000000000000000000e+00 1.000000000000000000e+00
5.000000000000000000e+00 3.000000000000000000e+01 8.580000000000000071e+00 0.000000000000000000e+00 -7.401259511188026941e-02 6.197392576794860108e-01 3.835141952999544801e-02 0.000000000000000000e+00 0.000000000000000000e+00 7.940000000000000000e+02 0.000000000000000000e+00 0.000000000000000000e+00 1.000000000000000000e+00
5.000000000000000000e+00 3.000000000000000000e+01 8.589999999999999858e+00 0.000000000000000000e+00 -6.794263795010863083e-02 6.207406263082592135e-01 3.784974750711847524e-02 0.000000000000000000e+00 0.000000000000000000e+00 7.940000000000000000e+02 0.000000000000000000e+00 0.000000000000000000e+00 1.000000000000000000e+00
5.000000000000000000e+00 3.000000000000000000e+01 8.599999999999999645e+00 0.000000000000000000e+00 -6.235564513351897487e-02 6.215917823422266730e-01 3.738560014770295203e-02 0.000000000000000000e+00 0.000000000000000000e+00 7.940000000000000000e+02 0.000000000000000000e+00 0.000000000000000000e+00 1.000000000000000000e+00
5.000000000000000000e+00 3.000000000000000000e+01 8.609999999999999432e+00 0.000000000000000000e+00 -5.721572618553438794e-02 6.223146319888448463e-01 3.695664157868572275e-02 0.000000000000000000e+00 0.000000000000000000e+00 7.940000000000000000e+02 0.000000000000000000e+00 0.000000000000000000e+00 1.000000000000000000e+00
5.000000000000000000e+00 3.000000000000000000e+01 8.619999999999999218e+00 0.000000000000000000e+00 -5.248986260288022315e-02 6.229277792333842712e-01 3.656062338191867767e-02 0.000000000000000000e+00 0.000000000000000000e+00 7.940000000000000000e+02 0.000000000000000000e+00 0.000000000000000000e+00 1.000000000000000000e+00
5.000000000000000000e+00 3.000000000000000000e+01 8.630000000000000782e+00 0.000000000000000000e+00 -4.814769574687784159e-02 6.234470046497985196e-01 3.619539848411419680e-02 0.000000000000000000e+00 0.000000000000000000e+00 7.940000000000000000e+02 0.000000000000000000e+00 0.000000000000000000e+00 1.000000000000000000e+00
5.000000000000000000e+00 3.000000000000000000e+01 8.640000000000000568e+00 0.000000000000000000e+00 -4.416133182153461623e-02 6.238856715454424995e-01 3.585892947078597737e-02 0.000000000000000000e+00 0.000000000000000000e+00 7.940000000000000000e+02 0.000000000000000000e+00 0.000000000000000000e+00 1.000000000000000000e+00
5.000000000000000000e+00 3.000000000000000000e+01 8.650000000000000355e+00 0.000000000000000000e+00 -4.050516268562206340e-02 6.242550698925852792e-01 3.554929270803186547e-02 0.000000000000000000e+00 0.000000000000000000e+00 7.940000000000000000e+02 0.000000000000000000e+00 0.000000000000000000e+00 1.000000000000000000e+00
5.000000000000000000e+00 3.000000000000000000e+01 8.660000000000000142e+00 0.000000000000000000e+00 -3.715570134765094207e-02 6.245647068984884198e-01 3.526467932820875895e-02 0.000000000000000000e+00 0.000000000000000000e+00 7.940000000000000000e+02 0.000000000000000000e+00 0.000000000000000000e+00 1.000000000000000000e+00
5.000000000000000000e+00 3.000000000000000000e+01 8.669999999999999929e+00 0.000000000000000000e+00 -3.409143108697346158e-02 6.248225516924496015e-01 3.500339388221007653e-02 0.000000000000000000e+00 0.000000000000000000e+00 7.940000000000000000e+02 0.000000000000000000e+00 0.000000000000000000e+00 1.000000000000000000e+00
5.000000000000000000e+00 3.000000000000000000e+01 8.679999999999999716e+00 0.000000000000000000e+00 -3.129266723177660803e-02 6.250352404273276097e-01 3.476385126446158991e-02 0.000000000000000000e+00 0.000000000000000000e+00 7.940000000000000000e+02 0.000000000000000000e+00 0.000000000000000000e+00 1.000000000000000000e+00
5.000000000000000000e+00 3.000000000000000000e+01 8.689999999999999503e+00 0.000000000000000000e+00 -2.874143070603744216e-02 6.252082470742447162e-01 3.454457236348296156e-02 0.000000000000000000e+00 0.000000000000000000e+00 7.940000000000000000e+02 0.000000000000000000e+00 0.000000000000000000e+00 1.000000000000000000e+00
5.000000000000000000e+00 3.000000000000000000e+01 8.699999999999999289e+00 0.000000000000000000e+00 -2.642133253311408636e-02 6.253460243062088919e-01 3.434417877063265789e-02 0.000000000000000000e+00 0.000000000000000000e+00 7.940000000000000000e+02 0.000000000000000000e+00 0.000000000000000000e+00 1.000000000000000000e+00
5.000000000000000000e+00 3.000000000000000000e+01 8.710000000000000853e+00 0.000000000000000000e+00 -2.431746855403141977e-02 6.254521180965859628e-01 3.416138678458983946e-02 0.000000000000000000e+00 0.000000000000000000e+00 7.940000000000000000e+02 0.000000000000000000e+00 0.000000000000000000e+00 1.000000000000000000e+00
5.000000000000000000e+00 3.000000000000000000e+01 8.720000000000000639e+00 0.000000000000000000e+00 -2.241632368413814733e-02 6.255292589818337579e-01 3.399500087309068053e-02 0.000000000000000000e+00 0.000000000000000000e+00 7.940000000000000000e+02 0.000000000000000000e+00 0.000000000000000000e+00 1.000000000000000000e+00
5.000000000000000000e+00 3.000000000000000000e+01 8.730000000000000426e+00 0.000000000000000000e+00 -2.070568509308667871e-02 6.255794323373330412e-01 3.384390669166151278e-02 0.000000000000000000e+00 0.000000000000000000e+00 7.940000000000000000e+02 0.000000000000000000e+00 0.000000000000000000e+00 1.000000000000000000e+00
5.000000000000000000e+00 3.000000000000000000e+01 8.740000000000000213e+00 0.000000000000000000e+00 -1.917456375040943115e-02 6.256039294750065372e-01 3.370706370778565886e-02 0.000000000000000000e+00 0.000000000000000000e+00 7.940000000000000000e+02 0.000000000000000000e+00 0.000000000000000000e+00 1.000000000000000000e+00
5.000000000000000000e+00 3.000000000000000000e+01 8.750000000000000000e+00 0.000000000000000000e+00 -1.781312383270554703e-02 6.256033808778191929e-01 3.358349743509152219e-02 0.000000000000000000e+00 0.000000000000000000e+00 7.940000000000000000e+02 0.000000000000000000e+00 0.000000000000000000e+00 1.000000000000000000e+00
5.000000000000000000e+00 3.000000000000000000e+01 8.759999999999999787e+00 0.000000000000000000e+00 -1.661261953895447341e-02 6.255777724265221273e-01 3.347229124326919769e-02 0.000000000000000000e+00 0.000000000000000000e+00 7.940000000000000000e+02 0.000000000000000000e+00 0.000000000000000000e+00 1.000000000000000000e+00
5.000000000000000000e+00 3.000000000000000000e+01 8.769999999999999574e+00 0.000000000000000000e+00 -1.556533890806195697e-02 6.255264450362657547e-01 3.337257767346024639e-02 0.000000000000000000e+00 0.000000000000000000e+00 7.940000000000000000e+02 0.000000000000000000e+00 0.000000000000000000e+00 1.000000000000000000e+00
5.000000000000000000e+00 3.000000000000000000e+01 8.779999999999999361e+00 0.000000000000000000e+00 -1.466455427772620987e-02 6.254480776937291209e-01 3.328352915402334189e-02 0.000000000000000000e+00 0.000000000000000000e+00 7.940000000000000000e+02 0.000000000000000000e+00 0.000000000000000000e+00 1.000000000000000000e+00
5.000000000000000000e+00 3.000000000000000000e+01 8.789999999999999147e+00 0.000000000000000000e+00 -1.390447906637514927e-02 6.253406534581925635e-01 3.320434797627189183e-02 0.000000000000000000e+00 0.000000000000000000e+00 7.940000000000000000e+02 0.000000000000000000e+00 0.000000000000000000e+00 1.000000000000000000e+00
5.000000000000000000e+00 3.000000000000000000e+01 8.800000000000000711e+00 0.000000000000000000e+00 -1.328023060054465965e-02 6.252014075515244240e-01 3.313425535250991150e-02 0.000000000000000000e+00 0.000000000000000000e+00 7.940000000000000000e+02 0.000000000000000000e+00 0.000000000000000000e+00 1.000000000000000000e+00
5.000000000000000000e+00 3.000000000000000000e+01 8.810000000000000497e+00 0.000000000000000000e+00 -1.278779874890353246e-02 6.250267562010705102e-01 3.307247933801472917e-02 0.000000000000000000e+00 0.000000000000000000e+00 7.940000000000000000e+02 0.000000000000000000e+00 0.000000000000000000e+00 1.000000000000000000e+00
5.000000000000000000e+00 3.000000000000000000e+01 8.820000000000000284e+00 0.000000000000000000e+00 -1.242402016143194510e-02 6.248122044040778089e-01 3.301824135304881613e-02 0.000000000000000000e+00 0.000000000000000000e+00 7.940000000000000000e+02 0.000000000000000000e+00 0.000000000000000000e+00 1.000000000000000000e+00
5.000000000000000000e+00 3.000000000000000000e+01 8.830000000000000071e+00 0.000000000000000000e+00 -1.218655794826779132e-02 6.245522302397854553e-01 3.297074098898440664e-02 0.000000000000000000e+00 0.000000000000000000e+00 7.940000000000000000e+02 0.000000000000000000e+00 0.000000000000000000e+00 1.000000000000000000e+00
5.000000000000000000e+00 3.000000000000000000e+01 8.839999999999999858e+00 0.000000000000000000e+00 -1.207388666767894581e-02 6.242401427517187962e-01 3.292913872250272100e-02 0.000000000000000000e+00 0.000000000000000000e+00 7.940000000000000000e+02 0.000000000000000000e+00 0.000000000000000000e+00 1.000000000000000000e+00
5.000000000000000000e+00 3.000000000000000000e+01 8.849999999999999645e+00 0.000000000000000000e+00 -1.208528252672533970e-02 6.238679097425070541e-01 3.289253609175384063e-02 0.000000000000000000e+00 0.000000000000000000e+00 7.940000000000000000e+02 0.000000000000000000e+00 0.000000000000000000e+00 1.000000000000000000e+00
5.000000000000000000e+00 3.000000000000000000e+01 8.859999999999999432e+00 0.000000000000000000e+00 -1.222081873166042804e-02 6.234259510491757528e-01 3.285995280622384940e-02 0.000000000000000000e+00 0.000000000000000000e+00 7.940000000000000000e+02 0.000000000000000000e+00 0.000000000000000000e+00 1.000000000000000000e+00
5.000000000000000000e+00 3.000000000000000000e+01 8.869999999999999218e+00 0.000000000000000000e+00 -1.248136595820337549e-02 6.229028919784410645e-01 3.283030016556455488e-02 0.000000000000000000e+00 0.000000000000000000e+00 7.940000000000000000e+02 0.000000000000000000e+00 0.000000000000000000e+00 1.000000000000000000e+00
5.000000000000000000e+00 3.000000000000000000e+01 8.880000000000000782e+00 0.000000000000000000e+00 -1.286859794470295026e-02 6.222852705561657816e-01 3.280235004914081043e-02 0.000000000000000000e+00 0.000000000000000000e+00 7.940000000000000000e+02 0.000000000000000000e+00 0.000000000000000000e+00 1.000000000000000000e+00
5.000000000000000000e+00 3.000000000000000000e+01 8.890000000000000568e+00 0.000000000000000000e+00 -1.338500224412324247e-02 6.215571910564602343e-01 3.277469860463597118e-02 0.000000000000000000e+00 0.000000000000000000e+00 7.940000000000000000e+02 0.000000000000000000e+00 0.000000000000000000e+00 1.000000000000000000e+00
5.000000000000000000e+00 3.000000000000000000e+01 8.900000000000000355e+00 0.000000000000000000e+00 -1.403389620392129014e-02 6.206999148932959010e-01 3.274572360751150379e-02 0.000000000000000000e+00 0.000000000000000000e+00 7.940000000000000000e+02 0.000000000000000000e+00 0.000000000000000000e+00 1.000000000000000000e+00
5.000000000000000000e+00 3.000000000000000000e+01 8.910000000000000142e+00 0.000000000000000000e+00 -1.481944827647023108e-02 6.196913783454188751e-01 3.271353428000421670e-02 0.000000000000000000e+00 0.000000000000000000e+00 7.940000000000000000e+02 0.000000000000000000e+00 0.000000000000000000e+00 1.000000000000000000e+00
5.000000000000000000e+00 3.000000000000000000e+01 8.919999999999999929e+00 0.000000000000000000e+00 -1.574670479692483541e-02 6.185056247022325815e-01 3.267591214515591647e-02 0.000000000000000000e+00 0.000000000000000000e+00 7.940000000000000000e+02 0.000000000000000000e+00 0.000000000000000000e+00 1.000000000000000000e+00
5.000000000000000000e+00 3.000000000000000000e+01 8.929999999999999716e+00 0.000000000000000000e+00 -1.682162240054858870e-02 6.171121362158010770e-01 3.263024124483450417e-02 0.000000000000000000e+00 0.000000000000000000e+00 7.940000000000000000e+02 0.000000000000000000e+00 0.000000000000000000e+00 1.000000000000000000e+00
5.000000000000000000e+00 3.000000000000000000e+01 8.939999999999999503e+00 0.000000000000000000e+00 -1.805110628774920026e-02 6.154750486653998154e-01 3.257342576829047598e-02 0.000000000000000000e+00 0.000000000000000000e+00 7.940000000000000000e+02 0.000000000000000000e+00 0.000000000000000000e+00 1.000000000000000000e+00
5.000000000000000000e+00 3.000000000000000000e+01 8.949999999999999289e+00 0.000000000000000000e+00 -1.944305458263454606e-02 6.135522283198774351e-01 3.250179281874017445e-02 0.000000000000000000e+00 0.000000000000000000e+00 7.940000000000000000e+02 0.000000000000000000e+00 0.000000000000000000e+00 1.000000000000000000e+00
5.000000000000000000e+00 3.000000000000000000e+01 8.960000000000000853e+00 0.000000000000000000e+00 -2.100640907004558411e-02 6.112941875415859316e-01 3.241097769231356118e-02 0.000000000000000000e+00 0.000000000000000000e+00 7.940000000000000000e+02 0.000000000000000000e+00 0.000000000000000000e+00 1.000000000000000000e+00
5.000000000000000000e+00 3.000000000000000000e+01 8.970000000000000639e+00 0.000000000000000000e+00 -2.275121263699752747e-02 6.086428111227842885e-01 3.229578866522998803e-02 0.000000000000000000e+00 0.000000000000000000e+00 7.940000000000000000e+02 0.000000000000000000e+00 0.000000000000000000e+00 1.000000000000000000e+00
5.000000000000000000e+00 3.000000000000000000e+01 8.980000000000000426e+00 0.000000000000000000e+00 -2.468867378752945263e-02 6.055298605742198692e-01 3.215004790093170528e-02 0.000000000000000000e+00 0.000000000000000000e+00 7.940000000000000000e+02 0.000000000000000000e+00 0.000000000000000000e+00 1.000000000000000000e+00
5.000000000000000000e+00 3.000000000000000000e+01 8.990000000000000213e+00 0.000000000000000000e+00 -2.683123864540140624e-02 6.018752178707631462e-01 3.196640473793692372e-02 0.000000000000000000e+00 0.000000000000000000e+00 7.940000000000000000e+02 0.000000000000000000e+00 0.000000000000000000e+00 1.000000000000000000e+00
5.000000000000000000e+00 3.000000000000000000e+01 9.000000000000000000e+00 0.000000000000000000e+00 -2.919267090717977270e-02 5.975848234533596148e-01 3.173611737332929228e-02 0.000000000000000000e+00 0.000000000000000000e+00 7.940000000000000000e+02 0.000000000000000000e+00 0.000000000000000000e+00 1.000000000000000000e+00
5.000000000000000000e+00 3.000000000000000000e+01 9.009999999999999787e+00 0.000000000000000000e+00 -3.178814025932406168e-02 5.925482554176496608e-01 3.144879894563917810e-02 0.000000000000000000e+00 0.000000000000000000e+00 7.940000000000000000e+02 0.000000000000000000e+00 0.000000000000000000e+00 1.000000000000000000e+00
5.000000000000000000e+00 3.000000000000000000e+01 9.019999999999999574e+00 0.000000000000000000e+00 -3.463431982726104114e-02 5.866358875848177723e-01 3.109212447442960547e-02 0.000000000000000000e+00 0.000000000000000000e+00 7.940000000000000000e+02 0.000000000000000000e+00 0.000000000000000000e+00 1.000000000000000000e+00
5.000000000000000000e+00 3.000000000000000000e+01 9.029999999999999361e+00 0.000000000000000000e+00 -3.774949328245226499e-02 5.796955533119251269e-01 3.065149643931829038e-02 0.000000000000000000e+00 0.000000000000000000e+00 7.940000000000000000e+02 0.000000000000000000e+00 0.000000000000000000e+00 1.000000000000000000e+00
5.000000000000000000e+00 3.000000000000000000e+01 9.039999999999999147e+00 0.000000000000000000e+00 -4.115367229550425526e-02 5.715486291781984862e-01 3.010966970169162704e-02 0.000000000000000000e+00 0.000000000000000000e+00 7.940000000000000000e+02 0.000000000000000000e+00 0.000000000000000000e+00 1.000000000000000000e+00
5.000000000000000000e+00 3.000000000000000000e+01 9.050000000000000711e+00 0.000000000000000000e+00 -4.486872508983209135e-02 5.619854377530797418e-01 2.944634228466110060e-02 0.000000000000000000e+00 0.000000000000000000e+00 7.940000000000000000e+02 0.000000000000000000e+00 0.000000000000000000e+00 1.000000000000000000e+00
5.000000000000000000e+00 3.000000000000000000e+01 9.060000000000000497e+00 0.000000000000000000e+00 -4.891851692169688764e-02 5.507598511270611619e-01 2.863772958747505537e-02 0.000000000000000000e+00 0.000000000000000000e+00 7.940000000000000000e+02 0.000000000000000000e+00 0.000000000000000000e+00 1.000000000000000000e+00
5.000000000000000000e+00 3.000000000000000000e+01 9.070000000000000284e+00 0.000000000000000000e+00 -5.332906338905164800e-02 5.375829563163452285e-01 2.765616027894060580e-02 0.000000000000000000e+00 0.000000000000000000e+00 7.940000000000000000e+02 0.000000000000000000e+00 0.000000000000000000e+00 1.000000000000000000e+00
5.000000000000000000e+00 3.000000000000000000e+01 9.080000000000000071e+00 0.000000000000000000e+00 -5.812869755404173611e-02 5.221156195078157092e-01 2.646977062828353988e-02 0.000000000000000000e+00 0.000000000000000000e+00 7.940000000000000000e+02 0.000000000000000000e+00 0.000000000000000000e+00 1.000000000000000000e+00
5.000000000000000000e+00 3.000000000000000000e+01 9.089999999999999858e+00 0.000000000000000000e+00 -6.334825195274362830e-02 5.039597577702519260e-01 2.504244635071115055e-02 0.000000000000000000e+00 0.000000000000000000e+00 7.940000000000000000e+02 0.000000000000000000e+00 0.000000000000000000e+00 1.000000000000000000e+00
5.000000000000000000e+00 3.000000000000000000e+01 9.099999999999999645e+00 0.000000000000000000e+00 -6.902125666136074700e-02 4.826480935917722981e-01 2.333429897261946051e-02 0.000000000000000000e+00 0.000000000000000000e+00 7.940000000000000000e+02 0.000000000000000000e+00 0.000000000000000000e+00 1.000000000000000000e+00
5.000000000000000000e+00 3.000000000000000000e+01 9.109999999999999432e+00 0.000000000000000000e+00 -7.518415469124099804e-02 4.576321285559801222e-01 2.130323264059594268e-02 0.000000000000000000e+00 0.000000000000000000e+00 7.940000000000000000e+02 0.000000000000000000e+00 0.000000000000000000e+00 1.000000000000000000e+00
5.000000000000000000e+00 3.000000000000000000e+01 9.119999999999999218e+00 0.000000000000000000e+00 -8.187653609639886088e-02 4.282680266352496545e-01 1.890869610618449437e-02 0.000000000000000000e+00 0.000000000000000000e+00 7.940000000000000000e+02 0.000000000000000000e+00 0.000000000000000000e+00 1.000000000000000000e+00
5.000000000000000000e+00 3.000000000000000000e+01 9.130000000000000782e+00 0.000000000000000000e+00 -8.914139229743404946e-02 3.938000437793952035e-01 1.611982771720446572e-02 0.000000000000000000e+00 0.000000000000000000e+00 7.940000000000000000e+02 0.000000000000000000e+00 0.000000000000000000e+00 1.000000000000000000e+00
5.000000000000000000e+00 3.000000000000000000e+01 9.140000000000000568e+00 0.000000000000000000e+00 -9.702539225560669056e-02 3.533410773269587968e-01 1.293256914415145259e-02 0.000000000000000000e+00 0.000000000000000000e+00 7.940000000000000000e+02 0.000000000000000000e+00 0.000000000000000000e+00 1.000000000000000000e+00
5.000000000000000000e+00 3.000000000000000000e+01 9.150000000000000355e+00 0.000000000000000000e+00 -1.055791822711931727e-01 3.058498346392068967e-01 9.405432164240799808e-03 0.000000000000000000e+00 0.000000000000000000e+00 7.940000000000000000e+02 0.000000000000000000e+00 0.000000000000000000e+00 1.000000000000000000e+00
5.000000000000000000e+00 3.000000000000000000e+01 9.160000000000000142e+00 0.000000000000000000e+00 -1.148577113320080056e-01 2.501040333458469100e-01 5.734036406550808290e-03 0.000000000000000000e+00 0.000000000000000000e+00 7.940000000000000000e+02 0.000000000000000000e+00 0.000000000000000000e+00 1.000000000000000000e+00
5.000000000000000000e+00 3.000000000000000000e+01 9.169999999999999929e+00 0.000000000000000000e+00 -1.249205841021088087e-01 1.846689434570426835e-01 2.397326737761390145e-03 0.000000000000000000e+00 0.000000000000000000e+00 7.940000000000000000e+02 0.000000000000000000e+00 0.000000000000000000e+00 1.000000000000000000e+00
5.000000000000000000e+00 3.000000000000000000e+01 9.179999999999999716e+00 0.000000000000000000e+00 -1.358324438182614835e-01 1.078604617098949253e-01 3.227528934746700523e-04 0.000000000000000000e+00 0.000000000000000000e+00 7.940000000000000000e+02 0.000000000000000000e+00 0.000000000000000000e+00 1.000000000000000000e+00
5.000000000000000000e+00 3.000000000000000000e+01 9.189999999999999503e+00 0.000000000000000000e+00 -1.476633875538665430e-01 1.770176779364166647e-02 9.643140356008960879e-10 0.000000000000000000e+00 1.000000000000000000e+00 7.940000000000000000e+02 0.000000000000000000e+00 0.000000000000000000e+00 1.000000000000000000e+00
5.000000000000000000e+00 3.000000000000000000e+01 9.199999999999999289e+00 0.000000000000000000e+00 -1.357355443271697215e-01 1.078604329446998661e-01 3.224546004913370068e-04 0.000000000000000000e+00 0.000000000000000000e+00 7.940000000000000000e+02 0.000000000000000000e+00 0.000000000000000000e+00 1.000000000000000000e+00
5.000000000000000000e+00 3.000000000000000000e+01 9.210000000000000853e+00 0.000000000000000000e+00 -1.247261626439297860e-01 1.846688429964693789e-01 2.394367890545591807e-03 0.000000000000000000e+00 0.000000000000000000e+00 7.940000000000000000e+02 0.000000000000000000e+00 0.000000000000000000e+00 1.000000000000000000e+00
5.000000000000000000e+00 3.000000000000000000e+01 9.220000000000000639e+00 0.000000000000000000e+00 -1.145645189560056121e-01 2.501038164144877007e-01 5.725516630548509178e-03 0.000000000000000000e+00 0.000000000000000000e+00 7.940000000000000000e+02 0.000000000000000000e+00 0.000000000000000000e+00 1.000000000000000000e+00
5.000000000000000000e+00 3.000000000000000000e+01 9.230000000000000426e+00 0.000000000000000000e+00 -1.051853355287128838e-01 3.058494534640451290e-01 9.389215617623930532e-03 0.000000000000000000e+00 0.000000000000000000e+00 7.940000000000000000e+02 0.000000000000000000e+00 0.000000000000000000e+00 1.000000000000000000e+00
5.000000000000000000e+00 3.000000000000000000e+01 9.240000000000000213e+00 0.000000000000000000e+00 -9.652836110092442856e-02 3.533404799078340153e-01 1.290718446770507122e-02 0.000000000000000000e+00 0.000000000000000000e+00 7.940000000000000000e+02 0.000000000000000000e+00 0.000000000000000000e+00 1.000000000000000000e+00
5.000000000000000000e+00 3.000000000000000000e+01 9.250000000000000000e+00 0.000000000000000000e+00 -8.853798383490801838e-02 3.937991725506749807e-01 1.608422978001983195e-02 0.000000000000000000e+00 0.000000000000000000e+00 7.940000000000000000e+02 0.000000000000000000e+00 0.000000000000000000e+00 1.000000000000000000e+00
5.000000000000000000e+00 3.000000000000000000e+01 9.259999999999999787e+00 0.000000000000000000e+00 -8.116287406951651351e-02 4.282668169842623329e-01 1.886209255455423284e-02 0.000000000000000000e+00 0.000000000000000000e+00 7.940000000000000000e+02 0.000000000000000000e+00 0.000000000000000000e+00 1.000000000000000000e+00
5.000000000000000000e+00 3.000000000000000000e+01 9.269999999999999574e+00 0.000000000000000000e+00 -7.435565458180082299e-02 4.576305071600785257e-01 2.124497086348410557e-02 0.000000000000000000e+00 0.000000000000000000e+00 7.940000000000000000e+02 0.000000000000000000e+00 0.000000000000000000e+00 1.000000000000000000e+00
5.000000000000000000e+00 3.000000000000000000e+01 9.279999999999999361e+00 0.000000000000000000e+00 -6.807259623882687405e-02 4.826459765312278161e-01 2.326379260743083321e-02 0.000000000000000000e+00 0.000000000000000000e+00 7.940000000000000000e+02 0.000000000000000000e+00 0.000000000000000000e+00 1.000000000000000000e+00
5.000000000000000000e+00 3.000000000000000000e+01 9.289999999999999147e+00 0.000000000000000000e+00 -6.227333708458500372e-02 5.039570483684127078e-01 2.495912630759775097e-02 0.000000000000000000e+00 0.000000000000000000e+00 7.940000000000000000e+02 0.000000000000000000e+00 0.000000000000000000e+00 1.000000000000000000e+00
5.000000000000000000e+00 3.000000000000000000e+01 9.300000000000000711e+00 0.000000000000000000e+00 -5.692062305742312533e-02 5.221122058429386037e-01 2.637305130802113096e-02 0.000000000000000000e+00 0.000000000000000000e+00 7.940000000000000000e+02 0.000000000000000000e+00 0.000000000000000000e+00 1.000000000000000000e+00
5.000000000000000000e+00 3.000000000000000000e+01 9.310000000000000497e+00 0.000000000000000000e+00 -5.198006867239050172e-02 5.375787083410656919e-01 2.754541529992708682e-02 0.000000000000000000e+00 0.000000000000000000e+00 7.940000000000000000e+02 0.000000000000000000e+00 0.000000000000000000e+00 1.000000000000000000e+00
5.000000000000000000e+00 3.000000000000000000e+01 9.320000000000000284e+00 0.000000000000000000e+00 -4.741993613113045652e-02 5.507546173213631047e-01 2.851227350683208095e-02 0.000000000000000000e+00 0.000000000000000000e+00 7.940000000000000000e+02 0.000000000000000000e+00 0.000000000000000000e+00 1.000000000000000000e+00
5.000000000000000000e+00 3.000000000000000000e+01 9.330000000000000071e+00 0.000000000000000000e+00 -4.321093144033881506e-02 5.619790412246241651e-01 2.930541608627866557e-02 0.000000000000000000e+00 0.000000000000000000e+00 7.940000000000000000e+02 0.000000000000000000e+00 0.000000000000000000e+00 1.000000000000000000e+00
5.000000000000000000e+00 3.000000000000000000e+01 9.339999999999999858e+00 0.000000000000000000e+00 -3.932601622906609778e-02 5.715408631096445813e-01 2.995242860012277408e-02 0.000000000000000000e+00 0.000000000000000000e+00 7.940000000000000000e+02 0.000000000000000000e+00 0.000000000000000000e+00 1.000000000000000000e+00
5.000000000000000000e+00 3.000000000000000000e+01 9.349999999999999645e+00 0.000000000000000000e+00 -3.574023405599033310e-02 5.796861756380712327e-01 3.047699902544112605e-02 0.000000000000000000e+00 0.000000000000000000e+00 7.940000000000000000e+02 0.000000000000000000e+00 0.000000000000000000e+00 1.000000000000000000e+00
5.000000000000000000e+00 3.000000000000000000e+01 9.359999999999999432e+00 0.000000000000000000e+00 -3.243055009086964757e-02 5.866246147625674423e-01 3.089932252768679000e-02 0.000000000000000000e+00 0.000000000000000000e+00 7.940000000000000000e+02 0.000000000000000000e+00 0.000000000000000000e+00 1.000000000000000000e+00
5.000000000000000000e+00 3.000000000000000000e+01 9.369999999999999218e+00 0.000000000000000000e+00 -2.937570314029879642e-02 5.925347551284624315e-01 3.123652742792321080e-02 0.000000000000000000e+00 0.000000000000000000e+00 7.940000000000000000e+02 0.000000000000000000e+00 0.000000000000000000e+00 1.000000000000000000e+00
5.000000000000000000e+00 3.000000000000000000e+01 9.380000000000000782e+00 0.000000000000000000e+00 -2.655606906719282234e-02 5.975687060503662718e-01 3.150308424186600009e-02 0.000000000000000000e+00 0.000000000000000000e+00 7.940000000000000000e+02 0.000000000000000000e+00 0.000000000000000000e+00 1.000000000000000000e+00
5.000000000000000000e+00 3.000000000000000000e+01 9.390000000000000568e+00 0.000000000000000000e+00 -2.395353472661339300e-02 6.018560263504217911e-01 3.171118029315794784e-02 0.000000000000000000e+00 0.000000000000000000e+00 7.940000000000000000e+02 0.000000000000000000e+00 0.000000000000000000e+00 1.000000000000000000e+00
5.000000000000000000e+00 3.000000000000000000e+01 9.400000000000000355e+00 0.000000000000000000e+00 -2.155138160810997003e-02 6.055070588144148003e-01 3.187105343514688716e-02 0.000000000000000000e+00 0.000000000000000000e+00 7.940000000000000000e+02 0.000000000000000000e+00 0.000000000000000000e+00 1.000000000000000000e+00
5.000000000000000000e+00 3.000000000000000000e+01 9.410000000000000142e+00 0.000000000000000000e+00 -1.933417843710174763e-02 6.086157700846464014e-01 3.199128420812040463e-02 0.000000000000000000e+00 0.000000000000000000e+00 7.940000000000000000e+02 0.000000000000000000e+00 0.000000000000000000e+00 1.000000000000000000e+00
5.000000000000000000e+00 3.000000000000000000e+01 9.419999999999999929e+00 0.000000000000000000e+00 -1.728768204537861272e-02 6.112621690799170393e-01 3.207904866567189150e-02 0.000000000000000000e+00 0.000000000000000000e+00 7.940000000000000000e+02 0.000000000000000000e+00 0.000000000000000000e+00 1.000000000000000000e+00
5.000000000000000000e+00 3.000000000000000000e+01 9.429999999999999716e+00 0.000000000000000000e+00 -1.539874587391980992e-02 6.135143661855025909e-01 3.214033541917930836e-02 0.000000000000000000e+00 0.000000000000000000e+00 7.940000000000000000e+02 0.000000000000000000e+00 0.000000000000000000e+00 1.000000000000000000e+00
5.000000000000000000e+00 3.000000000000000000e+01 9.439999999999999503e+00 0.000000000000000000e+00 -1.365523552025827564e-02 6.154303262105083050e-01 3.218013089514970559e-02 0.000000000000000000e+00 0.000000000000000000e+00 7.940000000000000000e+02 0.000000000000000000e+00 0.000000000000000000e+00 1.000000000000000000e+00
5.000000000000000000e+00 3.000000000000000000e+01 9.449999999999999289e+00 0.000000000000000000e+00 -1.204595078787257245e-02 6.170593602284760726e-01 3.220257678270616042e-02 0.000000000000000000e+00 0.000000000000000000e+00 7.940000000000000000e+02 0.000000000000000000e+00 0.000000000000000000e+00 1.000000000000000000e+00
5.000000000000000000e+00 3.000000000000000000e+01 9.460000000000000853e+00 0.000000000000000000e+00 -1.056055373685668708e-02 6.184433946967498041e-01 3.221110339718950832e-02 0.000000000000000000e+00 0.000000000000000000e+00 7.940000000000000000e+02 0.000000000000000000e+00 0.000000000000000000e+00 1.000000000000000000e+00
5.000000000000000000e+00 3.000000000000000000e+01 9.470000000000000639e+00 0.000000000000000000e+00 -9.189502273669936105e-03 6.196180505179360587e-01 3.220854232986124221e-02 0.000000000000000000e+00 0.000000000000000000e+00 7.940000000000000000e+02 0.000000000000000000e+00 0.000000000000000000e+00 1.000000000000000000e+00
5.000000000000000000e+00 3.000000000000000000e+01 9.480000000000000426e+00 0.000000000000000000e+00 -7.923988853351980957e-03 6.206135598152673349e-01 3.219722136469695128e-02 0.000000000000000000e+00 0.000000000000000000e+00 7.940000000000000000e+02 0.000000000000000000e+00 0.000000000000000000e+00 1.000000000000000000e+00
5.000000000000000000e+00 3.000000000000000000e+01 9.490000000000000213e+00 0.000000000000000000e+00 -6.755883900429800887e-03 6.214555440169210465e-01 3.217904425980164240e-02 0.000000000000000000e+00 0.000000000000000000e+00 7.940000000000000000e+02 0.000000000000000000e+00 0.000000000000000000e+00 1.000000000000000000e+00
5.000000000000000000e+00 3.000000000000000000e+01 9.500000000000000000e+00 0.000000000000000000e+00 -5.677683585056370746e-03 6.221656732748562790e-01 3.215555763257749167e-02 0.000000000000000000e+00 0.000000000000000000e+00 7.940000000000000000e+02 0.000000000000000000e+00 0.000000000000000000e+00 1.000000000000000000e+00
5.000000000000000000e+00 3.000000000000000000e+01 9.509999999999999787e+00 0.000000000000000000e+00 -4.682461618898327294e-03 6.227622241896302313e-01 3.212800686297861974e-02 0.000000000000000000e+00 0.000000000000000000e+00 7.940000000000000000e+02 0.000000000000000000e+00 0.000000000000000000e+00 1.000000000000000000e+00
5.000000000000000000e+00 3.000000000000000000e+01 9.519999999999999574e+00 0.000000000000000000e+00 -3.763824761112548670e-03 6.232605501953684124e-01 3.209738264042949485e-02 0.000000000000000000e+00 0.000000000000000000e+00 7.940000000000000000e+02 0.000000000000000000e+00 0.000000000000000000e+00 1.000000000000000000e+00
5.000000000000000000e+00 3.000000000000000000e+01 9.529999999999999361e+00 0.000000000000000000e+00 -2.915871748584977427e-03 6.236734767111792310e-01 3.206445952629612128e-02 0.000000000000000000e+00 0.000000000000000000e+00 7.940000000000000000e+02 0.000000000000000000e+00 0.000000000000000000e+00 1.000000000000000000e+00
5.000000000000000000e+00 3.000000000000000000e+01 9.539999999999999147e+00 0.000000000000000000e+00 -2.133155386602192394e-03 6.240116312290368006e-01 3.202982768251623480e-02 0.000000000000000000e+00 0.000000000000000000e+00 7.940000000000000000e+02 0.000000000000000000e+00 0.000000000000000000e+00 1.000000000000000000e+00
5.000000000000000000e+00 3.000000000000000000e+01 9.550000000000000711e+00 0.000000000000000000e+00 -1.410647556428706179e-03 6.242837168335988451e-01 3.199391872465147391e-02 0.000000000000000000e+00 0.000000000000000000e+00 7.940000000000000000e+02 0.000000000000000000e+00 0.000000000000000000e+00 1.000000000000000000e+00
5.000000000000000000e+00 3.000000000000000000e+01 9.560000000000000497e+00 0.000000000000000000e+00 -7.437069150009537055e-04 6.244967361935439554e-01 3.195702649053004663e-02 0.000000000000000000e+00 0.000000000000000000e+00 7.940000000000000000e+02 0.000000000000000000e+00 0.000000000000000000e+00 1.000000000000000000e+00
5.000000000000000000e+00 3.000000000000000000e+01 9.570000000000000284e+00 0.000000000000000000e+00 -1.280490792428925009e-04 6.246561717892924470e-01 3.191932337014379006e-02 0.000000000000000000e+00 0.000000000000000000e+00 7.940000000000000000e+02 0.000000000000000000e+00 0.000000000000000000e+00 1.000000000000000000e+00
5.000000000000000000e+00 3.000000000000000000e+01 9.580000000000000071e+00 0.000000000000000000e+00 4.402808965307579772e-04 6.247661270156362745e-01 3.188087271513150023e-02 0.000000000000000000e+00 0.000000000000000000e+00 7.940000000000000000e+02 0.000000000000000000e+00 0.000000000000000000e+00 1.000000000000000000e+00
5.000000000000000000e+00 3.000000000000000000e+01 9.589999999999999858e+00 0.000000000000000000e+00 9.649339269270267375e-04 6.248294317908309470e-01 3.184163773380840889e-02 0.000000000000000000e+00 0.000000000000000000e+00 7.940000000000000000e+02 0.000000000000000000e+00 0.000000000000000000e+00 1.000000000000000000e+00
5.000000000000000000e+00 3.000000000000000000e+01 9.599999999999999645e+00 0.000000000000000000e+00 1.449280348711437169e-03 6.248477153902191050e-01 3.180148717744288311e-02 0.000000000000000000e+00 0.000000000000000000e+00 7.940000000000000000e+02 0.000000000000000000e+00 0.000000000000000000e+00 1.000000000000000000e+00
5.000000000000000000e+00 3.000000000000000000e+01 9.609999999999999432e+00 0.000000000000000000e+00 1.896431571631025138e-03 6.248214483788966378e-01 3.176019803265736630e-02 0.000000000000000000e+00 0.000000000000000000e+00 7.940000000000000000e+02 0.000000000000000000e+00 0.000000000000000000e+00 1.000000000000000000e+00
5.000000000000000000e+00 3.000000000000000000e+01 9.619999999999999218e+00 0.000000000000000000e+00 2.309260065907139600e-03 6.247499547226510463e-01 3.171745535111453185e-02 0.000000000000000000e+00 0.000000000000000000e+00 7.940000000000000000e+02 0.000000000000000000e+00 0.000000000000000000e+00 1.000000000000000000e+00
5.000000000000000000e+00 3.000000000000000000e+01 9.630000000000000782e+00 0.000000000000000000e+00 2.690417814796335939e-03 6.246313943888641695e-01 3.167284926882130147e-02 0.000000000000000000e+00 0.000000000000000000e+00 7.940000000000000000e+02 0.000000000000000000e+00 0.000000000000000000e+00 1.000000000000000000e+00
5.000000000000000000e+00 3.000000000000000000e+01 9.640000000000000568e+00 0.000000000000000000e+00 3.042353350757435494e-03 6.244627159895835833e-01 3.162586919149415476e-02 0.000000000000000000e+00 0.000000000000000000e+00 7.940000000000000000e+02 0.000000000000000000e+00 0.000000000000000000e+00 1.000000000000000000e+00
5.000000000000000000e+00 3.000000000000000000e+01 9.650000000000000355e+00 0.000000000000000000e+00 3.367327484663953756e-03 6.242395782479330801e-01 3.157589504762833843e-02 0.000000000000000000e+00 0.000000000000000000e+00 7.940000000000000000e+02 0.000000000000000000e+00 0.000000000000000000e+00 1.000000000000000000e+00
5.000000000000000000e+00 3.000000000000000000e+01 9.660000000000000142e+00 0.000000000000000000e+00 3.667427829105340820e-03 6.239562382666473672e-01 3.152218543552152974e-02 0.000000000000000000e+00 0.000000000000000000e+00 7.940000000000000000e+02 0.000000000000000000e+00 0.000000000000000000e+00 1.000000000000000000e+00
5.000000000000000000e+00 3.000000000000000000e+01 9.669999999999999929e+00 0.000000000000000000e+00 3.944582209073766409e-03 6.236054037230931435e-01 3.146386241296825204e-02 0.000000000000000000e+00 0.000000000000000000e+00 7.940000000000000000e+02 0.000000000000000000e+00 0.000000000000000000e+00 1.000000000000000000e+00
5.000000000000000000e+00 3.000000000000000000e+01 9.679999999999999716e+00 0.000000000000000000e+00 4.200571046185831367e-03 6.231780451867228177e-01 3.139989259728129256e-02 0.000000000000000000e+00 0.000000000000000000e+00 7.940000000000000000e+02 0.000000000000000000e+00 0.000000000000000000e+00 1.000000000000000000e+00
5.000000000000000000e+00 3.000000000000000000e+01 9.689999999999999503e+00 0.000000000000000000e+00 4.437038795994626902e-03 6.226631637285708898e-01 3.132906415752557960e-02 0.000000000000000000e+00 0.000000000000000000e+00 7.940000000000000000e+02 0.000000000000000000e+00 0.000000000000000000e+00 1.000000000000000000e+00
5.000000000000000000e+00 3.000000000000000000e+01 9.699999999999999289e+00 0.000000000000000000e+00 4.655504511864695140e-03 6.220475078417599946e-01 3.124995918947648388e-02 0.000000000000000000e+00 0.000000000000000000e+00 7.940000000000000000e+02 0.000000000000000000e+00 0.000000000000000000e+00 1.000000000000000000e+00
5.000000000000000000e+00 3.000000000000000000e+01 9.710000000000000853e+00 0.000000000000000000e+00 4.857371603271525701e-03 6.213152323873966099e-01 3.116092086641754355e-02 0.000000000000000000e+00 0.000000000000000000e+00 7.940000000000000000e+02 0.000000000000000000e+00 0.000000000000000000e+00 1.000000000000000000e+00
5.000000000000000000e+00 3.000000000000000000e+01 9.720000000000000639e+00 0.000000000000000000e+00 5.043936851212271408e-03 6.204474907881452062e-01 3.106001465569853404e-02 0.000000000000000000e+00 0.000000000000000000e+00 7.940000000000000000e+02 0.000000000000000000e+00 0.000000000000000000e+00 1.000000000000000000e+00
5.000000000000000000e+00 3.000000000000000000e+01 9.730000000000000426e+00 0.000000000000000000e+00 5.216398738642092497e-03 6.194219499737658730e-01 3.094498278335176822e-02 0.000000000000000000e+00 0.000000000000000000e+00 7.940000000000000000e+02 0.000000000000000000e+00 0.000000000000000000e+00 1.000000000000000000e+00
5.000000000000000000e+00 3.000000000000000000e+01 9.740000000000000213e+00 0.000000000000000000e+00 5.375865149450303332e-03 6.182122155947643583e-01 3.081319101999469012e-02 0.000000000000000000e+00 0.000000000000000000e+00 7.940000000000000000e+02 0.000000000000000000e+00 0.000000000000000000e+00 1.000000000000000000e+00
5.000000000000000000e+00 3.000000000000000000e+01 9.750000000000000000e+00 0.000000000000000000e+00 5.523360485434043385e-03 6.167871527108753638e-01 3.066156675636405593e-02 0.000000000000000000e+00 0.000000000000000000e+00 7.940000000000000000e+02 0.000000000000000000e+00 0.000000000000000000e+00 1.000000000000000000e+00
5.000000000000000000e+00 3.000000000000000000e+01 9.759999999999999787e+00 0.000000000000000000e+00 5.659832246988445378e-03 6.151100844709371795e-01 3.048652724575821871e-02 0.000000000000000000e+00 0.000000000000000000e+00 7.940000000000000000e+02 0.000000000000000000e+00 0.000000000000000000e+00 1.000000000000000000e+00
5.000000000000000000e+00 3.000000000000000000e+01 9.769999999999999574e+00 0.000000000000000000e+00 5.786157119787229720e-03 6.131378481605752606e-01 3.028389682929609472e-02 0.000000000000000000e+00 0.000000000000000000e+00 7.940000000000000000e+02 0.000000000000000000e+00 0.000000000000000000e+00 1.000000000000000000e+00
5.000000000000000000e+00 3.000000000000000000e+01 9.779999999999999361e+00 0.000000000000000000e+00 5.903146606554152132e-03 6.108196843231865625e-01 3.004881195378945880e-02 0.000000000000000000e+00 0.000000000000000000e+00 7.940000000000000000e+02 0.000000000000000000e+00 0.000000000000000000e+00 1.000000000000000000e+00
5.000000000000000000e+00 3.000000000000000000e+01 9.789999999999999147e+00 0.000000000000000000e+00 6.011552240103446541e-03 6.080959303635320445e-01 2.977561288181110322e-02 0.000000000000000000e+00 0.000000000000000000e+00 7.940000000000000000e+02 0.000000000000000000e+00 0.000000000000000000e+00 1.000000000000000000e+00
5.000000000000000000e+00 3.000000000000000000e+01 9.800000000000000711e+00 0.000000000000000000e+00 6.112070411137486732e-03 6.048964850111983038e-01 2.945772124353598920e-02 0.000000000000000000e+00 0.000000000000000000e+00 7.940000000000000000e+02 0.000000000000000000e+00 0.000000000000000000e+00 1.000000000000000000e+00
5.000000000000000000e+00 3.000000000000000000e+01 9.810000000000000497e+00 0.000000000000000000e+00 6.205346841815131097e-03 6.011390041238232618e-01 2.908750309182112082e-02 0.000000000000000000e+00 0.000000000000000000e+00 7.940000000000000000e+02 0.000000000000000000e+00 0.000000000000000000e+00 1.000000000000000000e+00
5.000000000000000000e+00 3.000000000000000000e+01 9.820000000000000284e+00 0.000000000000000000e+00 6.291980733828652327e-03 5.967267813954556521e-01 2.865611805713162707e-02 0.000000000000000000e+00 0.000000000000000000e+00 7.940000000000000000e+02 0.000000000000000000e+00 0.000000000000000000e+00 1.000000000000000000e+00
5.000000000000000000e+00 3.000000000000000000e+01 9.830000000000000071e+00 0.000000000000000000e+00 6.372528617636232656e-03 5.915462594258360518e-01 2.815335681491981656e-02 0.000000000000000000e+00 0.000000000000000000e+00 7.940000000000000000e+02 0.000000000000000000e+00 0.000000000000000000e+00 1.000000000000000000e+00
5.000000000000000000e+00 3.000000000000000000e+01 9.839999999999999858e+00 0.000000000000000000e+00 6.447507927577241470e-03 5.854641070929724744e-01 2.756747178981125423e-02 0.000000000000000000e+00 0.000000000000000000e+00 7.940000000000000000e+02 0.000000000000000000e+00 0.000000000000000000e+00 1.000000000000000000e+00
5.000000000000000000e+00 3.000000000000000000e+01 9.849999999999999645e+00 0.000000000000000000e+00 6.517400325836603808e-03 5.783237880093297090e-01 2.688501050388139579e-02 0.000000000000000000e+00 0.000000000000000000e+00 7.940000000000000000e+02 0.000000000000000000e+00 0.000000000000000000e+00 1.000000000000000000e+00
5.000000000000000000e+00 3.000000000000000000e+01 9.859999999999999432e+00 0.000000000000000000e+00 6.582654796611180949e-03 5.699415317439761042e-01 2.609066834420489811e-02 0.000000000000000000e+00 0.000000000000000000e+00 7.940000000000000000e+02 0.000000000000000000e+00 0.000000000000000000e+00 1.000000000000000000e+00
5.000000000000000000e+00 3.000000000000000000e+01 9.869999999999999218e+00 0.000000000000000000e+00 6.643690530354899593e-03 5.601016041220077124e-01 2.516718964102802880e-02 0.000000000000000000e+00 0.000000000000000000e+00 7.940000000000000000e+02 0.000000000000000000e+00 0.000000000000000000e+00 1.000000000000000000e+00
5.000000000000000000e+00 3.000000000000000000e+01 9.880000000000000782e+00 0.000000000000000000e+00 6.700899616630822536e-03 5.485507548729193772e-01 2.409536597973814531e-02 0.000000000000000000e+00 0.000000000000000000e+00 7.940000000000000000e+02 0.000000000000000000e+00 0.000000000000000000e+00 1.000000000000000000e+00
5.000000000000000000e+00 3.000000000000000000e+01 9.890000000000000568e+00 0.000000000000000000e+00 6.754649562868863220e-03 5.349916997270220964e-01 2.285421409433871509e-02 0.000000000000000000e+00 0.000000000000000000e+00 7.940000000000000000e+02 0.000000000000000000e+00 0.000000000000000000e+00 1.000000000000000000e+00
5.000000000000000000e+00 3.000000000000000000e+01 9.900000000000000355e+00 0.000000000000000000e+00 6.805285655209490289e-03 5.190754692085827182e-01 2.142147214750825257e-02 0.000000000000000000e+00 0.000000000000000000e+00 7.940000000000000000e+02 0.000000000000000000e+00 0.000000000000000000e+00 1.000000000000000000e+00
5.000000000000000000e+00 3.000000000000000000e+01 9.910000000000000142e+00 0.000000000000000000e+00 6.853133176599318470e-03 5.003924272065372048e-01 1.977464995486656607e-02 0.000000000000000000e+00 0.000000000000000000e+00 7.940000000000000000e+02 0.000000000000000000e+00 0.000000000000000000e+00 1.000000000000000000e+00
5.000000000000000000e+00 3.000000000000000000e+01 9.919999999999999929e+00 0.000000000000000000e+00 6.898499496387492519e-03 4.784617281676822875e-01 1.789303712259560086e-02 0.000000000000000000e+00 0.000000000000000000e+00 7.940000000000000000e+02 0.000000000000000000e+00 0.000000000000000000e+00 1.000000000000000000e+00
5.000000000000000000e+00 3.000000000000000000e+01 9.929999999999999716e+00 0.000000000000000000e+00 6.941676044846286329e-03 4.527189415720660470e-01 1.576137052090947205e-02 0.000000000000000000e+00 0.000000000000000000e+00 7.940000000000000000e+02 0.000000000000000000e+00 0.000000000000000000e+00 1.000000000000000000e+00
5.000000000000000000e+00 3.000000000000000000e+01 9.939999999999999503e+00 0.000000000000000000e+00 6.982940185300123316e-03 4.225015251816405804e-01 1.337639267247239111e-02 0.000000000000000000e+00 0.000000000000000000e+00 7.940000000000000000e+02 0.000000000000000000e+00 0.000000000000000000e+00 1.000000000000000000e+00
5.000000000000000000e+00 3.000000000000000000e+01 9.949999999999999289e+00 0.000000000000000000e+00 7.022556995889433530e-03 3.870317731870920319e-01 1.075847025159810955e-02 0.000000000000000000e+00 0.000000000000000000e+00 7.940000000000000000e+02 0.000000000000000000e+00 0.000000000000000000e+00 1.000000000000000000e+00
5.000000000000000000e+00 3.000000000000000000e+01 9.960000000000000853e+00 0.000000000000000000e+00 7.060780972415302802e-03 3.453968003892136096e-01 7.972005125385907276e-03 0.000000000000000000e+00 0.000000000000000000e+00 7.940000000000000000e+02 0.000000000000000000e+00 0.000000000000000000e+00 1.000000000000000000e+00
5.000000000000000000e+00 3.000000000000000000e+01 9.970000000000000639e+00 0.000000000000000000e+00 7.097857663203852897e-03 2.965250472675892146e-01 5.160357959878361656e-03 0.000000000000000000e+00 0.000000000000000000e+00 7.940000000000000000e+02 0.000000000000000000e+00 0.000000000000000000e+00 1.000000000000000000e+00
5.000000000000000000e+00 3.000000000000000000e+01 9.980000000000000426e+00 0.000000000000000000e+00 7.134025246492641838e-03 2.391587012474120921e-01 2.599592877070650010e-03 0.000000000000000000e+00 0.000000000000000000e+00 7.940000000000000000e+02 0.000000000000000000e+00 0.000000000000000000e+00 1.000000000000000000e+00
5.000000000000000000e+00 3.000000000000000000e+01 9.990000000000000213e+00 0.000000000000000000e+00 7.169516060472083847e-03 1.718213243704343751e-01 7.436825178242885068e-04 0.000000000000000000e+00 0.000000000000000000e+00 7.940000000000000000e+02 0.000000000000000000e+00 0.000000000000000000e+00 1.000000000000000000e+00
5.000000000000000000e+00 3.000000000000000000e+01 1.000000000000000000e+01 0.000000000000000000e+00 7.204558095810798327e-03 9.277985420323825450e-02 3.151259183732104622e-05 0.000000000000000000e+00 0.000000000000000000e+00 7.940000000000000000e+02 0.000000000000000000e+00 0.000000000000000000e+00 1.000000000000000000e+00
