macrorep i x y cond_mean cei lf hf maxcei x_star lf_next hf_next
0.000000000000000000e+00 1.630000000000000000e+02 1.000000000000000021e-02 0.000000000000000000e+00 7.586478335511787801e-05 1.739424549087209559e-02 0.000000000000000000e+00 0.000000000000000000e+00 7.690000000000000000e+02 0.000000000000000000e+00 0.000000000000000000e+00 1.000000000000000000e+00
0.000000000000000000e+00 1.630000000000000000e+02 2.000000000000000042e-02 0.000000000000000000e+00 7.586478335511787801e-05 1.807541169847992624e-02 0.000000000000000000e+00 0.000000000000000000e+00 7.690000000000000000e+02 0.000000000000000000e+00 0.000000000000000000e+00 1.000000000000000000e+00
0.000000000000000000e+00 1.630000000000000000e+02 2.999999999999999889e-02 0.000000000000000000e+00 7.586478335511787801e-05 1.808660690282561101e-02 0.000000000000000000e+00 0.000000000000000000e+00 7.690000000000000000e+02 0.000000000000000000e+00 0.000000000000000000e+00 1.000000000000000000e+00
0.000000000000000000e+00 1.630000000000000000e+02 4.000000000000000083e-02 0.000000000000000000e+00 7.586478335511787801e-05 1.808678972842982235e-02 0.000000000000000000e+00 0.000000000000000000e+00 7.690000000000000000e+02 0.000000000000000000e+00 0.000000000000000000e+00 1.000000000000000000e+00
0.000000000000000000e+00 1.630000000000000000e+02 5.000000000000000278e-02 0.000000000000000000e+00 7.586478335511787801e-05 1.808679271379397269e-02 0.000000000000000000e+00 0.000000000000000000e+00 7.690000000000000000e+02 0.000000000000000000e+00 0.000000000000000000e+00 1.000000000000000000e+00
0.000000000000000000e+00 1.630000000000000000e+02 6.000000000000000472e-02 0.000000000000000000e+00 7.586478335511787801e-05 1.808679276254193669e-02 0.000000000000000000e+00 0.000000000000000000e+00 7.690000000000000000e+02 0.000000000000000000e+00 0.000000000000000000e+00 1.000000000000000000e+00
0.000000000000000000e+00 1.630000000000000000e+02 6.999999999999999278e-02 0.000000000000000000e+00 7.586478335511787801e-05 1.808679276333793884e-02 0.000000000000000000e+00 0.000000000000000000e+00 7.690000000000000000e+02 0.000000000000000000e+00 0.000000000000000000e+00 1.000000000000000000e+00
0.000000000000000000e+00 1.630000000000000000e+02 8.000000000000000167e-02 0.000000000000000000e+00 7.586478335511787801e-05 1.808679276335094233e-02 0.000000000000000000e+00 0.000000000000000000e+00 7.690000000000000000e+02 0.000000000000000000e+00 0.000000000000000000e+00 1.000000000000000000e+00
0.000000000000000000e+00 1.630000000000000000e+02 8.999999999999999667e-02 0.000000000000000000e+00 7.586478335511787801e-05 1.808679276335115049e-02 0.000000000000000000e+00 0.000000000000000000e+00 7.690000000000000000e+02 0.000000000000000000e+00 0.000000000000000000e+00 1.000000000000000000e+00
0.000000000000000000e+00 1.630000000000000000e+02 9.999999999999999167e-02 0.000000000000000000e+00 7.586478335511787801e-05 1.808679276335115049e-02 0.000000000000000000e+00 0.000000000000000000e+00 7.690000000000000000e+02 0.000000000000000000e+00 0.000000000000000000e+00 1.000000000000000000e+00
0.000000000000000000e+00 1.630000000000000000e+02 1.100000000000000006e-01 0.000000000000000000e+00 7.586478335511787801e-05 1.808679276335115049e-02 0.000000000000000000e+00 0.000000000000000000e+00 7.690000000000000000e+02 0.000000000000000000e+00 0.000000000000000000e+00 1.000000000000000000e+00
0.000000000000000000e+00 1.630000000000000000e+02 1.199999999999999956e-01 0.000000000000000000e+00 7.586478335511787801e-05 1.808679276335115049e-02 0.000000000000000000e+00 0.000000000000000000e+00 7.690000000000000000e+02 0.000000000000000000e+00 0.000000000000000000e+00 1.000000000000000000e+00
0.000000000000000000e+00 1.630000000000000000e+02 1.300000000000000044e-01 0.000000000000000000e+00 7.586478335511787801e-05 1.808679276335115049e-02 0.000000000000000000e+00 0.000000000000000000e+00 7.690000000000000000e+02 0.000000000000000000e+00 0.000000000000000000e+00 1.000000000000000000e+00
0.000000000000000000e+00 1.630000000000000000e+02 1.400000000000000133e-01 0.000000000000000000e+00 7.586478335511787801e-05 1.808679276335115049e-02 0.000000000000000000e+00 0.000000000000000000e+00 7.690000000000000000e+02 0.000000000000000000e+00 0.000000000000000000e+00 1.000000000000000000e+00
0.000000000000000000e+00 1.630000000000000000e+02 1.500000000000000222e-01 0.000000000000000000e+00 7.586478335511787801e-05 1.808679276335115049e-02 0.000000000000000000e+00 0.000000000000000000e+00 7.690000000000000000e+02 0.000000000000000000e+00 0.000000000000000000e+00 1.000000000000000000e+00
0.000000000000000000e+00 1.630000000000000000e+02 1.600000000000000033e-01 0.000000000000000000e+00 7.586478335511787801e-05 1.808679276335115049e-02 0.000000000000000000e+00 0.000000000000000000e+00 7.690000000000000000e+02 0.000000000000000000e+00 0.000000000000000000e+00 1.000000000000000000e+00
0.000000000000000000e+00 1.630000000000000000e+02 1.700000000000000122e-01 0.000000000000000000e+00 7.586478335511787801e-05 1.808679276335115049e-02 0.000000000000000000e+00 0.000000000000000000e+00 7.690000000000000000e+02 0.000000000000000000e+00 0.000000000000000000e+00 1.000000000000000000e+00
0.000000000000000000e+00 1.630000000000000000e+02 1.800000000000000211e-01 0.000000000000000000e+00 7.586478335511787801e-05 1.808679276335115049e-02 0.000000000000000000e+00 0.000000000000000000e+00 7.690000000000000000e+02 0.000000000000000000e+00 0.000000000000000000e+00 1.000000000000000000e+00
0.000000000000000000e+00 1.630000000000000000e+02 1.900000000000000022e-01 0.000000000000000000e+00 7.586478335511787801e-05 1.808679276335115049e-02 0.000000000000000000e+00 0.000000000000000000e+00 7.690000000000000000e+02 0.000000000000000000e+00 0.000000000000000000e+00 1.000000000000000000e+00
0.000000000000000000e+00 1.630000000000000000e+02 2.000000000000000111e-01 0.000000000000000000e+00 7.586478335511787801e-05 1.808679276335115049e-02 0.000000000000000000e+00 0.000000000000000000e+00 7.690000000000000000e+02 0.000000000000000000e+00 0.000000000000000000e+00 1.000000000000000000e+00
0.000000000000000000e+00 1.630000000000000000e+02 2.100000000000000200e-01 0.000000000000000000e+00 7.586478335511787801e-05 1.808679276335115049e-02 0.000000000000000000e+00 0.000000000000000000e+00 7.690000000000000000e+02 0.000000000000000000e+00 0.000000000000000000e+00 1.000000000000000000e+00
0.000000000000000000e+00 1.630000000000000000e+02 2.200000000000000011e-01 0.000000000000000000e+00 7.586478335511787801e-05 1.808679276335115049e-02 0.000000000000000000e+00 0.000000000000000000e+00 7.690000000000000000e+02 0.000000000000000000e+00 0.000000000000000000e+00 1.000000000000000000e+00
0.000000000000000000e+00 1.630000000000000000e+02 2.300000000000000100e-01 0.000000000000000000e+00 7.586478335511787801e-05 1.808679276335115049e-02 0.000000000000000000e+00 0.000000000000000000e+00 7.690000000000000000e+02 0.000000000000000000e+00 0.000000000000000000e+00 1.000000000000000000e+00
0.000000000000000000e+00 1.630000000000000000e+02 2.400000000000000189e-01 0.000000000000000000e+00 7.586478335511787801e-05 1.808679276335115049e-02 0.000000000000000000e+00 0.000000000000000000e+00 7.690000000000000000e+02 0.000000000000000000e+00 0.000000000000000000e+00 1.000000000000000000e+00
0.000000000000000000e+00 1.630000000000000000e+02 2.500000000000000000e-01 0.000000000000000000e+00 7.586478335511787801e-05 1.808679276335115049e-02 0.000000000000000000e+00 0.000000000000000000e+00 7.690000000000000000e+02 0.000000000000000000e+00 0.000000000000000000e+00 1.000000000000000000e+00
0.000000000000000000e+00 1.630000000000000000e+02 2.600000000000000089e-01 0.000000000000000000e+00 7.586478335511787801e-05 1.808679276335115049e-02 0.000000000000000000e+00 0.000000000000000000e+00 7.690000000000000000e+02 0.000000000000000000e+00 0.000000000000000000e+00 1.000000000000000000e+00
0.000000000000000000e+00 1.630000000000000000e+02 2.700000000000000178e-01 0.000000000000000000e+00 7.586478335511787801e-05 1.808679276335115049e-02 0.000000000000000000e+00 0.000000000000000000e+00 7.690000000000000000e+02 0.000000000000000000e+00 0.000000000000000000e+00 1.000000000000000000e+00
0.000000000000000000e+00 1.630000000000000000e+02 2.800000000000000266e-01 0.000000000000000000e+00 7.586478335511787801e-05 1.808679276335115049e-02 0.000000000000000000e+00 0.000000000000000000e+00 7.690000000000000000e+02 0.000000000000000000e+00 0.000000000000000000e+00 1.000000000000000000e+00
0.000000000000000000e+00 1.630000000000000000e+02 2.900000000000000355e-01 0.000000000000000000e+00 7.586478335511787801e-05 1.808679276335115049e-02 0.000000000000000000e+00 0.000000000000000000e+00 7.690000000000000000e+02 0.000000000000000000e+00 0.000000000000000000e+00 1.000000000000000000e+00
0.000000000000000000e+00 1.630000000000000000e+02 2.999999999999999889e-01 0.000000000000000000e+00 7.586478335511787801e-05 1.808679276335115049e-02 0.000000000000000000e+00 0.000000000000000000e+00 7.690000000000000000e+02 0.000000000000000000e+00 0.000000000000000000e+00 1.000000000000000000e+00
0.000000000000000000e+00 1.630000000000000000e+02 3.099999999999999978e-01 0.000000000000000000e+00 7.586478335511787801e-05 1.808679276335115049e-02 0.000000000000000000e+00 0.000000000000000000e+00 7.690000000000000000e+02 0.000000000000000000e+00 0.000000000000000000e+00 1.000000000000000000e+00
0.000000000000000000e+00 1.630000000000000000e+02 3.200000000000000067e-01 0.000000000000000000e+00 7.586478335511787801e-05 1.808679276335115049e-02 0.000000000000000000e+00 0.000000000000000000e+00 7.690000000000000000e+02 0.000000000000000000e+00 0.000000000000000000e+00 1.000000000000000000e+00
0.000000000000000000e+00 1.630000000000000000e+02 3.300000000000000155e-01 0.000000000000000000e+00 7.586478335511787801e-05 1.808679276335115049e-02 0.000000000000000000e+00 0.000000000000000000e+00 7.690000000000000000e+02 0.000000000000000000e+00 0.000000000000000000e+00 1.000000000000000000e+00
0.000000000000000000e+00 1.630000000000000000e+02 3.400000000000000244e-01 0.000000000000000000e+00 7.586478335511786446e-05 1.808679276335115049e-02 0.000000000000000000e+00 0.000000000000000000e+00 7.690000000000000000e+02 0.000000000000000000e+00 0.000000000000000000e+00 1.000000000000000000e+00
0.000000000000000000e+00 1.630000000000000000e+02 3.500000000000000333e-01 0.000000000000000000e+00 7.586478335511781025e-05 1.808679276335115049e-02 0.000000000000000000e+00 0.000000000000000000e+00 7.690000000000000000e+02 0.000000000000000000e+00 0.000000000000000000e+00 1.000000000000000000e+00
0.000000000000000000e+00 1.630000000000000000e+02 3.600000000000000422e-01 0.000000000000000000e+00 7.586478335511740367e-05 1.808679276335115049e-02 0.000000000000000000e+00 0.000000000000000000e+00 7.690000000000000000e+02 0.000000000000000000e+00 0.000000000000000000e+00 1.000000000000000000e+00
0.000000000000000000e+00 1.630000000000000000e+02 3.699999999999999956e-01 0.000000000000000000e+00 7.586478335511413751e-05 1.808679276335115049e-02 0.000000000000000000e+00 0.000000000000000000e+00 7.690000000000000000e+02 0.000000000000000000e+00 0.000000000000000000e+00 1.000000000000000000e+00
0.000000000000000000e+00 1.630000000000000000e+02 3.800000000000000044e-01 0.000000000000000000e+00 7.586478335508859100e-05 1.808679276335115049e-02 0.000000000000000000e+00 0.000000000000000000e+00 7.690000000000000000e+02 0.000000000000000000e+00 0.000000000000000000e+00 1.000000000000000000e+00
0.000000000000000000e+00 1.630000000000000000e+02 3.900000000000000133e-01 0.000000000000000000e+00 7.586478335488874543e-05 1.808679276335117825e-02 0.000000000000000000e+00 0.000000000000000000e+00 7.690000000000000000e+02 0.000000000000000000e+00 0.000000000000000000e+00 1.000000000000000000e+00
0.000000000000000000e+00 1.630000000000000000e+02 4.000000000000000222e-01 0.000000000000000000e+00 7.586478335332472959e-05 1.808679276335124764e-02 0.000000000000000000e+00 0.000000000000000000e+00 7.690000000000000000e+02 0.000000000000000000e+00 0.000000000000000000e+00 1.000000000000000000e+00
0.000000000000000000e+00 1.630000000000000000e+02 4.100000000000000311e-01 0.000000000000000000e+00 7.586478334108529324e-05 1.808679276335195540e-02 0.000000000000000000e+00 0.000000000000000000e+00 7.690000000000000000e+02 0.000000000000000000e+00 0.000000000000000000e+00 1.000000000000000000e+00
0.000000000000000000e+00 1.630000000000000000e+02 4.200000000000000400e-01 0.000000000000000000e+00 7.586478324530383755e-05 1.808679276335704855e-02 0.000000000000000000e+00 0.000000000000000000e+00 7.690000000000000000e+02 0.000000000000000000e+00 0.000000000000000000e+00 1.000000000000000000e+00
0.000000000000000000e+00 1.630000000000000000e+02 4.299999999999999933e-01 0.000000000000000000e+00 7.586478249575204973e-05 1.808679276339701658e-02 0.000000000000000000e+00 0.000000000000000000e+00 7.690000000000000000e+02 0.000000000000000000e+00 0.000000000000000000e+00 1.000000000000000000e+00
0.000000000000000000e+00 1.630000000000000000e+02 4.400000000000000022e-01 0.000000000000000000e+00 7.586477663002475294e-05 1.808679276370975253e-02 0.000000000000000000e+00 0.000000000000000000e+00 7.690000000000000000e+02 0.000000000000000000e+00 0.000000000000000000e+00 1.000000000000000000e+00
0.000000000000000000e+00 1.630000000000000000e+02 4.500000000000000111e-01 0.000000000000000000e+00 7.586473072691649348e-05 1.808679276615722531e-02 0.000000000000000000e+00 0.000000000000000000e+00 7.690000000000000000e+02 0.000000000000000000e+00 0.000000000000000000e+00 1.000000000000000000e+00
0.000000000000000000e+00 1.630000000000000000e+02 4.600000000000000200e-01 0.000000000000000000e+00 7.586437150541892069e-05 1.808679278531027945e-02 0.000000000000000000e+00 0.000000000000000000e+00 7.690000000000000000e+02 0.000000000000000000e+00 0.000000000000000000e+00 1.000000000000000000e+00
0.000000000000000000e+00 1.630000000000000000e+02 4.700000000000000289e-01 0.000000000000000000e+00 7.586156036497074501e-05 1.808679293519553644e-02 0.000000000000000000e+00 0.000000000000000000e+00 7.690000000000000000e+02 0.000000000000000000e+00 0.000000000000000000e+00 1.000000000000000000e+00
0.000000000000000000e+00 1.630000000000000000e+02 4.800000000000000377e-01 0.000000000000000000e+00 7.583956137361670365e-05 1.808679410814409416e-02 0.000000000000000000e+00 0.000000000000000000e+00 7.690000000000000000e+02 0.000000000000000000e+00 0.000000000000000000e+00 1.000000000000000000e+00
0.000000000000000000e+00 1.630000000000000000e+02 4.899999999999999911e-01 0.000000000000000000e+00 7.566740504435518551e-05 1.808680328721619379e-02 0.000000000000000000e+00 0.000000000000000000e+00 7.690000000000000000e+02 0.000000000000000000e+00 0.000000000000000000e+00 1.000000000000000000e+00
0.000000000000000000e+00 1.630000000000000000e+02 5.000000000000000000e-01 0.000000000000000000e+00 7.432017047219590940e-05 1.808687511884897459e-02 0.000000000000000000e+00 0.000000000000000000e+00 7.690000000000000000e+02 0.000000000000000000e+00 0.000000000000000000e+00 1.000000000000000000e+00
0.000000000000000000e+00 1.630000000000000000e+02 5.100000000000000089e-01 0.000000000000000000e+00 6.377718898434157251e-05 1.808743721470976173e-02 0.000000000000000000e+00 0.000000000000000000e+00 7.690000000000000000e+02 0.000000000000000000e+00 0.000000000000000000e+00 1.000000000000000000e+00
0.000000000000000000e+00 1.630000000000000000e+02 5.200000000000000178e-01 0.000000000000000000e+00 -1.872845698871816256e-05 1.809183395046969067e-02 0.000000000000000000e+00 0.000000000000000000e+00 7.690000000000000000e+02 0.000000000000000000e+00 0.000000000000000000e+00 1.000000000000000000e+00
0.000000000000000000e+00 1.630000000000000000e+02 5.300000000000000266e-01 0.000000000000000000e+00 -6.643884750086524434e-04 1.812611685482455604e-02 0.000000000000000000e+00 0.000000000000000000e+00 7.690000000000000000e+02 0.000000000000000000e+00 0.000000000000000000e+00 1.000000000000000000e+00
0.000000000000000000e+00 1.630000000000000000e+02 5.400000000000000355e-01 0.000000000000000000e+00 -5.717095522543595362e-03 1.838668203341210783e-02 0.000000000000000000e+00 0.000000000000000000e+00 7.690000000000000000e+02 0.000000000000000000e+00 0.000000000000000000e+00 1.000000000000000000e+00
0.000000000000000000e+00 1.630000000000000000e+02 5.500000000000000444e-01 0.000000000000000000e+00 -4.525779464543874114e-02 1.990591203944896970e-02 0.000000000000000000e+00 0.000000000000000000e+00 7.690000000000000000e+02 0.000000000000000000e+00 0.000000000000000000e+00 1.000000000000000000e+00
0.000000000000000000e+00 1.630000000000000000e+02 5.600000000000000533e-01 0.000000000000000000e+00 -3.546893275679910973e-01 2.033730725822557490e-10 0.000000000000000000e+00 1.000000000000000000e+00 7.690000000000000000e+02 0.000000000000000000e+00 0.000000000000000000e+00 1.000000000000000000e+00
0.000000000000000000e+00 1.630000000000000000e+02 5.700000000000000622e-01 0.000000000000000000e+00 -4.525779464543875502e-02 1.990591203944896970e-02 0.000000000000000000e+00 0.000000000000000000e+00 7.690000000000000000e+02 0.000000000000000000e+00 0.000000000000000000e+00 1.000000000000000000e+00
0.000000000000000000e+00 1.630000000000000000e+02 5.800000000000000711e-01 0.000000000000000000e+00 -5.717095522543598832e-03 1.838668203341208007e-02 0.000000000000000000e+00 0.000000000000000000e+00 7.690000000000000000e+02 0.000000000000000000e+00 0.000000000000000000e+00 1.000000000000000000e+00
0.000000000000000000e+00 1.630000000000000000e+02 5.899999999999999689e-01 0.000000000000000000e+00 -6.643884750086528771e-04 1.812611685482455604e-02 0.000000000000000000e+00 0.000000000000000000e+00 7.690000000000000000e+02 0.000000000000000000e+00 0.000000000000000000e+00 1.000000000000000000e+00
0.000000000000000000e+00 1.630000000000000000e+02 5.999999999999999778e-01 0.000000000000000000e+00 -1.872845698871824388e-05 1.809183395046967679e-02 0.000000000000000000e+00 0.000000000000000000e+00 7.690000000000000000e+02 0.000000000000000000e+00 0.000000000000000000e+00 1.000000000000000000e+00
0.000000000000000000e+00 1.630000000000000000e+02 6.099999999999999867e-01 0.000000000000000000e+00 6.377718898434155896e-05 1.808743721470976173e-02 0.000000000000000000e+00 0.000000000000000000e+00 7.690000000000000000e+02 0.000000000000000000e+00 0.000000000000000000e+00 1.000000000000000000e+00
0.000000000000000000e+00 1.630000000000000000e+02 6.199999999999999956e-01 0.000000000000000000e+00 7.432017047219590940e-05 1.808687511884897459e-02 0.000000000000000000e+00 0.000000000000000000e+00 7.690000000000000000e+02 0.000000000000000000e+00 0.000000000000000000e+00 1.000000000000000000e+00
0.000000000000000000e+00 1.630000000000000000e+02 6.300000000000000044e-01 0.000000000000000000e+00 7.566740504435518551e-05 1.808680328721619379e-02 0.000000000000000000e+00 0.000000000000000000e+00 7.690000000000000000e+02 0.000000000000000000e+00 0.000000000000000000e+00 1.000000000000000000e+00
0.000000000000000000e+00 1.630000000000000000e+02 6.400000000000000133e-01 0.000000000000000000e+00 7.583956137361670365e-05 1.808679410814409416e-02 0.000000000000000000e+00 0.000000000000000000e+00 7.690000000000000000e+02 0.000000000000000000e+00 0.000000000000000000e+00 1.000000000000000000e+00
0.000000000000000000e+00 1.630000000000000000e+02 6.500000000000000222e-01 0.000000000000000000e+00 7.586156036497074501e-05 1.808679293519553644e-02 0.000000000000000000e+00 0.000000000000000000e+00 7.690000000000000000e+02 0.000000000000000000e+00 0.000000000000000000e+00 1.000000000000000000e+00
0.000000000000000000e+00 1.630000000000000000e+02 6.600000000000000311e-01 0.000000000000000000e+00 7.586437150541892069e-05 1.808679278531027945e-02 0.000000000000000000e+00 0.000000000000000000e+00 7.690000000000000000e+02 0.000000000000000000e+00 0.000000000000000000e+00 1.000000000000000000e+00
0.000000000000000000e+00 1.630000000000000000e+02 6.700000000000000400e-01 0.000000000000000000e+00 7.586473072691649348e-05 1.808679276615722531e-02 0.000000000000000000e+00 0.000000000000000000e+00 7.690000000000000000e+02 0.000000000000000000e+00 0.000000000000000000e+00 1.000000000000000000e+00
0.000000000000000000e+00 1.630000000000000000e+02 6.800000000000000488e-01 0.000000000000000000e+00 7.586477663002475294e-05 1.808679276370975253e-02 0.000000000000000000e+00 0.000000000000000000e+00 7.690000000000000000e+02 0.000000000000000000e+00 0.000000000000000000e+00 1.000000000000000000e+00
0.000000000000000000e+00 1.630000000000000000e+02 6.900000000000000577e-01 0.000000000000000000e+00 7.586478249575204973e-05 1.808679276339701658e-02 0.000000000000000000e+00 0.000000000000000000e+00 7.690000000000000000e+02 0.000000000000000000e+00 0.000000000000000000e+00 1.000000000000000000e+00
0.000000000000000000e+00 1.630000000000000000e+02 7.000000000000000666e-01 0.000000000000000000e+00 7.586478324530383755e-05 1.808679276335704855e-02 0.000000000000000000e+00 0.000000000000000000e+00 7.690000000000000000e+02 0.000000000000000000e+00 0.000000000000000000e+00 1.000000000000000000e+00
0.000000000000000000e+00 1.630000000000000000e+02 7.100000000000000755e-01 0.000000000000000000e+00 7.586478334108529324e-05 1.808679276335195540e-02 0.000000000000000000e+00 0.000000000000000000e+00 7.690000000000000000e+02 0.000000000000000000e+00 0.000000000000000000e+00 1.000000000000000000e+00
0.000000000000000000e+00 1.630000000000000000e+02 7.199999999999999734e-01 0.000000000000000000e+00 7.586478335332472959e-05 1.808679276335124764e-02 0.000000000000000000e+00 0.000000000000000000e+00 7.690000000000000000e+02 0.000000000000000000e+00 0.000000000000000000e+00 1.000000000000000000e+00
0.000000000000000000e+00 1.630000000000000000e+02 7.299999999999999822e-01 0.000000000000000000e+00 7.586478335488874543e-05 1.808679276335117825e-02 0.000000000000000000e+00 0.000000000000000000e+00 7.690000000000000000e+02 0.000000000000000000e+00 0.000000000000000000e+00 1.000000000000000000e+00
0.000000000000000000e+00 1.630000000000000000e+02 7.399999999999999911e-01 0.000000000000000000e+00 7.586478335508859100e-05 1.808679276335115049e-02 0.000000000000000000e+00 0.000000000000000000e+00 7.690000000000000000e+02 0.000000000000000000e+00 0.000000000000000000e+00 1.000000000000000000e+00
0.000000000000000000e+00 1.630000000000000000e+02 7.500000000000000000e-01 0.000000000000000000e+00 7.586478335511413751e-05 1.808679276335115049e-02 0.000000000000000000e+00 0.000000000000000000e+00 7.690000000000000000e+02 0.000000000000000000e+00 0.000000000000000000e+00 1.000000000000000000e+00
0.000000000000000000e+00 1.630000000000000000e+02 7.600000000000000089e-01 0.000000000000000000e+00 7.586478335511740367e-05 1.808679276335115049e-02 0.000000000000000000e+00 0.000000000000000000e+00 7.690000000000000000e+02 0.000000000000000000e+00 0.000000000000000000e+00 1.000000000000000000e+00
0.000000000000000000e+00 1.630000000000000000e+02 7.700000000000000178e-01 0.000000000000000000e+00 7.586478335511781025e-05 1.808679276335115049e-02 0.000000000000000000e+00 0.000000000000000000e+00 7.690000000000000000e+02 0.000000000000000000e+00 0.000000000000000000e+00 1.000000000000000000e+00
0.000000000000000000e+00 1.630000000000000000e+02 7.800000000000000266e-01 0.000000000000000000e+00 7.586478335511786446e-05 1.808679276335115049e-02 0.000000000000000000e+00 0.000000000000000000e+00 7.690000000000000000e+02 0.000000000000000000e+00 0.000000000000000000e+00 1.000000000000000000e+00
0.000000000000000000e+00 1.630000000000000000e+02 7.900000000000000355e-01 0.000000000000000000e+00 7.586478335511787801e-05 1.808679276335115049e-02 0.000000000000000000e+00 0.000000000000000000e+00 7.690000000000000000e+02 0.000000000000000000e+00 0.000000000000000000e+00 1.000000000000000000e+00
0.000000000000000000e+00 1.630000000000000000e+02 8.000000000000000444e-01 0.000000000000000000e+00 7.586478335511787801e-05 1.808679276335115049e-02 0.000000000000000000e+00 0.000000000000000000e+00 7.690000000000000000e+02 0.000000000000000000e+00 0.000000000000000000e+00 1.000000000000000000e+00
0.000000000000000000e+00 1.630000000000000000e+02 8.100000000000000533e-01 0.000000000000000000e+00 7.586478335511787801e-05 1.808679276335115049e-02 0.000000000000000000e+00 0.000000000000000000e+00 7.690000000000000000e+02 0.000000000000000000e+00 0.000000000000000000e+00 1.000000000000000000e+00
0.000000000000000000e+00 1.630000000000000000e+02 8.200000000000000622e-01 0.000000000000000000e+00 7.586478335511787801e-05 1.808679276335115049e-02 0.000000000000000000e+00 0.000000000000000000e+00 7.690000000000000000e+02 0.000000000000000000e+00 0.000000000000000000e+00 1.000000000000000000e+00
0.000000000000000000e+00 1.630000000000000000e+02 8.300000000000000711e-01 0.000000000000000000e+00 7.586478335511787801e-05 1.808679276335115049e-02 0.000000000000000000e+00 0.000000000000000000e+00 7.690000000000000000e+02 0.000000000000000000e+00 0.000000000000000000e+00 1.000000000000000000e+00
0.000000000000000000e+00 1.630000000000000000e+02 8.400000000000000799e-01 0.000000000000000000e+00 7.586478335511787801e-05 1.808679276335115049e-02 0.000000000000000000e+00 0.000000000000000000e+00 7.690000000000000000e+02 0.000000000000000000e+00 0.000000000000000000e+00 1.000000000000000000e+00
0.000000000000000000e+00 1.630000000000000000e+02 8.499999999999999778e-01 0.000000000000000000e+00 7.586478335511787801e-05 1.808679276335115049e-02 0.000000000000000000e+00 0.000000000000000000e+00 7.690000000000000000e+02 0.000000000000000000e+00 0.000000000000000000e+00 1.000000000000000000e+00
0.000000000000000000e+00 1.630000000000000000e+02 8.599999999999999867e-01 0.000000000000000000e+00 7.586478335511787801e-05 1.808679276335115049e-02 0.000000000000000000e+00 0.000000000000000000e+00 7.690000000000000000e+02 0.000000000000000000e+00 0.000000000000000000e+00 1.000000000000000000e+00
0.000000000000000000e+00 1.630000000000000000e+02 8.699999999999999956e-01 0.000000000000000000e+00 7.586478335511787801e-05 1.808679276335115049e-02 0.000000000000000000e+00 0.000000000000000000e+00 7.690000000000000000e+02 0.000000000000000000e+00 0.000000000000000000e+00 1.000000000000000000e+00
0.000000000000000000e+00 1.630000000000000000e+02 8.800000000000000044e-01 0.000000000000000000e+00 7.586478335511787801e-05 1.808679276335115049e-02 0.000000000000000000e+00 0.000000000000000000e+00 7.690000000000000000e+02 0.000000000000000000e+00 0.000000000000000000e+00 1.000000000000000000e+00
0.000000000000000000e+00 1.630000000000000000e+02 8.900000000000000133e-01 0.000000000000000000e+00 7.586478335511787801e-05 1.808679276335115049e-02 0.000000000000000000e+00 0.000000000000000000e+00 7.690000000000000000e+02 0.000000000000000000e+00 0.000000000000000000e+00 1.000000000000000000e+00
0.000000000000000000e+00 1.630000000000000000e+02 9.000000000000000222e-01 0.000000000000000000e+00 7.586478335511787801e-05 1.808679276335115049e-02 0.000000000000000000e+00 0.000000000000000000e+00 7.690000000000000000e+02 0.000000000000000000e+00 0.000000000000000000e+00 1.000000000000000000e+00
0.000000000000000000e+00 1.630000000000000000e+02 9.100000000000000311e-01 0.000000000000000000e+00 7.586478335511787801e-05 1.808679276335115049e-02 0.000000000000000000e+00 0.000000000000000000e+00 7.690000000000000000e+02 0.000000000000000000e+00 0.000000000000000000e+00 1.000000000000000000e+00
0.000000000000000000e+00 1.630000000000000000e+02 9.200000000000000400e-01 0.000000000000000000e+00 7.586478335511787801e-05 1.808679276335115049e-02 0.000000000000000000e+00 0.000000000000000000e+00 7.690000000000000000e+02 0.000000000000000000e+00 0.000000000000000000e+00 1.000000000000000000e+00
0.000000000000000000e+00 1.630000000000000000e+02 9.300000000000000488e-01 0.000000000000000000e+00 7.586478335511787801e-05 1.808679276335115049e-02 0.000000000000000000e+00 0.000000000000000000e+00 7.690000000000000000e+02 0.000000000000000000e+00 0.000000000000000000e+00 1.000000000000000000e+00
0.000000000000000000e+00 1.630000000000000000e+02 9.400000000000000577e-01 0.000000000000000000e+00 7.586478335511787801e-05 1.808679276335115049e-02 0.000000000000000000e+00 0.000000000000000000e+00 7.690000000000000000e+02 0.000000000000000000e+00 0.000000000000000000e+00 1.000000000000000000e+00
0.000000000000000000e+00 1.630000000000000000e+02 9.500000000000000666e-01 0.000000000000000000e+00 7.586478335511787801e-05 1.808679276335115049e-02 0.000000000000000000e+00 0.000000000000000000e+00 7.690000000000000000e+02 0.000000000000000000e+00 0.000000000000000000e+00 1.000000000000000000e+00
0.000000000000000000e+00 1.630000000000000000e+02 9.600000000000000755e-01 0.000000000000000000e+00 7.586478335511787801e-05 1.808679276335115049e-02 0.000000000000000000e+00 0.000000000000000000e+00 7.690000000000000000e+02 0.000000000000000000e+00 0.000000000000000000e+00 1.000000000000000000e+00
0.000000000000000000e+00 1.630000000000000000e+02 9.699999999999999734e-01 0.000000000000000000e+00 7.586478335511787801e-05 1.808679276335115049e-02 0.000000000000000000e+00 0.000000000000000000e+00 7.690000000000000000e+02 0.000000000000000000e+00 0.000000000000000000e+00 1.000000000000000000e+00
0.000000000000000000e+00 1.630000000000000000e+02 9.799999999999999822e-01 0.000000000000000000e+00 7.586478335511787801e-05 1.808679276335115049e-02 0.000000000000000000e+00 0.000000000000000000e+00 7.690000000000000000e+02 0.000000000000000000e+00 0.000000000000000000e+00 1.000000000000000000e+00
0.000000000000000000e+00 1.630000000000000000e+02 9.899999999999999911e-01 0.000000000000000000e+00 7.586478335511787801e-05 1.808679276335115049e-02 0.000000000000000000e+00 0.000000000000000000e+00 7.690000000000000000e+02 0.000000000000000000e+00 0.000000000000000000e+00 1.000000000000000000e+00
0.000000000000000000e+00 1.630000000000000000e+02 1.000000000000000000e+00 0.000000000000000000e+00 7.586478335511787801e-05 1.808679276335115049e-02 0.000000000000000000e+00 0.000000000000000000e+00 7.690000000000000000e+02 0.000000000000000000e+00 0.000000000000000000e+00 1.000000000000000000e+00
0.000000000000000000e+00 1.630000000000000000e+02 1.010000000000000009e+00 0.000000000000000000e+00 7.586478335511787801e-05 1.808679276335115049e-02 0.000000000000000000e+00 0.000000000000000000e+00 7.690000000000000000e+02 0.000000000000000000e+00 0.000000000000000000e+00 1.000000000000000000e+00
0.000000000000000000e+00 1.630000000000000000e+02 1.020000000000000018e+00 0.000000000000000000e+00 7.586478335511787801e-05 1.808679276335115049e-02 0.000000000000000000e+00 0.000000000000000000e+00 7.690000000000000000e+02 0.000000000000000000e+00 0.000000000000000000e+00 1.000000000000000000e+00
0.000000000000000000e+00 1.630000000000000000e+02 1.030000000000000027e+00 0.000000000000000000e+00 7.586478335511787801e-05 1.808679276335115049e-02 0.000000000000000000e+00 0.000000000000000000e+00 7.690000000000000000e+02 0.000000000000000000e+00 0.000000000000000000e+00 1.000000000000000000e+00
0.000000000000000000e+00 1.630000000000000000e+02 1.040000000000000036e+00 0.000000000000000000e+00 7.586478335511787801e-05 1.808679276335115049e-02 0.000000000000000000e+00 0.000000000000000000e+00 7.690000000000000000e+02 0.000000000000000000e+00 0.000000000000000000e+00 1.000000000000000000e+00
0.000000000000000000e+00 1.630000000000000000e+02 1.050000000000000044e+00 0.000000000000000000e+00 7.586478335511787801e-05 1.808679276335115049e-02 0.000000000000000000e+00 0.000000000000000000e+00 7.690000000000000000e+02 0.000000000000000000e+00 0.000000000000000000e+00 1.000000000000000000e+00
0.000000000000000000e+00 1.630000000000000000e+02 1.060000000000000053e+00 0.000000000000000000e+00 7.586478335511787801e-05 1.808679276335115049e-02 0.000000000000000000e+00 0.000000000000000000e+00 7.690000000000000000e+02 0.000000000000000000e+00 0.000000000000000000e+00 1.000000000000000000e+00
0.000000000000000000e+00 1.630000000000000000e+02 1.070000000000000062e+00 0.000000000000000000e+00 7.586478335511787801e-05 1.808679276335115049e-02 0.000000000000000000e+00 0.000000000000000000e+00 7.690000000000000000e+02 0.000000000000000000e+00 0.000000000000000000e+00 1.000000000000000000e+00
0.000000000000000000e+00 1.630000000000000000e+02 1.080000000000000071e+00 0.000000000000000000e+00 7.586478335511787801e-05 1.808679276335115049e-02 0.000000000000000000e+00 0.000000000000000000e+00 7.690000000000000000e+02 0.000000000000000000e+00 0.000000000000000000e+00 1.000000000000000000e+00
0.000000000000000000e+00 1.630000000000000000e+02 1.090000000000000080e+00 0.000000000000000000e+00 7.586478335511787801e-05 1.808679276335115049e-02 0.000000000000000000e+00 0.000000000000000000e+00 7.690000000000000000e+02 0.000000000000000000e+00 0.000000000000000000e+00 1.000000000000000000e+00
0.000000000000000000e+00 1.630000000000000000e+02 1.100000000000000089e+00 0.000000000000000000e+00 7.586478335511787801e-05 1.808679276335115049e-02 0.000000000000000000e+00 0.000000000000000000e+00 7.690000000000000000e+02 0.000000000000000000e+00 0.000000000000000000e+00 1.000000000000000000e+00
0.000000000000000000e+00 1.630000000000000000e+02 1.110000000000000098e+00 0.000000000000000000e+00 7.586478335511787801e-05 1.808679276335115049e-02 0.000000000000000000e+00 0.000000000000000000e+00 7.690000000000000000e+02 0.000000000000000000e+00 0.000000000000000000e+00 1.000000000000000000e+00
0.000000000000000000e+00 1.630000000000000000e+02 1.120000000000000107e+00 0.000000000000000000e+00 7.586478335511787801e-05 1.808679276335115049e-02 0.000000000000000000e+00 0.000000000000000000e+00 7.690000000000000000e+02 0.000000000000000000e+00 0.000000000000000000e+00 1.000000000000000000e+00
0.000000000000000000e+00 1.630000000000000000e+02 1.130000000000000115e+00 0.000000000000000000e+00 7.586478335511787801e-05 1.808679276335115049e-02 0.000000000000000000e+00 0.000000000000000000e+00 7.690000000000000000e+02 0.000000000000000000e+00 0.000000000000000000e+00 1.000000000000000000e+00
0.000000000000000000e+00 1.630000000000000000e+02 1.140000000000000124e+00 0.000000000000000000e+00 7.586478335511787801e-05 1.808679276335115049e-02 0.000000000000000000e+00 0.000000000000000000e+00 7.690000000000000000e+02 0.000000000000000000e+00 0.000000000000000000e+00 1.000000000000000000e+00
0.000000000000000000e+00 1.630000000000000000e+02 1.150000000000000133e+00 0.000000000000000000e+00 7.586478335511787801e-05 1.808679276335115049e-02 0.000000000000000000e+00 0.000000000000000000e+00 7.690000000000000000e+02 0.000000000000000000e+00 0.000000000000000000e+00 1.000000000000000000e+00
0.000000000000000000e+00 1.630000000000000000e+02 1.160000000000000142e+00 0.000000000000000000e+00 7.586478335511787801e-05 1.808679276335115049e-02 0.000000000000000000e+00 0.000000000000000000e+00 7.690000000000000000e+02 0.000000000000000000e+00 0.000000000000000000e+00 1.000000000000000000e+00
0.000000000000000000e+00 1.630000000000000000e+02 1.169999999999999929e+00 0.000000000000000000e+00 7.586478335511787801e-05 1.808679276335115049e-02 0.000000000000000000e+00 0.000000000000000000e+00 7.690000000000000000e+02 0.000000000000000000e+00 0.000000000000000000e+00 1.000000000000000000e+00
0.000000000000000000e+00 1.630000000000000000e+02 1.179999999999999938e+00 0.000000000000000000e+00 7.586478335511787801e-05 1.808679276335115049e-02 0.000000000000000000e+00 0.000000000000000000e+00 7.690000000000000000e+02 0.000000000000000000e+00 0.000000000000000000e+00 1.000000000000000000e+00
0.000000000000000000e+00 1.630000000000000000e+02 1.189999999999999947e+00 0.000000000000000000e+00 7.586478335511787801e-05 1.808679276335115049e-02 0.000000000000000000e+00 0.000000000000000000e+00 7.690000000000000000e+02 0.000000000000000000e+00 0.000000000000000000e+00 1.000000000000000000e+00
0.000000000000000000e+00 1.630000000000000000e+02 1.199999999999999956e+00 0.000000000000000000e+00 7.586478335511787801e-05 1.808679276335115049e-02 0.000000000000000000e+00 0.000000000000000000e+00 7.690000000000000000e+02 0.000000000000000000e+00 0.000000000000000000e+00 1.000000000000000000e+00
0.000000000000000000e+00 1.630000000000000000e+02 1.209999999999999964e+00 0.000000000000000000e+00 7.586478335511787801e-05 1.808679276335115049e-02 0.000000000000000000e+00 0.000000000000000000e+00 7.690000000000000000e+02 0.000000000000000000e+00 0.000000000000000000e+00 1.000000000000000000e+00
0.000000000000000000e+00 1.630000000000000000e+02 1.219999999999999973e+00 0.000000000000000000e+00 7.586478335511787801e-05 1.808679276335115049e-02 0.000000000000000000e+00 0.000000000000000000e+00 7.690000000000000000e+02 0.000000000000000000e+00 0.000000000000000000e+00 1.000000000000000000e+00
0.000000000000000000e+00 1.630000000000000000e+02 1.229999999999999982e+00 0.000000000000000000e+00 7.586478335511787801e-05 1.808679276335115049e-02 0.000000000000000000e+00 0.000000000000000000e+00 7.690000000000000000e+02 0.000000000000000000e+00 0.000000000000000000e+00 1.000000000000000000e+00
0.000000000000000000e+00 1.630000000000000000e+02 1.239999999999999991e+00 0.000000000000000000e+00 7.586478335511787801e-05 1.808679276335115049e-02 0.000000000000000000e+00 0.000000000000000000e+00 7.690000000000000000e+02 0.000000000000000000e+00 0.000000000000000000e+00 1.000000000000000000e+00
0.000000000000000000e+00 1.630000000000000000e+02 1.250000000000000000e+00 0.000000000000000000e+00 7.586478335511787801e-05 1.808679276335115049e-02 0.000000000000000000e+00 0.000000000000000000e+00 7.690000000000000000e+02 0.000000000000000000e+00 0.000000000000000000e+00 1.000000000000000000e+00
0.000000000000000000e+00 1.630000000000000000e+02 1.260000000000000009e+00 0.000000000000000000e+00 7.586478335511787801e-05 1.808679276335115049e-02 0.000000000000000000e+00 0.000000000000000000e+00 7.690000000000000000e+02 0.000000000000000000e+00 0.000000000000000000e+00 1.000000000000000000e+00
0.000000000000000000e+00 1.630000000000000000e+02 1.270000000000000018e+00 0.000000000000000000e+00 7.586478335511787801e-05 1.808679276335115049e-02 0.000000000000000000e+00 0.000000000000000000e+00 7.690000000000000000e+02 0.000000000000000000e+00 0.000000000000000000e+00 1.000000000000000000e+00
0.000000000000000000e+00 1.630000000000000000e+02 1.280000000000000027e+00 0.000000000000000000e+00 7.586478335511787801e-05 1.808679276335115049e-02 0.000000000000000000e+00 0.000000000000000000e+00 7.690000000000000000e+02 0.000000000000000000e+00 0.000000000000000000e+00 1.000000000000000000e+00
0.000000000000000000e+00 1.630000000000000000e+02 1.290000000000000036e+00 0.000000000000000000e+00 7.586478335511787801e-05 1.808679276335115049e-02 0.000000000000000000e+00 0.000000000000000000e+00 7.690000000000000000e+02 0.000000000000000000e+00 0.000000000000000000e+00 1.000000000000000000e+00
0.000000000000000000e+00 1.630000000000000000e+02 1.300000000000000044e+00 0.000000000000000000e+00 7.586478335511787801e-05 1.808679276335115049e-02 0.000000000000000000e+00 0.000000000000000000e+00 7.690000000000000000e+02 0.000000000000000000e+00 0.000000000000000000e+00 1.000000000000000000e+00
0.000000000000000000e+00 1.630000000000000000e+02 1.310000000000000053e+00 0.000000000000000000e+00 7.586478335511787801e-05 1.808679276335115049e-02 0.000000000000000000e+00 0.000000000000000000e+00 7.690000000000000000e+02 0.000000000000000000e+00 0.000000000000000000e+00 1.000000000000000000e+00
0.000000000000000000e+00 1.630000000000000000e+02 1.320000000000000062e+00 0.000000000000000000e+00 7.586478335511787801e-05 1.808679276335115049e-02 0.000000000000000000e+00 0.000000000000000000e+00 7.690000000000000000e+02 0.000000000000000000e+00 0.000000000000000000e+00 1.000000000000000000e+00
0.000000000000000000e+00 1.630000000000000000e+02 1.330000000000000071e+00 0.000000000000000000e+00 7.586478335511787801e-05 1.808679276335115049e-02 0.000000000000000000e+00 0.000000000000000000e+00 7.690000000000000000e+02 0.000000000000000000e+00 0.000000000000000000e+00 1.000000000000000000e+00
0.000000000000000000e+00 1.630000000000000000e+02 1.340000000000000080e+00 0.000000000000000000e+00 7.586478335511787801e-05 1.808679276335115049e-02 0.000000000000000000e+00 0.000000000000000000e+00 7.690000000000000000e+02 0.000000000000000000e+00 0.000000000000000000e+00 1.000000000000000000e+00
0.000000000000000000e+00 1.630000000000000000e+02 1.350000000000000089e+00 0.000000000000000000e+00 7.586478335511787801e-05 1.808679276335115049e-02 0.000000000000000000e+00 0.000000000000000000e+00 7.690000000000000000e+02 0.000000000000000000e+00 0.000000000000000000e+00 1.000000000000000000e+00
0.000000000000000000e+00 1.630000000000000000e+02 1.360000000000000098e+00 0.000000000000000000e+00 7.586478335511787801e-05 1.808679276335115049e-02 0.000000000000000000e+00 0.000000000000000000e+00 7.690000000000000000e+02 0.000000000000000000e+00 0.000000000000000000e+00 1.000000000000000000e+00
0.000000000000000000e+00 1.630000000000000000e+02 1.370000000000000107e+00 0.000000000000000000e+00 7.586478335511787801e-05 1.808679276335115049e-02 0.000000000000000000e+00 0.000000000000000000e+00 7.690000000000000000e+02 0.000000000000000000e+00 0.000000000000000000e+00 1.000000000000000000e+00
0.000000000000000000e+00 1.630000000000000000e+02 1.380000000000000115e+00 0.000000000000000000e+00 7.586478335511787801e-05 1.808679276335115049e-02 0.000000000000000000e+00 0.000000000000000000e+00 7.690000000000000000e+02 0.000000000000000000e+00 0.000000000000000000e+00 1.000000000000000000e+00
0.000000000000000000e+00 1.630000000000000000e+02 1.390000000000000124e+00 0.000000000000000000e+00 7.586478335511787801e-05 1.808679276335115049e-02 0.000000000000000000e+00 0.000000000000000000e+00 7.690000000000000000e+02 0.000000000000000000e+00 0.000000000000000000e+00 1.000000000000000000e+00
0.000000000000000000e+00 1.630000000000000000e+02 1.400000000000000133e+00 0.000000000000000000e+00 7.586478335511787801e-05 1.808679276335115049e-02 0.000000000000000000e+00 0.000000000000000000e+00 7.690000000000000000e+02 0.000000000000000000e+00 0.000000000000000000e+00 1.000000000000000000e+00
0.000000000000000000e+00 1.630000000000000000e+02 1.410000000000000142e+00 0.000000000000000000e+00 7.586478335511787801e-05 1.808679276335115049e-02 0.000000000000000000e+00 0.000000000000000000e+00 7.690000000000000000e+02 0.000000000000000000e+00 0.000000000000000000e+00 1.000000000000000000e+00
0.000000000000000000e+00 1.630000000000000000e+02 1.419999999999999929e+00 0.000000000000000000e+00 7.586478335511787801e-05 1.808679276335115049e-02 0.000000000000000000e+00 0.000000000000000000e+00 7.690000000000000000e+02 0.000000000000000000e+00 0.000000000000000000e+00 1.000000000000000000e+00
0.000000000000000000e+00 1.630000000000000000e+02 1.429999999999999938e+00 0.000000000000000000e+00 7.586478335511786446e-05 1.808679276335115049e-02 0.000000000000000000e+00 0.000000000000000000e+00 7.690000000000000000e+02 0.000000000000000000e+00 0.000000000000000000e+00 1.000000000000000000e+00
0.000000000000000000e+00 1.630000000000000000e+02 1.439999999999999947e+00 0.000000000000000000e+00 7.586478335511774248e-05 1.808679276335115049e-02 0.000000000000000000e+00 0.000000000000000000e+00 7.690000000000000000e+02 0.000000000000000000e+00 0.000000000000000000e+00 1.000000000000000000e+00
0.000000000000000000e+00 1.630000000000000000e+02 1.449999999999999956e+00 0.000000000000000000e+00 7.586478335511683446e-05 1.808679276335115049e-02 0.000000000000000000e+00 0.000000000000000000e+00 7.690000000000000000e+02 0.000000000000000000e+00 0.000000000000000000e+00 1.000000000000000000e+00
0.000000000000000000e+00 1.630000000000000000e+02 1.459999999999999964e+00 0.000000000000000000e+00 7.586478335510967873e-05 1.808679276335115049e-02 0.000000000000000000e+00 0.000000000000000000e+00 7.690000000000000000e+02 0.000000000000000000e+00 0.000000000000000000e+00 1.000000000000000000e+00
0.000000000000000000e+00 1.630000000000000000e+02 1.469999999999999973e+00 0.000000000000000000e+00 7.586478335505376100e-05 1.808679276335117825e-02 0.000000000000000000e+00 0.000000000000000000e+00 7.690000000000000000e+02 0.000000000000000000e+00 0.000000000000000000e+00 1.000000000000000000e+00
0.000000000000000000e+00 1.630000000000000000e+02 1.479999999999999982e+00 0.000000000000000000e+00 7.586478335461612280e-05 1.808679276335119213e-02 0.000000000000000000e+00 0.000000000000000000e+00 7.690000000000000000e+02 0.000000000000000000e+00 0.000000000000000000e+00 1.000000000000000000e+00
0.000000000000000000e+00 1.630000000000000000e+02 1.489999999999999991e+00 0.000000000000000000e+00 7.586478335119129076e-05 1.808679276335135866e-02 0.000000000000000000e+00 0.000000000000000000e+00 7.690000000000000000e+02 0.000000000000000000e+00 0.000000000000000000e+00 1.000000000000000000e+00
0.000000000000000000e+00 1.630000000000000000e+02 1.500000000000000000e+00 0.000000000000000000e+00 7.586478332438984016e-05 1.808679276335281583e-02 0.000000000000000000e+00 0.000000000000000000e+00 7.690000000000000000e+02 0.000000000000000000e+00 0.000000000000000000e+00 1.000000000000000000e+00
0.000000000000000000e+00 1.630000000000000000e+02 1.510000000000000009e+00 0.000000000000000000e+00 7.586478311465111963e-05 1.808679276336400132e-02 0.000000000000000000e+00 0.000000000000000000e+00 7.690000000000000000e+02 0.000000000000000000e+00 0.000000000000000000e+00 1.000000000000000000e+00
0.000000000000000000e+00 1.630000000000000000e+02 1.520000000000000018e+00 0.000000000000000000e+00 7.586478147331007164e-05 1.808679276345151465e-02 0.000000000000000000e+00 0.000000000000000000e+00 7.690000000000000000e+02 0.000000000000000000e+00 0.000000000000000000e+00 1.000000000000000000e+00
0.000000000000000000e+00 1.630000000000000000e+02 1.530000000000000027e+00 0.000000000000000000e+00 7.586476862875521127e-05 1.808679276413638348e-02 0.000000000000000000e+00 0.000000000000000000e+00 7.690000000000000000e+02 0.000000000000000000e+00 0.000000000000000000e+00 1.000000000000000000e+00
0.000000000000000000e+00 1.630000000000000000e+02 1.540000000000000036e+00 0.000000000000000000e+00 7.586466811180972263e-05 1.808679276949576309e-02 0.000000000000000000e+00 0.000000000000000000e+00 7.690000000000000000e+02 0.000000000000000000e+00 0.000000000000000000e+00 1.000000000000000000e+00
0.000000000000000000e+00 1.630000000000000000e+02 1.550000000000000044e+00 0.000000000000000000e+00 7.586388150172898050e-05 1.808679281143646400e-02 0.000000000000000000e+00 0.000000000000000000e+00 7.690000000000000000e+02 0.000000000000000000e+00 0.000000000000000000e+00 1.000000000000000000e+00
0.000000000000000000e+00 1.630000000000000000e+02 1.560000000000000053e+00 0.000000000000000000e+00 7.585772576931923850e-05 1.808679313964961510e-02 0.000000000000000000e+00 0.000000000000000000e+00 7.690000000000000000e+02 0.000000000000000000e+00 0.000000000000000000e+00 1.000000000000000000e+00
0.000000000000000000e+00 1.630000000000000000e+02 1.570000000000000062e+00 0.000000000000000000e+00 7.580955318365287536e-05 1.808679570812984916e-02 0.000000000000000000e+00 0.000000000000000000e+00 7.690000000000000000e+02 0.000000000000000000e+00 0.000000000000000000e+00 1.000000000000000000e+00
0.000000000000000000e+00 1.630000000000000000e+02 1.580000000000000071e+00 0.000000000000000000e+00 7.543257155818239377e-05 1.808681580814847090e-02 0.000000000000000000e+00 0.000000000000000000e+00 7.690000000000000000e+02 0.000000000000000000e+00 0.000000000000000000e+00 1.000000000000000000e+00
0.000000000000000000e+00 1.630000000000000000e+02 1.590000000000000080e+00 0.000000000000000000e+00 7.248244662765417350e-05 1.808697310381590651e-02 0.000000000000000000e+00 0.000000000000000000e+00 7.690000000000000000e+02 0.000000000000000000e+00 0.000000000000000000e+00 1.000000000000000000e+00
0.000000000000000000e+00 1.630000000000000000e+02 1.600000000000000089e+00 0.000000000000000000e+00 4.939581184840695908e-05 1.808820404577782259e-02 0.000000000000000000e+00 0.000000000000000000e+00 7.690000000000000000e+02 0.000000000000000000e+00 0.000000000000000000e+00 1.000000000000000000e+00
0.000000000000000000e+00 1.630000000000000000e+02 1.610000000000000098e+00 0.000000000000000000e+00 -1.312720303554544099e-04 1.809783706437724515e-02 0.000000000000000000e+00 0.000000000000000000e+00 7.690000000000000000e+02 0.000000000000000000e+00 0.000000000000000000e+00 1.000000000000000000e+00
0.000000000000000000e+00 1.630000000000000000e+02 1.620000000000000107e+00 0.000000000000000000e+00 -1.545114693814595829e-03 1.817322759748415950e-02 0.000000000000000000e+00 0.000000000000000000e+00 7.690000000000000000e+02 0.000000000000000000e+00 0.000000000000000000e+00 1.000000000000000000e+00
0.000000000000000000e+00 1.630000000000000000e+02 1.630000000000000115e+00 0.000000000000000000e+00 -1.260934755691410850e-02 1.876342174367488791e-02 0.000000000000000000e+00 0.000000000000000000e+00 7.690000000000000000e+02 0.000000000000000000e+00 0.000000000000000000e+00 1.000000000000000000e+00
0.000000000000000000e+00 1.630000000000000000e+02 1.640000000000000124e+00 0.000000000000000000e+00 -9.919412252005052610e-02 2.332138664872418499e-02 0.000000000000000000e+00 0.000000000000000000e+00 7.690000000000000000e+02 0.000000000000000000e+00 0.000000000000000000e+00 1.000000000000000000e+00
0.000000000000000000e+00 1.630000000000000000e+02 1.650000000000000133e+00 0.000000000000000000e+00 -7.767759619641638746e-01 2.148022979252144082e-03 0.000000000000000000e+00 1.000000000000000000e+00 7.690000000000000000e+02 0.000000000000000000e+00 0.000000000000000000e+00 1.000000000000000000e+00
0.000000000000000000e+00 1.630000000000000000e+02 1.660000000000000142e+00 0.000000000000000000e+00 -9.676747221974802970e-01 2.421953554616485677e-03 0.000000000000000000e+00 1.000000000000000000e+00 7.690000000000000000e+02 0.000000000000000000e+00 0.000000000000000000e+00 1.000000000000000000e+00
0.000000000000000000e+00 1.630000000000000000e+02 1.670000000000000151e+00 0.000000000000000000e+00 -1.048441537314960037e+00 9.531954056736857001e-03 0.000000000000000000e+00 1.000000000000000000e+00 7.690000000000000000e+02 0.000000000000000000e+00 0.000000000000000000e+00 1.000000000000000000e+00
0.000000000000000000e+00 1.630000000000000000e+02 1.679999999999999938e+00 0.000000000000000000e+00 -8.661539827310910100e-01 2.968942151432246539e-04 0.000000000000000000e+00 1.000000000000000000e+00 7.690000000000000000e+02 0.000000000000000000e+00 0.000000000000000000e+00 1.000000000000000000e+00
0.000000000000000000e+00 1.630000000000000000e+02 1.689999999999999947e+00 0.000000000000000000e+00 -1.136307679524085623e+00 1.310025170333626102e-02 0.000000000000000000e+00 1.000000000000000000e+00 7.690000000000000000e+02 0.000000000000000000e+00 0.000000000000000000e+00 1.000000000000000000e+00
0.000000000000000000e+00 1.630000000000000000e+02 1.699999999999999956e+00 0.000000000000000000e+00 -8.145123508803803203e-01 6.232255911193087042e-04 0.000000000000000000e+00 1.000000000000000000e+00 7.690000000000000000e+02 0.000000000000000000e+00 0.000000000000000000e+00 1.000000000000000000e+00
0.000000000000000000e+00 1.630000000000000000e+02 1.709999999999999964e+00 0.000000000000000000e+00 -8.259712933284301117e-01 4.959871589893494973e-05 0.000000000000000000e+00 1.000000000000000000e+00 7.690000000000000000e+02 0.000000000000000000e+00 0.000000000000000000e+00 1.000000000000000000e+00
0.000000000000000000e+00 1.630000000000000000e+02 1.719999999999999973e+00 0.000000000000000000e+00 -1.016289708458096630e+00 4.394159299810115882e-03 0.000000000000000000e+00 1.000000000000000000e+00 7.690000000000000000e+02 0.000000000000000000e+00 0.000000000000000000e+00 1.000000000000000000e+00
0.000000000000000000e+00 1.630000000000000000e+02 1.729999999999999982e+00 0.000000000000000000e+00 -1.030062809661676848e+00 7.181188659708737099e-03 0.000000000000000000e+00 1.000000000000000000e+00 7.690000000000000000e+02 0.000000000000000000e+00 0.000000000000000000e+00 1.000000000000000000e+00
0.000000000000000000e+00 1.630000000000000000e+02 1.739999999999999991e+00 0.000000000000000000e+00 -8.175515004902053073e-01 2.563743603632760368e-03 0.000000000000000000e+00 1.000000000000000000e+00 7.690000000000000000e+02 0.000000000000000000e+00 0.000000000000000000e+00 1.000000000000000000e+00
0.000000000000000000e+00 1.630000000000000000e+02 1.750000000000000000e+00 0.000000000000000000e+00 -1.076362264192837870e+00 1.333510547331538329e-02 0.000000000000000000e+00 1.000000000000000000e+00 7.690000000000000000e+02 0.000000000000000000e+00 0.000000000000000000e+00 1.000000000000000000e+00
0.000000000000000000e+00 1.630000000000000000e+02 1.760000000000000009e+00 0.000000000000000000e+00 -6.364489818690883816e-01 4.843353533194997597e-04 0.000000000000000000e+00 1.000000000000000000e+00 7.690000000000000000e+02 0.000000000000000000e+00 0.000000000000000000e+00 1.000000000000000000e+00
0.000000000000000000e+00 1.630000000000000000e+02 1.770000000000000018e+00 0.000000000000000000e+00 -8.126244359141127083e-02 2.215318389862341864e-02 0.000000000000000000e+00 0.000000000000000000e+00 7.690000000000000000e+02 0.000000000000000000e+00 0.000000000000000000e+00 1.000000000000000000e+00
0.000000000000000000e+00 1.630000000000000000e+02 1.780000000000000027e+00 0.000000000000000000e+00 -1.031794850462958504e-02 1.863770804487328847e-02 0.000000000000000000e+00 0.000000000000000000e+00 7.690000000000000000e+02 0.000000000000000000e+00 0.000000000000000000e+00 1.000000000000000000e+00
0.000000000000000000e+00 1.630000000000000000e+02 1.790000000000000036e+00 0.000000000000000000e+00 -1.252308334872676617e-03 1.815755774659218169e-02 0.000000000000000000e+00 0.000000000000000000e+00 7.690000000000000000e+02 0.000000000000000000e+00 0.000000000000000000e+00 1.000000000000000000e+00
0.000000000000000000e+00 1.630000000000000000e+02 1.800000000000000044e+00 0.000000000000000000e+00 -9.385577858937901960e-05 1.809584114767216756e-02 0.000000000000000000e+00 0.000000000000000000e+00 7.690000000000000000e+02 0.000000000000000000e+00 0.000000000000000000e+00 1.000000000000000000e+00
0.000000000000000000e+00 1.630000000000000000e+02 1.810000000000000053e+00 0.000000000000000000e+00 5.417704645438091665e-05 1.808794910304703518e-02 0.000000000000000000e+00 0.000000000000000000e+00 7.690000000000000000e+02 0.000000000000000000e+00 0.000000000000000000e+00 1.000000000000000000e+00
0.000000000000000000e+00 1.630000000000000000e+02 1.820000000000000062e+00 0.000000000000000000e+00 7.309341654789856357e-05 1.808694052768827776e-02 0.000000000000000000e+00 0.000000000000000000e+00 7.690000000000000000e+02 0.000000000000000000e+00 0.000000000000000000e+00 1.000000000000000000e+00
0.000000000000000000e+00 1.630000000000000000e+02 1.830000000000000071e+00 0.000000000000000000e+00 7.551064433105511813e-05 1.808681164543710085e-02 0.000000000000000000e+00 0.000000000000000000e+00 7.690000000000000000e+02 0.000000000000000000e+00 0.000000000000000000e+00 1.000000000000000000e+00
0.000000000000000000e+00 1.630000000000000000e+02 1.840000000000000080e+00 0.000000000000000000e+00 7.581952971058499328e-05 1.808679517619835031e-02 0.000000000000000000e+00 0.000000000000000000e+00 7.690000000000000000e+02 0.000000000000000000e+00 0.000000000000000000e+00 1.000000000000000000e+00
0.000000000000000000e+00 1.630000000000000000e+02 1.850000000000000089e+00 0.000000000000000000e+00 7.585900061951304676e-05 1.808679307167676553e-02 0.000000000000000000e+00 0.000000000000000000e+00 7.690000000000000000e+02 0.000000000000000000e+00 0.000000000000000000e+00 1.000000000000000000e+00
0.000000000000000000e+00 1.630000000000000000e+02 1.860000000000000098e+00 0.000000000000000000e+00 7.586404440842263561e-05 1.808679280275055090e-02 0.000000000000000000e+00 0.000000000000000000e+00 7.690000000000000000e+02 0.000000000000000000e+00 0.000000000000000000e+00 1.000000000000000000e+00
0.000000000000000000e+00 1.630000000000000000e+02 1.870000000000000107e+00 0.000000000000000000e+00 7.586468892883665787e-05 1.808679276838583150e-02 0.000000000000000000e+00 0.000000000000000000e+00 7.690000000000000000e+02 0.000000000000000000e+00 0.000000000000000000e+00 1.000000000000000000e+00
0.000000000000000000e+00 1.630000000000000000e+02 1.880000000000000115e+00 0.000000000000000000e+00 7.586477128885837386e-05 1.808679276399452474e-02 0.000000000000000000e+00 0.000000000000000000e+00 7.690000000000000000e+02 0.000000000000000000e+00 0.000000000000000000e+00 1.000000000000000000e+00
0.000000000000000000e+00 1.630000000000000000e+02 1.890000000000000124e+00 0.000000000000000000e+00 7.586478181323126450e-05 1.808679276343340414e-02 0.000000000000000000e+00 0.000000000000000000e+00 7.690000000000000000e+02 0.000000000000000000e+00 0.000000000000000000e+00 1.000000000000000000e+00
0.000000000000000000e+00 1.630000000000000000e+02 1.900000000000000133e+00 0.000000000000000000e+00 7.586478315808794495e-05 1.808679276336165598e-02 0.000000000000000000e+00 0.000000000000000000e+00 7.690000000000000000e+02 0.000000000000000000e+00 0.000000000000000000e+00 1.000000000000000000e+00
0.000000000000000000e+00 1.630000000000000000e+02 1.910000000000000142e+00 0.000000000000000000e+00 7.586478332994041319e-05 1.808679276335252439e-02 0.000000000000000000e+00 0.000000000000000000e+00 7.690000000000000000e+02 0.000000000000000000e+00 0.000000000000000000e+00 1.000000000000000000e+00
0.000000000000000000e+00 1.630000000000000000e+02 1.920000000000000151e+00 0.000000000000000000e+00 7.586478335190057582e-05 1.808679276335135866e-02 0.000000000000000000e+00 0.000000000000000000e+00 7.690000000000000000e+02 0.000000000000000000e+00 0.000000000000000000e+00 1.000000000000000000e+00
0.000000000000000000e+00 1.630000000000000000e+02 1.929999999999999938e+00 0.000000000000000000e+00 7.586478335470674854e-05 1.808679276335119213e-02 0.000000000000000000e+00 0.000000000000000000e+00 7.690000000000000000e+02 0.000000000000000000e+00 0.000000000000000000e+00 1.000000000000000000e+00
0.000000000000000000e+00 1.630000000000000000e+02 1.939999999999999947e+00 0.000000000000000000e+00 7.586478335506534841e-05 1.808679276335117825e-02 0.000000000000000000e+00 0.000000000000000000e+00 7.690000000000000000e+02 0.000000000000000000e+00 0.000000000000000000e+00 1.000000000000000000e+00
0.000000000000000000e+00 1.630000000000000000e+02 1.949999999999999956e+00 0.000000000000000000e+00 7.586478335511116951e-05 1.808679276335115049e-02 0.000000000000000000e+00 0.000000000000000000e+00 7.690000000000000000e+02 0.000000000000000000e+00 0.000000000000000000e+00 1.000000000000000000e+00
0.000000000000000000e+00 1.630000000000000000e+02 1.959999999999999964e+00 0.000000000000000000e+00 7.586478335511702420e-05 1.808679276335115049e-02 0.000000000000000000e+00 0.000000000000000000e+00 7.690000000000000000e+02 0.000000000000000000e+00 0.000000000000000000e+00 1.000000000000000000e+00
0.000000000000000000e+00 1.630000000000000000e+02 1.969999999999999973e+00 0.000000000000000000e+00 7.586478335511776959e-05 1.808679276335115049e-02 0.000000000000000000e+00 0.000000000000000000e+00 7.690000000000000000e+02 0.000000000000000000e+00 0.000000000000000000e+00 1.000000000000000000e+00
0.000000000000000000e+00 1.630000000000000000e+02 1.979999999999999982e+00 0.000000000000000000e+00 7.586478335511786446e-05 1.808679276335115049e-02 0.000000000000000000e+00 0.000000000000000000e+00 7.690000000000000000e+02 0.000000000000000000e+00 0.000000000000000000e+00 1.000000000000000000e+00
0.000000000000000000e+00 1.630000000000000000e+02 1.989999999999999991e+00 0.000000000000000000e+00 7.586478335511787801e-05 1.808679276335115049e-02 0.000000000000000000e+00 0.000000000000000000e+00 7.690000000000000000e+02 0.000000000000000000e+00 0.000000000000000000e+00 1.000000000000000000e+00
0.000000000000000000e+00 1.630000000000000000e+02 2.000000000000000000e+00 0.000000000000000000e+00 7.586478335511787801e-05 1.808679276335115049e-02 0.000000000000000000e+00 0.000000000000000000e+00 7.690000000000000000e+02 0.000000000000000000e+00 0.000000000000000000e+00 1.000000000000000000e+00
0.000000000000000000e+00 1.630000000000000000e+02 2.009999999999999787e+00 0.000000000000000000e+00 7.586478335511787801e-05 1.808679276335115049e-02 0.000000000000000000e+00 0.000000000000000000e+00 7.690000000000000000e+02 0.000000000000000000e+00 0.000000000000000000e+00 1.000000000000000000e+00
0.000000000000000000e+00 1.630000000000000000e+02 2.020000000000000018e+00 0.000000000000000000e+00 7.586478335511787801e-05 1.808679276335115049e-02 0.000000000000000000e+00 0.000000000000000000e+00 7.690000000000000000e+02 0.000000000000000000e+00 0.000000000000000000e+00 1.000000000000000000e+00
0.000000000000000000e+00 1.630000000000000000e+02 2.029999999999999805e+00 0.000000000000000000e+00 7.586478335511787801e-05 1.808679276335115049e-02 0.000000000000000000e+00 0.000000000000000000e+00 7.690000000000000000e+02 0.000000000000000000e+00 0.000000000000000000e+00 1.000000000000000000e+00
0.000000000000000000e+00 1.630000000000000000e+02 2.040000000000000036e+00 0.000000000000000000e+00 7.586478335511787801e-05 1.808679276335115049e-02 0.000000000000000000e+00 0.000000000000000000e+00 7.690000000000000000e+02 0.000000000000000000e+00 0.000000000000000000e+00 1.000000000000000000e+00
0.000000000000000000e+00 1.630000000000000000e+02 2.049999999999999822e+00 0.000000000000000000e+00 7.586478335511787801e-05 1.808679276335115049e-02 0.000000000000000000e+00 0.000000000000000000e+00 7.690000000000000000e+02 0.000000000000000000e+00 0.000000000000000000e+00 1.000000000000000000e+00
0.000000000000000000e+00 1.630000000000000000e+02 2.059999999999999609e+00 0.000000000000000000e+00 7.586478335511787801e-05 1.808679276335115049e-02 0.000000000000000000e+00 0.000000000000000000e+00 7.690000000000000000e+02 0.000000000000000000e+00 0.000000000000000000e+00 1.000000000000000000e+00
0.000000000000000000e+00 1.630000000000000000e+02 2.069999999999999840e+00 0.000000000000000000e+00 7.586478335511787801e-05 1.808679276335115049e-02 0.000000000000000000e+00 0.000000000000000000e+00 7.690000000000000000e+02 0.000000000000000000e+00 0.000000000000000000e+00 1.000000000000000000e+00
0.000000000000000000e+00 1.630000000000000000e+02 2.079999999999999627e+00 0.000000000000000000e+00 7.586478335511787801e-05 1.808679276335115049e-02 0.000000000000000000e+00 0.000000000000000000e+00 7.690000000000000000e+02 0.000000000000000000e+00 0.000000000000000000e+00 1.000000000000000000e+00
0.000000000000000000e+00 1.630000000000000000e+02 2.089999999999999858e+00 0.000000000000000000e+00 7.586478335511787801e-05 1.808679276335115049e-02 0.000000000000000000e+00 0.000000000000000000e+00 7.690000000000000000e+02 0.000000000000000000e+00 0.000000000000000000e+00 1.000000000000000000e+00
0.000000000000000000e+00 1.630000000000000000e+02 2.099999999999999645e+00 0.000000000000000000e+00 7.586478335511787801e-05 1.808679276335115049e-02 0.000000000000000000e+00 0.000000000000000000e+00 7.690000000000000000e+02 0.000000000000000000e+00 0.000000000000000000e+00 1.000000000000000000e+00
0.000000000000000000e+00 1.630000000000000000e+02 2.109999999999999876e+00 0.000000000000000000e+00 7.586478335511787801e-05 1.808679276335115049e-02 0.000000000000000000e+00 0.000000000000000000e+00 7.690000000000000000e+02 0.000000000000000000e+00 0.000000000000000000e+00 1.000000000000000000e+00
0.000000000000000000e+00 1.630000000000000000e+02 2.119999999999999662e+00 0.000000000000000000e+00 7.586478335511787801e-05 1.808679276335115049e-02 0.000000000000000000e+00 0.000000000000000000e+00 7.690000000000000000e+02 0.000000000000000000e+00 0.000000000000000000e+00 1.000000000000000000e+00
0.000000000000000000e+00 1.630000000000000000e+02 2.129999999999999893e+00 0.000000000000000000e+00 7.586478335511787801e-05 1.808679276335115049e-02 0.000000000000000000e+00 0.000000000000000000e+00 7.690000000000000000e+02 0.000000000000000000e+00 0.000000000000000000e+00 1.000000000000000000e+00
0.000000000000000000e+00 1.630000000000000000e+02 2.139999999999999680e+00 0.000000000000000000e+00 7.586478335511787801e-05 1.808679276335115049e-02 0.000000000000000000e+00 0.000000000000000000e+00 7.690000000000000000e+02 0.000000000000000000e+00 0.000000000000000000e+00 1.000000000000000000e+00
0.000000000000000000e+00 1.630000000000000000e+02 2.149999999999999911e+00 0.000000000000000000e+00 7.586478335511787801e-05 1.808679276335115049e-02 0.000000000000000000e+00 0.000000000000000000e+00 7.690000000000000000e+02 0.000000000000000000e+00 0.000000000000000000e+00 1.000000000000000000e+00
0.000000000000000000e+00 1.630000000000000000e+02 2.159999999999999698e+00 0.000000000000000000e+00 7.586478335511787801e-05 1.808679276335115049e-02 0.000000000000000000e+00 0.000000000000000000e+00 7.690000000000000000e+02 0.000000000000000000e+00 0.000000000000000000e+00 1.000000000000000000e+00
0.000000000000000000e+00 1.630000000000000000e+02 2.169999999999999929e+00 0.000000000000000000e+00 7.586478335511787801e-05 1.808679276335115049e-02 0.000000000000000000e+00 0.000000000000000000e+00 7.690000000000000000e+02 0.000000000000000000e+00 0.000000000000000000e+00 1.000000000000000000e+00
0.000000000000000000e+00 1.630000000000000000e+02 2.179999999999999716e+00 0.000000000000000000e+00 7.586478335511787801e-05 1.808679276335115049e-02 0.000000000000000000e+00 0.000000000000000000e+00 7.690000000000000000e+02 0.000000000000000000e+00 0.000000000000000000e+00 1.000000000000000000e+00
0.000000000000000000e+00 1.630000000000000000e+02 2.189999999999999947e+00 0.000000000000000000e+00 7.586478335511787801e-05 1.808679276335115049e-02 0.000000000000000000e+00 0.000000000000000000e+00 7.690000000000000000e+02 0.000000000000000000e+00 0.000000000000000000e+00 1.000000000000000000e+00
0.000000000000000000e+00 1.630000000000000000e+02 2.199999999999999734e+00 0.000000000000000000e+00 7.586478335511787801e-05 1.808679276335115049e-02 0.000000000000000000e+00 0.000000000000000000e+00 7.690000000000000000e+02 0.000000000000000000e+00 0.000000000000000000e+00 1.000000000000000000e+00
0.000000000000000000e+00 1.630000000000000000e+02 2.209999999999999964e+00 0.000000000000000000e+00 7.586478335511787801e-05 1.808679276335115049e-02 0.000000000000000000e+00 0.000000000000000000e+00 7.690000000000000000e+02 0.000000000000000000e+00 0.000000000000000000e+00 1.000000000000000000e+00
0.000000000000000000e+00 1.630000000000000000e+02 2.219999999999999751e+00 0.000000000000000000e+00 7.586478335511787801e-05 1.808679276335115049e-02 0.000000000000000000e+00 0.000000000000000000e+00 7.690000000000000000e+02 0.000000000000000000e+00 0.000000000000000000e+00 1.000000000000000000e+00
0.000000000000000000e+00 1.630000000000000000e+02 2.229999999999999982e+00 0.000000000000000000e+00 7.586478335511787801e-05 1.808679276335115049e-02 0.000000000000000000e+00 0.000000000000000000e+00 7.690000000000000000e+02 0.000000000000000000e+00 0.000000000000000000e+00 1.000000000000000000e+00
0.000000000000000000e+00 1.630000000000000000e+02 2.239999999999999769e+00 0.000000000000000000e+00 7.586478335511787801e-05 1.808679276335115049e-02 0.000000000000000000e+00 0.000000000000000000e+00 7.690000000000000000e+02 0.000000000000000000e+00 0.000000000000000000e+00 1.000000000000000000e+00
0.000000000000000000e+00 1.630000000000000000e+02 2.250000000000000000e+00 0.000000000000000000e+00 7.586478335511787801e-05 1.808679276335115049e-02 0.000000000000000000e+00 0.000000000000000000e+00 7.690000000000000000e+02 0.000000000000000000e+00 0.000000000000000000e+00 1.000000000000000000e+00
0.000000000000000000e+00 1.630000000000000000e+02 2.259999999999999787e+00 0.000000000000000000e+00 7.586478335511787801e-05 1.808679276335115049e-02 0.000000000000000000e+00 0.000000000000000000e+00 7.690000000000000000e+02 0.000000000000000000e+00 0.000000000000000000e+00 1.000000000000000000e+00
0.000000000000000000e+00 1.630000000000000000e+02 2.270000000000000018e+00 0.000000000000000000e+00 7.586478335511787801e-05 1.808679276335115049e-02 0.000000000000000000e+00 0.000000000000000000e+00 7.690000000000000000e+02 0.000000000000000000e+00 0.000000000000000000e+00 1.000000000000000000e+00
0.000000000000000000e+00 1.630000000000000000e+02 2.279999999999999805e+00 0.000000000000000000e+00 7.586478335511787801e-05 1.808679276335115049e-02 0.000000000000000000e+00 0.000000000000000000e+00 7.690000000000000000e+02 0.000000000000000000e+00 0.000000000000000000e+00 1.000000000000000000e+00
0.000000000000000000e+00 1.630000000000000000e+02 2.290000000000000036e+00 0.000000000000000000e+00 7.586478335511787801e-05 1.808679276335115049e-02 0.000000000000000000e+00 0.000000000000000000e+00 7.690000000000000000e+02 0.000000000000000000e+00 0.000000000000000000e+00 1.000000000000000000e+00
0.000000000000000000e+00 1.630000000000000000e+02 2.299999999999999822e+00 0.000000000000000000e+00 7.586478335511787801e-05 1.808679276335115049e-02 0.000000000000000000e+00 0.000000000000000000e+00 7.690000000000000000e+02 0.000000000000000000e+00 0.000000000000000000e+00 1.000000000000000000e+00
0.000000000000000000e+00 1.630000000000000000e+02 2.310000000000000053e+00 0.000000000000000000e+00 7.586478335511787801e-05 1.808679276335115049e-02 0.000000000000000000e+00 0.000000000000000000e+00 7.690000000000000000e+02 0.000000000000000000e+00 0.000000000000000000e+00 1.000000000000000000e+00
0.000000000000000000e+00 1.630000000000000000e+02 2.319999999999999840e+00 0.000000000000000000e+00 7.586478335511787801e-05 1.808679276335115049e-02 0.000000000000000000e+00 0.000000000000000000e+00 7.690000000000000000e+02 0.000000000000000000e+00 0.000000000000000000e+00 1.000000000000000000e+00
0.000000000000000000e+00 1.630000000000000000e+02 2.329999999999999627e+00 0.000000000000000000e+00 7.586478335511787801e-05 1.808679276335115049e-02 0.000000000000000000e+00 0.000000000000000000e+00 7.690000000000000000e+02 0.000000000000000000e+00 0.000000000000000000e+00 1.000000000000000000e+00
0.000000000000000000e+00 1.630000000000000000e+02 2.339999999999999858e+00 0.000000000000000000e+00 7.586478335511787801e-05 1.808679276335115049e-02 0.000000000000000000e+00 0.000000000000000000e+00 7.690000000000000000e+02 0.000000000000000000e+00 0.000000000000000000e+00 1.000000000000000000e+00
0.000000000000000000e+00 1.630000000000000000e+02 2.349999999999999645e+00 0.000000000000000000e+00 7.586478335511787801e-05 1.808679276335115049e-02 0.000000000000000000e+00 0.000000000000000000e+00 7.690000000000000000e+02 0.000000000000000000e+00 0.000000000000000000e+00 1.000000000000000000e+00
0.000000000000000000e+00 1.630000000000000000e+02 2.359999999999999876e+00 0.000000000000000000e+00 7.586478335511787801e-05 1.808679276335115049e-02 0.000000000000000000e+00 0.000000000000000000e+00 7.690000000000000000e+02 0.000000000000000000e+00 0.000000000000000000e+00 1.000000000000000000e+00
0.000000000000000000e+00 1.630000000000000000e+02 2.369999999999999662e+00 0.000000000000000000e+00 7.586478335511787801e-05 1.808679276335115049e-02 0.000000000000000000e+00 0.000000000000000000e+00 7.690000000000000000e+02 0.000000000000000000e+00 0.000000000000000000e+00 1.000000000000000000e+00
0.000000000000000000e+00 1.630000000000000000e+02 2.379999999999999893e+00 0.000000000000000000e+00 7.586478335511787801e-05 1.808679276335115049e-02 0.000000000000000000e+00 0.000000000000000000e+00 7.690000000000000000e+02 0.000000000000000000e+00 0.000000000000000000e+00 1.000000000000000000e+00
0.000000000000000000e+00 1.630000000000000000e+02 2.389999999999999680e+00 0.000000000000000000e+00 7.586478335511786446e-05 1.808679276335115049e-02 0.000000000000000000e+00 0.000000000000000000e+00 7.690000000000000000e+02 0.000000000000000000e+00 0.000000000000000000e+00 1.000000000000000000e+00
0.000000000000000000e+00 1.630000000000000000e+02 2.399999999999999911e+00 0.000000000000000000e+00 7.586478335511781025e-05 1.808679276335115049e-02 0.000000000000000000e+00 0.000000000000000000e+00 7.690000000000000000e+02 0.000000000000000000e+00 0.000000000000000000e+00 1.000000000000000000e+00
0.000000000000000000e+00 1.630000000000000000e+02 2.409999999999999698e+00 0.000000000000000000e+00 7.586478335511733591e-05 1.808679276335115049e-02 0.000000000000000000e+00 0.000000000000000000e+00 7.690000000000000000e+02 0.000000000000000000e+00 0.000000000000000000e+00 1.000000000000000000e+00
0.000000000000000000e+00 1.630000000000000000e+02 2.419999999999999929e+00 0.000000000000000000e+00 7.586478335511359541e-05 1.808679276335115049e-02 0.000000000000000000e+00 0.000000000000000000e+00 7.690000000000000000e+02 0.000000000000000000e+00 0.000000000000000000e+00 1.000000000000000000e+00
0.000000000000000000e+00 1.630000000000000000e+02 2.429999999999999716e+00 0.000000000000000000e+00 7.586478335508441682e-05 1.808679276335115049e-02 0.000000000000000000e+00 0.000000000000000000e+00 7.690000000000000000e+02 0.000000000000000000e+00 0.000000000000000000e+00 1.000000000000000000e+00
0.000000000000000000e+00 1.630000000000000000e+02 2.439999999999999947e+00 0.000000000000000000e+00 7.586478335485600253e-05 1.808679276335119213e-02 0.000000000000000000e+00 0.000000000000000000e+00 7.690000000000000000e+02 0.000000000000000000e+00 0.000000000000000000e+00 1.000000000000000000e+00
0.000000000000000000e+00 1.630000000000000000e+02 2.449999999999999734e+00 0.000000000000000000e+00 7.586478335306855972e-05 1.808679276335130315e-02 0.000000000000000000e+00 0.000000000000000000e+00 7.690000000000000000e+02 0.000000000000000000e+00 0.000000000000000000e+00 1.000000000000000000e+00
0.000000000000000000e+00 1.630000000000000000e+02 2.459999999999999964e+00 0.000000000000000000e+00 7.586478333908061697e-05 1.808679276335203867e-02 0.000000000000000000e+00 0.000000000000000000e+00 7.690000000000000000e+02 0.000000000000000000e+00 0.000000000000000000e+00 1.000000000000000000e+00
0.000000000000000000e+00 1.630000000000000000e+02 2.469999999999999751e+00 0.000000000000000000e+00 7.586478322961593356e-05 1.808679276335785346e-02 0.000000000000000000e+00 0.000000000000000000e+00 7.690000000000000000e+02 0.000000000000000000e+00 0.000000000000000000e+00 1.000000000000000000e+00
0.000000000000000000e+00 1.630000000000000000e+02 2.479999999999999982e+00 0.000000000000000000e+00 7.586478237298405658e-05 1.808679276340353914e-02 0.000000000000000000e+00 0.000000000000000000e+00 7.690000000000000000e+02 0.000000000000000000e+00 0.000000000000000000e+00 1.000000000000000000e+00
0.000000000000000000e+00 1.630000000000000000e+02 2.489999999999999769e+00 0.000000000000000000e+00 7.586477566928576403e-05 1.808679276376096157e-02 0.000000000000000000e+00 0.000000000000000000e+00 7.690000000000000000e+02 0.000000000000000000e+00 0.000000000000000000e+00 1.000000000000000000e+00
0.000000000000000000e+00 1.630000000000000000e+02 2.500000000000000000e+00 0.000000000000000000e+00 7.586472320851288275e-05 1.808679276655809909e-02 0.000000000000000000e+00 0.000000000000000000e+00 7.690000000000000000e+02 0.000000000000000000e+00 0.000000000000000000e+00 1.000000000000000000e+00
0.000000000000000000e+00 1.630000000000000000e+02 2.509999999999999787e+00 0.000000000000000000e+00 7.586431266905020092e-05 1.808679278844733951e-02 0.000000000000000000e+00 0.000000000000000000e+00 7.690000000000000000e+02 0.000000000000000000e+00 0.000000000000000000e+00 1.000000000000000000e+00
0.000000000000000000e+00 1.630000000000000000e+02 2.520000000000000018e+00 0.000000000000000000e+00 7.586109993234894672e-05 1.808679295974502388e-02 0.000000000000000000e+00 0.000000000000000000e+00 7.690000000000000000e+02 0.000000000000000000e+00 0.000000000000000000e+00 1.000000000000000000e+00
0.000000000000000000e+00 1.630000000000000000e+02 2.529999999999999805e+00 0.000000000000000000e+00 7.583595819069049667e-05 1.808679430025968149e-02 0.000000000000000000e+00 0.000000000000000000e+00 7.690000000000000000e+02 0.000000000000000000e+00 0.000000000000000000e+00 1.000000000000000000e+00
0.000000000000000000e+00 1.630000000000000000e+02 2.540000000000000036e+00 0.000000000000000000e+00 7.563920780857060237e-05 1.808680479064576907e-02 0.000000000000000000e+00 0.000000000000000000e+00 7.690000000000000000e+02 0.000000000000000000e+00 0.000000000000000000e+00 1.000000000000000000e+00
0.000000000000000000e+00 1.630000000000000000e+02 2.549999999999999822e+00 0.000000000000000000e+00 7.409950887322209415e-05 1.808688688420904966e-02 0.000000000000000000e+00 0.000000000000000000e+00 7.690000000000000000e+02 0.000000000000000000e+00 0.000000000000000000e+00 1.000000000000000000e+00
0.000000000000000000e+00 1.630000000000000000e+02 2.560000000000000053e+00 0.000000000000000000e+00 6.205036931897872329e-05 1.808752928943394012e-02 0.000000000000000000e+00 0.000000000000000000e+00 7.690000000000000000e+02 0.000000000000000000e+00 0.000000000000000000e+00 1.000000000000000000e+00
0.000000000000000000e+00 1.630000000000000000e+02 2.569999999999999840e+00 0.000000000000000000e+00 -3.224193722520296882e-05 1.809255468915389742e-02 0.000000000000000000e+00 0.000000000000000000e+00 7.690000000000000000e+02 0.000000000000000000e+00 0.000000000000000000e+00 1.000000000000000000e+00
0.000000000000000000e+00 1.630000000000000000e+02 2.579999999999999627e+00 0.000000000000000000e+00 -7.701401940588832162e-04 1.813176898679276505e-02 0.000000000000000000e+00 0.000000000000000000e+00 7.690000000000000000e+02 0.000000000000000000e+00 0.000000000000000000e+00 1.000000000000000000e+00
0.000000000000000000e+00 1.630000000000000000e+02 2.589999999999999858e+00 0.000000000000000000e+00 -6.544671090522375355e-03 1.843163083865070884e-02 0.000000000000000000e+00 0.000000000000000000e+00 7.690000000000000000e+02 0.000000000000000000e+00 0.000000000000000000e+00 1.000000000000000000e+00
0.000000000000000000e+00 1.630000000000000000e+02 2.599999999999999645e+00 0.000000000000000000e+00 -5.173410847623415021e-02 2.029597075163977471e-02 0.000000000000000000e+00 0.000000000000000000e+00 7.690000000000000000e+02 0.000000000000000000e+00 0.000000000000000000e+00 1.000000000000000000e+00
0.000000000000000000e+00 1.630000000000000000e+02 2.609999999999999876e+00 0.000000000000000000e+00 -4.053706701037429472e-01 4.212841820810514188e-08 0.000000000000000000e+00 1.000000000000000000e+00 7.690000000000000000e+02 0.000000000000000000e+00 0.000000000000000000e+00 1.000000000000000000e+00
0.000000000000000000e+00 1.630000000000000000e+02 2.619999999999999662e+00 0.000000000000000000e+00 -5.173410847623415021e-02 2.029597075163977471e-02 0.000000000000000000e+00 0.000000000000000000e+00 7.690000000000000000e+02 0.000000000000000000e+00 0.000000000000000000e+00 1.000000000000000000e+00
0.000000000000000000e+00 1.630000000000000000e+02 2.629999999999999893e+00 0.000000000000000000e+00 -6.544671090522377090e-03 1.843163083865068108e-02 0.000000000000000000e+00 0.000000000000000000e+00 7.690000000000000000e+02 0.000000000000000000e+00 0.000000000000000000e+00 1.000000000000000000e+00
0.000000000000000000e+00 1.630000000000000000e+02 2.639999999999999680e+00 0.000000000000000000e+00 -7.701401940588837583e-04 1.813176898679276505e-02 0.000000000000000000e+00 0.000000000000000000e+00 7.690000000000000000e+02 0.000000000000000000e+00 0.000000000000000000e+00 1.000000000000000000e+00
0.000000000000000000e+00 1.630000000000000000e+02 2.649999999999999911e+00 0.000000000000000000e+00 -3.224193722520306369e-05 1.809255468915389742e-02 0.000000000000000000e+00 0.000000000000000000e+00 7.690000000000000000e+02 0.000000000000000000e+00 0.000000000000000000e+00 1.000000000000000000e+00
0.000000000000000000e+00 1.630000000000000000e+02 2.659999999999999698e+00 0.000000000000000000e+00 6.205036931897870973e-05 1.808752928943394012e-02 0.000000000000000000e+00 0.000000000000000000e+00 7.690000000000000000e+02 0.000000000000000000e+00 0.000000000000000000e+00 1.000000000000000000e+00
0.000000000000000000e+00 1.630000000000000000e+02 2.669999999999999929e+00 0.000000000000000000e+00 7.409950887322209415e-05 1.808688688420904966e-02 0.000000000000000000e+00 0.000000000000000000e+00 7.690000000000000000e+02 0.000000000000000000e+00 0.000000000000000000e+00 1.000000000000000000e+00
0.000000000000000000e+00 1.630000000000000000e+02 2.679999999999999716e+00 0.000000000000000000e+00 7.563920780857060237e-05 1.808680479064576907e-02 0.000000000000000000e+00 0.000000000000000000e+00 7.690000000000000000e+02 0.000000000000000000e+00 0.000000000000000000e+00 1.000000000000000000e+00
0.000000000000000000e+00 1.630000000000000000e+02 2.689999999999999947e+00 0.000000000000000000e+00 7.583595819069049667e-05 1.808679430025966761e-02 0.000000000000000000e+00 0.000000000000000000e+00 7.690000000000000000e+02 0.000000000000000000e+00 0.000000000000000000e+00 1.000000000000000000e+00
0.000000000000000000e+00 1.630000000000000000e+02 2.699999999999999734e+00 0.000000000000000000e+00 7.586109993234894672e-05 1.808679295974502388e-02 0.000000000000000000e+00 0.000000000000000000e+00 7.690000000000000000e+02 0.000000000000000000e+00 0.000000000000000000e+00 1.000000000000000000e+00
0.000000000000000000e+00 1.630000000000000000e+02 2.709999999999999964e+00 0.000000000000000000e+00 7.586431266905020092e-05 1.808679278844733951e-02 0.000000000000000000e+00 0.000000000000000000e+00 7.690000000000000000e+02 0.000000000000000000e+00 0.000000000000000000e+00 1.000000000000000000e+00
0.000000000000000000e+00 1.630000000000000000e+02 2.719999999999999751e+00 0.000000000000000000e+00 7.586472320851288275e-05 1.808679276655809909e-02 0.000000000000000000e+00 0.000000000000000000e+00 7.690000000000000000e+02 0.000000000000000000e+00 0.000000000000000000e+00 1.000000000000000000e+00
0.000000000000000000e+00 1.630000000000000000e+02 2.729999999999999982e+00 0.000000000000000000e+00 7.586477566928576403e-05 1.808679276376096157e-02 0.000000000000000000e+00 0.000000000000000000e+00 7.690000000000000000e+02 0.000000000000000000e+00 0.000000000000000000e+00 1.000000000000000000e+00
0.000000000000000000e+00 1.630000000000000000e+02 2.739999999999999769e+00 0.000000000000000000e+00 7.586478237298405658e-05 1.808679276340353914e-02 0.000000000000000000e+00 0.000000000000000000e+00 7.690000000000000000e+02 0.000000000000000000e+00 0.000000000000000000e+00 1.000000000000000000e+00
0.000000000000000000e+00 1.630000000000000000e+02 2.750000000000000000e+00 0.000000000000000000e+00 7.586478322961593356e-05 1.808679276335785346e-02 0.000000000000000000e+00 0.000000000000000000e+00 7.690000000000000000e+02 0.000000000000000000e+00 0.000000000000000000e+00 1.000000000000000000e+00
0.000000000000000000e+00 1.630000000000000000e+02 2.759999999999999787e+00 0.000000000000000000e+00 7.586478333908061697e-05 1.808679276335203867e-02 0.000000000000000000e+00 0.000000000000000000e+00 7.690000000000000000e+02 0.000000000000000000e+00 0.000000000000000000e+00 1.000000000000000000e+00
0.000000000000000000e+00 1.630000000000000000e+02 2.770000000000000018e+00 0.000000000000000000e+00 7.586478335306855972e-05 1.808679276335130315e-02 0.000000000000000000e+00 0.000000000000000000e+00 7.690000000000000000e+02 0.000000000000000000e+00 0.000000000000000000e+00 1.000000000000000000e+00
0.000000000000000000e+00 1.630000000000000000e+02 2.779999999999999805e+00 0.000000000000000000e+00 7.586478335485600253e-05 1.808679276335119213e-02 0.000000000000000000e+00 0.000000000000000000e+00 7.690000000000000000e+02 0.000000000000000000e+00 0.000000000000000000e+00 1.000000000000000000e+00
0.000000000000000000e+00 1.630000000000000000e+02 2.790000000000000036e+00 0.000000000000000000e+00 7.586478335508441682e-05 1.808679276335115049e-02 0.000000000000000000e+00 0.000000000000000000e+00 7.690000000000000000e+02 0.000000000000000000e+00 0.000000000000000000e+00 1.000000000000000000e+00
0.000000000000000000e+00 1.630000000000000000e+02 2.799999999999999822e+00 0.000000000000000000e+00 7.586478335511359541e-05 1.808679276335115049e-02 0.000000000000000000e+00 0.000000000000000000e+00 7.690000000000000000e+02 0.000000000000000000e+00 0.000000000000000000e+00 1.000000000000000000e+00
0.000000000000000000e+00 1.630000000000000000e+02 2.810000000000000053e+00 0.000000000000000000e+00 7.586478335511733591e-05 1.808679276335115049e-02 0.000000000000000000e+00 0.000000000000000000e+00 7.690000000000000000e+02 0.000000000000000000e+00 0.000000000000000000e+00 1.000000000000000000e+00
0.000000000000000000e+00 1.630000000000000000e+02 2.819999999999999840e+00 0.000000000000000000e+00 7.586478335511781025e-05 1.808679276335115049e-02 0.000000000000000000e+00 0.000000000000000000e+00 7.690000000000000000e+02 0.000000000000000000e+00 0.000000000000000000e+00 1.000000000000000000e+00
0.000000000000000000e+00 1.630000000000000000e+02 2.829999999999999627e+00 0.000000000000000000e+00 7.586478335511786446e-05 1.808679276335115049e-02 0.000000000000000000e+00 0.000000000000000000e+00 7.690000000000000000e+02 0.000000000000000000e+00 0.000000000000000000e+00 1.000000000000000000e+00
0.000000000000000000e+00 1.630000000000000000e+02 2.839999999999999858e+00 0.000000000000000000e+00 7.586478335511787801e-05 1.808679276335115049e-02 0.000000000000000000e+00 0.000000000000000000e+00 7.690000000000000000e+02 0.000000000000000000e+00 0.000000000000000000e+00 1.000000000000000000e+00
0.000000000000000000e+00 1.630000000000000000e+02 2.849999999999999645e+00 0.000000000000000000e+00 7.586478335511787801e-05 1.808679276335115049e-02 0.000000000000000000e+00 0.000000000000000000e+00 7.690000000000000000e+02 0.000000000000000000e+00 0.000000000000000000e+00 1.000000000000000000e+00
0.000000000000000000e+00 1.630000000000000000e+02 2.859999999999999876e+00 0.000000000000000000e+00 7.586478335511787801e-05 1.808679276335115049e-02 0.000000000000000000e+00 0.000000000000000000e+00 7.690000000000000000e+02 0.000000000000000000e+00 0.000000000000000000e+00 1.000000000000000000e+00
0.000000000000000000e+00 1.630000000000000000e+02 2.869999999999999662e+00 0.000000000000000000e+00 7.586478335511787801e-05 1.808679276335115049e-02 0.000000000000000000e+00 0.000000000000000000e+00 7.690000000000000000e+02 0.000000000000000000e+00 0.000000000000000000e+00 1.000000000000000000e+00
0.000000000000000000e+00 1.630000000000000000e+02 2.879999999999999893e+00 0.000000000000000000e+00 7.586478335511787801e-05 1.808679276335115049e-02 0.000000000000000000e+00 0.000000000000000000e+00 7.690000000000000000e+02 0.000000000000000000e+00 0.000000000000000000e+00 1.000000000000000000e+00
0.000000000000000000e+00 1.630000000000000000e+02 2.889999999999999680e+00 0.000000000000000000e+00 7.586478335511787801e-05 1.808679276335115049e-02 0.000000000000000000e+00 0.000000000000000000e+00 7.690000000000000000e+02 0.000000000000000000e+00 0.000000000000000000e+00 1.000000000000000000e+00
0.000000000000000000e+00 1.630000000000000000e+02 2.899999999999999911e+00 0.000000000000000000e+00 7.586478335511787801e-05 1.808679276335115049e-02 0.000000000000000000e+00 0.000000000000000000e+00 7.690000000000000000e+02 0.000000000000000000e+00 0.000000000000000000e+00 1.000000000000000000e+00
0.000000000000000000e+00 1.630000000000000000e+02 2.909999999999999698e+00 0.000000000000000000e+00 7.586478335511787801e-05 1.808679276335115049e-02 0.000000000000000000e+00 0.000000000000000000e+00 7.690000000000000000e+02 0.000000000000000000e+00 0.000000000000000000e+00 1.000000000000000000e+00
0.000000000000000000e+00 1.630000000000000000e+02 2.919999999999999929e+00 0.000000000000000000e+00 7.586478335511787801e-05 1.808679276335115049e-02 0.000000000000000000e+00 0.000000000000000000e+00 7.690000000000000000e+02 0.000000000000000000e+00 0.000000000000000000e+00 1.000000000000000000e+00
0.000000000000000000e+00 1.630000000000000000e+02 2.929999999999999716e+00 0.000000000000000000e+00 7.586478335511787801e-05 1.808679276335115049e-02 0.000000000000000000e+00 0.000000000000000000e+00 7.690000000000000000e+02 0.000000000000000000e+00 0.000000000000000000e+00 1.000000000000000000e+00
0.000000000000000000e+00 1.630000000000000000e+02 2.939999999999999947e+00 0.000000000000000000e+00 7.586478335511787801e-05 1.808679276335115049e-02 0.000000000000000000e+00 0.000000000000000000e+00 7.690000000000000000e+02 0.000000000000000000e+00 0.000000000000000000e+00 1.000000000000000000e+00
0.000000000000000000e+00 1.630000000000000000e+02 2.949999999999999734e+00 0.000000000000000000e+00 7.586478335511787801e-05 1.808679276335115049e-02 0.000000000000000000e+00 0.000000000000000000e+00 7.690000000000000000e+02 0.000000000000000000e+00 0.000000000000000000e+00 1.000000000000000000e+00
0.000000000000000000e+00 1.630000000000000000e+02 2.959999999999999964e+00 0.000000000000000000e+00 7.586478335511787801e-05 1.808679276335115049e-02 0.000000000000000000e+00 0.000000000000000000e+00 7.690000000000000000e+02 0.000000000000000000e+00 0.000000000000000000e+00 1.000000000000000000e+00
0.000000000000000000e+00 1.630000000000000000e+02 2.969999999999999751e+00 0.000000000000000000e+00 7.586478335511787801e-05 1.808679276335115049e-02 0.000000000000000000e+00 0.000000000000000000e+00 7.690000000000000000e+02 0.000000000000000000e+00 0.000000000000000000e+00 1.000000000000000000e+00
0.000000000000000000e+00 1.630000000000000000e+02 2.979999999999999982e+00 0.000000000000000000e+00 7.586478335511787801e-05 1.808679276335115049e-02 0.000000000000000000e+00 0.000000000000000000e+00 7.690000000000000000e+02 0.000000000000000000e+00 0.000000000000000000e+00 1.000000000000000000e+00
0.000000000000000000e+00 1.630000000000000000e+02 2.989999999999999769e+00 0.000000000000000000e+00 7.586478335511787801e-05 1.808679276335115049e-02 0.000000000000000000e+00 0.000000000000000000e+00 7.690000000000000000e+02 0.000000000000000000e+00 0.000000000000000000e+00 1.000000000000000000e+00
0.000000000000000000e+00 1.630000000000000000e+02 3.000000000000000000e+00 0.000000000000000000e+00 7.586478335511787801e-05 1.808679276335115049e-02 0.000000000000000000e+00 0.000000000000000000e+00 7.690000000000000000e+02 0.000000000000000000e+00 0.000000000000000000e+00 1.000000000000000000e+00
0.000000000000000000e+00 1.630000000000000000e+02 3.009999999999999787e+00 0.000000000000000000e+00 7.586478335511787801e-05 1.808679276335115049e-02 0.000000000000000000e+00 0.000000000000000000e+00 7.690000000000000000e+02 0.000000000000000000e+00 0.000000000000000000e+00 1.000000000000000000e+00
0.000000000000000000e+00 1.630000000000000000e+02 3.020000000000000018e+00 0.000000000000000000e+00 7.586478335511787801e-05 1.808679276335115049e-02 0.000000000000000000e+00 0.000000000000000000e+00 7.690000000000000000e+02 0.000000000000000000e+00 0.000000000000000000e+00 1.000000000000000000e+00
0.000000000000000000e+00 1.630000000000000000e+02 3.029999999999999805e+00 0.000000000000000000e+00 7.586478335511787801e-05 1.808679276335115049e-02 0.000000000000000000e+00 0.000000000000000000e+00 7.690000000000000000e+02 0.000000000000000000e+00 0.000000000000000000e+00 1.000000000000000000e+00
0.000000000000000000e+00 1.630000000000000000e+02 3.040000000000000036e+00 0.000000000000000000e+00 7.586478335511787801e-05 1.808679276335115049e-02 0.000000000000000000e+00 0.000000000000000000e+00 7.690000000000000000e+02 0.000000000000000000e+00 0.000000000000000000e+00 1.000000000000000000e+00
0.000000000000000000e+00 1.630000000000000000e+02 3.049999999999999822e+00 0.000000000000000000e+00 7.586478335511787801e-05 1.808679276335115049e-02 0.000000000000000000e+00 0.000000000000000000e+00 7.690000000000000000e+02 0.000000000000000000e+00 0.000000000000000000e+00 1.000000000000000000e+00
0.000000000000000000e+00 1.630000000000000000e+02 3.060000000000000053e+00 0.000000000000000000e+00 7.586478335511787801e-05 1.808679276335115049e-02 0.000000000000000000e+00 0.000000000000000000e+00 7.690000000000000000e+02 0.000000000000000000e+00 0.000000000000000000e+00 1.000000000000000000e+00
0.000000000000000000e+00 1.630000000000000000e+02 3.069999999999999840e+00 0.000000000000000000e+00 7.586478335511787801e-05 1.808679276335115049e-02 0.000000000000000000e+00 0.000000000000000000e+00 7.690000000000000000e+02 0.000000000000000000e+00 0.000000000000000000e+00 1.000000000000000000e+00
0.000000000000000000e+00 1.630000000000000000e+02 3.080000000000000071e+00 0.000000000000000000e+00 7.586478335511787801e-05 1.808679276335115049e-02 0.000000000000000000e+00 0.000000000000000000e+00 7.690000000000000000e+02 0.000000000000000000e+00 0.000000000000000000e+00 1.000000000000000000e+00
0.000000000000000000e+00 1.630000000000000000e+02 3.089999999999999858e+00 0.000000000000000000e+00 7.586478335511787801e-05 1.808679276335115049e-02 0.000000000000000000e+00 0.000000000000000000e+00 7.690000000000000000e+02 0.000000000000000000e+00 0.000000000000000000e+00 1.000000000000000000e+00
0.000000000000000000e+00 1.630000000000000000e+02 3.099999999999999645e+00 0.000000000000000000e+00 7.586478335511787801e-05 1.808679276335115049e-02 0.000000000000000000e+00 0.000000000000000000e+00 7.690000000000000000e+02 0.000000000000000000e+00 0.000000000000000000e+00 1.000000000000000000e+00
0.000000000000000000e+00 1.630000000000000000e+02 3.109999999999999876e+00 0.000000000000000000e+00 7.586478335511787801e-05 1.808679276335115049e-02 0.000000000000000000e+00 0.000000000000000000e+00 7.690000000000000000e+02 0.000000000000000000e+00 0.000000000000000000e+00 1.000000000000000000e+00
0.000000000000000000e+00 1.630000000000000000e+02 3.119999999999999662e+00 0.000000000000000000e+00 7.586478335511787801e-05 1.808679276335115049e-02 0.000000000000000000e+00 0.000000000000000000e+00 7.690000000000000000e+02 0.000000000000000000e+00 0.000000000000000000e+00 1.000000000000000000e+00
0.000000000000000000e+00 1.630000000000000000e+02 3.129999999999999893e+00 0.000000000000000000e+00 7.586478335511787801e-05 1.808679276335115049e-02 0.000000000000000000e+00 0.000000000000000000e+00 7.690000000000000000e+02 0.000000000000000000e+00 0.000000000000000000e+00 1.000000000000000000e+00
0.000000000000000000e+00 1.630000000000000000e+02 3.139999999999999680e+00 0.000000000000000000e+00 7.586478335511787801e-05 1.808679276335115049e-02 0.000000000000000000e+00 0.000000000000000000e+00 7.690000000000000000e+02 0.000000000000000000e+00 0.000000000000000000e+00 1.000000000000000000e+00
0.000000000000000000e+00 1.630000000000000000e+02 3.149999999999999911e+00 0.000000000000000000e+00 7.586478335511787801e-05 1.808679276335115049e-02 0.000000000000000000e+00 0.000000000000000000e+00 7.690000000000000000e+02 0.000000000000000000e+00 0.000000000000000000e+00 1.000000000000000000e+00
0.000000000000000000e+00 1.630000000000000000e+02 3.159999999999999698e+00 0.000000000000000000e+00 7.586478335511787801e-05 1.808679276335115049e-02 0.000000000000000000e+00 0.000000000000000000e+00 7.690000000000000000e+02 0.000000000000000000e+00 0.000000000000000000e+00 1.000000000000000000e+00
0.000000000000000000e+00 1.630000000000000000e+02 3.169999999999999929e+00 0.000000000000000000e+00 7.586478335511787801e-05 1.808679276335115049e-02 0.000000000000000000e+00 0.000000000000000000e+00 7.690000000000000000e+02 0.000000000000000000e+00 0.000000000000000000e+00 1.000000000000000000e+00
0.000000000000000000e+00 1.630000000000000000e+02 3.179999999999999716e+00 0.000000000000000000e+00 7.586478335511787801e-05 1.808679276335115049e-02 0.000000000000000000e+00 0.000000000000000000e+00 7.690000000000000000e+02 0.000000000000000000e+00 0.000000000000000000e+00 1.000000000000000000e+00
0.000000000000000000e+00 1.630000000000000000e+02 3.189999999999999947e+00 0.000000000000000000e+00 7.586478335511787801e-05 1.808679276335115049e-02 0.000000000000000000e+00 0.000000000000000000e+00 7.690000000000000000e+02 0.000000000000000000e+00 0.000000000000000000e+00 1.000000000000000000e+00
0.000000000000000000e+00 1.630000000000000000e+02 3.199999999999999734e+00 0.000000000000000000e+00 7.586478335511787801e-05 1.808679276335115049e-02 0.000000000000000000e+00 0.000000000000000000e+00 7.690000000000000000e+02 0.000000000000000000e+00 0.000000000000000000e+00 1.000000000000000000e+00
0.000000000000000000e+00 1.630000000000000000e+02 3.209999999999999964e+00 0.000000000000000000e+00 7.586478335511787801e-05 1.808679276335115049e-02 0.000000000000000000e+00 0.000000000000000000e+00 7.690000000000000000e+02 0.000000000000000000e+00 0.000000000000000000e+00 1.000000000000000000e+00
0.000000000000000000e+00 1.630000000000000000e+02 3.219999999999999751e+00 0.000000000000000000e+00 7.586478335511787801e-05 1.808679276335115049e-02 0.000000000000000000e+00 0.000000000000000000e+00 7.690000000000000000e+02 0.000000000000000000e+00 0.000000000000000000e+00 1.000000000000000000e+00
0.000000000000000000e+00 1.630000000000000000e+02 3.229999999999999982e+00 0.000000000000000000e+00 7.586478335511787801e-05 1.808679276335115049e-02 0.000000000000000000e+00 0.000000000000000000e+00 7.690000000000000000e+02 0.000000000000000000e+00 0.000000000000000000e+00 1.000000000000000000e+00
0.000000000000000000e+00 1.630000000000000000e+02 3.239999999999999769e+00 0.000000000000000000e+00 7.586478335511787801e-05 1.808679276335115049e-02 0.000000000000000000e+00 0.000000000000000000e+00 7.690000000000000000e+02 0.000000000000000000e+00 0.000000000000000000e+00 1.000000000000000000e+00
0.000000000000000000e+00 1.630000000000000000e+02 3.250000000000000000e+00 0.000000000000000000e+00 7.586478335511787801e-05 1.808679276335115049e-02 0.000000000000000000e+00 0.000000000000000000e+00 7.690000000000000000e+02 0.000000000000000000e+00 0.000000000000000000e+00 1.000000000000000000e+00
0.000000000000000000e+00 1.630000000000000000e+02 3.259999999999999787e+00 0.000000000000000000e+00 7.586478335511787801e-05 1.808679276335115049e-02 0.000000000000000000e+00 0.000000000000000000e+00 7.690000000000000000e+02 0.000000000000000000e+00 0.000000000000000000e+00 1.000000000000000000e+00
0.000000000000000000e+00 1.630000000000000000e+02 3.270000000000000018e+00 0.000000000000000000e+00 7.586478335511787801e-05 1.808679276335115049e-02 0.000000000000000000e+00 0.000000000000000000e+00 7.690000000000000000e+02 0.000000000000000000e+00 0.000000000000000000e+00 1.000000000000000000e+00
0.000000000000000000e+00 1.630000000000000000e+02 3.279999999999999805e+00 0.000000000000000000e+00 7.586478335511787801e-05 1.808679276335115049e-02 0.000000000000000000e+00 0.000000000000000000e+00 7.690000000000000000e+02 0.000000000000000000e+00 0.000000000000000000e+00 1.000000000000000000e+00
0.000000000000000000e+00 1.630000000000000000e+02 3.290000000000000036e+00 0.000000000000000000e+00 7.586478335511787801e-05 1.808679276335115049e-02 0.000000000000000000e+00 0.000000000000000000e+00 7.690000000000000000e+02 0.000000000000000000e+00 0.000000000000000000e+00 1.000000000000000000e+00
0.000000000000000000e+00 1.630000000000000000e+02 3.299999999999999822e+00 0.000000000000000000e+00 7.586478335511787801e-05 1.808679276335115049e-02 0.000000000000000000e+00 0.000000000000000000e+00 7.690000000000000000e+02 0.000000000000000000e+00 0.000000000000000000e+00 1.000000000000000000e+00
0.000000000000000000e+00 1.630000000000000000e+02 3.310000000000000053e+00 0.000000000000000000e+00 7.586478335511787801e-05 1.808679276335115049e-02 0.000000000000000000e+00 0.000000000000000000e+00 7.690000000000000000e+02 0.000000000000000000e+00 0.000000000000000000e+00 1.000000000000000000e+00
0.000000000000000000e+00 1.630000000000000000e+02 3.319999999999999840e+00 0.000000000000000000e+00 7.586478335511787801e-05 1.808679276335115049e-02 0.000000000000000000e+00 0.000000000000000000e+00 7.690000000000000000e+02 0.000000000000000000e+00 0.000000000000000000e+00 1.000000000000000000e+00
0.000000000000000000e+00 1.630000000000000000e+02 3.330000000000000071e+00 0.000000000000000000e+00 7.586478335511789156e-05 1.808679276335115049e-02 0.000000000000000000e+00 0.000000000000000000e+00 7.690000000000000000e+02 0.000000000000000000e+00 0.000000000000000000e+00 1.000000000000000000e+00
0.000000000000000000e+00 1.630000000000000000e+02 3.339999999999999858e+00 0.000000000000000000e+00 7.586478335511804064e-05 1.808679276335115049e-02 0.000000000000000000e+00 0.000000000000000000e+00 7.690000000000000000e+02 0.000000000000000000e+00 0.000000000000000000e+00 1.000000000000000000e+00
0.000000000000000000e+00 1.630000000000000000e+02 3.349999999999999645e+00 0.000000000000000000e+00 7.586478335511911129e-05 1.808679276335115049e-02 0.000000000000000000e+00 0.000000000000000000e+00 7.690000000000000000e+02 0.000000000000000000e+00 0.000000000000000000e+00 1.000000000000000000e+00
0.000000000000000000e+00 1.630000000000000000e+02 3.359999999999999876e+00 0.000000000000000000e+00 7.586478335512752741e-05 1.808679276335115049e-02 0.000000000000000000e+00 0.000000000000000000e+00 7.690000000000000000e+02 0.000000000000000000e+00 0.000000000000000000e+00 1.000000000000000000e+00
0.000000000000000000e+00 1.630000000000000000e+02 3.369999999999999662e+00 0.000000000000000000e+00 7.586478335519341980e-05 1.808679276335115049e-02 0.000000000000000000e+00 0.000000000000000000e+00 7.690000000000000000e+02 0.000000000000000000e+00 0.000000000000000000e+00 1.000000000000000000e+00
0.000000000000000000e+00 1.630000000000000000e+02 3.379999999999999893e+00 0.000000000000000000e+00 7.586478335570905280e-05 1.808679276335117825e-02 0.000000000000000000e+00 0.000000000000000000e+00 7.690000000000000000e+02 0.000000000000000000e+00 0.000000000000000000e+00 1.000000000000000000e+00
0.000000000000000000e+00 1.630000000000000000e+02 3.389999999999999680e+00 0.000000000000000000e+00 7.586478335974419578e-05 1.808679276335092845e-02 0.000000000000000000e+00 0.000000000000000000e+00 7.690000000000000000e+02 0.000000000000000000e+00 0.000000000000000000e+00 1.000000000000000000e+00
0.000000000000000000e+00 1.630000000000000000e+02 3.399999999999999911e+00 0.000000000000000000e+00 7.586478339132176024e-05 1.808679276334924924e-02 0.000000000000000000e+00 0.000000000000000000e+00 7.690000000000000000e+02 0.000000000000000000e+00 0.000000000000000000e+00 1.000000000000000000e+00
0.000000000000000000e+00 1.630000000000000000e+02 3.409999999999999698e+00 0.000000000000000000e+00 7.586478363843664305e-05 1.808679276333605146e-02 0.000000000000000000e+00 0.000000000000000000e+00 7.690000000000000000e+02 0.000000000000000000e+00 0.000000000000000000e+00 1.000000000000000000e+00
0.000000000000000000e+00 1.630000000000000000e+02 3.419999999999999929e+00 0.000000000000000000e+00 7.586478557227036500e-05 1.808679276323292562e-02 0.000000000000000000e+00 0.000000000000000000e+00 7.690000000000000000e+02 0.000000000000000000e+00 0.000000000000000000e+00 1.000000000000000000e+00
0.000000000000000000e+00 1.630000000000000000e+02 3.429999999999999716e+00 0.000000000000000000e+00 7.586480070576940606e-05 1.808679276242608491e-02 0.000000000000000000e+00 0.000000000000000000e+00 7.690000000000000000e+02 0.000000000000000000e+00 0.000000000000000000e+00 1.000000000000000000e+00
0.000000000000000000e+00 1.630000000000000000e+02 3.439999999999999947e+00 0.000000000000000000e+00 7.586491913518296655e-05 1.808679275611162207e-02 0.000000000000000000e+00 0.000000000000000000e+00 7.690000000000000000e+02 0.000000000000000000e+00 0.000000000000000000e+00 1.000000000000000000e+00
0.000000000000000000e+00 1.630000000000000000e+02 3.449999999999999734e+00 0.000000000000000000e+00 7.586584592190635454e-05 1.808679270669695527e-02 0.000000000000000000e+00 0.000000000000000000e+00 7.690000000000000000e+02 0.000000000000000000e+00 0.000000000000000000e+00 1.000000000000000000e+00
0.000000000000000000e+00 1.630000000000000000e+02 3.459999999999999964e+00 0.000000000000000000e+00 7.587309862716631295e-05 1.808679231999502091e-02 0.000000000000000000e+00 0.000000000000000000e+00 7.690000000000000000e+02 0.000000000000000000e+00 0.000000000000000000e+00 1.000000000000000000e+00
0.000000000000000000e+00 1.630000000000000000e+02 3.469999999999999751e+00 0.000000000000000000e+00 7.592985573455703779e-05 1.808678929380284905e-02 0.000000000000000000e+00 0.000000000000000000e+00 7.690000000000000000e+02 0.000000000000000000e+00 0.000000000000000000e+00 1.000000000000000000e+00
0.000000000000000000e+00 1.630000000000000000e+02 3.479999999999999982e+00 0.000000000000000000e+00 7.637401679224546170e-05 1.808676561189648258e-02 0.000000000000000000e+00 0.000000000000000000e+00 7.690000000000000000e+02 0.000000000000000000e+00 0.000000000000000000e+00 1.000000000000000000e+00
0.000000000000000000e+00 1.630000000000000000e+02 3.489999999999999769e+00 0.000000000000000000e+00 7.984986421006329423e-05 1.808658028591950129e-02 0.000000000000000000e+00 0.000000000000000000e+00 7.690000000000000000e+02 0.000000000000000000e+00 0.000000000000000000e+00 1.000000000000000000e+00
0.000000000000000000e+00 1.630000000000000000e+02 3.500000000000000000e+00 0.000000000000000000e+00 1.070506173216213114e-04 1.808513000564707096e-02 0.000000000000000000e+00 0.000000000000000000e+00 7.690000000000000000e+02 0.000000000000000000e+00 0.000000000000000000e+00 1.000000000000000000e+00
0.000000000000000000e+00 1.630000000000000000e+02 3.509999999999999787e+00 0.000000000000000000e+00 3.199140951725665781e-04 1.807378156303778016e-02 0.000000000000000000e+00 0.000000000000000000e+00 7.690000000000000000e+02 0.000000000000000000e+00 0.000000000000000000e+00 1.000000000000000000e+00
0.000000000000000000e+00 1.630000000000000000e+02 3.520000000000000018e+00 0.000000000000000000e+00 1.985708421416665544e-03 1.798503043238498800e-02 0.000000000000000000e+00 0.000000000000000000e+00 7.690000000000000000e+02 0.000000000000000000e+00 0.000000000000000000e+00 1.000000000000000000e+00
0.000000000000000000e+00 1.630000000000000000e+02 3.529999999999999805e+00 0.000000000000000000e+00 1.502162592761327985e-02 1.729418529420292949e-02 0.000000000000000000e+00 0.000000000000000000e+00 7.690000000000000000e+02 0.000000000000000000e+00 0.000000000000000000e+00 1.000000000000000000e+00
0.000000000000000000e+00 1.630000000000000000e+02 3.540000000000000036e+00 0.000000000000000000e+00 1.170361078784070558e-01 1.218270022941767006e-02 0.000000000000000000e+00 0.000000000000000000e+00 7.690000000000000000e+02 0.000000000000000000e+00 0.000000000000000000e+00 1.000000000000000000e+00
0.000000000000000000e+00 1.630000000000000000e+02 3.549999999999999822e+00 0.000000000000000000e+00 9.153653795036600371e-01 3.607157700548056923e-34 0.000000000000000000e+00 1.000000000000000000e+00 7.690000000000000000e+02 0.000000000000000000e+00 0.000000000000000000e+00 1.000000000000000000e+00
0.000000000000000000e+00 1.630000000000000000e+02 3.560000000000000053e+00 0.000000000000000000e+00 1.170361078784070696e-01 1.218270022941771169e-02 0.000000000000000000e+00 0.000000000000000000e+00 7.690000000000000000e+02 0.000000000000000000e+00 0.000000000000000000e+00 1.000000000000000000e+00
0.000000000000000000e+00 1.630000000000000000e+02 3.569999999999999840e+00 0.000000000000000000e+00 1.502162592761328332e-02 1.729418529420294337e-02 0.000000000000000000e+00 0.000000000000000000e+00 7.690000000000000000e+02 0.000000000000000000e+00 0.000000000000000000e+00 1.000000000000000000e+00
0.000000000000000000e+00 1.630000000000000000e+02 3.580000000000000071e+00 0.000000000000000000e+00 1.985708421416667278e-03 1.798503043238498800e-02 0.000000000000000000e+00 0.000000000000000000e+00 7.690000000000000000e+02 0.000000000000000000e+00 0.000000000000000000e+00 1.000000000000000000e+00
0.000000000000000000e+00 1.630000000000000000e+02 3.589999999999999858e+00 0.000000000000000000e+00 3.199140951725667407e-04 1.807378156303778016e-02 0.000000000000000000e+00 0.000000000000000000e+00 7.690000000000000000e+02 0.000000000000000000e+00 0.000000000000000000e+00 1.000000000000000000e+00
0.000000000000000000e+00 1.630000000000000000e+02 3.599999999999999645e+00 0.000000000000000000e+00 1.070506173216213385e-04 1.808513000564711259e-02 0.000000000000000000e+00 0.000000000000000000e+00 7.690000000000000000e+02 0.000000000000000000e+00 0.000000000000000000e+00 1.000000000000000000e+00
0.000000000000000000e+00 1.630000000000000000e+02 3.609999999999999876e+00 0.000000000000000000e+00 7.984986421006329423e-05 1.808658028591950129e-02 0.000000000000000000e+00 0.000000000000000000e+00 7.690000000000000000e+02 0.000000000000000000e+00 0.000000000000000000e+00 1.000000000000000000e+00
0.000000000000000000e+00 1.630000000000000000e+02 3.619999999999999662e+00 0.000000000000000000e+00 7.637401679224546170e-05 1.808676561189648258e-02 0.000000000000000000e+00 0.000000000000000000e+00 7.690000000000000000e+02 0.000000000000000000e+00 0.000000000000000000e+00 1.000000000000000000e+00
0.000000000000000000e+00 1.630000000000000000e+02 3.629999999999999893e+00 0.000000000000000000e+00 7.592985573455705134e-05 1.808678929380282130e-02 0.000000000000000000e+00 0.000000000000000000e+00 7.690000000000000000e+02 0.000000000000000000e+00 0.000000000000000000e+00 1.000000000000000000e+00
0.000000000000000000e+00 1.630000000000000000e+02 3.639999999999999680e+00 0.000000000000000000e+00 7.587309862716631295e-05 1.808679231999502091e-02 0.000000000000000000e+00 0.000000000000000000e+00 7.690000000000000000e+02 0.000000000000000000e+00 0.000000000000000000e+00 1.000000000000000000e+00
0.000000000000000000e+00 1.630000000000000000e+02 3.649999999999999911e+00 0.000000000000000000e+00 7.586584592190635454e-05 1.808679270669695527e-02 0.000000000000000000e+00 0.000000000000000000e+00 7.690000000000000000e+02 0.000000000000000000e+00 0.000000000000000000e+00 1.000000000000000000e+00
0.000000000000000000e+00 1.630000000000000000e+02 3.659999999999999698e+00 0.000000000000000000e+00 7.586491913518296655e-05 1.808679275611162207e-02 0.000000000000000000e+00 0.000000000000000000e+00 7.690000000000000000e+02 0.000000000000000000e+00 0.000000000000000000e+00 1.000000000000000000e+00
0.000000000000000000e+00 1.630000000000000000e+02 3.669999999999999929e+00 0.000000000000000000e+00 7.586480070576940606e-05 1.808679276242608491e-02 0.000000000000000000e+00 0.000000000000000000e+00 7.690000000000000000e+02 0.000000000000000000e+00 0.000000000000000000e+00 1.000000000000000000e+00
0.000000000000000000e+00 1.630000000000000000e+02 3.679999999999999716e+00 0.000000000000000000e+00 7.586478557227036500e-05 1.808679276323292562e-02 0.000000000000000000e+00 0.000000000000000000e+00 7.690000000000000000e+02 0.000000000000000000e+00 0.000000000000000000e+00 1.000000000000000000e+00
0.000000000000000000e+00 1.630000000000000000e+02 3.689999999999999947e+00 0.000000000000000000e+00 7.586478363843664305e-05 1.808679276333605146e-02 0.000000000000000000e+00 0.000000000000000000e+00 7.690000000000000000e+02 0.000000000000000000e+00 0.000000000000000000e+00 1.000000000000000000e+00
0.000000000000000000e+00 1.630000000000000000e+02 3.699999999999999734e+00 0.000000000000000000e+00 7.586478339132176024e-05 1.808679276334924924e-02 0.000000000000000000e+00 0.000000000000000000e+00 7.690000000000000000e+02 0.000000000000000000e+00 0.000000000000000000e+00 1.000000000000000000e+00
0.000000000000000000e+00 1.630000000000000000e+02 3.709999999999999964e+00 0.000000000000000000e+00 7.586478335974419578e-05 1.808679276335092845e-02 0.000000000000000000e+00 0.000000000000000000e+00 7.690000000000000000e+02 0.000000000000000000e+00 0.000000000000000000e+00 1.000000000000000000e+00
0.000000000000000000e+00 1.630000000000000000e+02 3.719999999999999751e+00 0.000000000000000000e+00 7.586478335570905280e-05 1.808679276335117825e-02 0.000000000000000000e+00 0.000000000000000000e+00 7.690000000000000000e+02 0.000000000000000000e+00 0.000000000000000000e+00 1.000000000000000000e+00
0.000000000000000000e+00 1.630000000000000000e+02 3.729999999999999982e+00 0.000000000000000000e+00 7.586478335519341980e-05 1.808679276335115049e-02 0.000000000000000000e+00 0.000000000000000000e+00 7.690000000000000000e+02 0.000000000000000000e+00 0.000000000000000000e+00 1.000000000000000000e+00
0.000000000000000000e+00 1.630000000000000000e+02 3.739999999999999769e+00 0.000000000000000000e+00 7.586478335512752741e-05 1.808679276335115049e-02 0.000000000000000000e+00 0.000000000000000000e+00 7.690000000000000000e+02 0.000000000000000000e+00 0.000000000000000000e+00 1.000000000000000000e+00
0.000000000000000000e+00 1.630000000000000000e+02 3.750000000000000000e+00 0.000000000000000000e+00 7.586478335511911129e-05 1.808679276335115049e-02 0.000000000000000000e+00 0.000000000000000000e+00 7.690000000000000000e+02 0.000000000000000000e+00 0.000000000000000000e+00 1.000000000000000000e+00
0.000000000000000000e+00 1.630000000000000000e+02 3.759999999999999787e+00 0.000000000000000000e+00 7.586478335511804064e-05 1.808679276335115049e-02 0.000000000000000000e+00 0.000000000000000000e+00 7.690000000000000000e+02 0.000000000000000000e+00 0.000000000000000000e+00 1.000000000000000000e+00
0.000000000000000000e+00 1.630000000000000000e+02 3.770000000000000018e+00 0.000000000000000000e+00 7.586478335511789156e-05 1.808679276335115049e-02 0.000000000000000000e+00 0.000000000000000000e+00 7.690000000000000000e+02 0.000000000000000000e+00 0.000000000000000000e+00 1.000000000000000000e+00
0.000000000000000000e+00 1.630000000000000000e+02 3.779999999999999805e+00 0.000000000000000000e+00 7.586478335511787801e-05 1.808679276335115049e-02 0.000000000000000000e+00 0.000000000000000000e+00 7.690000000000000000e+02 0.000000000000000000e+00 0.000000000000000000e+00 1.000000000000000000e+00
0.000000000000000000e+00 1.630000000000000000e+02 3.790000000000000036e+00 0.000000000000000000e+00 7.586478335511787801e-05 1.808679276335115049e-02 0.000000000000000000e+00 0.000000000000000000e+00 7.690000000000000000e+02 0.000000000000000000e+00 0.000000000000000000e+00 1.000000000000000000e+00
0.000000000000000000e+00 1.630000000000000000e+02 3.799999999999999822e+00 0.000000000000000000e+00 7.586478335511787801e-05 1.808679276335115049e-02 0.000000000000000000e+00 0.000000000000000000e+00 7.690000000000000000e+02 0.000000000000000000e+00 0.000000000000000000e+00 1.000000000000000000e+00
0.000000000000000000e+00 1.630000000000000000e+02 3.810000000000000053e+00 0.000000000000000000e+00 7.586478335511787801e-05 1.808679276335115049e-02 0.000000000000000000e+00 0.000000000000000000e+00 7.690000000000000000e+02 0.000000000000000000e+00 0.000000000000000000e+00 1.000000000000000000e+00
0.000000000000000000e+00 1.630000000000000000e+02 3.819999999999999840e+00 0.000000000000000000e+00 7.586478335511787801e-05 1.808679276335115049e-02 0.000000000000000000e+00 0.000000000000000000e+00 7.690000000000000000e+02 0.000000000000000000e+00 0.000000000000000000e+00 1.000000000000000000e+00
0.000000000000000000e+00 1.630000000000000000e+02 3.830000000000000071e+00 0.000000000000000000e+00 7.586478335511787801e-05 1.808679276335115049e-02 0.000000000000000000e+00 0.000000000000000000e+00 7.690000000000000000e+02 0.000000000000000000e+00 0.000000000000000000e+00 1.000000000000000000e+00
0.000000000000000000e+00 1.630000000000000000e+02 3.839999999999999858e+00 0.000000000000000000e+00 7.586478335511787801e-05 1.808679276335115049e-02 0.000000000000000000e+00 0.000000000000000000e+00 7.690000000000000000e+02 0.000000000000000000e+00 0.000000000000000000e+00 1.000000000000000000e+00
0.000000000000000000e+00 1.630000000000000000e+02 3.849999999999999645e+00 0.000000000000000000e+00 7.586478335511787801e-05 1.808679276335115049e-02 0.000000000000000000e+00 0.000000000000000000e+00 7.690000000000000000e+02 0.000000000000000000e+00 0.000000000000000000e+00 1.000000000000000000e+00
0.000000000000000000e+00 1.630000000000000000e+02 3.859999999999999876e+00 0.000000000000000000e+00 7.586478335511787801e-05 1.808679276335115049e-02 0.000000000000000000e+00 0.000000000000000000e+00 7.690000000000000000e+02 0.000000000000000000e+00 0.000000000000000000e+00 1.000000000000000000e+00
0.000000000000000000e+00 1.630000000000000000e+02 3.869999999999999662e+00 0.000000000000000000e+00 7.586478335511787801e-05 1.808679276335115049e-02 0.000000000000000000e+00 0.000000000000000000e+00 7.690000000000000000e+02 0.000000000000000000e+00 0.000000000000000000e+00 1.000000000000000000e+00
0.000000000000000000e+00 1.630000000000000000e+02 3.879999999999999893e+00 0.000000000000000000e+00 7.586478335511787801e-05 1.808679276335115049e-02 0.000000000000000000e+00 0.000000000000000000e+00 7.690000000000000000e+02 0.000000000000000000e+00 0.000000000000000000e+00 1.000000000000000000e+00
0.000000000000000000e+00 1.630000000000000000e+02 3.889999999999999680e+00 0.000000000000000000e+00 7.586478335511787801e-05 1.808679276335115049e-02 0.000000000000000000e+00 0.000000000000000000e+00 7.690000000000000000e+02 0.000000000000000000e+00 0.000000000000000000e+00 1.000000000000000000e+00
0.000000000000000000e+00 1.630000000000000000e+02 3.899999999999999911e+00 0.000000000000000000e+00 7.586478335511787801e-05 1.808679276335115049e-02 0.000000000000000000e+00 0.000000000000000000e+00 7.690000000000000000e+02 0.000000000000000000e+00 0.000000000000000000e+00 1.000000000000000000e+00
0.000000000000000000e+00 1.630000000000000000e+02 3.909999999999999698e+00 0.000000000000000000e+00 7.586478335511787801e-05 1.808679276335115049e-02 0.000000000000000000e+00 0.000000000000000000e+00 7.690000000000000000e+02 0.000000000000000000e+00 0.000000000000000000e+00 1.000000000000000000e+00
0.000000000000000000e+00 1.630000000000000000e+02 3.919999999999999929e+00 0.000000000000000000e+00 7.586478335511787801e-05 1.808679276335115049e-02 0.000000000000000000e+00 0.000000000000000000e+00 7.690000000000000000e+02 0.000000000000000000e+00 0.000000000000000000e+00 1.000000000000000000e+00
0.000000000000000000e+00 1.630000000000000000e+02 3.929999999999999716e+00 0.000000000000000000e+00 7.586478335511787801e-05 1.808679276335115049e-02 0.000000000000000000e+00 0.000000000000000000e+00 7.690000000000000000e+02 0.000000000000000000e+00 0.000000000000000000e+00 1.000000000000000000e+00
0.000000000000000000e+00 1.630000000000000000e+02 3.939999999999999947e+00 0.000000000000000000e+00 7.586478335511787801e-05 1.808679276335115049e-02 0.000000000000000000e+00 0.000000000000000000e+00 7.690000000000000000e+02 0.000000000000000000e+00 0.000000000000000000e+00 1.000000000000000000e+00
0.000000000000000000e+00 1.630000000000000000e+02 3.949999999999999734e+00 0.000000000000000000e+00 7.586478335511787801e-05 1.808679276335115049e-02 0.000000000000000000e+00 0.000000000000000000e+00 7.690000000000000000e+02 0.000000000000000000e+00 0.000000000000000000e+00 1.000000000000000000e+00
0.000000000000000000e+00 1.630000000000000000e+02 3.959999999999999964e+00 0.000000000000000000e+00 7.586478335511787801e-05 1.808679276335115049e-02 0.000000000000000000e+00 0.000000000000000000e+00 7.690000000000000000e+02 0.000000000000000000e+00 0.000000000000000000e+00 1.000000000000000000e+00
0.000000000000000000e+00 1.630000000000000000e+02 3.969999999999999751e+00 0.000000000000000000e+00 7.586478335511787801e-05 1.808679276335115049e-02 0.000000000000000000e+00 0.000000000000000000e+00 7.690000000000000000e+02 0.000000000000000000e+00 0.000000000000000000e+00 1.000000000000000000e+00
0.000000000000000000e+00 1.630000000000000000e+02 3.979999999999999982e+00 0.000000000000000000e+00 7.586478335511787801e-05 1.808679276335115049e-02 0.000000000000000000e+00 0.000000000000000000e+00 7.690000000000000000e+02 0.000000000000000000e+00 0.000000000000000000e+00 1.000000000000000000e+00
0.000000000000000000e+00 1.630000000000000000e+02 3.989999999999999769e+00 0.000000000000000000e+00 7.586478335511787801e-05 1.808679276335115049e-02 0.000000000000000000e+00 0.000000000000000000e+00 7.690000000000000000e+02 0.000000000000000000e+00 0.000000000000000000e+00 1.000000000000000000e+00
0.000000000000000000e+00 1.630000000000000000e+02 4.000000000000000000e+00 0.000000000000000000e+00 7.586478335511787801e-05 1.808679276335115049e-02 0.000000000000000000e+00 0.000000000000000000e+00 7.690000000000000000e+02 0.000000000000000000e+00 0.000000000000000000e+00 1.000000000000000000e+00
0.000000000000000000e+00 1.630000000000000000e+02 4.009999999999999787e+00 0.000000000000000000e+00 7.586478335511787801e-05 1.808679276335115049e-02 0.000000000000000000e+00 0.000000000000000000e+00 7.690000000000000000e+02 0.000000000000000000e+00 0.000000000000000000e+00 1.000000000000000000e+00
0.000000000000000000e+00 1.630000000000000000e+02 4.019999999999999574e+00 0.000000000000000000e+00 7.586478335511787801e-05 1.808679276335115049e-02 0.000000000000000000e+00 0.000000000000000000e+00 7.690000000000000000e+02 0.000000000000000000e+00 0.000000000000000000e+00 1.000000000000000000e+00
0.000000000000000000e+00 1.630000000000000000e+02 4.030000000000000249e+00 0.000000000000000000e+00 7.586478335511787801e-05 1.808679276335115049e-02 0.000000000000000000e+00 0.000000000000000000e+00 7.690000000000000000e+02 0.000000000000000000e+00 0.000000000000000000e+00 1.000000000000000000e+00
0.000000000000000000e+00 1.630000000000000000e+02 4.040000000000000036e+00 0.000000000000000000e+00 7.586478335511787801e-05 1.808679276335115049e-02 0.000000000000000000e+00 0.000000000000000000e+00 7.690000000000000000e+02 0.000000000000000000e+00 0.000000000000000000e+00 1.000000000000000000e+00
0.000000000000000000e+00 1.630000000000000000e+02 4.049999999999999822e+00 0.000000000000000000e+00 7.586478335511787801e-05 1.808679276335115049e-02 0.000000000000000000e+00 0.000000000000000000e+00 7.690000000000000000e+02 0.000000000000000000e+00 0.000000000000000000e+00 1.000000000000000000e+00
0.000000000000000000e+00 1.630000000000000000e+02 4.059999999999999609e+00 0.000000000000000000e+00 7.586478335511787801e-05 1.808679276335115049e-02 0.000000000000000000e+00 0.000000000000000000e+00 7.690000000000000000e+02 0.000000000000000000e+00 0.000000000000000000e+00 1.000000000000000000e+00
0.000000000000000000e+00 1.630000000000000000e+02 4.070000000000000284e+00 0.000000000000000000e+00 7.586478335511787801e-05 1.808679276335115049e-02 0.000000000000000000e+00 0.000000000000000000e+00 7.690000000000000000e+02 0.000000000000000000e+00 0.000000000000000000e+00 1.000000000000000000e+00
0.000000000000000000e+00 1.630000000000000000e+02 4.080000000000000071e+00 0.000000000000000000e+00 7.586478335511787801e-05 1.808679276335115049e-02 0.000000000000000000e+00 0.000000000000000000e+00 7.690000000000000000e+02 0.000000000000000000e+00 0.000000000000000000e+00 1.000000000000000000e+00
0.000000000000000000e+00 1.630000000000000000e+02 4.089999999999999858e+00 0.000000000000000000e+00 7.586478335511787801e-05 1.808679276335115049e-02 0.000000000000000000e+00 0.000000000000000000e+00 7.690000000000000000e+02 0.000000000000000000e+00 0.000000000000000000e+00 1.000000000000000000e+00
0.000000000000000000e+00 1.630000000000000000e+02 4.099999999999999645e+00 0.000000000000000000e+00 7.586478335511787801e-05 1.808679276335115049e-02 0.000000000000000000e+00 0.000000000000000000e+00 7.690000000000000000e+02 0.000000000000000000e+00 0.000000000000000000e+00 1.000000000000000000e+00
0.000000000000000000e+00 1.630000000000000000e+02 4.109999999999999432e+00 0.000000000000000000e+00 7.586478335511787801e-05 1.808679276335115049e-02 0.000000000000000000e+00 0.000000000000000000e+00 7.690000000000000000e+02 0.000000000000000000e+00 0.000000000000000000e+00 1.000000000000000000e+00
0.000000000000000000e+00 1.630000000000000000e+02 4.120000000000000107e+00 0.000000000000000000e+00 7.586478335511787801e-05 1.808679276335115049e-02 0.000000000000000000e+00 0.000000000000000000e+00 7.690000000000000000e+02 0.000000000000000000e+00 0.000000000000000000e+00 1.000000000000000000e+00
0.000000000000000000e+00 1.630000000000000000e+02 4.129999999999999893e+00 0.000000000000000000e+00 7.586478335511787801e-05 1.808679276335115049e-02 0.000000000000000000e+00 0.000000000000000000e+00 7.690000000000000000e+02 0.000000000000000000e+00 0.000000000000000000e+00 1.000000000000000000e+00
0.000000000000000000e+00 1.630000000000000000e+02 4.139999999999999680e+00 0.000000000000000000e+00 7.586478335511787801e-05 1.808679276335115049e-02 0.000000000000000000e+00 0.000000000000000000e+00 7.690000000000000000e+02 0.000000000000000000e+00 0.000000000000000000e+00 1.000000000000000000e+00
0.000000000000000000e+00 1.630000000000000000e+02 4.149999999999999467e+00 0.000000000000000000e+00 7.586478335511787801e-05 1.808679276335115049e-02 0.000000000000000000e+00 0.000000000000000000e+00 7.690000000000000000e+02 0.000000000000000000e+00 0.000000000000000000e+00 1.000000000000000000e+00
0.000000000000000000e+00 1.630000000000000000e+02 4.160000000000000142e+00 0.000000000000000000e+00 7.586478335511787801e-05 1.808679276335115049e-02 0.000000000000000000e+00 0.000000000000000000e+00 7.690000000000000000e+02 0.000000000000000000e+00 0.000000000000000000e+00 1.000000000000000000e+00
0.000000000000000000e+00 1.630000000000000000e+02 4.169999999999999929e+00 0.000000000000000000e+00 7.586478335511787801e-05 1.808679276335115049e-02 0.000000000000000000e+00 0.000000000000000000e+00 7.690000000000000000e+02 0.000000000000000000e+00 0.000000000000000000e+00 1.000000000000000000e+00
0.000000000000000000e+00 1.630000000000000000e+02 4.179999999999999716e+00 0.000000000000000000e+00 7.586478335511787801e-05 1.808679276335115049e-02 0.000000000000000000e+00 0.000000000000000000e+00 7.690000000000000000e+02 0.000000000000000000e+00 0.000000000000000000e+00 1.000000000000000000e+00
0.000000000000000000e+00 1.630000000000000000e+02 4.189999999999999503e+00 0.000000000000000000e+00 7.586478335511787801e-05 1.808679276335115049e-02 0.000000000000000000e+00 0.000000000000000000e+00 7.690000000000000000e+02 0.000000000000000000e+00 0.000000000000000000e+00 1.000000000000000000e+00
0.000000000000000000e+00 1.630000000000000000e+02 4.200000000000000178e+00 0.000000000000000000e+00 7.586478335511787801e-05 1.808679276335115049e-02 0.000000000000000000e+00 0.000000000000000000e+00 7.690000000000000000e+02 0.000000000000000000e+00 0.000000000000000000e+00 1.000000000000000000e+00
0.000000000000000000e+00 1.630000000000000000e+02 4.209999999999999964e+00 0.000000000000000000e+00 7.586478335511790511e-05 1.808679276335115049e-02 0.000000000000000000e+00 0.000000000000000000e+00 7.690000000000000000e+02 0.000000000000000000e+00 0.000000000000000000e+00 1.000000000000000000e+00
0.000000000000000000e+00 1.630000000000000000e+02 4.219999999999999751e+00 0.000000000000000000e+00 7.586478335511810840e-05 1.808679276335115049e-02 0.000000000000000000e+00 0.000000000000000000e+00 7.690000000000000000e+02 0.000000000000000000e+00 0.000000000000000000e+00 1.000000000000000000e+00
0.000000000000000000e+00 1.630000000000000000e+02 4.229999999999999538e+00 0.000000000000000000e+00 7.586478335511966694e-05 1.808679276335115049e-02 0.000000000000000000e+00 0.000000000000000000e+00 7.690000000000000000e+02 0.000000000000000000e+00 0.000000000000000000e+00 1.000000000000000000e+00
0.000000000000000000e+00 1.630000000000000000e+02 4.240000000000000213e+00 0.000000000000000000e+00 7.586478335513186422e-05 1.808679276335115049e-02 0.000000000000000000e+00 0.000000000000000000e+00 7.690000000000000000e+02 0.000000000000000000e+00 0.000000000000000000e+00 1.000000000000000000e+00
0.000000000000000000e+00 1.630000000000000000e+02 4.250000000000000000e+00 0.000000000000000000e+00 7.586478335522731467e-05 1.808679276335115049e-02 0.000000000000000000e+00 0.000000000000000000e+00 7.690000000000000000e+02 0.000000000000000000e+00 0.000000000000000000e+00 1.000000000000000000e+00
0.000000000000000000e+00 1.630000000000000000e+02 4.259999999999999787e+00 0.000000000000000000e+00 7.586478335597428930e-05 1.808679276335115049e-02 0.000000000000000000e+00 0.000000000000000000e+00 7.690000000000000000e+02 0.000000000000000000e+00 0.000000000000000000e+00 1.000000000000000000e+00
0.000000000000000000e+00 1.630000000000000000e+02 4.269999999999999574e+00 0.000000000000000000e+00 7.586478336181986019e-05 1.808679276335081743e-02 0.000000000000000000e+00 0.000000000000000000e+00 7.690000000000000000e+02 0.000000000000000000e+00 0.000000000000000000e+00 1.000000000000000000e+00
0.000000000000000000e+00 1.630000000000000000e+02 4.280000000000000249e+00 0.000000000000000000e+00 7.586478340756522298e-05 1.808679276334837494e-02 0.000000000000000000e+00 0.000000000000000000e+00 7.690000000000000000e+02 0.000000000000000000e+00 0.000000000000000000e+00 1.000000000000000000e+00
0.000000000000000000e+00 1.630000000000000000e+02 4.290000000000000036e+00 0.000000000000000000e+00 7.586478376555223270e-05 1.808679276332932073e-02 0.000000000000000000e+00 0.000000000000000000e+00 7.690000000000000000e+02 0.000000000000000000e+00 0.000000000000000000e+00 1.000000000000000000e+00
0.000000000000000000e+00 1.630000000000000000e+02 4.299999999999999822e+00 0.000000000000000000e+00 7.586478656703209242e-05 1.808679276317989859e-02 0.000000000000000000e+00 0.000000000000000000e+00 7.690000000000000000e+02 0.000000000000000000e+00 0.000000000000000000e+00 1.000000000000000000e+00
0.000000000000000000e+00 1.630000000000000000e+02 4.309999999999999609e+00 0.000000000000000000e+00 7.586480849042305150e-05 1.808679276201098640e-02 0.000000000000000000e+00 0.000000000000000000e+00 7.690000000000000000e+02 0.000000000000000000e+00 0.000000000000000000e+00 1.000000000000000000e+00
0.000000000000000000e+00 1.630000000000000000e+02 4.320000000000000284e+00 0.000000000000000000e+00 7.586498005513030304e-05 1.808679275286347032e-02 0.000000000000000000e+00 0.000000000000000000e+00 7.690000000000000000e+02 0.000000000000000000e+00 0.000000000000000000e+00 1.000000000000000000e+00
0.000000000000000000e+00 1.630000000000000000e+02 4.330000000000000071e+00 0.000000000000000000e+00 7.586632265987785563e-05 1.808679268127809381e-02 0.000000000000000000e+00 0.000000000000000000e+00 7.690000000000000000e+02 0.000000000000000000e+00 0.000000000000000000e+00 1.000000000000000000e+00
0.000000000000000000e+00 1.630000000000000000e+02 4.339999999999999858e+00 0.000000000000000000e+00 7.587682940999496584e-05 1.808679212107602852e-02 0.000000000000000000e+00 0.000000000000000000e+00 7.690000000000000000e+02 0.000000000000000000e+00 0.000000000000000000e+00 1.000000000000000000e+00
0.000000000000000000e+00 1.630000000000000000e+02 4.349999999999999645e+00 0.000000000000000000e+00 7.595905152206914516e-05 1.808678773713348620e-02 0.000000000000000000e+00 0.000000000000000000e+00 7.690000000000000000e+02 0.000000000000000000e+00 0.000000000000000000e+00 1.000000000000000000e+00
0.000000000000000000e+00 1.630000000000000000e+02 4.360000000000000320e+00 0.000000000000000000e+00 7.660249270403120248e-05 1.808675342996914071e-02 0.000000000000000000e+00 0.000000000000000000e+00 7.690000000000000000e+02 0.000000000000000000e+00 0.000000000000000000e+00 1.000000000000000000e+00
0.000000000000000000e+00 1.630000000000000000e+02 4.370000000000000107e+00 0.000000000000000000e+00 8.163783592497934698e-05 1.808648495548154100e-02 0.000000000000000000e+00 0.000000000000000000e+00 7.690000000000000000e+02 0.000000000000000000e+00 0.000000000000000000e+00 1.000000000000000000e+00
0.000000000000000000e+00 1.630000000000000000e+02 4.379999999999999893e+00 0.000000000000000000e+00 1.210426518794596436e-04 1.808438404574143343e-02 0.000000000000000000e+00 0.000000000000000000e+00 7.690000000000000000e+02 0.000000000000000000e+00 0.000000000000000000e+00 1.000000000000000000e+00
0.000000000000000000e+00 1.630000000000000000e+02 4.389999999999999680e+00 0.000000000000000000e+00 4.294108111633645835e-04 1.806794776541731373e-02 0.000000000000000000e+00 0.000000000000000000e+00 7.690000000000000000e+02 0.000000000000000000e+00 0.000000000000000000e+00 1.000000000000000000e+00
0.000000000000000000e+00 1.630000000000000000e+02 4.399999999999999467e+00 0.000000000000000000e+00 2.842591011522401304e-03 1.793961091330248392e-02 0.000000000000000000e+00 0.000000000000000000e+00 7.690000000000000000e+02 0.000000000000000000e+00 0.000000000000000000e+00 1.000000000000000000e+00
0.000000000000000000e+00 1.630000000000000000e+02 4.410000000000000142e+00 0.000000000000000000e+00 2.172728615296669677e-02 1.695292843634610414e-02 0.000000000000000000e+00 0.000000000000000000e+00 7.690000000000000000e+02 0.000000000000000000e+00 0.000000000000000000e+00 1.000000000000000000e+00
0.000000000000000000e+00 1.630000000000000000e+02 4.419999999999999929e+00 0.000000000000000000e+00 1.695122342195178877e-01 1.031341341058258226e-02 0.000000000000000000e+00 0.000000000000000000e+00 7.690000000000000000e+02 0.000000000000000000e+00 0.000000000000000000e+00 1.000000000000000000e+00
0.000000000000000000e+00 1.630000000000000000e+02 4.429999999999999716e+00 0.000000000000000000e+00 1.326024992908556799e+00 2.649376771562932873e-59 0.000000000000000000e+00 1.000000000000000000e+00 7.690000000000000000e+02 0.000000000000000000e+00 0.000000000000000000e+00 1.000000000000000000e+00
0.000000000000000000e+00 1.630000000000000000e+02 4.439999999999999503e+00 0.000000000000000000e+00 1.695122342195178877e-01 1.031341341058258226e-02 0.000000000000000000e+00 0.000000000000000000e+00 7.690000000000000000e+02 0.000000000000000000e+00 0.000000000000000000e+00 1.000000000000000000e+00
0.000000000000000000e+00 1.630000000000000000e+02 4.450000000000000178e+00 0.000000000000000000e+00 2.172728615296671065e-02 1.695292843634610414e-02 0.000000000000000000e+00 0.000000000000000000e+00 7.690000000000000000e+02 0.000000000000000000e+00 0.000000000000000000e+00 1.000000000000000000e+00
0.000000000000000000e+00 1.630000000000000000e+02 4.459999999999999964e+00 0.000000000000000000e+00 2.842591011522403038e-03 1.793961091330247004e-02 0.000000000000000000e+00 0.000000000000000000e+00 7.690000000000000000e+02 0.000000000000000000e+00 0.000000000000000000e+00 1.000000000000000000e+00
0.000000000000000000e+00 1.630000000000000000e+02 4.469999999999999751e+00 0.000000000000000000e+00 4.294108111633648545e-04 1.806794776541736924e-02 0.000000000000000000e+00 0.000000000000000000e+00 7.690000000000000000e+02 0.000000000000000000e+00 0.000000000000000000e+00 1.000000000000000000e+00
0.000000000000000000e+00 1.630000000000000000e+02 4.479999999999999538e+00 0.000000000000000000e+00 1.210426518794596978e-04 1.808438404574144731e-02 0.000000000000000000e+00 0.000000000000000000e+00 7.690000000000000000e+02 0.000000000000000000e+00 0.000000000000000000e+00 1.000000000000000000e+00
0.000000000000000000e+00 1.630000000000000000e+02 4.490000000000000213e+00 0.000000000000000000e+00 8.163783592497934698e-05 1.808648495548154100e-02 0.000000000000000000e+00 0.000000000000000000e+00 7.690000000000000000e+02 0.000000000000000000e+00 0.000000000000000000e+00 1.000000000000000000e+00
0.000000000000000000e+00 1.630000000000000000e+02 4.500000000000000000e+00 0.000000000000000000e+00 7.660249270403120248e-05 1.808675342996914071e-02 0.000000000000000000e+00 0.000000000000000000e+00 7.690000000000000000e+02 0.000000000000000000e+00 0.000000000000000000e+00 1.000000000000000000e+00
0.000000000000000000e+00 1.630000000000000000e+02 4.509999999999999787e+00 0.000000000000000000e+00 7.595905152206914516e-05 1.808678773713348620e-02 0.000000000000000000e+00 0.000000000000000000e+00 7.690000000000000000e+02 0.000000000000000000e+00 0.000000000000000000e+00 1.000000000000000000e+00
0.000000000000000000e+00 1.630000000000000000e+02 4.519999999999999574e+00 0.000000000000000000e+00 7.587682940999496584e-05 1.808679212107602852e-02 0.000000000000000000e+00 0.000000000000000000e+00 7.690000000000000000e+02 0.000000000000000000e+00 0.000000000000000000e+00 1.000000000000000000e+00
0.000000000000000000e+00 1.630000000000000000e+02 4.530000000000000249e+00 0.000000000000000000e+00 7.586632265987785563e-05 1.808679268127809381e-02 0.000000000000000000e+00 0.000000000000000000e+00 7.690000000000000000e+02 0.000000000000000000e+00 0.000000000000000000e+00 1.000000000000000000e+00
0.000000000000000000e+00 1.630000000000000000e+02 4.540000000000000036e+00 0.000000000000000000e+00 7.586498005513030304e-05 1.808679275286347032e-02 0.000000000000000000e+00 0.000000000000000000e+00 7.690000000000000000e+02 0.000000000000000000e+00 0.000000000000000000e+00 1.000000000000000000e+00
0.000000000000000000e+00 1.630000000000000000e+02 4.549999999999999822e+00 0.000000000000000000e+00 7.586480849042305150e-05 1.808679276201098640e-02 0.000000000000000000e+00 0.000000000000000000e+00 7.690000000000000000e+02 0.000000000000000000e+00 0.000000000000000000e+00 1.000000000000000000e+00
0.000000000000000000e+00 1.630000000000000000e+02 4.559999999999999609e+00 0.000000000000000000e+00 7.586478656703209242e-05 1.808679276317989859e-02 0.000000000000000000e+00 0.000000000000000000e+00 7.690000000000000000e+02 0.000000000000000000e+00 0.000000000000000000e+00 1.000000000000000000e+00
0.000000000000000000e+00 1.630000000000000000e+02 4.570000000000000284e+00 0.000000000000000000e+00 7.586478376555223270e-05 1.808679276332932073e-02 0.000000000000000000e+00 0.000000000000000000e+00 7.690000000000000000e+02 0.000000000000000000e+00 0.000000000000000000e+00 1.000000000000000000e+00
0.000000000000000000e+00 1.630000000000000000e+02 4.580000000000000071e+00 0.000000000000000000e+00 7.586478340756522298e-05 1.808679276334837494e-02 0.000000000000000000e+00 0.000000000000000000e+00 7.690000000000000000e+02 0.000000000000000000e+00 0.000000000000000000e+00 1.000000000000000000e+00
0.000000000000000000e+00 1.630000000000000000e+02 4.589999999999999858e+00 0.000000000000000000e+00 7.586478336181986019e-05 1.808679276335081743e-02 0.000000000000000000e+00 0.000000000000000000e+00 7.690000000000000000e+02 0.000000000000000000e+00 0.000000000000000000e+00 1.000000000000000000e+00
0.000000000000000000e+00 1.630000000000000000e+02 4.599999999999999645e+00 0.000000000000000000e+00 7.586478335597428930e-05 1.808679276335115049e-02 0.000000000000000000e+00 0.000000000000000000e+00 7.690000000000000000e+02 0.000000000000000000e+00 0.000000000000000000e+00 1.000000000000000000e+00
0.000000000000000000e+00 1.630000000000000000e+02 4.610000000000000320e+00 0.000000000000000000e+00 7.586478335522731467e-05 1.808679276335115049e-02 0.000000000000000000e+00 0.000000000000000000e+00 7.690000000000000000e+02 0.000000000000000000e+00 0.000000000000000000e+00 1.000000000000000000e+00
0.000000000000000000e+00 1.630000000000000000e+02 4.620000000000000107e+00 0.000000000000000000e+00 7.586478335513186422e-05 1.808679276335115049e-02 0.000000000000000000e+00 0.000000000000000000e+00 7.690000000000000000e+02 0.000000000000000000e+00 0.000000000000000000e+00 1.000000000000000000e+00
0.000000000000000000e+00 1.630000000000000000e+02 4.629999999999999893e+00 0.000000000000000000e+00 7.586478335511966694e-05 1.808679276335115049e-02 0.000000000000000000e+00 0.000000000000000000e+00 7.690000000000000000e+02 0.000000000000000000e+00 0.000000000000000000e+00 1.000000000000000000e+00
0.000000000000000000e+00 1.630000000000000000e+02 4.639999999999999680e+00 0.000000000000000000e+00 7.586478335511810840e-05 1.808679276335115049e-02 0.000000000000000000e+00 0.000000000000000000e+00 7.690000000000000000e+02 0.000000000000000000e+00 0.000000000000000000e+00 1.000000000000000000e+00
0.000000000000000000e+00 1.630000000000000000e+02 4.649999999999999467e+00 0.000000000000000000e+00 7.586478335511790511e-05 1.808679276335115049e-02 0.000000000000000000e+00 0.000000000000000000e+00 7.690000000000000000e+02 0.000000000000000000e+00 0.000000000000000000e+00 1.000000000000000000e+00
0.000000000000000000e+00 1.630000000000000000e+02 4.660000000000000142e+00 0.000000000000000000e+00 7.586478335511787801e-05 1.808679276335115049e-02 0.000000000000000000e+00 0.000000000000000000e+00 7.690000000000000000e+02 0.000000000000000000e+00 0.000000000000000000e+00 1.000000000000000000e+00
0.000000000000000000e+00 1.630000000000000000e+02 4.669999999999999929e+00 0.000000000000000000e+00 7.586478335511787801e-05 1.808679276335115049e-02 0.000000000000000000e+00 0.000000000000000000e+00 7.690000000000000000e+02 0.000000000000000000e+00 0.000000000000000000e+00 1.000000000000000000e+00
0.000000000000000000e+00 1.630000000000000000e+02 4.679999999999999716e+00 0.000000000000000000e+00 7.586478335511787801e-05 1.808679276335115049e-02 0.000000000000000000e+00 0.000000000000000000e+00 7.690000000000000000e+02 0.000000000000000000e+00 0.000000000000000000e+00 1.000000000000000000e+00
0.000000000000000000e+00 1.630000000000000000e+02 4.689999999999999503e+00 0.000000000000000000e+00 7.586478335511787801e-05 1.808679276335115049e-02 0.000000000000000000e+00 0.000000000000000000e+00 7.690000000000000000e+02 0.000000000000000000e+00 0.000000000000000000e+00 1.000000000000000000e+00
0.000000000000000000e+00 1.630000000000000000e+02 4.700000000000000178e+00 0.000000000000000000e+00 7.586478335511787801e-05 1.808679276335115049e-02 0.000000000000000000e+00 0.000000000000000000e+00 7.690000000000000000e+02 0.000000000000000000e+00 0.000000000000000000e+00 1.000000000000000000e+00
0.000000000000000000e+00 1.630000000000000000e+02 4.709999999999999964e+00 0.000000000000000000e+00 7.586478335511787801e-05 1.808679276335115049e-02 0.000000000000000000e+00 0.000000000000000000e+00 7.690000000000000000e+02 0.000000000000000000e+00 0.000000000000000000e+00 1.000000000000000000e+00
0.000000000000000000e+00 1.630000000000000000e+02 4.719999999999999751e+00 0.000000000000000000e+00 7.586478335511787801e-05 1.808679276335115049e-02 0.000000000000000000e+00 0.000000000000000000e+00 7.690000000000000000e+02 0.000000000000000000e+00 0.000000000000000000e+00 1.000000000000000000e+00
0.000000000000000000e+00 1.630000000000000000e+02 4.729999999999999538e+00 0.000000000000000000e+00 7.586478335511787801e-05 1.808679276335115049e-02 0.000000000000000000e+00 0.000000000000000000e+00 7.690000000000000000e+02 0.000000000000000000e+00 0.000000000000000000e+00 1.000000000000000000e+00
0.000000000000000000e+00 1.630000000000000000e+02 4.740000000000000213e+00 0.000000000000000000e+00 7.586478335511787801e-05 1.808679276335115049e-02 0.000000000000000000e+00 0.000000000000000000e+00 7.690000000000000000e+02 0.000000000000000000e+00 0.000000000000000000e+00 1.000000000000000000e+00
0.000000000000000000e+00 1.630000000000000000e+02 4.750000000000000000e+00 0.000000000000000000e+00 7.586478335511787801e-05 1.808679276335115049e-02 0.000000000000000000e+00 0.000000000000000000e+00 7.690000000000000000e+02 0.000000000000000000e+00 0.000000000000000000e+00 1.000000000000000000e+00
0.000000000000000000e+00 1.630000000000000000e+02 4.759999999999999787e+00 0.000000000000000000e+00 7.586478335511787801e-05 1.808679276335115049e-02 0.000000000000000000e+00 0.000000000000000000e+00 7.690000000000000000e+02 0.000000000000000000e+00 0.000000000000000000e+00 1.000000000000000000e+00
0.000000000000000000e+00 1.630000000000000000e+02 4.769999999999999574e+00 0.000000000000000000e+00 7.586478335511787801e-05 1.808679276335115049e-02 0.000000000000000000e+00 0.000000000000000000e+00 7.690000000000000000e+02 0.000000000000000000e+00 0.000000000000000000e+00 1.000000000000000000e+00
0.000000000000000000e+00 1.630000000000000000e+02 4.780000000000000249e+00 0.000000000000000000e+00 7.586478335511787801e-05 1.808679276335115049e-02 0.000000000000000000e+00 0.000000000000000000e+00 7.690000000000000000e+02 0.000000000000000000e+00 0.000000000000000000e+00 1.000000000000000000e+00
0.000000000000000000e+00 1.630000000000000000e+02 4.790000000000000036e+00 0.000000000000000000e+00 7.586478335511787801e-05 1.808679276335115049e-02 0.000000000000000000e+00 0.000000000000000000e+00 7.690000000000000000e+02 0.000000000000000000e+00 0.000000000000000000e+00 1.000000000000000000e+00
0.000000000000000000e+00 1.630000000000000000e+02 4.799999999999999822e+00 0.000000000000000000e+00 7.586478335511787801e-05 1.808679276335115049e-02 0.000000000000000000e+00 0.000000000000000000e+00 7.690000000000000000e+02 0.000000000000000000e+00 0.000000000000000000e+00 1.000000000000000000e+00
0.000000000000000000e+00 1.630000000000000000e+02 4.809999999999999609e+00 0.000000000000000000e+00 7.586478335511787801e-05 1.808679276335115049e-02 0.000000000000000000e+00 0.000000000000000000e+00 7.690000000000000000e+02 0.000000000000000000e+00 0.000000000000000000e+00 1.000000000000000000e+00
0.000000000000000000e+00 1.630000000000000000e+02 4.820000000000000284e+00 0.000000000000000000e+00 7.586478335511787801e-05 1.808679276335115049e-02 0.000000000000000000e+00 0.000000000000000000e+00 7.690000000000000000e+02 0.000000000000000000e+00 0.000000000000000000e+00 1.000000000000000000e+00
0.000000000000000000e+00 1.630000000000000000e+02 4.830000000000000071e+00 0.000000000000000000e+00 7.586478335511787801e-05 1.808679276335115049e-02 0.000000000000000000e+00 0.000000000000000000e+00 7.690000000000000000e+02 0.000000000000000000e+00 0.000000000000000000e+00 1.000000000000000000e+00
0.000000000000000000e+00 1.630000000000000000e+02 4.839999999999999858e+00 0.000000000000000000e+00 7.586478335511787801e-05 1.808679276335115049e-02 0.000000000000000000e+00 0.000000000000000000e+00 7.690000000000000000e+02 0.000000000000000000e+00 0.000000000000000000e+00 1.000000000000000000e+00
0.000000000000000000e+00 1.630000000000000000e+02 4.849999999999999645e+00 0.000000000000000000e+00 7.586478335511787801e-05 1.808679276335115049e-02 0.000000000000000000e+00 0.000000000000000000e+00 7.690000000000000000e+02 0.000000000000000000e+00 0.000000000000000000e+00 1.000000000000000000e+00
0.000000000000000000e+00 1.630000000000000000e+02 4.860000000000000320e+00 0.000000000000000000e+00 7.586478335511787801e-05 1.808679276335115049e-02 0.000000000000000000e+00 0.000000000000000000e+00 7.690000000000000000e+02 0.000000000000000000e+00 0.000000000000000000e+00 1.000000000000000000e+00
0.000000000000000000e+00 1.630000000000000000e+02 4.870000000000000107e+00 0.000000000000000000e+00 7.586478335511787801e-05 1.808679276335115049e-02 0.000000000000000000e+00 0.000000000000000000e+00 7.690000000000000000e+02 0.000000000000000000e+00 0.000000000000000000e+00 1.000000000000000000e+00
0.000000000000000000e+00 1.630000000000000000e+02 4.879999999999999893e+00 0.000000000000000000e+00 7.586478335511787801e-05 1.808679276335115049e-02 0.000000000000000000e+00 0.000000000000000000e+00 7.690000000000000000e+02 0.000000000000000000e+00 0.000000000000000000e+00 1.000000000000000000e+00
0.000000000000000000e+00 1.630000000000000000e+02 4.889999999999999680e+00 0.000000000000000000e+00 7.586478335511787801e-05 1.808679276335115049e-02 0.000000000000000000e+00 0.000000000000000000e+00 7.690000000000000000e+02 0.000000000000000000e+00 0.000000000000000000e+00 1.000000000000000000e+00
0.000000000000000000e+00 1.630000000000000000e+02 4.899999999999999467e+00 0.000000000000000000e+00 7.586478335511787801e-05 1.808679276335115049e-02 0.000000000000000000e+00 0.000000000000000000e+00 7.690000000000000000e+02 0.000000000000000000e+00 0.000000000000000000e+00 1.000000000000000000e+00
0.000000000000000000e+00 1.630000000000000000e+02 4.910000000000000142e+00 0.000000000000000000e+00 7.586478335511787801e-05 1.808679276335115049e-02 0.000000000000000000e+00 0.000000000000000000e+00 7.690000000000000000e+02 0.000000000000000000e+00 0.000000000000000000e+00 1.000000000000000000e+00
0.000000000000000000e+00 1.630000000000000000e+02 4.919999999999999929e+00 0.000000000000000000e+00 7.586478335511787801e-05 1.808679276335115049e-02 0.000000000000000000e+00 0.000000000000000000e+00 7.690000000000000000e+02 0.000000000000000000e+00 0.000000000000000000e+00 1.000000000000000000e+00
0.000000000000000000e+00 1.630000000000000000e+02 4.929999999999999716e+00 0.000000000000000000e+00 7.586478335511787801e-05 1.808679276335115049e-02 0.000000000000000000e+00 0.000000000000000000e+00 7.690000000000000000e+02 0.000000000000000000e+00 0.000000000000000000e+00 1.000000000000000000e+00
0.000000000000000000e+00 1.630000000000000000e+02 4.939999999999999503e+00 0.000000000000000000e+00 7.586478335511787801e-05 1.808679276335115049e-02 0.000000000000000000e+00 0.000000000000000000e+00 7.690000000000000000e+02 0.000000000000000000e+00 0.000000000000000000e+00 1.000000000000000000e+00
0.000000000000000000e+00 1.630000000000000000e+02 4.950000000000000178e+00 0.000000000000000000e+00 7.586478335511787801e-05 1.808679276335115049e-02 0.000000000000000000e+00 0.000000000000000000e+00 7.690000000000000000e+02 0.000000000000000000e+00 0.000000000000000000e+00 1.000000000000000000e+00
0.000000000000000000e+00 1.630000000000000000e+02 4.959999999999999964e+00 0.000000000000000000e+00 7.586478335511787801e-05 1.808679276335115049e-02 0.000000000000000000e+00 0.000000000000000000e+00 7.690000000000000000e+02 0.000000000000000000e+00 0.000000000000000000e+00 1.000000000000000000e+00
0.000000000000000000e+00 1.630000000000000000e+02 4.969999999999999751e+00 0.000000000000000000e+00 7.586478335511787801e-05 1.808679276335115049e-02 0.000000000000000000e+00 0.000000000000000000e+00 7.690000000000000000e+02 0.000000000000000000e+00 0.000000000000000000e+00 1.000000000000000000e+00
0.000000000000000000e+00 1.630000000000000000e+02 4.979999999999999538e+00 0.000000000000000000e+00 7.586478335511787801e-05 1.808679276335115049e-02 0.000000000000000000e+00 0.000000000000000000e+00 7.690000000000000000e+02 0.000000000000000000e+00 0.000000000000000000e+00 1.000000000000000000e+00
0.000000000000000000e+00 1.630000000000000000e+02 4.990000000000000213e+00 0.000000000000000000e+00 7.586478335511787801e-05 1.808679276335115049e-02 0.000000000000000000e+00 0.000000000000000000e+00 7.690000000000000000e+02 0.000000000000000000e+00 0.000000000000000000e+00 1.000000000000000000e+00
0.000000000000000000e+00 1.630000000000000000e+02 5.000000000000000000e+00 0.000000000000000000e+00 7.586478335511787801e-05 1.808679276335115049e-02 0.000000000000000000e+00 0.000000000000000000e+00 7.690000000000000000e+02 0.000000000000000000e+00 0.000000000000000000e+00 1.000000000000000000e+00
0.000000000000000000e+00 1.630000000000000000e+02 5.009999999999999787e+00 0.000000000000000000e+00 7.586478335511787801e-05 1.808679276335115049e-02 0.000000000000000000e+00 0.000000000000000000e+00 7.690000000000000000e+02 0.000000000000000000e+00 0.000000000000000000e+00 1.000000000000000000e+00
0.000000000000000000e+00 1.630000000000000000e+02 5.019999999999999574e+00 0.000000000000000000e+00 7.586478335511787801e-05 1.808679276335115049e-02 0.000000000000000000e+00 0.000000000000000000e+00 7.690000000000000000e+02 0.000000000000000000e+00 0.000000000000000000e+00 1.000000000000000000e+00
0.000000000000000000e+00 1.630000000000000000e+02 5.030000000000000249e+00 0.000000000000000000e+00 7.586478335511787801e-05 1.808679276335115049e-02 0.000000000000000000e+00 0.000000000000000000e+00 7.690000000000000000e+02 0.000000000000000000e+00 0.000000000000000000e+00 1.000000000000000000e+00
0.000000000000000000e+00 1.630000000000000000e+02 5.040000000000000036e+00 0.000000000000000000e+00 7.586478335511787801e-05 1.808679276335115049e-02 0.000000000000000000e+00 0.000000000000000000e+00 7.690000000000000000e+02 0.000000000000000000e+00 0.000000000000000000e+00 1.000000000000000000e+00
0.000000000000000000e+00 1.630000000000000000e+02 5.049999999999999822e+00 0.000000000000000000e+00 7.586478335511787801e-05 1.808679276335115049e-02 0.000000000000000000e+00 0.000000000000000000e+00 7.690000000000000000e+02 0.000000000000000000e+00 0.000000000000000000e+00 1.000000000000000000e+00
0.000000000000000000e+00 1.630000000000000000e+02 5.059999999999999609e+00 0.000000000000000000e+00 7.586478335511787801e-05 1.808679276335115049e-02 0.000000000000000000e+00 0.000000000000000000e+00 7.690000000000000000e+02 0.000000000000000000e+00 0.000000000000000000e+00 1.000000000000000000e+00
0.000000000000000000e+00 1.630000000000000000e+02 5.070000000000000284e+00 0.000000000000000000e+00 7.586478335511787801e-05 1.808679276335115049e-02 0.000000000000000000e+00 0.000000000000000000e+00 7.690000000000000000e+02 0.000000000000000000e+00 0.000000000000000000e+00 1.000000000000000000e+00
0.000000000000000000e+00 1.630000000000000000e+02 5.080000000000000071e+00 0.000000000000000000e+00 7.586478335511787801e-05 1.808679276335115049e-02 0.000000000000000000e+00 0.000000000000000000e+00 7.690000000000000000e+02 0.000000000000000000e+00 0.000000000000000000e+00 1.000000000000000000e+00
0.000000000000000000e+00 1.630000000000000000e+02 5.089999999999999858e+00 0.000000000000000000e+00 7.586478335511787801e-05 1.808679276335115049e-02 0.000000000000000000e+00 0.000000000000000000e+00 7.690000000000000000e+02 0.000000000000000000e+00 0.000000000000000000e+00 1.000000000000000000e+00
0.000000000000000000e+00 1.630000000000000000e+02 5.099999999999999645e+00 0.000000000000000000e+00 7.586478335511787801e-05 1.808679276335115049e-02 0.000000000000000000e+00 0.000000000000000000e+00 7.690000000000000000e+02 0.000000000000000000e+00 0.000000000000000000e+00 1.000000000000000000e+00
0.000000000000000000e+00 1.630000000000000000e+02 5.110000000000000320e+00 0.000000000000000000e+00 7.586478335511787801e-05 1.808679276335115049e-02 0.000000000000000000e+00 0.000000000000000000e+00 7.690000000000000000e+02 0.000000000000000000e+00 0.000000000000000000e+00 1.000000000000000000e+00
0.000000000000000000e+00 1.630000000000000000e+02 5.120000000000000107e+00 0.000000000000000000e+00 7.586478335511787801e-05 1.808679276335115049e-02 0.000000000000000000e+00 0.000000000000000000e+00 7.690000000000000000e+02 0.000000000000000000e+00 0.000000000000000000e+00 1.000000000000000000e+00
0.000000000000000000e+00 1.630000000000000000e+02 5.129999999999999893e+00 0.000000000000000000e+00 7.586478335511787801e-05 1.808679276335115049e-02 0.000000000000000000e+00 0.000000000000000000e+00 7.690000000000000000e+02 0.000000000000000000e+00 0.000000000000000000e+00 1.000000000000000000e+00
0.000000000000000000e+00 1.630000000000000000e+02 5.139999999999999680e+00 0.000000000000000000e+00 7.586478335511787801e-05 1.808679276335115049e-02 0.000000000000000000e+00 0.000000000000000000e+00 7.690000000000000000e+02 0.000000000000000000e+00 0.000000000000000000e+00 1.000000000000000000e+00
0.000000000000000000e+00 1.630000000000000000e+02 5.149999999999999467e+00 0.000000000000000000e+00 7.586478335511787801e-05 1.808679276335115049e-02 0.000000000000000000e+00 0.000000000000000000e+00 7.690000000000000000e+02 0.000000000000000000e+00 0.000000000000000000e+00 1.000000000000000000e+00
0.000000000000000000e+00 1.630000000000000000e+02 5.160000000000000142e+00 0.000000000000000000e+00 7.586478335511787801e-05 1.808679276335115049e-02 0.000000000000000000e+00 0.000000000000000000e+00 7.690000000000000000e+02 0.000000000000000000e+00 0.000000000000000000e+00 1.000000000000000000e+00
0.000000000000000000e+00 1.630000000000000000e+02 5.169999999999999929e+00 0.000000000000000000e+00 7.586478335511787801e-05 1.808679276335115049e-02 0.000000000000000000e+00 0.000000000000000000e+00 7.690000000000000000e+02 0.000000000000000000e+00 0.000000000000000000e+00 1.000000000000000000e+00
0.000000000000000000e+00 1.630000000000000000e+02 5.179999999999999716e+00 0.000000000000000000e+00 7.586478335511787801e-05 1.808679276335115049e-02 0.000000000000000000e+00 0.000000000000000000e+00 7.690000000000000000e+02 0.000000000000000000e+00 0.000000000000000000e+00 1.000000000000000000e+00
0.000000000000000000e+00 1.630000000000000000e+02 5.189999999999999503e+00 0.000000000000000000e+00 7.586478335511787801e-05 1.808679276335115049e-02 0.000000000000000000e+00 0.000000000000000000e+00 7.690000000000000000e+02 0.000000000000000000e+00 0.000000000000000000e+00 1.000000000000000000e+00
0.000000000000000000e+00 1.630000000000000000e+02 5.200000000000000178e+00 0.000000000000000000e+00 7.586478335511787801e-05 1.808679276335115049e-02 0.000000000000000000e+00 0.000000000000000000e+00 7.690000000000000000e+02 0.000000000000000000e+00 0.000000000000000000e+00 1.000000000000000000e+00
0.000000000000000000e+00 1.630000000000000000e+02 5.209999999999999964e+00 0.000000000000000000e+00 7.586478335511787801e-05 1.808679276335115049e-02 0.000000000000000000e+00 0.000000000000000000e+00 7.690000000000000000e+02 0.000000000000000000e+00 0.000000000000000000e+00 1.000000000000000000e+00
0.000000000000000000e+00 1.630000000000000000e+02 5.219999999999999751e+00 0.000000000000000000e+00 7.586478335511787801e-05 1.808679276335115049e-02 0.000000000000000000e+00 0.000000000000000000e+00 7.690000000000000000e+02 0.000000000000000000e+00 0.000000000000000000e+00 1.000000000000000000e+00
0.000000000000000000e+00 1.630000000000000000e+02 5.229999999999999538e+00 0.000000000000000000e+00 7.586478335511787801e-05 1.808679276335115049e-02 0.000000000000000000e+00 0.000000000000000000e+00 7.690000000000000000e+02 0.000000000000000000e+00 0.000000000000000000e+00 1.000000000000000000e+00
0.000000000000000000e+00 1.630000000000000000e+02 5.240000000000000213e+00 0.000000000000000000e+00 7.586478335511787801e-05 1.808679276335115049e-02 0.000000000000000000e+00 0.000000000000000000e+00 7.690000000000000000e+02 0.000000000000000000e+00 0.000000000000000000e+00 1.000000000000000000e+00
0.000000000000000000e+00 1.630000000000000000e+02 5.250000000000000000e+00 0.000000000000000000e+00 7.586478335511787801e-05 1.808679276335115049e-02 0.000000000000000000e+00 0.000000000000000000e+00 7.690000000000000000e+02 0.000000000000000000e+00 0.000000000000000000e+00 1.000000000000000000e+00
0.000000000000000000e+00 1.630000000000000000e+02 5.259999999999999787e+00 0.000000000000000000e+00 7.586478335511787801e-05 1.808679276335115049e-02 0.000000000000000000e+00 0.000000000000000000e+00 7.690000000000000000e+02 0.000000000000000000e+00 0.000000000000000000e+00 1.000000000000000000e+00
0.000000000000000000e+00 1.630000000000000000e+02 5.269999999999999574e+00 0.000000000000000000e+00 7.586478335511787801e-05 1.808679276335115049e-02 0.000000000000000000e+00 0.000000000000000000e+00 7.690000000000000000e+02 0.000000000000000000e+00 0.000000000000000000e+00 1.000000000000000000e+00
0.000000000000000000e+00 1.630000000000000000e+02 5.280000000000000249e+00 0.000000000000000000e+00 7.586478335511787801e-05 1.808679276335115049e-02 0.000000000000000000e+00 0.000000000000000000e+00 7.690000000000000000e+02 0.000000000000000000e+00 0.000000000000000000e+00 1.000000000000000000e+00
0.000000000000000000e+00 1.630000000000000000e+02 5.290000000000000036e+00 0.000000000000000000e+00 7.586478335511787801e-05 1.808679276335115049e-02 0.000000000000000000e+00 0.000000000000000000e+00 7.690000000000000000e+02 0.000000000000000000e+00 0.000000000000000000e+00 1.000000000000000000e+00
0.000000000000000000e+00 1.630000000000000000e+02 5.299999999999999822e+00 0.000000000000000000e+00 7.586478335511787801e-05 1.808679276335115049e-02 0.000000000000000000e+00 0.000000000000000000e+00 7.690000000000000000e+02 0.000000000000000000e+00 0.000000000000000000e+00 1.000000000000000000e+00
0.000000000000000000e+00 1.630000000000000000e+02 5.309999999999999609e+00 0.000000000000000000e+00 7.586478335511787801e-05 1.808679276335115049e-02 0.000000000000000000e+00 0.000000000000000000e+00 7.690000000000000000e+02 0.000000000000000000e+00 0.000000000000000000e+00 1.000000000000000000e+00
0.000000000000000000e+00 1.630000000000000000e+02 5.320000000000000284e+00 0.000000000000000000e+00 7.586478335511787801e-05 1.808679276335115049e-02 0.000000000000000000e+00 0.000000000000000000e+00 7.690000000000000000e+02 0.000000000000000000e+00 0.000000000000000000e+00 1.000000000000000000e+00
0.000000000000000000e+00 1.630000000000000000e+02 5.330000000000000071e+00 0.000000000000000000e+00 7.586478335511787801e-05 1.808679276335115049e-02 0.000000000000000000e+00 0.000000000000000000e+00 7.690000000000000000e+02 0.000000000000000000e+00 0.000000000000000000e+00 1.000000000000000000e+00
0.000000000000000000e+00 1.630000000000000000e+02 5.339999999999999858e+00 0.000000000000000000e+00 7.586478335511787801e-05 1.808679276335115049e-02 0.000000000000000000e+00 0.000000000000000000e+00 7.690000000000000000e+02 0.000000000000000000e+00 0.000000000000000000e+00 1.000000000000000000e+00
0.000000000000000000e+00 1.630000000000000000e+02 5.349999999999999645e+00 0.000000000000000000e+00 7.586478335511787801e-05 1.808679276335115049e-02 0.000000000000000000e+00 0.000000000000000000e+00 7.690000000000000000e+02 0.000000000000000000e+00 0.000000000000000000e+00 1.000000000000000000e+00
0.000000000000000000e+00 1.630000000000000000e+02 5.360000000000000320e+00 0.000000000000000000e+00 7.586478335511787801e-05 1.808679276335115049e-02 0.000000000000000000e+00 0.000000000000000000e+00 7.690000000000000000e+02 0.000000000000000000e+00 0.000000000000000000e+00 1.000000000000000000e+00
0.000000000000000000e+00 1.630000000000000000e+02 5.370000000000000107e+00 0.000000000000000000e+00 7.586478335511787801e-05 1.808679276335115049e-02 0.000000000000000000e+00 0.000000000000000000e+00 7.690000000000000000e+02 0.000000000000000000e+00 0.000000000000000000e+00 1.000000000000000000e+00
0.000000000000000000e+00 1.630000000000000000e+02 5.379999999999999893e+00 0.000000000000000000e+00 7.586478335511787801e-05 1.808679276335115049e-02 0.000000000000000000e+00 0.000000000000000000e+00 7.690000000000000000e+02 0.000000000000000000e+00 0.000000000000000000e+00 1.000000000000000000e+00
0.000000000000000000e+00 1.630000000000000000e+02 5.389999999999999680e+00 0.000000000000000000e+00 7.586478335511787801e-05 1.808679276335115049e-02 0.000000000000000000e+00 0.000000000000000000e+00 7.690000000000000000e+02 0.000000000000000000e+00 0.000000000000000000e+00 1.000000000000000000e+00
0.000000000000000000e+00 1.630000000000000000e+02 5.399999999999999467e+00 0.000000000000000000e+00 7.586478335511787801e-05 1.808679276335115049e-02 0.000000000000000000e+00 0.000000000000000000e+00 7.690000000000000000e+02 0.000000000000000000e+00 0.000000000000000000e+00 1.000000000000000000e+00
0.000000000000000000e+00 1.630000000000000000e+02 5.410000000000000142e+00 0.000000000000000000e+00 7.586478335511787801e-05 1.808679276335115049e-02 0.000000000000000000e+00 0.000000000000000000e+00 7.690000000000000000e+02 0.000000000000000000e+00 0.000000000000000000e+00 1.000000000000000000e+00
0.000000000000000000e+00 1.630000000000000000e+02 5.419999999999999929e+00 0.000000000000000000e+00 7.586478335511787801e-05 1.808679276335115049e-02 0.000000000000000000e+00 0.000000000000000000e+00 7.690000000000000000e+02 0.000000000000000000e+00 0.000000000000000000e+00 1.000000000000000000e+00
0.000000000000000000e+00 1.630000000000000000e+02 5.429999999999999716e+00 0.000000000000000000e+00 7.586478335511789156e-05 1.808679276335115049e-02 0.000000000000000000e+00 0.000000000000000000e+00 7.690000000000000000e+02 0.000000000000000000e+00 0.000000000000000000e+00 1.000000000000000000e+00
0.000000000000000000e+00 1.630000000000000000e+02 5.439999999999999503e+00 0.000000000000000000e+00 7.586478335511802709e-05 1.808679276335115049e-02 0.000000000000000000e+00 0.000000000000000000e+00 7.690000000000000000e+02 0.000000000000000000e+00 0.000000000000000000e+00 1.000000000000000000e+00
0.000000000000000000e+00 1.630000000000000000e+02 5.450000000000000178e+00 0.000000000000000000e+00 7.586478335511909774e-05 1.808679276335115049e-02 0.000000000000000000e+00 0.000000000000000000e+00 7.690000000000000000e+02 0.000000000000000000e+00 0.000000000000000000e+00 1.000000000000000000e+00
0.000000000000000000e+00 1.630000000000000000e+02 5.459999999999999964e+00 0.000000000000000000e+00 7.586478335512739188e-05 1.808679276335115049e-02 0.000000000000000000e+00 0.000000000000000000e+00 7.690000000000000000e+02 0.000000000000000000e+00 0.000000000000000000e+00 1.000000000000000000e+00
0.000000000000000000e+00 1.630000000000000000e+02 5.469999999999999751e+00 0.000000000000000000e+00 7.586478335519236270e-05 1.808679276335115049e-02 0.000000000000000000e+00 0.000000000000000000e+00 7.690000000000000000e+02 0.000000000000000000e+00 0.000000000000000000e+00 1.000000000000000000e+00
0.000000000000000000e+00 1.630000000000000000e+02 5.479999999999999538e+00 0.000000000000000000e+00 7.586478335570075865e-05 1.808679276335117825e-02 0.000000000000000000e+00 0.000000000000000000e+00 7.690000000000000000e+02 0.000000000000000000e+00 0.000000000000000000e+00 1.000000000000000000e+00
0.000000000000000000e+00 1.630000000000000000e+02 5.490000000000000213e+00 0.000000000000000000e+00 7.586478335967933339e-05 1.808679276335092845e-02 0.000000000000000000e+00 0.000000000000000000e+00 7.690000000000000000e+02 0.000000000000000000e+00 0.000000000000000000e+00 1.000000000000000000e+00
0.000000000000000000e+00 1.630000000000000000e+02 5.500000000000000000e+00 0.000000000000000000e+00 7.586478339081420455e-05 1.808679276334927699e-02 0.000000000000000000e+00 0.000000000000000000e+00 7.690000000000000000e+02 0.000000000000000000e+00 0.000000000000000000e+00 1.000000000000000000e+00
0.000000000000000000e+00 1.630000000000000000e+02 5.509999999999999787e+00 0.000000000000000000e+00 7.586478363446466839e-05 1.808679276333628738e-02 0.000000000000000000e+00 0.000000000000000000e+00 7.690000000000000000e+02 0.000000000000000000e+00 0.000000000000000000e+00 1.000000000000000000e+00
0.000000000000000000e+00 1.630000000000000000e+02 5.519999999999999574e+00 0.000000000000000000e+00 7.586478554118712898e-05 1.808679276323463259e-02 0.000000000000000000e+00 0.000000000000000000e+00 7.690000000000000000e+02 0.000000000000000000e+00 0.000000000000000000e+00 1.000000000000000000e+00
0.000000000000000000e+00 1.630000000000000000e+02 5.530000000000000249e+00 0.000000000000000000e+00 7.586480046252298370e-05 1.808679276243903289e-02 0.000000000000000000e+00 0.000000000000000000e+00 7.690000000000000000e+02 0.000000000000000000e+00 0.000000000000000000e+00 1.000000000000000000e+00
0.000000000000000000e+00 1.630000000000000000e+02 5.540000000000000036e+00 0.000000000000000000e+00 7.586491723162239187e-05 1.808679275621311033e-02 0.000000000000000000e+00 0.000000000000000000e+00 7.690000000000000000e+02 0.000000000000000000e+00 0.000000000000000000e+00 1.000000000000000000e+00
0.000000000000000000e+00 1.630000000000000000e+02 5.549999999999999822e+00 0.000000000000000000e+00 7.586583102531424311e-05 1.808679270749116719e-02 0.000000000000000000e+00 0.000000000000000000e+00 7.690000000000000000e+02 0.000000000000000000e+00 0.000000000000000000e+00 1.000000000000000000e+00
0.000000000000000000e+00 1.630000000000000000e+02 5.559999999999999609e+00 0.000000000000000000e+00 7.587298205170262097e-05 1.808679232621064614e-02 0.000000000000000000e+00 0.000000000000000000e+00 7.690000000000000000e+02 0.000000000000000000e+00 0.000000000000000000e+00 1.000000000000000000e+00
0.000000000000000000e+00 1.630000000000000000e+02 5.570000000000000284e+00 0.000000000000000000e+00 7.592894345618990393e-05 1.808678934244392633e-02 0.000000000000000000e+00 0.000000000000000000e+00 7.690000000000000000e+02 0.000000000000000000e+00 0.000000000000000000e+00 1.000000000000000000e+00
0.000000000000000000e+00 1.630000000000000000e+02 5.580000000000000071e+00 0.000000000000000000e+00 7.636687762425250722e-05 1.808676599254428752e-02 0.000000000000000000e+00 0.000000000000000000e+00 7.690000000000000000e+02 0.000000000000000000e+00 0.000000000000000000e+00 1.000000000000000000e+00
0.000000000000000000e+00 1.630000000000000000e+02 5.589999999999999858e+00 0.000000000000000000e+00 7.979399560518645525e-05 1.808658326470846678e-02 0.000000000000000000e+00 0.000000000000000000e+00 7.690000000000000000e+02 0.000000000000000000e+00 0.000000000000000000e+00 1.000000000000000000e+00
0.000000000000000000e+00 1.630000000000000000e+02 5.599999999999999645e+00 0.000000000000000000e+00 1.066134093705035777e-04 1.808515331500225309e-02 0.000000000000000000e+00 0.000000000000000000e+00 7.690000000000000000e+02 0.000000000000000000e+00 0.000000000000000000e+00 1.000000000000000000e+00
0.000000000000000000e+00 1.630000000000000000e+02 5.610000000000000320e+00 0.000000000000000000e+00 3.164926603087112240e-04 1.807396387617327127e-02 0.000000000000000000e+00 0.000000000000000000e+00 7.690000000000000000e+02 0.000000000000000000e+00 0.000000000000000000e+00 1.000000000000000000e+00
0.000000000000000000e+00 1.630000000000000000e+02 5.620000000000000107e+00 0.000000000000000000e+00 1.958933481716512541e-03 1.798645117404132354e-02 0.000000000000000000e+00 0.000000000000000000e+00 7.690000000000000000e+02 0.000000000000000000e+00 0.000000000000000000e+00 1.000000000000000000e+00
0.000000000000000000e+00 1.630000000000000000e+02 5.629999999999999893e+00 0.000000000000000000e+00 1.481209471498658690e-02 1.730493895418823425e-02 0.000000000000000000e+00 0.000000000000000000e+00 7.690000000000000000e+02 0.000000000000000000e+00 0.000000000000000000e+00 1.000000000000000000e+00
0.000000000000000000e+00 1.630000000000000000e+02 5.639999999999999680e+00 0.000000000000000000e+00 1.153963906817867952e-01 1.224537414097299354e-02 0.000000000000000000e+00 0.000000000000000000e+00 7.690000000000000000e+02 0.000000000000000000e+00 0.000000000000000000e+00 1.000000000000000000e+00
0.000000000000000000e+00 1.630000000000000000e+02 5.649999999999999467e+00 0.000000000000000000e+00 9.025335323951225730e-01 8.379109114002072337e-34 0.000000000000000000e+00 1.000000000000000000e+00 7.690000000000000000e+02 0.000000000000000000e+00 0.000000000000000000e+00 1.000000000000000000e+00
0.000000000000000000e+00 1.630000000000000000e+02 5.660000000000000142e+00 0.000000000000000000e+00 1.153963906817867813e-01 1.224537414097299354e-02 0.000000000000000000e+00 0.000000000000000000e+00 7.690000000000000000e+02 0.000000000000000000e+00 0.000000000000000000e+00 1.000000000000000000e+00
0.000000000000000000e+00 1.630000000000000000e+02 5.669999999999999929e+00 0.000000000000000000e+00 1.481209471498659211e-02 1.730493895418823425e-02 0.000000000000000000e+00 0.000000000000000000e+00 7.690000000000000000e+02 0.000000000000000000e+00 0.000000000000000000e+00 1.000000000000000000e+00
0.000000000000000000e+00 1.630000000000000000e+02 5.679999999999999716e+00 0.000000000000000000e+00 1.958933481716513408e-03 1.798645117404132354e-02 0.000000000000000000e+00 0.000000000000000000e+00 7.690000000000000000e+02 0.000000000000000000e+00 0.000000000000000000e+00 1.000000000000000000e+00
0.000000000000000000e+00 1.630000000000000000e+02 5.689999999999999503e+00 0.000000000000000000e+00 3.164926603087113866e-04 1.807396387617327127e-02 0.000000000000000000e+00 0.000000000000000000e+00 7.690000000000000000e+02 0.000000000000000000e+00 0.000000000000000000e+00 1.000000000000000000e+00
0.000000000000000000e+00 1.630000000000000000e+02 5.700000000000000178e+00 0.000000000000000000e+00 1.066134093705036184e-04 1.808515331500226697e-02 0.000000000000000000e+00 0.000000000000000000e+00 7.690000000000000000e+02 0.000000000000000000e+00 0.000000000000000000e+00 1.000000000000000000e+00
0.000000000000000000e+00 1.630000000000000000e+02 5.709999999999999964e+00 0.000000000000000000e+00 7.979399560518646880e-05 1.808658326470846678e-02 0.000000000000000000e+00 0.000000000000000000e+00 7.690000000000000000e+02 0.000000000000000000e+00 0.000000000000000000e+00 1.000000000000000000e+00
0.000000000000000000e+00 1.630000000000000000e+02 5.719999999999999751e+00 0.000000000000000000e+00 7.636687762425250722e-05 1.808676599254428752e-02 0.000000000000000000e+00 0.000000000000000000e+00 7.690000000000000000e+02 0.000000000000000000e+00 0.000000000000000000e+00 1.000000000000000000e+00
0.000000000000000000e+00 1.630000000000000000e+02 5.729999999999999538e+00 0.000000000000000000e+00 7.592894345618990393e-05 1.808678934244394021e-02 0.000000000000000000e+00 0.000000000000000000e+00 7.690000000000000000e+02 0.000000000000000000e+00 0.000000000000000000e+00 1.000000000000000000e+00
0.000000000000000000e+00 1.630000000000000000e+02 5.740000000000000213e+00 0.000000000000000000e+00 7.587298205170262097e-05 1.808679232621064614e-02 0.000000000000000000e+00 0.000000000000000000e+00 7.690000000000000000e+02 0.000000000000000000e+00 0.000000000000000000e+00 1.000000000000000000e+00
0.000000000000000000e+00 1.630000000000000000e+02 5.750000000000000000e+00 0.000000000000000000e+00 7.586583102531424311e-05 1.808679270749116719e-02 0.000000000000000000e+00 0.000000000000000000e+00 7.690000000000000000e+02 0.000000000000000000e+00 0.000000000000000000e+00 1.000000000000000000e+00
0.000000000000000000e+00 1.630000000000000000e+02 5.759999999999999787e+00 0.000000000000000000e+00 7.586491723162239187e-05 1.808679275621311033e-02 0.000000000000000000e+00 0.000000000000000000e+00 7.690000000000000000e+02 0.000000000000000000e+00 0.000000000000000000e+00 1.000000000000000000e+00
0.000000000000000000e+00 1.630000000000000000e+02 5.769999999999999574e+00 0.000000000000000000e+00 7.586480046252298370e-05 1.808679276243903289e-02 0.000000000000000000e+00 0.000000000000000000e+00 7.690000000000000000e+02 0.000000000000000000e+00 0.000000000000000000e+00 1.000000000000000000e+00
0.000000000000000000e+00 1.630000000000000000e+02 5.780000000000000249e+00 0.000000000000000000e+00 7.586478554118712898e-05 1.808679276323463259e-02 0.000000000000000000e+00 0.000000000000000000e+00 7.690000000000000000e+02 0.000000000000000000e+00 0.000000000000000000e+00 1.000000000000000000e+00
0.000000000000000000e+00 1.630000000000000000e+02 5.790000000000000036e+00 0.000000000000000000e+00 7.586478363446466839e-05 1.808679276333628738e-02 0.000000000000000000e+00 0.000000000000000000e+00 7.690000000000000000e+02 0.000000000000000000e+00 0.000000000000000000e+00 1.000000000000000000e+00
0.000000000000000000e+00 1.630000000000000000e+02 5.799999999999999822e+00 0.000000000000000000e+00 7.586478339081420455e-05 1.808679276334927699e-02 0.000000000000000000e+00 0.000000000000000000e+00 7.690000000000000000e+02 0.000000000000000000e+00 0.000000000000000000e+00 1.000000000000000000e+00
0.000000000000000000e+00 1.630000000000000000e+02 5.809999999999999609e+00 0.000000000000000000e+00 7.586478335967933339e-05 1.808679276335092845e-02 0.000000000000000000e+00 0.000000000000000000e+00 7.690000000000000000e+02 0.000000000000000000e+00 0.000000000000000000e+00 1.000000000000000000e+00
0.000000000000000000e+00 1.630000000000000000e+02 5.820000000000000284e+00 0.000000000000000000e+00 7.586478335570075865e-05 1.808679276335117825e-02 0.000000000000000000e+00 0.000000000000000000e+00 7.690000000000000000e+02 0.000000000000000000e+00 0.000000000000000000e+00 1.000000000000000000e+00
0.000000000000000000e+00 1.630000000000000000e+02 5.830000000000000071e+00 0.000000000000000000e+00 7.586478335519236270e-05 1.808679276335115049e-02 0.000000000000000000e+00 0.000000000000000000e+00 7.690000000000000000e+02 0.000000000000000000e+00 0.000000000000000000e+00 1.000000000000000000e+00
0.000000000000000000e+00 1.630000000000000000e+02 5.839999999999999858e+00 0.000000000000000000e+00 7.586478335512739188e-05 1.808679276335115049e-02 0.000000000000000000e+00 0.000000000000000000e+00 7.690000000000000000e+02 0.000000000000000000e+00 0.000000000000000000e+00 1.000000000000000000e+00
0.000000000000000000e+00 1.630000000000000000e+02 5.849999999999999645e+00 0.000000000000000000e+00 7.586478335511909774e-05 1.808679276335115049e-02 0.000000000000000000e+00 0.000000000000000000e+00 7.690000000000000000e+02 0.000000000000000000e+00 0.000000000000000000e+00 1.000000000000000000e+00
0.000000000000000000e+00 1.630000000000000000e+02 5.860000000000000320e+00 0.000000000000000000e+00 7.586478335511802709e-05 1.808679276335115049e-02 0.000000000000000000e+00 0.000000000000000000e+00 7.690000000000000000e+02 0.000000000000000000e+00 0.000000000000000000e+00 1.000000000000000000e+00
0.000000000000000000e+00 1.630000000000000000e+02 5.870000000000000107e+00 0.000000000000000000e+00 7.586478335511789156e-05 1.808679276335115049e-02 0.000000000000000000e+00 0.000000000000000000e+00 7.690000000000000000e+02 0.000000000000000000e+00 0.000000000000000000e+00 1.000000000000000000e+00
0.000000000000000000e+00 1.630000000000000000e+02 5.879999999999999893e+00 0.000000000000000000e+00 7.586478335511787801e-05 1.808679276335115049e-02 0.000000000000000000e+00 0.000000000000000000e+00 7.690000000000000000e+02 0.000000000000000000e+00 0.000000000000000000e+00 1.000000000000000000e+00
0.000000000000000000e+00 1.630000000000000000e+02 5.889999999999999680e+00 0.000000000000000000e+00 7.586478335511787801e-05 1.808679276335115049e-02 0.000000000000000000e+00 0.000000000000000000e+00 7.690000000000000000e+02 0.000000000000000000e+00 0.000000000000000000e+00 1.000000000000000000e+00
0.000000000000000000e+00 1.630000000000000000e+02 5.899999999999999467e+00 0.000000000000000000e+00 7.586478335511787801e-05 1.808679276335115049e-02 0.000000000000000000e+00 0.000000000000000000e+00 7.690000000000000000e+02 0.000000000000000000e+00 0.000000000000000000e+00 1.000000000000000000e+00
0.000000000000000000e+00 1.630000000000000000e+02 5.910000000000000142e+00 0.000000000000000000e+00 7.586478335511787801e-05 1.808679276335115049e-02 0.000000000000000000e+00 0.000000000000000000e+00 7.690000000000000000e+02 0.000000000000000000e+00 0.000000000000000000e+00 1.000000000000000000e+00
0.000000000000000000e+00 1.630000000000000000e+02 5.919999999999999929e+00 0.000000000000000000e+00 7.586478335511787801e-05 1.808679276335115049e-02 0.000000000000000000e+00 0.000000000000000000e+00 7.690000000000000000e+02 0.000000000000000000e+00 0.000000000000000000e+00 1.000000000000000000e+00
0.000000000000000000e+00 1.630000000000000000e+02 5.929999999999999716e+00 0.000000000000000000e+00 7.586478335511787801e-05 1.808679276335115049e-02 0.000000000000000000e+00 0.000000000000000000e+00 7.690000000000000000e+02 0.000000000000000000e+00 0.000000000000000000e+00 1.000000000000000000e+00
0.000000000000000000e+00 1.630000000000000000e+02 5.939999999999999503e+00 0.000000000000000000e+00 7.586478335511787801e-05 1.808679276335115049e-02 0.000000000000000000e+00 0.000000000000000000e+00 7.690000000000000000e+02 0.000000000000000000e+00 0.000000000000000000e+00 1.000000000000000000e+00
0.000000000000000000e+00 1.630000000000000000e+02 5.950000000000000178e+00 0.000000000000000000e+00 7.586478335511787801e-05 1.808679276335115049e-02 0.000000000000000000e+00 0.000000000000000000e+00 7.690000000000000000e+02 0.000000000000000000e+00 0.000000000000000000e+00 1.000000000000000000e+00
0.000000000000000000e+00 1.630000000000000000e+02 5.959999999999999964e+00 0.000000000000000000e+00 7.586478335511787801e-05 1.808679276335115049e-02 0.000000000000000000e+00 0.000000000000000000e+00 7.690000000000000000e+02 0.000000000000000000e+00 0.000000000000000000e+00 1.000000000000000000e+00
0.000000000000000000e+00 1.630000000000000000e+02 5.969999999999999751e+00 0.000000000000000000e+00 7.586478335511787801e-05 1.808679276335115049e-02 0.000000000000000000e+00 0.000000000000000000e+00 7.690000000000000000e+02 0.000000000000000000e+00 0.000000000000000000e+00 1.000000000000000000e+00
0.000000000000000000e+00 1.630000000000000000e+02 5.979999999999999538e+00 0.000000000000000000e+00 7.586478335511787801e-05 1.808679276335115049e-02 0.000000000000000000e+00 0.000000000000000000e+00 7.690000000000000000e+02 0.000000000000000000e+00 0.000000000000000000e+00 1.000000000000000000e+00
0.000000000000000000e+00 1.630000000000000000e+02 5.990000000000000213e+00 0.000000000000000000e+00 7.586478335511787801e-05 1.808679276335115049e-02 0.000000000000000000e+00 0.000000000000000000e+00 7.690000000000000000e+02 0.000000000000000000e+00 0.000000000000000000e+00 1.000000000000000000e+00
0.000000000000000000e+00 1.630000000000000000e+02 6.000000000000000000e+00 0.000000000000000000e+00 7.586478335511787801e-05 1.808679276335115049e-02 0.000000000000000000e+00 0.000000000000000000e+00 7.690000000000000000e+02 0.000000000000000000e+00 0.000000000000000000e+00 1.000000000000000000e+00
0.000000000000000000e+00 1.630000000000000000e+02 6.009999999999999787e+00 0.000000000000000000e+00 7.586478335511787801e-05 1.808679276335115049e-02 0.000000000000000000e+00 0.000000000000000000e+00 7.690000000000000000e+02 0.000000000000000000e+00 0.000000000000000000e+00 1.000000000000000000e+00
0.000000000000000000e+00 1.630000000000000000e+02 6.019999999999999574e+00 0.000000000000000000e+00 7.586478335511787801e-05 1.808679276335115049e-02 0.000000000000000000e+00 0.000000000000000000e+00 7.690000000000000000e+02 0.000000000000000000e+00 0.000000000000000000e+00 1.000000000000000000e+00
0.000000000000000000e+00 1.630000000000000000e+02 6.030000000000000249e+00 0.000000000000000000e+00 7.586478335511787801e-05 1.808679276335115049e-02 0.000000000000000000e+00 0.000000000000000000e+00 7.690000000000000000e+02 0.000000000000000000e+00 0.000000000000000000e+00 1.000000000000000000e+00
0.000000000000000000e+00 1.630000000000000000e+02 6.040000000000000036e+00 0.000000000000000000e+00 7.586478335511787801e-05 1.808679276335115049e-02 0.000000000000000000e+00 0.000000000000000000e+00 7.690000000000000000e+02 0.000000000000000000e+00 0.000000000000000000e+00 1.000000000000000000e+00
0.000000000000000000e+00 1.630000000000000000e+02 6.049999999999999822e+00 0.000000000000000000e+00 7.586478335511787801e-05 1.808679276335115049e-02 0.000000000000000000e+00 0.000000000000000000e+00 7.690000000000000000e+02 0.000000000000000000e+00 0.000000000000000000e+00 1.000000000000000000e+00
0.000000000000000000e+00 1.630000000000000000e+02 6.059999999999999609e+00 0.000000000000000000e+00 7.586478335511787801e-05 1.808679276335115049e-02 0.000000000000000000e+00 0.000000000000000000e+00 7.690000000000000000e+02 0.000000000000000000e+00 0.000000000000000000e+00 1.000000000000000000e+00
0.000000000000000000e+00 1.630000000000000000e+02 6.070000000000000284e+00 0.000000000000000000e+00 7.586478335511787801e-05 1.808679276335115049e-02 0.000000000000000000e+00 0.000000000000000000e+00 7.690000000000000000e+02 0.000000000000000000e+00 0.000000000000000000e+00 1.000000000000000000e+00
0.000000000000000000e+00 1.630000000000000000e+02 6.080000000000000071e+00 0.000000000000000000e+00 7.586478335511787801e-05 1.808679276335115049e-02 0.000000000000000000e+00 0.000000000000000000e+00 7.690000000000000000e+02 0.000000000000000000e+00 0.000000000000000000e+00 1.000000000000000000e+00
0.000000000000000000e+00 1.630000000000000000e+02 6.089999999999999858e+00 0.000000000000000000e+00 7.586478335511787801e-05 1.808679276335115049e-02 0.000000000000000000e+00 0.000000000000000000e+00 7.690000000000000000e+02 0.000000000000000000e+00 0.000000000000000000e+00 1.000000000000000000e+00
0.000000000000000000e+00 1.630000000000000000e+02 6.099999999999999645e+00 0.000000000000000000e+00 7.586478335511787801e-05 1.808679276335115049e-02 0.000000000000000000e+00 0.000000000000000000e+00 7.690000000000000000e+02 0.000000000000000000e+00 0.000000000000000000e+00 1.000000000000000000e+00
0.000000000000000000e+00 1.630000000000000000e+02 6.110000000000000320e+00 0.000000000000000000e+00 7.586478335511787801e-05 1.808679276335115049e-02 0.000000000000000000e+00 0.000000000000000000e+00 7.690000000000000000e+02 0.000000000000000000e+00 0.000000000000000000e+00 1.000000000000000000e+00
0.000000000000000000e+00 1.630000000000000000e+02 6.120000000000000107e+00 0.000000000000000000e+00 7.586478335511787801e-05 1.808679276335115049e-02 0.000000000000000000e+00 0.000000000000000000e+00 7.690000000000000000e+02 0.000000000000000000e+00 0.000000000000000000e+00 1.000000000000000000e+00
0.000000000000000000e+00 1.630000000000000000e+02 6.129999999999999893e+00 0.000000000000000000e+00 7.586478335511787801e-05 1.808679276335115049e-02 0.000000000000000000e+00 0.000000000000000000e+00 7.690000000000000000e+02 0.000000000000000000e+00 0.000000000000000000e+00 1.000000000000000000e+00
0.000000000000000000e+00 1.630000000000000000e+02 6.139999999999999680e+00 0.000000000000000000e+00 7.586478335511787801e-05 1.808679276335115049e-02 0.000000000000000000e+00 0.000000000000000000e+00 7.690000000000000000e+02 0.000000000000000000e+00 0.000000000000000000e+00 1.000000000000000000e+00
0.000000000000000000e+00 1.630000000000000000e+02 6.150000000000000355e+00 0.000000000000000000e+00 7.586478335511787801e-05 1.808679276335115049e-02 0.000000000000000000e+00 0.000000000000000000e+00 7.690000000000000000e+02 0.000000000000000000e+00 0.000000000000000000e+00 1.000000000000000000e+00
0.000000000000000000e+00 1.630000000000000000e+02 6.160000000000000142e+00 0.000000000000000000e+00 7.586478335511787801e-05 1.808679276335115049e-02 0.000000000000000000e+00 0.000000000000000000e+00 7.690000000000000000e+02 0.000000000000000000e+00 0.000000000000000000e+00 1.000000000000000000e+00
0.000000000000000000e+00 1.630000000000000000e+02 6.169999999999999929e+00 0.000000000000000000e+00 7.586478335511787801e-05 1.808679276335115049e-02 0.000000000000000000e+00 0.000000000000000000e+00 7.690000000000000000e+02 0.000000000000000000e+00 0.000000000000000000e+00 1.000000000000000000e+00
0.000000000000000000e+00 1.630000000000000000e+02 6.179999999999999716e+00 0.000000000000000000e+00 7.586478335511787801e-05 1.808679276335115049e-02 0.000000000000000000e+00 0.000000000000000000e+00 7.690000000000000000e+02 0.000000000000000000e+00 0.000000000000000000e+00 1.000000000000000000e+00
0.000000000000000000e+00 1.630000000000000000e+02 6.189999999999999503e+00 0.000000000000000000e+00 7.586478335511787801e-05 1.808679276335115049e-02 0.000000000000000000e+00 0.000000000000000000e+00 7.690000000000000000e+02 0.000000000000000000e+00 0.000000000000000000e+00 1.000000000000000000e+00
0.000000000000000000e+00 1.630000000000000000e+02 6.200000000000000178e+00 0.000000000000000000e+00 7.586478335511787801e-05 1.808679276335115049e-02 0.000000000000000000e+00 0.000000000000000000e+00 7.690000000000000000e+02 0.000000000000000000e+00 0.000000000000000000e+00 1.000000000000000000e+00
0.000000000000000000e+00 1.630000000000000000e+02 6.209999999999999964e+00 0.000000000000000000e+00 7.586478335511787801e-05 1.808679276335115049e-02 0.000000000000000000e+00 0.000000000000000000e+00 7.690000000000000000e+02 0.000000000000000000e+00 0.000000000000000000e+00 1.000000000000000000e+00
0.000000000000000000e+00 1.630000000000000000e+02 6.219999999999999751e+00 0.000000000000000000e+00 7.586478335511787801e-05 1.808679276335115049e-02 0.000000000000000000e+00 0.000000000000000000e+00 7.690000000000000000e+02 0.000000000000000000e+00 0.000000000000000000e+00 1.000000000000000000e+00
0.000000000000000000e+00 1.630000000000000000e+02 6.229999999999999538e+00 0.000000000000000000e+00 7.586478335511785090e-05 1.808679276335115049e-02 0.000000000000000000e+00 0.000000000000000000e+00 7.690000000000000000e+02 0.000000000000000000e+00 0.000000000000000000e+00 1.000000000000000000e+00
0.000000000000000000e+00 1.630000000000000000e+02 6.240000000000000213e+00 0.000000000000000000e+00 7.586478335511766117e-05 1.808679276335115049e-02 0.000000000000000000e+00 0.000000000000000000e+00 7.690000000000000000e+02 0.000000000000000000e+00 0.000000000000000000e+00 1.000000000000000000e+00
0.000000000000000000e+00 1.630000000000000000e+02 6.250000000000000000e+00 0.000000000000000000e+00 7.586478335511622460e-05 1.808679276335115049e-02 0.000000000000000000e+00 0.000000000000000000e+00 7.690000000000000000e+02 0.000000000000000000e+00 0.000000000000000000e+00 1.000000000000000000e+00
0.000000000000000000e+00 1.630000000000000000e+02 6.259999999999999787e+00 0.000000000000000000e+00 7.586478335510492179e-05 1.808679276335115049e-02 0.000000000000000000e+00 0.000000000000000000e+00 7.690000000000000000e+02 0.000000000000000000e+00 0.000000000000000000e+00 1.000000000000000000e+00
0.000000000000000000e+00 1.630000000000000000e+02 6.269999999999999574e+00 0.000000000000000000e+00 7.586478335501653221e-05 1.808679276335117825e-02 0.000000000000000000e+00 0.000000000000000000e+00 7.690000000000000000e+02 0.000000000000000000e+00 0.000000000000000000e+00 1.000000000000000000e+00
0.000000000000000000e+00 1.630000000000000000e+02 6.280000000000000249e+00 0.000000000000000000e+00 7.586478335432482478e-05 1.808679276335124764e-02 0.000000000000000000e+00 0.000000000000000000e+00 7.690000000000000000e+02 0.000000000000000000e+00 0.000000000000000000e+00 1.000000000000000000e+00
0.000000000000000000e+00 1.630000000000000000e+02 6.290000000000000036e+00 0.000000000000000000e+00 7.586478334891168793e-05 1.808679276335145580e-02 0.000000000000000000e+00 0.000000000000000000e+00 7.690000000000000000e+02 0.000000000000000000e+00 0.000000000000000000e+00 1.000000000000000000e+00
0.000000000000000000e+00 1.630000000000000000e+02 6.299999999999999822e+00 0.000000000000000000e+00 7.586478330655039117e-05 1.808679276335373176e-02 0.000000000000000000e+00 0.000000000000000000e+00 7.690000000000000000e+02 0.000000000000000000e+00 0.000000000000000000e+00 1.000000000000000000e+00
0.000000000000000000e+00 1.630000000000000000e+02 6.309999999999999609e+00 0.000000000000000000e+00 7.586478297504588688e-05 1.808679276337142594e-02 0.000000000000000000e+00 0.000000000000000000e+00 7.690000000000000000e+02 0.000000000000000000e+00 0.000000000000000000e+00 1.000000000000000000e+00
0.000000000000000000e+00 1.630000000000000000e+02 6.320000000000000284e+00 0.000000000000000000e+00 7.586478038080886007e-05 1.808679276350977361e-02 0.000000000000000000e+00 0.000000000000000000e+00 7.690000000000000000e+02 0.000000000000000000e+00 0.000000000000000000e+00 1.000000000000000000e+00
0.000000000000000000e+00 1.630000000000000000e+02 6.330000000000000071e+00 0.000000000000000000e+00 7.586476007922700619e-05 1.808679276459222718e-02 0.000000000000000000e+00 0.000000000000000000e+00 7.690000000000000000e+02 0.000000000000000000e+00 0.000000000000000000e+00 1.000000000000000000e+00
0.000000000000000000e+00 1.630000000000000000e+02 6.339999999999999858e+00 0.000000000000000000e+00 7.586460120622441617e-05 1.808679277306307620e-02 0.000000000000000000e+00 0.000000000000000000e+00 7.690000000000000000e+02 0.000000000000000000e+00 0.000000000000000000e+00 1.000000000000000000e+00
0.000000000000000000e+00 1.630000000000000000e+02 6.349999999999999645e+00 0.000000000000000000e+00 7.586335792227083021e-05 1.808679283935282767e-02 0.000000000000000000e+00 0.000000000000000000e+00 7.690000000000000000e+02 0.000000000000000000e+00 0.000000000000000000e+00 1.000000000000000000e+00
0.000000000000000000e+00 1.630000000000000000e+02 6.360000000000000320e+00 0.000000000000000000e+00 7.585362842157533658e-05 1.808679335811300137e-02 0.000000000000000000e+00 0.000000000000000000e+00 7.690000000000000000e+02 0.000000000000000000e+00 0.000000000000000000e+00 1.000000000000000000e+00
0.000000000000000000e+00 1.630000000000000000e+02 6.370000000000000107e+00 0.000000000000000000e+00 7.577748878870187220e-05 1.808679741773625005e-02 0.000000000000000000e+00 0.000000000000000000e+00 7.690000000000000000e+02 0.000000000000000000e+00 0.000000000000000000e+00 1.000000000000000000e+00
0.000000000000000000e+00 1.630000000000000000e+02 6.379999999999999893e+00 0.000000000000000000e+00 7.518164693868882847e-05 1.808682918625414970e-02 0.000000000000000000e+00 0.000000000000000000e+00 7.690000000000000000e+02 0.000000000000000000e+00 0.000000000000000000e+00 1.000000000000000000e+00
0.000000000000000000e+00 1.630000000000000000e+02 6.389999999999999680e+00 0.000000000000000000e+00 7.051879926227564474e-05 1.808707775513791749e-02 0.000000000000000000e+00 0.000000000000000000e+00 7.690000000000000000e+02 0.000000000000000000e+00 0.000000000000000000e+00 1.000000000000000000e+00
0.000000000000000000e+00 1.630000000000000000e+02 6.400000000000000355e+00 0.000000000000000000e+00 3.402900175483969088e-05 1.808902049873473139e-02 0.000000000000000000e+00 0.000000000000000000e+00 7.690000000000000000e+02 0.000000000000000000e+00 0.000000000000000000e+00 1.000000000000000000e+00
0.000000000000000000e+00 1.630000000000000000e+02 6.410000000000000142e+00 0.000000000000000000e+00 -2.515272536787316457e-04 1.810407244195823273e-02 0.000000000000000000e+00 0.000000000000000000e+00 7.690000000000000000e+02 0.000000000000000000e+00 0.000000000000000000e+00 1.000000000000000000e+00
0.000000000000000000e+00 1.630000000000000000e+02 6.419999999999999929e+00 0.000000000000000000e+00 -2.486189558960809690e-03 1.821255125727022639e-02 0.000000000000000000e+00 0.000000000000000000e+00 7.690000000000000000e+02 0.000000000000000000e+00 0.000000000000000000e+00 1.000000000000000000e+00
0.000000000000000000e+00 1.630000000000000000e+02 6.429999999999999716e+00 0.000000000000000000e+00 -1.997386676311259726e-02 1.847169803473032446e-02 0.000000000000000000e+00 0.000000000000000000e+00 7.690000000000000000e+02 0.000000000000000000e+00 0.000000000000000000e+00 1.000000000000000000e+00
0.000000000000000000e+00 1.630000000000000000e+02 6.439999999999999503e+00 0.000000000000000000e+00 -1.568262463256734351e-01 1.093063293640953445e-16 0.000000000000000000e+00 1.000000000000000000e+00 7.690000000000000000e+02 0.000000000000000000e+00 0.000000000000000000e+00 1.000000000000000000e+00
0.000000000000000000e+00 1.630000000000000000e+02 6.450000000000000178e+00 0.000000000000000000e+00 -1.997386676311260420e-02 1.847169803473033833e-02 0.000000000000000000e+00 0.000000000000000000e+00 7.690000000000000000e+02 0.000000000000000000e+00 0.000000000000000000e+00 1.000000000000000000e+00
0.000000000000000000e+00 1.630000000000000000e+02 6.459999999999999964e+00 0.000000000000000000e+00 -2.486189558960810991e-03 1.821255125727022639e-02 0.000000000000000000e+00 0.000000000000000000e+00 7.690000000000000000e+02 0.000000000000000000e+00 0.000000000000000000e+00 1.000000000000000000e+00
0.000000000000000000e+00 1.630000000000000000e+02 6.469999999999999751e+00 0.000000000000000000e+00 -2.515272536787319167e-04 1.810407244195823273e-02 0.000000000000000000e+00 0.000000000000000000e+00 7.690000000000000000e+02 0.000000000000000000e+00 0.000000000000000000e+00 1.000000000000000000e+00
0.000000000000000000e+00 1.630000000000000000e+02 6.479999999999999538e+00 0.000000000000000000e+00 3.402900175483965700e-05 1.808902049873474527e-02 0.000000000000000000e+00 0.000000000000000000e+00 7.690000000000000000e+02 0.000000000000000000e+00 0.000000000000000000e+00 1.000000000000000000e+00
0.000000000000000000e+00 1.630000000000000000e+02 6.490000000000000213e+00 0.000000000000000000e+00 7.051879926227564474e-05 1.808707775513797300e-02 0.000000000000000000e+00 0.000000000000000000e+00 7.690000000000000000e+02 0.000000000000000000e+00 0.000000000000000000e+00 1.000000000000000000e+00
0.000000000000000000e+00 1.630000000000000000e+02 6.500000000000000000e+00 0.000000000000000000e+00 7.518164693868882847e-05 1.808682918625414970e-02 0.000000000000000000e+00 0.000000000000000000e+00 7.690000000000000000e+02 0.000000000000000000e+00 0.000000000000000000e+00 1.000000000000000000e+00
0.000000000000000000e+00 1.630000000000000000e+02 6.509999999999999787e+00 0.000000000000000000e+00 7.577748878870187220e-05 1.808679741773625005e-02 0.000000000000000000e+00 0.000000000000000000e+00 7.690000000000000000e+02 0.000000000000000000e+00 0.000000000000000000e+00 1.000000000000000000e+00
0.000000000000000000e+00 1.630000000000000000e+02 6.519999999999999574e+00 0.000000000000000000e+00 7.585362842157533658e-05 1.808679335811300137e-02 0.000000000000000000e+00 0.000000000000000000e+00 7.690000000000000000e+02 0.000000000000000000e+00 0.000000000000000000e+00 1.000000000000000000e+00
0.000000000000000000e+00 1.630000000000000000e+02 6.530000000000000249e+00 0.000000000000000000e+00 7.586335792227083021e-05 1.808679283935282767e-02 0.000000000000000000e+00 0.000000000000000000e+00 7.690000000000000000e+02 0.000000000000000000e+00 0.000000000000000000e+00 1.000000000000000000e+00
0.000000000000000000e+00 1.630000000000000000e+02 6.540000000000000036e+00 0.000000000000000000e+00 7.586460120622441617e-05 1.808679277306307620e-02 0.000000000000000000e+00 0.000000000000000000e+00 7.690000000000000000e+02 0.000000000000000000e+00 0.000000000000000000e+00 1.000000000000000000e+00
0.000000000000000000e+00 1.630000000000000000e+02 6.549999999999999822e+00 0.000000000000000000e+00 7.586476007922700619e-05 1.808679276459222718e-02 0.000000000000000000e+00 0.000000000000000000e+00 7.690000000000000000e+02 0.000000000000000000e+00 0.000000000000000000e+00 1.000000000000000000e+00
0.000000000000000000e+00 1.630000000000000000e+02 6.559999999999999609e+00 0.000000000000000000e+00 7.586478038080886007e-05 1.808679276350977361e-02 0.000000000000000000e+00 0.000000000000000000e+00 7.690000000000000000e+02 0.000000000000000000e+00 0.000000000000000000e+00 1.000000000000000000e+00
0.000000000000000000e+00 1.630000000000000000e+02 6.570000000000000284e+00 0.000000000000000000e+00 7.586478297504588688e-05 1.808679276337142594e-02 0.000000000000000000e+00 0.000000000000000000e+00 7.690000000000000000e+02 0.000000000000000000e+00 0.000000000000000000e+00 1.000000000000000000e+00
0.000000000000000000e+00 1.630000000000000000e+02 6.580000000000000071e+00 0.000000000000000000e+00 7.586478330655039117e-05 1.808679276335373176e-02 0.000000000000000000e+00 0.000000000000000000e+00 7.690000000000000000e+02 0.000000000000000000e+00 0.000000000000000000e+00 1.000000000000000000e+00
0.000000000000000000e+00 1.630000000000000000e+02 6.589999999999999858e+00 0.000000000000000000e+00 7.586478334891168793e-05 1.808679276335145580e-02 0.000000000000000000e+00 0.000000000000000000e+00 7.690000000000000000e+02 0.000000000000000000e+00 0.000000000000000000e+00 1.000000000000000000e+00
0.000000000000000000e+00 1.630000000000000000e+02 6.599999999999999645e+00 0.000000000000000000e+00 7.586478335432482478e-05 1.808679276335124764e-02 0.000000000000000000e+00 0.000000000000000000e+00 7.690000000000000000e+02 0.000000000000000000e+00 0.000000000000000000e+00 1.000000000000000000e+00
0.000000000000000000e+00 1.630000000000000000e+02 6.610000000000000320e+00 0.000000000000000000e+00 7.586478335501653221e-05 1.808679276335117825e-02 0.000000000000000000e+00 0.000000000000000000e+00 7.690000000000000000e+02 0.000000000000000000e+00 0.000000000000000000e+00 1.000000000000000000e+00
0.000000000000000000e+00 1.630000000000000000e+02 6.620000000000000107e+00 0.000000000000000000e+00 7.586478335510492179e-05 1.808679276335115049e-02 0.000000000000000000e+00 0.000000000000000000e+00 7.690000000000000000e+02 0.000000000000000000e+00 0.000000000000000000e+00 1.000000000000000000e+00
0.000000000000000000e+00 1.630000000000000000e+02 6.629999999999999893e+00 0.000000000000000000e+00 7.586478335511622460e-05 1.808679276335115049e-02 0.000000000000000000e+00 0.000000000000000000e+00 7.690000000000000000e+02 0.000000000000000000e+00 0.000000000000000000e+00 1.000000000000000000e+00
0.000000000000000000e+00 1.630000000000000000e+02 6.639999999999999680e+00 0.000000000000000000e+00 7.586478335511766117e-05 1.808679276335115049e-02 0.000000000000000000e+00 0.000000000000000000e+00 7.690000000000000000e+02 0.000000000000000000e+00 0.000000000000000000e+00 1.000000000000000000e+00
0.000000000000000000e+00 1.630000000000000000e+02 6.650000000000000355e+00 0.000000000000000000e+00 7.586478335511785090e-05 1.808679276335115049e-02 0.000000000000000000e+00 0.000000000000000000e+00 7.690000000000000000e+02 0.000000000000000000e+00 0.000000000000000000e+00 1.000000000000000000e+00
0.000000000000000000e+00 1.630000000000000000e+02 6.660000000000000142e+00 0.000000000000000000e+00 7.586478335511787801e-05 1.808679276335115049e-02 0.000000000000000000e+00 0.000000000000000000e+00 7.690000000000000000e+02 0.000000000000000000e+00 0.000000000000000000e+00 1.000000000000000000e+00
0.000000000000000000e+00 1.630000000000000000e+02 6.669999999999999929e+00 0.000000000000000000e+00 7.586478335511787801e-05 1.808679276335115049e-02 0.000000000000000000e+00 0.000000000000000000e+00 7.690000000000000000e+02 0.000000000000000000e+00 0.000000000000000000e+00 1.000000000000000000e+00
0.000000000000000000e+00 1.630000000000000000e+02 6.679999999999999716e+00 0.000000000000000000e+00 7.586478335511787801e-05 1.808679276335115049e-02 0.000000000000000000e+00 0.000000000000000000e+00 7.690000000000000000e+02 0.000000000000000000e+00 0.000000000000000000e+00 1.000000000000000000e+00
0.000000000000000000e+00 1.630000000000000000e+02 6.689999999999999503e+00 0.000000000000000000e+00 7.586478335511787801e-05 1.808679276335115049e-02 0.000000000000000000e+00 0.000000000000000000e+00 7.690000000000000000e+02 0.000000000000000000e+00 0.000000000000000000e+00 1.000000000000000000e+00
0.000000000000000000e+00 1.630000000000000000e+02 6.700000000000000178e+00 0.000000000000000000e+00 7.586478335511787801e-05 1.808679276335115049e-02 0.000000000000000000e+00 0.000000000000000000e+00 7.690000000000000000e+02 0.000000000000000000e+00 0.000000000000000000e+00 1.000000000000000000e+00
0.000000000000000000e+00 1.630000000000000000e+02 6.709999999999999964e+00 0.000000000000000000e+00 7.586478335511787801e-05 1.808679276335115049e-02 0.000000000000000000e+00 0.000000000000000000e+00 7.690000000000000000e+02 0.000000000000000000e+00 0.000000000000000000e+00 1.000000000000000000e+00
0.000000000000000000e+00 1.630000000000000000e+02 6.719999999999999751e+00 0.000000000000000000e+00 7.586478335511787801e-05 1.808679276335115049e-02 0.000000000000000000e+00 0.000000000000000000e+00 7.690000000000000000e+02 0.000000000000000000e+00 0.000000000000000000e+00 1.000000000000000000e+00
0.000000000000000000e+00 1.630000000000000000e+02 6.729999999999999538e+00 0.000000000000000000e+00 7.586478335511787801e-05 1.808679276335115049e-02 0.000000000000000000e+00 0.000000000000000000e+00 7.690000000000000000e+02 0.000000000000000000e+00 0.000000000000000000e+00 1.000000000000000000e+00
0.000000000000000000e+00 1.630000000000000000e+02 6.740000000000000213e+00 0.000000000000000000e+00 7.586478335511787801e-05 1.808679276335115049e-02 0.000000000000000000e+00 0.000000000000000000e+00 7.690000000000000000e+02 0.000000000000000000e+00 0.000000000000000000e+00 1.000000000000000000e+00
0.000000000000000000e+00 1.630000000000000000e+02 6.750000000000000000e+00 0.000000000000000000e+00 7.586478335511787801e-05 1.808679276335115049e-02 0.000000000000000000e+00 0.000000000000000000e+00 7.690000000000000000e+02 0.000000000000000000e+00 0.000000000000000000e+00 1.000000000000000000e+00
0.000000000000000000e+00 1.630000000000000000e+02 6.759999999999999787e+00 0.000000000000000000e+00 7.586478335511787801e-05 1.808679276335115049e-02 0.000000000000000000e+00 0.000000000000000000e+00 7.690000000000000000e+02 0.000000000000000000e+00 0.000000000000000000e+00 1.000000000000000000e+00
0.000000000000000000e+00 1.630000000000000000e+02 6.769999999999999574e+00 0.000000000000000000e+00 7.586478335511787801e-05 1.808679276335115049e-02 0.000000000000000000e+00 0.000000000000000000e+00 7.690000000000000000e+02 0.000000000000000000e+00 0.000000000000000000e+00 1.000000000000000000e+00
0.000000000000000000e+00 1.630000000000000000e+02 6.780000000000000249e+00 0.000000000000000000e+00 7.586478335511787801e-05 1.808679276335115049e-02 0.000000000000000000e+00 0.000000000000000000e+00 7.690000000000000000e+02 0.000000000000000000e+00 0.000000000000000000e+00 1.000000000000000000e+00
0.000000000000000000e+00 1.630000000000000000e+02 6.790000000000000036e+00 0.000000000000000000e+00 7.586478335511787801e-05 1.808679276335115049e-02 0.000000000000000000e+00 0.000000000000000000e+00 7.690000000000000000e+02 0.000000000000000000e+00 0.000000000000000000e+00 1.000000000000000000e+00
0.000000000000000000e+00 1.630000000000000000e+02 6.799999999999999822e+00 0.000000000000000000e+00 7.586478335511787801e-05 1.808679276335115049e-02 0.000000000000000000e+00 0.000000000000000000e+00 7.690000000000000000e+02 0.000000000000000000e+00 0.000000000000000000e+00 1.000000000000000000e+00
0.000000000000000000e+00 1.630000000000000000e+02 6.809999999999999609e+00 0.000000000000000000e+00 7.586478335511787801e-05 1.808679276335115049e-02 0.000000000000000000e+00 0.000000000000000000e+00 7.690000000000000000e+02 0.000000000000000000e+00 0.000000000000000000e+00 1.000000000000000000e+00
0.000000000000000000e+00 1.630000000000000000e+02 6.820000000000000284e+00 0.000000000000000000e+00 7.586478335511787801e-05 1.808679276335115049e-02 0.000000000000000000e+00 0.000000000000000000e+00 7.690000000000000000e+02 0.000000000000000000e+00 0.000000000000000000e+00 1.000000000000000000e+00
0.000000000000000000e+00 1.630000000000000000e+02 6.830000000000000071e+00 0.000000000000000000e+00 7.586478335511787801e-05 1.808679276335115049e-02 0.000000000000000000e+00 0.000000000000000000e+00 7.690000000000000000e+02 0.000000000000000000e+00 0.000000000000000000e+00 1.000000000000000000e+00
0.000000000000000000e+00 1.630000000000000000e+02 6.839999999999999858e+00 0.000000000000000000e+00 7.586478335511787801e-05 1.808679276335115049e-02 0.000000000000000000e+00 0.000000000000000000e+00 7.690000000000000000e+02 0.000000000000000000e+00 0.000000000000000000e+00 1.000000000000000000e+00
0.000000000000000000e+00 1.630000000000000000e+02 6.849999999999999645e+00 0.000000000000000000e+00 7.586478335511787801e-05 1.808679276335115049e-02 0.000000000000000000e+00 0.000000000000000000e+00 7.690000000000000000e+02 0.000000000000000000e+00 0.000000000000000000e+00 1.000000000000000000e+00
0.000000000000000000e+00 1.630000000000000000e+02 6.860000000000000320e+00 0.000000000000000000e+00 7.586478335511787801e-05 1.808679276335115049e-02 0.000000000000000000e+00 0.000000000000000000e+00 7.690000000000000000e+02 0.000000000000000000e+00 0.000000000000000000e+00 1.000000000000000000e+00
0.000000000000000000e+00 1.630000000000000000e+02 6.870000000000000107e+00 0.000000000000000000e+00 7.586478335511787801e-05 1.808679276335115049e-02 0.000000000000000000e+00 0.000000000000000000e+00 7.690000000000000000e+02 0.000000000000000000e+00 0.000000000000000000e+00 1.000000000000000000e+00
0.000000000000000000e+00 1.630000000000000000e+02 6.879999999999999893e+00 0.000000000000000000e+00 7.586478335511787801e-05 1.808679276335115049e-02 0.000000000000000000e+00 0.000000000000000000e+00 7.690000000000000000e+02 0.000000000000000000e+00 0.000000000000000000e+00 1.000000000000000000e+00
0.000000000000000000e+00 1.630000000000000000e+02 6.889999999999999680e+00 0.000000000000000000e+00 7.586478335511787801e-05 1.808679276335115049e-02 0.000000000000000000e+00 0.000000000000000000e+00 7.690000000000000000e+02 0.000000000000000000e+00 0.000000000000000000e+00 1.000000000000000000e+00
0.000000000000000000e+00 1.630000000000000000e+02 6.900000000000000355e+00 0.000000000000000000e+00 7.586478335511787801e-05 1.808679276335115049e-02 0.000000000000000000e+00 0.000000000000000000e+00 7.690000000000000000e+02 0.000000000000000000e+00 0.000000000000000000e+00 1.000000000000000000e+00
0.000000000000000000e+00 1.630000000000000000e+02 6.910000000000000142e+00 0.000000000000000000e+00 7.586478335511787801e-05 1.808679276335115049e-02 0.000000000000000000e+00 0.000000000000000000e+00 7.690000000000000000e+02 0.000000000000000000e+00 0.000000000000000000e+00 1.000000000000000000e+00
0.000000000000000000e+00 1.630000000000000000e+02 6.919999999999999929e+00 0.000000000000000000e+00 7.586478335511787801e-05 1.808679276335115049e-02 0.000000000000000000e+00 0.000000000000000000e+00 7.690000000000000000e+02 0.000000000000000000e+00 0.000000000000000000e+00 1.000000000000000000e+00
0.000000000000000000e+00 1.630000000000000000e+02 6.929999999999999716e+00 0.000000000000000000e+00 7.586478335511787801e-05 1.808679276335115049e-02 0.000000000000000000e+00 0.000000000000000000e+00 7.690000000000000000e+02 0.000000000000000000e+00 0.000000000000000000e+00 1.000000000000000000e+00
0.000000000000000000e+00 1.630000000000000000e+02 6.939999999999999503e+00 0.000000000000000000e+00 7.586478335511787801e-05 1.808679276335115049e-02 0.000000000000000000e+00 0.000000000000000000e+00 7.690000000000000000e+02 0.000000000000000000e+00 0.000000000000000000e+00 1.000000000000000000e+00
0.000000000000000000e+00 1.630000000000000000e+02 6.950000000000000178e+00 0.000000000000000000e+00 7.586478335511787801e-05 1.808679276335115049e-02 0.000000000000000000e+00 0.000000000000000000e+00 7.690000000000000000e+02 0.000000000000000000e+00 0.000000000000000000e+00 1.000000000000000000e+00
0.000000000000000000e+00 1.630000000000000000e+02 6.959999999999999964e+00 0.000000000000000000e+00 7.586478335511787801e-05 1.808679276335115049e-02 0.000000000000000000e+00 0.000000000000000000e+00 7.690000000000000000e+02 0.000000000000000000e+00 0.000000000000000000e+00 1.000000000000000000e+00
0.000000000000000000e+00 1.630000000000000000e+02 6.969999999999999751e+00 0.000000000000000000e+00 7.586478335511787801e-05 1.808679276335115049e-02 0.000000000000000000e+00 0.000000000000000000e+00 7.690000000000000000e+02 0.000000000000000000e+00 0.000000000000000000e+00 1.000000000000000000e+00
0.000000000000000000e+00 1.630000000000000000e+02 6.979999999999999538e+00 0.000000000000000000e+00 7.586478335511787801e-05 1.808679276335115049e-02 0.000000000000000000e+00 0.000000000000000000e+00 7.690000000000000000e+02 0.000000000000000000e+00 0.000000000000000000e+00 1.000000000000000000e+00
0.000000000000000000e+00 1.630000000000000000e+02 6.990000000000000213e+00 0.000000000000000000e+00 7.586478335511787801e-05 1.808679276335115049e-02 0.000000000000000000e+00 0.000000000000000000e+00 7.690000000000000000e+02 0.000000000000000000e+00 0.000000000000000000e+00 1.000000000000000000e+00
0.000000000000000000e+00 1.630000000000000000e+02 7.000000000000000000e+00 0.000000000000000000e+00 7.586478335511787801e-05 1.808679276335115049e-02 0.000000000000000000e+00 0.000000000000000000e+00 7.690000000000000000e+02 0.000000000000000000e+00 0.000000000000000000e+00 1.000000000000000000e+00
0.000000000000000000e+00 1.630000000000000000e+02 7.009999999999999787e+00 0.000000000000000000e+00 7.586478335511787801e-05 1.808679276335115049e-02 0.000000000000000000e+00 0.000000000000000000e+00 7.690000000000000000e+02 0.000000000000000000e+00 0.000000000000000000e+00 1.000000000000000000e+00
0.000000000000000000e+00 1.630000000000000000e+02 7.019999999999999574e+00 0.000000000000000000e+00 7.586478335511787801e-05 1.808679276335115049e-02 0.000000000000000000e+00 0.000000000000000000e+00 7.690000000000000000e+02 0.000000000000000000e+00 0.000000000000000000e+00 1.000000000000000000e+00
0.000000000000000000e+00 1.630000000000000000e+02 7.030000000000000249e+00 0.000000000000000000e+00 7.586478335511787801e-05 1.808679276335115049e-02 0.000000000000000000e+00 0.000000000000000000e+00 7.690000000000000000e+02 0.000000000000000000e+00 0.000000000000000000e+00 1.000000000000000000e+00
0.000000000000000000e+00 1.630000000000000000e+02 7.040000000000000036e+00 0.000000000000000000e+00 7.586478335511787801e-05 1.808679276335115049e-02 0.000000000000000000e+00 0.000000000000000000e+00 7.690000000000000000e+02 0.000000000000000000e+00 0.000000000000000000e+00 1.000000000000000000e+00
0.000000000000000000e+00 1.630000000000000000e+02 7.049999999999999822e+00 0.000000000000000000e+00 7.586478335511787801e-05 1.808679276335115049e-02 0.000000000000000000e+00 0.000000000000000000e+00 7.690000000000000000e+02 0.000000000000000000e+00 0.000000000000000000e+00 1.000000000000000000e+00
0.000000000000000000e+00 1.630000000000000000e+02 7.059999999999999609e+00 0.000000000000000000e+00 7.586478335511787801e-05 1.808679276335115049e-02 0.000000000000000000e+00 0.000000000000000000e+00 7.690000000000000000e+02 0.000000000000000000e+00 0.000000000000000000e+00 1.000000000000000000e+00
0.000000000000000000e+00 1.630000000000000000e+02 7.070000000000000284e+00 0.000000000000000000e+00 7.586478335511787801e-05 1.808679276335115049e-02 0.000000000000000000e+00 0.000000000000000000e+00 7.690000000000000000e+02 0.000000000000000000e+00 0.000000000000000000e+00 1.000000000000000000e+00
0.000000000000000000e+00 1.630000000000000000e+02 7.080000000000000071e+00 0.000000000000000000e+00 7.586478335511787801e-05 1.808679276335115049e-02 0.000000000000000000e+00 0.000000000000000000e+00 7.690000000000000000e+02 0.000000000000000000e+00 0.000000000000000000e+00 1.000000000000000000e+00
0.000000000000000000e+00 1.630000000000000000e+02 7.089999999999999858e+00 0.000000000000000000e+00 7.586478335511787801e-05 1.808679276335115049e-02 0.000000000000000000e+00 0.000000000000000000e+00 7.690000000000000000e+02 0.000000000000000000e+00 0.000000000000000000e+00 1.000000000000000000e+00
0.000000000000000000e+00 1.630000000000000000e+02 7.099999999999999645e+00 0.000000000000000000e+00 7.586478335511787801e-05 1.808679276335115049e-02 0.000000000000000000e+00 0.000000000000000000e+00 7.690000000000000000e+02 0.000000000000000000e+00 0.000000000000000000e+00 1.000000000000000000e+00
0.000000000000000000e+00 1.630000000000000000e+02 7.110000000000000320e+00 0.000000000000000000e+00 7.586478335511787801e-05 1.808679276335115049e-02 0.000000000000000000e+00 0.000000000000000000e+00 7.690000000000000000e+02 0.000000000000000000e+00 0.000000000000000000e+00 1.000000000000000000e+00
0.000000000000000000e+00 1.630000000000000000e+02 7.120000000000000107e+00 0.000000000000000000e+00 7.586478335511787801e-05 1.808679276335115049e-02 0.000000000000000000e+00 0.000000000000000000e+00 7.690000000000000000e+02 0.000000000000000000e+00 0.000000000000000000e+00 1.000000000000000000e+00
0.000000000000000000e+00 1.630000000000000000e+02 7.129999999999999893e+00 0.000000000000000000e+00 7.586478335511787801e-05 1.808679276335115049e-02 0.000000000000000000e+00 0.000000000000000000e+00 7.690000000000000000e+02 0.000000000000000000e+00 0.000000000000000000e+00 1.000000000000000000e+00
0.000000000000000000e+00 1.630000000000000000e+02 7.139999999999999680e+00 0.000000000000000000e+00 7.586478335511787801e-05 1.808679276335115049e-02 0.000000000000000000e+00 0.000000000000000000e+00 7.690000000000000000e+02 0.000000000000000000e+00 0.000000000000000000e+00 1.000000000000000000e+00
0.000000000000000000e+00 1.630000000000000000e+02 7.150000000000000355e+00 0.000000000000000000e+00 7.586478335511787801e-05 1.808679276335115049e-02 0.000000000000000000e+00 0.000000000000000000e+00 7.690000000000000000e+02 0.000000000000000000e+00 0.000000000000000000e+00 1.000000000000000000e+00
0.000000000000000000e+00 1.630000000000000000e+02 7.160000000000000142e+00 0.000000000000000000e+00 7.586478335511787801e-05 1.808679276335115049e-02 0.000000000000000000e+00 0.000000000000000000e+00 7.690000000000000000e+02 0.000000000000000000e+00 0.000000000000000000e+00 1.000000000000000000e+00
0.000000000000000000e+00 1.630000000000000000e+02 7.169999999999999929e+00 0.000000000000000000e+00 7.586478335511787801e-05 1.808679276335115049e-02 0.000000000000000000e+00 0.000000000000000000e+00 7.690000000000000000e+02 0.000000000000000000e+00 0.000000000000000000e+00 1.000000000000000000e+00
0.000000000000000000e+00 1.630000000000000000e+02 7.179999999999999716e+00 0.000000000000000000e+00 7.586478335511787801e-05 1.808679276335115049e-02 0.000000000000000000e+00 0.000000000000000000e+00 7.690000000000000000e+02 0.000000000000000000e+00 0.000000000000000000e+00 1.000000000000000000e+00
0.000000000000000000e+00 1.630000000000000000e+02 7.189999999999999503e+00 0.000000000000000000e+00 7.586478335511787801e-05 1.808679276335115049e-02 0.000000000000000000e+00 0.000000000000000000e+00 7.690000000000000000e+02 0.000000000000000000e+00 0.000000000000000000e+00 1.000000000000000000e+00
0.000000000000000000e+00 1.630000000000000000e+02 7.200000000000000178e+00 0.000000000000000000e+00 7.586478335511787801e-05 1.808679276335115049e-02 0.000000000000000000e+00 0.000000000000000000e+00 7.690000000000000000e+02 0.000000000000000000e+00 0.000000000000000000e+00 1.000000000000000000e+00
0.000000000000000000e+00 1.630000000000000000e+02 7.209999999999999964e+00 0.000000000000000000e+00 7.586478335511787801e-05 1.808679276335115049e-02 0.000000000000000000e+00 0.000000000000000000e+00 7.690000000000000000e+02 0.000000000000000000e+00 0.000000000000000000e+00 1.000000000000000000e+00
0.000000000000000000e+00 1.630000000000000000e+02 7.219999999999999751e+00 0.000000000000000000e+00 7.586478335511787801e-05 1.808679276335115049e-02 0.000000000000000000e+00 0.000000000000000000e+00 7.690000000000000000e+02 0.000000000000000000e+00 0.000000000000000000e+00 1.000000000000000000e+00
0.000000000000000000e+00 1.630000000000000000e+02 7.229999999999999538e+00 0.000000000000000000e+00 7.586478335511787801e-05 1.808679276335115049e-02 0.000000000000000000e+00 0.000000000000000000e+00 7.690000000000000000e+02 0.000000000000000000e+00 0.000000000000000000e+00 1.000000000000000000e+00
0.000000000000000000e+00 1.630000000000000000e+02 7.240000000000000213e+00 0.000000000000000000e+00 7.586478335511787801e-05 1.808679276335115049e-02 0.000000000000000000e+00 0.000000000000000000e+00 7.690000000000000000e+02 0.000000000000000000e+00 0.000000000000000000e+00 1.000000000000000000e+00
0.000000000000000000e+00 1.630000000000000000e+02 7.250000000000000000e+00 0.000000000000000000e+00 7.586478335511787801e-05 1.808679276335115049e-02 0.000000000000000000e+00 0.000000000000000000e+00 7.690000000000000000e+02 0.000000000000000000e+00 0.000000000000000000e+00 1.000000000000000000e+00
0.000000000000000000e+00 1.630000000000000000e+02 7.259999999999999787e+00 0.000000000000000000e+00 7.586478335511787801e-05 1.808679276335115049e-02 0.000000000000000000e+00 0.000000000000000000e+00 7.690000000000000000e+02 0.000000000000000000e+00 0.000000000000000000e+00 1.000000000000000000e+00
0.000000000000000000e+00 1.630000000000000000e+02 7.269999999999999574e+00 0.000000000000000000e+00 7.586478335511787801e-05 1.808679276335115049e-02 0.000000000000000000e+00 0.000000000000000000e+00 7.690000000000000000e+02 0.000000000000000000e+00 0.000000000000000000e+00 1.000000000000000000e+00
0.000000000000000000e+00 1.630000000000000000e+02 7.280000000000000249e+00 0.000000000000000000e+00 7.586478335511787801e-05 1.808679276335115049e-02 0.000000000000000000e+00 0.000000000000000000e+00 7.690000000000000000e+02 0.000000000000000000e+00 0.000000000000000000e+00 1.000000000000000000e+00
0.000000000000000000e+00 1.630000000000000000e+02 7.290000000000000036e+00 0.000000000000000000e+00 7.586478335511787801e-05 1.808679276335115049e-02 0.000000000000000000e+00 0.000000000000000000e+00 7.690000000000000000e+02 0.000000000000000000e+00 0.000000000000000000e+00 1.000000000000000000e+00
0.000000000000000000e+00 1.630000000000000000e+02 7.299999999999999822e+00 0.000000000000000000e+00 7.586478335511787801e-05 1.808679276335115049e-02 0.000000000000000000e+00 0.000000000000000000e+00 7.690000000000000000e+02 0.000000000000000000e+00 0.000000000000000000e+00 1.000000000000000000e+00
0.000000000000000000e+00 1.630000000000000000e+02 7.309999999999999609e+00 0.000000000000000000e+00 7.586478335511787801e-05 1.808679276335115049e-02 0.000000000000000000e+00 0.000000000000000000e+00 7.690000000000000000e+02 0.000000000000000000e+00 0.000000000000000000e+00 1.000000000000000000e+00
0.000000000000000000e+00 1.630000000000000000e+02 7.320000000000000284e+00 0.000000000000000000e+00 7.586478335511787801e-05 1.808679276335115049e-02 0.000000000000000000e+00 0.000000000000000000e+00 7.690000000000000000e+02 0.000000000000000000e+00 0.000000000000000000e+00 1.000000000000000000e+00
0.000000000000000000e+00 1.630000000000000000e+02 7.330000000000000071e+00 0.000000000000000000e+00 7.586478335511787801e-05 1.808679276335115049e-02 0.000000000000000000e+00 0.000000000000000000e+00 7.690000000000000000e+02 0.000000000000000000e+00 0.000000000000000000e+00 1.000000000000000000e+00
0.000000000000000000e+00 1.630000000000000000e+02 7.339999999999999858e+00 0.000000000000000000e+00 7.586478335511787801e-05 1.808679276335115049e-02 0.000000000000000000e+00 0.000000000000000000e+00 7.690000000000000000e+02 0.000000000000000000e+00 0.000000000000000000e+00 1.000000000000000000e+00
0.000000000000000000e+00 1.630000000000000000e+02 7.349999999999999645e+00 0.000000000000000000e+00 7.586478335511787801e-05 1.808679276335115049e-02 0.000000000000000000e+00 0.000000000000000000e+00 7.690000000000000000e+02 0.000000000000000000e+00 0.000000000000000000e+00 1.000000000000000000e+00
0.000000000000000000e+00 1.630000000000000000e+02 7.360000000000000320e+00 0.000000000000000000e+00 7.586478335511787801e-05 1.808679276335115049e-02 0.000000000000000000e+00 0.000000000000000000e+00 7.690000000000000000e+02 0.000000000000000000e+00 0.000000000000000000e+00 1.000000000000000000e+00
0.000000000000000000e+00 1.630000000000000000e+02 7.370000000000000107e+00 0.000000000000000000e+00 7.586478335511787801e-05 1.808679276335115049e-02 0.000000000000000000e+00 0.000000000000000000e+00 7.690000000000000000e+02 0.000000000000000000e+00 0.000000000000000000e+00 1.000000000000000000e+00
0.000000000000000000e+00 1.630000000000000000e+02 7.379999999999999893e+00 0.000000000000000000e+00 7.586478335511787801e-05 1.808679276335115049e-02 0.000000000000000000e+00 0.000000000000000000e+00 7.690000000000000000e+02 0.000000000000000000e+00 0.000000000000000000e+00 1.000000000000000000e+00
0.000000000000000000e+00 1.630000000000000000e+02 7.389999999999999680e+00 0.000000000000000000e+00 7.586478335511787801e-05 1.808679276335115049e-02 0.000000000000000000e+00 0.000000000000000000e+00 7.690000000000000000e+02 0.000000000000000000e+00 0.000000000000000000e+00 1.000000000000000000e+00
0.000000000000000000e+00 1.630000000000000000e+02 7.400000000000000355e+00 0.000000000000000000e+00 7.586478335511787801e-05 1.808679276335115049e-02 0.000000000000000000e+00 0.000000000000000000e+00 7.690000000000000000e+02 0.000000000000000000e+00 0.000000000000000000e+00 1.000000000000000000e+00
0.000000000000000000e+00 1.630000000000000000e+02 7.410000000000000142e+00 0.000000000000000000e+00 7.586478335511787801e-05 1.808679276335115049e-02 0.000000000000000000e+00 0.000000000000000000e+00 7.690000000000000000e+02 0.000000000000000000e+00 0.000000000000000000e+00 1.000000000000000000e+00
0.000000000000000000e+00 1.630000000000000000e+02 7.419999999999999929e+00 0.000000000000000000e+00 7.586478335511787801e-05 1.808679276335115049e-02 0.000000000000000000e+00 0.000000000000000000e+00 7.690000000000000000e+02 0.000000000000000000e+00 0.000000000000000000e+00 1.000000000000000000e+00
0.000000000000000000e+00 1.630000000000000000e+02 7.429999999999999716e+00 0.000000000000000000e+00 7.586478335511787801e-05 1.808679276335115049e-02 0.000000000000000000e+00 0.000000000000000000e+00 7.690000000000000000e+02 0.000000000000000000e+00 0.000000000000000000e+00 1.000000000000000000e+00
0.000000000000000000e+00 1.630000000000000000e+02 7.439999999999999503e+00 0.000000000000000000e+00 7.586478335511787801e-05 1.808679276335115049e-02 0.000000000000000000e+00 0.000000000000000000e+00 7.690000000000000000e+02 0.000000000000000000e+00 0.000000000000000000e+00 1.000000000000000000e+00
0.000000000000000000e+00 1.630000000000000000e+02 7.450000000000000178e+00 0.000000000000000000e+00 7.586478335511787801e-05 1.808679276335115049e-02 0.000000000000000000e+00 0.000000000000000000e+00 7.690000000000000000e+02 0.000000000000000000e+00 0.000000000000000000e+00 1.000000000000000000e+00
0.000000000000000000e+00 1.630000000000000000e+02 7.459999999999999964e+00 0.000000000000000000e+00 7.586478335511787801e-05 1.808679276335115049e-02 0.000000000000000000e+00 0.000000000000000000e+00 7.690000000000000000e+02 0.000000000000000000e+00 0.000000000000000000e+00 1.000000000000000000e+00
0.000000000000000000e+00 1.630000000000000000e+02 7.469999999999999751e+00 0.000000000000000000e+00 7.586478335511787801e-05 1.808679276335115049e-02 0.000000000000000000e+00 0.000000000000000000e+00 7.690000000000000000e+02 0.000000000000000000e+00 0.000000000000000000e+00 1.000000000000000000e+00
0.000000000000000000e+00 1.630000000000000000e+02 7.479999999999999538e+00 0.000000000000000000e+00 7.586478335511785090e-05 1.808679276335115049e-02 0.000000000000000000e+00 0.000000000000000000e+00 7.690000000000000000e+02 0.000000000000000000e+00 0.000000000000000000e+00 1.000000000000000000e+00
0.000000000000000000e+00 1.630000000000000000e+02 7.490000000000000213e+00 0.000000000000000000e+00 7.586478335511767472e-05 1.808679276335115049e-02 0.000000000000000000e+00 0.000000000000000000e+00 7.690000000000000000e+02 0.000000000000000000e+00 0.000000000000000000e+00 1.000000000000000000e+00
0.000000000000000000e+00 1.630000000000000000e+02 7.500000000000000000e+00 0.000000000000000000e+00 7.586478335511630592e-05 1.808679276335115049e-02 0.000000000000000000e+00 0.000000000000000000e+00 7.690000000000000000e+02 0.000000000000000000e+00 0.000000000000000000e+00 1.000000000000000000e+00
0.000000000000000000e+00 1.630000000000000000e+02 7.509999999999999787e+00 0.000000000000000000e+00 7.586478335510559942e-05 1.808679276335115049e-02 0.000000000000000000e+00 0.000000000000000000e+00 7.690000000000000000e+02 0.000000000000000000e+00 0.000000000000000000e+00 1.000000000000000000e+00
0.000000000000000000e+00 1.630000000000000000e+02 7.519999999999999574e+00 0.000000000000000000e+00 7.586478335502176349e-05 1.808679276335117825e-02 0.000000000000000000e+00 0.000000000000000000e+00 7.690000000000000000e+02 0.000000000000000000e+00 0.000000000000000000e+00 1.000000000000000000e+00
0.000000000000000000e+00 1.630000000000000000e+02 7.530000000000000249e+00 0.000000000000000000e+00 7.586478335436567209e-05 1.808679276335124764e-02 0.000000000000000000e+00 0.000000000000000000e+00 7.690000000000000000e+02 0.000000000000000000e+00 0.000000000000000000e+00 1.000000000000000000e+00
0.000000000000000000e+00 1.630000000000000000e+02 7.540000000000000036e+00 0.000000000000000000e+00 7.586478334923135139e-05 1.808679276335149744e-02 0.000000000000000000e+00 0.000000000000000000e+00 7.690000000000000000e+02 0.000000000000000000e+00 0.000000000000000000e+00 1.000000000000000000e+00
0.000000000000000000e+00 1.630000000000000000e+02 7.549999999999999822e+00 0.000000000000000000e+00 7.586478330905203861e-05 1.808679276335363462e-02 0.000000000000000000e+00 0.000000000000000000e+00 7.690000000000000000e+02 0.000000000000000000e+00 0.000000000000000000e+00 1.000000000000000000e+00
0.000000000000000000e+00 1.630000000000000000e+02 7.559999999999999609e+00 0.000000000000000000e+00 7.586478299462285117e-05 1.808679276337035735e-02 0.000000000000000000e+00 0.000000000000000000e+00 7.690000000000000000e+02 0.000000000000000000e+00 0.000000000000000000e+00 1.000000000000000000e+00
0.000000000000000000e+00 1.630000000000000000e+02 7.570000000000000284e+00 0.000000000000000000e+00 7.586478053401124846e-05 1.808679276350155796e-02 0.000000000000000000e+00 0.000000000000000000e+00 7.690000000000000000e+02 0.000000000000000000e+00 0.000000000000000000e+00 1.000000000000000000e+00
0.000000000000000000e+00 1.630000000000000000e+02 7.580000000000000071e+00 0.000000000000000000e+00 7.586476127813469210e-05 1.808679276452827833e-02 0.000000000000000000e+00 0.000000000000000000e+00 7.690000000000000000e+02 0.000000000000000000e+00 0.000000000000000000e+00 1.000000000000000000e+00
0.000000000000000000e+00 1.630000000000000000e+02 7.589999999999999858e+00 0.000000000000000000e+00 7.586461058845211762e-05 1.808679277256279583e-02 0.000000000000000000e+00 0.000000000000000000e+00 7.690000000000000000e+02 0.000000000000000000e+00 0.000000000000000000e+00 1.000000000000000000e+00
0.000000000000000000e+00 1.630000000000000000e+02 7.599999999999999645e+00 0.000000000000000000e+00 7.586343134426800424e-05 1.808679283543809801e-02 0.000000000000000000e+00 0.000000000000000000e+00 7.690000000000000000e+02 0.000000000000000000e+00 0.000000000000000000e+00 1.000000000000000000e+00
0.000000000000000000e+00 1.630000000000000000e+02 7.610000000000000320e+00 0.000000000000000000e+00 7.585420299616915912e-05 1.808679332747788193e-02 0.000000000000000000e+00 0.000000000000000000e+00 7.690000000000000000e+02 0.000000000000000000e+00 0.000000000000000000e+00 1.000000000000000000e+00
0.000000000000000000e+00 1.630000000000000000e+02 7.620000000000000107e+00 0.000000000000000000e+00 7.578198520634976828e-05 1.808679717800755482e-02 0.000000000000000000e+00 0.000000000000000000e+00 7.690000000000000000e+02 0.000000000000000000e+00 0.000000000000000000e+00 1.000000000000000000e+00
0.000000000000000000e+00 1.630000000000000000e+02 7.629999999999999893e+00 0.000000000000000000e+00 7.521683431362937919e-05 1.808682731090503759e-02 0.000000000000000000e+00 0.000000000000000000e+00 7.690000000000000000e+02 0.000000000000000000e+00 0.000000000000000000e+00 1.000000000000000000e+00
0.000000000000000000e+00 1.630000000000000000e+02 7.639999999999999680e+00 0.000000000000000000e+00 7.079416321913272186e-05 1.808706312113939063e-02 0.000000000000000000e+00 0.000000000000000000e+00 7.690000000000000000e+02 0.000000000000000000e+00 0.000000000000000000e+00 1.000000000000000000e+00
0.000000000000000000e+00 1.630000000000000000e+02 7.650000000000000355e+00 0.000000000000000000e+00 3.618390273463976237e-05 1.808890853956122979e-02 0.000000000000000000e+00 0.000000000000000000e+00 7.690000000000000000e+02 0.000000000000000000e+00 0.000000000000000000e+00 1.000000000000000000e+00
0.000000000000000000e+00 1.630000000000000000e+02 7.660000000000000142e+00 0.000000000000000000e+00 -2.346637604106080422e-04 1.810335324801862211e-02 0.000000000000000000e+00 0.000000000000000000e+00 7.690000000000000000e+02 0.000000000000000000e+00 0.000000000000000000e+00 1.000000000000000000e+00
0.000000000000000000e+00 1.630000000000000000e+02 7.669999999999999929e+00 0.000000000000000000e+00 -2.354221822220332275e-03 1.821658309101871487e-02 0.000000000000000000e+00 0.000000000000000000e+00 7.690000000000000000e+02 0.000000000000000000e+00 0.000000000000000000e+00 1.000000000000000000e+00
0.000000000000000000e+00 1.630000000000000000e+02 7.679999999999999716e+00 0.000000000000000000e+00 -1.894113390856675544e-02 1.911426707842703299e-02 0.000000000000000000e+00 0.000000000000000000e+00 7.690000000000000000e+02 0.000000000000000000e+00 0.000000000000000000e+00 1.000000000000000000e+00
0.000000000000000000e+00 1.630000000000000000e+02 7.689999999999999503e+00 0.000000000000000000e+00 -1.487444440973317294e-01 2.679993075661574187e-02 0.000000000000000000e+00 0.000000000000000000e+00 7.690000000000000000e+02 0.000000000000000000e+00 0.000000000000000000e+00 1.000000000000000000e+00
0.000000000000000000e+00 1.630000000000000000e+02 7.700000000000000178e+00 0.000000000000000000e+00 -1.164539261616739818e+00 3.502194990108743744e-02 0.000000000000000000e+00 1.000000000000000000e+00 7.690000000000000000e+02 0.000000000000000000e+00 0.000000000000000000e+00 1.000000000000000000e+00
0.000000000000000000e+00 1.630000000000000000e+02 7.709999999999999964e+00 0.000000000000000000e+00 -1.004151267019980365e+00 2.120546551643793382e-02 0.000000000000000000e+00 1.000000000000000000e+00 7.690000000000000000e+02 0.000000000000000000e+00 0.000000000000000000e+00 1.000000000000000000e+00
0.000000000000000000e+00 1.630000000000000000e+02 7.719999999999999751e+00 0.000000000000000000e+00 -9.839596768592818732e-01 1.735453321275656074e-02 0.000000000000000000e+00 1.000000000000000000e+00 7.690000000000000000e+02 0.000000000000000000e+00 0.000000000000000000e+00 1.000000000000000000e+00
0.000000000000000000e+00 1.630000000000000000e+02 7.729999999999999538e+00 0.000000000000000000e+00 -1.296232563807650839e+00 0.000000000000000000e+00 0.000000000000000000e+00 1.000000000000000000e+00 7.690000000000000000e+02 1.000000000000000000e+00 0.000000000000000000e+00 1.000000000000000000e+00
0.000000000000000000e+00 1.630000000000000000e+02 7.740000000000000213e+00 0.000000000000000000e+00 -1.087250213340522853e+00 6.973148325278493570e-03 0.000000000000000000e+00 1.000000000000000000e+00 7.690000000000000000e+02 0.000000000000000000e+00 0.000000000000000000e+00 1.000000000000000000e+00
0.000000000000000000e+00 1.630000000000000000e+02 7.750000000000000000e+00 0.000000000000000000e+00 -9.773276240207234844e-01 6.500675902866494271e-03 0.000000000000000000e+00 1.000000000000000000e+00 7.690000000000000000e+02 0.000000000000000000e+00 0.000000000000000000e+00 1.000000000000000000e+00
0.000000000000000000e+00 1.630000000000000000e+02 7.759999999999999787e+00 0.000000000000000000e+00 -1.097266041410450699e+00 1.264007829115601153e-02 0.000000000000000000e+00 1.000000000000000000e+00 7.690000000000000000e+02 0.000000000000000000e+00 0.000000000000000000e+00 1.000000000000000000e+00
0.000000000000000000e+00 1.630000000000000000e+02 7.769999999999999574e+00 0.000000000000000000e+00 -9.862031006560058044e-01 5.750705244445975667e-03 0.000000000000000000e+00 1.000000000000000000e+00 7.690000000000000000e+02 0.000000000000000000e+00 0.000000000000000000e+00 1.000000000000000000e+00
0.000000000000000000e+00 1.630000000000000000e+02 7.780000000000000249e+00 0.000000000000000000e+00 -9.733293047327569170e-01 9.363956609553317212e-04 0.000000000000000000e+00 1.000000000000000000e+00 7.690000000000000000e+02 0.000000000000000000e+00 0.000000000000000000e+00 1.000000000000000000e+00
0.000000000000000000e+00 1.630000000000000000e+02 7.790000000000000036e+00 0.000000000000000000e+00 -9.550178159731963490e-01 5.240346785931382367e-03 0.000000000000000000e+00 1.000000000000000000e+00 7.690000000000000000e+02 0.000000000000000000e+00 0.000000000000000000e+00 1.000000000000000000e+00
0.000000000000000000e+00 1.630000000000000000e+02 7.799999999999999822e+00 0.000000000000000000e+00 -7.876963706988989733e-01 3.599629296904406466e-04 0.000000000000000000e+00 1.000000000000000000e+00 7.690000000000000000e+02 0.000000000000000000e+00 0.000000000000000000e+00 1.000000000000000000e+00
0.000000000000000000e+00 1.630000000000000000e+02 7.809999999999999609e+00 0.000000000000000000e+00 -1.038458165000888389e+00 1.517026615217702962e-02 0.000000000000000000e+00 1.000000000000000000e+00 7.690000000000000000e+02 0.000000000000000000e+00 0.000000000000000000e+00 1.000000000000000000e+00
0.000000000000000000e+00 1.630000000000000000e+02 7.820000000000000284e+00 0.000000000000000000e+00 -1.004495705874598244e+00 9.434666571727326478e-03 0.000000000000000000e+00 1.000000000000000000e+00 7.690000000000000000e+02 0.000000000000000000e+00 0.000000000000000000e+00 1.000000000000000000e+00
0.000000000000000000e+00 1.630000000000000000e+02 7.830000000000000071e+00 0.000000000000000000e+00 -9.671159935568464094e-01 1.098517698299821682e-02 0.000000000000000000e+00 1.000000000000000000e+00 7.690000000000000000e+02 0.000000000000000000e+00 0.000000000000000000e+00 1.000000000000000000e+00
0.000000000000000000e+00 1.630000000000000000e+02 7.839999999999999858e+00 0.000000000000000000e+00 -1.012012968687826087e+00 1.121793429549171675e-02 0.000000000000000000e+00 1.000000000000000000e+00 7.690000000000000000e+02 0.000000000000000000e+00 0.000000000000000000e+00 1.000000000000000000e+00
0.000000000000000000e+00 1.630000000000000000e+02 7.849999999999999645e+00 0.000000000000000000e+00 -1.104283974771146815e+00 1.221919933247363546e-02 0.000000000000000000e+00 1.000000000000000000e+00 7.690000000000000000e+02 0.000000000000000000e+00 0.000000000000000000e+00 1.000000000000000000e+00
0.000000000000000000e+00 1.630000000000000000e+02 7.860000000000000320e+00 0.000000000000000000e+00 -9.517423687090285078e-01 6.359109394055362935e-03 0.000000000000000000e+00 1.000000000000000000e+00 7.690000000000000000e+02 0.000000000000000000e+00 0.000000000000000000e+00 1.000000000000000000e+00
0.000000000000000000e+00 1.630000000000000000e+02 7.870000000000000107e+00 0.000000000000000000e+00 -1.053844644527725194e+00 1.298948952862348516e-02 0.000000000000000000e+00 1.000000000000000000e+00 7.690000000000000000e+02 0.000000000000000000e+00 0.000000000000000000e+00 1.000000000000000000e+00
0.000000000000000000e+00 1.630000000000000000e+02 7.879999999999999893e+00 0.000000000000000000e+00 -1.062207333966032730e+00 1.192938788415263962e-02 0.000000000000000000e+00 1.000000000000000000e+00 7.690000000000000000e+02 0.000000000000000000e+00 0.000000000000000000e+00 1.000000000000000000e+00
0.000000000000000000e+00 1.630000000000000000e+02 7.889999999999999680e+00 0.000000000000000000e+00 -1.180558607916314395e+00 1.103777825136499982e-02 0.000000000000000000e+00 1.000000000000000000e+00 7.690000000000000000e+02 0.000000000000000000e+00 0.000000000000000000e+00 1.000000000000000000e+00
0.000000000000000000e+00 1.630000000000000000e+02 7.900000000000000355e+00 0.000000000000000000e+00 -1.042815760882046972e+00 1.195831906766111480e-02 0.000000000000000000e+00 1.000000000000000000e+00 7.690000000000000000e+02 0.000000000000000000e+00 0.000000000000000000e+00 1.000000000000000000e+00
0.000000000000000000e+00 1.630000000000000000e+02 7.910000000000000142e+00 0.000000000000000000e+00 -1.086549924645989096e+00 6.551392103858525578e-03 0.000000000000000000e+00 1.000000000000000000e+00 7.690000000000000000e+02 0.000000000000000000e+00 0.000000000000000000e+00 1.000000000000000000e+00
0.000000000000000000e+00 1.630000000000000000e+02 7.919999999999999929e+00 0.000000000000000000e+00 -1.061429769210628260e+00 1.011194333598303130e-02 0.000000000000000000e+00 1.000000000000000000e+00 7.690000000000000000e+02 0.000000000000000000e+00 0.000000000000000000e+00 1.000000000000000000e+00
0.000000000000000000e+00 1.630000000000000000e+02 7.929999999999999716e+00 0.000000000000000000e+00 -9.903215017740900628e-01 1.318504265048790758e-02 0.000000000000000000e+00 1.000000000000000000e+00 7.690000000000000000e+02 0.000000000000000000e+00 0.000000000000000000e+00 1.000000000000000000e+00
0.000000000000000000e+00 1.630000000000000000e+02 7.940000000000000391e+00 0.000000000000000000e+00 -1.031118022579543991e+00 9.058430710981182910e-03 0.000000000000000000e+00 1.000000000000000000e+00 7.690000000000000000e+02 0.000000000000000000e+00 0.000000000000000000e+00 1.000000000000000000e+00
0.000000000000000000e+00 1.630000000000000000e+02 7.950000000000000178e+00 0.000000000000000000e+00 -1.020825416690292364e+00 8.912491330203494572e-03 0.000000000000000000e+00 1.000000000000000000e+00 7.690000000000000000e+02 0.000000000000000000e+00 0.000000000000000000e+00 1.000000000000000000e+00
0.000000000000000000e+00 1.630000000000000000e+02 7.959999999999999964e+00 0.000000000000000000e+00 -1.082495851682791166e+00 1.136985253075757998e-02 0.000000000000000000e+00 1.000000000000000000e+00 7.690000000000000000e+02 0.000000000000000000e+00 0.000000000000000000e+00 1.000000000000000000e+00
0.000000000000000000e+00 1.630000000000000000e+02 7.969999999999999751e+00 0.000000000000000000e+00 -9.325673855470889562e-01 3.747938883177214658e-03 0.000000000000000000e+00 1.000000000000000000e+00 7.690000000000000000e+02 0.000000000000000000e+00 0.000000000000000000e+00 1.000000000000000000e+00
0.000000000000000000e+00 1.630000000000000000e+02 7.979999999999999538e+00 0.000000000000000000e+00 -8.603207858500332428e-01 1.100093683291268522e-04 0.000000000000000000e+00 1.000000000000000000e+00 7.690000000000000000e+02 0.000000000000000000e+00 0.000000000000000000e+00 1.000000000000000000e+00
0.000000000000000000e+00 1.630000000000000000e+02 7.990000000000000213e+00 0.000000000000000000e+00 -9.822977851239246272e-01 8.099812597663576252e-03 0.000000000000000000e+00 1.000000000000000000e+00 7.690000000000000000e+02 0.000000000000000000e+00 0.000000000000000000e+00 1.000000000000000000e+00
0.000000000000000000e+00 1.630000000000000000e+02 8.000000000000000000e+00 0.000000000000000000e+00 -9.722014889770685953e-01 2.610837567953714841e-03 0.000000000000000000e+00 1.000000000000000000e+00 7.690000000000000000e+02 0.000000000000000000e+00 0.000000000000000000e+00 1.000000000000000000e+00
0.000000000000000000e+00 1.630000000000000000e+02 8.009999999999999787e+00 0.000000000000000000e+00 -1.081314415208230351e+00 6.828606640883101014e-03 0.000000000000000000e+00 1.000000000000000000e+00 7.690000000000000000e+02 0.000000000000000000e+00 0.000000000000000000e+00 1.000000000000000000e+00
0.000000000000000000e+00 1.630000000000000000e+02 8.019999999999999574e+00 0.000000000000000000e+00 -1.126850541315839171e+00 9.907601052295093857e-03 0.000000000000000000e+00 1.000000000000000000e+00 7.690000000000000000e+02 0.000000000000000000e+00 0.000000000000000000e+00 1.000000000000000000e+00
0.000000000000000000e+00 1.630000000000000000e+02 8.029999999999999361e+00 0.000000000000000000e+00 -1.146453271395301510e+00 9.967467382081929284e-03 0.000000000000000000e+00 1.000000000000000000e+00 7.690000000000000000e+02 0.000000000000000000e+00 0.000000000000000000e+00 1.000000000000000000e+00
0.000000000000000000e+00 1.630000000000000000e+02 8.039999999999999147e+00 0.000000000000000000e+00 -8.573162681188216672e-01 2.323182727604362202e-03 0.000000000000000000e+00 1.000000000000000000e+00 7.690000000000000000e+02 0.000000000000000000e+00 0.000000000000000000e+00 1.000000000000000000e+00
0.000000000000000000e+00 1.630000000000000000e+02 8.050000000000000711e+00 0.000000000000000000e+00 -1.094931977954940017e+00 7.247634388961320812e-03 0.000000000000000000e+00 1.000000000000000000e+00 7.690000000000000000e+02 0.000000000000000000e+00 0.000000000000000000e+00 1.000000000000000000e+00
0.000000000000000000e+00 1.630000000000000000e+02 8.060000000000000497e+00 0.000000000000000000e+00 -9.857279979283843918e-01 3.120546248848634491e-03 0.000000000000000000e+00 1.000000000000000000e+00 7.690000000000000000e+02 0.000000000000000000e+00 0.000000000000000000e+00 1.000000000000000000e+00
0.000000000000000000e+00 1.630000000000000000e+02 8.070000000000000284e+00 0.000000000000000000e+00 -1.077764011144121570e+00 1.111076586491827056e-02 0.000000000000000000e+00 1.000000000000000000e+00 7.690000000000000000e+02 0.000000000000000000e+00 0.000000000000000000e+00 1.000000000000000000e+00
0.000000000000000000e+00 1.630000000000000000e+02 8.080000000000000071e+00 0.000000000000000000e+00 -1.067825636404875933e+00 5.688100126608027635e-03 0.000000000000000000e+00 1.000000000000000000e+00 7.690000000000000000e+02 0.000000000000000000e+00 0.000000000000000000e+00 1.000000000000000000e+00
0.000000000000000000e+00 1.630000000000000000e+02 8.089999999999999858e+00 0.000000000000000000e+00 -8.626394270153481258e-01 6.697823124771984729e-04 0.000000000000000000e+00 1.000000000000000000e+00 7.690000000000000000e+02 0.000000000000000000e+00 0.000000000000000000e+00 1.000000000000000000e+00
0.000000000000000000e+00 1.630000000000000000e+02 8.099999999999999645e+00 0.000000000000000000e+00 -1.078432972778503585e+00 7.710466734952035883e-03 0.000000000000000000e+00 1.000000000000000000e+00 7.690000000000000000e+02 0.000000000000000000e+00 0.000000000000000000e+00 1.000000000000000000e+00
0.000000000000000000e+00 1.630000000000000000e+02 8.109999999999999432e+00 0.000000000000000000e+00 -1.006217569090264163e+00 1.545778217614107025e-02 0.000000000000000000e+00 1.000000000000000000e+00 7.690000000000000000e+02 0.000000000000000000e+00 0.000000000000000000e+00 1.000000000000000000e+00
0.000000000000000000e+00 1.630000000000000000e+02 8.119999999999999218e+00 0.000000000000000000e+00 -8.211481067417597535e-01 8.541699777159820692e-04 0.000000000000000000e+00 1.000000000000000000e+00 7.690000000000000000e+02 0.000000000000000000e+00 0.000000000000000000e+00 1.000000000000000000e+00
0.000000000000000000e+00 1.630000000000000000e+02 8.130000000000000782e+00 0.000000000000000000e+00 -9.446442197881291802e-01 1.101010972248744890e-02 0.000000000000000000e+00 1.000000000000000000e+00 7.690000000000000000e+02 0.000000000000000000e+00 0.000000000000000000e+00 1.000000000000000000e+00
0.000000000000000000e+00 1.630000000000000000e+02 8.140000000000000568e+00 0.000000000000000000e+00 -9.290627710753072144e-01 3.515202958897340260e-03 0.000000000000000000e+00 1.000000000000000000e+00 7.690000000000000000e+02 0.000000000000000000e+00 0.000000000000000000e+00 1.000000000000000000e+00
0.000000000000000000e+00 1.630000000000000000e+02 8.150000000000000355e+00 0.000000000000000000e+00 -1.060207088752650906e+00 6.814260692087657084e-03 0.000000000000000000e+00 1.000000000000000000e+00 7.690000000000000000e+02 0.000000000000000000e+00 0.000000000000000000e+00 1.000000000000000000e+00
0.000000000000000000e+00 1.630000000000000000e+02 8.160000000000000142e+00 0.000000000000000000e+00 -1.103328269778996340e+00 7.353822200079997151e-03 0.000000000000000000e+00 1.000000000000000000e+00 7.690000000000000000e+02 0.000000000000000000e+00 0.000000000000000000e+00 1.000000000000000000e+00
0.000000000000000000e+00 1.630000000000000000e+02 8.169999999999999929e+00 0.000000000000000000e+00 -9.499995459228520733e-01 1.167630687529616629e-02 0.000000000000000000e+00 1.000000000000000000e+00 7.690000000000000000e+02 0.000000000000000000e+00 0.000000000000000000e+00 1.000000000000000000e+00
0.000000000000000000e+00 1.630000000000000000e+02 8.179999999999999716e+00 0.000000000000000000e+00 -9.670573409223804928e-01 6.218857421111063932e-03 0.000000000000000000e+00 1.000000000000000000e+00 7.690000000000000000e+02 0.000000000000000000e+00 0.000000000000000000e+00 1.000000000000000000e+00
0.000000000000000000e+00 1.630000000000000000e+02 8.189999999999999503e+00 0.000000000000000000e+00 -9.625989531856731229e-01 2.690644676081939413e-03 0.000000000000000000e+00 1.000000000000000000e+00 7.690000000000000000e+02 0.000000000000000000e+00 0.000000000000000000e+00 1.000000000000000000e+00
0.000000000000000000e+00 1.630000000000000000e+02 8.199999999999999289e+00 0.000000000000000000e+00 -1.120020235248887053e+00 1.239782199108492924e-02 0.000000000000000000e+00 1.000000000000000000e+00 7.690000000000000000e+02 0.000000000000000000e+00 0.000000000000000000e+00 1.000000000000000000e+00
0.000000000000000000e+00 1.630000000000000000e+02 8.209999999999999076e+00 0.000000000000000000e+00 -9.243598250432525365e-01 5.149885569828430848e-03 0.000000000000000000e+00 1.000000000000000000e+00 7.690000000000000000e+02 0.000000000000000000e+00 0.000000000000000000e+00 1.000000000000000000e+00
0.000000000000000000e+00 1.630000000000000000e+02 8.220000000000000639e+00 0.000000000000000000e+00 -1.029796075500961638e+00 1.275282625329293013e-02 0.000000000000000000e+00 1.000000000000000000e+00 7.690000000000000000e+02 0.000000000000000000e+00 0.000000000000000000e+00 1.000000000000000000e+00
0.000000000000000000e+00 1.630000000000000000e+02 8.230000000000000426e+00 0.000000000000000000e+00 -9.044977666149800477e-01 7.459727196437039576e-03 0.000000000000000000e+00 1.000000000000000000e+00 7.690000000000000000e+02 0.000000000000000000e+00 0.000000000000000000e+00 1.000000000000000000e+00
0.000000000000000000e+00 1.630000000000000000e+02 8.240000000000000213e+00 0.000000000000000000e+00 -1.085836492947910514e+00 1.115036141440070572e-02 0.000000000000000000e+00 1.000000000000000000e+00 7.690000000000000000e+02 0.000000000000000000e+00 0.000000000000000000e+00 1.000000000000000000e+00
0.000000000000000000e+00 1.630000000000000000e+02 8.250000000000000000e+00 0.000000000000000000e+00 -8.235870652687470317e-01 3.051247520457859089e-03 0.000000000000000000e+00 1.000000000000000000e+00 7.690000000000000000e+02 0.000000000000000000e+00 0.000000000000000000e+00 1.000000000000000000e+00
0.000000000000000000e+00 1.630000000000000000e+02 8.259999999999999787e+00 0.000000000000000000e+00 -1.049608158264919933e+00 1.040202657326344537e-02 0.000000000000000000e+00 1.000000000000000000e+00 7.690000000000000000e+02 0.000000000000000000e+00 0.000000000000000000e+00 1.000000000000000000e+00
0.000000000000000000e+00 1.630000000000000000e+02 8.269999999999999574e+00 0.000000000000000000e+00 -9.783134692269654931e-01 6.934850046743087915e-03 0.000000000000000000e+00 1.000000000000000000e+00 7.690000000000000000e+02 0.000000000000000000e+00 0.000000000000000000e+00 1.000000000000000000e+00
0.000000000000000000e+00 1.630000000000000000e+02 8.279999999999999361e+00 0.000000000000000000e+00 -5.934277544016556272e-01 4.444416996878001666e-04 0.000000000000000000e+00 1.000000000000000000e+00 7.690000000000000000e+02 0.000000000000000000e+00 0.000000000000000000e+00 1.000000000000000000e+00
0.000000000000000000e+00 1.630000000000000000e+02 8.289999999999999147e+00 0.000000000000000000e+00 -7.576497733410789137e-02 2.181310002085495858e-02 0.000000000000000000e+00 0.000000000000000000e+00 7.690000000000000000e+02 0.000000000000000000e+00 0.000000000000000000e+00 1.000000000000000000e+00
0.000000000000000000e+00 1.630000000000000000e+02 8.300000000000000711e+00 0.000000000000000000e+00 -9.615454944373375348e-03 1.859942675818494762e-02 0.000000000000000000e+00 0.000000000000000000e+00 7.690000000000000000e+02 0.000000000000000000e+00 0.000000000000000000e+00 1.000000000000000000e+00
0.000000000000000000e+00 1.630000000000000000e+02 8.310000000000000497e+00 0.000000000000000000e+00 -1.162540216415225902e-03 1.815275787602713131e-02 0.000000000000000000e+00 0.000000000000000000e+00 7.690000000000000000e+02 0.000000000000000000e+00 0.000000000000000000e+00 1.000000000000000000e+00
0.000000000000000000e+00 1.630000000000000000e+02 8.320000000000000284e+00 0.000000000000000000e+00 -8.238476227365373330e-05 1.809522931053315908e-02 0.000000000000000000e+00 0.000000000000000000e+00 7.690000000000000000e+02 0.000000000000000000e+00 0.000000000000000000e+00 1.000000000000000000e+00
0.000000000000000000e+00 1.630000000000000000e+02 8.330000000000000071e+00 0.000000000000000000e+00 5.564286992909265624e-05 1.808787094420934161e-02 0.000000000000000000e+00 0.000000000000000000e+00 7.690000000000000000e+02 0.000000000000000000e+00 0.000000000000000000e+00 1.000000000000000000e+00
0.000000000000000000e+00 1.630000000000000000e+02 8.339999999999999858e+00 0.000000000000000000e+00 7.328072675650410114e-05 1.808693054056781380e-02 0.000000000000000000e+00 0.000000000000000000e+00 7.690000000000000000e+02 0.000000000000000000e+00 0.000000000000000000e+00 1.000000000000000000e+00
0.000000000000000000e+00 1.630000000000000000e+02 8.349999999999999645e+00 0.000000000000000000e+00 7.553457976042511862e-05 1.808681036923978636e-02 0.000000000000000000e+00 0.000000000000000000e+00 7.690000000000000000e+02 0.000000000000000000e+00 0.000000000000000000e+00 1.000000000000000000e+00
0.000000000000000000e+00 1.630000000000000000e+02 8.359999999999999432e+00 0.000000000000000000e+00 7.582258829870676712e-05 1.808679501311964699e-02 0.000000000000000000e+00 0.000000000000000000e+00 7.690000000000000000e+02 0.000000000000000000e+00 0.000000000000000000e+00 1.000000000000000000e+00
0.000000000000000000e+00 1.630000000000000000e+02 8.369999999999999218e+00 0.000000000000000000e+00 7.585939146110413955e-05 1.808679305083776834e-02 0.000000000000000000e+00 0.000000000000000000e+00 7.690000000000000000e+02 0.000000000000000000e+00 0.000000000000000000e+00 1.000000000000000000e+00
0.000000000000000000e+00 1.630000000000000000e+02 8.380000000000000782e+00 0.000000000000000000e+00 7.586409435210359463e-05 1.808679280008763934e-02 0.000000000000000000e+00 0.000000000000000000e+00 7.690000000000000000e+02 0.000000000000000000e+00 0.000000000000000000e+00 1.000000000000000000e+00
0.000000000000000000e+00 1.630000000000000000e+02 8.390000000000000568e+00 0.000000000000000000e+00 7.586469531088843241e-05 1.808679276804554814e-02 0.000000000000000000e+00 0.000000000000000000e+00 7.690000000000000000e+02 0.000000000000000000e+00 0.000000000000000000e+00 1.000000000000000000e+00
0.000000000000000000e+00 1.630000000000000000e+02 8.400000000000000355e+00 0.000000000000000000e+00 7.586477210438866148e-05 1.808679276395101787e-02 0.000000000000000000e+00 0.000000000000000000e+00 7.690000000000000000e+02 0.000000000000000000e+00 0.000000000000000000e+00 1.000000000000000000e+00
0.000000000000000000e+00 1.630000000000000000e+02 8.410000000000000142e+00 0.000000000000000000e+00 7.586478191744378799e-05 1.808679276342783915e-02 0.000000000000000000e+00 0.000000000000000000e+00 7.690000000000000000e+02 0.000000000000000000e+00 0.000000000000000000e+00 1.000000000000000000e+00
0.000000000000000000e+00 1.630000000000000000e+02 8.419999999999999929e+00 0.000000000000000000e+00 7.586478317140473945e-05 1.808679276336096209e-02 0.000000000000000000e+00 0.000000000000000000e+00 7.690000000000000000e+02 0.000000000000000000e+00 0.000000000000000000e+00 1.000000000000000000e+00
0.000000000000000000e+00 1.630000000000000000e+02 8.429999999999999716e+00 0.000000000000000000e+00 7.586478333164209560e-05 1.808679276335245500e-02 0.000000000000000000e+00 0.000000000000000000e+00 7.690000000000000000e+02 0.000000000000000000e+00 0.000000000000000000e+00 1.000000000000000000e+00
0.000000000000000000e+00 1.630000000000000000e+02 8.439999999999999503e+00 0.000000000000000000e+00 7.586478335211802612e-05 1.808679276335133090e-02 0.000000000000000000e+00 0.000000000000000000e+00 7.690000000000000000e+02 0.000000000000000000e+00 0.000000000000000000e+00 1.000000000000000000e+00
0.000000000000000000e+00 1.630000000000000000e+02 8.449999999999999289e+00 0.000000000000000000e+00 7.586478335473454478e-05 1.808679276335119213e-02 0.000000000000000000e+00 0.000000000000000000e+00 7.690000000000000000e+02 0.000000000000000000e+00 0.000000000000000000e+00 1.000000000000000000e+00
0.000000000000000000e+00 1.630000000000000000e+02 8.459999999999999076e+00 0.000000000000000000e+00 7.586478335506889918e-05 1.808679276335117825e-02 0.000000000000000000e+00 0.000000000000000000e+00 7.690000000000000000e+02 0.000000000000000000e+00 0.000000000000000000e+00 1.000000000000000000e+00
0.000000000000000000e+00 1.630000000000000000e+02 8.470000000000000639e+00 0.000000000000000000e+00 7.586478335511161674e-05 1.808679276335115049e-02 0.000000000000000000e+00 0.000000000000000000e+00 7.690000000000000000e+02 0.000000000000000000e+00 0.000000000000000000e+00 1.000000000000000000e+00
0.000000000000000000e+00 1.630000000000000000e+02 8.480000000000000426e+00 0.000000000000000000e+00 7.586478335511707841e-05 1.808679276335115049e-02 0.000000000000000000e+00 0.000000000000000000e+00 7.690000000000000000e+02 0.000000000000000000e+00 0.000000000000000000e+00 1.000000000000000000e+00
0.000000000000000000e+00 1.630000000000000000e+02 8.490000000000000213e+00 0.000000000000000000e+00 7.586478335511776959e-05 1.808679276335115049e-02 0.000000000000000000e+00 0.000000000000000000e+00 7.690000000000000000e+02 0.000000000000000000e+00 0.000000000000000000e+00 1.000000000000000000e+00
0.000000000000000000e+00 1.630000000000000000e+02 8.500000000000000000e+00 0.000000000000000000e+00 7.586478335511786446e-05 1.808679276335115049e-02 0.000000000000000000e+00 0.000000000000000000e+00 7.690000000000000000e+02 0.000000000000000000e+00 0.000000000000000000e+00 1.000000000000000000e+00
0.000000000000000000e+00 1.630000000000000000e+02 8.509999999999999787e+00 0.000000000000000000e+00 7.586478335511787801e-05 1.808679276335115049e-02 0.000000000000000000e+00 0.000000000000000000e+00 7.690000000000000000e+02 0.000000000000000000e+00 0.000000000000000000e+00 1.000000000000000000e+00
0.000000000000000000e+00 1.630000000000000000e+02 8.519999999999999574e+00 0.000000000000000000e+00 7.586478335511787801e-05 1.808679276335115049e-02 0.000000000000000000e+00 0.000000000000000000e+00 7.690000000000000000e+02 0.000000000000000000e+00 0.000000000000000000e+00 1.000000000000000000e+00
0.000000000000000000e+00 1.630000000000000000e+02 8.529999999999999361e+00 0.000000000000000000e+00 7.586478335511787801e-05 1.808679276335115049e-02 0.000000000000000000e+00 0.000000000000000000e+00 7.690000000000000000e+02 0.000000000000000000e+00 0.000000000000000000e+00 1.000000000000000000e+00
0.000000000000000000e+00 1.630000000000000000e+02 8.539999999999999147e+00 0.000000000000000000e+00 7.586478335511787801e-05 1.808679276335115049e-02 0.000000000000000000e+00 0.000000000000000000e+00 7.690000000000000000e+02 0.000000000000000000e+00 0.000000000000000000e+00 1.000000000000000000e+00
0.000000000000000000e+00 1.630000000000000000e+02 8.550000000000000711e+00 0.000000000000000000e+00 7.586478335511787801e-05 1.808679276335115049e-02 0.000000000000000000e+00 0.000000000000000000e+00 7.690000000000000000e+02 0.000000000000000000e+00 0.000000000000000000e+00 1.000000000000000000e+00
0.000000000000000000e+00 1.630000000000000000e+02 8.560000000000000497e+00 0.000000000000000000e+00 7.586478335511787801e-05 1.808679276335115049e-02 0.000000000000000000e+00 0.000000000000000000e+00 7.690000000000000000e+02 0.000000000000000000e+00 0.000000000000000000e+00 1.000000000000000000e+00
0.000000000000000000e+00 1.630000000000000000e+02 8.570000000000000284e+00 0.000000000000000000e+00 7.586478335511787801e-05 1.808679276335115049e-02 0.000000000000000000e+00 0.000000000000000000e+00 7.690000000000000000e+02 0.000000000000000000e+00 0.000000000000000000e+00 1.000000000000000000e+00
0.000000000000000000e+00 1.630000000000000000e+02 8.580000000000000071e+00 0.000000000000000000e+00 7.586478335511787801e-05 1.808679276335115049e-02 0.000000000000000000e+00 0.000000000000000000e+00 7.690000000000000000e+02 0.000000000000000000e+00 0.000000000000000000e+00 1.000000000000000000e+00
0.000000000000000000e+00 1.630000000000000000e+02 8.589999999999999858e+00 0.000000000000000000e+00 7.586478335511787801e-05 1.808679276335115049e-02 0.000000000000000000e+00 0.000000000000000000e+00 7.690000000000000000e+02 0.000000000000000000e+00 0.000000000000000000e+00 1.000000000000000000e+00
0.000000000000000000e+00 1.630000000000000000e+02 8.599999999999999645e+00 0.000000000000000000e+00 7.586478335511787801e-05 1.808679276335115049e-02 0.000000000000000000e+00 0.000000000000000000e+00 7.690000000000000000e+02 0.000000000000000000e+00 0.000000000000000000e+00 1.000000000000000000e+00
0.000000000000000000e+00 1.630000000000000000e+02 8.609999999999999432e+00 0.000000000000000000e+00 7.586478335511787801e-05 1.808679276335115049e-02 0.000000000000000000e+00 0.000000000000000000e+00 7.690000000000000000e+02 0.000000000000000000e+00 0.000000000000000000e+00 1.000000000000000000e+00
0.000000000000000000e+00 1.630000000000000000e+02 8.619999999999999218e+00 0.000000000000000000e+00 7.586478335511787801e-05 1.808679276335115049e-02 0.000000000000000000e+00 0.000000000000000000e+00 7.690000000000000000e+02 0.000000000000000000e+00 0.000000000000000000e+00 1.000000000000000000e+00
0.000000000000000000e+00 1.630000000000000000e+02 8.630000000000000782e+00 0.000000000000000000e+00 7.586478335511787801e-05 1.808679276335115049e-02 0.000000000000000000e+00 0.000000000000000000e+00 7.690000000000000000e+02 0.000000000000000000e+00 0.000000000000000000e+00 1.000000000000000000e+00
0.000000000000000000e+00 1.630000000000000000e+02 8.640000000000000568e+00 0.000000000000000000e+00 7.586478335511787801e-05 1.808679276335115049e-02 0.000000000000000000e+00 0.000000000000000000e+00 7.690000000000000000e+02 0.000000000000000000e+00 0.000000000000000000e+00 1.000000000000000000e+00
0.000000000000000000e+00 1.630000000000000000e+02 8.650000000000000355e+00 0.000000000000000000e+00 7.586478335511787801e-05 1.808679276335115049e-02 0.000000000000000000e+00 0.000000000000000000e+00 7.690000000000000000e+02 0.000000000000000000e+00 0.000000000000000000e+00 1.000000000000000000e+00
0.000000000000000000e+00 1.630000000000000000e+02 8.660000000000000142e+00 0.000000000000000000e+00 7.586478335511787801e-05 1.808679276335115049e-02 0.000000000000000000e+00 0.000000000000000000e+00 7.690000000000000000e+02 0.000000000000000000e+00 0.000000000000000000e+00 1.000000000000000000e+00
0.000000000000000000e+00 1.630000000000000000e+02 8.669999999999999929e+00 0.000000000000000000e+00 7.586478335511787801e-05 1.808679276335115049e-02 0.000000000000000000e+00 0.000000000000000000e+00 7.690000000000000000e+02 0.000000000000000000e+00 0.000000000000000000e+00 1.000000000000000000e+00
0.000000000000000000e+00 1.630000000000000000e+02 8.679999999999999716e+00 0.000000000000000000e+00 7.586478335511787801e-05 1.808679276335115049e-02 0.000000000000000000e+00 0.000000000000000000e+00 7.690000000000000000e+02 0.000000000000000000e+00 0.000000000000000000e+00 1.000000000000000000e+00
0.000000000000000000e+00 1.630000000000000000e+02 8.689999999999999503e+00 0.000000000000000000e+00 7.586478335511787801e-05 1.808679276335115049e-02 0.000000000000000000e+00 0.000000000000000000e+00 7.690000000000000000e+02 0.000000000000000000e+00 0.000000000000000000e+00 1.000000000000000000e+00
0.000000000000000000e+00 1.630000000000000000e+02 8.699999999999999289e+00 0.000000000000000000e+00 7.586478335511787801e-05 1.808679276335115049e-02 0.000000000000000000e+00 0.000000000000000000e+00 7.690000000000000000e+02 0.000000000000000000e+00 0.000000000000000000e+00 1.000000000000000000e+00
0.000000000000000000e+00 1.630000000000000000e+02 8.710000000000000853e+00 0.000000000000000000e+00 7.586478335511787801e-05 1.808679276335115049e-02 0.000000000000000000e+00 0.000000000000000000e+00 7.690000000000000000e+02 0.000000000000000000e+00 0.000000000000000000e+00 1.000000000000000000e+00
0.000000000000000000e+00 1.630000000000000000e+02 8.720000000000000639e+00 0.000000000000000000e+00 7.586478335511787801e-05 1.808679276335115049e-02 0.000000000000000000e+00 0.000000000000000000e+00 7.690000000000000000e+02 0.000000000000000000e+00 0.000000000000000000e+00 1.000000000000000000e+00
0.000000000000000000e+00 1.630000000000000000e+02 8.730000000000000426e+00 0.000000000000000000e+00 7.586478335511787801e-05 1.808679276335115049e-02 0.000000000000000000e+00 0.000000000000000000e+00 7.690000000000000000e+02 0.000000000000000000e+00 0.000000000000000000e+00 1.000000000000000000e+00
0.000000000000000000e+00 1.630000000000000000e+02 8.740000000000000213e+00 0.000000000000000000e+00 7.586478335511786446e-05 1.808679276335115049e-02 0.000000000000000000e+00 0.000000000000000000e+00 7.690000000000000000e+02 0.000000000000000000e+00 0.000000000000000000e+00 1.000000000000000000e+00
0.000000000000000000e+00 1.630000000000000000e+02 8.750000000000000000e+00 0.000000000000000000e+00 7.586478335511782380e-05 1.808679276335115049e-02 0.000000000000000000e+00 0.000000000000000000e+00 7.690000000000000000e+02 0.000000000000000000e+00 0.000000000000000000e+00 1.000000000000000000e+00
0.000000000000000000e+00 1.630000000000000000e+02 8.759999999999999787e+00 0.000000000000000000e+00 7.586478335511744433e-05 1.808679276335115049e-02 0.000000000000000000e+00 0.000000000000000000e+00 7.690000000000000000e+02 0.000000000000000000e+00 0.000000000000000000e+00 1.000000000000000000e+00
0.000000000000000000e+00 1.630000000000000000e+02 8.769999999999999574e+00 0.000000000000000000e+00 7.586478335511451698e-05 1.808679276335115049e-02 0.000000000000000000e+00 0.000000000000000000e+00 7.690000000000000000e+02 0.000000000000000000e+00 0.000000000000000000e+00 1.000000000000000000e+00
0.000000000000000000e+00 1.630000000000000000e+02 8.779999999999999361e+00 0.000000000000000000e+00 7.586478335509157255e-05 1.808679276335115049e-02 0.000000000000000000e+00 0.000000000000000000e+00 7.690000000000000000e+02 0.000000000000000000e+00 0.000000000000000000e+00 1.000000000000000000e+00
0.000000000000000000e+00 1.630000000000000000e+02 8.789999999999999147e+00 0.000000000000000000e+00 7.586478335491204223e-05 1.808679276335117825e-02 0.000000000000000000e+00 0.000000000000000000e+00 7.690000000000000000e+02 0.000000000000000000e+00 0.000000000000000000e+00 1.000000000000000000e+00
0.000000000000000000e+00 1.630000000000000000e+02 8.800000000000000711e+00 0.000000000000000000e+00 7.586478335350703818e-05 1.808679276335124764e-02 0.000000000000000000e+00 0.000000000000000000e+00 7.690000000000000000e+02 0.000000000000000000e+00 0.000000000000000000e+00 1.000000000000000000e+00
0.000000000000000000e+00 1.630000000000000000e+02 8.810000000000000497e+00 0.000000000000000000e+00 7.586478334251202198e-05 1.808679276335183050e-02 0.000000000000000000e+00 0.000000000000000000e+00 7.690000000000000000e+02 0.000000000000000000e+00 0.000000000000000000e+00 1.000000000000000000e+00
0.000000000000000000e+00 1.630000000000000000e+02 8.820000000000000284e+00 0.000000000000000000e+00 7.586478325646885666e-05 1.808679276335643793e-02 0.000000000000000000e+00 0.000000000000000000e+00 7.690000000000000000e+02 0.000000000000000000e+00 0.000000000000000000e+00 1.000000000000000000e+00
0.000000000000000000e+00 1.630000000000000000e+02 8.830000000000000071e+00 0.000000000000000000e+00 7.586478258312549046e-05 1.808679276339232589e-02 0.000000000000000000e+00 0.000000000000000000e+00 7.690000000000000000e+02 0.000000000000000000e+00 0.000000000000000000e+00 1.000000000000000000e+00
0.000000000000000000e+00 1.630000000000000000e+02 8.839999999999999858e+00 0.000000000000000000e+00 7.586477731377841156e-05 1.808679276367330946e-02 0.000000000000000000e+00 0.000000000000000000e+00 7.690000000000000000e+02 0.000000000000000000e+00 0.000000000000000000e+00 1.000000000000000000e+00
0.000000000000000000e+00 1.630000000000000000e+02 8.849999999999999645e+00 0.000000000000000000e+00 7.586473607773098441e-05 1.808679276587192575e-02 0.000000000000000000e+00 0.000000000000000000e+00 7.690000000000000000e+02 0.000000000000000000e+00 0.000000000000000000e+00 1.000000000000000000e+00
0.000000000000000000e+00 1.630000000000000000e+02 8.859999999999999432e+00 0.000000000000000000e+00 7.586441337900149784e-05 1.808679278307767646e-02 0.000000000000000000e+00 0.000000000000000000e+00 7.690000000000000000e+02 0.000000000000000000e+00 0.000000000000000000e+00 1.000000000000000000e+00
0.000000000000000000e+00 1.630000000000000000e+02 8.869999999999999218e+00 0.000000000000000000e+00 7.586188805282485066e-05 1.808679291772373465e-02 0.000000000000000000e+00 0.000000000000000000e+00 7.690000000000000000e+02 0.000000000000000000e+00 0.000000000000000000e+00 1.000000000000000000e+00
0.000000000000000000e+00 1.630000000000000000e+02 8.880000000000000782e+00 0.000000000000000000e+00 7.584212574291885429e-05 1.808679397141625678e-02 0.000000000000000000e+00 0.000000000000000000e+00 7.690000000000000000e+02 0.000000000000000000e+00 0.000000000000000000e+00 1.000000000000000000e+00
0.000000000000000000e+00 1.630000000000000000e+02 8.890000000000000568e+00 0.000000000000000000e+00 7.568747289195893108e-05 1.808680221723243942e-02 0.000000000000000000e+00 0.000000000000000000e+00 7.690000000000000000e+02 0.000000000000000000e+00 0.000000000000000000e+00 1.000000000000000000e+00
0.000000000000000000e+00 1.630000000000000000e+02 8.900000000000000355e+00 0.000000000000000000e+00 7.447721435316486879e-05 1.808686674551733542e-02 0.000000000000000000e+00 0.000000000000000000e+00 7.690000000000000000e+02 0.000000000000000000e+00 0.000000000000000000e+00 1.000000000000000000e+00
0.000000000000000000e+00 1.630000000000000000e+02 8.910000000000000142e+00 0.000000000000000000e+00 6.500615887871036627e-05 1.808737168693823338e-02 0.000000000000000000e+00 0.000000000000000000e+00 7.690000000000000000e+02 0.000000000000000000e+00 0.000000000000000000e+00 1.000000000000000000e+00
0.000000000000000000e+00 1.630000000000000000e+02 8.919999999999999929e+00 0.000000000000000000e+00 -9.110973060367293596e-06 1.809132108976864439e-02 0.000000000000000000e+00 0.000000000000000000e+00 7.690000000000000000e+02 0.000000000000000000e+00 0.000000000000000000e+00 1.000000000000000000e+00
0.000000000000000000e+00 1.630000000000000000e+02 8.929999999999999716e+00 0.000000000000000000e+00 -5.891254457547144118e-04 1.812209952019702697e-02 0.000000000000000000e+00 0.000000000000000000e+00 7.690000000000000000e+02 0.000000000000000000e+00 0.000000000000000000e+00 1.000000000000000000e+00
0.000000000000000000e+00 1.630000000000000000e+02 8.939999999999999503e+00 0.000000000000000000e+00 -5.128113662560342643e-03 1.835501765465373525e-02 0.000000000000000000e+00 0.000000000000000000e+00 7.690000000000000000e+02 0.000000000000000000e+00 0.000000000000000000e+00 1.000000000000000000e+00
0.000000000000000000e+00 1.630000000000000000e+02 8.949999999999999289e+00 0.000000000000000000e+00 -4.064863082585755405e-02 1.964961093657265068e-02 0.000000000000000000e+00 0.000000000000000000e+00 7.690000000000000000e+02 0.000000000000000000e+00 0.000000000000000000e+00 1.000000000000000000e+00
0.000000000000000000e+00 1.630000000000000000e+02 8.960000000000000853e+00 0.000000000000000000e+00 -3.186196409458252887e-01 5.937302585500029437e-09 0.000000000000000000e+00 1.000000000000000000e+00 7.690000000000000000e+02 0.000000000000000000e+00 0.000000000000000000e+00 1.000000000000000000e+00
0.000000000000000000e+00 1.630000000000000000e+02 8.970000000000000639e+00 0.000000000000000000e+00 -4.064863082585755405e-02 1.964961093657267843e-02 0.000000000000000000e+00 0.000000000000000000e+00 7.690000000000000000e+02 0.000000000000000000e+00 0.000000000000000000e+00 1.000000000000000000e+00
0.000000000000000000e+00 1.630000000000000000e+02 8.980000000000000426e+00 0.000000000000000000e+00 -5.128113662560344378e-03 1.835501765465373525e-02 0.000000000000000000e+00 0.000000000000000000e+00 7.690000000000000000e+02 0.000000000000000000e+00 0.000000000000000000e+00 1.000000000000000000e+00
0.000000000000000000e+00 1.630000000000000000e+02 8.990000000000000213e+00 0.000000000000000000e+00 -5.891254457547148455e-04 1.812209952019705472e-02 0.000000000000000000e+00 0.000000000000000000e+00 7.690000000000000000e+02 0.000000000000000000e+00 0.000000000000000000e+00 1.000000000000000000e+00
0.000000000000000000e+00 1.630000000000000000e+02 9.000000000000000000e+00 0.000000000000000000e+00 -9.110973060367361358e-06 1.809132108976864439e-02 0.000000000000000000e+00 0.000000000000000000e+00 7.690000000000000000e+02 0.000000000000000000e+00 0.000000000000000000e+00 1.000000000000000000e+00
0.000000000000000000e+00 1.630000000000000000e+02 9.009999999999999787e+00 0.000000000000000000e+00 6.500615887871035272e-05 1.808737168693823338e-02 0.000000000000000000e+00 0.000000000000000000e+00 7.690000000000000000e+02 0.000000000000000000e+00 0.000000000000000000e+00 1.000000000000000000e+00
0.000000000000000000e+00 1.630000000000000000e+02 9.019999999999999574e+00 0.000000000000000000e+00 7.447721435316486879e-05 1.808686674551733542e-02 0.000000000000000000e+00 0.000000000000000000e+00 7.690000000000000000e+02 0.000000000000000000e+00 0.000000000000000000e+00 1.000000000000000000e+00
0.000000000000000000e+00 1.630000000000000000e+02 9.029999999999999361e+00 0.000000000000000000e+00 7.568747289195893108e-05 1.808680221723242554e-02 0.000000000000000000e+00 0.000000000000000000e+00 7.690000000000000000e+02 0.000000000000000000e+00 0.000000000000000000e+00 1.000000000000000000e+00
0.000000000000000000e+00 1.630000000000000000e+02 9.039999999999999147e+00 0.000000000000000000e+00 7.584212574291885429e-05 1.808679397141631229e-02 0.000000000000000000e+00 0.000000000000000000e+00 7.690000000000000000e+02 0.000000000000000000e+00 0.000000000000000000e+00 1.000000000000000000e+00
0.000000000000000000e+00 1.630000000000000000e+02 9.050000000000000711e+00 0.000000000000000000e+00 7.586188805282485066e-05 1.808679291772373465e-02 0.000000000000000000e+00 0.000000000000000000e+00 7.690000000000000000e+02 0.000000000000000000e+00 0.000000000000000000e+00 1.000000000000000000e+00
0.000000000000000000e+00 1.630000000000000000e+02 9.060000000000000497e+00 0.000000000000000000e+00 7.586441337900149784e-05 1.808679278307767646e-02 0.000000000000000000e+00 0.000000000000000000e+00 7.690000000000000000e+02 0.000000000000000000e+00 0.000000000000000000e+00 1.000000000000000000e+00
0.000000000000000000e+00 1.630000000000000000e+02 9.070000000000000284e+00 0.000000000000000000e+00 7.586473607773098441e-05 1.808679276587192575e-02 0.000000000000000000e+00 0.000000000000000000e+00 7.690000000000000000e+02 0.000000000000000000e+00 0.000000000000000000e+00 1.000000000000000000e+00
0.000000000000000000e+00 1.630000000000000000e+02 9.080000000000000071e+00 0.000000000000000000e+00 7.586477731377841156e-05 1.808679276367330946e-02 0.000000000000000000e+00 0.000000000000000000e+00 7.690000000000000000e+02 0.000000000000000000e+00 0.000000000000000000e+00 1.000000000000000000e+00
0.000000000000000000e+00 1.630000000000000000e+02 9.089999999999999858e+00 0.000000000000000000e+00 7.586478258312549046e-05 1.808679276339232589e-02 0.000000000000000000e+00 0.000000000000000000e+00 7.690000000000000000e+02 0.000000000000000000e+00 0.000000000000000000e+00 1.000000000000000000e+00
0.000000000000000000e+00 1.630000000000000000e+02 9.099999999999999645e+00 0.000000000000000000e+00 7.586478325646885666e-05 1.808679276335643793e-02 0.000000000000000000e+00 0.000000000000000000e+00 7.690000000000000000e+02 0.000000000000000000e+00 0.000000000000000000e+00 1.000000000000000000e+00
0.000000000000000000e+00 1.630000000000000000e+02 9.109999999999999432e+00 0.000000000000000000e+00 7.586478334251202198e-05 1.808679276335183050e-02 0.000000000000000000e+00 0.000000000000000000e+00 7.690000000000000000e+02 0.000000000000000000e+00 0.000000000000000000e+00 1.000000000000000000e+00
0.000000000000000000e+00 1.630000000000000000e+02 9.119999999999999218e+00 0.000000000000000000e+00 7.586478335350703818e-05 1.808679276335124764e-02 0.000000000000000000e+00 0.000000000000000000e+00 7.690000000000000000e+02 0.000000000000000000e+00 0.000000000000000000e+00 1.000000000000000000e+00
0.000000000000000000e+00 1.630000000000000000e+02 9.130000000000000782e+00 0.000000000000000000e+00 7.586478335491204223e-05 1.808679276335117825e-02 0.000000000000000000e+00 0.000000000000000000e+00 7.690000000000000000e+02 0.000000000000000000e+00 0.000000000000000000e+00 1.000000000000000000e+00
0.000000000000000000e+00 1.630000000000000000e+02 9.140000000000000568e+00 0.000000000000000000e+00 7.586478335509157255e-05 1.808679276335115049e-02 0.000000000000000000e+00 0.000000000000000000e+00 7.690000000000000000e+02 0.000000000000000000e+00 0.000000000000000000e+00 1.000000000000000000e+00
0.000000000000000000e+00 1.630000000000000000e+02 9.150000000000000355e+00 0.000000000000000000e+00 7.586478335511451698e-05 1.808679276335115049e-02 0.000000000000000000e+00 0.000000000000000000e+00 7.690000000000000000e+02 0.000000000000000000e+00 0.000000000000000000e+00 1.000000000000000000e+00
0.000000000000000000e+00 1.630000000000000000e+02 9.160000000000000142e+00 0.000000000000000000e+00 7.586478335511745788e-05 1.808679276335115049e-02 0.000000000000000000e+00 0.000000000000000000e+00 7.690000000000000000e+02 0.000000000000000000e+00 0.000000000000000000e+00 1.000000000000000000e+00
0.000000000000000000e+00 1.630000000000000000e+02 9.169999999999999929e+00 0.000000000000000000e+00 7.586478335511786446e-05 1.808679276335115049e-02 0.000000000000000000e+00 0.000000000000000000e+00 7.690000000000000000e+02 0.000000000000000000e+00 0.000000000000000000e+00 1.000000000000000000e+00
0.000000000000000000e+00 1.630000000000000000e+02 9.179999999999999716e+00 0.000000000000000000e+00 7.586478335511816261e-05 1.808679276335115049e-02 0.000000000000000000e+00 0.000000000000000000e+00 7.690000000000000000e+02 0.000000000000000000e+00 0.000000000000000000e+00 1.000000000000000000e+00
0.000000000000000000e+00 1.630000000000000000e+02 9.189999999999999503e+00 0.000000000000000000e+00 7.586478335512016839e-05 1.808679276335115049e-02 0.000000000000000000e+00 0.000000000000000000e+00 7.690000000000000000e+02 0.000000000000000000e+00 0.000000000000000000e+00 1.000000000000000000e+00
0.000000000000000000e+00 1.630000000000000000e+02 9.199999999999999289e+00 0.000000000000000000e+00 7.586478335513580800e-05 1.808679276335115049e-02 0.000000000000000000e+00 0.000000000000000000e+00 7.690000000000000000e+02 0.000000000000000000e+00 0.000000000000000000e+00 1.000000000000000000e+00
0.000000000000000000e+00 1.630000000000000000e+02 9.210000000000000853e+00 0.000000000000000000e+00 7.586478335525816022e-05 1.808679276335115049e-02 0.000000000000000000e+00 0.000000000000000000e+00 7.690000000000000000e+02 0.000000000000000000e+00 0.000000000000000000e+00 1.000000000000000000e+00
0.000000000000000000e+00 1.630000000000000000e+02 9.220000000000000639e+00 0.000000000000000000e+00 7.586478335621572758e-05 1.808679276335110886e-02 0.000000000000000000e+00 0.000000000000000000e+00 7.690000000000000000e+02 0.000000000000000000e+00 0.000000000000000000e+00 1.000000000000000000e+00
0.000000000000000000e+00 1.630000000000000000e+02 9.230000000000000426e+00 0.000000000000000000e+00 7.586478336370927221e-05 1.808679276335070640e-02 0.000000000000000000e+00 0.000000000000000000e+00 7.690000000000000000e+02 0.000000000000000000e+00 0.000000000000000000e+00 1.000000000000000000e+00
0.000000000000000000e+00 1.630000000000000000e+02 9.240000000000000213e+00 0.000000000000000000e+00 7.586478342235108432e-05 1.808679276334758390e-02 0.000000000000000000e+00 0.000000000000000000e+00 7.690000000000000000e+02 0.000000000000000000e+00 0.000000000000000000e+00 1.000000000000000000e+00
0.000000000000000000e+00 1.630000000000000000e+02 9.250000000000000000e+00 0.000000000000000000e+00 7.586478388126121589e-05 1.808679276332311736e-02 0.000000000000000000e+00 0.000000000000000000e+00 7.690000000000000000e+02 0.000000000000000000e+00 0.000000000000000000e+00 1.000000000000000000e+00
0.000000000000000000e+00 1.630000000000000000e+02 9.259999999999999787e+00 0.000000000000000000e+00 7.586478747252965249e-05 1.808679276313161777e-02 0.000000000000000000e+00 0.000000000000000000e+00 7.690000000000000000e+02 0.000000000000000000e+00 0.000000000000000000e+00 1.000000000000000000e+00
0.000000000000000000e+00 1.630000000000000000e+02 9.269999999999999574e+00 0.000000000000000000e+00 7.586481557652686352e-05 1.808679276163316363e-02 0.000000000000000000e+00 0.000000000000000000e+00 7.690000000000000000e+02 0.000000000000000000e+00 0.000000000000000000e+00 1.000000000000000000e+00
0.000000000000000000e+00 1.630000000000000000e+02 9.279999999999999361e+00 0.000000000000000000e+00 7.586503550847371760e-05 1.808679274990679375e-02 0.000000000000000000e+00 0.000000000000000000e+00 7.690000000000000000e+02 0.000000000000000000e+00 0.000000000000000000e+00 1.000000000000000000e+00
0.000000000000000000e+00 1.630000000000000000e+02 9.289999999999999147e+00 0.000000000000000000e+00 7.586675661813954198e-05 1.808679265814015780e-02 0.000000000000000000e+00 0.000000000000000000e+00 7.690000000000000000e+02 0.000000000000000000e+00 0.000000000000000000e+00 1.000000000000000000e+00
0.000000000000000000e+00 1.630000000000000000e+02 9.300000000000000711e+00 0.000000000000000000e+00 7.588022541393823258e-05 1.808679194000670232e-02 0.000000000000000000e+00 0.000000000000000000e+00 7.690000000000000000e+02 0.000000000000000000e+00 0.000000000000000000e+00 1.000000000000000000e+00
0.000000000000000000e+00 1.630000000000000000e+02 9.310000000000000497e+00 0.000000000000000000e+00 7.598562744837508839e-05 1.808678632013813181e-02 0.000000000000000000e+00 0.000000000000000000e+00 7.690000000000000000e+02 0.000000000000000000e+00 0.000000000000000000e+00 1.000000000000000000e+00
0.000000000000000000e+00 1.630000000000000000e+02 9.320000000000000284e+00 0.000000000000000000e+00 7.681046650818996590e-05 1.808674234040980044e-02 0.000000000000000000e+00 0.000000000000000000e+00 7.690000000000000000e+02 0.000000000000000000e+00 0.000000000000000000e+00 1.000000000000000000e+00
0.000000000000000000e+00 1.630000000000000000e+02 9.330000000000000071e+00 0.000000000000000000e+00 8.326536539350406509e-05 1.808639813242837735e-02 0.000000000000000000e+00 0.000000000000000000e+00 7.690000000000000000e+02 0.000000000000000000e+00 0.000000000000000000e+00 1.000000000000000000e+00
0.000000000000000000e+00 1.630000000000000000e+02 9.339999999999999858e+00 0.000000000000000000e+00 1.337791221365227051e-04 1.808370214486483551e-02 0.000000000000000000e+00 0.000000000000000000e+00 7.690000000000000000e+02 0.000000000000000000e+00 0.000000000000000000e+00 1.000000000000000000e+00
0.000000000000000000e+00 1.630000000000000000e+02 9.349999999999999645e+00 0.000000000000000000e+00 5.290819248029189625e-04 1.806246128130412076e-02 0.000000000000000000e+00 0.000000000000000000e+00 7.690000000000000000e+02 0.000000000000000000e+00 0.000000000000000000e+00 1.000000000000000000e+00
0.000000000000000000e+00 1.630000000000000000e+02 9.359999999999999432e+00 0.000000000000000000e+00 3.622581911170587917e-03 1.788754598407012175e-02 0.000000000000000000e+00 0.000000000000000000e+00 7.690000000000000000e+02 0.000000000000000000e+00 0.000000000000000000e+00 1.000000000000000000e+00
0.000000000000000000e+00 1.630000000000000000e+02 9.369999999999999218e+00 0.000000000000000000e+00 2.783121919152111226e-02 1.602155465218725594e-02 0.000000000000000000e+00 0.000000000000000000e+00 7.690000000000000000e+02 0.000000000000000000e+00 0.000000000000000000e+00 1.000000000000000000e+00
0.000000000000000000e+00 1.630000000000000000e+02 9.380000000000000782e+00 0.000000000000000000e+00 2.172794563191106643e-01 7.223220534230945948e-20 0.000000000000000000e+00 1.000000000000000000e+00 7.690000000000000000e+02 0.000000000000000000e+00 0.000000000000000000e+00 1.000000000000000000e+00
0.000000000000000000e+00 1.630000000000000000e+02 9.390000000000000568e+00 0.000000000000000000e+00 2.783121919152111573e-02 1.602155465218725594e-02 0.000000000000000000e+00 0.000000000000000000e+00 7.690000000000000000e+02 0.000000000000000000e+00 0.000000000000000000e+00 1.000000000000000000e+00
0.000000000000000000e+00 1.630000000000000000e+02 9.400000000000000355e+00 0.000000000000000000e+00 3.622581911170589218e-03 1.788754598407014951e-02 0.000000000000000000e+00 0.000000000000000000e+00 7.690000000000000000e+02 0.000000000000000000e+00 0.000000000000000000e+00 1.000000000000000000e+00
0.000000000000000000e+00 1.630000000000000000e+02 9.410000000000000142e+00 0.000000000000000000e+00 5.290819248029192878e-04 1.806246128130412076e-02 0.000000000000000000e+00 0.000000000000000000e+00 7.690000000000000000e+02 0.000000000000000000e+00 0.000000000000000000e+00 1.000000000000000000e+00
0.000000000000000000e+00 1.630000000000000000e+02 9.419999999999999929e+00 0.000000000000000000e+00 1.337791221365227593e-04 1.808370214486480776e-02 0.000000000000000000e+00 0.000000000000000000e+00 7.690000000000000000e+02 0.000000000000000000e+00 0.000000000000000000e+00 1.000000000000000000e+00
0.000000000000000000e+00 1.630000000000000000e+02 9.429999999999999716e+00 0.000000000000000000e+00 8.326536539350407864e-05 1.808639813242837735e-02 0.000000000000000000e+00 0.000000000000000000e+00 7.690000000000000000e+02 0.000000000000000000e+00 0.000000000000000000e+00 1.000000000000000000e+00
0.000000000000000000e+00 1.630000000000000000e+02 9.439999999999999503e+00 0.000000000000000000e+00 7.681046650818996590e-05 1.808674234040980044e-02 0.000000000000000000e+00 0.000000000000000000e+00 7.690000000000000000e+02 0.000000000000000000e+00 0.000000000000000000e+00 1.000000000000000000e+00
0.000000000000000000e+00 1.630000000000000000e+02 9.449999999999999289e+00 0.000000000000000000e+00 7.598562744837508839e-05 1.808678632013810406e-02 0.000000000000000000e+00 0.000000000000000000e+00 7.690000000000000000e+02 0.000000000000000000e+00 0.000000000000000000e+00 1.000000000000000000e+00
0.000000000000000000e+00 1.630000000000000000e+02 9.460000000000000853e+00 0.000000000000000000e+00 7.588022541393823258e-05 1.808679194000668844e-02 0.000000000000000000e+00 0.000000000000000000e+00 7.690000000000000000e+02 0.000000000000000000e+00 0.000000000000000000e+00 1.000000000000000000e+00
0.000000000000000000e+00 1.630000000000000000e+02 9.470000000000000639e+00 0.000000000000000000e+00 7.586675661813954198e-05 1.808679265814015780e-02 0.000000000000000000e+00 0.000000000000000000e+00 7.690000000000000000e+02 0.000000000000000000e+00 0.000000000000000000e+00 1.000000000000000000e+00
0.000000000000000000e+00 1.630000000000000000e+02 9.480000000000000426e+00 0.000000000000000000e+00 7.586503550847371760e-05 1.808679274990679375e-02 0.000000000000000000e+00 0.000000000000000000e+00 7.690000000000000000e+02 0.000000000000000000e+00 0.000000000000000000e+00 1.000000000000000000e+00
0.000000000000000000e+00 1.630000000000000000e+02 9.490000000000000213e+00 0.000000000000000000e+00 7.586481557652686352e-05 1.808679276163316363e-02 0.000000000000000000e+00 0.000000000000000000e+00 7.690000000000000000e+02 0.000000000000000000e+00 0.000000000000000000e+00 1.000000000000000000e+00
0.000000000000000000e+00 1.630000000000000000e+02 9.500000000000000000e+00 0.000000000000000000e+00 7.586478747252965249e-05 1.808679276313161777e-02 0.000000000000000000e+00 0.000000000000000000e+00 7.690000000000000000e+02 0.000000000000000000e+00 0.000000000000000000e+00 1.000000000000000000e+00
0.000000000000000000e+00 1.630000000000000000e+02 9.509999999999999787e+00 0.000000000000000000e+00 7.586478388126121589e-05 1.808679276332311736e-02 0.000000000000000000e+00 0.000000000000000000e+00 7.690000000000000000e+02 0.000000000000000000e+00 0.000000000000000000e+00 1.000000000000000000e+00
0.000000000000000000e+00 1.630000000000000000e+02 9.519999999999999574e+00 0.000000000000000000e+00 7.586478342235108432e-05 1.808679276334758390e-02 0.000000000000000000e+00 0.000000000000000000e+00 7.690000000000000000e+02 0.000000000000000000e+00 0.000000000000000000e+00 1.000000000000000000e+00
0.000000000000000000e+00 1.630000000000000000e+02 9.529999999999999361e+00 0.000000000000000000e+00 7.586478336370927221e-05 1.808679276335070640e-02 0.000000000000000000e+00 0.000000000000000000e+00 7.690000000000000000e+02 0.000000000000000000e+00 0.000000000000000000e+00 1.000000000000000000e+00
0.000000000000000000e+00 1.630000000000000000e+02 9.539999999999999147e+00 0.000000000000000000e+00 7.586478335621572758e-05 1.808679276335110886e-02 0.000000000000000000e+00 0.000000000000000000e+00 7.690000000000000000e+02 0.000000000000000000e+00 0.000000000000000000e+00 1.000000000000000000e+00
0.000000000000000000e+00 1.630000000000000000e+02 9.550000000000000711e+00 0.000000000000000000e+00 7.586478335525816022e-05 1.808679276335115049e-02 0.000000000000000000e+00 0.000000000000000000e+00 7.690000000000000000e+02 0.000000000000000000e+00 0.000000000000000000e+00 1.000000000000000000e+00
0.000000000000000000e+00 1.630000000000000000e+02 9.560000000000000497e+00 0.000000000000000000e+00 7.586478335513580800e-05 1.808679276335115049e-02 0.000000000000000000e+00 0.000000000000000000e+00 7.690000000000000000e+02 0.000000000000000000e+00 0.000000000000000000e+00 1.000000000000000000e+00
0.000000000000000000e+00 1.630000000000000000e+02 9.570000000000000284e+00 0.000000000000000000e+00 7.586478335512016839e-05 1.808679276335115049e-02 0.000000000000000000e+00 0.000000000000000000e+00 7.690000000000000000e+02 0.000000000000000000e+00 0.000000000000000000e+00 1.000000000000000000e+00
0.000000000000000000e+00 1.630000000000000000e+02 9.580000000000000071e+00 0.000000000000000000e+00 7.586478335511817616e-05 1.808679276335115049e-02 0.000000000000000000e+00 0.000000000000000000e+00 7.690000000000000000e+02 0.000000000000000000e+00 0.000000000000000000e+00 1.000000000000000000e+00
0.000000000000000000e+00 1.630000000000000000e+02 9.589999999999999858e+00 0.000000000000000000e+00 7.586478335511791867e-05 1.808679276335115049e-02 0.000000000000000000e+00 0.000000000000000000e+00 7.690000000000000000e+02 0.000000000000000000e+00 0.000000000000000000e+00 1.000000000000000000e+00
0.000000000000000000e+00 1.630000000000000000e+02 9.599999999999999645e+00 0.000000000000000000e+00 7.586478335511787801e-05 1.808679276335115049e-02 0.000000000000000000e+00 0.000000000000000000e+00 7.690000000000000000e+02 0.000000000000000000e+00 0.000000000000000000e+00 1.000000000000000000e+00
0.000000000000000000e+00 1.630000000000000000e+02 9.609999999999999432e+00 0.000000000000000000e+00 7.586478335511787801e-05 1.808679276335115049e-02 0.000000000000000000e+00 0.000000000000000000e+00 7.690000000000000000e+02 0.000000000000000000e+00 0.000000000000000000e+00 1.000000000000000000e+00
0.000000000000000000e+00 1.630000000000000000e+02 9.619999999999999218e+00 0.000000000000000000e+00 7.586478335511787801e-05 1.808679276335115049e-02 0.000000000000000000e+00 0.000000000000000000e+00 7.690000000000000000e+02 0.000000000000000000e+00 0.000000000000000000e+00 1.000000000000000000e+00
0.000000000000000000e+00 1.630000000000000000e+02 9.630000000000000782e+00 0.000000000000000000e+00 7.586478335511787801e-05 1.808679276335115049e-02 0.000000000000000000e+00 0.000000000000000000e+00 7.690000000000000000e+02 0.000000000000000000e+00 0.000000000000000000e+00 1.000000000000000000e+00
0.000000000000000000e+00 1.630000000000000000e+02 9.640000000000000568e+00 0.000000000000000000e+00 7.586478335511787801e-05 1.808679276335115049e-02 0.000000000000000000e+00 0.000000000000000000e+00 7.690000000000000000e+02 0.000000000000000000e+00 0.000000000000000000e+00 1.000000000000000000e+00
0.000000000000000000e+00 1.630000000000000000e+02 9.650000000000000355e+00 0.000000000000000000e+00 7.586478335511787801e-05 1.808679276335115049e-02 0.000000000000000000e+00 0.000000000000000000e+00 7.690000000000000000e+02 0.000000000000000000e+00 0.000000000000000000e+00 1.000000000000000000e+00
0.000000000000000000e+00 1.630000000000000000e+02 9.660000000000000142e+00 0.000000000000000000e+00 7.586478335511787801e-05 1.808679276335115049e-02 0.000000000000000000e+00 0.000000000000000000e+00 7.690000000000000000e+02 0.000000000000000000e+00 0.000000000000000000e+00 1.000000000000000000e+00
0.000000000000000000e+00 1.630000000000000000e+02 9.669999999999999929e+00 0.000000000000000000e+00 7.586478335511787801e-05 1.808679276335115049e-02 0.000000000000000000e+00 0.000000000000000000e+00 7.690000000000000000e+02 0.000000000000000000e+00 0.000000000000000000e+00 1.000000000000000000e+00
0.000000000000000000e+00 1.630000000000000000e+02 9.679999999999999716e+00 0.000000000000000000e+00 7.586478335511787801e-05 1.808679276335115049e-02 0.000000000000000000e+00 0.000000000000000000e+00 7.690000000000000000e+02 0.000000000000000000e+00 0.000000000000000000e+00 1.000000000000000000e+00
0.000000000000000000e+00 1.630000000000000000e+02 9.689999999999999503e+00 0.000000000000000000e+00 7.586478335511787801e-05 1.808679276335115049e-02 0.000000000000000000e+00 0.000000000000000000e+00 7.690000000000000000e+02 0.000000000000000000e+00 0.000000000000000000e+00 1.000000000000000000e+00
0.000000000000000000e+00 1.630000000000000000e+02 9.699999999999999289e+00 0.000000000000000000e+00 7.586478335511787801e-05 1.808679276335115049e-02 0.000000000000000000e+00 0.000000000000000000e+00 7.690000000000000000e+02 0.000000000000000000e+00 0.000000000000000000e+00 1.000000000000000000e+00
0.000000000000000000e+00 1.630000000000000000e+02 9.710000000000000853e+00 0.000000000000000000e+00 7.586478335511787801e-05 1.808679276335115049e-02 0.000000000000000000e+00 0.000000000000000000e+00 7.690000000000000000e+02 0.000000000000000000e+00 0.000000000000000000e+00 1.000000000000000000e+00
0.000000000000000000e+00 1.630000000000000000e+02 9.720000000000000639e+00 0.000000000000000000e+00 7.586478335511787801e-05 1.808679276335115049e-02 0.000000000000000000e+00 0.000000000000000000e+00 7.690000000000000000e+02 0.000000000000000000e+00 0.000000000000000000e+00 1.000000000000000000e+00
0.000000000000000000e+00 1.630000000000000000e+02 9.730000000000000426e+00 0.000000000000000000e+00 7.586478335511787801e-05 1.808679276335115049e-02 0.000000000000000000e+00 0.000000000000000000e+00 7.690000000000000000e+02 0.000000000000000000e+00 0.000000000000000000e+00 1.000000000000000000e+00
0.000000000000000000e+00 1.630000000000000000e+02 9.740000000000000213e+00 0.000000000000000000e+00 7.586478335511787801e-05 1.808679276335115049e-02 0.000000000000000000e+00 0.000000000000000000e+00 7.690000000000000000e+02 0.000000000000000000e+00 0.000000000000000000e+00 1.000000000000000000e+00
0.000000000000000000e+00 1.630000000000000000e+02 9.750000000000000000e+00 0.000000000000000000e+00 7.586478335511787801e-05 1.808679276335115049e-02 0.000000000000000000e+00 0.000000000000000000e+00 7.690000000000000000e+02 0.000000000000000000e+00 0.000000000000000000e+00 1.000000000000000000e+00
0.000000000000000000e+00 1.630000000000000000e+02 9.759999999999999787e+00 0.000000000000000000e+00 7.586478335511787801e-05 1.808679276335115049e-02 0.000000000000000000e+00 0.000000000000000000e+00 7.690000000000000000e+02 0.000000000000000000e+00 0.000000000000000000e+00 1.000000000000000000e+00
0.000000000000000000e+00 1.630000000000000000e+02 9.769999999999999574e+00 0.000000000000000000e+00 7.586478335511787801e-05 1.808679276335115049e-02 0.000000000000000000e+00 0.000000000000000000e+00 7.690000000000000000e+02 0.000000000000000000e+00 0.000000000000000000e+00 1.000000000000000000e+00
0.000000000000000000e+00 1.630000000000000000e+02 9.779999999999999361e+00 0.000000000000000000e+00 7.586478335511787801e-05 1.808679276335115049e-02 0.000000000000000000e+00 0.000000000000000000e+00 7.690000000000000000e+02 0.000000000000000000e+00 0.000000000000000000e+00 1.000000000000000000e+00
0.000000000000000000e+00 1.630000000000000000e+02 9.789999999999999147e+00 0.000000000000000000e+00 7.586478335511787801e-05 1.808679276335115049e-02 0.000000000000000000e+00 0.000000000000000000e+00 7.690000000000000000e+02 0.000000000000000000e+00 0.000000000000000000e+00 1.000000000000000000e+00
0.000000000000000000e+00 1.630000000000000000e+02 9.800000000000000711e+00 0.000000000000000000e+00 7.586478335511787801e-05 1.808679276335115049e-02 0.000000000000000000e+00 0.000000000000000000e+00 7.690000000000000000e+02 0.000000000000000000e+00 0.000000000000000000e+00 1.000000000000000000e+00
0.000000000000000000e+00 1.630000000000000000e+02 9.810000000000000497e+00 0.000000000000000000e+00 7.586478335511787801e-05 1.808679276335115049e-02 0.000000000000000000e+00 0.000000000000000000e+00 7.690000000000000000e+02 0.000000000000000000e+00 0.000000000000000000e+00 1.000000000000000000e+00
0.000000000000000000e+00 1.630000000000000000e+02 9.820000000000000284e+00 0.000000000000000000e+00 7.586478335511787801e-05 1.808679276335115049e-02 0.000000000000000000e+00 0.000000000000000000e+00 7.690000000000000000e+02 0.000000000000000000e+00 0.000000000000000000e+00 1.000000000000000000e+00
0.000000000000000000e+00 1.630000000000000000e+02 9.830000000000000071e+00 0.000000000000000000e+00 7.586478335511787801e-05 1.808679276335115049e-02 0.000000000000000000e+00 0.000000000000000000e+00 7.690000000000000000e+02 0.000000000000000000e+00 0.000000000000000000e+00 1.000000000000000000e+00
0.000000000000000000e+00 1.630000000000000000e+02 9.839999999999999858e+00 0.000000000000000000e+00 7.586478335511787801e-05 1.808679276335115049e-02 0.000000000000000000e+00 0.000000000000000000e+00 7.690000000000000000e+02 0.000000000000000000e+00 0.000000000000000000e+00 1.000000000000000000e+00
0.000000000000000000e+00 1.630000000000000000e+02 9.849999999999999645e+00 0.000000000000000000e+00 7.586478335511787801e-05 1.808679276335115049e-02 0.000000000000000000e+00 0.000000000000000000e+00 7.690000000000000000e+02 0.000000000000000000e+00 0.000000000000000000e+00 1.000000000000000000e+00
0.000000000000000000e+00 1.630000000000000000e+02 9.859999999999999432e+00 0.000000000000000000e+00 7.586478335511787801e-05 1.808679276335115049e-02 0.000000000000000000e+00 0.000000000000000000e+00 7.690000000000000000e+02 0.000000000000000000e+00 0.000000000000000000e+00 1.000000000000000000e+00
0.000000000000000000e+00 1.630000000000000000e+02 9.869999999999999218e+00 0.000000000000000000e+00 7.586478335511787801e-05 1.808679276335115049e-02 0.000000000000000000e+00 0.000000000000000000e+00 7.690000000000000000e+02 0.000000000000000000e+00 0.000000000000000000e+00 1.000000000000000000e+00
0.000000000000000000e+00 1.630000000000000000e+02 9.880000000000000782e+00 0.000000000000000000e+00 7.586478335511787801e-05 1.808679276335115049e-02 0.000000000000000000e+00 0.000000000000000000e+00 7.690000000000000000e+02 0.000000000000000000e+00 0.000000000000000000e+00 1.000000000000000000e+00
0.000000000000000000e+00 1.630000000000000000e+02 9.890000000000000568e+00 0.000000000000000000e+00 7.586478335511787801e-05 1.808679276335115049e-02 0.000000000000000000e+00 0.000000000000000000e+00 7.690000000000000000e+02 0.000000000000000000e+00 0.000000000000000000e+00 1.000000000000000000e+00
0.000000000000000000e+00 1.630000000000000000e+02 9.900000000000000355e+00 0.000000000000000000e+00 7.586478335511787801e-05 1.808679276335115049e-02 0.000000000000000000e+00 0.000000000000000000e+00 7.690000000000000000e+02 0.000000000000000000e+00 0.000000000000000000e+00 1.000000000000000000e+00
0.000000000000000000e+00 1.630000000000000000e+02 9.910000000000000142e+00 0.000000000000000000e+00 7.586478335511787801e-05 1.808679276335115049e-02 0.000000000000000000e+00 0.000000000000000000e+00 7.690000000000000000e+02 0.000000000000000000e+00 0.000000000000000000e+00 1.000000000000000000e+00
0.000000000000000000e+00 1.630000000000000000e+02 9.919999999999999929e+00 0.000000000000000000e+00 7.586478335511787801e-05 1.808679276335115049e-02 0.000000000000000000e+00 0.000000000000000000e+00 7.690000000000000000e+02 0.000000000000000000e+00 0.000000000000000000e+00 1.000000000000000000e+00
0.000000000000000000e+00 1.630000000000000000e+02 9.929999999999999716e+00 0.000000000000000000e+00 7.586478335511787801e-05 1.808679276335094233e-02 0.000000000000000000e+00 0.000000000000000000e+00 7.690000000000000000e+02 0.000000000000000000e+00 0.000000000000000000e+00 1.000000000000000000e+00
0.000000000000000000e+00 1.630000000000000000e+02 9.939999999999999503e+00 0.000000000000000000e+00 7.586478335511787801e-05 1.808679276333793884e-02 0.000000000000000000e+00 0.000000000000000000e+00 7.690000000000000000e+02 0.000000000000000000e+00 0.000000000000000000e+00 1.000000000000000000e+00
0.000000000000000000e+00 1.630000000000000000e+02 9.949999999999999289e+00 0.000000000000000000e+00 7.586478335511787801e-05 1.808679276254193669e-02 0.000000000000000000e+00 0.000000000000000000e+00 7.690000000000000000e+02 0.000000000000000000e+00 0.000000000000000000e+00 1.000000000000000000e+00
0.000000000000000000e+00 1.630000000000000000e+02 9.960000000000000853e+00 0.000000000000000000e+00 7.586478335511787801e-05 1.808679271379397269e-02 0.000000000000000000e+00 0.000000000000000000e+00 7.690000000000000000e+02 0.000000000000000000e+00 0.000000000000000000e+00 1.000000000000000000e+00
0.000000000000000000e+00 1.630000000000000000e+02 9.970000000000000639e+00 0.000000000000000000e+00 7.586478335511787801e-05 1.808678972842978072e-02 0.000000000000000000e+00 0.000000000000000000e+00 7.690000000000000000e+02 0.000000000000000000e+00 0.000000000000000000e+00 1.000000000000000000e+00
0.000000000000000000e+00 1.630000000000000000e+02 9.980000000000000426e+00 0.000000000000000000e+00 7.586478335511787801e-05 1.808660690282561101e-02 0.000000000000000000e+00 0.000000000000000000e+00 7.690000000000000000e+02 0.000000000000000000e+00 0.000000000000000000e+00 1.000000000000000000e+00
0.000000000000000000e+00 1.630000000000000000e+02 9.990000000000000213e+00 0.000000000000000000e+00 7.586478335511787801e-05 1.807541169847992624e-02 0.000000000000000000e+00 0.000000000000000000e+00 7.690000000000000000e+02 0.000000000000000000e+00 0.000000000000000000e+00 1.000000000000000000e+00
0.000000000000000000e+00 1.630000000000000000e+02 1.000000000000000000e+01 0.000000000000000000e+00 7.586478335511787801e-05 1.739424549087209559e-02 0.000000000000000000e+00 0.000000000000000000e+00 7.690000000000000000e+02 0.000000000000000000e+00 0.000000000000000000e+00 1.000000000000000000e+00
