macrorep i x y cond_mean cei lf hf maxcei x_star lf_next hf_next
0.000000000000000000e+00 3.400000000000000000e+01 0.000000000000000000e+00 1.000000000000000021e-02 -5.330910526074511546e-03 6.253656211645218510e-04 0.000000000000000000e+00 0.000000000000000000e+00 1.820000000000000000e+02 0.000000000000000000e+00 0.000000000000000000e+00 1.000000000000000000e+00
0.000000000000000000e+00 3.400000000000000000e+01 0.000000000000000000e+00 2.000000000000000042e-02 -5.354093115934217828e-03 4.094913814578826639e-03 0.000000000000000000e+00 0.000000000000000000e+00 1.820000000000000000e+02 0.000000000000000000e+00 0.000000000000000000e+00 1.000000000000000000e+00
0.000000000000000000e+00 3.400000000000000000e+01 0.000000000000000000e+00 2.999999999999999889e-02 -5.379789948468069981e-03 7.828211780940647069e-03 0.000000000000000000e+00 0.000000000000000000e+00 1.820000000000000000e+02 0.000000000000000000e+00 0.000000000000000000e+00 1.000000000000000000e+00
0.000000000000000000e+00 3.400000000000000000e+01 0.000000000000000000e+00 4.000000000000000083e-02 -5.409436243583463401e-03 1.062128321794832131e-02 0.000000000000000000e+00 0.000000000000000000e+00 1.820000000000000000e+02 0.000000000000000000e+00 0.000000000000000000e+00 1.000000000000000000e+00
0.000000000000000000e+00 3.400000000000000000e+01 0.000000000000000000e+00 5.000000000000000278e-02 -5.444692597671231191e-03 1.249595077311146246e-02 0.000000000000000000e+00 0.000000000000000000e+00 1.820000000000000000e+02 0.000000000000000000e+00 0.000000000000000000e+00 1.000000000000000000e+00
0.000000000000000000e+00 3.400000000000000000e+01 0.000000000000000000e+00 6.000000000000000472e-02 -5.487540293898411636e-03 1.370154455978368768e-02 0.000000000000000000e+00 0.000000000000000000e+00 1.820000000000000000e+02 0.000000000000000000e+00 0.000000000000000000e+00 1.000000000000000000e+00
0.000000000000000000e+00 3.400000000000000000e+01 0.000000000000000000e+00 6.999999999999999278e-02 -5.540395472120493783e-03 1.446235736807229000e-02 0.000000000000000000e+00 0.000000000000000000e+00 1.820000000000000000e+02 0.000000000000000000e+00 0.000000000000000000e+00 1.000000000000000000e+00
0.000000000000000000e+00 3.400000000000000000e+01 0.000000000000000000e+00 8.000000000000000167e-02 -5.606248935801606652e-03 1.493872775862967878e-02 0.000000000000000000e+00 0.000000000000000000e+00 1.820000000000000000e+02 0.000000000000000000e+00 0.000000000000000000e+00 1.000000000000000000e+00
0.000000000000000000e+00 3.400000000000000000e+01 0.000000000000000000e+00 8.999999999999999667e-02 -5.688839934794293410e-03 1.523665203614538166e-02 0.000000000000000000e+00 0.000000000000000000e+00 1.820000000000000000e+02 0.000000000000000000e+00 0.000000000000000000e+00 1.000000000000000000e+00
0.000000000000000000e+00 3.400000000000000000e+01 0.000000000000000000e+00 9.999999999999999167e-02 -5.792874338639017809e-03 1.542388087702846466e-02 0.000000000000000000e+00 0.000000000000000000e+00 1.820000000000000000e+02 0.000000000000000000e+00 0.000000000000000000e+00 1.000000000000000000e+00
0.000000000000000000e+00 3.400000000000000000e+01 0.000000000000000000e+00 1.100000000000000006e-01 -5.924300336493177471e-03 1.554306938182023479e-02 0.000000000000000000e+00 0.000000000000000000e+00 1.820000000000000000e+02 0.000000000000000000e+00 0.000000000000000000e+00 1.000000000000000000e+00
0.000000000000000000e+00 3.400000000000000000e+01 0.000000000000000000e+00 1.199999999999999956e-01 -6.090658339625409055e-03 1.562093778295435553e-02 0.000000000000000000e+00 0.000000000000000000e+00 1.820000000000000000e+02 0.000000000000000000e+00 0.000000000000000000e+00 1.000000000000000000e+00
0.000000000000000000e+00 3.400000000000000000e+01 0.000000000000000000e+00 1.300000000000000044e-01 -6.301526346131208767e-03 1.567426953556884384e-02 0.000000000000000000e+00 0.000000000000000000e+00 1.820000000000000000e+02 0.000000000000000000e+00 0.000000000000000000e+00 1.000000000000000000e+00
0.000000000000000000e+00 3.400000000000000000e+01 0.000000000000000000e+00 1.400000000000000133e-01 -6.569087948301176663e-03 1.571373005817774948e-02 0.000000000000000000e+00 0.000000000000000000e+00 1.820000000000000000e+02 0.000000000000000000e+00 0.000000000000000000e+00 1.000000000000000000e+00
0.000000000000000000e+00 3.400000000000000000e+01 0.000000000000000000e+00 1.500000000000000222e-01 -6.908857801096006390e-03 1.574626878978584166e-02 0.000000000000000000e+00 0.000000000000000000e+00 1.820000000000000000e+02 0.000000000000000000e+00 0.000000000000000000e+00 1.000000000000000000e+00
0.000000000000000000e+00 3.400000000000000000e+01 0.000000000000000000e+00 1.600000000000000033e-01 -7.340609217914721533e-03 1.577662669120294403e-02 0.000000000000000000e+00 0.000000000000000000e+00 1.820000000000000000e+02 0.000000000000000000e+00 0.000000000000000000e+00 1.000000000000000000e+00
0.000000000000000000e+00 3.400000000000000000e+01 0.000000000000000000e+00 1.700000000000000122e-01 -7.889561254829695336e-03 1.580828787380988976e-02 0.000000000000000000e+00 0.000000000000000000e+00 1.820000000000000000e+02 0.000000000000000000e+00 0.000000000000000000e+00 1.000000000000000000e+00
0.000000000000000000e+00 3.400000000000000000e+01 0.000000000000000000e+00 1.800000000000000211e-01 -8.587899011971858801e-03 1.584408881104737432e-02 0.000000000000000000e+00 0.000000000000000000e+00 1.820000000000000000e+02 0.000000000000000000e+00 0.000000000000000000e+00 1.000000000000000000e+00
0.000000000000000000e+00 3.400000000000000000e+01 0.000000000000000000e+00 1.900000000000000022e-01 -9.476721989175632480e-03 1.588661659655397906e-02 0.000000000000000000e+00 0.000000000000000000e+00 1.820000000000000000e+02 0.000000000000000000e+00 0.000000000000000000e+00 1.000000000000000000e+00
0.000000000000000000e+00 3.400000000000000000e+01 0.000000000000000000e+00 2.000000000000000111e-01 -1.060854256584342972e-02 1.593847408051031478e-02 0.000000000000000000e+00 0.000000000000000000e+00 1.820000000000000000e+02 0.000000000000000000e+00 0.000000000000000000e+00 1.000000000000000000e+00
0.000000000000000000e+00 3.400000000000000000e+01 0.000000000000000000e+00 2.100000000000000200e-01 -1.205049182444941150e-02 1.600245278518364067e-02 0.000000000000000000e+00 0.000000000000000000e+00 1.820000000000000000e+02 0.000000000000000000e+00 0.000000000000000000e+00 1.000000000000000000e+00
0.000000000000000000e+00 3.400000000000000000e+01 0.000000000000000000e+00 2.200000000000000011e-01 -1.388843532567285086e-02 1.608162524046195807e-02 0.000000000000000000e+00 0.000000000000000000e+00 1.820000000000000000e+02 0.000000000000000000e+00 0.000000000000000000e+00 1.000000000000000000e+00
0.000000000000000000e+00 3.400000000000000000e+01 0.000000000000000000e+00 2.300000000000000100e-01 -1.623226008183975555e-02 1.617933880003548375e-02 0.000000000000000000e+00 0.000000000000000000e+00 1.820000000000000000e+02 0.000000000000000000e+00 0.000000000000000000e+00 1.000000000000000000e+00
0.000000000000000000e+00 3.400000000000000000e+01 0.000000000000000000e+00 2.400000000000000189e-01 -1.922266976946804956e-02 1.629905410978689517e-02 0.000000000000000000e+00 0.000000000000000000e+00 1.820000000000000000e+02 0.000000000000000000e+00 0.000000000000000000e+00 1.000000000000000000e+00
0.000000000000000000e+00 3.400000000000000000e+01 0.000000000000000000e+00 2.500000000000000000e-01 -2.303992323870527464e-02 1.644391041491764793e-02 0.000000000000000000e+00 0.000000000000000000e+00 1.820000000000000000e+02 0.000000000000000000e+00 0.000000000000000000e+00 1.000000000000000000e+00
0.000000000000000000e+00 3.400000000000000000e+01 0.000000000000000000e+00 2.600000000000000089e-01 -2.791507819559816903e-02 1.661579582957355139e-02 0.000000000000000000e+00 0.000000000000000000e+00 1.820000000000000000e+02 0.000000000000000000e+00 0.000000000000000000e+00 1.000000000000000000e+00
0.000000000000000000e+00 3.400000000000000000e+01 0.000000000000000000e+00 2.700000000000000178e-01 -3.414446609568541624e-02 1.681351691053302455e-02 0.000000000000000000e+00 0.000000000000000000e+00 1.820000000000000000e+02 0.000000000000000000e+00 0.000000000000000000e+00 1.000000000000000000e+00
0.000000000000000000e+00 3.400000000000000000e+01 0.000000000000000000e+00 2.800000000000000266e-01 -4.210833689423221921e-02 1.702933323585241465e-02 0.000000000000000000e+00 0.000000000000000000e+00 1.820000000000000000e+02 0.000000000000000000e+00 0.000000000000000000e+00 1.000000000000000000e+00
0.000000000000000000e+00 3.400000000000000000e+01 0.000000000000000000e+00 2.900000000000000355e-01 -5.229488777714921127e-02 1.724253454210600278e-02 0.000000000000000000e+00 0.000000000000000000e+00 1.820000000000000000e+02 0.000000000000000000e+00 0.000000000000000000e+00 1.000000000000000000e+00
0.000000000000000000e+00 3.400000000000000000e+01 0.000000000000000000e+00 2.999999999999999889e-01 -6.533124710796783807e-02 1.740769740297316848e-02 0.000000000000000000e+00 0.000000000000000000e+00 1.820000000000000000e+02 0.000000000000000000e+00 0.000000000000000000e+00 1.000000000000000000e+00
0.000000000000000000e+00 3.400000000000000000e+01 0.000000000000000000e+00 3.099999999999999978e-01 -8.202344797512137187e-02 1.743348195461140449e-02 0.000000000000000000e+00 0.000000000000000000e+00 1.820000000000000000e+02 0.000000000000000000e+00 0.000000000000000000e+00 1.000000000000000000e+00
0.000000000000000000e+00 3.400000000000000000e+01 0.000000000000000000e+00 3.200000000000000067e-01 -1.034080266699008988e-01 1.714509970596796162e-02 0.000000000000000000e+00 0.000000000000000000e+00 1.820000000000000000e+02 0.000000000000000000e+00 0.000000000000000000e+00 1.000000000000000000e+00
0.000000000000000000e+00 3.400000000000000000e+01 0.000000000000000000e+00 3.300000000000000155e-01 -1.308186615155175481e-01 1.622092362499256979e-02 0.000000000000000000e+00 0.000000000000000000e+00 1.820000000000000000e+02 0.000000000000000000e+00 0.000000000000000000e+00 1.000000000000000000e+00
0.000000000000000000e+00 3.400000000000000000e+01 0.000000000000000000e+00 3.400000000000000244e-01 -1.659722805493996645e-01 1.410058514496863313e-02 0.000000000000000000e+00 0.000000000000000000e+00 1.820000000000000000e+02 0.000000000000000000e+00 0.000000000000000000e+00 1.000000000000000000e+00
0.000000000000000000e+00 3.400000000000000000e+01 0.000000000000000000e+00 3.500000000000000333e-01 -2.110803827879676464e-01 9.944278612830773079e-03 0.000000000000000000e+00 0.000000000000000000e+00 1.820000000000000000e+02 0.000000000000000000e+00 0.000000000000000000e+00 1.000000000000000000e+00
0.000000000000000000e+00 3.400000000000000000e+01 0.000000000000000000e+00 3.600000000000000422e-01 -2.689930286055909336e-01 3.391265767330585434e-03 0.000000000000000000e+00 0.000000000000000000e+00 1.820000000000000000e+02 0.000000000000000000e+00 0.000000000000000000e+00 1.000000000000000000e+00
0.000000000000000000e+00 3.400000000000000000e+01 0.000000000000000000e+00 3.699999999999999956e-01 -3.433851793369138705e-01 2.887211945953374775e-13 0.000000000000000000e+00 1.000000000000000000e+00 1.820000000000000000e+02 0.000000000000000000e+00 0.000000000000000000e+00 1.000000000000000000e+00
0.000000000000000000e+00 3.400000000000000000e+01 0.000000000000000000e+00 3.800000000000000044e-01 -2.690004404158922169e-01 3.391399666124204210e-03 0.000000000000000000e+00 0.000000000000000000e+00 1.820000000000000000e+02 0.000000000000000000e+00 0.000000000000000000e+00 1.000000000000000000e+00
0.000000000000000000e+00 3.400000000000000000e+01 0.000000000000000000e+00 3.900000000000000133e-01 -2.110955619612321366e-01 9.944861631454034179e-03 0.000000000000000000e+00 0.000000000000000000e+00 1.820000000000000000e+02 0.000000000000000000e+00 0.000000000000000000e+00 1.000000000000000000e+00
0.000000000000000000e+00 3.400000000000000000e+01 0.000000000000000000e+00 4.000000000000000222e-01 -1.659959544027509171e-01 1.410171627637481911e-02 0.000000000000000000e+00 0.000000000000000000e+00 1.820000000000000000e+02 0.000000000000000000e+00 0.000000000000000000e+00 1.000000000000000000e+00
0.000000000000000000e+00 3.400000000000000000e+01 0.000000000000000000e+00 4.100000000000000311e-01 -1.308519622239379399e-01 1.622264225087126366e-02 0.000000000000000000e+00 0.000000000000000000e+00 1.820000000000000000e+02 0.000000000000000000e+00 0.000000000000000000e+00 1.000000000000000000e+00
0.000000000000000000e+00 3.400000000000000000e+01 0.000000000000000000e+00 4.200000000000000400e-01 -1.034525426025004191e-01 1.714745217309952829e-02 0.000000000000000000e+00 0.000000000000000000e+00 1.820000000000000000e+02 0.000000000000000000e+00 0.000000000000000000e+00 1.000000000000000000e+00
0.000000000000000000e+00 3.400000000000000000e+01 0.000000000000000000e+00 4.299999999999999933e-01 -8.208129537049635438e-02 1.743654197319682853e-02 0.000000000000000000e+00 0.000000000000000000e+00 1.820000000000000000e+02 0.000000000000000000e+00 0.000000000000000000e+00 1.000000000000000000e+00
0.000000000000000000e+00 3.400000000000000000e+01 0.000000000000000000e+00 4.400000000000000022e-01 -6.540516498528614608e-02 1.741157473327781258e-02 0.000000000000000000e+00 0.000000000000000000e+00 1.820000000000000000e+02 0.000000000000000000e+00 0.000000000000000000e+00 1.000000000000000000e+00
0.000000000000000000e+00 3.400000000000000000e+01 0.000000000000000000e+00 4.500000000000000111e-01 -5.238835986757008761e-02 1.724738148100356250e-02 0.000000000000000000e+00 0.000000000000000000e+00 1.820000000000000000e+02 0.000000000000000000e+00 0.000000000000000000e+00 1.000000000000000000e+00
0.000000000000000000e+00 3.400000000000000000e+01 0.000000000000000000e+00 4.600000000000000200e-01 -4.222574537466317751e-02 1.703535207845655042e-02 0.000000000000000000e+00 0.000000000000000000e+00 1.820000000000000000e+02 0.000000000000000000e+00 0.000000000000000000e+00 1.000000000000000000e+00
0.000000000000000000e+00 3.400000000000000000e+01 0.000000000000000000e+00 4.700000000000000289e-01 -3.429128303461419919e-02 1.682096980706908329e-02 0.000000000000000000e+00 0.000000000000000000e+00 1.820000000000000000e+02 0.000000000000000000e+00 0.000000000000000000e+00 1.000000000000000000e+00
0.000000000000000000e+00 3.400000000000000000e+01 0.000000000000000000e+00 4.800000000000000377e-01 -2.809810189754135060e-02 1.662501805116790854e-02 0.000000000000000000e+00 0.000000000000000000e+00 1.820000000000000000e+02 0.000000000000000000e+00 0.000000000000000000e+00 1.000000000000000000e+00
0.000000000000000000e+00 3.400000000000000000e+01 0.000000000000000000e+00 4.899999999999999911e-01 -2.326756811416117246e-02 1.645532815415348682e-02 0.000000000000000000e+00 0.000000000000000000e+00 1.820000000000000000e+02 0.000000000000000000e+00 0.000000000000000000e+00 1.000000000000000000e+00
0.000000000000000000e+00 3.400000000000000000e+01 0.000000000000000000e+00 5.000000000000000000e-01 -1.950531996819281078e-02 1.631320836190316981e-02 0.000000000000000000e+00 0.000000000000000000e+00 1.820000000000000000e+02 0.000000000000000000e+00 0.000000000000000000e+00 1.000000000000000000e+00
0.000000000000000000e+00 3.400000000000000000e+01 0.000000000000000000e+00 5.100000000000000089e-01 -1.658269890360982574e-02 1.619691759956695676e-02 0.000000000000000000e+00 0.000000000000000000e+00 1.820000000000000000e+02 0.000000000000000000e+00 0.000000000000000000e+00 1.000000000000000000e+00
0.000000000000000000e+00 3.400000000000000000e+01 0.000000000000000000e+00 5.200000000000000178e-01 -1.432236434006098347e-02 1.610350768393926935e-02 0.000000000000000000e+00 0.000000000000000000e+00 1.820000000000000000e+02 0.000000000000000000e+00 0.000000000000000000e+00 1.000000000000000000e+00
0.000000000000000000e+00 3.400000000000000000e+01 0.000000000000000000e+00 5.300000000000000266e-01 -1.258715563578742536e-02 1.602977008688770411e-02 0.000000000000000000e+00 0.000000000000000000e+00 1.820000000000000000e+02 0.000000000000000000e+00 0.000000000000000000e+00 1.000000000000000000e+00
0.000000000000000000e+00 3.400000000000000000e+01 0.000000000000000000e+00 5.400000000000000355e-01 -1.127147715396834005e-02 1.597269578029650305e-02 0.000000000000000000e+00 0.000000000000000000e+00 1.820000000000000000e+02 0.000000000000000000e+00 0.000000000000000000e+00 1.000000000000000000e+00
0.000000000000000000e+00 3.400000000000000000e+01 0.000000000000000000e+00 5.500000000000000444e-01 -1.029464637912267180e-02 1.592967461455704892e-02 0.000000000000000000e+00 0.000000000000000000e+00 1.820000000000000000e+02 0.000000000000000000e+00 0.000000000000000000e+00 1.000000000000000000e+00
0.000000000000000000e+00 3.400000000000000000e+01 0.000000000000000000e+00 5.600000000000000533e-01 -9.595771422211326132e-03 1.589855938090491139e-02 0.000000000000000000e+00 0.000000000000000000e+00 1.820000000000000000e+02 0.000000000000000000e+00 0.000000000000000000e+00 1.000000000000000000e+00
0.000000000000000000e+00 3.400000000000000000e+01 0.000000000000000000e+00 5.700000000000000622e-01 -9.129821457348485242e-03 1.587766320757524885e-02 0.000000000000000000e+00 0.000000000000000000e+00 1.820000000000000000e+02 0.000000000000000000e+00 0.000000000000000000e+00 1.000000000000000000e+00
0.000000000000000000e+00 3.400000000000000000e+01 0.000000000000000000e+00 5.800000000000000711e-01 -8.864628040602931872e-03 1.586572734513451433e-02 0.000000000000000000e+00 0.000000000000000000e+00 1.820000000000000000e+02 0.000000000000000000e+00 0.000000000000000000e+00 1.000000000000000000e+00
0.000000000000000000e+00 3.400000000000000000e+01 0.000000000000000000e+00 5.899999999999999689e-01 -8.778611676858977253e-03 1.586187868552803304e-02 0.000000000000000000e+00 0.000000000000000000e+00 1.820000000000000000e+02 0.000000000000000000e+00 0.000000000000000000e+00 1.000000000000000000e+00
0.000000000000000000e+00 3.400000000000000000e+01 0.000000000000000000e+00 5.999999999999999778e-01 -8.859069962846716217e-03 1.586558639305761520e-02 0.000000000000000000e+00 0.000000000000000000e+00 1.820000000000000000e+02 0.000000000000000000e+00 0.000000000000000000e+00 1.000000000000000000e+00
0.000000000000000000e+00 3.400000000000000000e+01 0.000000000000000000e+00 6.099999999999999867e-01 -9.100893645860641534e-03 1.587662135740243452e-02 0.000000000000000000e+00 0.000000000000000000e+00 1.820000000000000000e+02 0.000000000000000000e+00 0.000000000000000000e+00 1.000000000000000000e+00
0.000000000000000000e+00 3.400000000000000000e+01 0.000000000000000000e+00 6.199999999999999956e-01 -9.505596619213895274e-03 1.589501885621810717e-02 0.000000000000000000e+00 0.000000000000000000e+00 1.820000000000000000e+02 0.000000000000000000e+00 0.000000000000000000e+00 1.000000000000000000e+00
0.000000000000000000e+00 3.400000000000000000e+01 0.000000000000000000e+00 6.300000000000000044e-01 -1.008055605499623246e-02 1.592104272045523350e-02 0.000000000000000000e+00 0.000000000000000000e+00 1.820000000000000000e+02 0.000000000000000000e+00 0.000000000000000000e+00 1.000000000000000000e+00
0.000000000000000000e+00 3.400000000000000000e+01 0.000000000000000000e+00 6.400000000000000133e-01 -1.083835961530668461e-02 1.595514778668410960e-02 0.000000000000000000e+00 0.000000000000000000e+00 1.820000000000000000e+02 0.000000000000000000e+00 0.000000000000000000e+00 1.000000000000000000e+00
0.000000000000000000e+00 3.400000000000000000e+01 0.000000000000000000e+00 6.500000000000000222e-01 -1.179614725105649492e-02 1.599793613543205872e-02 0.000000000000000000e+00 0.000000000000000000e+00 1.820000000000000000e+02 0.000000000000000000e+00 0.000000000000000000e+00 1.000000000000000000e+00
0.000000000000000000e+00 3.400000000000000000e+01 0.000000000000000000e+00 6.600000000000000311e-01 -1.297481386539662239e-02 1.605010137497348000e-02 0.000000000000000000e+00 0.000000000000000000e+00 1.820000000000000000e+02 0.000000000000000000e+00 0.000000000000000000e+00 1.000000000000000000e+00
0.000000000000000000e+00 3.400000000000000000e+01 0.000000000000000000e+00 6.700000000000000400e-01 -1.439790339526298216e-02 1.611235400752518421e-02 0.000000000000000000e+00 0.000000000000000000e+00 1.820000000000000000e+02 0.000000000000000000e+00 0.000000000000000000e+00 1.000000000000000000e+00
0.000000000000000000e+00 3.400000000000000000e+01 0.000000000000000000e+00 6.800000000000000488e-01 -1.608997063342007539e-02 1.618531983814261443e-02 0.000000000000000000e+00 0.000000000000000000e+00 1.820000000000000000e+02 0.000000000000000000e+00 0.000000000000000000e+00 1.000000000000000000e+00
0.000000000000000000e+00 3.400000000000000000e+01 0.000000000000000000e+00 6.900000000000000577e-01 -1.807410866189698012e-02 1.626940277897186149e-02 0.000000000000000000e+00 0.000000000000000000e+00 1.820000000000000000e+02 0.000000000000000000e+00 0.000000000000000000e+00 1.000000000000000000e+00
0.000000000000000000e+00 3.400000000000000000e+01 0.000000000000000000e+00 7.000000000000000666e-01 -2.036822917007318628e-02 1.636460382022196514e-02 0.000000000000000000e+00 0.000000000000000000e+00 1.820000000000000000e+02 0.000000000000000000e+00 0.000000000000000000e+00 1.000000000000000000e+00
0.000000000000000000e+00 3.400000000000000000e+01 0.000000000000000000e+00 7.100000000000000755e-01 -2.297952934472156233e-02 1.647029014875348030e-02 0.000000000000000000e+00 0.000000000000000000e+00 1.820000000000000000e+02 0.000000000000000000e+00 0.000000000000000000e+00 1.000000000000000000e+00
0.000000000000000000e+00 3.400000000000000000e+01 0.000000000000000000e+00 7.199999999999999734e-01 -2.589636773714817236e-02 1.658491309500892408e-02 0.000000000000000000e+00 0.000000000000000000e+00 1.820000000000000000e+02 0.000000000000000000e+00 0.000000000000000000e+00 1.000000000000000000e+00
0.000000000000000000e+00 3.400000000000000000e+01 0.000000000000000000e+00 7.299999999999999822e-01 -2.907648268672115982e-02 1.670568047498564856e-02 0.000000000000000000e+00 0.000000000000000000e+00 1.820000000000000000e+02 0.000000000000000000e+00 0.000000000000000000e+00 1.000000000000000000e+00
0.000000000000000000e+00 3.400000000000000000e+01 0.000000000000000000e+00 7.399999999999999911e-01 -3.243009382045321243e-02 1.682819413140375364e-02 0.000000000000000000e+00 0.000000000000000000e+00 1.820000000000000000e+02 0.000000000000000000e+00 0.000000000000000000e+00 1.000000000000000000e+00
0.000000000000000000e+00 3.400000000000000000e+01 0.000000000000000000e+00 7.500000000000000000e-01 -3.579589405046601502e-02 1.694605371823028339e-02 0.000000000000000000e+00 0.000000000000000000e+00 1.820000000000000000e+02 0.000000000000000000e+00 0.000000000000000000e+00 1.000000000000000000e+00
0.000000000000000000e+00 3.400000000000000000e+01 0.000000000000000000e+00 7.600000000000000089e-01 -3.890721841100231587e-02 1.705036725264175157e-02 0.000000000000000000e+00 0.000000000000000000e+00 1.820000000000000000e+02 0.000000000000000000e+00 0.000000000000000000e+00 1.000000000000000000e+00
0.000000000000000000e+00 3.400000000000000000e+01 0.000000000000000000e+00 7.700000000000000178e-01 -4.134470290591581859e-02 1.712891413269133911e-02 0.000000000000000000e+00 0.000000000000000000e+00 1.820000000000000000e+02 0.000000000000000000e+00 0.000000000000000000e+00 1.000000000000000000e+00
0.000000000000000000e+00 3.400000000000000000e+01 0.000000000000000000e+00 7.800000000000000266e-01 -4.247043565515371683e-02 1.716420169218449421e-02 0.000000000000000000e+00 0.000000000000000000e+00 1.820000000000000000e+02 0.000000000000000000e+00 0.000000000000000000e+00 1.000000000000000000e+00
0.000000000000000000e+00 3.400000000000000000e+01 0.000000000000000000e+00 7.900000000000000355e-01 -4.133683979695559202e-02 1.712851411221455455e-02 0.000000000000000000e+00 0.000000000000000000e+00 1.820000000000000000e+02 0.000000000000000000e+00 0.000000000000000000e+00 1.000000000000000000e+00
0.000000000000000000e+00 3.400000000000000000e+01 0.000000000000000000e+00 8.000000000000000444e-01 -3.889105496683337854e-02 1.704954862681787309e-02 0.000000000000000000e+00 0.000000000000000000e+00 1.820000000000000000e+02 0.000000000000000000e+00 0.000000000000000000e+00 1.000000000000000000e+00
0.000000000000000000e+00 3.400000000000000000e+01 0.000000000000000000e+00 8.100000000000000533e-01 -3.577053095015918921e-02 1.694477669847828383e-02 0.000000000000000000e+00 0.000000000000000000e+00 1.820000000000000000e+02 0.000000000000000000e+00 0.000000000000000000e+00 1.000000000000000000e+00
0.000000000000000000e+00 3.400000000000000000e+01 0.000000000000000000e+00 8.200000000000000622e-01 -3.239411845761583364e-02 1.682639473967119381e-02 0.000000000000000000e+00 0.000000000000000000e+00 1.820000000000000000e+02 0.000000000000000000e+00 0.000000000000000000e+00 1.000000000000000000e+00
0.000000000000000000e+00 3.400000000000000000e+01 0.000000000000000000e+00 8.300000000000000711e-01 -2.902788866078952548e-02 1.670326655998560783e-02 0.000000000000000000e+00 0.000000000000000000e+00 1.820000000000000000e+02 0.000000000000000000e+00 0.000000000000000000e+00 1.000000000000000000e+00
0.000000000000000000e+00 3.400000000000000000e+01 0.000000000000000000e+00 8.400000000000000799e-01 -2.583244030857167681e-02 1.658175892456402456e-02 0.000000000000000000e+00 0.000000000000000000e+00 1.820000000000000000e+02 0.000000000000000000e+00 0.000000000000000000e+00 1.000000000000000000e+00
0.000000000000000000e+00 3.400000000000000000e+01 0.000000000000000000e+00 8.499999999999999778e-01 -2.289669012776353318e-02 1.646622917406881381e-02 0.000000000000000000e+00 0.000000000000000000e+00 1.820000000000000000e+02 0.000000000000000000e+00 0.000000000000000000e+00 1.000000000000000000e+00
0.000000000000000000e+00 3.400000000000000000e+01 0.000000000000000000e+00 8.599999999999999867e-01 -2.026183092097439548e-02 1.635941914780777995e-02 0.000000000000000000e+00 0.000000000000000000e+00 1.820000000000000000e+02 0.000000000000000000e+00 0.000000000000000000e+00 1.000000000000000000e+00
0.000000000000000000e+00 3.400000000000000000e+01 0.000000000000000000e+00 8.699999999999999956e-01 -1.793816804827407657e-02 1.626281477648167106e-02 0.000000000000000000e+00 0.000000000000000000e+00 1.820000000000000000e+02 0.000000000000000000e+00 0.000000000000000000e+00 1.000000000000000000e+00
0.000000000000000000e+00 3.400000000000000000e+01 0.000000000000000000e+00 8.800000000000000044e-01 -1.591682316000726100e-02 1.617697014870211891e-02 0.000000000000000000e+00 0.000000000000000000e+00 1.820000000000000000e+02 0.000000000000000000e+00 0.000000000000000000e+00 1.000000000000000000e+00
0.000000000000000000e+00 3.400000000000000000e+01 0.000000000000000000e+00 8.900000000000000133e-01 -1.417775998180066666e-02 1.610178505066010846e-02 0.000000000000000000e+00 0.000000000000000000e+00 1.820000000000000000e+02 0.000000000000000000e+00 0.000000000000000000e+00 1.000000000000000000e+00
0.000000000000000000e+00 3.400000000000000000e+01 0.000000000000000000e+00 9.000000000000000222e-01 -1.269519263360541390e-02 1.603673016409820629e-02 0.000000000000000000e+00 0.000000000000000000e+00 1.820000000000000000e+02 0.000000000000000000e+00 0.000000000000000000e+00 1.000000000000000000e+00
0.000000000000000000e+00 3.400000000000000000e+01 0.000000000000000000e+00 9.100000000000000311e-01 -1.144114650808002349e-02 1.598102093269622437e-02 0.000000000000000000e+00 0.000000000000000000e+00 1.820000000000000000e+02 0.000000000000000000e+00 0.000000000000000000e+00 1.000000000000000000e+00
0.000000000000000000e+00 3.400000000000000000e+01 0.000000000000000000e+00 9.200000000000000400e-01 -1.038772834551783021e-02 1.593374573514236281e-02 0.000000000000000000e+00 0.000000000000000000e+00 1.820000000000000000e+02 0.000000000000000000e+00 0.000000000000000000e+00 1.000000000000000000e+00
0.000000000000000000e+00 3.400000000000000000e+01 0.000000000000000000e+00 9.300000000000000488e-01 -9.508505840393265823e-03 1.589395613053753986e-02 0.000000000000000000e+00 0.000000000000000000e+00 1.820000000000000000e+02 0.000000000000000000e+00 0.000000000000000000e+00 1.000000000000000000e+00
0.000000000000000000e+00 3.400000000000000000e+01 0.000000000000000000e+00 9.400000000000000577e-01 -8.779283015710081378e-03 1.586072727068089938e-02 0.000000000000000000e+00 0.000000000000000000e+00 1.820000000000000000e+02 0.000000000000000000e+00 0.000000000000000000e+00 1.000000000000000000e+00
0.000000000000000000e+00 3.400000000000000000e+01 0.000000000000000000e+00 9.500000000000000666e-01 -8.178474637223927951e-03 1.583319587641215942e-02 0.000000000000000000e+00 0.000000000000000000e+00 1.820000000000000000e+02 0.000000000000000000e+00 0.000000000000000000e+00 1.000000000000000000e+00
0.000000000000000000e+00 3.400000000000000000e+01 0.000000000000000000e+00 9.600000000000000755e-01 -7.687222891639358333e-03 1.581058202556685777e-02 0.000000000000000000e+00 0.000000000000000000e+00 1.820000000000000000e+02 0.000000000000000000e+00 0.000000000000000000e+00 1.000000000000000000e+00
0.000000000000000000e+00 3.400000000000000000e+01 0.000000000000000000e+00 9.699999999999999734e-01 -7.289356329151732219e-03 1.579219975409851262e-02 0.000000000000000000e+00 0.000000000000000000e+00 1.820000000000000000e+02 0.000000000000000000e+00 0.000000000000000000e+00 1.000000000000000000e+00
0.000000000000000000e+00 3.400000000000000000e+01 0.000000000000000000e+00 9.799999999999999822e-01 -6.971260164404666920e-03 1.577746031925091053e-02 0.000000000000000000e+00 0.000000000000000000e+00 1.820000000000000000e+02 0.000000000000000000e+00 0.000000000000000000e+00 1.000000000000000000e+00
0.000000000000000000e+00 3.400000000000000000e+01 0.000000000000000000e+00 9.899999999999999911e-01 -6.721705113874917870e-03 1.576587099627604904e-02 0.000000000000000000e+00 0.000000000000000000e+00 1.820000000000000000e+02 0.000000000000000000e+00 0.000000000000000000e+00 1.000000000000000000e+00
0.000000000000000000e+00 3.400000000000000000e+01 0.000000000000000000e+00 1.000000000000000000e+00 -6.531666571026487587e-03 1.575703149766247146e-02 0.000000000000000000e+00 0.000000000000000000e+00 1.820000000000000000e+02 0.000000000000000000e+00 0.000000000000000000e+00 1.000000000000000000e+00
0.000000000000000000e+00 3.400000000000000000e+01 0.000000000000000000e+00 1.010000000000000009e+00 -6.394155282019160086e-03 1.575062950370038906e-02 0.000000000000000000e+00 0.000000000000000000e+00 1.820000000000000000e+02 0.000000000000000000e+00 0.000000000000000000e+00 1.000000000000000000e+00
0.000000000000000000e+00 3.400000000000000000e+01 0.000000000000000000e+00 1.020000000000000018e+00 -6.304073463078756212e-03 1.574643634930586455e-02 0.000000000000000000e+00 0.000000000000000000e+00 1.820000000000000000e+02 0.000000000000000000e+00 0.000000000000000000e+00 1.000000000000000000e+00
0.000000000000000000e+00 3.400000000000000000e+01 0.000000000000000000e+00 1.030000000000000027e+00 -6.258105527761512361e-03 1.574430359472273055e-02 0.000000000000000000e+00 0.000000000000000000e+00 1.820000000000000000e+02 0.000000000000000000e+00 0.000000000000000000e+00 1.000000000000000000e+00
0.000000000000000000e+00 3.400000000000000000e+01 0.000000000000000000e+00 1.040000000000000036e+00 -6.254649558132120528e-03 1.574416098894428073e-02 0.000000000000000000e+00 0.000000000000000000e+00 1.820000000000000000e+02 0.000000000000000000e+00 0.000000000000000000e+00 1.000000000000000000e+00
0.000000000000000000e+00 3.400000000000000000e+01 0.000000000000000000e+00 1.050000000000000044e+00 -6.293793834195124219e-03 1.574601618999206532e-02 0.000000000000000000e+00 0.000000000000000000e+00 1.820000000000000000e+02 0.000000000000000000e+00 0.000000000000000000e+00 1.000000000000000000e+00
0.000000000000000000e+00 3.400000000000000000e+01 0.000000000000000000e+00 1.060000000000000053e+00 -6.377341737647737076e-03 1.574995651510426031e-02 0.000000000000000000e+00 0.000000000000000000e+00 1.820000000000000000e+02 0.000000000000000000e+00 0.000000000000000000e+00 1.000000000000000000e+00
0.000000000000000000e+00 3.400000000000000000e+01 0.000000000000000000e+00 1.070000000000000062e+00 -6.508887863980178726e-03 1.575615293947446593e-02 0.000000000000000000e+00 0.000000000000000000e+00 1.820000000000000000e+02 0.000000000000000000e+00 0.000000000000000000e+00 1.000000000000000000e+00
0.000000000000000000e+00 3.400000000000000000e+01 0.000000000000000000e+00 1.080000000000000071e+00 -6.693947958846839172e-03 1.576486653010568395e-02 0.000000000000000000e+00 0.000000000000000000e+00 1.820000000000000000e+02 0.000000000000000000e+00 0.000000000000000000e+00 1.000000000000000000e+00
0.000000000000000000e+00 3.400000000000000000e+01 0.000000000000000000e+00 1.090000000000000080e+00 -6.940145110729853233e-03 1.577645747873641924e-02 0.000000000000000000e+00 0.000000000000000000e+00 1.820000000000000000e+02 0.000000000000000000e+00 0.000000000000000000e+00 1.000000000000000000e+00
0.000000000000000000e+00 3.400000000000000000e+01 0.000000000000000000e+00 1.100000000000000089e+00 -7.257454246535443958e-03 1.579139687199938857e-02 0.000000000000000000e+00 0.000000000000000000e+00 1.820000000000000000e+02 0.000000000000000000e+00 0.000000000000000000e+00 1.000000000000000000e+00
0.000000000000000000e+00 3.400000000000000000e+01 0.000000000000000000e+00 1.110000000000000098e+00 -7.658506118891041797e-03 1.581028129409503546e-02 0.000000000000000000e+00 0.000000000000000000e+00 1.820000000000000000e+02 0.000000000000000000e+00 0.000000000000000000e+00 1.000000000000000000e+00
0.000000000000000000e+00 3.400000000000000000e+01 0.000000000000000000e+00 1.120000000000000107e+00 -8.158950304096201228e-03 1.583385028048098220e-02 0.000000000000000000e+00 0.000000000000000000e+00 1.820000000000000000e+02 0.000000000000000000e+00 0.000000000000000000e+00 1.000000000000000000e+00
0.000000000000000000e+00 3.400000000000000000e+01 0.000000000000000000e+00 1.130000000000000115e+00 -8.777873800040096944e-03 1.586300650854187422e-02 0.000000000000000000e+00 0.000000000000000000e+00 1.820000000000000000e+02 0.000000000000000000e+00 0.000000000000000000e+00 1.000000000000000000e+00
0.000000000000000000e+00 3.400000000000000000e+01 0.000000000000000000e+00 1.140000000000000124e+00 -9.538267016974449203e-03 1.589883839326952653e-02 0.000000000000000000e+00 0.000000000000000000e+00 1.820000000000000000e+02 0.000000000000000000e+00 0.000000000000000000e+00 1.000000000000000000e+00
0.000000000000000000e+00 3.400000000000000000e+01 0.000000000000000000e+00 1.150000000000000133e+00 -1.046752145878484044e-02 1.594264441158262102e-02 0.000000000000000000e+00 0.000000000000000000e+00 1.820000000000000000e+02 0.000000000000000000e+00 0.000000000000000000e+00 1.000000000000000000e+00
0.000000000000000000e+00 3.400000000000000000e+01 0.000000000000000000e+00 1.160000000000000142e+00 -1.159793205381282576e-02 1.599595795055026859e-02 0.000000000000000000e+00 0.000000000000000000e+00 1.820000000000000000e+02 0.000000000000000000e+00 0.000000000000000000e+00 1.000000000000000000e+00
0.000000000000000000e+00 3.400000000000000000e+01 0.000000000000000000e+00 1.169999999999999929e+00 -1.296716033864694917e-02 1.606057068176902636e-02 0.000000000000000000e+00 0.000000000000000000e+00 1.820000000000000000e+02 0.000000000000000000e+00 0.000000000000000000e+00 1.000000000000000000e+00
0.000000000000000000e+00 3.400000000000000000e+01 0.000000000000000000e+00 1.179999999999999938e+00 -1.461859036636883186e-02 1.613855129344186901e-02 0.000000000000000000e+00 0.000000000000000000e+00 1.820000000000000000e+02 0.000000000000000000e+00 0.000000000000000000e+00 1.000000000000000000e+00
0.000000000000000000e+00 3.400000000000000000e+01 0.000000000000000000e+00 1.189999999999999947e+00 -1.660147434785876064e-02 1.623225470592404296e-02 0.000000000000000000e+00 0.000000000000000000e+00 1.820000000000000000e+02 0.000000000000000000e+00 0.000000000000000000e+00 1.000000000000000000e+00
0.000000000000000000e+00 3.400000000000000000e+01 0.000000000000000000e+00 1.199999999999999956e+00 -1.897071560927915054e-02 1.634431443860814848e-02 0.000000000000000000e+00 0.000000000000000000e+00 1.820000000000000000e+02 0.000000000000000000e+00 0.000000000000000000e+00 1.000000000000000000e+00
0.000000000000000000e+00 3.400000000000000000e+01 0.000000000000000000e+00 1.209999999999999964e+00 -2.178606697440057041e-02 1.647760729143964153e-02 0.000000000000000000e+00 0.000000000000000000e+00 1.820000000000000000e+02 0.000000000000000000e+00 0.000000000000000000e+00 1.000000000000000000e+00
0.000000000000000000e+00 3.400000000000000000e+01 0.000000000000000000e+00 1.219999999999999973e+00 -2.511042570977400912e-02 1.663517456220055257e-02 0.000000000000000000e+00 0.000000000000000000e+00 1.820000000000000000e+02 0.000000000000000000e+00 0.000000000000000000e+00 1.000000000000000000e+00
0.000000000000000000e+00 3.400000000000000000e+01 0.000000000000000000e+00 1.229999999999999982e+00 -2.900677161808682888e-02 1.682007713912700431e-02 0.000000000000000000e+00 0.000000000000000000e+00 1.820000000000000000e+02 0.000000000000000000e+00 0.000000000000000000e+00 1.000000000000000000e+00
0.000000000000000000e+00 3.400000000000000000e+01 0.000000000000000000e+00 1.239999999999999991e+00 -3.353310909958563679e-02 1.703515237230347756e-02 0.000000000000000000e+00 0.000000000000000000e+00 1.820000000000000000e+02 0.000000000000000000e+00 0.000000000000000000e+00 1.000000000000000000e+00
0.000000000000000000e+00 3.400000000000000000e+01 0.000000000000000000e+00 1.250000000000000000e+00 -3.873451863621556884e-02 1.728262792939991299e-02 0.000000000000000000e+00 0.000000000000000000e+00 1.820000000000000000e+02 0.000000000000000000e+00 0.000000000000000000e+00 1.000000000000000000e+00
0.000000000000000000e+00 3.400000000000000000e+01 0.000000000000000000e+00 1.260000000000000009e+00 -4.463107342785301718e-02 1.756353113166929381e-02 0.000000000000000000e+00 0.000000000000000000e+00 1.820000000000000000e+02 0.000000000000000000e+00 0.000000000000000000e+00 1.000000000000000000e+00
0.000000000000000000e+00 3.400000000000000000e+01 0.000000000000000000e+00 1.270000000000000018e+00 -5.119989953415481077e-02 1.787681079793551620e-02 0.000000000000000000e+00 0.000000000000000000e+00 1.820000000000000000e+02 0.000000000000000000e+00 0.000000000000000000e+00 1.000000000000000000e+00
0.000000000000000000e+00 3.400000000000000000e+01 0.000000000000000000e+00 1.280000000000000027e+00 -5.834900815330176099e-02 1.821806155313819564e-02 0.000000000000000000e+00 0.000000000000000000e+00 1.820000000000000000e+02 0.000000000000000000e+00 0.000000000000000000e+00 1.000000000000000000e+00
0.000000000000000000e+00 3.400000000000000000e+01 0.000000000000000000e+00 1.290000000000000036e+00 -6.587964667014922782e-02 1.857770627844661238e-02 0.000000000000000000e+00 0.000000000000000000e+00 1.820000000000000000e+02 0.000000000000000000e+00 0.000000000000000000e+00 1.000000000000000000e+00
0.000000000000000000e+00 3.400000000000000000e+01 0.000000000000000000e+00 1.300000000000000044e+00 -7.343272057037514289e-02 1.893844636789164537e-02 0.000000000000000000e+00 0.000000000000000000e+00 1.820000000000000000e+02 0.000000000000000000e+00 0.000000000000000000e+00 1.000000000000000000e+00
0.000000000000000000e+00 3.400000000000000000e+01 0.000000000000000000e+00 1.310000000000000053e+00 -8.041322387478400113e-02 1.927171909055468146e-02 0.000000000000000000e+00 0.000000000000000000e+00 1.820000000000000000e+02 0.000000000000000000e+00 0.000000000000000000e+00 1.000000000000000000e+00
0.000000000000000000e+00 3.400000000000000000e+01 0.000000000000000000e+00 1.320000000000000062e+00 -8.588443791098251956e-02 1.953277699052322069e-02 0.000000000000000000e+00 0.000000000000000000e+00 1.820000000000000000e+02 0.000000000000000000e+00 0.000000000000000000e+00 1.000000000000000000e+00
0.000000000000000000e+00 3.400000000000000000e+01 0.000000000000000000e+00 1.330000000000000071e+00 -8.842072543194420819e-02 1.965377428107500934e-02 0.000000000000000000e+00 0.000000000000000000e+00 1.820000000000000000e+02 0.000000000000000000e+00 0.000000000000000000e+00 1.000000000000000000e+00
0.000000000000000000e+00 3.400000000000000000e+01 0.000000000000000000e+00 1.340000000000000080e+00 -8.590380375502318366e-02 1.953388006775835795e-02 0.000000000000000000e+00 0.000000000000000000e+00 1.820000000000000000e+02 0.000000000000000000e+00 0.000000000000000000e+00 1.000000000000000000e+00
0.000000000000000000e+00 3.400000000000000000e+01 0.000000000000000000e+00 1.350000000000000089e+00 -8.045301601331822372e-02 1.927395867589312695e-02 0.000000000000000000e+00 0.000000000000000000e+00 1.820000000000000000e+02 0.000000000000000000e+00 0.000000000000000000e+00 1.000000000000000000e+00
0.000000000000000000e+00 3.400000000000000000e+01 0.000000000000000000e+00 1.360000000000000098e+00 -7.349511905885908192e-02 1.894190433524392536e-02 0.000000000000000000e+00 0.000000000000000000e+00 1.820000000000000000e+02 0.000000000000000000e+00 0.000000000000000000e+00 1.000000000000000000e+00
0.000000000000000000e+00 3.400000000000000000e+01 0.000000000000000000e+00 1.370000000000000107e+00 -6.596807285608037585e-02 1.858252397646369125e-02 0.000000000000000000e+00 0.000000000000000000e+00 1.820000000000000000e+02 0.000000000000000000e+00 0.000000000000000000e+00 1.000000000000000000e+00
0.000000000000000000e+00 3.400000000000000000e+01 0.000000000000000000e+00 1.380000000000000115e+00 -5.846831585003401527e-02 1.822445069781740423e-02 0.000000000000000000e+00 0.000000000000000000e+00 1.820000000000000000e+02 0.000000000000000000e+00 0.000000000000000000e+00 1.000000000000000000e+00
0.000000000000000000e+00 3.400000000000000000e+01 0.000000000000000000e+00 1.390000000000000124e+00 -5.135664662099870964e-02 1.788506657541552580e-02 0.000000000000000000e+00 0.000000000000000000e+00 1.820000000000000000e+02 0.000000000000000000e+00 0.000000000000000000e+00 1.000000000000000000e+00
0.000000000000000000e+00 3.400000000000000000e+01 0.000000000000000000e+00 1.400000000000000133e+00 -4.483388944533266834e-02 1.757404917409723100e-02 0.000000000000000000e+00 0.000000000000000000e+00 1.820000000000000000e+02 0.000000000000000000e+00 0.000000000000000000e+00 1.000000000000000000e+00
0.000000000000000000e+00 3.400000000000000000e+01 0.000000000000000000e+00 1.410000000000000142e+00 -3.899458949331990887e-02 1.729592661006576493e-02 0.000000000000000000e+00 0.000000000000000000e+00 1.820000000000000000e+02 0.000000000000000000e+00 0.000000000000000000e+00 1.000000000000000000e+00
0.000000000000000000e+00 3.400000000000000000e+01 0.000000000000000000e+00 1.419999999999999929e+00 -3.386480680687752737e-02 1.705190194049319152e-02 0.000000000000000000e+00 0.000000000000000000e+00 1.820000000000000000e+02 0.000000000000000000e+00 0.000000000000000000e+00 1.000000000000000000e+00
0.000000000000000000e+00 3.400000000000000000e+01 0.000000000000000000e+00 1.429999999999999938e+00 -2.942846541342576672e-02 1.684113749288690398e-02 0.000000000000000000e+00 0.000000000000000000e+00 1.820000000000000000e+02 0.000000000000000000e+00 0.000000000000000000e+00 1.000000000000000000e+00
0.000000000000000000e+00 3.400000000000000000e+01 0.000000000000000000e+00 1.439999999999999947e+00 -2.564552156051093379e-02 1.666164390456288669e-02 0.000000000000000000e+00 0.000000000000000000e+00 1.820000000000000000e+02 0.000000000000000000e+00 0.000000000000000000e+00 1.000000000000000000e+00
0.000000000000000000e+00 3.400000000000000000e+01 0.000000000000000000e+00 1.449999999999999956e+00 -2.246433586272441815e-02 1.651088453237228859e-02 0.000000000000000000e+00 0.000000000000000000e+00 1.820000000000000000e+02 0.000000000000000000e+00 0.000000000000000000e+00 1.000000000000000000e+00
0.000000000000000000e+00 3.400000000000000000e+01 0.000000000000000000e+00 1.459999999999999964e+00 -1.982998805072295340e-02 1.638617901462084692e-02 0.000000000000000000e+00 0.000000000000000000e+00 1.820000000000000000e+02 0.000000000000000000e+00 0.000000000000000000e+00 1.000000000000000000e+00
0.000000000000000000e+00 3.400000000000000000e+01 0.000000000000000000e+00 1.469999999999999973e+00 -1.768980029606962573e-02 1.628496853557991064e-02 0.000000000000000000e+00 0.000000000000000000e+00 1.820000000000000000e+02 0.000000000000000000e+00 0.000000000000000000e+00 1.000000000000000000e+00
0.000000000000000000e+00 3.400000000000000000e+01 0.000000000000000000e+00 1.479999999999999982e+00 -1.599699134944814610e-02 1.620498893395100337e-02 0.000000000000000000e+00 0.000000000000000000e+00 1.820000000000000000e+02 0.000000000000000000e+00 0.000000000000000000e+00 1.000000000000000000e+00
0.000000000000000000e+00 3.400000000000000000e+01 0.000000000000000000e+00 1.489999999999999991e+00 -1.471313605738491966e-02 1.614438548681185193e-02 0.000000000000000000e+00 0.000000000000000000e+00 1.820000000000000000e+02 0.000000000000000000e+00 0.000000000000000000e+00 1.000000000000000000e+00
0.000000000000000000e+00 3.400000000000000000e+01 0.000000000000000000e+00 1.500000000000000000e+00 -1.380992893658175742e-02 1.610179426939663261e-02 0.000000000000000000e+00 0.000000000000000000e+00 1.820000000000000000e+02 0.000000000000000000e+00 0.000000000000000000e+00 1.000000000000000000e+00
0.000000000000000000e+00 3.400000000000000000e+01 0.000000000000000000e+00 1.510000000000000009e+00 -1.327062862111722842e-02 1.607640876993156331e-02 0.000000000000000000e+00 0.000000000000000000e+00 1.820000000000000000e+02 0.000000000000000000e+00 0.000000000000000000e+00 1.000000000000000000e+00
0.000000000000000000e+00 3.400000000000000000e+01 0.000000000000000000e+00 1.520000000000000018e+00 -1.309147932865597011e-02 1.606804636415298804e-02 0.000000000000000000e+00 0.000000000000000000e+00 1.820000000000000000e+02 0.000000000000000000e+00 0.000000000000000000e+00 1.000000000000000000e+00
0.000000000000000000e+00 3.400000000000000000e+01 0.000000000000000000e+00 1.530000000000000027e+00 -1.328335696808558182e-02 1.607722689386678616e-02 0.000000000000000000e+00 0.000000000000000000e+00 1.820000000000000000e+02 0.000000000000000000e+00 0.000000000000000000e+00 1.000000000000000000e+00
0.000000000000000000e+00 3.400000000000000000e+01 0.000000000000000000e+00 1.540000000000000036e+00 -1.387386502323168479e-02 1.610527465140457193e-02 0.000000000000000000e+00 0.000000000000000000e+00 1.820000000000000000e+02 0.000000000000000000e+00 0.000000000000000000e+00 1.000000000000000000e+00
0.000000000000000000e+00 3.400000000000000000e+01 0.000000000000000000e+00 1.550000000000000044e+00 -1.491010513657593101e-02 1.615445537963559886e-02 0.000000000000000000e+00 0.000000000000000000e+00 1.820000000000000000e+02 0.000000000000000000e+00 0.000000000000000000e+00 1.000000000000000000e+00
0.000000000000000000e+00 3.400000000000000000e+01 0.000000000000000000e+00 1.560000000000000053e+00 -1.646236758321436427e-02 1.622816140732680212e-02 0.000000000000000000e+00 0.000000000000000000e+00 1.820000000000000000e+02 0.000000000000000000e+00 0.000000000000000000e+00 1.000000000000000000e+00
0.000000000000000000e+00 3.400000000000000000e+01 0.000000000000000000e+00 1.570000000000000062e+00 -1.862902749837951760e-02 1.633116081253882523e-02 0.000000000000000000e+00 0.000000000000000000e+00 1.820000000000000000e+02 0.000000000000000000e+00 0.000000000000000000e+00 1.000000000000000000e+00
0.000000000000000000e+00 3.400000000000000000e+01 0.000000000000000000e+00 1.580000000000000071e+00 -2.154299537231395625e-02 1.646993069183212699e-02 0.000000000000000000e+00 0.000000000000000000e+00 1.820000000000000000e+02 0.000000000000000000e+00 0.000000000000000000e+00 1.000000000000000000e+00
0.000000000000000000e+00 3.400000000000000000e+01 0.000000000000000000e+00 1.590000000000000080e+00 -2.538015820594256844e-02 1.665310039880740778e-02 0.000000000000000000e+00 0.000000000000000000e+00 1.820000000000000000e+02 0.000000000000000000e+00 0.000000000000000000e+00 1.000000000000000000e+00
0.000000000000000000e+00 3.400000000000000000e+01 0.000000000000000000e+00 1.600000000000000089e+00 -3.037036593119411473e-02 1.689203809309923476e-02 0.000000000000000000e+00 0.000000000000000000e+00 1.820000000000000000e+02 0.000000000000000000e+00 0.000000000000000000e+00 1.000000000000000000e+00
0.000000000000000000e+00 3.400000000000000000e+01 0.000000000000000000e+00 1.610000000000000098e+00 -3.681167349765716856e-02 1.720162274976477779e-02 0.000000000000000000e+00 0.000000000000000000e+00 1.820000000000000000e+02 0.000000000000000000e+00 0.000000000000000000e+00 1.000000000000000000e+00
0.000000000000000000e+00 3.400000000000000000e+01 0.000000000000000000e+00 1.620000000000000107e+00 -4.508875228555959264e-02 1.760125222619221552e-02 0.000000000000000000e+00 0.000000000000000000e+00 1.820000000000000000e+02 0.000000000000000000e+00 0.000000000000000000e+00 1.000000000000000000e+00
0.000000000000000000e+00 3.400000000000000000e+01 0.000000000000000000e+00 1.630000000000000115e+00 -5.569664836055751578e-02 1.811614092116388408e-02 0.000000000000000000e+00 0.000000000000000000e+00 1.820000000000000000e+02 0.000000000000000000e+00 0.000000000000000000e+00 1.000000000000000000e+00
0.000000000000000000e+00 3.400000000000000000e+01 0.000000000000000000e+00 1.640000000000000124e+00 -6.927140681616783535e-02 1.877894434280594216e-02 0.000000000000000000e+00 0.000000000000000000e+00 1.820000000000000000e+02 0.000000000000000000e+00 0.000000000000000000e+00 1.000000000000000000e+00
0.000000000000000000e+00 3.400000000000000000e+01 0.000000000000000000e+00 1.650000000000000133e+00 -8.662952364094805846e-02 1.963167844770413728e-02 0.000000000000000000e+00 0.000000000000000000e+00 1.820000000000000000e+02 0.000000000000000000e+00 0.000000000000000000e+00 1.000000000000000000e+00
0.000000000000000000e+00 3.400000000000000000e+01 0.000000000000000000e+00 1.660000000000000142e+00 -1.088187586329417145e-01 2.072769595216480965e-02 0.000000000000000000e+00 0.000000000000000000e+00 1.820000000000000000e+02 0.000000000000000000e+00 0.000000000000000000e+00 1.000000000000000000e+00
0.000000000000000000e+00 3.400000000000000000e+01 0.000000000000000000e+00 1.670000000000000151e+00 -1.371835831614613144e-01 2.213293906751172269e-02 0.000000000000000000e+00 0.000000000000000000e+00 1.820000000000000000e+02 0.000000000000000000e+00 0.000000000000000000e+00 1.000000000000000000e+00
0.000000000000000000e+00 3.400000000000000000e+01 0.000000000000000000e+00 1.679999999999999938e+00 -1.734494948469511855e-01 2.392431678737322320e-02 0.000000000000000000e+00 0.000000000000000000e+00 1.820000000000000000e+02 0.000000000000000000e+00 0.000000000000000000e+00 1.000000000000000000e+00
0.000000000000000000e+00 3.400000000000000000e+01 0.000000000000000000e+00 1.689999999999999947e+00 -2.198316722423937775e-01 2.617961882139573093e-02 0.000000000000000000e+00 0.000000000000000000e+00 1.820000000000000000e+02 0.000000000000000000e+00 0.000000000000000000e+00 1.000000000000000000e+00
0.000000000000000000e+00 3.400000000000000000e+01 0.000000000000000000e+00 1.699999999999999956e+00 -2.791750505469506871e-01 2.894460926177326587e-02 0.000000000000000000e+00 0.000000000000000000e+00 1.820000000000000000e+02 0.000000000000000000e+00 0.000000000000000000e+00 1.000000000000000000e+00
0.000000000000000000e+00 3.400000000000000000e+01 0.000000000000000000e+00 1.709999999999999964e+00 -3.551349837655257136e-01 3.213946314497385937e-02 0.000000000000000000e+00 0.000000000000000000e+00 1.820000000000000000e+02 0.000000000000000000e+00 0.000000000000000000e+00 1.000000000000000000e+00
0.000000000000000000e+00 3.400000000000000000e+01 0.000000000000000000e+00 1.719999999999999973e+00 -4.524103620094220846e-01 3.529795512681410674e-02 0.000000000000000000e+00 0.000000000000000000e+00 1.820000000000000000e+02 0.000000000000000000e+00 0.000000000000000000e+00 1.000000000000000000e+00
0.000000000000000000e+00 3.400000000000000000e+01 0.000000000000000000e+00 1.729999999999999982e+00 -5.770445602233823523e-01 3.679823414078202404e-02 0.000000000000000000e+00 0.000000000000000000e+00 1.820000000000000000e+02 0.000000000000000000e+00 0.000000000000000000e+00 1.000000000000000000e+00
0.000000000000000000e+00 3.400000000000000000e+01 0.000000000000000000e+00 1.739999999999999991e+00 -7.368141479144452166e-01 3.121902941296754441e-02 0.000000000000000000e+00 0.000000000000000000e+00 1.820000000000000000e+02 0.000000000000000000e+00 0.000000000000000000e+00 1.000000000000000000e+00
0.000000000000000000e+00 3.400000000000000000e+01 0.000000000000000000e+00 1.750000000000000000e+00 -9.417312028368509669e-01 1.216983253320050307e-03 0.000000000000000000e+00 1.000000000000000000e+00 1.820000000000000000e+02 0.000000000000000000e+00 0.000000000000000000e+00 1.000000000000000000e+00
0.000000000000000000e+00 3.400000000000000000e+01 0.000000000000000000e+00 1.760000000000000009e+00 -1.159020600347830277e+00 8.422984661312384741e-03 0.000000000000000000e+00 1.000000000000000000e+00 1.820000000000000000e+02 0.000000000000000000e+00 0.000000000000000000e+00 1.000000000000000000e+00
0.000000000000000000e+00 3.400000000000000000e+01 0.000000000000000000e+00 1.770000000000000018e+00 -1.125744992089215746e+00 9.617120494880834064e-03 0.000000000000000000e+00 1.000000000000000000e+00 1.820000000000000000e+02 0.000000000000000000e+00 0.000000000000000000e+00 1.000000000000000000e+00
0.000000000000000000e+00 3.400000000000000000e+01 0.000000000000000000e+00 1.780000000000000027e+00 -1.107548428203264157e+00 1.677948518359832775e-02 0.000000000000000000e+00 1.000000000000000000e+00 1.820000000000000000e+02 0.000000000000000000e+00 0.000000000000000000e+00 1.000000000000000000e+00
0.000000000000000000e+00 3.400000000000000000e+01 0.000000000000000000e+00 1.790000000000000036e+00 -1.276272120337650584e+00 2.405235367598226870e-02 0.000000000000000000e+00 1.000000000000000000e+00 1.820000000000000000e+02 0.000000000000000000e+00 0.000000000000000000e+00 1.000000000000000000e+00
0.000000000000000000e+00 3.400000000000000000e+01 0.000000000000000000e+00 1.800000000000000044e+00 -1.282491236544164526e+00 2.694435682844235902e-02 0.000000000000000000e+00 1.000000000000000000e+00 1.820000000000000000e+02 0.000000000000000000e+00 0.000000000000000000e+00 1.000000000000000000e+00
0.000000000000000000e+00 3.400000000000000000e+01 0.000000000000000000e+00 1.810000000000000053e+00 -1.165149897805795920e+00 1.681068368463100107e-02 0.000000000000000000e+00 1.000000000000000000e+00 1.820000000000000000e+02 0.000000000000000000e+00 0.000000000000000000e+00 1.000000000000000000e+00
0.000000000000000000e+00 3.400000000000000000e+01 0.000000000000000000e+00 1.820000000000000062e+00 -1.235140680429960502e+00 3.627696476571277973e-02 0.000000000000000000e+00 1.000000000000000000e+00 1.820000000000000000e+02 0.000000000000000000e+00 0.000000000000000000e+00 1.000000000000000000e+00
0.000000000000000000e+00 3.400000000000000000e+01 0.000000000000000000e+00 1.830000000000000071e+00 -1.327888386972741142e+00 4.557700694924208401e-02 0.000000000000000000e+00 1.000000000000000000e+00 1.820000000000000000e+02 0.000000000000000000e+00 0.000000000000000000e+00 1.000000000000000000e+00
0.000000000000000000e+00 3.400000000000000000e+01 0.000000000000000000e+00 1.840000000000000080e+00 -1.264037387065916063e+00 3.001986924262464371e-02 0.000000000000000000e+00 1.000000000000000000e+00 1.820000000000000000e+02 0.000000000000000000e+00 0.000000000000000000e+00 1.000000000000000000e+00
0.000000000000000000e+00 3.400000000000000000e+01 0.000000000000000000e+00 1.850000000000000089e+00 -1.169578938334348894e+00 1.762191340107307352e-02 0.000000000000000000e+00 1.000000000000000000e+00 1.820000000000000000e+02 0.000000000000000000e+00 0.000000000000000000e+00 1.000000000000000000e+00
0.000000000000000000e+00 3.400000000000000000e+01 0.000000000000000000e+00 1.860000000000000098e+00 -1.345018720857300121e+00 4.520847956446585880e-02 0.000000000000000000e+00 1.000000000000000000e+00 1.820000000000000000e+02 0.000000000000000000e+00 0.000000000000000000e+00 1.000000000000000000e+00
0.000000000000000000e+00 3.400000000000000000e+01 0.000000000000000000e+00 1.870000000000000107e+00 -1.003234755370343345e+00 4.805198827004201340e-03 0.000000000000000000e+00 1.000000000000000000e+00 1.820000000000000000e+02 0.000000000000000000e+00 0.000000000000000000e+00 1.000000000000000000e+00
0.000000000000000000e+00 3.400000000000000000e+01 0.000000000000000000e+00 1.880000000000000115e+00 -1.355750421945474571e+00 0.000000000000000000e+00 0.000000000000000000e+00 1.000000000000000000e+00 1.820000000000000000e+02 1.000000000000000000e+00 0.000000000000000000e+00 1.000000000000000000e+00
0.000000000000000000e+00 3.400000000000000000e+01 0.000000000000000000e+00 1.890000000000000124e+00 -1.281395397639525591e+00 3.840515752749237843e-02 0.000000000000000000e+00 1.000000000000000000e+00 1.820000000000000000e+02 0.000000000000000000e+00 0.000000000000000000e+00 1.000000000000000000e+00
0.000000000000000000e+00 3.400000000000000000e+01 0.000000000000000000e+00 1.900000000000000133e+00 -1.339138422183649535e+00 3.596492451460409773e-02 0.000000000000000000e+00 1.000000000000000000e+00 1.820000000000000000e+02 0.000000000000000000e+00 0.000000000000000000e+00 1.000000000000000000e+00
0.000000000000000000e+00 3.400000000000000000e+01 0.000000000000000000e+00 1.910000000000000142e+00 -1.235719207395646446e+00 2.158863450716846238e-02 0.000000000000000000e+00 1.000000000000000000e+00 1.820000000000000000e+02 0.000000000000000000e+00 0.000000000000000000e+00 1.000000000000000000e+00
0.000000000000000000e+00 3.400000000000000000e+01 0.000000000000000000e+00 1.920000000000000151e+00 -1.307475569205128529e+00 4.314980407595373629e-02 0.000000000000000000e+00 1.000000000000000000e+00 1.820000000000000000e+02 0.000000000000000000e+00 0.000000000000000000e+00 1.000000000000000000e+00
0.000000000000000000e+00 3.400000000000000000e+01 0.000000000000000000e+00 1.929999999999999938e+00 -9.786181593341692908e-01 5.485646307114267449e-05 0.000000000000000000e+00 1.000000000000000000e+00 1.820000000000000000e+02 0.000000000000000000e+00 0.000000000000000000e+00 1.000000000000000000e+00
0.000000000000000000e+00 3.400000000000000000e+01 0.000000000000000000e+00 1.939999999999999947e+00 -1.110047641093004467e+00 8.360928014655336082e-03 0.000000000000000000e+00 1.000000000000000000e+00 1.820000000000000000e+02 0.000000000000000000e+00 0.000000000000000000e+00 1.000000000000000000e+00
0.000000000000000000e+00 3.400000000000000000e+01 0.000000000000000000e+00 1.949999999999999956e+00 -1.149009388135626031e+00 6.595561618496427470e-03 0.000000000000000000e+00 1.000000000000000000e+00 1.820000000000000000e+02 0.000000000000000000e+00 0.000000000000000000e+00 1.000000000000000000e+00
0.000000000000000000e+00 3.400000000000000000e+01 0.000000000000000000e+00 1.959999999999999964e+00 -1.261640816059825365e+00 1.648848983582709704e-02 0.000000000000000000e+00 1.000000000000000000e+00 1.820000000000000000e+02 0.000000000000000000e+00 0.000000000000000000e+00 1.000000000000000000e+00
0.000000000000000000e+00 3.400000000000000000e+01 0.000000000000000000e+00 1.969999999999999973e+00 -1.155679029848611705e+00 2.043800290514288104e-02 0.000000000000000000e+00 1.000000000000000000e+00 1.820000000000000000e+02 0.000000000000000000e+00 0.000000000000000000e+00 1.000000000000000000e+00
0.000000000000000000e+00 3.400000000000000000e+01 0.000000000000000000e+00 1.979999999999999982e+00 -1.136377539490862176e+00 1.700790798545396415e-02 0.000000000000000000e+00 1.000000000000000000e+00 1.820000000000000000e+02 0.000000000000000000e+00 0.000000000000000000e+00 1.000000000000000000e+00
0.000000000000000000e+00 3.400000000000000000e+01 0.000000000000000000e+00 1.989999999999999991e+00 -1.112101138692489499e+00 1.023377666045104106e-02 0.000000000000000000e+00 1.000000000000000000e+00 1.820000000000000000e+02 0.000000000000000000e+00 0.000000000000000000e+00 1.000000000000000000e+00
0.000000000000000000e+00 3.400000000000000000e+01 0.000000000000000000e+00 2.000000000000000000e+00 -8.707021518460755782e-01 1.449541713579507052e-04 0.000000000000000000e+00 1.000000000000000000e+00 1.820000000000000000e+02 0.000000000000000000e+00 0.000000000000000000e+00 1.000000000000000000e+00
0.000000000000000000e+00 3.400000000000000000e+01 0.000000000000000000e+00 2.009999999999999787e+00 -6.856753020244653607e-01 2.474980783196255307e-02 0.000000000000000000e+00 0.000000000000000000e+00 1.820000000000000000e+02 0.000000000000000000e+00 0.000000000000000000e+00 1.000000000000000000e+00
0.000000000000000000e+00 3.400000000000000000e+01 0.000000000000000000e+00 2.020000000000000018e+00 -5.425471027005396296e-01 3.256690841211352938e-02 0.000000000000000000e+00 0.000000000000000000e+00 1.820000000000000000e+02 0.000000000000000000e+00 0.000000000000000000e+00 1.000000000000000000e+00
0.000000000000000000e+00 3.400000000000000000e+01 0.000000000000000000e+00 2.029999999999999805e+00 -4.323486573418036105e-01 3.304290790848782300e-02 0.000000000000000000e+00 0.000000000000000000e+00 1.820000000000000000e+02 0.000000000000000000e+00 0.000000000000000000e+00 1.000000000000000000e+00
0.000000000000000000e+00 3.400000000000000000e+01 0.000000000000000000e+00 2.040000000000000036e+00 -3.482007498041915783e-01 3.136118418222218207e-02 0.000000000000000000e+00 0.000000000000000000e+00 1.820000000000000000e+02 0.000000000000000000e+00 0.000000000000000000e+00 1.000000000000000000e+00
0.000000000000000000e+00 3.400000000000000000e+01 0.000000000000000000e+00 2.049999999999999822e+00 -2.848692808267343501e-01 2.929768853340522505e-02 0.000000000000000000e+00 0.000000000000000000e+00 1.820000000000000000e+02 0.000000000000000000e+00 0.000000000000000000e+00 1.000000000000000000e+00
0.000000000000000000e+00 3.400000000000000000e+01 0.000000000000000000e+00 2.059999999999999609e+00 -2.384282119244996445e-01 2.747102183290212052e-02 0.000000000000000000e+00 0.000000000000000000e+00 1.820000000000000000e+02 0.000000000000000000e+00 0.000000000000000000e+00 1.000000000000000000e+00
0.000000000000000000e+00 3.400000000000000000e+01 0.000000000000000000e+00 2.069999999999999840e+00 -2.060075834091659730e-01 2.607849468180110930e-02 0.000000000000000000e+00 0.000000000000000000e+00 1.820000000000000000e+02 0.000000000000000000e+00 0.000000000000000000e+00 1.000000000000000000e+00
0.000000000000000000e+00 3.400000000000000000e+01 0.000000000000000000e+00 2.079999999999999627e+00 -1.856098869229247383e-01 2.516576171163706355e-02 0.000000000000000000e+00 0.000000000000000000e+00 1.820000000000000000e+02 0.000000000000000000e+00 0.000000000000000000e+00 1.000000000000000000e+00
0.000000000000000000e+00 3.400000000000000000e+01 0.000000000000000000e+00 2.089999999999999858e+00 -1.759826435531456901e-01 2.473217082730175265e-02 0.000000000000000000e+00 0.000000000000000000e+00 1.820000000000000000e+02 0.000000000000000000e+00 0.000000000000000000e+00 1.000000000000000000e+00
0.000000000000000000e+00 3.400000000000000000e+01 0.000000000000000000e+00 2.099999999999999645e+00 -1.765387808510882617e-01 2.477258548058658416e-02 0.000000000000000000e+00 0.000000000000000000e+00 1.820000000000000000e+02 0.000000000000000000e+00 0.000000000000000000e+00 1.000000000000000000e+00
0.000000000000000000e+00 3.400000000000000000e+01 0.000000000000000000e+00 2.109999999999999876e+00 -1.873195724985966537e-01 2.529252397847286948e-02 0.000000000000000000e+00 0.000000000000000000e+00 1.820000000000000000e+02 0.000000000000000000e+00 0.000000000000000000e+00 1.000000000000000000e+00
0.000000000000000000e+00 3.400000000000000000e+01 0.000000000000000000e+00 2.119999999999999662e+00 -2.089977196177897623e-01 2.630927565845526950e-02 0.000000000000000000e+00 0.000000000000000000e+00 1.820000000000000000e+02 0.000000000000000000e+00 0.000000000000000000e+00 1.000000000000000000e+00
0.000000000000000000e+00 3.400000000000000000e+01 0.000000000000000000e+00 2.129999999999999893e+00 -2.429208047266871173e-01 2.783922598735925902e-02 0.000000000000000000e+00 0.000000000000000000e+00 1.820000000000000000e+02 0.000000000000000000e+00 0.000000000000000000e+00 1.000000000000000000e+00
0.000000000000000000e+00 3.400000000000000000e+01 0.000000000000000000e+00 2.139999999999999680e+00 -2.911980187207312554e-01 2.985915346167102025e-02 0.000000000000000000e+00 0.000000000000000000e+00 1.820000000000000000e+02 0.000000000000000000e+00 0.000000000000000000e+00 1.000000000000000000e+00
0.000000000000000000e+00 3.400000000000000000e+01 0.000000000000000000e+00 2.149999999999999911e+00 -3.568359299271698371e-01 3.220471635809071809e-02 0.000000000000000000e+00 0.000000000000000000e+00 1.820000000000000000e+02 0.000000000000000000e+00 0.000000000000000000e+00 1.000000000000000000e+00
0.000000000000000000e+00 3.400000000000000000e+01 0.000000000000000000e+00 2.159999999999999698e+00 -4.439323281874114624e-01 3.430327354638905424e-02 0.000000000000000000e+00 0.000000000000000000e+00 1.820000000000000000e+02 0.000000000000000000e+00 0.000000000000000000e+00 1.000000000000000000e+00
0.000000000000000000e+00 3.400000000000000000e+01 0.000000000000000000e+00 2.169999999999999929e+00 -5.579410597818608153e-01 3.442375032475630814e-02 0.000000000000000000e+00 0.000000000000000000e+00 1.820000000000000000e+02 0.000000000000000000e+00 0.000000000000000000e+00 1.000000000000000000e+00
0.000000000000000000e+00 3.400000000000000000e+01 0.000000000000000000e+00 2.179999999999999716e+00 -7.060255380088386046e-01 2.727177916857538575e-02 0.000000000000000000e+00 0.000000000000000000e+00 1.820000000000000000e+02 0.000000000000000000e+00 0.000000000000000000e+00 1.000000000000000000e+00
0.000000000000000000e+00 3.400000000000000000e+01 0.000000000000000000e+00 2.189999999999999947e+00 -8.975245988593696378e-01 4.096934452796139985e-04 0.000000000000000000e+00 1.000000000000000000e+00 1.820000000000000000e+02 0.000000000000000000e+00 0.000000000000000000e+00 1.000000000000000000e+00
0.000000000000000000e+00 3.400000000000000000e+01 0.000000000000000000e+00 2.199999999999999734e+00 -1.043211339968178830e+00 9.002700914412095287e-04 0.000000000000000000e+00 1.000000000000000000e+00 1.820000000000000000e+02 0.000000000000000000e+00 0.000000000000000000e+00 1.000000000000000000e+00
0.000000000000000000e+00 3.400000000000000000e+01 0.000000000000000000e+00 2.209999999999999964e+00 -1.092905958158018054e+00 5.459604042980518296e-03 0.000000000000000000e+00 1.000000000000000000e+00 1.820000000000000000e+02 0.000000000000000000e+00 0.000000000000000000e+00 1.000000000000000000e+00
0.000000000000000000e+00 3.400000000000000000e+01 0.000000000000000000e+00 2.219999999999999751e+00 -1.013782686932771515e+00 5.221865664518940756e-04 0.000000000000000000e+00 1.000000000000000000e+00 1.820000000000000000e+02 0.000000000000000000e+00 0.000000000000000000e+00 1.000000000000000000e+00
0.000000000000000000e+00 3.400000000000000000e+01 0.000000000000000000e+00 2.229999999999999982e+00 -8.558778481810838112e-01 2.668902571313796525e-04 0.000000000000000000e+00 1.000000000000000000e+00 1.820000000000000000e+02 0.000000000000000000e+00 0.000000000000000000e+00 1.000000000000000000e+00
0.000000000000000000e+00 3.400000000000000000e+01 0.000000000000000000e+00 2.239999999999999769e+00 -9.222267165373874143e-01 6.388845555416067939e-04 0.000000000000000000e+00 1.000000000000000000e+00 1.820000000000000000e+02 0.000000000000000000e+00 0.000000000000000000e+00 1.000000000000000000e+00
0.000000000000000000e+00 3.400000000000000000e+01 0.000000000000000000e+00 2.250000000000000000e+00 -7.210660248387287252e-01 2.898136024442554692e-02 0.000000000000000000e+00 0.000000000000000000e+00 1.820000000000000000e+02 0.000000000000000000e+00 0.000000000000000000e+00 1.000000000000000000e+00
0.000000000000000000e+00 3.400000000000000000e+01 0.000000000000000000e+00 2.259999999999999787e+00 -5.643330634967521631e-01 3.516093119690552604e-02 0.000000000000000000e+00 0.000000000000000000e+00 1.820000000000000000e+02 0.000000000000000000e+00 0.000000000000000000e+00 1.000000000000000000e+00
0.000000000000000000e+00 3.400000000000000000e+01 0.000000000000000000e+00 2.270000000000000018e+00 -4.421498806493083800e-01 3.415248461182622541e-02 0.000000000000000000e+00 0.000000000000000000e+00 1.820000000000000000e+02 0.000000000000000000e+00 0.000000000000000000e+00 1.000000000000000000e+00
0.000000000000000000e+00 3.400000000000000000e+01 0.000000000000000000e+00 2.279999999999999805e+00 -3.468493176404719991e-01 3.133471348853873739e-02 0.000000000000000000e+00 0.000000000000000000e+00 1.820000000000000000e+02 0.000000000000000000e+00 0.000000000000000000e+00 1.000000000000000000e+00
0.000000000000000000e+00 3.400000000000000000e+01 0.000000000000000000e+00 2.290000000000000036e+00 -2.724770128928510893e-01 2.837074417979261465e-02 0.000000000000000000e+00 0.000000000000000000e+00 1.820000000000000000e+02 0.000000000000000000e+00 0.000000000000000000e+00 1.000000000000000000e+00
0.000000000000000000e+00 3.400000000000000000e+01 0.000000000000000000e+00 2.299999999999999822e+00 -2.144062807264525972e-01 2.576280508100620148e-02 0.000000000000000000e+00 0.000000000000000000e+00 1.820000000000000000e+02 0.000000000000000000e+00 0.000000000000000000e+00 1.000000000000000000e+00
0.000000000000000000e+00 3.400000000000000000e+01 0.000000000000000000e+00 2.310000000000000053e+00 -1.690401297878803832e-01 2.361553793083975838e-02 0.000000000000000000e+00 0.000000000000000000e+00 1.820000000000000000e+02 0.000000000000000000e+00 0.000000000000000000e+00 1.000000000000000000e+00
0.000000000000000000e+00 3.400000000000000000e+01 0.000000000000000000e+00 2.319999999999999840e+00 -1.335805859982778232e-01 2.189942793242982688e-02 0.000000000000000000e+00 0.000000000000000000e+00 1.820000000000000000e+02 0.000000000000000000e+00 0.000000000000000000e+00 1.000000000000000000e+00
0.000000000000000000e+00 3.400000000000000000e+01 0.000000000000000000e+00 2.329999999999999627e+00 -1.058500254599891444e-01 2.054719600213068820e-02 0.000000000000000000e+00 0.000000000000000000e+00 1.820000000000000000e+02 0.000000000000000000e+00 0.000000000000000000e+00 1.000000000000000000e+00
0.000000000000000000e+00 3.400000000000000000e+01 0.000000000000000000e+00 2.339999999999999858e+00 -8.415271841597449232e-02 1.948873787709423655e-02 0.000000000000000000e+00 0.000000000000000000e+00 1.820000000000000000e+02 0.000000000000000000e+00 0.000000000000000000e+00 1.000000000000000000e+00
0.000000000000000000e+00 3.400000000000000000e+01 0.000000000000000000e+00 2.349999999999999645e+00 -6.716747775381090579e-02 1.866254046079827977e-02 0.000000000000000000e+00 0.000000000000000000e+00 1.820000000000000000e+02 0.000000000000000000e+00 0.000000000000000000e+00 1.000000000000000000e+00
0.000000000000000000e+00 3.400000000000000000e+01 0.000000000000000000e+00 2.359999999999999876e+00 -5.386438018701243668e-02 1.801814785207554725e-02 0.000000000000000000e+00 0.000000000000000000e+00 1.820000000000000000e+02 0.000000000000000000e+00 0.000000000000000000e+00 1.000000000000000000e+00
0.000000000000000000e+00 3.400000000000000000e+01 0.000000000000000000e+00 2.369999999999999662e+00 -4.344012759597110779e-02 1.751543730231579221e-02 0.000000000000000000e+00 0.000000000000000000e+00 1.820000000000000000e+02 0.000000000000000000e+00 0.000000000000000000e+00 1.000000000000000000e+00
0.000000000000000000e+00 3.400000000000000000e+01 0.000000000000000000e+00 2.379999999999999893e+00 -3.526784952560481357e-02 1.712297330487171088e-02 0.000000000000000000e+00 0.000000000000000000e+00 1.820000000000000000e+02 0.000000000000000000e+00 0.000000000000000000e+00 1.000000000000000000e+00
0.000000000000000000e+00 3.400000000000000000e+01 0.000000000000000000e+00 2.389999999999999680e+00 -2.885809964512480938e-02 1.681629443669238611e-02 0.000000000000000000e+00 0.000000000000000000e+00 1.820000000000000000e+02 0.000000000000000000e+00 0.000000000000000000e+00 1.000000000000000000e+00
0.000000000000000000e+00 3.400000000000000000e+01 0.000000000000000000e+00 2.399999999999999911e+00 -2.382853376397920525e-02 1.657641681045474158e-02 0.000000000000000000e+00 0.000000000000000000e+00 1.820000000000000000e+02 0.000000000000000000e+00 0.000000000000000000e+00 1.000000000000000000e+00
0.000000000000000000e+00 3.400000000000000000e+01 0.000000000000000000e+00 2.409999999999999698e+00 -1.988032452530479402e-02 1.638861465817796625e-02 0.000000000000000000e+00 0.000000000000000000e+00 1.820000000000000000e+02 0.000000000000000000e+00 0.000000000000000000e+00 1.000000000000000000e+00
0.000000000000000000e+00 3.400000000000000000e+01 0.000000000000000000e+00 2.419999999999999929e+00 -1.677980645513897986e-02 1.624145819050827610e-02 0.000000000000000000e+00 0.000000000000000000e+00 1.820000000000000000e+02 0.000000000000000000e+00 0.000000000000000000e+00 1.000000000000000000e+00
0.000000000000000000e+00 3.400000000000000000e+01 0.000000000000000000e+00 2.429999999999999716e+00 -1.434418411121138326e-02 1.612606596917549873e-02 0.000000000000000000e+00 0.000000000000000000e+00 1.820000000000000000e+02 0.000000000000000000e+00 0.000000000000000000e+00 1.000000000000000000e+00
0.000000000000000000e+00 3.400000000000000000e+01 0.000000000000000000e+00 2.439999999999999947e+00 -1.243039835413532745e-02 1.603552789385721822e-02 0.000000000000000000e+00 0.000000000000000000e+00 1.820000000000000000e+02 0.000000000000000000e+00 0.000000000000000000e+00 1.000000000000000000e+00
0.000000000000000000e+00 3.400000000000000000e+01 0.000000000000000000e+00 2.449999999999999734e+00 -1.092644875123882121e-02 1.596446089683879743e-02 0.000000000000000000e+00 0.000000000000000000e+00 1.820000000000000000e+02 0.000000000000000000e+00 0.000000000000000000e+00 1.000000000000000000e+00
0.000000000000000000e+00 3.400000000000000000e+01 0.000000000000000000e+00 2.459999999999999964e+00 -9.744627305755799648e-03 1.590866681479108369e-02 0.000000000000000000e+00 0.000000000000000000e+00 1.820000000000000000e+02 0.000000000000000000e+00 0.000000000000000000e+00 1.000000000000000000e+00
0.000000000000000000e+00 3.400000000000000000e+01 0.000000000000000000e+00 2.469999999999999751e+00 -8.816240482970852041e-03 1.586486862801331221e-02 0.000000000000000000e+00 0.000000000000000000e+00 1.820000000000000000e+02 0.000000000000000000e+00 0.000000000000000000e+00 1.000000000000000000e+00
0.000000000000000000e+00 3.400000000000000000e+01 0.000000000000000000e+00 2.479999999999999982e+00 -8.087490905569552635e-03 1.583050677600385259e-02 0.000000000000000000e+00 0.000000000000000000e+00 1.820000000000000000e+02 0.000000000000000000e+00 0.000000000000000000e+00 1.000000000000000000e+00
0.000000000000000000e+00 3.400000000000000000e+01 0.000000000000000000e+00 2.489999999999999769e+00 -7.516263307714867933e-03 1.580358158383612932e-02 0.000000000000000000e+00 0.000000000000000000e+00 1.820000000000000000e+02 0.000000000000000000e+00 0.000000000000000000e+00 1.000000000000000000e+00
0.000000000000000000e+00 3.400000000000000000e+01 0.000000000000000000e+00 2.500000000000000000e+00 -7.069616154892934337e-03 1.578253115022876241e-02 0.000000000000000000e+00 0.000000000000000000e+00 1.820000000000000000e+02 0.000000000000000000e+00 0.000000000000000000e+00 1.000000000000000000e+00
0.000000000000000000e+00 3.400000000000000000e+01 0.000000000000000000e+00 2.509999999999999787e+00 -6.721824449405298940e-03 1.576613656484518455e-02 0.000000000000000000e+00 0.000000000000000000e+00 1.820000000000000000e+02 0.000000000000000000e+00 0.000000000000000000e+00 1.000000000000000000e+00
0.000000000000000000e+00 3.400000000000000000e+01 0.000000000000000000e+00 2.520000000000000018e+00 -6.452853504145496764e-03 1.575344822356450347e-02 0.000000000000000000e+00 0.000000000000000000e+00 1.820000000000000000e+02 0.000000000000000000e+00 0.000000000000000000e+00 1.000000000000000000e+00
0.000000000000000000e+00 3.400000000000000000e+01 0.000000000000000000e+00 2.529999999999999805e+00 -6.247170085005694130e-03 1.574372844352811551e-02 0.000000000000000000e+00 0.000000000000000000e+00 1.820000000000000000e+02 0.000000000000000000e+00 0.000000000000000000e+00 1.000000000000000000e+00
0.000000000000000000e+00 3.400000000000000000e+01 0.000000000000000000e+00 2.540000000000000036e+00 -6.092817997013423581e-03 1.573640665702100150e-02 0.000000000000000000e+00 0.000000000000000000e+00 1.820000000000000000e+02 0.000000000000000000e+00 0.000000000000000000e+00 1.000000000000000000e+00
0.000000000000000000e+00 3.400000000000000000e+01 0.000000000000000000e+00 2.549999999999999822e+00 -5.980701232829414328e-03 1.573104426814758705e-02 0.000000000000000000e+00 0.000000000000000000e+00 1.820000000000000000e+02 0.000000000000000000e+00 0.000000000000000000e+00 1.000000000000000000e+00
0.000000000000000000e+00 3.400000000000000000e+01 0.000000000000000000e+00 2.560000000000000053e+00 -5.904030222008395390e-03 1.572730684974575632e-02 0.000000000000000000e+00 0.000000000000000000e+00 1.820000000000000000e+02 0.000000000000000000e+00 0.000000000000000000e+00 1.000000000000000000e+00
0.000000000000000000e+00 3.400000000000000000e+01 0.000000000000000000e+00 2.569999999999999840e+00 -5.857896284112668744e-03 1.572494178396786901e-02 0.000000000000000000e+00 0.000000000000000000e+00 1.820000000000000000e+02 0.000000000000000000e+00 0.000000000000000000e+00 1.000000000000000000e+00
0.000000000000000000e+00 3.400000000000000000e+01 0.000000000000000000e+00 2.579999999999999627e+00 -5.838946677520366439e-03 1.572375973994513676e-02 0.000000000000000000e+00 0.000000000000000000e+00 1.820000000000000000e+02 0.000000000000000000e+00 0.000000000000000000e+00 1.000000000000000000e+00
0.000000000000000000e+00 3.400000000000000000e+01 0.000000000000000000e+00 2.589999999999999858e+00 -5.845138074498140018e-03 1.572361855915384299e-02 0.000000000000000000e+00 0.000000000000000000e+00 1.820000000000000000e+02 0.000000000000000000e+00 0.000000000000000000e+00 1.000000000000000000e+00
0.000000000000000000e+00 3.400000000000000000e+01 0.000000000000000000e+00 2.599999999999999645e+00 -5.875550180174325329e-03 1.572440820275544660e-02 0.000000000000000000e+00 0.000000000000000000e+00 1.820000000000000000e+02 0.000000000000000000e+00 0.000000000000000000e+00 1.000000000000000000e+00
0.000000000000000000e+00 3.400000000000000000e+01 0.000000000000000000e+00 2.609999999999999876e+00 -5.930243735949918167e-03 1.572603542602993287e-02 0.000000000000000000e+00 0.000000000000000000e+00 1.820000000000000000e+02 0.000000000000000000e+00 0.000000000000000000e+00 1.000000000000000000e+00
0.000000000000000000e+00 3.400000000000000000e+01 0.000000000000000000e+00 2.619999999999999662e+00 -6.010148391885229875e-03 1.572840681324420842e-02 0.000000000000000000e+00 0.000000000000000000e+00 1.820000000000000000e+02 0.000000000000000000e+00 0.000000000000000000e+00 1.000000000000000000e+00
0.000000000000000000e+00 3.400000000000000000e+01 0.000000000000000000e+00 2.629999999999999893e+00 -6.116965881680375659e-03 1.573140878376465268e-02 0.000000000000000000e+00 0.000000000000000000e+00 1.820000000000000000e+02 0.000000000000000000e+00 0.000000000000000000e+00 1.000000000000000000e+00
0.000000000000000000e+00 3.400000000000000000e+01 0.000000000000000000e+00 2.639999999999999680e+00 -6.253072463773997648e-03 1.573488325945879285e-02 0.000000000000000000e+00 0.000000000000000000e+00 1.820000000000000000e+02 0.000000000000000000e+00 0.000000000000000000e+00 1.000000000000000000e+00
0.000000000000000000e+00 3.400000000000000000e+01 0.000000000000000000e+00 2.649999999999999911e+00 -6.421401454652892783e-03 1.573859802618553239e-02 0.000000000000000000e+00 0.000000000000000000e+00 1.820000000000000000e+02 0.000000000000000000e+00 0.000000000000000000e+00 1.000000000000000000e+00
0.000000000000000000e+00 3.400000000000000000e+01 0.000000000000000000e+00 2.659999999999999698e+00 -6.625281477708227368e-03 1.574221170016369686e-02 0.000000000000000000e+00 0.000000000000000000e+00 1.820000000000000000e+02 0.000000000000000000e+00 0.000000000000000000e+00 1.000000000000000000e+00
0.000000000000000000e+00 3.400000000000000000e+01 0.000000000000000000e+00 2.669999999999999929e+00 -6.868198196596740461e-03 1.574523505779651389e-02 0.000000000000000000e+00 0.000000000000000000e+00 1.820000000000000000e+02 0.000000000000000000e+00 0.000000000000000000e+00 1.000000000000000000e+00
0.000000000000000000e+00 3.400000000000000000e+01 0.000000000000000000e+00 2.679999999999999716e+00 -7.153435967062622344e-03 1.574699395921293210e-02 0.000000000000000000e+00 0.000000000000000000e+00 1.820000000000000000e+02 0.000000000000000000e+00 0.000000000000000000e+00 1.000000000000000000e+00
0.000000000000000000e+00 3.400000000000000000e+01 0.000000000000000000e+00 2.689999999999999947e+00 -7.483539878869870099e-03 1.574660509655939622e-02 0.000000000000000000e+00 0.000000000000000000e+00 1.820000000000000000e+02 0.000000000000000000e+00 0.000000000000000000e+00 1.000000000000000000e+00
0.000000000000000000e+00 3.400000000000000000e+01 0.000000000000000000e+00 2.699999999999999734e+00 -7.859516503705449297e-03 1.574298541452254230e-02 0.000000000000000000e+00 0.000000000000000000e+00 1.820000000000000000e+02 0.000000000000000000e+00 0.000000000000000000e+00 1.000000000000000000e+00
0.000000000000000000e+00 3.400000000000000000e+01 0.000000000000000000e+00 2.709999999999999964e+00 -8.279661192766109290e-03 1.573493020504686257e-02 0.000000000000000000e+00 0.000000000000000000e+00 1.820000000000000000e+02 0.000000000000000000e+00 0.000000000000000000e+00 1.000000000000000000e+00
0.000000000000000000e+00 3.400000000000000000e+01 0.000000000000000000e+00 2.719999999999999751e+00 -8.737858115762711306e-03 1.572131333426994571e-02 0.000000000000000000e+00 0.000000000000000000e+00 1.820000000000000000e+02 0.000000000000000000e+00 0.000000000000000000e+00 1.000000000000000000e+00
0.000000000000000000e+00 3.400000000000000000e+01 0.000000000000000000e+00 2.729999999999999982e+00 -9.221142551441744578e-03 1.570148202281947125e-02 0.000000000000000000e+00 0.000000000000000000e+00 1.820000000000000000e+02 0.000000000000000000e+00 0.000000000000000000e+00 1.000000000000000000e+00
0.000000000000000000e+00 3.400000000000000000e+01 0.000000000000000000e+00 2.739999999999999769e+00 -9.706238064553812661e-03 1.567592543075414790e-02 0.000000000000000000e+00 0.000000000000000000e+00 1.820000000000000000e+02 0.000000000000000000e+00 0.000000000000000000e+00 1.000000000000000000e+00
0.000000000000000000e+00 3.400000000000000000e+01 0.000000000000000000e+00 2.750000000000000000e+00 -1.015467722119546209e-02 1.564725844674337563e-02 0.000000000000000000e+00 0.000000000000000000e+00 1.820000000000000000e+02 0.000000000000000000e+00 0.000000000000000000e+00 1.000000000000000000e+00
0.000000000000000000e+00 3.400000000000000000e+01 0.000000000000000000e+00 2.759999999999999787e+00 -1.050597415848809543e-02 1.562140450784521573e-02 0.000000000000000000e+00 0.000000000000000000e+00 1.820000000000000000e+02 0.000000000000000000e+00 0.000000000000000000e+00 1.000000000000000000e+00
0.000000000000000000e+00 3.400000000000000000e+01 0.000000000000000000e+00 2.770000000000000018e+00 -1.066812828831604706e-02 1.560842039120936831e-02 0.000000000000000000e+00 0.000000000000000000e+00 1.820000000000000000e+02 0.000000000000000000e+00 0.000000000000000000e+00 1.000000000000000000e+00
0.000000000000000000e+00 3.400000000000000000e+01 0.000000000000000000e+00 2.779999999999999805e+00 -1.050448420437559427e-02 1.562133448237001954e-02 0.000000000000000000e+00 0.000000000000000000e+00 1.820000000000000000e+02 0.000000000000000000e+00 0.000000000000000000e+00 1.000000000000000000e+00
0.000000000000000000e+00 3.400000000000000000e+01 0.000000000000000000e+00 2.790000000000000036e+00 -1.015161715826324619e-02 1.564711449017612555e-02 0.000000000000000000e+00 0.000000000000000000e+00 1.820000000000000000e+02 0.000000000000000000e+00 0.000000000000000000e+00 1.000000000000000000e+00
0.000000000000000000e+00 3.400000000000000000e+01 0.000000000000000000e+00 2.799999999999999822e+00 -9.701443215351206184e-03 1.567569963008898226e-02 0.000000000000000000e+00 0.000000000000000000e+00 1.820000000000000000e+02 0.000000000000000000e+00 0.000000000000000000e+00 1.000000000000000000e+00
0.000000000000000000e+00 3.400000000000000000e+01 0.000000000000000000e+00 2.810000000000000053e+00 -9.214354737564121878e-03 1.570116208895569465e-02 0.000000000000000000e+00 0.000000000000000000e+00 1.820000000000000000e+02 0.000000000000000000e+00 0.000000000000000000e+00 1.000000000000000000e+00
0.000000000000000000e+00 3.400000000000000000e+01 0.000000000000000000e+00 2.819999999999999840e+00 -8.728711571471342578e-03 1.572088195722366744e-02 0.000000000000000000e+00 0.000000000000000000e+00 1.820000000000000000e+02 0.000000000000000000e+00 0.000000000000000000e+00 1.000000000000000000e+00
0.000000000000000000e+00 3.400000000000000000e+01 0.000000000000000000e+00 2.829999999999999627e+00 -8.267662588348280092e-03 1.573436411399184442e-02 0.000000000000000000e+00 0.000000000000000000e+00 1.820000000000000000e+02 0.000000000000000000e+00 0.000000000000000000e+00 1.000000000000000000e+00
0.000000000000000000e+00 3.400000000000000000e+01 0.000000000000000000e+00 2.839999999999999858e+00 -7.844017967990316378e-03 1.574225410167887085e-02 0.000000000000000000e+00 0.000000000000000000e+00 1.820000000000000000e+02 0.000000000000000000e+00 0.000000000000000000e+00 1.000000000000000000e+00
0.000000000000000000e+00 3.400000000000000000e+01 0.000000000000000000e+00 2.849999999999999645e+00 -7.463703518668447952e-03 1.574566913984261352e-02 0.000000000000000000e+00 0.000000000000000000e+00 1.820000000000000000e+02 0.000000000000000000e+00 0.000000000000000000e+00 1.000000000000000000e+00
0.000000000000000000e+00 3.400000000000000000e+01 0.000000000000000000e+00 2.859999999999999876e+00 -7.128187904057010915e-03 1.574580285273316504e-02 0.000000000000000000e+00 0.000000000000000000e+00 1.820000000000000000e+02 0.000000000000000000e+00 0.000000000000000000e+00 1.000000000000000000e+00
0.000000000000000000e+00 3.400000000000000000e+01 0.000000000000000000e+00 2.869999999999999662e+00 -6.836169551905361269e-03 1.574372442987684306e-02 0.000000000000000000e+00 0.000000000000000000e+00 1.820000000000000000e+02 0.000000000000000000e+00 0.000000000000000000e+00 1.000000000000000000e+00
0.000000000000000000e+00 3.400000000000000000e+01 0.000000000000000000e+00 2.879999999999999893e+00 -6.584732996899702803e-03 1.574029976316225488e-02 0.000000000000000000e+00 0.000000000000000000e+00 1.820000000000000000e+02 0.000000000000000000e+00 0.000000000000000000e+00 1.000000000000000000e+00
0.000000000000000000e+00 3.400000000000000000e+01 0.000000000000000000e+00 2.889999999999999680e+00 -6.370127538598330599e-03 1.573618105853448468e-02 0.000000000000000000e+00 0.000000000000000000e+00 1.820000000000000000e+02 0.000000000000000000e+00 0.000000000000000000e+00 1.000000000000000000e+00
0.000000000000000000e+00 3.400000000000000000e+01 0.000000000000000000e+00 2.899999999999999911e+00 -6.188279199412520006e-03 1.573182986515184179e-02 0.000000000000000000e+00 0.000000000000000000e+00 1.820000000000000000e+02 0.000000000000000000e+00 0.000000000000000000e+00 1.000000000000000000e+00
0.000000000000000000e+00 3.400000000000000000e+01 0.000000000000000000e+00 2.909999999999999698e+00 -6.035116183047908520e-03 1.572755260466468519e-02 0.000000000000000000e+00 0.000000000000000000e+00 1.820000000000000000e+02 0.000000000000000000e+00 0.000000000000000000e+00 1.000000000000000000e+00
0.000000000000000000e+00 3.400000000000000000e+01 0.000000000000000000e+00 2.919999999999999929e+00 -5.906765478537113166e-03 1.572353728087250158e-02 0.000000000000000000e+00 0.000000000000000000e+00 1.820000000000000000e+02 0.000000000000000000e+00 0.000000000000000000e+00 1.000000000000000000e+00
0.000000000000000000e+00 3.400000000000000000e+01 0.000000000000000000e+00 2.929999999999999716e+00 -5.799661782224427818e-03 1.571988602664996237e-02 0.000000000000000000e+00 0.000000000000000000e+00 1.820000000000000000e+02 0.000000000000000000e+00 0.000000000000000000e+00 1.000000000000000000e+00
0.000000000000000000e+00 3.400000000000000000e+01 0.000000000000000000e+00 2.939999999999999947e+00 -5.710597922987163677e-03 1.571664158585502069e-02 0.000000000000000000e+00 0.000000000000000000e+00 1.820000000000000000e+02 0.000000000000000000e+00 0.000000000000000000e+00 1.000000000000000000e+00
0.000000000000000000e+00 3.400000000000000000e+01 0.000000000000000000e+00 2.949999999999999734e+00 -5.636737288620554710e-03 1.571380763623191068e-02 0.000000000000000000e+00 0.000000000000000000e+00 1.820000000000000000e+02 0.000000000000000000e+00 0.000000000000000000e+00 1.000000000000000000e+00
0.000000000000000000e+00 3.400000000000000000e+01 0.000000000000000000e+00 2.959999999999999964e+00 -5.575602484262877877e-03 1.571136368677451822e-02 0.000000000000000000e+00 0.000000000000000000e+00 1.820000000000000000e+02 0.000000000000000000e+00 0.000000000000000000e+00 1.000000000000000000e+00
0.000000000000000000e+00 3.400000000000000000e+01 0.000000000000000000e+00 2.969999999999999751e+00 -5.525049956028640560e-03 1.570927556102900968e-02 0.000000000000000000e+00 0.000000000000000000e+00 1.820000000000000000e+02 0.000000000000000000e+00 0.000000000000000000e+00 1.000000000000000000e+00
0.000000000000000000e+00 3.400000000000000000e+01 0.000000000000000000e+00 2.979999999999999982e+00 -5.483237103659340840e-03 1.570750247402681599e-02 0.000000000000000000e+00 0.000000000000000000e+00 1.820000000000000000e+02 0.000000000000000000e+00 0.000000000000000000e+00 1.000000000000000000e+00
0.000000000000000000e+00 3.400000000000000000e+01 0.000000000000000000e+00 2.989999999999999769e+00 -5.448586130249686958e-03 1.570600158141852165e-02 0.000000000000000000e+00 0.000000000000000000e+00 1.820000000000000000e+02 0.000000000000000000e+00 0.000000000000000000e+00 1.000000000000000000e+00
0.000000000000000000e+00 3.400000000000000000e+01 0.000000000000000000e+00 3.000000000000000000e+00 -5.419747273790977669e-03 1.570473071056598113e-02 0.000000000000000000e+00 0.000000000000000000e+00 1.820000000000000000e+02 0.000000000000000000e+00 0.000000000000000000e+00 1.000000000000000000e+00
0.000000000000000000e+00 3.400000000000000000e+01 0.000000000000000000e+00 3.009999999999999787e+00 -5.395562942394386066e-03 1.570364981773254842e-02 0.000000000000000000e+00 0.000000000000000000e+00 1.820000000000000000e+02 0.000000000000000000e+00 0.000000000000000000e+00 1.000000000000000000e+00
0.000000000000000000e+00 3.400000000000000000e+01 0.000000000000000000e+00 3.020000000000000018e+00 -5.375033491577860430e-03 1.570272157151679504e-02 0.000000000000000000e+00 0.000000000000000000e+00 1.820000000000000000e+02 0.000000000000000000e+00 0.000000000000000000e+00 1.000000000000000000e+00
0.000000000000000000e+00 3.400000000000000000e+01 0.000000000000000000e+00 3.029999999999999805e+00 -5.357284834251153753e-03 1.570191134555448675e-02 0.000000000000000000e+00 0.000000000000000000e+00 1.820000000000000000e+02 0.000000000000000000e+00 0.000000000000000000e+00 1.000000000000000000e+00
0.000000000000000000e+00 3.400000000000000000e+01 0.000000000000000000e+00 3.040000000000000036e+00 -5.341537685552958520e-03 1.570118681207277600e-02 0.000000000000000000e+00 0.000000000000000000e+00 1.820000000000000000e+02 0.000000000000000000e+00 0.000000000000000000e+00 1.000000000000000000e+00
0.000000000000000000e+00 3.400000000000000000e+01 0.000000000000000000e+00 3.049999999999999822e+00 -5.327077958620134168e-03 1.570051725816755395e-02 0.000000000000000000e+00 0.000000000000000000e+00 1.820000000000000000e+02 0.000000000000000000e+00 0.000000000000000000e+00 1.000000000000000000e+00
0.000000000000000000e+00 3.400000000000000000e+01 0.000000000000000000e+00 3.060000000000000053e+00 -5.313227600703952953e-03 1.569987269400979768e-02 0.000000000000000000e+00 0.000000000000000000e+00 1.820000000000000000e+02 0.000000000000000000e+00 0.000000000000000000e+00 1.000000000000000000e+00
0.000000000000000000e+00 3.400000000000000000e+01 0.000000000000000000e+00 3.069999999999999840e+00 -5.299314958293386765e-03 1.569922278205029831e-02 0.000000000000000000e+00 0.000000000000000000e+00 1.820000000000000000e+02 0.000000000000000000e+00 0.000000000000000000e+00 1.000000000000000000e+00
0.000000000000000000e+00 3.400000000000000000e+01 0.000000000000000000e+00 3.080000000000000071e+00 -5.284643557673580384e-03 1.569853558471770438e-02 0.000000000000000000e+00 0.000000000000000000e+00 1.820000000000000000e+02 0.000000000000000000e+00 0.000000000000000000e+00 1.000000000000000000e+00
0.000000000000000000e+00 3.400000000000000000e+01 0.000000000000000000e+00 3.089999999999999858e+00 -5.268457959655653382e-03 1.569777610172272408e-02 0.000000000000000000e+00 0.000000000000000000e+00 1.820000000000000000e+02 0.000000000000000000e+00 0.000000000000000000e+00 1.000000000000000000e+00
0.000000000000000000e+00 3.400000000000000000e+01 0.000000000000000000e+00 3.099999999999999645e+00 -5.249905071215497931e-03 1.569690454404784608e-02 0.000000000000000000e+00 0.000000000000000000e+00 1.820000000000000000e+02 0.000000000000000000e+00 0.000000000000000000e+00 1.000000000000000000e+00
0.000000000000000000e+00 3.400000000000000000e+01 0.000000000000000000e+00 3.109999999999999876e+00 -5.227988948742974193e-03 1.569587426752808157e-02 0.000000000000000000e+00 0.000000000000000000e+00 1.820000000000000000e+02 0.000000000000000000e+00 0.000000000000000000e+00 1.000000000000000000e+00
0.000000000000000000e+00 3.400000000000000000e+01 0.000000000000000000e+00 3.119999999999999662e+00 -5.201516680968568639e-03 1.569462926232458033e-02 0.000000000000000000e+00 0.000000000000000000e+00 1.820000000000000000e+02 0.000000000000000000e+00 0.000000000000000000e+00 1.000000000000000000e+00
0.000000000000000000e+00 3.400000000000000000e+01 0.000000000000000000e+00 3.129999999999999893e+00 -5.169032362991194014e-03 1.569310106328065946e-02 0.000000000000000000e+00 0.000000000000000000e+00 1.820000000000000000e+02 0.000000000000000000e+00 0.000000000000000000e+00 1.000000000000000000e+00
0.000000000000000000e+00 3.400000000000000000e+01 0.000000000000000000e+00 3.139999999999999680e+00 -5.128735427663742678e-03 1.569120490765069098e-02 0.000000000000000000e+00 0.000000000000000000e+00 1.820000000000000000e+02 0.000000000000000000e+00 0.000000000000000000e+00 1.000000000000000000e+00
0.000000000000000000e+00 3.400000000000000000e+01 0.000000000000000000e+00 3.149999999999999911e+00 -5.078378638636295468e-03 1.568883491814475339e-02 0.000000000000000000e+00 0.000000000000000000e+00 1.820000000000000000e+02 0.000000000000000000e+00 0.000000000000000000e+00 1.000000000000000000e+00
0.000000000000000000e+00 3.400000000000000000e+01 0.000000000000000000e+00 3.159999999999999698e+00 -5.015139809363440039e-03 1.568585802710582844e-02 0.000000000000000000e+00 0.000000000000000000e+00 1.820000000000000000e+02 0.000000000000000000e+00 0.000000000000000000e+00 1.000000000000000000e+00
0.000000000000000000e+00 3.400000000000000000e+01 0.000000000000000000e+00 3.169999999999999929e+00 -4.935459716090382851e-03 1.568210627745807162e-02 0.000000000000000000e+00 0.000000000000000000e+00 1.820000000000000000e+02 0.000000000000000000e+00 0.000000000000000000e+00 1.000000000000000000e+00
0.000000000000000000e+00 3.400000000000000000e+01 0.000000000000000000e+00 3.179999999999999716e+00 -4.834836619854552577e-03 1.567736703196832837e-02 0.000000000000000000e+00 0.000000000000000000e+00 1.820000000000000000e+02 0.000000000000000000e+00 0.000000000000000000e+00 1.000000000000000000e+00
0.000000000000000000e+00 3.400000000000000000e+01 0.000000000000000000e+00 3.189999999999999947e+00 -4.707565173827322688e-03 1.567137048656445930e-02 0.000000000000000000e+00 0.000000000000000000e+00 1.820000000000000000e+02 0.000000000000000000e+00 0.000000000000000000e+00 1.000000000000000000e+00
0.000000000000000000e+00 3.400000000000000000e+01 0.000000000000000000e+00 3.199999999999999734e+00 -4.546404101770115322e-03 1.566377370544699832e-02 0.000000000000000000e+00 0.000000000000000000e+00 1.820000000000000000e+02 0.000000000000000000e+00 0.000000000000000000e+00 1.000000000000000000e+00
0.000000000000000000e+00 3.400000000000000000e+01 0.000000000000000000e+00 3.209999999999999964e+00 -4.342152677009159835e-03 1.565414016117802620e-02 0.000000000000000000e+00 0.000000000000000000e+00 1.820000000000000000e+02 0.000000000000000000e+00 0.000000000000000000e+00 1.000000000000000000e+00
0.000000000000000000e+00 3.400000000000000000e+01 0.000000000000000000e+00 3.219999999999999751e+00 -4.083110433309109985e-03 1.564191345203835848e-02 0.000000000000000000e+00 0.000000000000000000e+00 1.820000000000000000e+02 0.000000000000000000e+00 0.000000000000000000e+00 1.000000000000000000e+00
0.000000000000000000e+00 3.400000000000000000e+01 0.000000000000000000e+00 3.229999999999999982e+00 -3.754387343590098736e-03 1.562638345413884522e-02 0.000000000000000000e+00 0.000000000000000000e+00 1.820000000000000000e+02 0.000000000000000000e+00 0.000000000000000000e+00 1.000000000000000000e+00
0.000000000000000000e+00 3.400000000000000000e+01 0.000000000000000000e+00 3.239999999999999769e+00 -3.337022450515906950e-03 1.560664260823828309e-02 0.000000000000000000e+00 0.000000000000000000e+00 1.820000000000000000e+02 0.000000000000000000e+00 0.000000000000000000e+00 1.000000000000000000e+00
0.000000000000000000e+00 3.400000000000000000e+01 0.000000000000000000e+00 3.250000000000000000e+00 -2.806857031910282418e-03 1.558152928599068621e-02 0.000000000000000000e+00 0.000000000000000000e+00 1.820000000000000000e+02 0.000000000000000000e+00 0.000000000000000000e+00 1.000000000000000000e+00
0.000000000000000000e+00 3.400000000000000000e+01 0.000000000000000000e+00 3.259999999999999787e+00 -2.133093068202564224e-03 1.554955414917327805e-02 0.000000000000000000e+00 0.000000000000000000e+00 1.820000000000000000e+02 0.000000000000000000e+00 0.000000000000000000e+00 1.000000000000000000e+00
0.000000000000000000e+00 3.400000000000000000e+01 0.000000000000000000e+00 3.270000000000000018e+00 -1.276448059373759721e-03 1.550880399699661183e-02 0.000000000000000000e+00 0.000000000000000000e+00 1.820000000000000000e+02 0.000000000000000000e+00 0.000000000000000000e+00 1.000000000000000000e+00
0.000000000000000000e+00 3.400000000000000000e+01 0.000000000000000000e+00 3.279999999999999805e+00 -1.867918360955343401e-04 1.545681563351000709e-02 0.000000000000000000e+00 0.000000000000000000e+00 1.820000000000000000e+02 0.000000000000000000e+00 0.000000000000000000e+00 1.000000000000000000e+00
0.000000000000000000e+00 3.400000000000000000e+01 0.000000000000000000e+00 3.290000000000000036e+00 1.199881730626805448e-03 1.539040956090931278e-02 0.000000000000000000e+00 0.000000000000000000e+00 1.820000000000000000e+02 0.000000000000000000e+00 0.000000000000000000e+00 1.000000000000000000e+00
0.000000000000000000e+00 3.400000000000000000e+01 0.000000000000000000e+00 3.299999999999999822e+00 2.965337436280440775e-03 1.530546952280566197e-02 0.000000000000000000e+00 0.000000000000000000e+00 1.820000000000000000e+02 0.000000000000000000e+00 0.000000000000000000e+00 1.000000000000000000e+00
0.000000000000000000e+00 3.400000000000000000e+01 0.000000000000000000e+00 3.310000000000000053e+00 5.214079651881021321e-03 1.519664872099003167e-02 0.000000000000000000e+00 0.000000000000000000e+00 1.820000000000000000e+02 0.000000000000000000e+00 0.000000000000000000e+00 1.000000000000000000e+00
0.000000000000000000e+00 3.400000000000000000e+01 0.000000000000000000e+00 3.319999999999999840e+00 8.079745534898903972e-03 1.505697653088761828e-02 0.000000000000000000e+00 0.000000000000000000e+00 1.820000000000000000e+02 0.000000000000000000e+00 0.000000000000000000e+00 1.000000000000000000e+00
0.000000000000000000e+00 3.400000000000000000e+01 0.000000000000000000e+00 3.330000000000000071e+00 1.173331545385597474e-02 1.487733054446831876e-02 0.000000000000000000e+00 0.000000000000000000e+00 1.820000000000000000e+02 0.000000000000000000e+00 0.000000000000000000e+00 1.000000000000000000e+00
0.000000000000000000e+00 3.400000000000000000e+01 0.000000000000000000e+00 3.339999999999999858e+00 1.639366288451712603e-02 1.464572829367635776e-02 0.000000000000000000e+00 0.000000000000000000e+00 1.820000000000000000e+02 0.000000000000000000e+00 0.000000000000000000e+00 1.000000000000000000e+00
0.000000000000000000e+00 3.400000000000000000e+01 0.000000000000000000e+00 3.349999999999999645e+00 2.234111774579964488e-02 1.434638364927123128e-02 0.000000000000000000e+00 0.000000000000000000e+00 1.820000000000000000e+02 0.000000000000000000e+00 0.000000000000000000e+00 1.000000000000000000e+00
0.000000000000000000e+00 3.400000000000000000e+01 0.000000000000000000e+00 3.359999999999999876e+00 2.993491337978953365e-02 1.395847257207154940e-02 0.000000000000000000e+00 0.000000000000000000e+00 1.820000000000000000e+02 0.000000000000000000e+00 0.000000000000000000e+00 1.000000000000000000e+00
0.000000000000000000e+00 3.400000000000000000e+01 0.000000000000000000e+00 3.369999999999999662e+00 3.963564133697030506e-02 1.345458240370453473e-02 0.000000000000000000e+00 0.000000000000000000e+00 1.820000000000000000e+02 0.000000000000000000e+00 0.000000000000000000e+00 1.000000000000000000e+00
0.000000000000000000e+00 3.400000000000000000e+01 0.000000000000000000e+00 3.379999999999999893e+00 5.203416694399512488e-02 1.279892906365315969e-02 0.000000000000000000e+00 0.000000000000000000e+00 1.820000000000000000e+02 0.000000000000000000e+00 0.000000000000000000e+00 1.000000000000000000e+00
0.000000000000000000e+00 3.400000000000000000e+01 0.000000000000000000e+00 3.389999999999999680e+00 6.788888457958161537e-02 1.194573694343126907e-02 0.000000000000000000e+00 0.000000000000000000e+00 1.820000000000000000e+02 0.000000000000000000e+00 0.000000000000000000e+00 1.000000000000000000e+00
0.000000000000000000e+00 3.400000000000000000e+01 0.000000000000000000e+00 3.399999999999999911e+00 8.817374361995120036e-02 1.083896091052836269e-02 0.000000000000000000e+00 0.000000000000000000e+00 1.820000000000000000e+02 0.000000000000000000e+00 0.000000000000000000e+00 1.000000000000000000e+00
0.000000000000000000e+00 3.400000000000000000e+01 0.000000000000000000e+00 3.409999999999999698e+00 1.141401917978972225e-01 9.416399697908181543e-03 0.000000000000000000e+00 0.000000000000000000e+00 1.820000000000000000e+02 0.000000000000000000e+00 0.000000000000000000e+00 1.000000000000000000e+00
0.000000000000000000e+00 3.400000000000000000e+01 0.000000000000000000e+00 3.419999999999999929e+00 1.473971112475870593e-01 7.625498316570555879e-03 0.000000000000000000e+00 0.000000000000000000e+00 1.820000000000000000e+02 0.000000000000000000e+00 0.000000000000000000e+00 1.000000000000000000e+00
0.000000000000000000e+00 3.400000000000000000e+01 0.000000000000000000e+00 3.429999999999999716e+00 1.900140275574175031e-01 5.467071700410417595e-03 0.000000000000000000e+00 0.000000000000000000e+00 1.820000000000000000e+02 0.000000000000000000e+00 0.000000000000000000e+00 1.000000000000000000e+00
0.000000000000000000e+00 3.400000000000000000e+01 0.000000000000000000e+00 3.439999999999999947e+00 2.446544367693919975e-01 3.097757089805266983e-03 0.000000000000000000e+00 0.000000000000000000e+00 1.820000000000000000e+02 0.000000000000000000e+00 0.000000000000000000e+00 1.000000000000000000e+00
0.000000000000000000e+00 3.400000000000000000e+01 0.000000000000000000e+00 3.449999999999999734e+00 3.147481276165251529e-01 1.013871913933830915e-03 0.000000000000000000e+00 0.000000000000000000e+00 1.820000000000000000e+02 0.000000000000000000e+00 0.000000000000000000e+00 1.000000000000000000e+00
0.000000000000000000e+00 3.400000000000000000e+01 0.000000000000000000e+00 3.459999999999999964e+00 4.047140173313039102e-01 4.876930462115929097e-05 0.000000000000000000e+00 0.000000000000000000e+00 1.820000000000000000e+02 0.000000000000000000e+00 0.000000000000000000e+00 1.000000000000000000e+00
0.000000000000000000e+00 3.400000000000000000e+01 0.000000000000000000e+00 3.469999999999999751e+00 5.202484528185554735e-01 2.952753341050051320e-32 0.000000000000000000e+00 1.000000000000000000e+00 1.820000000000000000e+02 0.000000000000000000e+00 0.000000000000000000e+00 1.000000000000000000e+00
0.000000000000000000e+00 3.400000000000000000e+01 0.000000000000000000e+00 3.479999999999999982e+00 4.218662765574670570e-01 3.919167639230853456e-05 0.000000000000000000e+00 0.000000000000000000e+00 1.820000000000000000e+02 0.000000000000000000e+00 0.000000000000000000e+00 1.000000000000000000e+00
0.000000000000000000e+00 3.400000000000000000e+01 0.000000000000000000e+00 3.489999999999999769e+00 3.501111795123821868e-01 7.273622284986657957e-04 0.000000000000000000e+00 0.000000000000000000e+00 1.820000000000000000e+02 0.000000000000000000e+00 0.000000000000000000e+00 1.000000000000000000e+00
0.000000000000000000e+00 3.400000000000000000e+01 0.000000000000000000e+00 3.500000000000000000e+00 3.004129840888139502e-01 1.883961152260582583e-03 0.000000000000000000e+00 0.000000000000000000e+00 1.820000000000000000e+02 0.000000000000000000e+00 0.000000000000000000e+00 1.000000000000000000e+00
0.000000000000000000e+00 3.400000000000000000e+01 0.000000000000000000e+00 3.509999999999999787e+00 2.696186832794729149e-01 2.554737150307566373e-03 0.000000000000000000e+00 0.000000000000000000e+00 1.820000000000000000e+02 0.000000000000000000e+00 0.000000000000000000e+00 1.000000000000000000e+00
0.000000000000000000e+00 3.400000000000000000e+01 0.000000000000000000e+00 3.520000000000000018e+00 2.557854873145832819e-01 2.250943203672721091e-03 0.000000000000000000e+00 0.000000000000000000e+00 1.820000000000000000e+02 0.000000000000000000e+00 0.000000000000000000e+00 1.000000000000000000e+00
0.000000000000000000e+00 3.400000000000000000e+01 0.000000000000000000e+00 3.529999999999999805e+00 2.580539821486843577e-01 1.102281137808991743e-03 0.000000000000000000e+00 0.000000000000000000e+00 1.820000000000000000e+02 0.000000000000000000e+00 0.000000000000000000e+00 1.000000000000000000e+00
0.000000000000000000e+00 3.400000000000000000e+01 0.000000000000000000e+00 3.540000000000000036e+00 2.765928515550600819e-01 9.526533673445236432e-05 0.000000000000000000e+00 0.000000000000000000e+00 1.820000000000000000e+02 0.000000000000000000e+00 0.000000000000000000e+00 1.000000000000000000e+00
0.000000000000000000e+00 3.400000000000000000e+01 0.000000000000000000e+00 3.549999999999999822e+00 3.126114877094025024e-01 1.004056062135019839e-45 0.000000000000000000e+00 1.000000000000000000e+00 1.820000000000000000e+02 0.000000000000000000e+00 0.000000000000000000e+00 1.000000000000000000e+00
0.000000000000000000e+00 3.400000000000000000e+01 0.000000000000000000e+00 3.560000000000000053e+00 2.428756439747199736e-01 1.308348877163021881e-04 0.000000000000000000e+00 0.000000000000000000e+00 1.820000000000000000e+02 0.000000000000000000e+00 0.000000000000000000e+00 1.000000000000000000e+00
0.000000000000000000e+00 3.400000000000000000e+01 0.000000000000000000e+00 3.569999999999999840e+00 1.885387453199968144e-01 1.766685294979643620e-03 0.000000000000000000e+00 0.000000000000000000e+00 1.820000000000000000e+02 0.000000000000000000e+00 0.000000000000000000e+00 1.000000000000000000e+00
0.000000000000000000e+00 3.400000000000000000e+01 0.000000000000000000e+00 3.580000000000000071e+00 1.461776220830537099e-01 4.486273907920720200e-03 0.000000000000000000e+00 0.000000000000000000e+00 1.820000000000000000e+02 0.000000000000000000e+00 0.000000000000000000e+00 1.000000000000000000e+00
0.000000000000000000e+00 3.400000000000000000e+01 0.000000000000000000e+00 3.589999999999999858e+00 1.131351160334320149e-01 7.127633918553942516e-03 0.000000000000000000e+00 0.000000000000000000e+00 1.820000000000000000e+02 0.000000000000000000e+00 0.000000000000000000e+00 1.000000000000000000e+00
0.000000000000000000e+00 3.400000000000000000e+01 0.000000000000000000e+00 3.599999999999999645e+00 8.734755956709214231e-02 9.285252203888282041e-03 0.000000000000000000e+00 0.000000000000000000e+00 1.820000000000000000e+02 0.000000000000000000e+00 0.000000000000000000e+00 1.000000000000000000e+00
0.000000000000000000e+00 3.400000000000000000e+01 0.000000000000000000e+00 3.609999999999999876e+00 6.721135195439548182e-02 1.093145909672131599e-02 0.000000000000000000e+00 0.000000000000000000e+00 1.820000000000000000e+02 0.000000000000000000e+00 0.000000000000000000e+00 1.000000000000000000e+00
0.000000000000000000e+00 3.400000000000000000e+01 0.000000000000000000e+00 3.619999999999999662e+00 5.147971989445833396e-02 1.215254892277856102e-02 0.000000000000000000e+00 0.000000000000000000e+00 1.820000000000000000e+02 0.000000000000000000e+00 0.000000000000000000e+00 1.000000000000000000e+00
0.000000000000000000e+00 3.400000000000000000e+01 0.000000000000000000e+00 3.629999999999999893e+00 3.918279273398496410e-02 1.304939992824567102e-02 0.000000000000000000e+00 0.000000000000000000e+00 1.820000000000000000e+02 0.000000000000000000e+00 0.000000000000000000e+00 1.000000000000000000e+00
0.000000000000000000e+00 3.400000000000000000e+01 0.000000000000000000e+00 3.639999999999999680e+00 2.956569504019454508e-02 1.370768768823858730e-02 0.000000000000000000e+00 0.000000000000000000e+00 1.820000000000000000e+02 0.000000000000000000e+00 0.000000000000000000e+00 1.000000000000000000e+00
0.000000000000000000e+00 3.400000000000000000e+01 0.000000000000000000e+00 3.649999999999999911e+00 2.204056976799764062e-02 1.419287601133497473e-02 0.000000000000000000e+00 0.000000000000000000e+00 1.820000000000000000e+02 0.000000000000000000e+00 0.000000000000000000e+00 1.000000000000000000e+00
0.000000000000000000e+00 3.400000000000000000e+01 0.000000000000000000e+00 3.659999999999999698e+00 1.614937768045124344e-02 1.455280415685803602e-02 0.000000000000000000e+00 0.000000000000000000e+00 1.820000000000000000e+02 0.000000000000000000e+00 0.000000000000000000e+00 1.000000000000000000e+00
0.000000000000000000e+00 3.400000000000000000e+01 0.000000000000000000e+00 3.669999999999999929e+00 1.153503719074725278e-02 1.482178516241511312e-02 0.000000000000000000e+00 0.000000000000000000e+00 1.820000000000000000e+02 0.000000000000000000e+00 0.000000000000000000e+00 1.000000000000000000e+00
0.000000000000000000e+00 3.400000000000000000e+01 0.000000000000000000e+00 3.679999999999999716e+00 7.919022718475421038e-03 1.502429623834872913e-02 0.000000000000000000e+00 0.000000000000000000e+00 1.820000000000000000e+02 0.000000000000000000e+00 0.000000000000000000e+00 1.000000000000000000e+00
0.000000000000000000e+00 3.400000000000000000e+01 0.000000000000000000e+00 3.689999999999999947e+00 5.083966890382639672e-03 1.517783168583989456e-02 0.000000000000000000e+00 0.000000000000000000e+00 1.820000000000000000e+02 0.000000000000000000e+00 0.000000000000000000e+00 1.000000000000000000e+00
0.000000000000000000e+00 3.400000000000000000e+01 0.000000000000000000e+00 3.699999999999999734e+00 2.860141595566339373e-03 1.529497180120013150e-02 0.000000000000000000e+00 0.000000000000000000e+00 1.820000000000000000e+02 0.000000000000000000e+00 0.000000000000000000e+00 1.000000000000000000e+00
0.000000000000000000e+00 3.400000000000000000e+01 0.000000000000000000e+00 3.709999999999999964e+00 1.114947425451350178e-03 1.538483941540690070e-02 0.000000000000000000e+00 0.000000000000000000e+00 1.820000000000000000e+02 0.000000000000000000e+00 0.000000000000000000e+00 1.000000000000000000e+00
0.000000000000000000e+00 3.400000000000000000e+01 0.000000000000000000e+00 3.719999999999999751e+00 -2.552623800293266076e-04 1.545411249861089464e-02 0.000000000000000000e+00 0.000000000000000000e+00 1.820000000000000000e+02 0.000000000000000000e+00 0.000000000000000000e+00 1.000000000000000000e+00
0.000000000000000000e+00 3.400000000000000000e+01 0.000000000000000000e+00 3.729999999999999982e+00 -1.331545437251849262e-03 1.550772616114132196e-02 0.000000000000000000e+00 0.000000000000000000e+00 1.820000000000000000e+02 0.000000000000000000e+00 0.000000000000000000e+00 1.000000000000000000e+00
0.000000000000000000e+00 3.400000000000000000e+01 0.000000000000000000e+00 3.739999999999999769e+00 -2.177325671667355769e-03 1.554936091173773904e-02 0.000000000000000000e+00 0.000000000000000000e+00 1.820000000000000000e+02 0.000000000000000000e+00 0.000000000000000000e+00 1.000000000000000000e+00
0.000000000000000000e+00 3.400000000000000000e+01 0.000000000000000000e+00 3.750000000000000000e+00 -2.842254353359853318e-03 1.558178467748222440e-02 0.000000000000000000e+00 0.000000000000000000e+00 1.820000000000000000e+02 0.000000000000000000e+00 0.000000000000000000e+00 1.000000000000000000e+00
0.000000000000000000e+00 3.400000000000000000e+01 0.000000000000000000e+00 3.759999999999999787e+00 -3.365220027251811415e-03 1.560709466911162913e-02 0.000000000000000000e+00 0.000000000000000000e+00 1.820000000000000000e+02 0.000000000000000000e+00 0.000000000000000000e+00 1.000000000000000000e+00
0.000000000000000000e+00 3.400000000000000000e+01 0.000000000000000000e+00 3.770000000000000018e+00 -3.776696194878314400e-03 1.562689027198406466e-02 0.000000000000000000e+00 0.000000000000000000e+00 1.820000000000000000e+02 0.000000000000000000e+00 0.000000000000000000e+00 1.000000000000000000e+00
0.000000000000000000e+00 3.400000000000000000e+01 0.000000000000000000e+00 3.779999999999999805e+00 -4.100573415050663695e-03 1.564239802689276759e-02 0.000000000000000000e+00 0.000000000000000000e+00 1.820000000000000000e+02 0.000000000000000000e+00 0.000000000000000000e+00 1.000000000000000000e+00
0.000000000000000000e+00 3.400000000000000000e+01 0.000000000000000000e+00 3.790000000000000036e+00 -4.355589786430193525e-03 1.565456298079022368e-02 0.000000000000000000e+00 0.000000000000000000e+00 1.820000000000000000e+02 0.000000000000000000e+00 0.000000000000000000e+00 1.000000000000000000e+00
0.000000000000000000e+00 3.400000000000000000e+01 0.000000000000000000e+00 3.799999999999999822e+00 -4.556448409784436687e-03 1.566411615685370240e-02 0.000000000000000000e+00 0.000000000000000000e+00 1.820000000000000000e+02 0.000000000000000000e+00 0.000000000000000000e+00 1.000000000000000000e+00
0.000000000000000000e+00 3.400000000000000000e+01 0.000000000000000000e+00 3.810000000000000053e+00 -4.714690743729843016e-03 1.567162486392471854e-02 0.000000000000000000e+00 0.000000000000000000e+00 1.820000000000000000e+02 0.000000000000000000e+00 0.000000000000000000e+00 1.000000000000000000e+00
0.000000000000000000e+00 3.400000000000000000e+01 0.000000000000000000e+00 3.819999999999999840e+00 -4.839379483959499635e-03 1.567753052925542623e-02 0.000000000000000000e+00 0.000000000000000000e+00 1.820000000000000000e+02 0.000000000000000000e+00 0.000000000000000000e+00 1.000000000000000000e+00
0.000000000000000000e+00 3.400000000000000000e+01 0.000000000000000000e+00 3.830000000000000071e+00 -4.937632721748026754e-03 1.568217735888391418e-02 0.000000000000000000e+00 0.000000000000000000e+00 1.820000000000000000e+02 0.000000000000000000e+00 0.000000000000000000e+00 1.000000000000000000e+00
0.000000000000000000e+00 3.400000000000000000e+01 0.000000000000000000e+00 3.839999999999999858e+00 -5.015041906595842265e-03 1.568583418552670083e-02 0.000000000000000000e+00 0.000000000000000000e+00 1.820000000000000000e+02 0.000000000000000000e+00 0.000000000000000000e+00 1.000000000000000000e+00
0.000000000000000000e+00 3.400000000000000000e+01 0.000000000000000000e+00 3.849999999999999645e+00 -5.075998957031357776e-03 1.568871120972172017e-02 0.000000000000000000e+00 0.000000000000000000e+00 1.820000000000000000e+02 0.000000000000000000e+00 0.000000000000000000e+00 1.000000000000000000e+00
0.000000000000000000e+00 3.400000000000000000e+01 0.000000000000000000e+00 3.859999999999999876e+00 -5.123952273371598989e-03 1.569097288108876886e-02 0.000000000000000000e+00 0.000000000000000000e+00 1.820000000000000000e+02 0.000000000000000000e+00 0.000000000000000000e+00 1.000000000000000000e+00
0.000000000000000000e+00 3.400000000000000000e+01 0.000000000000000000e+00 3.869999999999999662e+00 -5.161607050518388431e-03 1.569274784048502180e-02 0.000000000000000000e+00 0.000000000000000000e+00 1.820000000000000000e+02 0.000000000000000000e+00 0.000000000000000000e+00 1.000000000000000000e+00
0.000000000000000000e+00 3.400000000000000000e+01 0.000000000000000000e+00 3.879999999999999893e+00 -5.191081891371235671e-03 1.569413660906963937e-02 0.000000000000000000e+00 0.000000000000000000e+00 1.820000000000000000e+02 0.000000000000000000e+00 0.000000000000000000e+00 1.000000000000000000e+00
0.000000000000000000e+00 3.400000000000000000e+01 0.000000000000000000e+00 3.889999999999999680e+00 -5.214031067636747813e-03 1.569521753912016260e-02 0.000000000000000000e+00 0.000000000000000000e+00 1.820000000000000000e+02 0.000000000000000000e+00 0.000000000000000000e+00 1.000000000000000000e+00
0.000000000000000000e+00 3.400000000000000000e+01 0.000000000000000000e+00 3.899999999999999911e+00 -5.231739697891290772e-03 1.569605141509554380e-02 0.000000000000000000e+00 0.000000000000000000e+00 1.820000000000000000e+02 0.000000000000000000e+00 0.000000000000000000e+00 1.000000000000000000e+00
0.000000000000000000e+00 3.400000000000000000e+01 0.000000000000000000e+00 3.909999999999999698e+00 -5.245197482756167560e-03 1.569668499905024772e-02 0.000000000000000000e+00 0.000000000000000000e+00 1.820000000000000000e+02 0.000000000000000000e+00 0.000000000000000000e+00 1.000000000000000000e+00
0.000000000000000000e+00 3.400000000000000000e+01 0.000000000000000000e+00 3.919999999999999929e+00 -5.255155352465998297e-03 1.569715374311481115e-02 0.000000000000000000e+00 0.000000000000000000e+00 1.820000000000000000e+02 0.000000000000000000e+00 0.000000000000000000e+00 1.000000000000000000e+00
0.000000000000000000e+00 3.400000000000000000e+01 0.000000000000000000e+00 3.929999999999999716e+00 -5.262168363347466057e-03 1.569748383705595052e-02 0.000000000000000000e+00 0.000000000000000000e+00 1.820000000000000000e+02 0.000000000000000000e+00 0.000000000000000000e+00 1.000000000000000000e+00
0.000000000000000000e+00 3.400000000000000000e+01 0.000000000000000000e+00 3.939999999999999947e+00 -5.266627363967560371e-03 1.569769371635842958e-02 0.000000000000000000e+00 0.000000000000000000e+00 1.820000000000000000e+02 0.000000000000000000e+00 0.000000000000000000e+00 1.000000000000000000e+00
0.000000000000000000e+00 3.400000000000000000e+01 0.000000000000000000e+00 3.949999999999999734e+00 -5.268781288934776437e-03 1.569779512249430686e-02 0.000000000000000000e+00 0.000000000000000000e+00 1.820000000000000000e+02 0.000000000000000000e+00 0.000000000000000000e+00 1.000000000000000000e+00
0.000000000000000000e+00 3.400000000000000000e+01 0.000000000000000000e+00 3.959999999999999964e+00 -5.268751388129474210e-03 1.569779377956098676e-02 0.000000000000000000e+00 0.000000000000000000e+00 1.820000000000000000e+02 0.000000000000000000e+00 0.000000000000000000e+00 1.000000000000000000e+00
0.000000000000000000e+00 3.400000000000000000e+01 0.000000000000000000e+00 3.969999999999999751e+00 -5.266538228146258258e-03 1.569768972832205622e-02 0.000000000000000000e+00 0.000000000000000000e+00 1.820000000000000000e+02 0.000000000000000000e+00 0.000000000000000000e+00 1.000000000000000000e+00
0.000000000000000000e+00 3.400000000000000000e+01 0.000000000000000000e+00 3.979999999999999982e+00 -5.262021882562856537e-03 1.569747733832228820e-02 0.000000000000000000e+00 0.000000000000000000e+00 1.820000000000000000e+02 0.000000000000000000e+00 0.000000000000000000e+00 1.000000000000000000e+00
0.000000000000000000e+00 3.400000000000000000e+01 0.000000000000000000e+00 3.989999999999999769e+00 -5.254955333113199741e-03 1.569714499983039524e-02 0.000000000000000000e+00 0.000000000000000000e+00 1.820000000000000000e+02 0.000000000000000000e+00 0.000000000000000000e+00 1.000000000000000000e+00
0.000000000000000000e+00 3.400000000000000000e+01 0.000000000000000000e+00 4.000000000000000000e+00 -5.244950711376546171e-03 1.569667447871492261e-02 0.000000000000000000e+00 0.000000000000000000e+00 1.820000000000000000e+02 0.000000000000000000e+00 0.000000000000000000e+00 1.000000000000000000e+00
0.000000000000000000e+00 3.400000000000000000e+01 0.000000000000000000e+00 4.009999999999999787e+00 -5.231457596816311770e-03 1.569603989782110409e-02 0.000000000000000000e+00 0.000000000000000000e+00 1.820000000000000000e+02 0.000000000000000000e+00 0.000000000000000000e+00 1.000000000000000000e+00
0.000000000000000000e+00 3.400000000000000000e+01 0.000000000000000000e+00 4.019999999999999574e+00 -5.213732127265646374e-03 1.569520628682483099e-02 0.000000000000000000e+00 0.000000000000000000e+00 1.820000000000000000e+02 0.000000000000000000e+00 0.000000000000000000e+00 1.000000000000000000e+00
0.000000000000000000e+00 3.400000000000000000e+01 0.000000000000000000e+00 4.030000000000000249e+00 -5.190795144834608500e-03 1.569412761760616282e-02 0.000000000000000000e+00 0.000000000000000000e+00 1.820000000000000000e+02 0.000000000000000000e+00 0.000000000000000000e+00 1.000000000000000000e+00
0.000000000000000000e+00 3.400000000000000000e+01 0.000000000000000000e+00 4.040000000000000036e+00 -5.161376961805664264e-03 1.569274421243795070e-02 0.000000000000000000e+00 0.000000000000000000e+00 1.820000000000000000e+02 0.000000000000000000e+00 0.000000000000000000e+00 1.000000000000000000e+00
0.000000000000000000e+00 3.400000000000000000e+01 0.000000000000000000e+00 4.049999999999999822e+00 -5.123845549042629205e-03 1.569097937599599202e-02 0.000000000000000000e+00 0.000000000000000000e+00 1.820000000000000000e+02 0.000000000000000000e+00 0.000000000000000000e+00 1.000000000000000000e+00
0.000000000000000000e+00 3.400000000000000000e+01 0.000000000000000000e+00 4.059999999999999609e+00 -5.076113976584697811e-03 1.568873505725085216e-02 0.000000000000000000e+00 0.000000000000000000e+00 1.820000000000000000e+02 0.000000000000000000e+00 0.000000000000000000e+00 1.000000000000000000e+00
0.000000000000000000e+00 3.400000000000000000e+01 0.000000000000000000e+00 4.070000000000000284e+00 -5.015521713477789217e-03 1.568588629111816735e-02 0.000000000000000000e+00 0.000000000000000000e+00 1.820000000000000000e+02 0.000000000000000000e+00 0.000000000000000000e+00 1.000000000000000000e+00
0.000000000000000000e+00 3.400000000000000000e+01 0.000000000000000000e+00 4.080000000000000071e+00 -4.938682847082633866e-03 1.568227409913161563e-02 0.000000000000000000e+00 0.000000000000000000e+00 1.820000000000000000e+02 0.000000000000000000e+00 0.000000000000000000e+00 1.000000000000000000e+00
0.000000000000000000e+00 3.400000000000000000e+01 0.000000000000000000e+00 4.089999999999999858e+00 -4.841292316501698625e-03 1.567769643940855606e-02 0.000000000000000000e+00 0.000000000000000000e+00 1.820000000000000000e+02 0.000000000000000000e+00 0.000000000000000000e+00 1.000000000000000000e+00
0.000000000000000000e+00 3.400000000000000000e+01 0.000000000000000000e+00 4.099999999999999645e+00 -4.717878749642114879e-03 1.567189668393448310e-02 0.000000000000000000e+00 0.000000000000000000e+00 1.820000000000000000e+02 0.000000000000000000e+00 0.000000000000000000e+00 1.000000000000000000e+00
0.000000000000000000e+00 3.400000000000000000e+01 0.000000000000000000e+00 4.109999999999999432e+00 -4.561489294205000808e-03 1.566454895973834471e-02 0.000000000000000000e+00 0.000000000000000000e+00 1.820000000000000000e+02 0.000000000000000000e+00 0.000000000000000000e+00 1.000000000000000000e+00
0.000000000000000000e+00 3.400000000000000000e+01 0.000000000000000000e+00 4.120000000000000107e+00 -4.363287741282620771e-03 1.565523951267142055e-02 0.000000000000000000e+00 0.000000000000000000e+00 1.820000000000000000e+02 0.000000000000000000e+00 0.000000000000000000e+00 1.000000000000000000e+00
0.000000000000000000e+00 3.400000000000000000e+01 0.000000000000000000e+00 4.129999999999999893e+00 -4.112042001544171689e-03 1.564344302970077649e-02 0.000000000000000000e+00 0.000000000000000000e+00 1.820000000000000000e+02 0.000000000000000000e+00 0.000000000000000000e+00 1.000000000000000000e+00
0.000000000000000000e+00 3.400000000000000000e+01 0.000000000000000000e+00 4.139999999999999680e+00 -3.793470280644437552e-03 1.562849257809315051e-02 0.000000000000000000e+00 0.000000000000000000e+00 1.820000000000000000e+02 0.000000000000000000e+00 0.000000000000000000e+00 1.000000000000000000e+00
0.000000000000000000e+00 3.400000000000000000e+01 0.000000000000000000e+00 4.149999999999999467e+00 -3.389406690897185138e-03 1.560954147687354521e-02 0.000000000000000000e+00 0.000000000000000000e+00 1.820000000000000000e+02 0.000000000000000000e+00 0.000000000000000000e+00 1.000000000000000000e+00
0.000000000000000000e+00 3.400000000000000000e+01 0.000000000000000000e+00 4.160000000000000142e+00 -2.876735987367115641e-03 1.558551499679129704e-02 0.000000000000000000e+00 0.000000000000000000e+00 1.820000000000000000e+02 0.000000000000000000e+00 0.000000000000000000e+00 1.000000000000000000e+00
0.000000000000000000e+00 3.400000000000000000e+01 0.000000000000000000e+00 4.169999999999999929e+00 -2.226032928403353945e-03 1.555504928096745898e-02 0.000000000000000000e+00 0.000000000000000000e+00 1.820000000000000000e+02 0.000000000000000000e+00 0.000000000000000000e+00 1.000000000000000000e+00
0.000000000000000000e+00 3.400000000000000000e+01 0.000000000000000000e+00 4.179999999999999716e+00 -1.399823530541240840e-03 1.551641428640110343e-02 0.000000000000000000e+00 0.000000000000000000e+00 1.820000000000000000e+02 0.000000000000000000e+00 0.000000000000000000e+00 1.000000000000000000e+00
0.000000000000000000e+00 3.400000000000000000e+01 0.000000000000000000e+00 4.189999999999999503e+00 -3.503620507270231721e-04 1.546741687618716221e-02 0.000000000000000000e+00 0.000000000000000000e+00 1.820000000000000000e+02 0.000000000000000000e+00 0.000000000000000000e+00 1.000000000000000000e+00
0.000000000000000000e+00 3.400000000000000000e+01 0.000000000000000000e+00 4.200000000000000178e+00 9.832126191055773692e-04 1.540527947820870269e-02 0.000000000000000000e+00 0.000000000000000000e+00 1.820000000000000000e+02 0.000000000000000000e+00 0.000000000000000000e+00 1.000000000000000000e+00
0.000000000000000000e+00 3.400000000000000000e+01 0.000000000000000000e+00 4.209999999999999964e+00 2.678516261990988509e-03 1.532648904919646504e-02 0.000000000000000000e+00 0.000000000000000000e+00 1.820000000000000000e+02 0.000000000000000000e+00 0.000000000000000000e+00 1.000000000000000000e+00
0.000000000000000000e+00 3.400000000000000000e+01 0.000000000000000000e+00 4.219999999999999751e+00 4.834579434615019627e-03 1.522661060781978909e-02 0.000000000000000000e+00 0.000000000000000000e+00 1.820000000000000000e+02 0.000000000000000000e+00 0.000000000000000000e+00 1.000000000000000000e+00
0.000000000000000000e+00 3.400000000000000000e+01 0.000000000000000000e+00 4.229999999999999538e+00 7.577817819348292919e-03 1.510005963768646514e-02 0.000000000000000000e+00 0.000000000000000000e+00 1.820000000000000000e+02 0.000000000000000000e+00 0.000000000000000000e+00 1.000000000000000000e+00
0.000000000000000000e+00 3.400000000000000000e+01 0.000000000000000000e+00 4.240000000000000213e+00 1.106968528981260025e-02 1.493982877434062856e-02 0.000000000000000000e+00 0.000000000000000000e+00 1.820000000000000000e+02 0.000000000000000000e+00 0.000000000000000000e+00 1.000000000000000000e+00
0.000000000000000000e+00 3.400000000000000000e+01 0.000000000000000000e+00 4.250000000000000000e+00 1.551648920028349601e-02 1.473716737412142375e-02 0.000000000000000000e+00 0.000000000000000000e+00 1.820000000000000000e+02 0.000000000000000000e+00 0.000000000000000000e+00 1.000000000000000000e+00
0.000000000000000000e+00 3.400000000000000000e+01 0.000000000000000000e+00 4.259999999999999787e+00 2.118198555858449850e-02 1.448121953878245965e-02 0.000000000000000000e+00 0.000000000000000000e+00 1.820000000000000000e+02 0.000000000000000000e+00 0.000000000000000000e+00 1.000000000000000000e+00
0.000000000000000000e+00 3.400000000000000000e+01 0.000000000000000000e+00 4.269999999999999574e+00 2.840355011874261953e-02 1.415863987305458760e-02 0.000000000000000000e+00 0.000000000000000000e+00 1.820000000000000000e+02 0.000000000000000000e+00 0.000000000000000000e+00 1.000000000000000000e+00
0.000000000000000000e+00 3.400000000000000000e+01 0.000000000000000000e+00 4.280000000000000249e+00 3.761295186665771645e-02 1.375323161392000282e-02 0.000000000000000000e+00 0.000000000000000000e+00 1.820000000000000000e+02 0.000000000000000000e+00 0.000000000000000000e+00 1.000000000000000000e+00
0.000000000000000000e+00 3.400000000000000000e+01 0.000000000000000000e+00 4.290000000000000036e+00 4.936305321634180954e-02 1.324569693592730218e-02 0.000000000000000000e+00 0.000000000000000000e+00 1.820000000000000000e+02 0.000000000000000000e+00 0.000000000000000000e+00 1.000000000000000000e+00
0.000000000000000000e+00 3.400000000000000000e+01 0.000000000000000000e+00 4.299999999999999822e+00 6.436214639922710479e-02 1.261366734152832153e-02 0.000000000000000000e+00 0.000000000000000000e+00 1.820000000000000000e+02 0.000000000000000000e+00 0.000000000000000000e+00 1.000000000000000000e+00
0.000000000000000000e+00 3.400000000000000000e+01 0.000000000000000000e+00 4.309999999999999609e+00 8.351813386455406163e-02 1.183231342907671568e-02 0.000000000000000000e+00 0.000000000000000000e+00 1.820000000000000000e+02 0.000000000000000000e+00 0.000000000000000000e+00 1.000000000000000000e+00
0.000000000000000000e+00 3.400000000000000000e+01 0.000000000000000000e+00 4.320000000000000284e+00 1.079954055860412598e-01 1.087604710045540768e-02 0.000000000000000000e+00 0.000000000000000000e+00 1.820000000000000000e+02 0.000000000000000000e+00 0.000000000000000000e+00 1.000000000000000000e+00
0.000000000000000000e+00 3.400000000000000000e+01 0.000000000000000000e+00 4.330000000000000071e+00 1.392881016061773836e-01 9.722159815184837350e-03 0.000000000000000000e+00 0.000000000000000000e+00 1.820000000000000000e+02 0.000000000000000000e+00 0.000000000000000000e+00 1.000000000000000000e+00
0.000000000000000000e+00 3.400000000000000000e+01 0.000000000000000000e+00 4.339999999999999858e+00 1.793145306381387638e-01 8.357704309680184795e-03 0.000000000000000000e+00 0.000000000000000000e+00 1.820000000000000000e+02 0.000000000000000000e+00 0.000000000000000000e+00 1.000000000000000000e+00
0.000000000000000000e+00 3.400000000000000000e+01 0.000000000000000000e+00 4.349999999999999645e+00 2.305389188069394690e-01 6.791434728930074993e-03 0.000000000000000000e+00 0.000000000000000000e+00 1.820000000000000000e+02 0.000000000000000000e+00 0.000000000000000000e+00 1.000000000000000000e+00
0.000000000000000000e+00 3.400000000000000000e+01 0.000000000000000000e+00 4.360000000000000320e+00 2.961284825454010838e-01 5.072689648022730979e-03 0.000000000000000000e+00 0.000000000000000000e+00 1.820000000000000000e+02 0.000000000000000000e+00 0.000000000000000000e+00 1.000000000000000000e+00
0.000000000000000000e+00 3.400000000000000000e+01 0.000000000000000000e+00 4.370000000000000107e+00 3.801561810669035757e-01 3.317012294742974210e-03 0.000000000000000000e+00 0.000000000000000000e+00 1.820000000000000000e+02 0.000000000000000000e+00 0.000000000000000000e+00 1.000000000000000000e+00
0.000000000000000000e+00 3.400000000000000000e+01 0.000000000000000000e+00 4.379999999999999893e+00 4.878625691879234783e-01 1.728883158756350583e-03 0.000000000000000000e+00 0.000000000000000000e+00 1.820000000000000000e+02 0.000000000000000000e+00 0.000000000000000000e+00 1.000000000000000000e+00
0.000000000000000000e+00 3.400000000000000000e+01 0.000000000000000000e+00 4.389999999999999680e+00 6.259941521642846674e-01 5.829836129693996560e-04 0.000000000000000000e+00 0.000000000000000000e+00 1.820000000000000000e+02 0.000000000000000000e+00 0.000000000000000000e+00 1.000000000000000000e+00
0.000000000000000000e+00 3.400000000000000000e+01 0.000000000000000000e+00 4.399999999999999467e+00 8.032408163061646178e-01 7.055497137041315779e-05 0.000000000000000000e+00 0.000000000000000000e+00 1.820000000000000000e+02 0.000000000000000000e+00 0.000000000000000000e+00 1.000000000000000000e+00
0.000000000000000000e+00 3.400000000000000000e+01 0.000000000000000000e+00 4.410000000000000142e+00 1.030801631723777811e+00 2.115606281274120970e-07 0.000000000000000000e+00 0.000000000000000000e+00 1.820000000000000000e+02 0.000000000000000000e+00 0.000000000000000000e+00 1.000000000000000000e+00
0.000000000000000000e+00 3.400000000000000000e+01 0.000000000000000000e+00 4.419999999999999929e+00 1.323117065025850358e+00 1.279160871190707771e-74 0.000000000000000000e+00 1.000000000000000000e+00 1.820000000000000000e+02 0.000000000000000000e+00 0.000000000000000000e+00 1.000000000000000000e+00
0.000000000000000000e+00 3.400000000000000000e+01 0.000000000000000000e+00 4.429999999999999716e+00 1.030804170224981497e+00 2.115554503067044713e-07 0.000000000000000000e+00 0.000000000000000000e+00 1.820000000000000000e+02 0.000000000000000000e+00 0.000000000000000000e+00 1.000000000000000000e+00
0.000000000000000000e+00 3.400000000000000000e+01 0.000000000000000000e+00 4.439999999999999503e+00 8.032460196671042940e-01 7.055279351335450987e-05 0.000000000000000000e+00 0.000000000000000000e+00 1.820000000000000000e+02 0.000000000000000000e+00 0.000000000000000000e+00 1.000000000000000000e+00
0.000000000000000000e+00 3.400000000000000000e+01 0.000000000000000000e+00 4.450000000000000178e+00 6.260022792401643832e-01 5.829614337555851650e-04 0.000000000000000000e+00 0.000000000000000000e+00 1.820000000000000000e+02 0.000000000000000000e+00 0.000000000000000000e+00 1.000000000000000000e+00
0.000000000000000000e+00 3.400000000000000000e+01 0.000000000000000000e+00 4.459999999999999964e+00 4.878740238930653339e-01 1.728802464184065954e-03 0.000000000000000000e+00 0.000000000000000000e+00 1.820000000000000000e+02 0.000000000000000000e+00 0.000000000000000000e+00 1.000000000000000000e+00
0.000000000000000000e+00 3.400000000000000000e+01 0.000000000000000000e+00 4.469999999999999751e+00 3.801715319462071196e-01 3.316822409452441223e-03 0.000000000000000000e+00 0.000000000000000000e+00 1.820000000000000000e+02 0.000000000000000000e+00 0.000000000000000000e+00 1.000000000000000000e+00
0.000000000000000000e+00 3.400000000000000000e+01 0.000000000000000000e+00 4.479999999999999538e+00 2.961484902632391947e-01 5.072333049824032103e-03 0.000000000000000000e+00 0.000000000000000000e+00 1.820000000000000000e+02 0.000000000000000000e+00 0.000000000000000000e+00 1.000000000000000000e+00
0.000000000000000000e+00 3.400000000000000000e+01 0.000000000000000000e+00 4.490000000000000213e+00 2.305645728245597492e-01 6.790847425602271337e-03 0.000000000000000000e+00 0.000000000000000000e+00 1.820000000000000000e+02 0.000000000000000000e+00 0.000000000000000000e+00 1.000000000000000000e+00
0.000000000000000000e+00 3.400000000000000000e+01 0.000000000000000000e+00 4.500000000000000000e+00 1.793470967673232996e-01 8.356813555996857323e-03 0.000000000000000000e+00 0.000000000000000000e+00 1.820000000000000000e+02 0.000000000000000000e+00 0.000000000000000000e+00 1.000000000000000000e+00
0.000000000000000000e+00 3.400000000000000000e+01 0.000000000000000000e+00 4.509999999999999787e+00 1.393291826146615120e-01 9.720880527546389704e-03 0.000000000000000000e+00 0.000000000000000000e+00 1.820000000000000000e+02 0.000000000000000000e+00 0.000000000000000000e+00 1.000000000000000000e+00
0.000000000000000000e+00 3.400000000000000000e+01 0.000000000000000000e+00 4.519999999999999574e+00 1.080470176084479539e-01 1.087427744657336326e-02 0.000000000000000000e+00 0.000000000000000000e+00 1.820000000000000000e+02 0.000000000000000000e+00 0.000000000000000000e+00 1.000000000000000000e+00
0.000000000000000000e+00 3.400000000000000000e+01 0.000000000000000000e+00 4.530000000000000249e+00 8.358280206379886668e-02 1.182992963089423560e-02 0.000000000000000000e+00 0.000000000000000000e+00 1.820000000000000000e+02 0.000000000000000000e+00 0.000000000000000000e+00 1.000000000000000000e+00
0.000000000000000000e+00 3.400000000000000000e+01 0.000000000000000000e+00 4.540000000000000036e+00 6.444302415349659197e-02 1.261051752942080745e-02 0.000000000000000000e+00 0.000000000000000000e+00 1.820000000000000000e+02 0.000000000000000000e+00 0.000000000000000000e+00 1.000000000000000000e+00
0.000000000000000000e+00 3.400000000000000000e+01 0.000000000000000000e+00 4.549999999999999822e+00 4.946407010603263987e-02 1.324159379070655174e-02 0.000000000000000000e+00 0.000000000000000000e+00 1.820000000000000000e+02 0.000000000000000000e+00 0.000000000000000000e+00 1.000000000000000000e+00
0.000000000000000000e+00 3.400000000000000000e+01 0.000000000000000000e+00 4.559999999999999609e+00 3.773899693902102448e-02 1.374794346387620686e-02 0.000000000000000000e+00 0.000000000000000000e+00 1.820000000000000000e+02 0.000000000000000000e+00 0.000000000000000000e+00 1.000000000000000000e+00
0.000000000000000000e+00 3.400000000000000000e+01 0.000000000000000000e+00 4.570000000000000284e+00 2.856069835563473935e-02 1.415187984736298449e-02 0.000000000000000000e+00 0.000000000000000000e+00 1.820000000000000000e+02 0.000000000000000000e+00 0.000000000000000000e+00 1.000000000000000000e+00
0.000000000000000000e+00 3.400000000000000000e+01 0.000000000000000000e+00 4.580000000000000071e+00 2.137777721058344710e-02 1.447263230344368601e-02 0.000000000000000000e+00 0.000000000000000000e+00 1.820000000000000000e+02 0.000000000000000000e+00 0.000000000000000000e+00 1.000000000000000000e+00
0.000000000000000000e+00 3.400000000000000000e+01 0.000000000000000000e+00 4.589999999999999858e+00 1.576027373022819214e-02 1.472631288613857753e-02 0.000000000000000000e+00 0.000000000000000000e+00 1.820000000000000000e+02 0.000000000000000000e+00 0.000000000000000000e+00 1.000000000000000000e+00
0.000000000000000000e+00 3.400000000000000000e+01 0.000000000000000000e+00 4.599999999999999645e+00 1.137304414789719331e-02 1.492616238051900496e-02 0.000000000000000000e+00 0.000000000000000000e+00 1.820000000000000000e+02 0.000000000000000000e+00 0.000000000000000000e+00 1.000000000000000000e+00
0.000000000000000000e+00 3.400000000000000000e+01 0.000000000000000000e+00 4.610000000000000320e+00 7.955083212316299904e-03 1.508290771365158184e-02 0.000000000000000000e+00 0.000000000000000000e+00 1.820000000000000000e+02 0.000000000000000000e+00 0.000000000000000000e+00 1.000000000000000000e+00
0.000000000000000000e+00 3.400000000000000000e+01 0.000000000000000000e+00 4.620000000000000107e+00 5.303469718289753956e-03 1.520514077836380290e-02 0.000000000000000000e+00 0.000000000000000000e+00 1.820000000000000000e+02 0.000000000000000000e+00 0.000000000000000000e+00 1.000000000000000000e+00
0.000000000000000000e+00 3.400000000000000000e+01 0.000000000000000000e+00 4.629999999999999893e+00 3.260912643878382394e-03 1.529967385108318978e-02 0.000000000000000000e+00 0.000000000000000000e+00 1.820000000000000000e+02 0.000000000000000000e+00 0.000000000000000000e+00 1.000000000000000000e+00
0.000000000000000000e+00 3.400000000000000000e+01 0.000000000000000000e+00 4.639999999999999680e+00 1.706106564809023105e-03 1.537185212001103418e-02 0.000000000000000000e+00 0.000000000000000000e+00 1.820000000000000000e+02 0.000000000000000000e+00 0.000000000000000000e+00 1.000000000000000000e+00
0.000000000000000000e+00 3.400000000000000000e+01 0.000000000000000000e+00 4.649999999999999467e+00 5.462840873322674651e-04 1.542581751683987090e-02 0.000000000000000000e+00 0.000000000000000000e+00 1.820000000000000000e+02 0.000000000000000000e+00 0.000000000000000000e+00 1.000000000000000000e+00
0.000000000000000000e+00 3.400000000000000000e+01 0.000000000000000000e+00 4.660000000000000142e+00 -2.885080988824237705e-04 1.546472499740543516e-02 0.000000000000000000e+00 0.000000000000000000e+00 1.820000000000000000e+02 0.000000000000000000e+00 0.000000000000000000e+00 1.000000000000000000e+00
0.000000000000000000e+00 3.400000000000000000e+01 0.000000000000000000e+00 4.669999999999999929e+00 -8.497752142514851392e-04 1.549091558259377277e-02 0.000000000000000000e+00 0.000000000000000000e+00 1.820000000000000000e+02 0.000000000000000000e+00 0.000000000000000000e+00 1.000000000000000000e+00
0.000000000000000000e+00 3.400000000000000000e+01 0.000000000000000000e+00 4.679999999999999716e+00 -1.173864521507521352e-03 1.550605157764653463e-02 0.000000000000000000e+00 0.000000000000000000e+00 1.820000000000000000e+02 0.000000000000000000e+00 0.000000000000000000e+00 1.000000000000000000e+00
0.000000000000000000e+00 3.400000000000000000e+01 0.000000000000000000e+00 4.689999999999999503e+00 -1.284396947422239768e-03 1.551121943831787475e-02 0.000000000000000000e+00 0.000000000000000000e+00 1.820000000000000000e+02 0.000000000000000000e+00 0.000000000000000000e+00 1.000000000000000000e+00
0.000000000000000000e+00 3.400000000000000000e+01 0.000000000000000000e+00 4.700000000000000178e+00 -1.194007604726782940e-03 1.550700532136178866e-02 0.000000000000000000e+00 0.000000000000000000e+00 1.820000000000000000e+02 0.000000000000000000e+00 0.000000000000000000e+00 1.000000000000000000e+00
0.000000000000000000e+00 3.400000000000000000e+01 0.000000000000000000e+00 4.709999999999999964e+00 -9.055244897221694997e-04 1.549354777190575794e-02 0.000000000000000000e+00 0.000000000000000000e+00 1.820000000000000000e+02 0.000000000000000000e+00 0.000000000000000000e+00 1.000000000000000000e+00
0.000000000000000000e+00 3.400000000000000000e+01 0.000000000000000000e+00 4.719999999999999751e+00 -4.126861524554031185e-04 1.547057144884082802e-02 0.000000000000000000e+00 0.000000000000000000e+00 1.820000000000000000e+02 0.000000000000000000e+00 0.000000000000000000e+00 1.000000000000000000e+00
0.000000000000000000e+00 3.400000000000000000e+01 0.000000000000000000e+00 4.729999999999999538e+00 2.995211097069289466e-04 1.543740538384744121e-02 0.000000000000000000e+00 0.000000000000000000e+00 1.820000000000000000e+02 0.000000000000000000e+00 0.000000000000000000e+00 1.000000000000000000e+00
0.000000000000000000e+00 3.400000000000000000e+01 0.000000000000000000e+00 4.740000000000000213e+00 1.254838767218240635e-03 1.539298908663308540e-02 0.000000000000000000e+00 0.000000000000000000e+00 1.820000000000000000e+02 0.000000000000000000e+00 0.000000000000000000e+00 1.000000000000000000e+00
0.000000000000000000e+00 3.400000000000000000e+01 0.000000000000000000e+00 4.750000000000000000e+00 2.485961967585644493e-03 1.533586991274323019e-02 0.000000000000000000e+00 0.000000000000000000e+00 1.820000000000000000e+02 0.000000000000000000e+00 0.000000000000000000e+00 1.000000000000000000e+00
0.000000000000000000e+00 3.400000000000000000e+01 0.000000000000000000e+00 4.759999999999999787e+00 4.034951111718417666e-03 1.526419556718492526e-02 0.000000000000000000e+00 0.000000000000000000e+00 1.820000000000000000e+02 0.000000000000000000e+00 0.000000000000000000e+00 1.000000000000000000e+00
0.000000000000000000e+00 3.400000000000000000e+01 0.000000000000000000e+00 4.769999999999999574e+00 5.953752797097252442e-03 1.517570650262383553e-02 0.000000000000000000e+00 0.000000000000000000e+00 1.820000000000000000e+02 0.000000000000000000e+00 0.000000000000000000e+00 1.000000000000000000e+00
0.000000000000000000e+00 3.400000000000000000e+01 0.000000000000000000e+00 4.780000000000000249e+00 8.304730882513494325e-03 1.506773437149499378e-02 0.000000000000000000e+00 0.000000000000000000e+00 1.820000000000000000e+02 0.000000000000000000e+00 0.000000000000000000e+00 1.000000000000000000e+00
0.000000000000000000e+00 3.400000000000000000e+01 0.000000000000000000e+00 4.790000000000000036e+00 1.116107074963324994e-02 1.493721469907834803e-02 0.000000000000000000e+00 0.000000000000000000e+00 1.820000000000000000e+02 0.000000000000000000e+00 0.000000000000000000e+00 1.000000000000000000e+00
0.000000000000000000e+00 3.400000000000000000e+01 0.000000000000000000e+00 4.799999999999999822e+00 1.460686256827031793e-02 1.478072464283765319e-02 0.000000000000000000e+00 0.000000000000000000e+00 1.820000000000000000e+02 0.000000000000000000e+00 0.000000000000000000e+00 1.000000000000000000e+00
0.000000000000000000e+00 3.400000000000000000e+01 0.000000000000000000e+00 4.809999999999999609e+00 1.873658569750316291e-02 1.459456013991873580e-02 0.000000000000000000e+00 0.000000000000000000e+00 1.820000000000000000e+02 0.000000000000000000e+00 0.000000000000000000e+00 1.000000000000000000e+00
0.000000000000000000e+00 3.400000000000000000e+01 0.000000000000000000e+00 4.820000000000000284e+00 2.365359684764674342e-02 1.437487088880586711e-02 0.000000000000000000e+00 0.000000000000000000e+00 1.820000000000000000e+02 0.000000000000000000e+00 0.000000000000000000e+00 1.000000000000000000e+00
0.000000000000000000e+00 3.400000000000000000e+01 0.000000000000000000e+00 4.830000000000000071e+00 2.946705637955852192e-02 1.411787629368867203e-02 0.000000000000000000e+00 0.000000000000000000e+00 1.820000000000000000e+02 0.000000000000000000e+00 0.000000000000000000e+00 1.000000000000000000e+00
0.000000000000000000e+00 3.400000000000000000e+01 0.000000000000000000e+00 4.839999999999999858e+00 3.628649255744035435e-02 1.382019034739263158e-02 0.000000000000000000e+00 0.000000000000000000e+00 1.820000000000000000e+02 0.000000000000000000e+00 0.000000000000000000e+00 1.000000000000000000e+00
0.000000000000000000e+00 3.400000000000000000e+01 0.000000000000000000e+00 4.849999999999999645e+00 4.421287888569458424e-02 1.347928782416241839e-02 0.000000000000000000e+00 0.000000000000000000e+00 1.820000000000000000e+02 0.000000000000000000e+00 0.000000000000000000e+00 1.000000000000000000e+00
0.000000000000000000e+00 3.400000000000000000e+01 0.000000000000000000e+00 4.860000000000000320e+00 5.332465267482357218e-02 1.309414731819386057e-02 0.000000000000000000e+00 0.000000000000000000e+00 1.820000000000000000e+02 0.000000000000000000e+00 0.000000000000000000e+00 1.000000000000000000e+00
0.000000000000000000e+00 3.400000000000000000e+01 0.000000000000000000e+00 4.870000000000000107e+00 6.365649032885184466e-02 1.266610805999628109e-02 0.000000000000000000e+00 0.000000000000000000e+00 1.820000000000000000e+02 0.000000000000000000e+00 0.000000000000000000e+00 1.000000000000000000e+00
0.000000000000000000e+00 3.400000000000000000e+01 0.000000000000000000e+00 4.879999999999999893e+00 7.516781818895840184e-02 1.219997792501000683e-02 0.000000000000000000e+00 0.000000000000000000e+00 1.820000000000000000e+02 0.000000000000000000e+00 0.000000000000000000e+00 1.000000000000000000e+00
0.000000000000000000e+00 3.400000000000000000e+01 0.000000000000000000e+00 4.889999999999999680e+00 8.769689875630276577e-02 1.170543459766507088e-02 0.000000000000000000e+00 0.000000000000000000e+00 1.820000000000000000e+02 0.000000000000000000e+00 0.000000000000000000e+00 1.000000000000000000e+00
0.000000000000000000e+00 3.400000000000000000e+01 0.000000000000000000e+00 4.899999999999999467e+00 1.008947856798326770e-01 1.119878549684488050e-02 0.000000000000000000e+00 0.000000000000000000e+00 1.820000000000000000e+02 0.000000000000000000e+00 0.000000000000000000e+00 1.000000000000000000e+00
0.000000000000000000e+00 3.400000000000000000e+01 0.000000000000000000e+00 4.910000000000000142e+00 1.141313463024396790e-01 1.070523210474532555e-02 0.000000000000000000e+00 0.000000000000000000e+00 1.820000000000000000e+02 0.000000000000000000e+00 0.000000000000000000e+00 1.000000000000000000e+00
0.000000000000000000e+00 3.400000000000000000e+01 0.000000000000000000e+00 4.919999999999999929e+00 1.263627195380278845e-01 1.026200527144528057e-02 0.000000000000000000e+00 0.000000000000000000e+00 1.820000000000000000e+02 0.000000000000000000e+00 0.000000000000000000e+00 1.000000000000000000e+00
0.000000000000000000e+00 3.400000000000000000e+01 0.000000000000000000e+00 4.929999999999999716e+00 1.359457577871920897e-01 9.923283817732414525e-03 0.000000000000000000e+00 0.000000000000000000e+00 1.820000000000000000e+02 0.000000000000000000e+00 0.000000000000000000e+00 1.000000000000000000e+00
0.000000000000000000e+00 3.400000000000000000e+01 0.000000000000000000e+00 4.939999999999999503e+00 1.403798585424982093e-01 9.769079165480573645e-03 0.000000000000000000e+00 0.000000000000000000e+00 1.820000000000000000e+02 0.000000000000000000e+00 0.000000000000000000e+00 1.000000000000000000e+00
0.000000000000000000e+00 3.400000000000000000e+01 0.000000000000000000e+00 4.950000000000000178e+00 1.359496761360720896e-01 9.923159760406981278e-03 0.000000000000000000e+00 0.000000000000000000e+00 1.820000000000000000e+02 0.000000000000000000e+00 0.000000000000000000e+00 1.000000000000000000e+00
0.000000000000000000e+00 3.400000000000000000e+01 0.000000000000000000e+00 4.959999999999999964e+00 1.263707714936914139e-01 1.026174285449002466e-02 0.000000000000000000e+00 0.000000000000000000e+00 1.820000000000000000e+02 0.000000000000000000e+00 0.000000000000000000e+00 1.000000000000000000e+00
0.000000000000000000e+00 3.400000000000000000e+01 0.000000000000000000e+00 4.969999999999999751e+00 1.141439744382601595e-01 1.070480526149902856e-02 0.000000000000000000e+00 0.000000000000000000e+00 1.820000000000000000e+02 0.000000000000000000e+00 0.000000000000000000e+00 1.000000000000000000e+00
0.000000000000000000e+00 3.400000000000000000e+01 0.000000000000000000e+00 4.979999999999999538e+00 1.009126846918459441e-01 1.119815650763223563e-02 0.000000000000000000e+00 0.000000000000000000e+00 1.820000000000000000e+02 0.000000000000000000e+00 0.000000000000000000e+00 1.000000000000000000e+00
0.000000000000000000e+00 3.400000000000000000e+01 0.000000000000000000e+00 4.990000000000000213e+00 8.772105444504099681e-02 1.170455271233049321e-02 0.000000000000000000e+00 0.000000000000000000e+00 1.820000000000000000e+02 0.000000000000000000e+00 0.000000000000000000e+00 1.000000000000000000e+00
0.000000000000000000e+00 3.400000000000000000e+01 0.000000000000000000e+00 5.000000000000000000e+00 7.519956285817930297e-02 1.219877684709350790e-02 0.000000000000000000e+00 0.000000000000000000e+00 1.820000000000000000e+02 0.000000000000000000e+00 0.000000000000000000e+00 1.000000000000000000e+00
0.000000000000000000e+00 3.400000000000000000e+01 0.000000000000000000e+00 5.009999999999999787e+00 6.369757779348664273e-02 1.266450235674375369e-02 0.000000000000000000e+00 0.000000000000000000e+00 1.820000000000000000e+02 0.000000000000000000e+00 0.000000000000000000e+00 1.000000000000000000e+00
0.000000000000000000e+00 3.400000000000000000e+01 0.000000000000000000e+00 5.019999999999999574e+00 5.337735721004072814e-02 1.309202765411921626e-02 0.000000000000000000e+00 0.000000000000000000e+00 1.820000000000000000e+02 0.000000000000000000e+00 0.000000000000000000e+00 1.000000000000000000e+00
0.000000000000000000e+00 3.400000000000000000e+01 0.000000000000000000e+00 5.030000000000000249e+00 4.428012384635886256e-02 1.347651479497764121e-02 0.000000000000000000e+00 0.000000000000000000e+00 1.820000000000000000e+02 0.000000000000000000e+00 0.000000000000000000e+00 1.000000000000000000e+00
0.000000000000000000e+00 3.400000000000000000e+01 0.000000000000000000e+00 5.040000000000000036e+00 3.637201613660867583e-02 1.381658658184288513e-02 0.000000000000000000e+00 0.000000000000000000e+00 1.820000000000000000e+02 0.000000000000000000e+00 0.000000000000000000e+00 1.000000000000000000e+00
0.000000000000000000e+00 3.400000000000000000e+01 0.000000000000000000e+00 5.049999999999999822e+00 2.957562416127443999e-02 1.411321637456249695e-02 0.000000000000000000e+00 0.000000000000000000e+00 1.820000000000000000e+02 0.000000000000000000e+00 0.000000000000000000e+00 1.000000000000000000e+00
0.000000000000000000e+00 3.400000000000000000e+01 0.000000000000000000e+00 5.059999999999999609e+00 2.379127357615785573e-02 1.436886850813651889e-02 0.000000000000000000e+00 0.000000000000000000e+00 1.820000000000000000e+02 0.000000000000000000e+00 0.000000000000000000e+00 1.000000000000000000e+00
0.000000000000000000e+00 3.400000000000000000e+01 0.000000000000000000e+00 5.070000000000000284e+00 1.891108220119401551e-02 1.458685173567193794e-02 0.000000000000000000e+00 0.000000000000000000e+00 1.820000000000000000e+02 0.000000000000000000e+00 0.000000000000000000e+00 1.000000000000000000e+00
0.000000000000000000e+00 3.400000000000000000e+01 0.000000000000000000e+00 5.080000000000000071e+00 1.482797825790923424e-02 1.477084855314660800e-02 0.000000000000000000e+00 0.000000000000000000e+00 1.820000000000000000e+02 0.000000000000000000e+00 0.000000000000000000e+00 1.000000000000000000e+00
0.000000000000000000e+00 3.400000000000000000e+01 0.000000000000000000e+00 5.089999999999999858e+00 1.144125783329801374e-02 1.492458460133579135e-02 0.000000000000000000e+00 0.000000000000000000e+00 1.820000000000000000e+02 0.000000000000000000e+00 0.000000000000000000e+00 1.000000000000000000e+00
0.000000000000000000e+00 3.400000000000000000e+01 0.000000000000000000e+00 5.099999999999999645e+00 8.659813758236843684e-03 1.505160543018895652e-02 0.000000000000000000e+00 0.000000000000000000e+00 1.820000000000000000e+02 0.000000000000000000e+00 0.000000000000000000e+00 1.000000000000000000e+00
0.000000000000000000e+00 3.400000000000000000e+01 0.000000000000000000e+00 5.110000000000000320e+00 6.403845454168419910e-03 1.515513221012509265e-02 0.000000000000000000e+00 0.000000000000000000e+00 1.820000000000000000e+02 0.000000000000000000e+00 0.000000000000000000e+00 1.000000000000000000e+00
0.000000000000000000e+00 3.400000000000000000e+01 0.000000000000000000e+00 5.120000000000000107e+00 4.605627378181808076e-03 1.523797269830381995e-02 0.000000000000000000e+00 0.000000000000000000e+00 1.820000000000000000e+02 0.000000000000000000e+00 0.000000000000000000e+00 1.000000000000000000e+00
0.000000000000000000e+00 3.400000000000000000e+01 0.000000000000000000e+00 5.129999999999999893e+00 3.209748838340624466e-03 1.530246829166663491e-02 0.000000000000000000e+00 0.000000000000000000e+00 1.820000000000000000e+02 0.000000000000000000e+00 0.000000000000000000e+00 1.000000000000000000e+00
0.000000000000000000e+00 3.400000000000000000e+01 0.000000000000000000e+00 5.139999999999999680e+00 2.173122804799670037e-03 1.535046193891714816e-02 0.000000000000000000e+00 0.000000000000000000e+00 1.820000000000000000e+02 0.000000000000000000e+00 0.000000000000000000e+00 1.000000000000000000e+00
0.000000000000000000e+00 3.400000000000000000e+01 0.000000000000000000e+00 5.149999999999999467e+00 1.464983279192211447e-03 1.538327485912835413e-02 0.000000000000000000e+00 0.000000000000000000e+00 1.820000000000000000e+02 0.000000000000000000e+00 0.000000000000000000e+00 1.000000000000000000e+00
0.000000000000000000e+00 3.400000000000000000e+01 0.000000000000000000e+00 5.160000000000000142e+00 1.067040741230739984e-03 1.540168237890145175e-02 0.000000000000000000e+00 0.000000000000000000e+00 1.820000000000000000e+02 0.000000000000000000e+00 0.000000000000000000e+00 1.000000000000000000e+00
0.000000000000000000e+00 3.400000000000000000e+01 0.000000000000000000e+00 5.169999999999999929e+00 9.739368183132746798e-04 1.540588078167683117e-02 0.000000000000000000e+00 0.000000000000000000e+00 1.820000000000000000e+02 0.000000000000000000e+00 0.000000000000000000e+00 1.000000000000000000e+00
0.000000000000000000e+00 3.400000000000000000e+01 0.000000000000000000e+00 5.179999999999999716e+00 1.194128372667672792e-03 1.539543792275929746e-02 0.000000000000000000e+00 0.000000000000000000e+00 1.820000000000000000e+02 0.000000000000000000e+00 0.000000000000000000e+00 1.000000000000000000e+00
0.000000000000000000e+00 3.400000000000000000e+01 0.000000000000000000e+00 5.189999999999999503e+00 1.751335092339161188e-03 1.536922056912069789e-02 0.000000000000000000e+00 0.000000000000000000e+00 1.820000000000000000e+02 0.000000000000000000e+00 0.000000000000000000e+00 1.000000000000000000e+00
0.000000000000000000e+00 3.400000000000000000e+01 0.000000000000000000e+00 5.200000000000000178e+00 2.686702211572886828e-03 1.532529103728588749e-02 0.000000000000000000e+00 0.000000000000000000e+00 1.820000000000000000e+02 0.000000000000000000e+00 0.000000000000000000e+00 1.000000000000000000e+00
0.000000000000000000e+00 3.400000000000000000e+01 0.000000000000000000e+00 5.209999999999999964e+00 4.061861192503114087e-03 1.526076478943693554e-02 0.000000000000000000e+00 0.000000000000000000e+00 1.820000000000000000e+02 0.000000000000000000e+00 0.000000000000000000e+00 1.000000000000000000e+00
0.000000000000000000e+00 3.400000000000000000e+01 0.000000000000000000e+00 5.219999999999999751e+00 5.963117241738077889e-03 1.517161929594264963e-02 0.000000000000000000e+00 0.000000000000000000e+00 1.820000000000000000e+02 0.000000000000000000e+00 0.000000000000000000e+00 1.000000000000000000e+00
0.000000000000000000e+00 3.400000000000000000e+01 0.000000000000000000e+00 5.229999999999999538e+00 8.507055755439430975e-03 1.505244285253832387e-02 0.000000000000000000e+00 0.000000000000000000e+00 1.820000000000000000e+02 0.000000000000000000e+00 0.000000000000000000e+00 1.000000000000000000e+00
0.000000000000000000e+00 3.400000000000000000e+01 0.000000000000000000e+00 5.240000000000000213e+00 1.184794382053621850e-02 1.489611052551963188e-02 0.000000000000000000e+00 0.000000000000000000e+00 1.820000000000000000e+02 0.000000000000000000e+00 0.000000000000000000e+00 1.000000000000000000e+00
0.000000000000000000e+00 3.400000000000000000e+01 0.000000000000000000e+00 5.250000000000000000e+00 1.618741289148977955e-02 1.469337381165303907e-02 0.000000000000000000e+00 0.000000000000000000e+00 1.820000000000000000e+02 0.000000000000000000e+00 0.000000000000000000e+00 1.000000000000000000e+00
0.000000000000000000e+00 3.400000000000000000e+01 0.000000000000000000e+00 5.259999999999999787e+00 2.178705168920502463e-02 1.443235271802156133e-02 0.000000000000000000e+00 0.000000000000000000e+00 1.820000000000000000e+02 0.000000000000000000e+00 0.000000000000000000e+00 1.000000000000000000e+00
0.000000000000000000e+00 3.400000000000000000e+01 0.000000000000000000e+00 5.269999999999999574e+00 2.898472350085072591e-02 1.409792754288820282e-02 0.000000000000000000e+00 0.000000000000000000e+00 1.820000000000000000e+02 0.000000000000000000e+00 0.000000000000000000e+00 1.000000000000000000e+00
0.000000000000000000e+00 3.400000000000000000e+01 0.000000000000000000e+00 5.280000000000000249e+00 3.821566157898010491e-02 1.367105045376465489e-02 0.000000000000000000e+00 0.000000000000000000e+00 1.820000000000000000e+02 0.000000000000000000e+00 0.000000000000000000e+00 1.000000000000000000e+00
0.000000000000000000e+00 3.400000000000000000e+01 0.000000000000000000e+00 5.290000000000000036e+00 5.003970616757320855e-02 1.312804991251123599e-02 0.000000000000000000e+00 0.000000000000000000e+00 1.820000000000000000e+02 0.000000000000000000e+00 0.000000000000000000e+00 1.000000000000000000e+00
0.000000000000000000e+00 3.400000000000000000e+01 0.000000000000000000e+00 5.299999999999999822e+00 6.517644757346888196e-02 1.244011608830375426e-02 0.000000000000000000e+00 0.000000000000000000e+00 1.820000000000000000e+02 0.000000000000000000e+00 0.000000000000000000e+00 1.000000000000000000e+00
0.000000000000000000e+00 3.400000000000000000e+01 0.000000000000000000e+00 5.309999999999999609e+00 8.455055866617089411e-02 1.157339579514029410e-02 0.000000000000000000e+00 0.000000000000000000e+00 1.820000000000000000e+02 0.000000000000000000e+00 0.000000000000000000e+00 1.000000000000000000e+00
0.000000000000000000e+00 3.400000000000000000e+01 0.000000000000000000e+00 5.320000000000000284e+00 1.093502723703499158e-01 1.049061206480132041e-02 0.000000000000000000e+00 0.000000000000000000e+00 1.820000000000000000e+02 0.000000000000000000e+00 0.000000000000000000e+00 1.000000000000000000e+00
0.000000000000000000e+00 3.400000000000000000e+01 0.000000000000000000e+00 5.330000000000000071e+00 1.411028308322994917e-01 9.156073862846725309e-03 0.000000000000000000e+00 0.000000000000000000e+00 1.820000000000000000e+02 0.000000000000000000e+00 0.000000000000000000e+00 1.000000000000000000e+00
0.000000000000000000e+00 3.400000000000000000e+01 0.000000000000000000e+00 5.339999999999999858e+00 1.817718624803540683e-01 7.547692876271133722e-03 0.000000000000000000e+00 0.000000000000000000e+00 1.820000000000000000e+02 0.000000000000000000e+00 0.000000000000000000e+00 1.000000000000000000e+00
0.000000000000000000e+00 3.400000000000000000e+01 0.000000000000000000e+00 5.349999999999999645e+00 2.338831085801959253e-01 5.682451717292473503e-03 0.000000000000000000e+00 0.000000000000000000e+00 1.820000000000000000e+02 0.000000000000000000e+00 0.000000000000000000e+00 1.000000000000000000e+00
0.000000000000000000e+00 3.400000000000000000e+01 0.000000000000000000e+00 5.360000000000000320e+00 3.006868229030128514e-01 3.664543244688796275e-03 0.000000000000000000e+00 0.000000000000000000e+00 1.820000000000000000e+02 0.000000000000000000e+00 0.000000000000000000e+00 1.000000000000000000e+00
0.000000000000000000e+00 3.400000000000000000e+01 0.000000000000000000e+00 5.370000000000000107e+00 3.863676380472276795e-01 1.758639037249194390e-03 0.000000000000000000e+00 0.000000000000000000e+00 1.820000000000000000e+02 0.000000000000000000e+00 0.000000000000000000e+00 1.000000000000000000e+00
0.000000000000000000e+00 3.400000000000000000e+01 0.000000000000000000e+00 5.379999999999999893e+00 4.963159008030183506e-01 4.265913671033629354e-04 0.000000000000000000e+00 0.000000000000000000e+00 1.820000000000000000e+02 0.000000000000000000e+00 0.000000000000000000e+00 1.000000000000000000e+00
0.000000000000000000e+00 3.400000000000000000e+01 0.000000000000000000e+00 5.389999999999999680e+00 6.374786496085380616e-01 9.899118057715060532e-06 0.000000000000000000e+00 0.000000000000000000e+00 1.820000000000000000e+02 0.000000000000000000e+00 0.000000000000000000e+00 1.000000000000000000e+00
0.000000000000000000e+00 3.400000000000000000e+01 0.000000000000000000e+00 5.399999999999999467e+00 8.188138301976455313e-01 2.603351322414297805e-30 0.000000000000000000e+00 1.000000000000000000e+00 1.820000000000000000e+02 0.000000000000000000e+00 0.000000000000000000e+00 1.000000000000000000e+00
0.000000000000000000e+00 3.400000000000000000e+01 0.000000000000000000e+00 5.410000000000000142e+00 6.374714051513000745e-01 9.899692761507672325e-06 0.000000000000000000e+00 0.000000000000000000e+00 1.820000000000000000e+02 0.000000000000000000e+00 0.000000000000000000e+00 1.000000000000000000e+00
0.000000000000000000e+00 3.400000000000000000e+01 0.000000000000000000e+00 5.419999999999999929e+00 4.963010584682789883e-01 4.266243906889495216e-04 0.000000000000000000e+00 0.000000000000000000e+00 1.820000000000000000e+02 0.000000000000000000e+00 0.000000000000000000e+00 1.000000000000000000e+00
0.000000000000000000e+00 3.400000000000000000e+01 0.000000000000000000e+00 5.429999999999999716e+00 3.863444743953965976e-01 1.758812154606997566e-03 0.000000000000000000e+00 0.000000000000000000e+00 1.820000000000000000e+02 0.000000000000000000e+00 0.000000000000000000e+00 1.000000000000000000e+00
0.000000000000000000e+00 3.400000000000000000e+01 0.000000000000000000e+00 5.439999999999999503e+00 3.006542105493556494e-01 3.664995271523589088e-03 0.000000000000000000e+00 0.000000000000000000e+00 1.820000000000000000e+02 0.000000000000000000e+00 0.000000000000000000e+00 1.000000000000000000e+00
0.000000000000000000e+00 3.400000000000000000e+01 0.000000000000000000e+00 5.450000000000000178e+00 2.338394634593473909e-01 5.683324553825010172e-03 0.000000000000000000e+00 0.000000000000000000e+00 1.820000000000000000e+02 0.000000000000000000e+00 0.000000000000000000e+00 1.000000000000000000e+00
0.000000000000000000e+00 3.400000000000000000e+01 0.000000000000000000e+00 5.459999999999999964e+00 1.817150700072727720e-01 7.549132327378214879e-03 0.000000000000000000e+00 0.000000000000000000e+00 1.820000000000000000e+02 0.000000000000000000e+00 0.000000000000000000e+00 1.000000000000000000e+00
0.000000000000000000e+00 3.400000000000000000e+01 0.000000000000000000e+00 5.469999999999999751e+00 1.410301477696025152e-01 9.158239109287209800e-03 0.000000000000000000e+00 0.000000000000000000e+00 1.820000000000000000e+02 0.000000000000000000e+00 0.000000000000000000e+00 1.000000000000000000e+00
0.000000000000000000e+00 3.400000000000000000e+01 0.000000000000000000e+00 5.479999999999999538e+00 1.092582001992664920e-01 1.049368672035028843e-02 0.000000000000000000e+00 0.000000000000000000e+00 1.820000000000000000e+02 0.000000000000000000e+00 0.000000000000000000e+00 1.000000000000000000e+00
0.000000000000000000e+00 3.400000000000000000e+01 0.000000000000000000e+00 5.490000000000000213e+00 8.443468309551049877e-02 1.157759928528936944e-02 0.000000000000000000e+00 0.000000000000000000e+00 1.820000000000000000e+02 0.000000000000000000e+00 0.000000000000000000e+00 1.000000000000000000e+00
0.000000000000000000e+00 3.400000000000000000e+01 0.000000000000000000e+00 5.500000000000000000e+00 6.503123747176015046e-02 1.244571569446036724e-02 0.000000000000000000e+00 0.000000000000000000e+00 1.820000000000000000e+02 0.000000000000000000e+00 0.000000000000000000e+00 1.000000000000000000e+00
0.000000000000000000e+00 3.400000000000000000e+01 0.000000000000000000e+00 5.509999999999999787e+00 4.985826362899119929e-02 1.313537418837804061e-02 0.000000000000000000e+00 0.000000000000000000e+00 1.820000000000000000e+02 0.000000000000000000e+00 0.000000000000000000e+00 1.000000000000000000e+00
0.000000000000000000e+00 3.400000000000000000e+01 0.000000000000000000e+00 5.519999999999999574e+00 3.798941299261594795e-02 1.368050477908813040e-02 0.000000000000000000e+00 0.000000000000000000e+00 1.820000000000000000e+02 0.000000000000000000e+00 0.000000000000000000e+00 1.000000000000000000e+00
0.000000000000000000e+00 3.400000000000000000e+01 0.000000000000000000e+00 5.530000000000000249e+00 2.870303934268546991e-02 1.411001259643688416e-02 0.000000000000000000e+00 0.000000000000000000e+00 1.820000000000000000e+02 0.000000000000000000e+00 0.000000000000000000e+00 1.000000000000000000e+00
0.000000000000000000e+00 3.400000000000000000e+01 0.000000000000000000e+00 5.540000000000000036e+00 2.143678025466798018e-02 1.444768669223486096e-02 0.000000000000000000e+00 0.000000000000000000e+00 1.820000000000000000e+02 0.000000000000000000e+00 0.000000000000000000e+00 1.000000000000000000e+00
0.000000000000000000e+00 3.400000000000000000e+01 0.000000000000000000e+00 5.549999999999999822e+00 1.575231029506862432e-02 1.471271926708422190e-02 0.000000000000000000e+00 0.000000000000000000e+00 1.820000000000000000e+02 0.000000000000000000e+00 0.000000000000000000e+00 1.000000000000000000e+00
0.000000000000000000e+00 3.400000000000000000e+01 0.000000000000000000e+00 5.559999999999999609e+00 1.130797927737768951e-02 1.492040689103327211e-02 0.000000000000000000e+00 0.000000000000000000e+00 1.820000000000000000e+02 0.000000000000000000e+00 0.000000000000000000e+00 1.000000000000000000e+00
0.000000000000000000e+00 3.400000000000000000e+01 0.000000000000000000e+00 5.570000000000000284e+00 7.837567414037755614e-03 1.508284571082745690e-02 0.000000000000000000e+00 0.000000000000000000e+00 1.820000000000000000e+02 0.000000000000000000e+00 0.000000000000000000e+00 1.000000000000000000e+00
0.000000000000000000e+00 3.400000000000000000e+01 0.000000000000000000e+00 5.580000000000000071e+00 5.133789669690634258e-03 1.520954774544544530e-02 0.000000000000000000e+00 0.000000000000000000e+00 1.820000000000000000e+02 0.000000000000000000e+00 0.000000000000000000e+00 1.000000000000000000e+00
0.000000000000000000e+00 3.400000000000000000e+01 0.000000000000000000e+00 5.589999999999999858e+00 3.035491085620910939e-03 1.530795833298673192e-02 0.000000000000000000e+00 0.000000000000000000e+00 1.820000000000000000e+02 0.000000000000000000e+00 0.000000000000000000e+00 1.000000000000000000e+00
0.000000000000000000e+00 3.400000000000000000e+01 0.000000000000000000e+00 5.599999999999999645e+00 1.417714124405381436e-03 1.538387760047393860e-02 0.000000000000000000e+00 0.000000000000000000e+00 1.820000000000000000e+02 0.000000000000000000e+00 0.000000000000000000e+00 1.000000000000000000e+00
0.000000000000000000e+00 3.400000000000000000e+01 0.000000000000000000e+00 5.610000000000000320e+00 1.840042004981317508e-04 1.544179737621582948e-02 0.000000000000000000e+00 0.000000000000000000e+00 1.820000000000000000e+02 0.000000000000000000e+00 0.000000000000000000e+00 1.000000000000000000e+00
0.000000000000000000e+00 3.400000000000000000e+01 0.000000000000000000e+00 5.620000000000000107e+00 -7.395371520744122712e-04 1.548516702373789466e-02 0.000000000000000000e+00 0.000000000000000000e+00 1.820000000000000000e+02 0.000000000000000000e+00 0.000000000000000000e+00 1.000000000000000000e+00
0.000000000000000000e+00 3.400000000000000000e+01 0.000000000000000000e+00 5.629999999999999893e+00 -1.408831084731203970e-03 1.551660098445299674e-02 0.000000000000000000e+00 0.000000000000000000e+00 1.820000000000000000e+02 0.000000000000000000e+00 0.000000000000000000e+00 1.000000000000000000e+00
0.000000000000000000e+00 3.400000000000000000e+01 0.000000000000000000e+00 5.639999999999999680e+00 -1.865325943699303306e-03 1.553803912986197189e-02 0.000000000000000000e+00 0.000000000000000000e+00 1.820000000000000000e+02 0.000000000000000000e+00 0.000000000000000000e+00 1.000000000000000000e+00
0.000000000000000000e+00 3.400000000000000000e+01 0.000000000000000000e+00 5.649999999999999467e+00 -2.138654817977999820e-03 1.555086913872964771e-02 0.000000000000000000e+00 0.000000000000000000e+00 1.820000000000000000e+02 0.000000000000000000e+00 0.000000000000000000e+00 1.000000000000000000e+00
0.000000000000000000e+00 3.400000000000000000e+01 0.000000000000000000e+00 5.660000000000000142e+00 -2.248622294801174825e-03 1.555601836726068499e-02 0.000000000000000000e+00 0.000000000000000000e+00 1.820000000000000000e+02 0.000000000000000000e+00 0.000000000000000000e+00 1.000000000000000000e+00
0.000000000000000000e+00 3.400000000000000000e+01 0.000000000000000000e+00 5.669999999999999929e+00 -2.206657459417353442e-03 1.555402119503850045e-02 0.000000000000000000e+00 0.000000000000000000e+00 1.820000000000000000e+02 0.000000000000000000e+00 0.000000000000000000e+00 1.000000000000000000e+00
0.000000000000000000e+00 3.400000000000000000e+01 0.000000000000000000e+00 5.679999999999999716e+00 -2.016840721528763165e-03 1.554506663771196284e-02 0.000000000000000000e+00 0.000000000000000000e+00 1.820000000000000000e+02 0.000000000000000000e+00 0.000000000000000000e+00 1.000000000000000000e+00
0.000000000000000000e+00 3.400000000000000000e+01 0.000000000000000000e+00 5.689999999999999503e+00 -1.676590614491166656e-03 1.552903011573410208e-02 0.000000000000000000e+00 0.000000000000000000e+00 1.820000000000000000e+02 0.000000000000000000e+00 0.000000000000000000e+00 1.000000000000000000e+00
0.000000000000000000e+00 3.400000000000000000e+01 0.000000000000000000e+00 5.700000000000000178e+00 -1.177082236427631247e-03 1.550549264729629562e-02 0.000000000000000000e+00 0.000000000000000000e+00 1.820000000000000000e+02 0.000000000000000000e+00 0.000000000000000000e+00 1.000000000000000000e+00
0.000000000000000000e+00 3.400000000000000000e+01 0.000000000000000000e+00 5.709999999999999964e+00 -5.034609754170984997e-04 1.547375039184786805e-02 0.000000000000000000e+00 0.000000000000000000e+00 1.820000000000000000e+02 0.000000000000000000e+00 0.000000000000000000e+00 1.000000000000000000e+00
0.000000000000000000e+00 3.400000000000000000e+01 0.000000000000000000e+00 5.719999999999999751e+00 3.650863838490824367e-04 1.543281742439171766e-02 0.000000000000000000e+00 0.000000000000000000e+00 1.820000000000000000e+02 0.000000000000000000e+00 0.000000000000000000e+00 1.000000000000000000e+00
0.000000000000000000e+00 3.400000000000000000e+01 0.000000000000000000e+00 5.729999999999999538e+00 1.455335527454032149e-03 1.538142491035757176e-02 0.000000000000000000e+00 0.000000000000000000e+00 1.820000000000000000e+02 0.000000000000000000e+00 0.000000000000000000e+00 1.000000000000000000e+00
0.000000000000000000e+00 3.400000000000000000e+01 0.000000000000000000e+00 5.740000000000000213e+00 2.800021899245004608e-03 1.531802054787580192e-02 0.000000000000000000e+00 0.000000000000000000e+00 1.820000000000000000e+02 0.000000000000000000e+00 0.000000000000000000e+00 1.000000000000000000e+00
0.000000000000000000e+00 3.400000000000000000e+01 0.000000000000000000e+00 5.750000000000000000e+00 4.437725507295974328e-03 1.524077336010148248e-02 0.000000000000000000e+00 0.000000000000000000e+00 1.820000000000000000e+02 0.000000000000000000e+00 0.000000000000000000e+00 1.000000000000000000e+00
0.000000000000000000e+00 3.400000000000000000e+01 0.000000000000000000e+00 5.759999999999999787e+00 6.412499483495407229e-03 1.514759081626583515e-02 0.000000000000000000e+00 0.000000000000000000e+00 1.820000000000000000e+02 0.000000000000000000e+00 0.000000000000000000e+00 1.000000000000000000e+00
0.000000000000000000e+00 3.400000000000000000e+01 0.000000000000000000e+00 5.769999999999999574e+00 8.773042848281736514e-03 1.503615805873698141e-02 0.000000000000000000e+00 0.000000000000000000e+00 1.820000000000000000e+02 0.000000000000000000e+00 0.000000000000000000e+00 1.000000000000000000e+00
0.000000000000000000e+00 3.400000000000000000e+01 0.000000000000000000e+00 5.780000000000000249e+00 1.157113811825782879e-02 1.490401300760937908e-02 0.000000000000000000e+00 0.000000000000000000e+00 1.820000000000000000e+02 0.000000000000000000e+00 0.000000000000000000e+00 1.000000000000000000e+00
0.000000000000000000e+00 3.400000000000000000e+01 0.000000000000000000e+00 5.790000000000000036e+00 1.485896214612299204e-02 1.474867667189559695e-02 0.000000000000000000e+00 0.000000000000000000e+00 1.820000000000000000e+02 0.000000000000000000e+00 0.000000000000000000e+00 1.000000000000000000e+00
0.000000000000000000e+00 3.400000000000000000e+01 0.000000000000000000e+00 5.799999999999999822e+00 1.868472245580832941e-02 1.456786555151003137e-02 0.000000000000000000e+00 0.000000000000000000e+00 1.820000000000000000e+02 0.000000000000000000e+00 0.000000000000000000e+00 1.000000000000000000e+00
0.000000000000000000e+00 3.400000000000000000e+01 0.000000000000000000e+00 5.809999999999999609e+00 2.308585582393644919e-02 1.435982304258812819e-02 0.000000000000000000e+00 0.000000000000000000e+00 1.820000000000000000e+02 0.000000000000000000e+00 0.000000000000000000e+00 1.000000000000000000e+00
0.000000000000000000e+00 3.400000000000000000e+01 0.000000000000000000e+00 5.820000000000000284e+00 2.807873002620164815e-02 1.412381974339054630e-02 0.000000000000000000e+00 0.000000000000000000e+00 1.820000000000000000e+02 0.000000000000000000e+00 0.000000000000000000e+00 1.000000000000000000e+00
0.000000000000000000e+00 3.400000000000000000e+01 0.000000000000000000e+00 5.830000000000000071e+00 3.364338532440611790e-02 1.386088900058229934e-02 0.000000000000000000e+00 0.000000000000000000e+00 1.820000000000000000e+02 0.000000000000000000e+00 0.000000000000000000e+00 1.000000000000000000e+00
0.000000000000000000e+00 3.400000000000000000e+01 0.000000000000000000e+00 5.839999999999999858e+00 3.970130153742420370e-02 1.357488468471784726e-02 0.000000000000000000e+00 0.000000000000000000e+00 1.820000000000000000e+02 0.000000000000000000e+00 0.000000000000000000e+00 1.000000000000000000e+00
0.000000000000000000e+00 3.400000000000000000e+01 0.000000000000000000e+00 5.849999999999999645e+00 4.608342860235174754e-02 1.327397491288629522e-02 0.000000000000000000e+00 0.000000000000000000e+00 1.820000000000000000e+02 0.000000000000000000e+00 0.000000000000000000e+00 1.000000000000000000e+00
0.000000000000000000e+00 3.400000000000000000e+01 0.000000000000000000e+00 5.860000000000000320e+00 5.248470531816392531e-02 1.297272365585981635e-02 0.000000000000000000e+00 0.000000000000000000e+00 1.820000000000000000e+02 0.000000000000000000e+00 0.000000000000000000e+00 1.000000000000000000e+00
0.000000000000000000e+00 3.400000000000000000e+01 0.000000000000000000e+00 5.870000000000000107e+00 5.839992139420082523e-02 1.269497616041073002e-02 0.000000000000000000e+00 0.000000000000000000e+00 1.820000000000000000e+02 0.000000000000000000e+00 0.000000000000000000e+00 1.000000000000000000e+00
0.000000000000000000e+00 3.400000000000000000e+01 0.000000000000000000e+00 5.879999999999999893e+00 6.303393027051926167e-02 1.247788618111819042e-02 0.000000000000000000e+00 0.000000000000000000e+00 1.820000000000000000e+02 0.000000000000000000e+00 0.000000000000000000e+00 1.000000000000000000e+00
0.000000000000000000e+00 3.400000000000000000e+01 0.000000000000000000e+00 5.889999999999999680e+00 6.517673190260883653e-02 1.237766128375791808e-02 0.000000000000000000e+00 0.000000000000000000e+00 1.820000000000000000e+02 0.000000000000000000e+00 0.000000000000000000e+00 1.000000000000000000e+00
0.000000000000000000e+00 3.400000000000000000e+01 0.000000000000000000e+00 5.899999999999999467e+00 6.303059898660212657e-02 1.247801499159219285e-02 0.000000000000000000e+00 0.000000000000000000e+00 1.820000000000000000e+02 0.000000000000000000e+00 0.000000000000000000e+00 1.000000000000000000e+00
0.000000000000000000e+00 3.400000000000000000e+01 0.000000000000000000e+00 5.910000000000000142e+00 5.839307798816673750e-02 1.269524464599865177e-02 0.000000000000000000e+00 0.000000000000000000e+00 1.820000000000000000e+02 0.000000000000000000e+00 0.000000000000000000e+00 1.000000000000000000e+00
0.000000000000000000e+00 3.400000000000000000e+01 0.000000000000000000e+00 5.919999999999999929e+00 5.247397813967898117e-02 1.297315226141786820e-02 0.000000000000000000e+00 0.000000000000000000e+00 1.820000000000000000e+02 0.000000000000000000e+00 0.000000000000000000e+00 1.000000000000000000e+00
0.000000000000000000e+00 3.400000000000000000e+01 0.000000000000000000e+00 5.929999999999999716e+00 4.606823467956532026e-02 1.327459386323095319e-02 0.000000000000000000e+00 0.000000000000000000e+00 1.820000000000000000e+02 0.000000000000000000e+00 0.000000000000000000e+00 1.000000000000000000e+00
0.000000000000000000e+00 3.400000000000000000e+01 0.000000000000000000e+00 5.939999999999999503e+00 3.968081437668028594e-02 1.357573521718636461e-02 0.000000000000000000e+00 0.000000000000000000e+00 1.820000000000000000e+02 0.000000000000000000e+00 0.000000000000000000e+00 1.000000000000000000e+00
0.000000000000000000e+00 3.400000000000000000e+01 0.000000000000000000e+00 5.950000000000000178e+00 3.361648920286354481e-02 1.386202545290125127e-02 0.000000000000000000e+00 0.000000000000000000e+00 1.820000000000000000e+02 0.000000000000000000e+00 0.000000000000000000e+00 1.000000000000000000e+00
0.000000000000000000e+00 3.400000000000000000e+01 0.000000000000000000e+00 5.959999999999999964e+00 2.804395819532699841e-02 1.412531248325440275e-02 0.000000000000000000e+00 0.000000000000000000e+00 1.820000000000000000e+02 0.000000000000000000e+00 0.000000000000000000e+00 1.000000000000000000e+00
0.000000000000000000e+00 3.400000000000000000e+01 0.000000000000000000e+00 5.969999999999999751e+00 2.304130912625184172e-02 1.436176233433356791e-02 0.000000000000000000e+00 0.000000000000000000e+00 1.820000000000000000e+02 0.000000000000000000e+00 0.000000000000000000e+00 1.000000000000000000e+00
0.000000000000000000e+00 3.400000000000000000e+01 0.000000000000000000e+00 5.979999999999999538e+00 1.862796373840311728e-02 1.457036653986624325e-02 0.000000000000000000e+00 0.000000000000000000e+00 1.820000000000000000e+02 0.000000000000000000e+00 0.000000000000000000e+00 1.000000000000000000e+00
0.000000000000000000e+00 3.400000000000000000e+01 0.000000000000000000e+00 5.990000000000000213e+00 1.478688046652328059e-02 1.475188574062719082e-02 0.000000000000000000e+00 0.000000000000000000e+00 1.820000000000000000e+02 0.000000000000000000e+00 0.000000000000000000e+00 1.000000000000000000e+00
0.000000000000000000e+00 3.400000000000000000e+01 0.000000000000000000e+00 6.000000000000000000e+00 1.147977499936671600e-02 1.490811585287413893e-02 0.000000000000000000e+00 0.000000000000000000e+00 1.820000000000000000e+02 0.000000000000000000e+00 0.000000000000000000e+00 1.000000000000000000e+00
0.000000000000000000e+00 3.400000000000000000e+01 0.000000000000000000e+00 6.009999999999999787e+00 8.657370646154334201e-03 1.504138991057014235e-02 0.000000000000000000e+00 0.000000000000000000e+00 1.820000000000000000e+02 0.000000000000000000e+00 0.000000000000000000e+00 1.000000000000000000e+00
0.000000000000000000e+00 3.400000000000000000e+01 0.000000000000000000e+00 6.019999999999999574e+00 6.266139154104398076e-03 1.515424935222466768e-02 0.000000000000000000e+00 0.000000000000000000e+00 1.820000000000000000e+02 0.000000000000000000e+00 0.000000000000000000e+00 1.000000000000000000e+00
0.000000000000000000e+00 3.400000000000000000e+01 0.000000000000000000e+00 6.030000000000000249e+00 4.252587530048472508e-03 1.524923498683017353e-02 0.000000000000000000e+00 0.000000000000000000e+00 1.820000000000000000e+02 0.000000000000000000e+00 0.000000000000000000e+00 1.000000000000000000e+00
0.000000000000000000e+00 3.400000000000000000e+01 0.000000000000000000e+00 6.040000000000000036e+00 2.565849623892399803e-03 1.532876088166765238e-02 0.000000000000000000e+00 0.000000000000000000e+00 1.820000000000000000e+02 0.000000000000000000e+00 0.000000000000000000e+00 1.000000000000000000e+00
0.000000000000000000e+00 3.400000000000000000e+01 0.000000000000000000e+00 6.049999999999999822e+00 1.159124486274435741e-03 1.539504446657248560e-02 0.000000000000000000e+00 0.000000000000000000e+00 1.820000000000000000e+02 0.000000000000000000e+00 0.000000000000000000e+00 1.000000000000000000e+00
0.000000000000000000e+00 3.400000000000000000e+01 0.000000000000000000e+00 6.059999999999999609e+00 -9.654194235171782712e-06 1.545007372287234004e-02 0.000000000000000000e+00 0.000000000000000000e+00 1.820000000000000000e+02 0.000000000000000000e+00 0.000000000000000000e+00 1.000000000000000000e+00
0.000000000000000000e+00 3.400000000000000000e+01 0.000000000000000000e+00 6.070000000000000284e+00 -9.776475422472183721e-04 1.549559788740390021e-02 0.000000000000000000e+00 0.000000000000000000e+00 1.820000000000000000e+02 0.000000000000000000e+00 0.000000000000000000e+00 1.000000000000000000e+00
0.000000000000000000e+00 3.400000000000000000e+01 0.000000000000000000e+00 6.080000000000000071e+00 -1.777252212109989727e-03 1.553313207106502003e-02 0.000000000000000000e+00 0.000000000000000000e+00 1.820000000000000000e+02 0.000000000000000000e+00 0.000000000000000000e+00 1.000000000000000000e+00
0.000000000000000000e+00 3.400000000000000000e+01 0.000000000000000000e+00 6.089999999999999858e+00 -2.436423855425026014e-03 1.556396890688900581e-02 0.000000000000000000e+00 0.000000000000000000e+00 1.820000000000000000e+02 0.000000000000000000e+00 0.000000000000000000e+00 1.000000000000000000e+00
0.000000000000000000e+00 3.400000000000000000e+01 0.000000000000000000e+00 6.099999999999999645e+00 -2.979096957961173582e-03 1.558919204929738733e-02 0.000000000000000000e+00 0.000000000000000000e+00 1.820000000000000000e+02 0.000000000000000000e+00 0.000000000000000000e+00 1.000000000000000000e+00
0.000000000000000000e+00 3.400000000000000000e+01 0.000000000000000000e+00 6.110000000000000320e+00 -3.425644484905980645e-03 1.560968718388552889e-02 0.000000000000000000e+00 0.000000000000000000e+00 1.820000000000000000e+02 0.000000000000000000e+00 0.000000000000000000e+00 1.000000000000000000e+00
0.000000000000000000e+00 3.400000000000000000e+01 0.000000000000000000e+00 6.120000000000000107e+00 -3.793341711836738413e-03 1.562614619794210069e-02 0.000000000000000000e+00 0.000000000000000000e+00 1.820000000000000000e+02 0.000000000000000000e+00 0.000000000000000000e+00 1.000000000000000000e+00
0.000000000000000000e+00 3.400000000000000000e+01 0.000000000000000000e+00 6.129999999999999893e+00 -4.096813193626811997e-03 1.563905918376033710e-02 0.000000000000000000e+00 0.000000000000000000e+00 1.820000000000000000e+02 0.000000000000000000e+00 0.000000000000000000e+00 1.000000000000000000e+00
0.000000000000000000e+00 3.400000000000000000e+01 0.000000000000000000e+00 6.139999999999999680e+00 -4.348451880502261085e-03 1.564868668178863442e-02 0.000000000000000000e+00 0.000000000000000000e+00 1.820000000000000000e+02 0.000000000000000000e+00 0.000000000000000000e+00 1.000000000000000000e+00
0.000000000000000000e+00 3.400000000000000000e+01 0.000000000000000000e+00 6.150000000000000355e+00 -4.558806281119090129e-03 1.565500041259444697e-02 0.000000000000000000e+00 0.000000000000000000e+00 1.820000000000000000e+02 0.000000000000000000e+00 0.000000000000000000e+00 1.000000000000000000e+00
0.000000000000000000e+00 3.400000000000000000e+01 0.000000000000000000e+00 6.160000000000000142e+00 -4.736936287085345698e-03 1.565757364372190319e-02 0.000000000000000000e+00 0.000000000000000000e+00 1.820000000000000000e+02 0.000000000000000000e+00 0.000000000000000000e+00 1.000000000000000000e+00
0.000000000000000000e+00 3.400000000000000000e+01 0.000000000000000000e+00 6.169999999999999929e+00 -4.890741540162555842e-03 1.565539053482435661e-02 0.000000000000000000e+00 0.000000000000000000e+00 1.820000000000000000e+02 0.000000000000000000e+00 0.000000000000000000e+00 1.000000000000000000e+00
0.000000000000000000e+00 3.400000000000000000e+01 0.000000000000000000e+00 6.179999999999999716e+00 -5.027268583400166385e-03 1.564652443550026972e-02 0.000000000000000000e+00 0.000000000000000000e+00 1.820000000000000000e+02 0.000000000000000000e+00 0.000000000000000000e+00 1.000000000000000000e+00
0.000000000000000000e+00 3.400000000000000000e+01 0.000000000000000000e+00 6.189999999999999503e+00 -5.153004900473099822e-03 1.562760357895076613e-02 0.000000000000000000e+00 0.000000000000000000e+00 1.820000000000000000e+02 0.000000000000000000e+00 0.000000000000000000e+00 1.000000000000000000e+00
0.000000000000000000e+00 3.400000000000000000e+01 0.000000000000000000e+00 6.200000000000000178e+00 -5.274169635186963349e-03 1.559293173424047829e-02 0.000000000000000000e+00 0.000000000000000000e+00 1.820000000000000000e+02 0.000000000000000000e+00 0.000000000000000000e+00 1.000000000000000000e+00
0.000000000000000000e+00 3.400000000000000000e+01 0.000000000000000000e+00 6.209999999999999964e+00 -5.397012562818842389e-03 1.553305039878093152e-02 0.000000000000000000e+00 0.000000000000000000e+00 1.820000000000000000e+02 0.000000000000000000e+00 0.000000000000000000e+00 1.000000000000000000e+00
0.000000000000000000e+00 3.400000000000000000e+01 0.000000000000000000e+00 6.219999999999999751e+00 -5.528134997160150978e-03 1.543240335726769885e-02 0.000000000000000000e+00 0.000000000000000000e+00 1.820000000000000000e+02 0.000000000000000000e+00 0.000000000000000000e+00 1.000000000000000000e+00
0.000000000000000000e+00 3.400000000000000000e+01 0.000000000000000000e+00 6.229999999999999538e+00 -5.674848999174557027e-03 1.526557828405305378e-02 0.000000000000000000e+00 0.000000000000000000e+00 1.820000000000000000e+02 0.000000000000000000e+00 0.000000000000000000e+00 1.000000000000000000e+00
0.000000000000000000e+00 3.400000000000000000e+01 0.000000000000000000e+00 6.240000000000000213e+00 -5.845594761299378536e-03 1.499135226091938972e-02 0.000000000000000000e+00 0.000000000000000000e+00 1.820000000000000000e+02 0.000000000000000000e+00 0.000000000000000000e+00 1.000000000000000000e+00
0.000000000000000000e+00 3.400000000000000000e+01 0.000000000000000000e+00 6.250000000000000000e+00 -6.050440672856666896e-03 1.454352842471690055e-02 0.000000000000000000e+00 0.000000000000000000e+00 1.820000000000000000e+02 0.000000000000000000e+00 0.000000000000000000e+00 1.000000000000000000e+00
0.000000000000000000e+00 3.400000000000000000e+01 0.000000000000000000e+00 6.259999999999999787e+00 -6.301696689238734522e-03 1.381765413673775172e-02 0.000000000000000000e+00 0.000000000000000000e+00 1.820000000000000000e+02 0.000000000000000000e+00 0.000000000000000000e+00 1.000000000000000000e+00
0.000000000000000000e+00 3.400000000000000000e+01 0.000000000000000000e+00 6.269999999999999574e+00 -6.614679686167239392e-03 1.265441844060147952e-02 0.000000000000000000e+00 0.000000000000000000e+00 1.820000000000000000e+02 0.000000000000000000e+00 0.000000000000000000e+00 1.000000000000000000e+00
0.000000000000000000e+00 3.400000000000000000e+01 0.000000000000000000e+00 6.280000000000000249e+00 -7.008680063415200813e-03 1.082838231863713502e-02 0.000000000000000000e+00 0.000000000000000000e+00 1.820000000000000000e+02 0.000000000000000000e+00 0.000000000000000000e+00 1.000000000000000000e+00
0.000000000000000000e+00 3.400000000000000000e+01 0.000000000000000000e+00 6.290000000000000036e+00 -7.508192723019179587e-03 8.081445299228516566e-03 0.000000000000000000e+00 0.000000000000000000e+00 1.820000000000000000e+02 0.000000000000000000e+00 0.000000000000000000e+00 1.000000000000000000e+00
0.000000000000000000e+00 3.400000000000000000e+01 0.000000000000000000e+00 6.299999999999999822e+00 -8.144493662862120273e-03 4.357185750851762240e-03 0.000000000000000000e+00 0.000000000000000000e+00 1.820000000000000000e+02 0.000000000000000000e+00 0.000000000000000000e+00 1.000000000000000000e+00
0.000000000000000000e+00 3.400000000000000000e+01 0.000000000000000000e+00 6.309999999999999609e+00 -8.957667070100065396e-03 7.575344248267447747e-04 0.000000000000000000e+00 0.000000000000000000e+00 1.820000000000000000e+02 0.000000000000000000e+00 0.000000000000000000e+00 1.000000000000000000e+00
0.000000000000000000e+00 3.400000000000000000e+01 0.000000000000000000e+00 6.320000000000000284e+00 -9.999218628797245864e-03 1.171935417538672355e-21 0.000000000000000000e+00 1.000000000000000000e+00 1.820000000000000000e+02 0.000000000000000000e+00 0.000000000000000000e+00 1.000000000000000000e+00
0.000000000000000000e+00 3.400000000000000000e+01 0.000000000000000000e+00 6.330000000000000071e+00 -8.966781080472364940e-03 7.575768750843333774e-04 0.000000000000000000e+00 0.000000000000000000e+00 1.820000000000000000e+02 0.000000000000000000e+00 0.000000000000000000e+00 1.000000000000000000e+00
0.000000000000000000e+00 3.400000000000000000e+01 0.000000000000000000e+00 6.339999999999999858e+00 -8.163163012331629831e-03 4.357531812255004133e-03 0.000000000000000000e+00 0.000000000000000000e+00 1.820000000000000000e+02 0.000000000000000000e+00 0.000000000000000000e+00 1.000000000000000000e+00
0.000000000000000000e+00 3.400000000000000000e+01 0.000000000000000000e+00 6.349999999999999645e+00 -7.537320530428057511e-03 8.082300248444057589e-03 0.000000000000000000e+00 0.000000000000000000e+00 1.820000000000000000e+02 0.000000000000000000e+00 0.000000000000000000e+00 1.000000000000000000e+00
0.000000000000000000e+00 3.400000000000000000e+01 0.000000000000000000e+00 6.360000000000000320e+00 -7.049673035150755794e-03 1.082986834060023495e-02 0.000000000000000000e+00 0.000000000000000000e+00 1.820000000000000000e+02 0.000000000000000000e+00 0.000000000000000000e+00 1.000000000000000000e+00
0.000000000000000000e+00 3.400000000000000000e+01 0.000000000000000000e+00 6.370000000000000107e+00 -6.669513030006428075e-03 1.265663840617333585e-02 0.000000000000000000e+00 0.000000000000000000e+00 1.820000000000000000e+02 0.000000000000000000e+00 0.000000000000000000e+00 1.000000000000000000e+00
0.000000000000000000e+00 3.400000000000000000e+01 0.000000000000000000e+00 6.379999999999999893e+00 -6.373004893442153415e-03 1.382072487806113026e-02 0.000000000000000000e+00 0.000000000000000000e+00 1.820000000000000000e+02 0.000000000000000000e+00 0.000000000000000000e+00 1.000000000000000000e+00
0.000000000000000000e+00 3.400000000000000000e+01 0.000000000000000000e+00 6.389999999999999680e+00 -6.141637963125272381e-03 1.454759843349262560e-02 0.000000000000000000e+00 0.000000000000000000e+00 1.820000000000000000e+02 0.000000000000000000e+00 0.000000000000000000e+00 1.000000000000000000e+00
0.000000000000000000e+00 3.400000000000000000e+01 0.000000000000000000e+00 6.400000000000000355e+00 -5.961030241274388464e-03 1.499661376339964797e-02 0.000000000000000000e+00 0.000000000000000000e+00 1.820000000000000000e+02 0.000000000000000000e+00 0.000000000000000000e+00 1.000000000000000000e+00
0.000000000000000000e+00 3.400000000000000000e+01 0.000000000000000000e+00 6.410000000000000142e+00 -5.820002837963112428e-03 1.527227817869278997e-02 0.000000000000000000e+00 0.000000000000000000e+00 1.820000000000000000e+02 0.000000000000000000e+00 0.000000000000000000e+00 1.000000000000000000e+00
0.000000000000000000e+00 3.400000000000000000e+01 0.000000000000000000e+00 6.419999999999999929e+00 -5.709863586670112581e-03 1.544085517463238133e-02 0.000000000000000000e+00 0.000000000000000000e+00 1.820000000000000000e+02 0.000000000000000000e+00 0.000000000000000000e+00 1.000000000000000000e+00
0.000000000000000000e+00 3.400000000000000000e+01 0.000000000000000000e+00 6.429999999999999716e+00 -5.623852365909590319e-03 1.554364851639535028e-02 0.000000000000000000e+00 0.000000000000000000e+00 1.820000000000000000e+02 0.000000000000000000e+00 0.000000000000000000e+00 1.000000000000000000e+00
0.000000000000000000e+00 3.400000000000000000e+01 0.000000000000000000e+00 6.439999999999999503e+00 -5.556711519508789922e-03 1.560616873830422691e-02 0.000000000000000000e+00 0.000000000000000000e+00 1.820000000000000000e+02 0.000000000000000000e+00 0.000000000000000000e+00 1.000000000000000000e+00
0.000000000000000000e+00 3.400000000000000000e+01 0.000000000000000000e+00 6.450000000000000178e+00 -5.504353135993223650e-03 1.564409158305248015e-02 0.000000000000000000e+00 0.000000000000000000e+00 1.820000000000000000e+02 0.000000000000000000e+00 0.000000000000000000e+00 1.000000000000000000e+00
0.000000000000000000e+00 3.400000000000000000e+01 0.000000000000000000e+00 6.459999999999999964e+00 -5.463601400634351436e-03 1.566702120853220859e-02 0.000000000000000000e+00 0.000000000000000000e+00 1.820000000000000000e+02 0.000000000000000000e+00 0.000000000000000000e+00 1.000000000000000000e+00
0.000000000000000000e+00 3.400000000000000000e+01 0.000000000000000000e+00 6.469999999999999751e+00 -5.431993214710420861e-03 1.568083139786399793e-02 0.000000000000000000e+00 0.000000000000000000e+00 1.820000000000000000e+02 0.000000000000000000e+00 0.000000000000000000e+00 1.000000000000000000e+00
0.000000000000000000e+00 3.400000000000000000e+01 0.000000000000000000e+00 6.479999999999999538e+00 -5.407624125921117048e-03 1.568911024195122905e-02 0.000000000000000000e+00 0.000000000000000000e+00 1.820000000000000000e+02 0.000000000000000000e+00 0.000000000000000000e+00 1.000000000000000000e+00
0.000000000000000000e+00 3.400000000000000000e+01 0.000000000000000000e+00 6.490000000000000213e+00 -5.389029593833034003e-03 1.569404763941738279e-02 0.000000000000000000e+00 0.000000000000000000e+00 1.820000000000000000e+02 0.000000000000000000e+00 0.000000000000000000e+00 1.000000000000000000e+00
0.000000000000000000e+00 3.400000000000000000e+01 0.000000000000000000e+00 6.500000000000000000e+00 -5.375093926849435801e-03 1.569697921828799858e-02 0.000000000000000000e+00 0.000000000000000000e+00 1.820000000000000000e+02 0.000000000000000000e+00 0.000000000000000000e+00 1.000000000000000000e+00
0.000000000000000000e+00 3.400000000000000000e+01 0.000000000000000000e+00 6.509999999999999787e+00 -5.364981028689884239e-03 1.569871930691157935e-02 0.000000000000000000e+00 0.000000000000000000e+00 1.820000000000000000e+02 0.000000000000000000e+00 0.000000000000000000e+00 1.000000000000000000e+00
0.000000000000000000e+00 3.400000000000000000e+01 0.000000000000000000e+00 6.519999999999999574e+00 -5.358082503830710781e-03 1.569976469085075654e-02 0.000000000000000000e+00 0.000000000000000000e+00 1.820000000000000000e+02 0.000000000000000000e+00 0.000000000000000000e+00 1.000000000000000000e+00
0.000000000000000000e+00 3.400000000000000000e+01 0.000000000000000000e+00 6.530000000000000249e+00 -5.353979787167825743e-03 1.570041932855334443e-02 0.000000000000000000e+00 0.000000000000000000e+00 1.820000000000000000e+02 0.000000000000000000e+00 0.000000000000000000e+00 1.000000000000000000e+00
0.000000000000000000e+00 3.400000000000000000e+01 0.000000000000000000e+00 6.540000000000000036e+00 -5.352417857458440127e-03 1.570087076344180155e-02 0.000000000000000000e+00 0.000000000000000000e+00 1.820000000000000000e+02 0.000000000000000000e+00 0.000000000000000000e+00 1.000000000000000000e+00
0.000000000000000000e+00 3.400000000000000000e+01 0.000000000000000000e+00 6.549999999999999822e+00 -5.353288825859575488e-03 1.570123705080515852e-02 0.000000000000000000e+00 0.000000000000000000e+00 1.820000000000000000e+02 0.000000000000000000e+00 0.000000000000000000e+00 1.000000000000000000e+00
0.000000000000000000e+00 3.400000000000000000e+01 0.000000000000000000e+00 6.559999999999999609e+00 -5.356624307943735550e-03 1.570159572414117632e-02 0.000000000000000000e+00 0.000000000000000000e+00 1.820000000000000000e+02 0.000000000000000000e+00 0.000000000000000000e+00 1.000000000000000000e+00
0.000000000000000000e+00 3.400000000000000000e+01 0.000000000000000000e+00 6.570000000000000284e+00 -5.362596029850737189e-03 1.570200186834655454e-02 0.000000000000000000e+00 0.000000000000000000e+00 1.820000000000000000e+02 0.000000000000000000e+00 0.000000000000000000e+00 1.000000000000000000e+00
0.000000000000000000e+00 3.400000000000000000e+01 0.000000000000000000e+00 6.580000000000000071e+00 -5.371524621392854623e-03 1.570249964663218700e-02 0.000000000000000000e+00 0.000000000000000000e+00 1.820000000000000000e+02 0.000000000000000000e+00 0.000000000000000000e+00 1.000000000000000000e+00
0.000000000000000000e+00 3.400000000000000000e+01 0.000000000000000000e+00 6.589999999999999858e+00 -5.383897042670199307e-03 1.570312997076687977e-02 0.000000000000000000e+00 0.000000000000000000e+00 1.820000000000000000e+02 0.000000000000000000e+00 0.000000000000000000e+00 1.000000000000000000e+00
0.000000000000000000e+00 3.400000000000000000e+01 0.000000000000000000e+00 6.599999999999999645e+00 -5.400393606887624216e-03 1.570393599876124258e-02 0.000000000000000000e+00 0.000000000000000000e+00 1.820000000000000000e+02 0.000000000000000000e+00 0.000000000000000000e+00 1.000000000000000000e+00
0.000000000000000000e+00 3.400000000000000000e+01 0.000000000000000000e+00 6.610000000000000320e+00 -5.421926132506934767e-03 1.570496753942593471e-02 0.000000000000000000e+00 0.000000000000000000e+00 1.820000000000000000e+02 0.000000000000000000e+00 0.000000000000000000e+00 1.000000000000000000e+00
0.000000000000000000e+00 3.400000000000000000e+01 0.000000000000000000e+00 6.620000000000000107e+00 -5.449689417676829503e-03 1.570628508666987999e-02 0.000000000000000000e+00 0.000000000000000000e+00 1.820000000000000000e+02 0.000000000000000000e+00 0.000000000000000000e+00 1.000000000000000000e+00
0.000000000000000000e+00 3.400000000000000000e+01 0.000000000000000000e+00 6.629999999999999893e+00 -5.485229019490295115e-03 1.570796400543432447e-02 0.000000000000000000e+00 0.000000000000000000e+00 1.820000000000000000e+02 0.000000000000000000e+00 0.000000000000000000e+00 1.000000000000000000e+00
0.000000000000000000e+00 3.400000000000000000e+01 0.000000000000000000e+00 6.639999999999999680e+00 -5.530529288397794535e-03 1.571009929026542795e-02 0.000000000000000000e+00 0.000000000000000000e+00 1.820000000000000000e+02 0.000000000000000000e+00 0.000000000000000000e+00 1.000000000000000000e+00
0.000000000000000000e+00 3.400000000000000000e+01 0.000000000000000000e+00 6.650000000000000355e+00 -5.588126813434912861e-03 1.571281128410983996e-02 0.000000000000000000e+00 0.000000000000000000e+00 1.820000000000000000e+02 0.000000000000000000e+00 0.000000000000000000e+00 1.000000000000000000e+00
0.000000000000000000e+00 3.400000000000000000e+01 0.000000000000000000e+00 6.660000000000000142e+00 -5.661255950965884617e-03 1.571625276075867828e-02 0.000000000000000000e+00 0.000000000000000000e+00 1.820000000000000000e+02 0.000000000000000000e+00 0.000000000000000000e+00 1.000000000000000000e+00
0.000000000000000000e+00 3.400000000000000000e+01 0.000000000000000000e+00 6.669999999999999929e+00 -5.754035032064218694e-03 1.572061783053749218e-02 0.000000000000000000e+00 0.000000000000000000e+00 1.820000000000000000e+02 0.000000000000000000e+00 0.000000000000000000e+00 1.000000000000000000e+00
0.000000000000000000e+00 3.400000000000000000e+01 0.000000000000000000e+00 6.679999999999999716e+00 -5.871704290605168561e-03 1.572615322276441074e-02 0.000000000000000000e+00 0.000000000000000000e+00 1.820000000000000000e+02 0.000000000000000000e+00 0.000000000000000000e+00 1.000000000000000000e+00
0.000000000000000000e+00 3.400000000000000000e+01 0.000000000000000000e+00 6.689999999999999503e+00 -6.020929677926737701e-03 1.573317263226534091e-02 0.000000000000000000e+00 0.000000000000000000e+00 1.820000000000000000e+02 0.000000000000000000e+00 0.000000000000000000e+00 1.000000000000000000e+00
0.000000000000000000e+00 3.400000000000000000e+01 0.000000000000000000e+00 6.700000000000000178e+00 -6.210190725772481157e-03 1.574207499687557688e-02 0.000000000000000000e+00 0.000000000000000000e+00 1.820000000000000000e+02 0.000000000000000000e+00 0.000000000000000000e+00 1.000000000000000000e+00
0.000000000000000000e+00 3.400000000000000000e+01 0.000000000000000000e+00 6.709999999999999964e+00 -6.450275737990814398e-03 1.575336780810564219e-02 0.000000000000000000e+00 0.000000000000000000e+00 1.820000000000000000e+02 0.000000000000000000e+00 0.000000000000000000e+00 1.000000000000000000e+00
0.000000000000000000e+00 3.400000000000000000e+01 0.000000000000000000e+00 6.719999999999999751e+00 -6.754914155843666848e-03 1.576769686172434237e-02 0.000000000000000000e+00 0.000000000000000000e+00 1.820000000000000000e+02 0.000000000000000000e+00 0.000000000000000000e+00 1.000000000000000000e+00
0.000000000000000000e+00 3.400000000000000000e+01 0.000000000000000000e+00 6.729999999999999538e+00 -7.141584367420347051e-03 1.578588424710226923e-02 0.000000000000000000e+00 0.000000000000000000e+00 1.820000000000000000e+02 0.000000000000000000e+00 0.000000000000000000e+00 1.000000000000000000e+00
0.000000000000000000e+00 3.400000000000000000e+01 0.000000000000000000e+00 6.740000000000000213e+00 -7.632546054376415298e-03 1.580897687723546718e-02 0.000000000000000000e+00 0.000000000000000000e+00 1.820000000000000000e+02 0.000000000000000000e+00 0.000000000000000000e+00 1.000000000000000000e+00
0.000000000000000000e+00 3.400000000000000000e+01 0.000000000000000000e+00 6.750000000000000000e+00 -8.256160080253694550e-03 1.583830850497884579e-02 0.000000000000000000e+00 0.000000000000000000e+00 1.820000000000000000e+02 0.000000000000000000e+00 0.000000000000000000e+00 1.000000000000000000e+00
0.000000000000000000e+00 3.400000000000000000e+01 0.000000000000000000e+00 6.759999999999999787e+00 -9.048576816289986141e-03 1.587557899139284412e-02 0.000000000000000000e+00 0.000000000000000000e+00 1.820000000000000000e+02 0.000000000000000000e+00 0.000000000000000000e+00 1.000000000000000000e+00
0.000000000000000000e+00 3.400000000000000000e+01 0.000000000000000000e+00 6.769999999999999574e+00 -1.005589682544456506e-02 1.592295563176411577e-02 0.000000000000000000e+00 0.000000000000000000e+00 1.820000000000000000e+02 0.000000000000000000e+00 0.000000000000000000e+00 1.000000000000000000e+00
0.000000000000000000e+00 3.400000000000000000e+01 0.000000000000000000e+00 6.780000000000000249e+00 -1.133693747287639608e-02 1.598320264970773397e-02 0.000000000000000000e+00 0.000000000000000000e+00 1.820000000000000000e+02 0.000000000000000000e+00 0.000000000000000000e+00 1.000000000000000000e+00
0.000000000000000000e+00 3.400000000000000000e+01 0.000000000000000000e+00 6.790000000000000036e+00 -1.296677722737897553e-02 1.605984658009346200e-02 0.000000000000000000e+00 0.000000000000000000e+00 1.820000000000000000e+02 0.000000000000000000e+00 0.000000000000000000e+00 1.000000000000000000e+00
0.000000000000000000e+00 3.400000000000000000e+01 0.000000000000000000e+00 6.799999999999999822e+00 -1.504129865512057046e-02 1.615738718960860187e-02 0.000000000000000000e+00 0.000000000000000000e+00 1.820000000000000000e+02 0.000000000000000000e+00 0.000000000000000000e+00 1.000000000000000000e+00
0.000000000000000000e+00 3.400000000000000000e+01 0.000000000000000000e+00 6.809999999999999609e+00 -1.768301460985685636e-02 1.628156576150406598e-02 0.000000000000000000e+00 0.000000000000000000e+00 1.820000000000000000e+02 0.000000000000000000e+00 0.000000000000000000e+00 1.000000000000000000e+00
0.000000000000000000e+00 3.400000000000000000e+01 0.000000000000000000e+00 6.820000000000000284e+00 -2.104854406956352744e-02 1.643970473351862027e-02 0.000000000000000000e+00 0.000000000000000000e+00 1.820000000000000000e+02 0.000000000000000000e+00 0.000000000000000000e+00 1.000000000000000000e+00
0.000000000000000000e+00 3.400000000000000000e+01 0.000000000000000000e+00 6.830000000000000071e+00 -2.533820987013506512e-02 1.664113410769732515e-02 0.000000000000000000e+00 0.000000000000000000e+00 1.820000000000000000e+02 0.000000000000000000e+00 0.000000000000000000e+00 1.000000000000000000e+00
0.000000000000000000e+00 3.400000000000000000e+01 0.000000000000000000e+00 6.839999999999999858e+00 -3.080836725779580176e-02 1.689771902242226398e-02 0.000000000000000000e+00 0.000000000000000000e+00 1.820000000000000000e+02 0.000000000000000000e+00 0.000000000000000000e+00 1.000000000000000000e+00
0.000000000000000000e+00 3.400000000000000000e+01 0.000000000000000000e+00 6.849999999999999645e+00 -3.778724882128072643e-02 1.722449545243555369e-02 0.000000000000000000e+00 0.000000000000000000e+00 1.820000000000000000e+02 0.000000000000000000e+00 0.000000000000000000e+00 1.000000000000000000e+00
0.000000000000000000e+00 3.400000000000000000e+01 0.000000000000000000e+00 6.860000000000000320e+00 -4.669533977722471058e-02 1.764039841206579973e-02 0.000000000000000000e+00 0.000000000000000000e+00 1.820000000000000000e+02 0.000000000000000000e+00 0.000000000000000000e+00 1.000000000000000000e+00
0.000000000000000000e+00 3.400000000000000000e+01 0.000000000000000000e+00 6.870000000000000107e+00 -5.807159309052646601e-02 1.816900994846293305e-02 0.000000000000000000e+00 0.000000000000000000e+00 1.820000000000000000e+02 0.000000000000000000e+00 0.000000000000000000e+00 1.000000000000000000e+00
0.000000000000000000e+00 3.400000000000000000e+01 0.000000000000000000e+00 6.879999999999999893e+00 -7.260717641456096438e-02 1.883912006838708852e-02 0.000000000000000000e+00 0.000000000000000000e+00 1.820000000000000000e+02 0.000000000000000000e+00 0.000000000000000000e+00 1.000000000000000000e+00
0.000000000000000000e+00 3.400000000000000000e+01 0.000000000000000000e+00 6.889999999999999680e+00 -9.118893818629689174e-02 1.968458835409506169e-02 0.000000000000000000e+00 0.000000000000000000e+00 1.820000000000000000e+02 0.000000000000000000e+00 0.000000000000000000e+00 1.000000000000000000e+00
0.000000000000000000e+00 3.400000000000000000e+01 0.000000000000000000e+00 6.900000000000000355e+00 -1.149554220097487867e-01 2.074230643649865868e-02 0.000000000000000000e+00 0.000000000000000000e+00 1.820000000000000000e+02 0.000000000000000000e+00 0.000000000000000000e+00 1.000000000000000000e+00
0.000000000000000000e+00 3.400000000000000000e+01 0.000000000000000000e+00 6.910000000000000142e+00 -1.453690903982813865e-01 2.204550981489199202e-02 0.000000000000000000e+00 0.000000000000000000e+00 1.820000000000000000e+02 0.000000000000000000e+00 0.000000000000000000e+00 1.000000000000000000e+00
0.000000000000000000e+00 3.400000000000000000e+01 0.000000000000000000e+00 6.919999999999999929e+00 -1.843094978544523310e-01 2.360613653217213947e-02 0.000000000000000000e+00 0.000000000000000000e+00 1.820000000000000000e+02 0.000000000000000000e+00 0.000000000000000000e+00 1.000000000000000000e+00
0.000000000000000000e+00 3.400000000000000000e+01 0.000000000000000000e+00 6.929999999999999716e+00 -2.341935531015866545e-01 2.537157750139173995e-02 0.000000000000000000e+00 0.000000000000000000e+00 1.820000000000000000e+02 0.000000000000000000e+00 0.000000000000000000e+00 1.000000000000000000e+00
0.000000000000000000e+00 3.400000000000000000e+01 0.000000000000000000e+00 6.939999999999999503e+00 -2.981308273207193271e-01 2.712059695500132483e-02 0.000000000000000000e+00 0.000000000000000000e+00 1.820000000000000000e+02 0.000000000000000000e+00 0.000000000000000000e+00 1.000000000000000000e+00
0.000000000000000000e+00 3.400000000000000000e+01 0.000000000000000000e+00 6.950000000000000178e+00 -3.801242248700931192e-01 2.820889312128428694e-02 0.000000000000000000e+00 0.000000000000000000e+00 1.820000000000000000e+02 0.000000000000000000e+00 0.000000000000000000e+00 1.000000000000000000e+00
0.000000000000000000e+00 3.400000000000000000e+01 0.000000000000000000e+00 6.959999999999999964e+00 -4.853293985130456289e-01 2.691795002981735296e-02 0.000000000000000000e+00 0.000000000000000000e+00 1.820000000000000000e+02 0.000000000000000000e+00 0.000000000000000000e+00 1.000000000000000000e+00
0.000000000000000000e+00 3.400000000000000000e+01 0.000000000000000000e+00 6.969999999999999751e+00 -6.203902755243454470e-01 1.872802661920443951e-02 0.000000000000000000e+00 0.000000000000000000e+00 1.820000000000000000e+02 0.000000000000000000e+00 0.000000000000000000e+00 1.000000000000000000e+00
0.000000000000000000e+00 3.400000000000000000e+01 0.000000000000000000e+00 6.979999999999999538e+00 -7.938732416991713947e-01 1.933671318051101819e-05 0.000000000000000000e+00 1.000000000000000000e+00 1.820000000000000000e+02 0.000000000000000000e+00 0.000000000000000000e+00 1.000000000000000000e+00
0.000000000000000000e+00 3.400000000000000000e+01 0.000000000000000000e+00 6.990000000000000213e+00 -6.209096492813630519e-01 1.876917879366469394e-02 0.000000000000000000e+00 0.000000000000000000e+00 1.820000000000000000e+02 0.000000000000000000e+00 0.000000000000000000e+00 1.000000000000000000e+00
0.000000000000000000e+00 3.400000000000000000e+01 0.000000000000000000e+00 7.000000000000000000e+00 -4.863887975895141436e-01 2.701277478251304376e-02 0.000000000000000000e+00 0.000000000000000000e+00 1.820000000000000000e+02 0.000000000000000000e+00 0.000000000000000000e+00 1.000000000000000000e+00
0.000000000000000000e+00 3.400000000000000000e+01 0.000000000000000000e+00 7.009999999999999787e+00 -3.817655436684399550e-01 2.834968946025705205e-02 0.000000000000000000e+00 0.000000000000000000e+00 1.820000000000000000e+02 0.000000000000000000e+00 0.000000000000000000e+00 1.000000000000000000e+00
0.000000000000000000e+00 3.400000000000000000e+01 0.000000000000000000e+00 7.019999999999999574e+00 -3.004183797767218667e-01 2.730237626525010286e-02 0.000000000000000000e+00 0.000000000000000000e+00 1.820000000000000000e+02 0.000000000000000000e+00 0.000000000000000000e+00 1.000000000000000000e+00
0.000000000000000000e+00 3.400000000000000000e+01 0.000000000000000000e+00 7.030000000000000249e+00 -2.372158199901197029e-01 2.559301041378932162e-02 0.000000000000000000e+00 0.000000000000000000e+00 1.820000000000000000e+02 0.000000000000000000e+00 0.000000000000000000e+00 1.000000000000000000e+00
0.000000000000000000e+00 3.400000000000000000e+01 0.000000000000000000e+00 7.040000000000000036e+00 -1.881814144324104043e-01 2.386901845848259096e-02 0.000000000000000000e+00 0.000000000000000000e+00 1.820000000000000000e+02 0.000000000000000000e+00 0.000000000000000000e+00 1.000000000000000000e+00
0.000000000000000000e+00 3.400000000000000000e+01 0.000000000000000000e+00 7.049999999999999822e+00 -1.502348178811561963e-01 2.235425262990003992e-02 0.000000000000000000e+00 0.000000000000000000e+00 1.820000000000000000e+02 0.000000000000000000e+00 0.000000000000000000e+00 1.000000000000000000e+00
0.000000000000000000e+00 3.400000000000000000e+01 0.000000000000000000e+00 7.059999999999999609e+00 -1.209915039121863267e-01 2.110361205639678384e-02 0.000000000000000000e+00 0.000000000000000000e+00 1.820000000000000000e+02 0.000000000000000000e+00 0.000000000000000000e+00 1.000000000000000000e+00
0.000000000000000000e+00 3.400000000000000000e+01 0.000000000000000000e+00 7.070000000000000284e+00 -9.860767651955665292e-02 2.010727411902069051e-02 0.000000000000000000e+00 0.000000000000000000e+00 1.820000000000000000e+02 0.000000000000000000e+00 0.000000000000000000e+00 1.000000000000000000e+00
0.000000000000000000e+00 3.400000000000000000e+01 0.000000000000000000e+00 7.080000000000000071e+00 -8.165996317014614925e-02 1.933403891492203874e-02 0.000000000000000000e+00 0.000000000000000000e+00 1.820000000000000000e+02 0.000000000000000000e+00 0.000000000000000000e+00 1.000000000000000000e+00
0.000000000000000000e+00 3.400000000000000000e+01 0.000000000000000000e+00 7.089999999999999858e+00 -6.905178576104559207e-02 1.874900769937803968e-02 0.000000000000000000e+00 0.000000000000000000e+00 1.820000000000000000e+02 0.000000000000000000e+00 0.000000000000000000e+00 1.000000000000000000e+00
0.000000000000000000e+00 3.400000000000000000e+01 0.000000000000000000e+00 7.099999999999999645e+00 -5.994005730747386379e-02 1.832025059216770002e-02 0.000000000000000000e+00 0.000000000000000000e+00 1.820000000000000000e+02 0.000000000000000000e+00 0.000000000000000000e+00 1.000000000000000000e+00
0.000000000000000000e+00 3.400000000000000000e+01 0.000000000000000000e+00 7.110000000000000320e+00 -5.367716100835031451e-02 1.802076107255788651e-02 0.000000000000000000e+00 0.000000000000000000e+00 1.820000000000000000e+02 0.000000000000000000e+00 0.000000000000000000e+00 1.000000000000000000e+00
0.000000000000000000e+00 3.400000000000000000e+01 0.000000000000000000e+00 7.120000000000000107e+00 -4.976412172135325634e-02 1.782843753359833472e-02 0.000000000000000000e+00 0.000000000000000000e+00 1.820000000000000000e+02 0.000000000000000000e+00 0.000000000000000000e+00 1.000000000000000000e+00
0.000000000000000000e+00 3.400000000000000000e+01 0.000000000000000000e+00 7.129999999999999893e+00 -4.781153940129490715e-02 1.772527421359394728e-02 0.000000000000000000e+00 0.000000000000000000e+00 1.820000000000000000e+02 0.000000000000000000e+00 0.000000000000000000e+00 1.000000000000000000e+00
0.000000000000000000e+00 3.400000000000000000e+01 0.000000000000000000e+00 7.139999999999999680e+00 -4.750525986229487546e-02 1.769625041826440592e-02 0.000000000000000000e+00 0.000000000000000000e+00 1.820000000000000000e+02 0.000000000000000000e+00 0.000000000000000000e+00 1.000000000000000000e+00
0.000000000000000000e+00 3.400000000000000000e+01 0.000000000000000000e+00 7.150000000000000355e+00 -4.857393156811385532e-02 1.772809640600869763e-02 0.000000000000000000e+00 0.000000000000000000e+00 1.820000000000000000e+02 0.000000000000000000e+00 0.000000000000000000e+00 1.000000000000000000e+00
0.000000000000000000e+00 3.400000000000000000e+01 0.000000000000000000e+00 7.160000000000000142e+00 -5.075554150966904432e-02 1.780797512529015691e-02 0.000000000000000000e+00 0.000000000000000000e+00 1.820000000000000000e+02 0.000000000000000000e+00 0.000000000000000000e+00 1.000000000000000000e+00
0.000000000000000000e+00 3.400000000000000000e+01 0.000000000000000000e+00 7.169999999999999929e+00 -5.375972404921221248e-02 1.792205363775384308e-02 0.000000000000000000e+00 0.000000000000000000e+00 1.820000000000000000e+02 0.000000000000000000e+00 0.000000000000000000e+00 1.000000000000000000e+00
0.000000000000000000e+00 3.400000000000000000e+01 0.000000000000000000e+00 7.179999999999999716e+00 -5.722205969429058903e-02 1.805389265101459140e-02 0.000000000000000000e+00 0.000000000000000000e+00 1.820000000000000000e+02 0.000000000000000000e+00 0.000000000000000000e+00 1.000000000000000000e+00
0.000000000000000000e+00 3.400000000000000000e+01 0.000000000000000000e+00 7.189999999999999503e+00 -6.064566906039686733e-02 1.818250701366026789e-02 0.000000000000000000e+00 0.000000000000000000e+00 1.820000000000000000e+02 0.000000000000000000e+00 0.000000000000000000e+00 1.000000000000000000e+00
0.000000000000000000e+00 3.400000000000000000e+01 0.000000000000000000e+00 7.200000000000000178e+00 -6.332407587437453855e-02 1.827976328430849784e-02 0.000000000000000000e+00 0.000000000000000000e+00 1.820000000000000000e+02 0.000000000000000000e+00 0.000000000000000000e+00 1.000000000000000000e+00
0.000000000000000000e+00 3.400000000000000000e+01 0.000000000000000000e+00 7.209999999999999964e+00 -6.423744172688228282e-02 1.830633120566771410e-02 0.000000000000000000e+00 0.000000000000000000e+00 1.820000000000000000e+02 0.000000000000000000e+00 0.000000000000000000e+00 1.000000000000000000e+00
0.000000000000000000e+00 3.400000000000000000e+01 0.000000000000000000e+00 7.219999999999999751e+00 -6.191169915910776228e-02 1.820444558959140313e-02 0.000000000000000000e+00 0.000000000000000000e+00 1.820000000000000000e+02 0.000000000000000000e+00 0.000000000000000000e+00 1.000000000000000000e+00
0.000000000000000000e+00 3.400000000000000000e+01 0.000000000000000000e+00 7.229999999999999538e+00 -5.773884311211267134e-02 1.802867015500878023e-02 0.000000000000000000e+00 0.000000000000000000e+00 1.820000000000000000e+02 0.000000000000000000e+00 0.000000000000000000e+00 1.000000000000000000e+00
0.000000000000000000e+00 3.400000000000000000e+01 0.000000000000000000e+00 7.240000000000000213e+00 -5.265172057510675990e-02 1.781440361517533377e-02 0.000000000000000000e+00 0.000000000000000000e+00 1.820000000000000000e+02 0.000000000000000000e+00 0.000000000000000000e+00 1.000000000000000000e+00
0.000000000000000000e+00 3.400000000000000000e+01 0.000000000000000000e+00 7.250000000000000000e+00 -4.725967363256025622e-02 1.758516627759929007e-02 0.000000000000000000e+00 0.000000000000000000e+00 1.820000000000000000e+02 0.000000000000000000e+00 0.000000000000000000e+00 1.000000000000000000e+00
0.000000000000000000e+00 3.400000000000000000e+01 0.000000000000000000e+00 7.259999999999999787e+00 -4.194645134270467979e-02 1.735651190609269201e-02 0.000000000000000000e+00 0.000000000000000000e+00 1.820000000000000000e+02 0.000000000000000000e+00 0.000000000000000000e+00 1.000000000000000000e+00
0.000000000000000000e+00 3.400000000000000000e+01 0.000000000000000000e+00 7.269999999999999574e+00 -3.694049887362249596e-02 1.713837496381159786e-02 0.000000000000000000e+00 0.000000000000000000e+00 1.820000000000000000e+02 0.000000000000000000e+00 0.000000000000000000e+00 1.000000000000000000e+00
0.000000000000000000e+00 3.400000000000000000e+01 0.000000000000000000e+00 7.280000000000000249e+00 -3.236509218941692467e-02 1.693665837984677236e-02 0.000000000000000000e+00 0.000000000000000000e+00 1.820000000000000000e+02 0.000000000000000000e+00 0.000000000000000000e+00 1.000000000000000000e+00
0.000000000000000000e+00 3.400000000000000000e+01 0.000000000000000000e+00 7.290000000000000036e+00 -2.827382360510947296e-02 1.675439715856678891e-02 0.000000000000000000e+00 0.000000000000000000e+00 1.820000000000000000e+02 0.000000000000000000e+00 0.000000000000000000e+00 1.000000000000000000e+00
0.000000000000000000e+00 3.400000000000000000e+01 0.000000000000000000e+00 7.299999999999999822e+00 -2.467548635065927587e-02 1.659263853548802181e-02 0.000000000000000000e+00 0.000000000000000000e+00 1.820000000000000000e+02 0.000000000000000000e+00 0.000000000000000000e+00 1.000000000000000000e+00
0.000000000000000000e+00 3.400000000000000000e+01 0.000000000000000000e+00 7.309999999999999609e+00 -2.155132646207277847e-02 1.645110701942337217e-02 0.000000000000000000e+00 0.000000000000000000e+00 1.820000000000000000e+02 0.000000000000000000e+00 0.000000000000000000e+00 1.000000000000000000e+00
0.000000000000000000e+00 3.400000000000000000e+01 0.000000000000000000e+00 7.320000000000000284e+00 -1.886683166892869773e-02 1.632869794653088458e-02 0.000000000000000000e+00 0.000000000000000000e+00 1.820000000000000000e+02 0.000000000000000000e+00 0.000000000000000000e+00 1.000000000000000000e+00
0.000000000000000000e+00 3.400000000000000000e+01 0.000000000000000000e+00 7.330000000000000071e+00 -1.657963751575715350e-02 1.622383428025664376e-02 0.000000000000000000e+00 0.000000000000000000e+00 1.820000000000000000e+02 0.000000000000000000e+00 0.000000000000000000e+00 1.000000000000000000e+00
0.000000000000000000e+00 3.400000000000000000e+01 0.000000000000000000e+00 7.339999999999999858e+00 -1.464469696176357548e-02 1.613471652835851700e-02 0.000000000000000000e+00 0.000000000000000000e+00 1.820000000000000000e+02 0.000000000000000000e+00 0.000000000000000000e+00 1.000000000000000000e+00
0.000000000000000000e+00 3.400000000000000000e+01 0.000000000000000000e+00 7.349999999999999645e+00 -1.301754100301031128e-02 1.605949129675468545e-02 0.000000000000000000e+00 0.000000000000000000e+00 1.820000000000000000e+02 0.000000000000000000e+00 0.000000000000000000e+00 1.000000000000000000e+00
0.000000000000000000e+00 3.400000000000000000e+01 0.000000000000000000e+00 7.360000000000000320e+00 -1.165622451966720659e-02 1.599635958481393505e-02 0.000000000000000000e+00 0.000000000000000000e+00 1.820000000000000000e+02 0.000000000000000000e+00 0.000000000000000000e+00 1.000000000000000000e+00
0.000000000000000000e+00 3.400000000000000000e+01 0.000000000000000000e+00 7.370000000000000107e+00 -1.052238127892602543e-02 1.594364166857646647e-02 0.000000000000000000e+00 0.000000000000000000e+00 1.820000000000000000e+02 0.000000000000000000e+00 0.000000000000000000e+00 1.000000000000000000e+00
0.000000000000000000e+00 3.400000000000000000e+01 0.000000000000000000e+00 7.379999999999999893e+00 -9.581688248426695545e-03 1.589981159585350523e-02 0.000000000000000000e+00 0.000000000000000000e+00 1.820000000000000000e+02 0.000000000000000000e+00 0.000000000000000000e+00 1.000000000000000000e+00
0.000000000000000000e+00 3.400000000000000000e+01 0.000000000000000000e+00 7.389999999999999680e+00 -8.803949792145389364e-03 1.586351108383138309e-02 0.000000000000000000e+00 0.000000000000000000e+00 1.820000000000000000e+02 0.000000000000000000e+00 0.000000000000000000e+00 1.000000000000000000e+00
0.000000000000000000e+00 3.400000000000000000e+01 0.000000000000000000e+00 7.400000000000000355e+00 -8.162947812910686940e-03 1.583354999687978937e-02 0.000000000000000000e+00 0.000000000000000000e+00 1.820000000000000000e+02 0.000000000000000000e+00 0.000000000000000000e+00 1.000000000000000000e+00
0.000000000000000000e+00 3.400000000000000000e+01 0.000000000000000000e+00 7.410000000000000142e+00 -7.636157729139319422e-03 1.580889854360850721e-02 0.000000000000000000e+00 0.000000000000000000e+00 1.820000000000000000e+02 0.000000000000000000e+00 0.000000000000000000e+00 1.000000000000000000e+00
0.000000000000000000e+00 3.400000000000000000e+01 0.000000000000000000e+00 7.419999999999999929e+00 -7.204397350548280912e-03 1.578867478540761649e-02 0.000000000000000000e+00 0.000000000000000000e+00 1.820000000000000000e+02 0.000000000000000000e+00 0.000000000000000000e+00 1.000000000000000000e+00
0.000000000000000000e+00 3.400000000000000000e+01 0.000000000000000000e+00 7.429999999999999716e+00 -6.851452583519335345e-03 1.577212990212252530e-02 0.000000000000000000e+00 0.000000000000000000e+00 1.820000000000000000e+02 0.000000000000000000e+00 0.000000000000000000e+00 1.000000000000000000e+00
0.000000000000000000e+00 3.400000000000000000e+01 0.000000000000000000e+00 7.439999999999999503e+00 -6.563707760065501211e-03 1.575863282801753806e-02 0.000000000000000000e+00 0.000000000000000000e+00 1.820000000000000000e+02 0.000000000000000000e+00 0.000000000000000000e+00 1.000000000000000000e+00
0.000000000000000000e+00 3.400000000000000000e+01 0.000000000000000000e+00 7.450000000000000178e+00 -6.329797274472640650e-03 1.574765527860237657e-02 0.000000000000000000e+00 0.000000000000000000e+00 1.820000000000000000e+02 0.000000000000000000e+00 0.000000000000000000e+00 1.000000000000000000e+00
0.000000000000000000e+00 3.400000000000000000e+01 0.000000000000000000e+00 7.459999999999999964e+00 -6.140287690888980056e-03 1.573875777570866996e-02 0.000000000000000000e+00 0.000000000000000000e+00 1.820000000000000000e+02 0.000000000000000000e+00 0.000000000000000000e+00 1.000000000000000000e+00
0.000000000000000000e+00 3.400000000000000000e+01 0.000000000000000000e+00 7.469999999999999751e+00 -5.987394508454685522e-03 1.573157699676089316e-02 0.000000000000000000e+00 0.000000000000000000e+00 1.820000000000000000e+02 0.000000000000000000e+00 0.000000000000000000e+00 1.000000000000000000e+00
0.000000000000000000e+00 3.400000000000000000e+01 0.000000000000000000e+00 7.479999999999999538e+00 -5.864734581994358008e-03 1.572581458796781795e-02 0.000000000000000000e+00 0.000000000000000000e+00 1.820000000000000000e+02 0.000000000000000000e+00 0.000000000000000000e+00 1.000000000000000000e+00
0.000000000000000000e+00 3.400000000000000000e+01 0.000000000000000000e+00 7.490000000000000213e+00 -5.767113251798084914e-03 1.572122746273151017e-02 0.000000000000000000e+00 0.000000000000000000e+00 1.820000000000000000e+02 0.000000000000000000e+00 0.000000000000000000e+00 1.000000000000000000e+00
0.000000000000000000e+00 3.400000000000000000e+01 0.000000000000000000e+00 7.500000000000000000e+00 -5.690344146577277183e-03 1.571761953566408465e-02 0.000000000000000000e+00 0.000000000000000000e+00 1.820000000000000000e+02 0.000000000000000000e+00 0.000000000000000000e+00 1.000000000000000000e+00
0.000000000000000000e+00 3.400000000000000000e+01 0.000000000000000000e+00 7.509999999999999787e+00 -5.631099113270381443e-03 1.571483480447505299e-02 0.000000000000000000e+00 0.000000000000000000e+00 1.820000000000000000e+02 0.000000000000000000e+00 0.000000000000000000e+00 1.000000000000000000e+00
0.000000000000000000e+00 3.400000000000000000e+01 0.000000000000000000e+00 7.519999999999999574e+00 -5.586785601971600533e-03 1.571275167607213974e-02 0.000000000000000000e+00 0.000000000000000000e+00 1.820000000000000000e+02 0.000000000000000000e+00 0.000000000000000000e+00 1.000000000000000000e+00
0.000000000000000000e+00 3.400000000000000000e+01 0.000000000000000000e+00 7.530000000000000249e+00 -5.555448959075565650e-03 1.571127843202087260e-02 0.000000000000000000e+00 0.000000000000000000e+00 1.820000000000000000e+02 0.000000000000000000e+00 0.000000000000000000e+00 1.000000000000000000e+00
0.000000000000000000e+00 3.400000000000000000e+01 0.000000000000000000e+00 7.540000000000000036e+00 -5.535697364489408287e-03 1.571034973683763103e-02 0.000000000000000000e+00 0.000000000000000000e+00 1.820000000000000000e+02 0.000000000000000000e+00 0.000000000000000000e+00 1.000000000000000000e+00
0.000000000000000000e+00 3.400000000000000000e+01 0.000000000000000000e+00 7.549999999999999822e+00 -5.526647527398045358e-03 1.570992410686662677e-02 0.000000000000000000e+00 0.000000000000000000e+00 1.820000000000000000e+02 0.000000000000000000e+00 0.000000000000000000e+00 1.000000000000000000e+00
0.000000000000000000e+00 3.400000000000000000e+01 0.000000000000000000e+00 7.559999999999999609e+00 -5.527889688692287466e-03 1.570998227531339442e-02 0.000000000000000000e+00 0.000000000000000000e+00 1.820000000000000000e+02 0.000000000000000000e+00 0.000000000000000000e+00 1.000000000000000000e+00
0.000000000000000000e+00 3.400000000000000000e+01 0.000000000000000000e+00 7.570000000000000284e+00 -5.539470940354881100e-03 1.571052640875506001e-02 0.000000000000000000e+00 0.000000000000000000e+00 1.820000000000000000e+02 0.000000000000000000e+00 0.000000000000000000e+00 1.000000000000000000e+00
0.000000000000000000e+00 3.400000000000000000e+01 0.000000000000000000e+00 7.580000000000000071e+00 -5.561896345792491196e-03 1.571158015101992156e-02 0.000000000000000000e+00 0.000000000000000000e+00 1.820000000000000000e+02 0.000000000000000000e+00 0.000000000000000000e+00 1.000000000000000000e+00
0.000000000000000000e+00 3.400000000000000000e+01 0.000000000000000000e+00 7.589999999999999858e+00 -5.596147818619150865e-03 1.571318949091329853e-02 0.000000000000000000e+00 0.000000000000000000e+00 1.820000000000000000e+02 0.000000000000000000e+00 0.000000000000000000e+00 1.000000000000000000e+00
0.000000000000000000e+00 3.400000000000000000e+01 0.000000000000000000e+00 7.599999999999999645e+00 -5.643721181068051158e-03 1.571542447014587229e-02 0.000000000000000000e+00 0.000000000000000000e+00 1.820000000000000000e+02 0.000000000000000000e+00 0.000000000000000000e+00 1.000000000000000000e+00
0.000000000000000000e+00 3.400000000000000000e+01 0.000000000000000000e+00 7.610000000000000320e+00 -5.706682266272355974e-03 1.571838176619032301e-02 0.000000000000000000e+00 0.000000000000000000e+00 1.820000000000000000e+02 0.000000000000000000e+00 0.000000000000000000e+00 1.000000000000000000e+00
0.000000000000000000e+00 3.400000000000000000e+01 0.000000000000000000e+00 7.620000000000000107e+00 -5.787743336057076839e-03 1.572218820057998123e-02 0.000000000000000000e+00 0.000000000000000000e+00 1.820000000000000000e+02 0.000000000000000000e+00 0.000000000000000000e+00 1.000000000000000000e+00
0.000000000000000000e+00 3.400000000000000000e+01 0.000000000000000000e+00 7.629999999999999893e+00 -5.890361434604535727e-03 1.572700523480072277e-02 0.000000000000000000e+00 0.000000000000000000e+00 1.820000000000000000e+02 0.000000000000000000e+00 0.000000000000000000e+00 1.000000000000000000e+00
0.000000000000000000e+00 3.400000000000000000e+01 0.000000000000000000e+00 7.639999999999999680e+00 -6.018860552866094060e-03 1.573303452109983680e-02 0.000000000000000000e+00 0.000000000000000000e+00 1.820000000000000000e+02 0.000000000000000000e+00 0.000000000000000000e+00 1.000000000000000000e+00
0.000000000000000000e+00 3.400000000000000000e+01 0.000000000000000000e+00 7.650000000000000355e+00 -6.178579584938142209e-03 1.574052457082310286e-02 0.000000000000000000e+00 0.000000000000000000e+00 1.820000000000000000e+02 0.000000000000000000e+00 0.000000000000000000e+00 1.000000000000000000e+00
0.000000000000000000e+00 3.400000000000000000e+01 0.000000000000000000e+00 7.660000000000000142e+00 -6.376047935523538115e-03 1.574977858335276093e-02 0.000000000000000000e+00 0.000000000000000000e+00 1.820000000000000000e+02 0.000000000000000000e+00 0.000000000000000000e+00 1.000000000000000000e+00
0.000000000000000000e+00 3.400000000000000000e+01 0.000000000000000000e+00 7.669999999999999929e+00 -6.619190169784625218e-03 1.576116343730088465e-02 0.000000000000000000e+00 0.000000000000000000e+00 1.820000000000000000e+02 0.000000000000000000e+00 0.000000000000000000e+00 1.000000000000000000e+00
0.000000000000000000e+00 3.400000000000000000e+01 0.000000000000000000e+00 7.679999999999999716e+00 -6.917560114581755223e-03 1.577511977245245334e-02 0.000000000000000000e+00 0.000000000000000000e+00 1.820000000000000000e+02 0.000000000000000000e+00 0.000000000000000000e+00 1.000000000000000000e+00
0.000000000000000000e+00 3.400000000000000000e+01 0.000000000000000000e+00 7.689999999999999503e+00 -7.282603083279505160e-03 1.579217297244793483e-02 0.000000000000000000e+00 0.000000000000000000e+00 1.820000000000000000e+02 0.000000000000000000e+00 0.000000000000000000e+00 1.000000000000000000e+00
0.000000000000000000e+00 3.400000000000000000e+01 0.000000000000000000e+00 7.700000000000000178e+00 -7.727942066971440344e-03 1.581294467596050524e-02 0.000000000000000000e+00 0.000000000000000000e+00 1.820000000000000000e+02 0.000000000000000000e+00 0.000000000000000000e+00 1.000000000000000000e+00
0.000000000000000000e+00 3.400000000000000000e+01 0.000000000000000000e+00 7.709999999999999964e+00 -8.269679340743140566e-03 1.583816417376261720e-02 0.000000000000000000e+00 0.000000000000000000e+00 1.820000000000000000e+02 0.000000000000000000e+00 0.000000000000000000e+00 1.000000000000000000e+00
0.000000000000000000e+00 3.400000000000000000e+01 0.000000000000000000e+00 7.719999999999999751e+00 -8.926698318517067160e-03 1.586867865899097008e-02 0.000000000000000000e+00 0.000000000000000000e+00 1.820000000000000000e+02 0.000000000000000000e+00 0.000000000000000000e+00 1.000000000000000000e+00
0.000000000000000000e+00 3.400000000000000000e+01 0.000000000000000000e+00 7.729999999999999538e+00 -9.720940748102690002e-03 1.590546074843462998e-02 0.000000000000000000e+00 0.000000000000000000e+00 1.820000000000000000e+02 0.000000000000000000e+00 0.000000000000000000e+00 1.000000000000000000e+00
0.000000000000000000e+00 3.400000000000000000e+01 0.000000000000000000e+00 7.740000000000000213e+00 -1.067762022357229140e-02 1.594961093605128111e-02 0.000000000000000000e+00 0.000000000000000000e+00 1.820000000000000000e+02 0.000000000000000000e+00 0.000000000000000000e+00 1.000000000000000000e+00
0.000000000000000000e+00 3.400000000000000000e+01 0.000000000000000000e+00 7.750000000000000000e+00 -1.182531279875095875e-02 1.600235162238020092e-02 0.000000000000000000e+00 0.000000000000000000e+00 1.820000000000000000e+02 0.000000000000000000e+00 0.000000000000000000e+00 1.000000000000000000e+00
0.000000000000000000e+00 3.400000000000000000e+01 0.000000000000000000e+00 7.759999999999999787e+00 -1.319583688432284831e-02 1.606500803109094100e-02 0.000000000000000000e+00 0.000000000000000000e+00 1.820000000000000000e+02 0.000000000000000000e+00 0.000000000000000000e+00 1.000000000000000000e+00
0.000000000000000000e+00 3.400000000000000000e+01 0.000000000000000000e+00 7.769999999999999574e+00 -1.482379443181470330e-02 1.613896963481534219e-02 0.000000000000000000e+00 0.000000000000000000e+00 1.820000000000000000e+02 0.000000000000000000e+00 0.000000000000000000e+00 1.000000000000000000e+00
0.000000000000000000e+00 3.400000000000000000e+01 0.000000000000000000e+00 7.780000000000000249e+00 -1.674558934735511512e-02 1.622562366008917234e-02 0.000000000000000000e+00 0.000000000000000000e+00 1.820000000000000000e+02 0.000000000000000000e+00 0.000000000000000000e+00 1.000000000000000000e+00
0.000000000000000000e+00 3.400000000000000000e+01 0.000000000000000000e+00 7.790000000000000036e+00 -1.899766130885350776e-02 1.632624989167305585e-02 0.000000000000000000e+00 0.000000000000000000e+00 1.820000000000000000e+02 0.000000000000000000e+00 0.000000000000000000e+00 1.000000000000000000e+00
0.000000000000000000e+00 3.400000000000000000e+01 0.000000000000000000e+00 7.799999999999999822e+00 -2.161356580608343736e-02 1.644186354064096356e-02 0.000000000000000000e+00 0.000000000000000000e+00 1.820000000000000000e+02 0.000000000000000000e+00 0.000000000000000000e+00 1.000000000000000000e+00
0.000000000000000000e+00 3.400000000000000000e+01 0.000000000000000000e+00 7.809999999999999609e+00 -2.461938366006992743e-02 1.657299074772333736e-02 0.000000000000000000e+00 0.000000000000000000e+00 1.820000000000000000e+02 0.000000000000000000e+00 0.000000000000000000e+00 1.000000000000000000e+00
0.000000000000000000e+00 3.400000000000000000e+01 0.000000000000000000e+00 7.820000000000000284e+00 -2.802674119987671325e-02 1.671935991048835446e-02 0.000000000000000000e+00 0.000000000000000000e+00 1.820000000000000000e+02 0.000000000000000000e+00 0.000000000000000000e+00 1.000000000000000000e+00
0.000000000000000000e+00 3.400000000000000000e+01 0.000000000000000000e+00 7.830000000000000071e+00 -3.182244644655164711e-02 1.687949196034890798e-02 0.000000000000000000e+00 0.000000000000000000e+00 1.820000000000000000e+02 0.000000000000000000e+00 0.000000000000000000e+00 1.000000000000000000e+00
0.000000000000000000e+00 3.400000000000000000e+01 0.000000000000000000e+00 7.839999999999999858e+00 -3.595337125120270927e-02 1.705017362031721606e-02 0.000000000000000000e+00 0.000000000000000000e+00 1.820000000000000000e+02 0.000000000000000000e+00 0.000000000000000000e+00 1.000000000000000000e+00
0.000000000000000000e+00 3.400000000000000000e+01 0.000000000000000000e+00 7.849999999999999645e+00 -4.030469973060855915e-02 1.722579599473299250e-02 0.000000000000000000e+00 0.000000000000000000e+00 1.820000000000000000e+02 0.000000000000000000e+00 0.000000000000000000e+00 1.000000000000000000e+00
0.000000000000000000e+00 3.400000000000000000e+01 0.000000000000000000e+00 7.860000000000000320e+00 -4.466897316672569646e-02 1.739752413661978248e-02 0.000000000000000000e+00 0.000000000000000000e+00 1.820000000000000000e+02 0.000000000000000000e+00 0.000000000000000000e+00 1.000000000000000000e+00
0.000000000000000000e+00 3.400000000000000000e+01 0.000000000000000000e+00 7.870000000000000107e+00 -4.870242875062289617e-02 1.755219776976874035e-02 0.000000000000000000e+00 0.000000000000000000e+00 1.820000000000000000e+02 0.000000000000000000e+00 0.000000000000000000e+00 1.000000000000000000e+00
0.000000000000000000e+00 3.400000000000000000e+01 0.000000000000000000e+00 7.879999999999999893e+00 -5.186387125311851115e-02 1.767066997945361539e-02 0.000000000000000000e+00 0.000000000000000000e+00 1.820000000000000000e+02 0.000000000000000000e+00 0.000000000000000000e+00 1.000000000000000000e+00
0.000000000000000000e+00 3.400000000000000000e+01 0.000000000000000000e+00 7.889999999999999680e+00 -5.332962220605380610e-02 1.772480556568060972e-02 0.000000000000000000e+00 0.000000000000000000e+00 1.820000000000000000e+02 0.000000000000000000e+00 0.000000000000000000e+00 1.000000000000000000e+00
0.000000000000000000e+00 3.400000000000000000e+01 0.000000000000000000e+00 7.900000000000000355e+00 -5.187581282545878497e-02 1.767129408246279065e-02 0.000000000000000000e+00 0.000000000000000000e+00 1.820000000000000000e+02 0.000000000000000000e+00 0.000000000000000000e+00 1.000000000000000000e+00
0.000000000000000000e+00 3.400000000000000000e+01 0.000000000000000000e+00 7.910000000000000142e+00 -4.872688185227572882e-02 1.755346780039954147e-02 0.000000000000000000e+00 0.000000000000000000e+00 1.820000000000000000e+02 0.000000000000000000e+00 0.000000000000000000e+00 1.000000000000000000e+00
0.000000000000000000e+00 3.400000000000000000e+01 0.000000000000000000e+00 7.919999999999999929e+00 -4.470710346165889665e-02 1.739948841370854427e-02 0.000000000000000000e+00 0.000000000000000000e+00 1.820000000000000000e+02 0.000000000000000000e+00 0.000000000000000000e+00 1.000000000000000000e+00
0.000000000000000000e+00 3.400000000000000000e+01 0.000000000000000000e+00 7.929999999999999716e+00 -4.035832113315138830e-02 1.722853331555301848e-02 0.000000000000000000e+00 0.000000000000000000e+00 1.820000000000000000e+02 0.000000000000000000e+00 0.000000000000000000e+00 1.000000000000000000e+00
0.000000000000000000e+00 3.400000000000000000e+01 0.000000000000000000e+00 7.940000000000000391e+00 -3.602502738119149617e-02 1.705379768532737372e-02 0.000000000000000000e+00 0.000000000000000000e+00 1.820000000000000000e+02 0.000000000000000000e+00 0.000000000000000000e+00 1.000000000000000000e+00
0.000000000000000000e+00 3.400000000000000000e+01 0.000000000000000000e+00 7.950000000000000178e+00 -3.191552425335660720e-02 1.688415687344674287e-02 0.000000000000000000e+00 0.000000000000000000e+00 1.820000000000000000e+02 0.000000000000000000e+00 0.000000000000000000e+00 1.000000000000000000e+00
0.000000000000000000e+00 3.400000000000000000e+01 0.000000000000000000e+00 7.959999999999999964e+00 -2.814562124613942395e-02 1.672526720101756570e-02 0.000000000000000000e+00 0.000000000000000000e+00 1.820000000000000000e+02 0.000000000000000000e+00 0.000000000000000000e+00 1.000000000000000000e+00
0.000000000000000000e+00 3.400000000000000000e+01 0.000000000000000000e+00 7.969999999999999751e+00 -2.476963291559588706e-02 1.658039830450626362e-02 0.000000000000000000e+00 0.000000000000000000e+00 1.820000000000000000e+02 0.000000000000000000e+00 0.000000000000000000e+00 1.000000000000000000e+00
0.000000000000000000e+00 3.400000000000000000e+01 0.000000000000000000e+00 7.979999999999999538e+00 -2.180218031704113379e-02 1.645109685706742930e-02 0.000000000000000000e+00 0.000000000000000000e+00 1.820000000000000000e+02 0.000000000000000000e+00 0.000000000000000000e+00 1.000000000000000000e+00
0.000000000000000000e+00 3.400000000000000000e+01 0.000000000000000000e+00 7.990000000000000213e+00 -1.923336780318884651e-02 1.633771606600119275e-02 0.000000000000000000e+00 0.000000000000000000e+00 1.820000000000000000e+02 0.000000000000000000e+00 0.000000000000000000e+00 1.000000000000000000e+00
0.000000000000000000e+00 3.400000000000000000e+01 0.000000000000000000e+00 8.000000000000000000e+00 -1.703921673419507565e-02 1.623982866355175303e-02 0.000000000000000000e+00 0.000000000000000000e+00 1.820000000000000000e+02 0.000000000000000000e+00 0.000000000000000000e+00 1.000000000000000000e+00
0.000000000000000000e+00 3.400000000000000000e+01 0.000000000000000000e+00 8.009999999999999787e+00 -1.518872826064122938e-02 1.615653944474712556e-02 0.000000000000000000e+00 0.000000000000000000e+00 1.820000000000000000e+02 0.000000000000000000e+00 0.000000000000000000e+00 1.000000000000000000e+00
0.000000000000000000e+00 3.400000000000000000e+01 0.000000000000000000e+00 8.019999999999999574e+00 -1.364857214266246462e-02 1.608671432202053719e-02 0.000000000000000000e+00 0.000000000000000000e+00 1.820000000000000000e+02 0.000000000000000000e+00 0.000000000000000000e+00 1.000000000000000000e+00
0.000000000000000000e+00 3.400000000000000000e+01 0.000000000000000000e+00 8.029999999999999361e+00 -1.238612291354411130e-02 1.602914280980964612e-02 0.000000000000000000e+00 0.000000000000000000e+00 1.820000000000000000e+02 0.000000000000000000e+00 0.000000000000000000e+00 1.000000000000000000e+00
0.000000000000000000e+00 3.400000000000000000e+01 0.000000000000000000e+00 8.039999999999999147e+00 -1.137136272129286516e-02 1.598264946893779292e-02 0.000000000000000000e+00 0.000000000000000000e+00 1.820000000000000000e+02 0.000000000000000000e+00 0.000000000000000000e+00 1.000000000000000000e+00
0.000000000000000000e+00 3.400000000000000000e+01 0.000000000000000000e+00 8.050000000000000711e+00 -1.057802259492287601e-02 1.594616763768222367e-02 0.000000000000000000e+00 0.000000000000000000e+00 1.820000000000000000e+02 0.000000000000000000e+00 0.000000000000000000e+00 1.000000000000000000e+00
0.000000000000000000e+00 3.400000000000000000e+01 0.000000000000000000e+00 8.060000000000000497e+00 -9.984226293523352017e-03 1.591878629630105735e-02 0.000000000000000000e+00 0.000000000000000000e+00 1.820000000000000000e+02 0.000000000000000000e+00 0.000000000000000000e+00 1.000000000000000000e+00
0.000000000000000000e+00 3.400000000000000000e+01 0.000000000000000000e+00 8.070000000000000284e+00 -9.572822560855238916e-03 1.589977851674674592e-02 0.000000000000000000e+00 0.000000000000000000e+00 1.820000000000000000e+02 0.000000000000000000e+00 0.000000000000000000e+00 1.000000000000000000e+00
0.000000000000000000e+00 3.400000000000000000e+01 0.000000000000000000e+00 8.080000000000000071e+00 -9.331534477974221670e-03 1.588861782037054304e-02 0.000000000000000000e+00 0.000000000000000000e+00 1.820000000000000000e+02 0.000000000000000000e+00 0.000000000000000000e+00 1.000000000000000000e+00
0.000000000000000000e+00 3.400000000000000000e+01 0.000000000000000000e+00 8.089999999999999858e+00 -9.253012609816283970e-03 1.588498695596525512e-02 0.000000000000000000e+00 0.000000000000000000e+00 1.820000000000000000e+02 0.000000000000000000e+00 0.000000000000000000e+00 1.000000000000000000e+00
0.000000000000000000e+00 3.400000000000000000e+01 0.000000000000000000e+00 8.099999999999999645e+00 -9.334847133790125095e-03 1.588878209342818593e-02 0.000000000000000000e+00 0.000000000000000000e+00 1.820000000000000000e+02 0.000000000000000000e+00 0.000000000000000000e+00 1.000000000000000000e+00
0.000000000000000000e+00 3.400000000000000000e+01 0.000000000000000000e+00 8.109999999999999432e+00 -9.579569472583740822e-03 1.590011413835688836e-02 0.000000000000000000e+00 0.000000000000000000e+00 1.820000000000000000e+02 0.000000000000000000e+00 0.000000000000000000e+00 1.000000000000000000e+00
0.000000000000000000e+00 3.400000000000000000e+01 0.000000000000000000e+00 8.119999999999999218e+00 -9.994653139670376871e-03 1.591930772418184703e-02 0.000000000000000000e+00 0.000000000000000000e+00 1.820000000000000000e+02 0.000000000000000000e+00 0.000000000000000000e+00 1.000000000000000000e+00
0.000000000000000000e+00 3.400000000000000000e+01 0.000000000000000000e+00 8.130000000000000782e+00 -1.059250392632666779e-02 1.594689733712303936e-02 0.000000000000000000e+00 0.000000000000000000e+00 1.820000000000000000e+02 0.000000000000000000e+00 0.000000000000000000e+00 1.000000000000000000e+00
0.000000000000000000e+00 3.400000000000000000e+01 0.000000000000000000e+00 8.140000000000000568e+00 -1.139040871469482880e-02 1.598361887912873314e-02 0.000000000000000000e+00 0.000000000000000000e+00 1.820000000000000000e+02 0.000000000000000000e+00 0.000000000000000000e+00 1.000000000000000000e+00
0.000000000000000000e+00 3.400000000000000000e+01 0.000000000000000000e+00 8.150000000000000355e+00 -1.241038747120286334e-02 1.603039368028008615e-02 0.000000000000000000e+00 0.000000000000000000e+00 1.820000000000000000e+02 0.000000000000000000e+00 0.000000000000000000e+00 1.000000000000000000e+00
0.000000000000000000e+00 3.400000000000000000e+01 0.000000000000000000e+00 8.160000000000000142e+00 -1.367886136173897087e-02 1.608830044710646279e-02 0.000000000000000000e+00 0.000000000000000000e+00 1.820000000000000000e+02 0.000000000000000000e+00 0.000000000000000000e+00 1.000000000000000000e+00
0.000000000000000000e+00 3.400000000000000000e+01 0.000000000000000000e+00 8.169999999999999929e+00 -1.522600777674382178e-02 1.615852880694072791e-02 0.000000000000000000e+00 0.000000000000000000e+00 1.820000000000000000e+02 0.000000000000000000e+00 0.000000000000000000e+00 1.000000000000000000e+00
0.000000000000000000e+00 3.400000000000000000e+01 0.000000000000000000e+00 8.179999999999999716e+00 -1.708461569964721261e-02 1.624230594961953433e-02 0.000000000000000000e+00 0.000000000000000000e+00 1.820000000000000000e+02 0.000000000000000000e+00 0.000000000000000000e+00 1.000000000000000000e+00
0.000000000000000000e+00 3.400000000000000000e+01 0.000000000000000000e+00 8.189999999999999503e+00 -1.928817620166667357e-02 1.634078541892247660e-02 0.000000000000000000e+00 0.000000000000000000e+00 1.820000000000000000e+02 0.000000000000000000e+00 0.000000000000000000e+00 1.000000000000000000e+00
0.000000000000000000e+00 3.400000000000000000e+01 0.000000000000000000e+00 8.199999999999999289e+00 -2.186783482018732003e-02 1.645488453284833785e-02 0.000000000000000000e+00 0.000000000000000000e+00 1.820000000000000000e+02 0.000000000000000000e+00 0.000000000000000000e+00 1.000000000000000000e+00
0.000000000000000000e+00 3.400000000000000000e+01 0.000000000000000000e+00 8.209999999999999076e+00 -2.484768438916558006e-02 1.658505455433099962e-02 0.000000000000000000e+00 0.000000000000000000e+00 1.820000000000000000e+02 0.000000000000000000e+00 0.000000000000000000e+00 1.000000000000000000e+00
0.000000000000000000e+00 3.400000000000000000e+01 0.000000000000000000e+00 8.220000000000000639e+00 -2.823767409026732220e-02 1.673096610570053155e-02 0.000000000000000000e+00 0.000000000000000000e+00 1.820000000000000000e+02 0.000000000000000000e+00 0.000000000000000000e+00 1.000000000000000000e+00
0.000000000000000000e+00 3.400000000000000000e+01 0.000000000000000000e+00 8.230000000000000426e+00 -3.202313371251392510e-02 1.689109189817428192e-02 0.000000000000000000e+00 0.000000000000000000e+00 1.820000000000000000e+02 0.000000000000000000e+00 0.000000000000000000e+00 1.000000000000000000e+00
0.000000000000000000e+00 3.400000000000000000e+01 0.000000000000000000e+00 8.240000000000000213e+00 -3.614953537800438821e-02 1.706216926494333319e-02 0.000000000000000000e+00 0.000000000000000000e+00 1.820000000000000000e+02 0.000000000000000000e+00 0.000000000000000000e+00 1.000000000000000000e+00
0.000000000000000000e+00 3.400000000000000000e+01 0.000000000000000000e+00 8.250000000000000000e+00 -4.050060351901308558e-02 1.723852274613023317e-02 0.000000000000000000e+00 0.000000000000000000e+00 1.820000000000000000e+02 0.000000000000000000e+00 0.000000000000000000e+00 1.000000000000000000e+00
0.000000000000000000e+00 3.400000000000000000e+01 0.000000000000000000e+00 8.259999999999999787e+00 -4.486719109943132500e-02 1.741120987763225547e-02 0.000000000000000000e+00 0.000000000000000000e+00 1.820000000000000000e+02 0.000000000000000000e+00 0.000000000000000000e+00 1.000000000000000000e+00
0.000000000000000000e+00 3.400000000000000000e+01 0.000000000000000000e+00 8.269999999999999574e+00 -4.890340366278628920e-02 1.756688832991702698e-02 0.000000000000000000e+00 0.000000000000000000e+00 1.820000000000000000e+02 0.000000000000000000e+00 0.000000000000000000e+00 1.000000000000000000e+00
0.000000000000000000e+00 3.400000000000000000e+01 0.000000000000000000e+00 8.279999999999999361e+00 -5.206518951226184883e-02 1.768611212460916016e-02 0.000000000000000000e+00 0.000000000000000000e+00 1.820000000000000000e+02 0.000000000000000000e+00 0.000000000000000000e+00 1.000000000000000000e+00
0.000000000000000000e+00 3.400000000000000000e+01 0.000000000000000000e+00 8.289999999999999147e+00 -5.352491304288163609e-02 1.774028847475624115e-02 0.000000000000000000e+00 0.000000000000000000e+00 1.820000000000000000e+02 0.000000000000000000e+00 0.000000000000000000e+00 1.000000000000000000e+00
0.000000000000000000e+00 3.400000000000000000e+01 0.000000000000000000e+00 8.300000000000000711e+00 -5.205314069417250888e-02 1.768548199367396545e-02 0.000000000000000000e+00 0.000000000000000000e+00 1.820000000000000000e+02 0.000000000000000000e+00 0.000000000000000000e+00 1.000000000000000000e+00
0.000000000000000000e+00 3.400000000000000000e+01 0.000000000000000000e+00 8.310000000000000497e+00 -4.887873059760160926e-02 1.756560608743037988e-02 0.000000000000000000e+00 0.000000000000000000e+00 1.820000000000000000e+02 0.000000000000000000e+00 0.000000000000000000e+00 1.000000000000000000e+00
0.000000000000000000e+00 3.400000000000000000e+01 0.000000000000000000e+00 8.320000000000000284e+00 -4.482871690271314491e-02 1.740922680619441665e-02 0.000000000000000000e+00 0.000000000000000000e+00 1.820000000000000000e+02 0.000000000000000000e+00 0.000000000000000000e+00 1.000000000000000000e+00
0.000000000000000000e+00 3.400000000000000000e+01 0.000000000000000000e+00 8.330000000000000071e+00 -4.044649674097388486e-02 1.723575934722040848e-02 0.000000000000000000e+00 0.000000000000000000e+00 1.820000000000000000e+02 0.000000000000000000e+00 0.000000000000000000e+00 1.000000000000000000e+00
0.000000000000000000e+00 3.400000000000000000e+01 0.000000000000000000e+00 8.339999999999999858e+00 -3.607722766350457411e-02 1.705851078043991997e-02 0.000000000000000000e+00 0.000000000000000000e+00 1.820000000000000000e+02 0.000000000000000000e+00 0.000000000000000000e+00 1.000000000000000000e+00
0.000000000000000000e+00 3.400000000000000000e+01 0.000000000000000000e+00 8.349999999999999645e+00 -3.192920492993793491e-02 1.688638274965359454e-02 0.000000000000000000e+00 0.000000000000000000e+00 1.820000000000000000e+02 0.000000000000000000e+00 0.000000000000000000e+00 1.000000000000000000e+00
0.000000000000000000e+00 3.400000000000000000e+01 0.000000000000000000e+00 8.359999999999999432e+00 -2.811770037661335056e-02 1.672500279643598931e-02 0.000000000000000000e+00 0.000000000000000000e+00 1.820000000000000000e+02 0.000000000000000000e+00 0.000000000000000000e+00 1.000000000000000000e+00
0.000000000000000000e+00 3.400000000000000000e+01 0.000000000000000000e+00 8.369999999999999218e+00 -2.469604317818195269e-02 1.657757663694658934e-02 0.000000000000000000e+00 0.000000000000000000e+00 1.820000000000000000e+02 0.000000000000000000e+00 0.000000000000000000e+00 1.000000000000000000e+00
0.000000000000000000e+00 3.400000000000000000e+01 0.000000000000000000e+00 8.380000000000000782e+00 -2.167745938081321738e-02 1.644556323732158931e-02 0.000000000000000000e+00 0.000000000000000000e+00 1.820000000000000000e+02 0.000000000000000000e+00 0.000000000000000000e+00 1.000000000000000000e+00
0.000000000000000000e+00 3.400000000000000000e+01 0.000000000000000000e+00 8.390000000000000568e+00 -1.905025048824799533e-02 1.632920948997379496e-02 0.000000000000000000e+00 0.000000000000000000e+00 1.820000000000000000e+02 0.000000000000000000e+00 0.000000000000000000e+00 1.000000000000000000e+00
0.000000000000000000e+00 3.400000000000000000e+01 0.000000000000000000e+00 8.400000000000000355e+00 -1.678819838192693176e-02 1.622796417283237091e-02 0.000000000000000000e+00 0.000000000000000000e+00 1.820000000000000000e+02 0.000000000000000000e+00 0.000000000000000000e+00 1.000000000000000000e+00
0.000000000000000000e+00 3.400000000000000000e+01 0.000000000000000000e+00 8.410000000000000142e+00 -1.485757216472396829e-02 1.614078861650022900e-02 0.000000000000000000e+00 0.000000000000000000e+00 1.820000000000000000e+02 0.000000000000000000e+00 0.000000000000000000e+00 1.000000000000000000e+00
0.000000000000000000e+00 3.400000000000000000e+01 0.000000000000000000e+00 8.419999999999999929e+00 -1.322173557227750845e-02 1.606638190993484039e-02 0.000000000000000000e+00 0.000000000000000000e+00 1.820000000000000000e+02 0.000000000000000000e+00 0.000000000000000000e+00 1.000000000000000000e+00
0.000000000000000000e+00 3.400000000000000000e+01 0.000000000000000000e+00 8.429999999999999716e+00 -1.184407662859961012e-02 1.600333804660354631e-02 0.000000000000000000e+00 0.000000000000000000e+00 1.820000000000000000e+02 0.000000000000000000e+00 0.000000000000000000e+00 1.000000000000000000e+00
0.000000000000000000e+00 3.400000000000000000e+01 0.000000000000000000e+00 8.439999999999999503e+00 -1.068977830338674155e-02 1.595025078458287005e-02 0.000000000000000000e+00 0.000000000000000000e+00 1.820000000000000000e+02 0.000000000000000000e+00 0.000000000000000000e+00 1.000000000000000000e+00
0.000000000000000000e+00 3.400000000000000000e+01 0.000000000000000000e+00 8.449999999999999289e+00 -9.726800743508609570e-03 1.590577964576994630e-02 0.000000000000000000e+00 0.000000000000000000e+00 1.820000000000000000e+02 0.000000000000000000e+00 0.000000000000000000e+00 1.000000000000000000e+00
0.000000000000000000e+00 3.400000000000000000e+01 0.000000000000000000e+00 8.459999999999999076e+00 -8.926337835347242233e-03 1.586868792935834660e-02 0.000000000000000000e+00 0.000000000000000000e+00 1.820000000000000000e+02 0.000000000000000000e+00 0.000000000000000000e+00 1.000000000000000000e+00
0.000000000000000000e+00 3.400000000000000000e+01 0.000000000000000000e+00 8.470000000000000639e+00 -8.262932740084593178e-03 1.583786121011336590e-02 0.000000000000000000e+00 0.000000000000000000e+00 1.820000000000000000e+02 0.000000000000000000e+00 0.000000000000000000e+00 1.000000000000000000e+00
0.000000000000000000e+00 3.400000000000000000e+01 0.000000000000000000e+00 8.480000000000000426e+00 -7.714380721986642195e-03 1.581231270828460655e-02 0.000000000000000000e+00 0.000000000000000000e+00 1.820000000000000000e+02 0.000000000000000000e+00 0.000000000000000000e+00 1.000000000000000000e+00
0.000000000000000000e+00 3.400000000000000000e+01 0.000000000000000000e+00 8.490000000000000213e+00 -7.261507208119469953e-03 1.579118021119321758e-02 0.000000000000000000e+00 0.000000000000000000e+00 1.820000000000000000e+02 0.000000000000000000e+00 0.000000000000000000e+00 1.000000000000000000e+00
0.000000000000000000e+00 3.400000000000000000e+01 0.000000000000000000e+00 8.500000000000000000e+00 -6.887880255580971188e-03 1.577371788375149519e-02 0.000000000000000000e+00 0.000000000000000000e+00 1.820000000000000000e+02 0.000000000000000000e+00 0.000000000000000000e+00 1.000000000000000000e+00
0.000000000000000000e+00 3.400000000000000000e+01 0.000000000000000000e+00 8.509999999999999787e+00 -6.579496276031298295e-03 1.575928528079784119e-02 0.000000000000000000e+00 0.000000000000000000e+00 1.820000000000000000e+02 0.000000000000000000e+00 0.000000000000000000e+00 1.000000000000000000e+00
0.000000000000000000e+00 3.400000000000000000e+01 0.000000000000000000e+00 8.519999999999999574e+00 -6.324463638469083812e-03 1.574733511181376777e-02 0.000000000000000000e+00 0.000000000000000000e+00 1.820000000000000000e+02 0.000000000000000000e+00 0.000000000000000000e+00 1.000000000000000000e+00
0.000000000000000000e+00 3.400000000000000000e+01 0.000000000000000000e+00 8.529999999999999361e+00 -6.112698927185220704e-03 1.573740075304115582e-02 0.000000000000000000e+00 0.000000000000000000e+00 1.820000000000000000e+02 0.000000000000000000e+00 0.000000000000000000e+00 1.000000000000000000e+00
0.000000000000000000e+00 3.400000000000000000e+01 0.000000000000000000e+00 8.539999999999999147e+00 -5.935643923191881444e-03 1.572908410444763538e-02 0.000000000000000000e+00 0.000000000000000000e+00 1.820000000000000000e+02 0.000000000000000000e+00 0.000000000000000000e+00 1.000000000000000000e+00
0.000000000000000000e+00 3.400000000000000000e+01 0.000000000000000000e+00 8.550000000000000711e+00 -5.786006897097979891e-03 1.572204410881875014e-02 0.000000000000000000e+00 0.000000000000000000e+00 1.820000000000000000e+02 0.000000000000000000e+00 0.000000000000000000e+00 1.000000000000000000e+00
0.000000000000000000e+00 3.400000000000000000e+01 0.000000000000000000e+00 8.560000000000000497e+00 -5.657528895221753708e-03 1.571598605500579282e-02 0.000000000000000000e+00 0.000000000000000000e+00 1.820000000000000000e+02 0.000000000000000000e+00 0.000000000000000000e+00 1.000000000000000000e+00
0.000000000000000000e+00 3.400000000000000000e+01 0.000000000000000000e+00 8.570000000000000284e+00 -5.544773901524841994e-03 1.571065165161041055e-02 0.000000000000000000e+00 0.000000000000000000e+00 1.820000000000000000e+02 0.000000000000000000e+00 0.000000000000000000e+00 1.000000000000000000e+00
0.000000000000000000e+00 3.400000000000000000e+01 0.000000000000000000e+00 8.580000000000000071e+00 -5.442940737302562164e-03 1.570580976156585318e-02 0.000000000000000000e+00 0.000000000000000000e+00 1.820000000000000000e+02 0.000000000000000000e+00 0.000000000000000000e+00 1.000000000000000000e+00
0.000000000000000000e+00 3.400000000000000000e+01 0.000000000000000000e+00 8.589999999999999858e+00 -5.347694093938284293e-03 1.570124761722396789e-02 0.000000000000000000e+00 0.000000000000000000e+00 1.820000000000000000e+02 0.000000000000000000e+00 0.000000000000000000e+00 1.000000000000000000e+00
0.000000000000000000e+00 3.400000000000000000e+01 0.000000000000000000e+00 8.599999999999999645e+00 -5.255012036110129521e-03 1.569676227843123939e-02 0.000000000000000000e+00 0.000000000000000000e+00 1.820000000000000000e+02 0.000000000000000000e+00 0.000000000000000000e+00 1.000000000000000000e+00
0.000000000000000000e+00 3.400000000000000000e+01 0.000000000000000000e+00 8.609999999999999432e+00 -5.161047580799868473e-03 1.569215204455821910e-02 0.000000000000000000e+00 0.000000000000000000e+00 1.820000000000000000e+02 0.000000000000000000e+00 0.000000000000000000e+00 1.000000000000000000e+00
0.000000000000000000e+00 3.400000000000000000e+01 0.000000000000000000e+00 8.619999999999999218e+00 -5.062002520606430703e-03 1.568720748061938619e-02 0.000000000000000000e+00 0.000000000000000000e+00 1.820000000000000000e+02 0.000000000000000000e+00 0.000000000000000000e+00 1.000000000000000000e+00
0.000000000000000000e+00 3.400000000000000000e+01 0.000000000000000000e+00 8.630000000000000782e+00 -4.954012534677037713e-03 1.568170166662939680e-02 0.000000000000000000e+00 0.000000000000000000e+00 1.820000000000000000e+02 0.000000000000000000e+00 0.000000000000000000e+00 1.000000000000000000e+00
0.000000000000000000e+00 3.400000000000000000e+01 0.000000000000000000e+00 8.640000000000000568e+00 -4.833043880546416572e-03 1.567537923364079044e-02 0.000000000000000000e+00 0.000000000000000000e+00 1.820000000000000000e+02 0.000000000000000000e+00 0.000000000000000000e+00 1.000000000000000000e+00
0.000000000000000000e+00 3.400000000000000000e+01 0.000000000000000000e+00 8.650000000000000355e+00 -4.694803700535427407e-03 1.566794372554558556e-02 0.000000000000000000e+00 0.000000000000000000e+00 1.820000000000000000e+02 0.000000000000000000e+00 0.000000000000000000e+00 1.000000000000000000e+00
0.000000000000000000e+00 3.400000000000000000e+01 0.000000000000000000e+00 8.660000000000000142e+00 -4.534668383823116031e-03 1.565904285687440278e-02 0.000000000000000000e+00 0.000000000000000000e+00 1.820000000000000000e+02 0.000000000000000000e+00 0.000000000000000000e+00 1.000000000000000000e+00
0.000000000000000000e+00 3.400000000000000000e+01 0.000000000000000000e+00 8.669999999999999929e+00 -4.347637753809855364e-03 1.564825138815226224e-02 0.000000000000000000e+00 0.000000000000000000e+00 1.820000000000000000e+02 0.000000000000000000e+00 0.000000000000000000e+00 1.000000000000000000e+00
0.000000000000000000e+00 3.400000000000000000e+01 0.000000000000000000e+00 8.679999999999999716e+00 -4.128327454050452830e-03 1.563505172637939811e-02 0.000000000000000000e+00 0.000000000000000000e+00 1.820000000000000000e+02 0.000000000000000000e+00 0.000000000000000000e+00 1.000000000000000000e+00
0.000000000000000000e+00 3.400000000000000000e+01 0.000000000000000000e+00 8.689999999999999503e+00 -3.871018271273398217e-03 1.561881317200414232e-02 0.000000000000000000e+00 0.000000000000000000e+00 1.820000000000000000e+02 0.000000000000000000e+00 0.000000000000000000e+00 1.000000000000000000e+00
0.000000000000000000e+00 3.400000000000000000e+01 0.000000000000000000e+00 8.699999999999999289e+00 -3.569789923540162176e-03 1.559877228683236028e-02 0.000000000000000000e+00 0.000000000000000000e+00 1.820000000000000000e+02 0.000000000000000000e+00 0.000000000000000000e+00 1.000000000000000000e+00
0.000000000000000000e+00 3.400000000000000000e+01 0.000000000000000000e+00 8.710000000000000853e+00 -3.218778954052078922e-03 1.557401962910667792e-02 0.000000000000000000e+00 0.000000000000000000e+00 1.820000000000000000e+02 0.000000000000000000e+00 0.000000000000000000e+00 1.000000000000000000e+00
0.000000000000000000e+00 3.400000000000000000e+01 0.000000000000000000e+00 8.720000000000000639e+00 -2.812617021158418662e-03 1.554350278911553751e-02 0.000000000000000000e+00 0.000000000000000000e+00 1.820000000000000000e+02 0.000000000000000000e+00 0.000000000000000000e+00 1.000000000000000000e+00
0.000000000000000000e+00 3.400000000000000000e+01 0.000000000000000000e+00 8.730000000000000426e+00 -2.347128700949716647e-03 1.550606319430768154e-02 0.000000000000000000e+00 0.000000000000000000e+00 1.820000000000000000e+02 0.000000000000000000e+00 0.000000000000000000e+00 1.000000000000000000e+00
0.000000000000000000e+00 3.400000000000000000e+01 0.000000000000000000e+00 8.740000000000000213e+00 -1.820399125823170781e-03 1.546053562411882354e-02 0.000000000000000000e+00 0.000000000000000000e+00 1.820000000000000000e+02 0.000000000000000000e+00 0.000000000000000000e+00 1.000000000000000000e+00
0.000000000000000000e+00 3.400000000000000000e+01 0.000000000000000000e+00 8.750000000000000000e+00 -1.234364334973376241e-03 1.540595568306768470e-02 0.000000000000000000e+00 0.000000000000000000e+00 1.820000000000000000e+02 0.000000000000000000e+00 0.000000000000000000e+00 1.000000000000000000e+00
0.000000000000000000e+00 3.400000000000000000e+01 0.000000000000000000e+00 8.759999999999999787e+00 -5.971350900346563198e-04 1.534194143129632981e-02 0.000000000000000000e+00 0.000000000000000000e+00 1.820000000000000000e+02 0.000000000000000000e+00 0.000000000000000000e+00 1.000000000000000000e+00
0.000000000000000000e+00 3.400000000000000000e+01 0.000000000000000000e+00 8.769999999999999574e+00 7.365655434398744872e-05 1.526933758082357068e-02 0.000000000000000000e+00 0.000000000000000000e+00 1.820000000000000000e+02 0.000000000000000000e+00 0.000000000000000000e+00 1.000000000000000000e+00
0.000000000000000000e+00 3.400000000000000000e+01 0.000000000000000000e+00 8.779999999999999361e+00 7.460922959098741439e-04 1.519122310656670360e-02 0.000000000000000000e+00 0.000000000000000000e+00 1.820000000000000000e+02 0.000000000000000000e+00 0.000000000000000000e+00 1.000000000000000000e+00
0.000000000000000000e+00 3.400000000000000000e+01 0.000000000000000000e+00 8.789999999999999147e+00 1.367244919579976500e-03 1.511435793482619055e-02 0.000000000000000000e+00 0.000000000000000000e+00 1.820000000000000000e+02 0.000000000000000000e+00 0.000000000000000000e+00 1.000000000000000000e+00
0.000000000000000000e+00 3.400000000000000000e+01 0.000000000000000000e+00 8.800000000000000711e+00 1.853764769907108485e-03 1.505101770160637703e-02 0.000000000000000000e+00 0.000000000000000000e+00 1.820000000000000000e+02 0.000000000000000000e+00 0.000000000000000000e+00 1.000000000000000000e+00
0.000000000000000000e+00 3.400000000000000000e+01 0.000000000000000000e+00 8.810000000000000497e+00 2.078781208894766967e-03 1.502079549820818649e-02 0.000000000000000000e+00 0.000000000000000000e+00 1.820000000000000000e+02 0.000000000000000000e+00 0.000000000000000000e+00 1.000000000000000000e+00
0.000000000000000000e+00 3.400000000000000000e+01 0.000000000000000000e+00 8.820000000000000284e+00 1.853773989312502112e-03 1.505101728093725943e-02 0.000000000000000000e+00 0.000000000000000000e+00 1.820000000000000000e+02 0.000000000000000000e+00 0.000000000000000000e+00 1.000000000000000000e+00
0.000000000000000000e+00 3.400000000000000000e+01 0.000000000000000000e+00 8.830000000000000071e+00 1.367260159680281500e-03 1.511435723658761249e-02 0.000000000000000000e+00 0.000000000000000000e+00 1.820000000000000000e+02 0.000000000000000000e+00 0.000000000000000000e+00 1.000000000000000000e+00
0.000000000000000000e+00 3.400000000000000000e+01 0.000000000000000000e+00 8.839999999999999858e+00 7.461067142297160212e-04 1.519122244134821220e-02 0.000000000000000000e+00 0.000000000000000000e+00 1.820000000000000000e+02 0.000000000000000000e+00 0.000000000000000000e+00 1.000000000000000000e+00
0.000000000000000000e+00 3.400000000000000000e+01 0.000000000000000000e+00 8.849999999999999645e+00 7.365873027787798316e-05 1.526933747327171437e-02 0.000000000000000000e+00 0.000000000000000000e+00 1.820000000000000000e+02 0.000000000000000000e+00 0.000000000000000000e+00 1.000000000000000000e+00
0.000000000000000000e+00 3.400000000000000000e+01 0.000000000000000000e+00 8.859999999999999432e+00 -5.971626713113737175e-04 1.534194269272917688e-02 0.000000000000000000e+00 0.000000000000000000e+00 1.820000000000000000e+02 0.000000000000000000e+00 0.000000000000000000e+00 1.000000000000000000e+00
0.000000000000000000e+00 3.400000000000000000e+01 0.000000000000000000e+00 8.869999999999999218e+00 -1.234447529011745495e-03 1.540595951733046698e-02 0.000000000000000000e+00 0.000000000000000000e+00 1.820000000000000000e+02 0.000000000000000000e+00 0.000000000000000000e+00 1.000000000000000000e+00
0.000000000000000000e+00 3.400000000000000000e+01 0.000000000000000000e+00 8.880000000000000782e+00 -1.820575323824074818e-03 1.546054377722709539e-02 0.000000000000000000e+00 0.000000000000000000e+00 1.820000000000000000e+02 0.000000000000000000e+00 0.000000000000000000e+00 1.000000000000000000e+00
0.000000000000000000e+00 3.400000000000000000e+01 0.000000000000000000e+00 8.890000000000000568e+00 -2.347451279403740994e-03 1.550607816244421733e-02 0.000000000000000000e+00 0.000000000000000000e+00 1.820000000000000000e+02 0.000000000000000000e+00 0.000000000000000000e+00 1.000000000000000000e+00
0.000000000000000000e+00 3.400000000000000000e+01 0.000000000000000000e+00 8.900000000000000355e+00 -2.813161467346602610e-03 1.554352810474372848e-02 0.000000000000000000e+00 0.000000000000000000e+00 1.820000000000000000e+02 0.000000000000000000e+00 0.000000000000000000e+00 1.000000000000000000e+00
0.000000000000000000e+00 3.400000000000000000e+01 0.000000000000000000e+00 8.910000000000000142e+00 -3.219651239666288575e-03 1.557406025183635800e-02 0.000000000000000000e+00 0.000000000000000000e+00 1.820000000000000000e+02 0.000000000000000000e+00 0.000000000000000000e+00 1.000000000000000000e+00
0.000000000000000000e+00 3.400000000000000000e+01 0.000000000000000000e+00 8.919999999999999929e+00 -3.571137898768019913e-03 1.559883513479365380e-02 0.000000000000000000e+00 0.000000000000000000e+00 1.820000000000000000e+02 0.000000000000000000e+00 0.000000000000000000e+00 1.000000000000000000e+00
0.000000000000000000e+00 3.400000000000000000e+01 0.000000000000000000e+00 8.929999999999999716e+00 -3.873047117454017120e-03 1.561890784157715650e-02 0.000000000000000000e+00 0.000000000000000000e+00 1.820000000000000000e+02 0.000000000000000000e+00 0.000000000000000000e+00 1.000000000000000000e+00
0.000000000000000000e+00 3.400000000000000000e+01 0.000000000000000000e+00 8.939999999999999503e+00 -4.131320586493947983e-03 1.563519146413336336e-02 0.000000000000000000e+00 0.000000000000000000e+00 1.820000000000000000e+02 0.000000000000000000e+00 0.000000000000000000e+00 1.000000000000000000e+00
0.000000000000000000e+00 3.400000000000000000e+01 0.000000000000000000e+00 8.949999999999999289e+00 -4.351985036752389381e-03 1.564845439998821530e-02 0.000000000000000000e+00 0.000000000000000000e+00 1.820000000000000000e+02 0.000000000000000000e+00 0.000000000000000000e+00 1.000000000000000000e+00
0.000000000000000000e+00 3.400000000000000000e+01 0.000000000000000000e+00 8.960000000000000853e+00 -4.540904145376741148e-03 1.565933406722125332e-02 0.000000000000000000e+00 0.000000000000000000e+00 1.820000000000000000e+02 0.000000000000000000e+00 0.000000000000000000e+00 1.000000000000000000e+00
0.000000000000000000e+00 3.400000000000000000e+01 0.000000000000000000e+00 8.970000000000000639e+00 -4.703657868034566078e-03 1.566835713606058722e-02 0.000000000000000000e+00 0.000000000000000000e+00 1.820000000000000000e+02 0.000000000000000000e+00 0.000000000000000000e+00 1.000000000000000000e+00
0.000000000000000000e+00 3.400000000000000000e+01 0.000000000000000000e+00 8.980000000000000426e+00 -4.845510663634315825e-03 1.567596107878982403e-02 0.000000000000000000e+00 0.000000000000000000e+00 1.820000000000000000e+02 0.000000000000000000e+00 0.000000000000000000e+00 1.000000000000000000e+00
0.000000000000000000e+00 3.400000000000000000e+01 0.000000000000000000e+00 8.990000000000000213e+00 -4.971442554531283267e-03 1.568251462599883073e-02 0.000000000000000000e+00 0.000000000000000000e+00 1.820000000000000000e+02 0.000000000000000000e+00 0.000000000000000000e+00 1.000000000000000000e+00
0.000000000000000000e+00 3.400000000000000000e+01 0.000000000000000000e+00 9.000000000000000000e+00 -5.086226237658813751e-03 1.568833628882652931e-02 0.000000000000000000e+00 0.000000000000000000e+00 1.820000000000000000e+02 0.000000000000000000e+00 0.000000000000000000e+00 1.000000000000000000e+00
0.000000000000000000e+00 3.400000000000000000e+01 0.000000000000000000e+00 9.009999999999999787e+00 -5.194540467398306785e-03 1.569371094396145028e-02 0.000000000000000000e+00 0.000000000000000000e+00 1.820000000000000000e+02 0.000000000000000000e+00 0.000000000000000000e+00 1.000000000000000000e+00
0.000000000000000000e+00 3.400000000000000000e+01 0.000000000000000000e+00 9.019999999999999574e+00 -5.301115382872073796e-03 1.569890489302214198e-02 0.000000000000000000e+00 0.000000000000000000e+00 1.820000000000000000e+02 0.000000000000000000e+00 0.000000000000000000e+00 1.000000000000000000e+00
0.000000000000000000e+00 3.400000000000000000e+01 0.000000000000000000e+00 9.029999999999999361e+00 -5.410909904326457673e-03 1.570417999411351240e-02 0.000000000000000000e+00 0.000000000000000000e+00 1.820000000000000000e+02 0.000000000000000000e+00 0.000000000000000000e+00 1.000000000000000000e+00
0.000000000000000000e+00 3.400000000000000000e+01 0.000000000000000000e+00 9.039999999999999147e+00 -5.529325218284785945e-03 1.570980753512511707e-02 0.000000000000000000e+00 0.000000000000000000e+00 1.820000000000000000e+02 0.000000000000000000e+00 0.000000000000000000e+00 1.000000000000000000e+00
0.000000000000000000e+00 3.400000000000000000e+01 0.000000000000000000e+00 9.050000000000000711e+00 -5.662462080448956575e-03 1.571608253866502158e-02 0.000000000000000000e+00 0.000000000000000000e+00 1.820000000000000000e+02 0.000000000000000000e+00 0.000000000000000000e+00 1.000000000000000000e+00
0.000000000000000000e+00 3.400000000000000000e+01 0.000000000000000000e+00 9.060000000000000497e+00 -5.817433520597733651e-03 1.572333918700692668e-02 0.000000000000000000e+00 0.000000000000000000e+00 1.820000000000000000e+02 0.000000000000000000e+00 0.000000000000000000e+00 1.000000000000000000e+00
0.000000000000000000e+00 3.400000000000000000e+01 0.000000000000000000e+00 9.070000000000000284e+00 -6.002748854834424191e-03 1.573196803821395873e-02 0.000000000000000000e+00 0.000000000000000000e+00 1.820000000000000000e+02 0.000000000000000000e+00 0.000000000000000000e+00 1.000000000000000000e+00
0.000000000000000000e+00 3.400000000000000000e+01 0.000000000000000000e+00 9.080000000000000071e+00 -6.228790031196728902e-03 1.574243565762427355e-02 0.000000000000000000e+00 0.000000000000000000e+00 1.820000000000000000e+02 0.000000000000000000e+00 0.000000000000000000e+00 1.000000000000000000e+00
0.000000000000000000e+00 3.400000000000000000e+01 0.000000000000000000e+00 9.089999999999999858e+00 -6.508407628037810033e-03 1.575530717472660436e-02 0.000000000000000000e+00 0.000000000000000000e+00 1.820000000000000000e+02 0.000000000000000000e+00 0.000000000000000000e+00 1.000000000000000000e+00
0.000000000000000000e+00 3.400000000000000000e+01 0.000000000000000000e+00 9.099999999999999645e+00 -6.857671730858183080e-03 1.577127202278438833e-02 0.000000000000000000e+00 0.000000000000000000e+00 1.820000000000000000e+02 0.000000000000000000e+00 0.000000000000000000e+00 1.000000000000000000e+00
0.000000000000000000e+00 3.400000000000000000e+01 0.000000000000000000e+00 9.109999999999999432e+00 -7.296822970936265099e-03 1.579117260089152319e-02 0.000000000000000000e+00 0.000000000000000000e+00 1.820000000000000000e+02 0.000000000000000000e+00 0.000000000000000000e+00 1.000000000000000000e+00
0.000000000000000000e+00 3.400000000000000000e+01 0.000000000000000000e+00 9.119999999999999218e+00 -7.851481892721756325e-03 1.581603459568699244e-02 0.000000000000000000e+00 0.000000000000000000e+00 1.820000000000000000e+02 0.000000000000000000e+00 0.000000000000000000e+00 1.000000000000000000e+00
0.000000000000000000e+00 3.400000000000000000e+01 0.000000000000000000e+00 9.130000000000000782e+00 -8.554191383639005164e-03 1.584709583292616408e-02 0.000000000000000000e+00 0.000000000000000000e+00 1.820000000000000000e+02 0.000000000000000000e+00 0.000000000000000000e+00 1.000000000000000000e+00
0.000000000000000000e+00 3.400000000000000000e+01 0.000000000000000000e+00 9.140000000000000568e+00 -9.446388248110929378e-03 1.588582714167695309e-02 0.000000000000000000e+00 0.000000000000000000e+00 1.820000000000000000e+02 0.000000000000000000e+00 0.000000000000000000e+00 1.000000000000000000e+00
0.000000000000000000e+00 3.400000000000000000e+01 0.000000000000000000e+00 9.150000000000000355e+00 -1.058092755200818608e-02 1.593393267169759819e-02 0.000000000000000000e+00 0.000000000000000000e+00 1.820000000000000000e+02 0.000000000000000000e+00 0.000000000000000000e+00 1.000000000000000000e+00
0.000000000000000000e+00 3.400000000000000000e+01 0.000000000000000000e+00 9.160000000000000142e+00 -1.202531893204862416e-02 1.599330643954967324e-02 0.000000000000000000e+00 0.000000000000000000e+00 1.820000000000000000e+02 0.000000000000000000e+00 0.000000000000000000e+00 1.000000000000000000e+00
0.000000000000000000e+00 3.400000000000000000e+01 0.000000000000000000e+00 9.169999999999999929e+00 -1.386588002250740102e-02 1.606590316392841888e-02 0.000000000000000000e+00 0.000000000000000000e+00 1.820000000000000000e+02 0.000000000000000000e+00 0.000000000000000000e+00 1.000000000000000000e+00
0.000000000000000000e+00 3.400000000000000000e+01 0.000000000000000000e+00 9.179999999999999716e+00 -1.621307156447431355e-02 1.615344869387189131e-02 0.000000000000000000e+00 0.000000000000000000e+00 1.820000000000000000e+02 0.000000000000000000e+00 0.000000000000000000e+00 1.000000000000000000e+00
0.000000000000000000e+00 3.400000000000000000e+01 0.000000000000000000e+00 9.189999999999999503e+00 -1.920835560679546444e-02 1.625685803085201442e-02 0.000000000000000000e+00 0.000000000000000000e+00 1.820000000000000000e+02 0.000000000000000000e+00 0.000000000000000000e+00 1.000000000000000000e+00
0.000000000000000000e+00 3.400000000000000000e+01 0.000000000000000000e+00 9.199999999999999289e+00 -2.303301764301359314e-02 1.637512868308382830e-02 0.000000000000000000e+00 0.000000000000000000e+00 1.820000000000000000e+02 0.000000000000000000e+00 0.000000000000000000e+00 1.000000000000000000e+00
0.000000000000000000e+00 3.400000000000000000e+01 0.000000000000000000e+00 9.210000000000000853e+00 -2.791952225601090562e-02 1.650330177632038098e-02 0.000000000000000000e+00 0.000000000000000000e+00 1.820000000000000000e+02 0.000000000000000000e+00 0.000000000000000000e+00 1.000000000000000000e+00
0.000000000000000000e+00 3.400000000000000000e+01 0.000000000000000000e+00 9.220000000000000639e+00 -3.416613856749212835e-02 1.662877802838610974e-02 0.000000000000000000e+00 0.000000000000000000e+00 1.820000000000000000e+02 0.000000000000000000e+00 0.000000000000000000e+00 1.000000000000000000e+00
0.000000000000000000e+00 3.400000000000000000e+01 0.000000000000000000e+00 9.230000000000000426e+00 -4.215578782856600759e-02 1.672475024750524897e-02 0.000000000000000000e+00 0.000000000000000000e+00 1.820000000000000000e+02 0.000000000000000000e+00 0.000000000000000000e+00 1.000000000000000000e+00
0.000000000000000000e+00 3.400000000000000000e+01 0.000000000000000000e+00 9.240000000000000213e+00 -5.238034555452721064e-02 1.673863616660443976e-02 0.000000000000000000e+00 0.000000000000000000e+00 1.820000000000000000e+02 0.000000000000000000e+00 0.000000000000000000e+00 1.000000000000000000e+00
0.000000000000000000e+00 3.400000000000000000e+01 0.000000000000000000e+00 9.250000000000000000e+00 -6.547199384234257680e-02 1.657203573377295791e-02 0.000000000000000000e+00 0.000000000000000000e+00 1.820000000000000000e+02 0.000000000000000000e+00 0.000000000000000000e+00 1.000000000000000000e+00
0.000000000000000000e+00 3.400000000000000000e+01 0.000000000000000000e+00 9.259999999999999787e+00 -8.224369082257204644e-02 1.604708498914786396e-02 0.000000000000000000e+00 0.000000000000000000e+00 1.820000000000000000e+02 0.000000000000000000e+00 0.000000000000000000e+00 1.000000000000000000e+00
0.000000000000000000e+00 3.400000000000000000e+01 0.000000000000000000e+00 9.269999999999999574e+00 -1.037414360170147154e-01 1.485428568705984137e-02 0.000000000000000000e+00 0.000000000000000000e+00 1.820000000000000000e+02 0.000000000000000000e+00 0.000000000000000000e+00 1.000000000000000000e+00
0.000000000000000000e+00 3.400000000000000000e+01 0.000000000000000000e+00 9.279999999999999361e+00 -1.313118049325434078e-01 1.249167505673985656e-02 0.000000000000000000e+00 0.000000000000000000e+00 1.820000000000000000e+02 0.000000000000000000e+00 0.000000000000000000e+00 1.000000000000000000e+00
0.000000000000000000e+00 3.400000000000000000e+01 0.000000000000000000e+00 9.289999999999999147e+00 -1.666892585428313978e-01 8.308658306530630755e-03 0.000000000000000000e+00 0.000000000000000000e+00 1.820000000000000000e+02 0.000000000000000000e+00 0.000000000000000000e+00 1.000000000000000000e+00
0.000000000000000000e+00 3.400000000000000000e+01 0.000000000000000000e+00 9.300000000000000711e+00 -2.121090751027678856e-01 2.439362266948671976e-03 0.000000000000000000e+00 0.000000000000000000e+00 1.820000000000000000e+02 0.000000000000000000e+00 0.000000000000000000e+00 1.000000000000000000e+00
0.000000000000000000e+00 3.400000000000000000e+01 0.000000000000000000e+00 9.310000000000000497e+00 -2.704534964954606324e-01 2.863341258564040705e-16 0.000000000000000000e+00 1.000000000000000000e+00 1.820000000000000000e+02 0.000000000000000000e+00 0.000000000000000000e+00 1.000000000000000000e+00
0.000000000000000000e+00 3.400000000000000000e+01 0.000000000000000000e+00 9.320000000000000284e+00 -2.121075559321798920e-01 2.439341798956178378e-03 0.000000000000000000e+00 0.000000000000000000e+00 1.820000000000000000e+02 0.000000000000000000e+00 0.000000000000000000e+00 1.000000000000000000e+00
0.000000000000000000e+00 3.400000000000000000e+01 0.000000000000000000e+00 9.330000000000000071e+00 -1.666861443362142037e-01 8.308556145847148522e-03 0.000000000000000000e+00 0.000000000000000000e+00 1.820000000000000000e+02 0.000000000000000000e+00 0.000000000000000000e+00 1.000000000000000000e+00
0.000000000000000000e+00 3.400000000000000000e+01 0.000000000000000000e+00 9.339999999999999858e+00 -1.313069402542078878e-01 1.249146615438981311e-02 0.000000000000000000e+00 0.000000000000000000e+00 1.820000000000000000e+02 0.000000000000000000e+00 0.000000000000000000e+00 1.000000000000000000e+00
0.000000000000000000e+00 3.400000000000000000e+01 0.000000000000000000e+00 9.349999999999999645e+00 -1.037345782771069980e-01 1.485395856238520829e-02 0.000000000000000000e+00 0.000000000000000000e+00 1.820000000000000000e+02 0.000000000000000000e+00 0.000000000000000000e+00 1.000000000000000000e+00
0.000000000000000000e+00 3.400000000000000000e+01 0.000000000000000000e+00 9.359999999999999432e+00 -8.223449845777228151e-02 1.604662790787933502e-02 0.000000000000000000e+00 0.000000000000000000e+00 1.820000000000000000e+02 0.000000000000000000e+00 0.000000000000000000e+00 1.000000000000000000e+00
0.000000000000000000e+00 3.400000000000000000e+01 0.000000000000000000e+00 9.369999999999999218e+00 -6.546000970730957158e-02 1.657143196358289161e-02 0.000000000000000000e+00 0.000000000000000000e+00 1.820000000000000000e+02 0.000000000000000000e+00 0.000000000000000000e+00 1.000000000000000000e+00
0.000000000000000000e+00 3.400000000000000000e+01 0.000000000000000000e+00 9.380000000000000782e+00 -5.236497474844659106e-02 1.673786182987060944e-02 0.000000000000000000e+00 0.000000000000000000e+00 1.820000000000000000e+02 0.000000000000000000e+00 0.000000000000000000e+00 1.000000000000000000e+00
0.000000000000000000e+00 3.400000000000000000e+01 0.000000000000000000e+00 9.390000000000000568e+00 -4.213626892575457472e-02 1.672377277452788413e-02 0.000000000000000000e+00 0.000000000000000000e+00 1.820000000000000000e+02 0.000000000000000000e+00 0.000000000000000000e+00 1.000000000000000000e+00
0.000000000000000000e+00 3.400000000000000000e+01 0.000000000000000000e+00 9.400000000000000355e+00 -3.414150692127523867e-02 1.662755451908545790e-02 0.000000000000000000e+00 0.000000000000000000e+00 1.820000000000000000e+02 0.000000000000000000e+00 0.000000000000000000e+00 1.000000000000000000e+00
0.000000000000000000e+00 3.400000000000000000e+01 0.000000000000000000e+00 9.410000000000000142e+00 -2.788856368872929745e-02 1.650177697644129859e-02 0.000000000000000000e+00 0.000000000000000000e+00 1.820000000000000000e+02 0.000000000000000000e+00 0.000000000000000000e+00 1.000000000000000000e+00
0.000000000000000000e+00 3.400000000000000000e+01 0.000000000000000000e+00 9.419999999999999929e+00 -2.299421040774372871e-02 1.637323240429494620e-02 0.000000000000000000e+00 0.000000000000000000e+00 1.820000000000000000e+02 0.000000000000000000e+00 0.000000000000000000e+00 1.000000000000000000e+00
0.000000000000000000e+00 3.400000000000000000e+01 0.000000000000000000e+00 9.429999999999999716e+00 -1.915979799149019822e-02 1.625450187188652584e-02 0.000000000000000000e+00 0.000000000000000000e+00 1.820000000000000000e+02 0.000000000000000000e+00 0.000000000000000000e+00 1.000000000000000000e+00
0.000000000000000000e+00 3.400000000000000000e+01 0.000000000000000000e+00 9.439999999999999503e+00 -1.615239188719384475e-02 1.615052190928210896e-02 0.000000000000000000e+00 0.000000000000000000e+00 1.820000000000000000e+02 0.000000000000000000e+00 0.000000000000000000e+00 1.000000000000000000e+00
0.000000000000000000e+00 3.400000000000000000e+01 0.000000000000000000e+00 9.449999999999999289e+00 -1.379012501433515489e-02 1.606226749794160968e-02 0.000000000000000000e+00 0.000000000000000000e+00 1.820000000000000000e+02 0.000000000000000000e+00 0.000000000000000000e+00 1.000000000000000000e+00
0.000000000000000000e+00 3.400000000000000000e+01 0.000000000000000000e+00 9.460000000000000853e+00 -1.193081559549344015e-02 1.598878970169759217e-02 0.000000000000000000e+00 0.000000000000000000e+00 1.820000000000000000e+02 0.000000000000000000e+00 0.000000000000000000e+00 1.000000000000000000e+00
0.000000000000000000e+00 3.400000000000000000e+01 0.000000000000000000e+00 9.470000000000000639e+00 -1.046311248626261015e-02 1.592832078016648278e-02 0.000000000000000000e+00 0.000000000000000000e+00 1.820000000000000000e+02 0.000000000000000000e+00 0.000000000000000000e+00 1.000000000000000000e+00
0.000000000000000000e+00 3.400000000000000000e+01 0.000000000000000000e+00 9.480000000000000426e+00 -9.299597112933951845e-03 1.587885429944339843e-02 0.000000000000000000e+00 0.000000000000000000e+00 1.820000000000000000e+02 0.000000000000000000e+00 0.000000000000000000e+00 1.000000000000000000e+00
0.000000000000000000e+00 3.400000000000000000e+01 0.000000000000000000e+00 9.490000000000000213e+00 -8.371399590500200674e-03 1.583843242959898090e-02 0.000000000000000000e+00 0.000000000000000000e+00 1.820000000000000000e+02 0.000000000000000000e+00 0.000000000000000000e+00 1.000000000000000000e+00
0.000000000000000000e+00 3.400000000000000000e+01 0.000000000000000000e+00 9.500000000000000000e+00 -7.623985720039661365e-03 1.580527234310961926e-02 0.000000000000000000e+00 0.000000000000000000e+00 1.820000000000000000e+02 0.000000000000000000e+00 0.000000000000000000e+00 1.000000000000000000e+00
0.000000000000000000e+00 3.400000000000000000e+01 0.000000000000000000e+00 9.509999999999999787e+00 -7.013848050313428381e-03 1.577780631145901669e-02 0.000000000000000000e+00 0.000000000000000000e+00 1.820000000000000000e+02 0.000000000000000000e+00 0.000000000000000000e+00 1.000000000000000000e+00
0.000000000000000000e+00 3.400000000000000000e+01 0.000000000000000000e+00 9.519999999999999574e+00 -6.505893190533813993e-03 1.575467732478551264e-02 0.000000000000000000e+00 0.000000000000000000e+00 1.820000000000000000e+02 0.000000000000000000e+00 0.000000000000000000e+00 1.000000000000000000e+00
0.000000000000000000e+00 3.400000000000000000e+01 0.000000000000000000e+00 9.529999999999999361e+00 -6.071363054695614984e-03 1.573471332801662514e-02 0.000000000000000000e+00 0.000000000000000000e+00 1.820000000000000000e+02 0.000000000000000000e+00 0.000000000000000000e+00 1.000000000000000000e+00
0.000000000000000000e+00 3.400000000000000000e+01 0.000000000000000000e+00 9.539999999999999147e+00 -5.686162770737214316e-03 1.571689248569146935e-02 0.000000000000000000e+00 0.000000000000000000e+00 1.820000000000000000e+02 0.000000000000000000e+00 0.000000000000000000e+00 1.000000000000000000e+00
0.000000000000000000e+00 3.400000000000000000e+01 0.000000000000000000e+00 9.550000000000000711e+00 -5.329494974109687602e-03 1.570030583085127440e-02 0.000000000000000000e+00 0.000000000000000000e+00 1.820000000000000000e+02 0.000000000000000000e+00 0.000000000000000000e+00 1.000000000000000000e+00
0.000000000000000000e+00 3.400000000000000000e+01 0.000000000000000000e+00 9.560000000000000497e+00 -4.982720970083644001e-03 1.568412025538688803e-02 0.000000000000000000e+00 0.000000000000000000e+00 1.820000000000000000e+02 0.000000000000000000e+00 0.000000000000000000e+00 1.000000000000000000e+00
0.000000000000000000e+00 3.400000000000000000e+01 0.000000000000000000e+00 9.570000000000000284e+00 -4.628385237689047749e-03 1.566754292929917192e-02 0.000000000000000000e+00 0.000000000000000000e+00 1.820000000000000000e+02 0.000000000000000000e+00 0.000000000000000000e+00 1.000000000000000000e+00
0.000000000000000000e+00 3.400000000000000000e+01 0.000000000000000000e+00 9.580000000000000071e+00 -4.249352109128794186e-03 1.564978724390923837e-02 0.000000000000000000e+00 0.000000000000000000e+00 1.820000000000000000e+02 0.000000000000000000e+00 0.000000000000000000e+00 1.000000000000000000e+00
0.000000000000000000e+00 3.400000000000000000e+01 0.000000000000000000e+00 9.589999999999999858e+00 -3.828013127317353177e-03 1.563003988688839441e-02 0.000000000000000000e+00 0.000000000000000000e+00 1.820000000000000000e+02 0.000000000000000000e+00 0.000000000000000000e+00 1.000000000000000000e+00
0.000000000000000000e+00 3.400000000000000000e+01 0.000000000000000000e+00 9.599999999999999645e+00 -3.345531354077206903e-03 1.560742846568903552e-02 0.000000000000000000e+00 0.000000000000000000e+00 1.820000000000000000e+02 0.000000000000000000e+00 0.000000000000000000e+00 1.000000000000000000e+00
0.000000000000000000e+00 3.400000000000000000e+01 0.000000000000000000e+00 9.609999999999999432e+00 -2.781095486639576647e-03 1.558098908806372640e-02 0.000000000000000000e+00 0.000000000000000000e+00 1.820000000000000000e+02 0.000000000000000000e+00 0.000000000000000000e+00 1.000000000000000000e+00
0.000000000000000000e+00 3.400000000000000000e+01 0.000000000000000000e+00 9.619999999999999218e+00 -2.111162736180076296e-03 1.554963343070191184e-02 0.000000000000000000e+00 0.000000000000000000e+00 1.820000000000000000e+02 0.000000000000000000e+00 0.000000000000000000e+00 1.000000000000000000e+00
0.000000000000000000e+00 3.400000000000000000e+01 0.000000000000000000e+00 9.630000000000000782e+00 -1.308675769426310455e-03 1.551211506482960689e-02 0.000000000000000000e+00 0.000000000000000000e+00 1.820000000000000000e+02 0.000000000000000000e+00 0.000000000000000000e+00 1.000000000000000000e+00
0.000000000000000000e+00 3.400000000000000000e+01 0.000000000000000000e+00 9.640000000000000568e+00 -3.422464682219716545e-04 1.546699517330120399e-02 0.000000000000000000e+00 0.000000000000000000e+00 1.820000000000000000e+02 0.000000000000000000e+00 0.000000000000000000e+00 1.000000000000000000e+00
0.000000000000000000e+00 3.400000000000000000e+01 0.000000000000000000e+00 9.650000000000000355e+00 8.246911230287519087e-04 1.541260832146837401e-02 0.000000000000000000e+00 0.000000000000000000e+00 1.820000000000000000e+02 0.000000000000000000e+00 0.000000000000000000e+00 1.000000000000000000e+00
0.000000000000000000e+00 3.400000000000000000e+01 0.000000000000000000e+00 9.660000000000000142e+00 2.234743156526707367e-03 1.534702968779284860e-02 0.000000000000000000e+00 0.000000000000000000e+00 1.820000000000000000e+02 0.000000000000000000e+00 0.000000000000000000e+00 1.000000000000000000e+00
0.000000000000000000e+00 3.400000000000000000e+01 0.000000000000000000e+00 9.669999999999999929e+00 3.937399685366212848e-03 1.526804619279555769e-02 0.000000000000000000e+00 0.000000000000000000e+00 1.820000000000000000e+02 0.000000000000000000e+00 0.000000000000000000e+00 1.000000000000000000e+00
0.000000000000000000e+00 3.400000000000000000e+01 0.000000000000000000e+00 9.679999999999999716e+00 5.989799556566345606e-03 1.517313537807245261e-02 0.000000000000000000e+00 0.000000000000000000e+00 1.820000000000000000e+02 0.000000000000000000e+00 0.000000000000000000e+00 1.000000000000000000e+00
0.000000000000000000e+00 3.400000000000000000e+01 0.000000000000000000e+00 9.689999999999999503e+00 8.457319129184747569e-03 1.505945778850764638e-02 0.000000000000000000e+00 0.000000000000000000e+00 1.820000000000000000e+02 0.000000000000000000e+00 0.000000000000000000e+00 1.000000000000000000e+00
0.000000000000000000e+00 3.400000000000000000e+01 0.000000000000000000e+00 9.699999999999999289e+00 1.141383479076880925e-02 1.492387111783610026e-02 0.000000000000000000e+00 0.000000000000000000e+00 1.820000000000000000e+02 0.000000000000000000e+00 0.000000000000000000e+00 1.000000000000000000e+00
0.000000000000000000e+00 3.400000000000000000e+01 0.000000000000000000e+00 9.710000000000000853e+00 1.494143509207251225e-02 1.476297760354836064e-02 0.000000000000000000e+00 0.000000000000000000e+00 1.820000000000000000e+02 0.000000000000000000e+00 0.000000000000000000e+00 1.000000000000000000e+00
0.000000000000000000e+00 3.400000000000000000e+01 0.000000000000000000e+00 9.720000000000000639e+00 1.912925448750537466e-02 1.457322018633026850e-02 0.000000000000000000e+00 0.000000000000000000e+00 1.820000000000000000e+02 0.000000000000000000e+00 0.000000000000000000e+00 1.000000000000000000e+00
0.000000000000000000e+00 3.400000000000000000e+01 0.000000000000000000e+00 9.730000000000000426e+00 2.407095605983353148e-02 1.435104780019134246e-02 0.000000000000000000e+00 0.000000000000000000e+00 1.820000000000000000e+02 0.000000000000000000e+00 0.000000000000000000e+00 1.000000000000000000e+00
0.000000000000000000e+00 3.400000000000000000e+01 0.000000000000000000e+00 9.740000000000000213e+00 2.986019020779214633e-02 1.409317573641723220e-02 0.000000000000000000e+00 0.000000000000000000e+00 1.820000000000000000e+02 0.000000000000000000e+00 0.000000000000000000e+00 1.000000000000000000e+00
0.000000000000000000e+00 3.400000000000000000e+01 0.000000000000000000e+00 9.750000000000000000e+00 3.658307980460542147e-02 1.379697307729538247e-02 0.000000000000000000e+00 0.000000000000000000e+00 1.820000000000000000e+02 0.000000000000000000e+00 0.000000000000000000e+00 1.000000000000000000e+00
0.000000000000000000e+00 3.400000000000000000e+01 0.000000000000000000e+00 9.759999999999999787e+00 4.430640244737378552e-02 1.346101534165858316e-02 0.000000000000000000e+00 0.000000000000000000e+00 1.820000000000000000e+02 0.000000000000000000e+00 0.000000000000000000e+00 1.000000000000000000e+00
0.000000000000000000e+00 3.400000000000000000e+01 0.000000000000000000e+00 9.769999999999999574e+00 5.305962029434173333e-02 1.308584643150103449e-02 0.000000000000000000e+00 0.000000000000000000e+00 1.820000000000000000e+02 0.000000000000000000e+00 0.000000000000000000e+00 1.000000000000000000e+00
0.000000000000000000e+00 3.400000000000000000e+01 0.000000000000000000e+00 9.779999999999999361e+00 6.280819813397336970e-02 1.267500024945832776e-02 0.000000000000000000e+00 0.000000000000000000e+00 1.820000000000000000e+02 0.000000000000000000e+00 0.000000000000000000e+00 1.000000000000000000e+00
0.000000000000000000e+00 3.400000000000000000e+01 0.000000000000000000e+00 9.789999999999999147e+00 7.341468429982905830e-02 1.223634222669193333e-02 0.000000000000000000e+00 0.000000000000000000e+00 1.820000000000000000e+02 0.000000000000000000e+00 0.000000000000000000e+00 1.000000000000000000e+00
0.000000000000000000e+00 3.400000000000000000e+01 0.000000000000000000e+00 9.800000000000000711e+00 8.458271774849276947e-02 1.178381481367229283e-02 0.000000000000000000e+00 0.000000000000000000e+00 1.820000000000000000e+02 0.000000000000000000e+00 0.000000000000000000e+00 1.000000000000000000e+00
0.000000000000000000e+00 3.400000000000000000e+01 0.000000000000000000e+00 9.810000000000000497e+00 9.577734874591156689e-02 1.133973558732692677e-02 0.000000000000000000e+00 0.000000000000000000e+00 1.820000000000000000e+02 0.000000000000000000e+00 0.000000000000000000e+00 1.000000000000000000e+00
0.000000000000000000e+00 3.400000000000000000e+01 0.000000000000000000e+00 9.820000000000000284e+00 1.061126605586624749e-01 1.093796466545695484e-02 0.000000000000000000e+00 0.000000000000000000e+00 1.820000000000000000e+02 0.000000000000000000e+00 0.000000000000000000e+00 1.000000000000000000e+00
0.000000000000000000e+00 3.400000000000000000e+01 0.000000000000000000e+00 9.830000000000000071e+00 1.141944420334078392e-01 1.062866696390549898e-02 0.000000000000000000e+00 0.000000000000000000e+00 1.820000000000000000e+02 0.000000000000000000e+00 0.000000000000000000e+00 1.000000000000000000e+00
0.000000000000000000e+00 3.400000000000000000e+01 0.000000000000000000e+00 9.839999999999999858e+00 1.179013012059260956e-01 1.048633520404229635e-02 0.000000000000000000e+00 0.000000000000000000e+00 1.820000000000000000e+02 0.000000000000000000e+00 0.000000000000000000e+00 1.000000000000000000e+00
0.000000000000000000e+00 3.400000000000000000e+01 0.000000000000000000e+00 9.849999999999999645e+00 1.140817482470457278e-01 1.062481654152079569e-02 0.000000000000000000e+00 0.000000000000000000e+00 1.820000000000000000e+02 0.000000000000000000e+00 0.000000000000000000e+00 1.000000000000000000e+00
0.000000000000000000e+00 3.400000000000000000e+01 0.000000000000000000e+00 9.859999999999999432e+00 1.058820952171345975e-01 1.092840096559092450e-02 0.000000000000000000e+00 0.000000000000000000e+00 1.820000000000000000e+02 0.000000000000000000e+00 0.000000000000000000e+00 1.000000000000000000e+00
0.000000000000000000e+00 3.400000000000000000e+01 0.000000000000000000e+00 9.869999999999999218e+00 9.541833898486512533e-02 1.132021855294133850e-02 0.000000000000000000e+00 0.000000000000000000e+00 1.820000000000000000e+02 0.000000000000000000e+00 0.000000000000000000e+00 1.000000000000000000e+00
0.000000000000000000e+00 3.400000000000000000e+01 0.000000000000000000e+00 9.880000000000000782e+00 8.407885359743372256e-02 1.174650904253775330e-02 0.000000000000000000e+00 0.000000000000000000e+00 1.820000000000000000e+02 0.000000000000000000e+00 0.000000000000000000e+00 1.000000000000000000e+00
0.000000000000000000e+00 3.400000000000000000e+01 0.000000000000000000e+00 9.890000000000000568e+00 7.274303719017208292e-02 1.216764200831346038e-02 0.000000000000000000e+00 0.000000000000000000e+00 1.820000000000000000e+02 0.000000000000000000e+00 0.000000000000000000e+00 1.000000000000000000e+00
0.000000000000000000e+00 3.400000000000000000e+01 0.000000000000000000e+00 9.900000000000000355e+00 6.193837753955027531e-02 1.255187765675165601e-02 0.000000000000000000e+00 0.000000000000000000e+00 1.820000000000000000e+02 0.000000000000000000e+00 0.000000000000000000e+00 1.000000000000000000e+00
0.000000000000000000e+00 3.400000000000000000e+01 0.000000000000000000e+00 9.910000000000000142e+00 5.195253835568790918e-02 1.286984046429186929e-02 0.000000000000000000e+00 0.000000000000000000e+00 1.820000000000000000e+02 0.000000000000000000e+00 0.000000000000000000e+00 1.000000000000000000e+00
0.000000000000000000e+00 3.400000000000000000e+01 0.000000000000000000e+00 9.919999999999999929e+00 4.291270853527092560e-02 1.308844296028647408e-02 0.000000000000000000e+00 0.000000000000000000e+00 1.820000000000000000e+02 0.000000000000000000e+00 0.000000000000000000e+00 1.000000000000000000e+00
0.000000000000000000e+00 3.400000000000000000e+01 0.000000000000000000e+00 9.929999999999999716e+00 3.484121909145991569e-02 1.316316020148519672e-02 0.000000000000000000e+00 0.000000000000000000e+00 1.820000000000000000e+02 0.000000000000000000e+00 0.000000000000000000e+00 1.000000000000000000e+00
0.000000000000000000e+00 3.400000000000000000e+01 0.000000000000000000e+00 9.939999999999999503e+00 2.769403273088209827e-02 1.302748290083021593e-02 0.000000000000000000e+00 0.000000000000000000e+00 1.820000000000000000e+02 0.000000000000000000e+00 0.000000000000000000e+00 1.000000000000000000e+00
0.000000000000000000e+00 3.400000000000000000e+01 0.000000000000000000e+00 9.949999999999999289e+00 2.138693599137438811e-02 1.257855100748063448e-02 0.000000000000000000e+00 0.000000000000000000e+00 1.820000000000000000e+02 0.000000000000000000e+00 0.000000000000000000e+00 1.000000000000000000e+00
0.000000000000000000e+00 3.400000000000000000e+01 0.000000000000000000e+00 9.960000000000000853e+00 1.581295420113468589e-02 1.165975583994077053e-02 0.000000000000000000e+00 0.000000000000000000e+00 1.820000000000000000e+02 0.000000000000000000e+00 0.000000000000000000e+00 1.000000000000000000e+00
0.000000000000000000e+00 3.400000000000000000e+01 0.000000000000000000e+00 9.970000000000000639e+00 1.085354640968896889e-02 1.004924886389835931e-02 0.000000000000000000e+00 0.000000000000000000e+00 1.820000000000000000e+02 0.000000000000000000e+00 0.000000000000000000e+00 1.000000000000000000e+00
0.000000000000000000e+00 3.400000000000000000e+01 0.000000000000000000e+00 9.980000000000000426e+00 6.385432414543090740e-03 7.495318675153225807e-03 0.000000000000000000e+00 0.000000000000000000e+00 1.820000000000000000e+02 0.000000000000000000e+00 0.000000000000000000e+00 1.000000000000000000e+00
0.000000000000000000e+00 3.400000000000000000e+01 0.000000000000000000e+00 9.990000000000000213e+00 2.284391501110843992e-03 3.961332534254232568e-03 0.000000000000000000e+00 0.000000000000000000e+00 1.820000000000000000e+02 0.000000000000000000e+00 0.000000000000000000e+00 1.000000000000000000e+00
0.000000000000000000e+00 3.400000000000000000e+01 0.000000000000000000e+00 1.000000000000000000e+01 -1.572995738309141897e-03 6.105442228598817814e-04 0.000000000000000000e+00 0.000000000000000000e+00 1.820000000000000000e+02 0.000000000000000000e+00 0.000000000000000000e+00 1.000000000000000000e+00
0.000000000000000000e+00 3.400000000000000000e+01 1.000000000000000000e+00 1.000000000000000021e-02 -5.324252481370524842e-03 -inf 0.000000000000000000e+00 0.000000000000000000e+00 1.820000000000000000e+02 0.000000000000000000e+00 0.000000000000000000e+00 1.000000000000000000e+00
0.000000000000000000e+00 3.400000000000000000e+01 1.000000000000000000e+00 2.000000000000000042e-02 -5.340273063213623120e-03 -inf 0.000000000000000000e+00 0.000000000000000000e+00 1.820000000000000000e+02 0.000000000000000000e+00 0.000000000000000000e+00 1.000000000000000000e+00
0.000000000000000000e+00 3.400000000000000000e+01 1.000000000000000000e+00 2.999999999999999889e-02 -5.357761814918305526e-03 -inf 0.000000000000000000e+00 0.000000000000000000e+00 1.820000000000000000e+02 0.000000000000000000e+00 0.000000000000000000e+00 1.000000000000000000e+00
0.000000000000000000e+00 3.400000000000000000e+01 1.000000000000000000e+00 4.000000000000000083e-02 -5.377532667141319590e-03 -inf 0.000000000000000000e+00 0.000000000000000000e+00 1.820000000000000000e+02 0.000000000000000000e+00 0.000000000000000000e+00 1.000000000000000000e+00
0.000000000000000000e+00 3.400000000000000000e+01 1.000000000000000000e+00 5.000000000000000278e-02 -5.400498720404227695e-03 -inf 0.000000000000000000e+00 0.000000000000000000e+00 1.820000000000000000e+02 0.000000000000000000e+00 0.000000000000000000e+00 1.000000000000000000e+00
0.000000000000000000e+00 3.400000000000000000e+01 1.000000000000000000e+00 6.000000000000000472e-02 -5.427710975637742991e-03 -inf 0.000000000000000000e+00 0.000000000000000000e+00 1.820000000000000000e+02 0.000000000000000000e+00 0.000000000000000000e+00 1.000000000000000000e+00
0.000000000000000000e+00 3.400000000000000000e+01 1.000000000000000000e+00 6.999999999999999278e-02 -5.460402088808646685e-03 -inf 0.000000000000000000e+00 0.000000000000000000e+00 1.820000000000000000e+02 0.000000000000000000e+00 0.000000000000000000e+00 1.000000000000000000e+00
0.000000000000000000e+00 3.400000000000000000e+01 1.000000000000000000e+00 8.000000000000000167e-02 -5.500036597116588627e-03 -inf 0.000000000000000000e+00 0.000000000000000000e+00 1.820000000000000000e+02 0.000000000000000000e+00 0.000000000000000000e+00 1.000000000000000000e+00
0.000000000000000000e+00 3.400000000000000000e+01 1.000000000000000000e+00 8.999999999999999667e-02 -5.548369175033386266e-03 -inf 0.000000000000000000e+00 0.000000000000000000e+00 1.820000000000000000e+02 0.000000000000000000e+00 0.000000000000000000e+00 1.000000000000000000e+00
0.000000000000000000e+00 3.400000000000000000e+01 1.000000000000000000e+00 9.999999999999999167e-02 -5.607512590349944537e-03 -inf 0.000000000000000000e+00 0.000000000000000000e+00 1.820000000000000000e+02 0.000000000000000000e+00 0.000000000000000000e+00 1.000000000000000000e+00
0.000000000000000000e+00 3.400000000000000000e+01 1.000000000000000000e+00 1.100000000000000006e-01 -5.680017126037792061e-03 -inf 0.000000000000000000e+00 0.000000000000000000e+00 1.820000000000000000e+02 0.000000000000000000e+00 0.000000000000000000e+00 1.000000000000000000e+00
0.000000000000000000e+00 3.400000000000000000e+01 1.000000000000000000e+00 1.199999999999999956e-01 -5.768963287105098592e-03 -inf 0.000000000000000000e+00 0.000000000000000000e+00 1.820000000000000000e+02 0.000000000000000000e+00 0.000000000000000000e+00 1.000000000000000000e+00
0.000000000000000000e+00 3.400000000000000000e+01 1.000000000000000000e+00 1.300000000000000044e-01 -5.878069584350779225e-03 -inf 0.000000000000000000e+00 0.000000000000000000e+00 1.820000000000000000e+02 0.000000000000000000e+00 0.000000000000000000e+00 1.000000000000000000e+00
0.000000000000000000e+00 3.400000000000000000e+01 1.000000000000000000e+00 1.400000000000000133e-01 -6.011817023138384466e-03 -inf 0.000000000000000000e+00 0.000000000000000000e+00 1.820000000000000000e+02 0.000000000000000000e+00 0.000000000000000000e+00 1.000000000000000000e+00
0.000000000000000000e+00 3.400000000000000000e+01 1.000000000000000000e+00 1.500000000000000222e-01 -6.175591544661733490e-03 -inf 0.000000000000000000e+00 0.000000000000000000e+00 1.820000000000000000e+02 0.000000000000000000e+00 0.000000000000000000e+00 1.000000000000000000e+00
0.000000000000000000e+00 3.400000000000000000e+01 1.000000000000000000e+00 1.600000000000000033e-01 -6.375844955166226798e-03 -inf 0.000000000000000000e+00 0.000000000000000000e+00 1.820000000000000000e+02 0.000000000000000000e+00 0.000000000000000000e+00 1.000000000000000000e+00
0.000000000000000000e+00 3.400000000000000000e+01 1.000000000000000000e+00 1.700000000000000122e-01 -6.620273673476506637e-03 -inf 0.000000000000000000e+00 0.000000000000000000e+00 1.820000000000000000e+02 0.000000000000000000e+00 0.000000000000000000e+00 1.000000000000000000e+00
0.000000000000000000e+00 3.400000000000000000e+01 1.000000000000000000e+00 1.800000000000000211e-01 -6.918012702099149078e-03 -inf 0.000000000000000000e+00 0.000000000000000000e+00 1.820000000000000000e+02 0.000000000000000000e+00 0.000000000000000000e+00 1.000000000000000000e+00
0.000000000000000000e+00 3.400000000000000000e+01 1.000000000000000000e+00 1.900000000000000022e-01 -7.279839265901671963e-03 -inf 0.000000000000000000e+00 0.000000000000000000e+00 1.820000000000000000e+02 0.000000000000000000e+00 0.000000000000000000e+00 1.000000000000000000e+00
0.000000000000000000e+00 3.400000000000000000e+01 1.000000000000000000e+00 2.000000000000000111e-01 -7.718376126531629675e-03 -inf 0.000000000000000000e+00 0.000000000000000000e+00 1.820000000000000000e+02 0.000000000000000000e+00 0.000000000000000000e+00 1.000000000000000000e+00
0.000000000000000000e+00 3.400000000000000000e+01 1.000000000000000000e+00 2.100000000000000200e-01 -8.248278065438787582e-03 -inf 0.000000000000000000e+00 0.000000000000000000e+00 1.820000000000000000e+02 0.000000000000000000e+00 0.000000000000000000e+00 1.000000000000000000e+00
0.000000000000000000e+00 3.400000000000000000e+01 1.000000000000000000e+00 2.200000000000000011e-01 -8.886375602395175585e-03 -inf 0.000000000000000000e+00 0.000000000000000000e+00 1.820000000000000000e+02 0.000000000000000000e+00 0.000000000000000000e+00 1.000000000000000000e+00
0.000000000000000000e+00 3.400000000000000000e+01 1.000000000000000000e+00 2.300000000000000100e-01 -9.651736541735565431e-03 -inf 0.000000000000000000e+00 0.000000000000000000e+00 1.820000000000000000e+02 0.000000000000000000e+00 0.000000000000000000e+00 1.000000000000000000e+00
0.000000000000000000e+00 3.400000000000000000e+01 1.000000000000000000e+00 2.400000000000000189e-01 -1.056558686204306721e-02 -inf 0.000000000000000000e+00 0.000000000000000000e+00 1.820000000000000000e+02 0.000000000000000000e+00 0.000000000000000000e+00 1.000000000000000000e+00
0.000000000000000000e+00 3.400000000000000000e+01 1.000000000000000000e+00 2.500000000000000000e-01 -1.165100567314575342e-02 -inf 0.000000000000000000e+00 0.000000000000000000e+00 1.820000000000000000e+02 0.000000000000000000e+00 0.000000000000000000e+00 1.000000000000000000e+00
0.000000000000000000e+00 3.400000000000000000e+01 1.000000000000000000e+00 2.600000000000000089e-01 -1.293227158827044490e-02 -inf 0.000000000000000000e+00 0.000000000000000000e+00 1.820000000000000000e+02 0.000000000000000000e+00 0.000000000000000000e+00 1.000000000000000000e+00
0.000000000000000000e+00 3.400000000000000000e+01 1.000000000000000000e+00 2.700000000000000178e-01 -1.443368601401438626e-02 -inf 0.000000000000000000e+00 0.000000000000000000e+00 1.820000000000000000e+02 0.000000000000000000e+00 0.000000000000000000e+00 1.000000000000000000e+00
0.000000000000000000e+00 3.400000000000000000e+01 1.000000000000000000e+00 2.800000000000000266e-01 -1.617762729617686079e-02 -inf 0.000000000000000000e+00 0.000000000000000000e+00 1.820000000000000000e+02 0.000000000000000000e+00 0.000000000000000000e+00 1.000000000000000000e+00
0.000000000000000000e+00 3.400000000000000000e+01 1.000000000000000000e+00 2.900000000000000355e-01 -1.818149129344615034e-02 -inf 0.000000000000000000e+00 0.000000000000000000e+00 1.820000000000000000e+02 0.000000000000000000e+00 0.000000000000000000e+00 1.000000000000000000e+00
0.000000000000000000e+00 3.400000000000000000e+01 1.000000000000000000e+00 2.999999999999999889e-01 -2.045303924696748737e-02 -inf 0.000000000000000000e+00 0.000000000000000000e+00 1.820000000000000000e+02 0.000000000000000000e+00 0.000000000000000000e+00 1.000000000000000000e+00
0.000000000000000000e+00 3.400000000000000000e+01 1.000000000000000000e+00 3.099999999999999978e-01 -2.298348995019220201e-02 -inf 0.000000000000000000e+00 0.000000000000000000e+00 1.820000000000000000e+02 0.000000000000000000e+00 0.000000000000000000e+00 1.000000000000000000e+00
0.000000000000000000e+00 3.400000000000000000e+01 1.000000000000000000e+00 3.200000000000000067e-01 -2.573744298589950019e-02 -inf 0.000000000000000000e+00 0.000000000000000000e+00 1.820000000000000000e+02 0.000000000000000000e+00 0.000000000000000000e+00 1.000000000000000000e+00
0.000000000000000000e+00 3.400000000000000000e+01 1.000000000000000000e+00 3.300000000000000155e-01 -2.863838010446643004e-02 -inf 0.000000000000000000e+00 0.000000000000000000e+00 1.820000000000000000e+02 0.000000000000000000e+00 0.000000000000000000e+00 1.000000000000000000e+00
0.000000000000000000e+00 3.400000000000000000e+01 1.000000000000000000e+00 3.400000000000000244e-01 -3.154803175799221482e-02 -inf 0.000000000000000000e+00 0.000000000000000000e+00 1.820000000000000000e+02 0.000000000000000000e+00 0.000000000000000000e+00 1.000000000000000000e+00
0.000000000000000000e+00 3.400000000000000000e+01 1.000000000000000000e+00 3.500000000000000333e-01 -3.423727402696223610e-02 -inf 0.000000000000000000e+00 0.000000000000000000e+00 1.820000000000000000e+02 0.000000000000000000e+00 0.000000000000000000e+00 1.000000000000000000e+00
0.000000000000000000e+00 3.400000000000000000e+01 1.000000000000000000e+00 3.600000000000000422e-01 -3.634538241747067855e-02 -inf 0.000000000000000000e+00 0.000000000000000000e+00 1.820000000000000000e+02 0.000000000000000000e+00 0.000000000000000000e+00 1.000000000000000000e+00
0.000000000000000000e+00 3.400000000000000000e+01 1.000000000000000000e+00 3.699999999999999956e-01 -3.732333948489917341e-02 -inf 0.000000000000000000e+00 0.000000000000000000e+00 1.820000000000000000e+02 0.000000000000000000e+00 0.000000000000000000e+00 1.000000000000000000e+00
0.000000000000000000e+00 3.400000000000000000e+01 1.000000000000000000e+00 3.800000000000000044e-01 -3.635537453028326454e-02 -inf 0.000000000000000000e+00 0.000000000000000000e+00 1.820000000000000000e+02 0.000000000000000000e+00 0.000000000000000000e+00 1.000000000000000000e+00
0.000000000000000000e+00 3.400000000000000000e+01 1.000000000000000000e+00 3.900000000000000133e-01 -3.425780911451206667e-02 -inf 0.000000000000000000e+00 0.000000000000000000e+00 1.820000000000000000e+02 0.000000000000000000e+00 0.000000000000000000e+00 1.000000000000000000e+00
0.000000000000000000e+00 3.400000000000000000e+01 1.000000000000000000e+00 4.000000000000000222e-01 -3.158024253935255710e-02 -inf 0.000000000000000000e+00 0.000000000000000000e+00 1.820000000000000000e+02 0.000000000000000000e+00 0.000000000000000000e+00 1.000000000000000000e+00
0.000000000000000000e+00 3.400000000000000000e+01 1.000000000000000000e+00 4.100000000000000311e-01 -2.868404493509926767e-02 -inf 0.000000000000000000e+00 0.000000000000000000e+00 1.820000000000000000e+02 0.000000000000000000e+00 0.000000000000000000e+00 1.000000000000000000e+00
0.000000000000000000e+00 3.400000000000000000e+01 1.000000000000000000e+00 4.200000000000000400e-01 -2.579908610486825876e-02 -inf 0.000000000000000000e+00 0.000000000000000000e+00 1.820000000000000000e+02 0.000000000000000000e+00 0.000000000000000000e+00 1.000000000000000000e+00
0.000000000000000000e+00 3.400000000000000000e+01 1.000000000000000000e+00 4.299999999999999933e-01 -2.306452399375388124e-02 -inf 0.000000000000000000e+00 0.000000000000000000e+00 1.820000000000000000e+02 0.000000000000000000e+00 0.000000000000000000e+00 1.000000000000000000e+00
0.000000000000000000e+00 3.400000000000000000e+01 1.000000000000000000e+00 4.400000000000000022e-01 -2.055795828709423498e-02 -inf 0.000000000000000000e+00 0.000000000000000000e+00 1.820000000000000000e+02 0.000000000000000000e+00 0.000000000000000000e+00 1.000000000000000000e+00
0.000000000000000000e+00 3.400000000000000000e+01 1.000000000000000000e+00 4.500000000000000111e-01 -1.831612561338548384e-02 -inf 0.000000000000000000e+00 0.000000000000000000e+00 1.820000000000000000e+02 0.000000000000000000e+00 0.000000000000000000e+00 1.000000000000000000e+00
0.000000000000000000e+00 3.400000000000000000e+01 1.000000000000000000e+00 4.600000000000000200e-01 -1.634947474034307430e-02 -inf 0.000000000000000000e+00 0.000000000000000000e+00 1.820000000000000000e+02 0.000000000000000000e+00 0.000000000000000000e+00 1.000000000000000000e+00
0.000000000000000000e+00 3.400000000000000000e+01 1.000000000000000000e+00 4.700000000000000289e-01 -1.465233926613880057e-02 -inf 0.000000000000000000e+00 0.000000000000000000e+00 1.820000000000000000e+02 0.000000000000000000e+00 0.000000000000000000e+00 1.000000000000000000e+00
0.000000000000000000e+00 3.400000000000000000e+01 1.000000000000000000e+00 4.800000000000000377e-01 -1.320996641506372304e-02 -inf 0.000000000000000000e+00 0.000000000000000000e+00 1.820000000000000000e+02 0.000000000000000000e+00 0.000000000000000000e+00 1.000000000000000000e+00
0.000000000000000000e+00 3.400000000000000000e+01 1.000000000000000000e+00 4.899999999999999911e-01 -1.200332236875675980e-02 -inf 0.000000000000000000e+00 0.000000000000000000e+00 1.820000000000000000e+02 0.000000000000000000e+00 0.000000000000000000e+00 1.000000000000000000e+00
0.000000000000000000e+00 3.400000000000000000e+01 1.000000000000000000e+00 5.000000000000000000e-01 -1.101234628419090096e-02 -inf 0.000000000000000000e+00 0.000000000000000000e+00 1.820000000000000000e+02 0.000000000000000000e+00 0.000000000000000000e+00 1.000000000000000000e+00
0.000000000000000000e+00 3.400000000000000000e+01 1.000000000000000000e+00 5.100000000000000089e-01 -1.021814380944615491e-02 -inf 0.000000000000000000e+00 0.000000000000000000e+00 1.820000000000000000e+02 0.000000000000000000e+00 0.000000000000000000e+00 1.000000000000000000e+00
0.000000000000000000e+00 3.400000000000000000e+01 1.000000000000000000e+00 5.200000000000000178e-01 -9.604479452957417202e-03 -inf 0.000000000000000000e+00 0.000000000000000000e+00 1.820000000000000000e+02 0.000000000000000000e+00 0.000000000000000000e+00 1.000000000000000000e+00
0.000000000000000000e+00 3.400000000000000000e+01 1.000000000000000000e+00 5.300000000000000266e-01 -9.158832975552273076e-03 -inf 0.000000000000000000e+00 0.000000000000000000e+00 1.820000000000000000e+02 0.000000000000000000e+00 0.000000000000000000e+00 1.000000000000000000e+00
0.000000000000000000e+00 3.400000000000000000e+01 1.000000000000000000e+00 5.400000000000000355e-01 -8.873218786688763168e-03 -inf 0.000000000000000000e+00 0.000000000000000000e+00 1.820000000000000000e+02 0.000000000000000000e+00 0.000000000000000000e+00 1.000000000000000000e+00
0.000000000000000000e+00 3.400000000000000000e+01 1.000000000000000000e+00 5.500000000000000444e-01 -8.744922398492964780e-03 -inf 0.000000000000000000e+00 0.000000000000000000e+00 1.820000000000000000e+02 0.000000000000000000e+00 0.000000000000000000e+00 1.000000000000000000e+00
0.000000000000000000e+00 3.400000000000000000e+01 1.000000000000000000e+00 5.600000000000000533e-01 -8.777279517170423484e-03 -inf 0.000000000000000000e+00 0.000000000000000000e+00 1.820000000000000000e+02 0.000000000000000000e+00 0.000000000000000000e+00 1.000000000000000000e+00
0.000000000000000000e+00 3.400000000000000000e+01 1.000000000000000000e+00 5.700000000000000622e-01 -8.980608019869329439e-03 -inf 0.000000000000000000e+00 0.000000000000000000e+00 1.820000000000000000e+02 0.000000000000000000e+00 0.000000000000000000e+00 1.000000000000000000e+00
0.000000000000000000e+00 3.400000000000000000e+01 1.000000000000000000e+00 5.800000000000000711e-01 -9.373398749066678276e-03 -inf 0.000000000000000000e+00 0.000000000000000000e+00 1.820000000000000000e+02 0.000000000000000000e+00 0.000000000000000000e+00 1.000000000000000000e+00
0.000000000000000000e+00 3.400000000000000000e+01 1.000000000000000000e+00 5.899999999999999689e-01 -9.983876601864595524e-03 -inf 0.000000000000000000e+00 0.000000000000000000e+00 1.820000000000000000e+02 0.000000000000000000e+00 0.000000000000000000e+00 1.000000000000000000e+00
0.000000000000000000e+00 3.400000000000000000e+01 1.000000000000000000e+00 5.999999999999999778e-01 -1.085205848647200974e-02 -inf 0.000000000000000000e+00 0.000000000000000000e+00 1.820000000000000000e+02 0.000000000000000000e+00 0.000000000000000000e+00 1.000000000000000000e+00
0.000000000000000000e+00 3.400000000000000000e+01 1.000000000000000000e+00 6.099999999999999867e-01 -1.203245983157853055e-02 -inf 0.000000000000000000e+00 0.000000000000000000e+00 1.820000000000000000e+02 0.000000000000000000e+00 0.000000000000000000e+00 1.000000000000000000e+00
0.000000000000000000e+00 3.400000000000000000e+01 1.000000000000000000e+00 6.199999999999999956e-01 -1.359763771641290565e-02 -inf 0.000000000000000000e+00 0.000000000000000000e+00 1.820000000000000000e+02 0.000000000000000000e+00 0.000000000000000000e+00 1.000000000000000000e+00
0.000000000000000000e+00 3.400000000000000000e+01 1.000000000000000000e+00 6.300000000000000044e-01 -1.564280843199612053e-02 -inf 0.000000000000000000e+00 0.000000000000000000e+00 1.820000000000000000e+02 0.000000000000000000e+00 0.000000000000000000e+00 1.000000000000000000e+00
0.000000000000000000e+00 3.400000000000000000e+01 1.000000000000000000e+00 6.400000000000000133e-01 -1.829184344517198468e-02 -inf 0.000000000000000000e+00 0.000000000000000000e+00 1.820000000000000000e+02 0.000000000000000000e+00 0.000000000000000000e+00 1.000000000000000000e+00
0.000000000000000000e+00 3.400000000000000000e+01 1.000000000000000000e+00 6.500000000000000222e-01 -2.170503453449676781e-02 -inf 0.000000000000000000e+00 0.000000000000000000e+00 1.820000000000000000e+02 0.000000000000000000e+00 0.000000000000000000e+00 1.000000000000000000e+00
0.000000000000000000e+00 3.400000000000000000e+01 1.000000000000000000e+00 6.600000000000000311e-01 -2.608913195755340267e-02 -inf 0.000000000000000000e+00 0.000000000000000000e+00 1.820000000000000000e+02 0.000000000000000000e+00 0.000000000000000000e+00 1.000000000000000000e+00
0.000000000000000000e+00 3.400000000000000000e+01 1.000000000000000000e+00 6.700000000000000400e-01 -3.171030636836325023e-02 -inf 0.000000000000000000e+00 0.000000000000000000e+00 1.820000000000000000e+02 0.000000000000000000e+00 0.000000000000000000e+00 1.000000000000000000e+00
0.000000000000000000e+00 3.400000000000000000e+01 1.000000000000000000e+00 6.800000000000000488e-01 -3.891087563538708077e-02 -inf 0.000000000000000000e+00 0.000000000000000000e+00 1.820000000000000000e+02 0.000000000000000000e+00 0.000000000000000000e+00 1.000000000000000000e+00
0.000000000000000000e+00 3.400000000000000000e+01 1.000000000000000000e+00 6.900000000000000577e-01 -4.813088452143524792e-02 -inf 0.000000000000000000e+00 0.000000000000000000e+00 1.820000000000000000e+02 0.000000000000000000e+00 0.000000000000000000e+00 1.000000000000000000e+00
0.000000000000000000e+00 3.400000000000000000e+01 1.000000000000000000e+00 7.000000000000000666e-01 -5.993594507075147154e-02 -inf 0.000000000000000000e+00 0.000000000000000000e+00 1.820000000000000000e+02 0.000000000000000000e+00 0.000000000000000000e+00 1.000000000000000000e+00
0.000000000000000000e+00 3.400000000000000000e+01 1.000000000000000000e+00 7.100000000000000755e-01 -7.505316024761077287e-02 -inf 0.000000000000000000e+00 0.000000000000000000e+00 1.820000000000000000e+02 0.000000000000000000e+00 0.000000000000000000e+00 1.000000000000000000e+00
0.000000000000000000e+00 3.400000000000000000e+01 1.000000000000000000e+00 7.199999999999999734e-01 -9.441749119192752171e-02 -inf 0.000000000000000000e+00 0.000000000000000000e+00 1.820000000000000000e+02 0.000000000000000000e+00 0.000000000000000000e+00 1.000000000000000000e+00
0.000000000000000000e+00 3.400000000000000000e+01 1.000000000000000000e+00 7.299999999999999822e-01 -1.192316262545631556e-01 -inf 0.000000000000000000e+00 0.000000000000000000e+00 1.820000000000000000e+02 0.000000000000000000e+00 0.000000000000000000e+00 1.000000000000000000e+00
0.000000000000000000e+00 3.400000000000000000e+01 1.000000000000000000e+00 7.399999999999999911e-01 -1.510433157380074998e-01 -inf 0.000000000000000000e+00 0.000000000000000000e+00 1.820000000000000000e+02 0.000000000000000000e+00 0.000000000000000000e+00 1.000000000000000000e+00
0.000000000000000000e+00 3.400000000000000000e+01 1.000000000000000000e+00 7.500000000000000000e-01 -1.918453125034459417e-01 -inf 0.000000000000000000e+00 0.000000000000000000e+00 1.820000000000000000e+02 0.000000000000000000e+00 0.000000000000000000e+00 1.000000000000000000e+00
0.000000000000000000e+00 3.400000000000000000e+01 1.000000000000000000e+00 7.600000000000000089e-01 -2.442045867523057745e-01 -inf 0.000000000000000000e+00 0.000000000000000000e+00 1.820000000000000000e+02 0.000000000000000000e+00 0.000000000000000000e+00 1.000000000000000000e+00
0.000000000000000000e+00 3.400000000000000000e+01 1.000000000000000000e+00 7.700000000000000178e-01 -3.114294694903418925e-01 -inf 0.000000000000000000e+00 0.000000000000000000e+00 1.820000000000000000e+02 0.000000000000000000e+00 0.000000000000000000e+00 1.000000000000000000e+00
0.000000000000000000e+00 3.400000000000000000e+01 1.000000000000000000e+00 7.800000000000000266e-01 -3.977859618159039767e-01 -inf 0.000000000000000000e+00 1.000000000000000000e+00 1.820000000000000000e+02 0.000000000000000000e+00 0.000000000000000000e+00 1.000000000000000000e+00
0.000000000000000000e+00 3.400000000000000000e+01 1.000000000000000000e+00 7.900000000000000355e-01 -3.114239533281850658e-01 -inf 0.000000000000000000e+00 0.000000000000000000e+00 1.820000000000000000e+02 0.000000000000000000e+00 0.000000000000000000e+00 1.000000000000000000e+00
0.000000000000000000e+00 3.400000000000000000e+01 1.000000000000000000e+00 8.000000000000000444e-01 -2.441932948477552878e-01 -inf 0.000000000000000000e+00 0.000000000000000000e+00 1.820000000000000000e+02 0.000000000000000000e+00 0.000000000000000000e+00 1.000000000000000000e+00
0.000000000000000000e+00 3.400000000000000000e+01 1.000000000000000000e+00 8.100000000000000533e-01 -1.918277142740463515e-01 -inf 0.000000000000000000e+00 0.000000000000000000e+00 1.820000000000000000e+02 0.000000000000000000e+00 0.000000000000000000e+00 1.000000000000000000e+00
0.000000000000000000e+00 3.400000000000000000e+01 1.000000000000000000e+00 8.200000000000000622e-01 -1.510185863189988098e-01 -inf 0.000000000000000000e+00 0.000000000000000000e+00 1.820000000000000000e+02 0.000000000000000000e+00 0.000000000000000000e+00 1.000000000000000000e+00
0.000000000000000000e+00 3.400000000000000000e+01 1.000000000000000000e+00 8.300000000000000711e-01 -1.191986104777416067e-01 -inf 0.000000000000000000e+00 0.000000000000000000e+00 1.820000000000000000e+02 0.000000000000000000e+00 0.000000000000000000e+00 1.000000000000000000e+00
0.000000000000000000e+00 3.400000000000000000e+01 1.000000000000000000e+00 8.400000000000000799e-01 -9.437465347264095694e-02 -inf 0.000000000000000000e+00 0.000000000000000000e+00 1.820000000000000000e+02 0.000000000000000000e+00 0.000000000000000000e+00 1.000000000000000000e+00
0.000000000000000000e+00 3.400000000000000000e+01 1.000000000000000000e+00 8.499999999999999778e-01 -7.499851853061109686e-02 -inf 0.000000000000000000e+00 0.000000000000000000e+00 1.820000000000000000e+02 0.000000000000000000e+00 0.000000000000000000e+00 1.000000000000000000e+00
0.000000000000000000e+00 3.400000000000000000e+01 1.000000000000000000e+00 8.599999999999999867e-01 -5.986698644842752826e-02 -inf 0.000000000000000000e+00 0.000000000000000000e+00 1.820000000000000000e+02 0.000000000000000000e+00 0.000000000000000000e+00 1.000000000000000000e+00
0.000000000000000000e+00 3.400000000000000000e+01 1.000000000000000000e+00 8.699999999999999956e-01 -4.804445955621387820e-02 -inf 0.000000000000000000e+00 0.000000000000000000e+00 1.820000000000000000e+02 0.000000000000000000e+00 0.000000000000000000e+00 1.000000000000000000e+00
0.000000000000000000e+00 3.400000000000000000e+01 1.000000000000000000e+00 8.800000000000000044e-01 -3.880306778974448173e-02 -inf 0.000000000000000000e+00 0.000000000000000000e+00 1.820000000000000000e+02 0.000000000000000000e+00 0.000000000000000000e+00 1.000000000000000000e+00
0.000000000000000000e+00 3.400000000000000000e+01 1.000000000000000000e+00 8.900000000000000133e-01 -3.157627227459067903e-02 -inf 0.000000000000000000e+00 0.000000000000000000e+00 1.820000000000000000e+02 0.000000000000000000e+00 0.000000000000000000e+00 1.000000000000000000e+00
0.000000000000000000e+00 3.400000000000000000e+01 1.000000000000000000e+00 9.000000000000000222e-01 -2.592290755753153333e-02 -inf 0.000000000000000000e+00 0.000000000000000000e+00 1.820000000000000000e+02 0.000000000000000000e+00 0.000000000000000000e+00 1.000000000000000000e+00
0.000000000000000000e+00 3.400000000000000000e+01 1.000000000000000000e+00 9.100000000000000311e-01 -2.149930141252038435e-02 -inf 0.000000000000000000e+00 0.000000000000000000e+00 1.820000000000000000e+02 0.000000000000000000e+00 0.000000000000000000e+00 1.000000000000000000e+00
0.000000000000000000e+00 3.400000000000000000e+01 1.000000000000000000e+00 9.200000000000000400e-01 -1.803764900851297787e-02 -inf 0.000000000000000000e+00 0.000000000000000000e+00 1.820000000000000000e+02 0.000000000000000000e+00 0.000000000000000000e+00 1.000000000000000000e+00
0.000000000000000000e+00 3.400000000000000000e+01 1.000000000000000000e+00 9.300000000000000488e-01 -1.532923303592572360e-02 -inf 0.000000000000000000e+00 0.000000000000000000e+00 1.820000000000000000e+02 0.000000000000000000e+00 0.000000000000000000e+00 1.000000000000000000e+00
0.000000000000000000e+00 3.400000000000000000e+01 1.000000000000000000e+00 9.400000000000000577e-01 -1.321140149346830377e-02 -inf 0.000000000000000000e+00 0.000000000000000000e+00 1.820000000000000000e+02 0.000000000000000000e+00 0.000000000000000000e+00 1.000000000000000000e+00
0.000000000000000000e+00 3.400000000000000000e+01 1.000000000000000000e+00 9.500000000000000666e-01 -1.155746203505554105e-02 -inf 0.000000000000000000e+00 0.000000000000000000e+00 1.820000000000000000e+02 0.000000000000000000e+00 0.000000000000000000e+00 1.000000000000000000e+00
0.000000000000000000e+00 3.400000000000000000e+01 1.000000000000000000e+00 9.600000000000000755e-01 -1.026884283956239555e-02 -inf 0.000000000000000000e+00 0.000000000000000000e+00 1.820000000000000000e+02 0.000000000000000000e+00 0.000000000000000000e+00 1.000000000000000000e+00
0.000000000000000000e+00 3.400000000000000000e+01 1.000000000000000000e+00 9.699999999999999734e-01 -9.269017809641679276e-03 -inf 0.000000000000000000e+00 0.000000000000000000e+00 1.820000000000000000e+02 0.000000000000000000e+00 0.000000000000000000e+00 1.000000000000000000e+00
0.000000000000000000e+00 3.400000000000000000e+01 1.000000000000000000e+00 9.799999999999999822e-01 -8.498808485195404744e-03 -inf 0.000000000000000000e+00 0.000000000000000000e+00 1.820000000000000000e+02 0.000000000000000000e+00 0.000000000000000000e+00 1.000000000000000000e+00
0.000000000000000000e+00 3.400000000000000000e+01 1.000000000000000000e+00 9.899999999999999911e-01 -7.912764057346963198e-03 -inf 0.000000000000000000e+00 0.000000000000000000e+00 1.820000000000000000e+02 0.000000000000000000e+00 0.000000000000000000e+00 1.000000000000000000e+00
0.000000000000000000e+00 3.400000000000000000e+01 1.000000000000000000e+00 1.000000000000000000e+00 -7.476390234571073795e-03 -inf 0.000000000000000000e+00 0.000000000000000000e+00 1.820000000000000000e+02 0.000000000000000000e+00 0.000000000000000000e+00 1.000000000000000000e+00
0.000000000000000000e+00 3.400000000000000000e+01 1.000000000000000000e+00 1.010000000000000009e+00 -7.164052057087277360e-03 -inf 0.000000000000000000e+00 0.000000000000000000e+00 1.820000000000000000e+02 0.000000000000000000e+00 0.000000000000000000e+00 1.000000000000000000e+00
0.000000000000000000e+00 3.400000000000000000e+01 1.000000000000000000e+00 1.020000000000000018e+00 -6.957418676194841375e-03 -inf 0.000000000000000000e+00 0.000000000000000000e+00 1.820000000000000000e+02 0.000000000000000000e+00 0.000000000000000000e+00 1.000000000000000000e+00
0.000000000000000000e+00 3.400000000000000000e+01 1.000000000000000000e+00 1.030000000000000027e+00 -6.844352439233285755e-03 -inf 0.000000000000000000e+00 0.000000000000000000e+00 1.820000000000000000e+02 0.000000000000000000e+00 0.000000000000000000e+00 1.000000000000000000e+00
0.000000000000000000e+00 3.400000000000000000e+01 1.000000000000000000e+00 1.040000000000000036e+00 -6.818172597488706896e-03 -inf 0.000000000000000000e+00 0.000000000000000000e+00 1.820000000000000000e+02 0.000000000000000000e+00 0.000000000000000000e+00 1.000000000000000000e+00
0.000000000000000000e+00 3.400000000000000000e+01 1.000000000000000000e+00 1.050000000000000044e+00 -6.877247406787998646e-03 -inf 0.000000000000000000e+00 0.000000000000000000e+00 1.820000000000000000e+02 0.000000000000000000e+00 0.000000000000000000e+00 1.000000000000000000e+00
0.000000000000000000e+00 3.400000000000000000e+01 1.000000000000000000e+00 1.060000000000000053e+00 -7.024888838511777339e-03 -inf 0.000000000000000000e+00 0.000000000000000000e+00 1.820000000000000000e+02 0.000000000000000000e+00 0.000000000000000000e+00 1.000000000000000000e+00
0.000000000000000000e+00 3.400000000000000000e+01 1.000000000000000000e+00 1.070000000000000062e+00 -7.269542880452525488e-03 -inf 0.000000000000000000e+00 0.000000000000000000e+00 1.820000000000000000e+02 0.000000000000000000e+00 0.000000000000000000e+00 1.000000000000000000e+00
0.000000000000000000e+00 3.400000000000000000e+01 1.000000000000000000e+00 1.080000000000000071e+00 -7.625286686661221155e-03 -inf 0.000000000000000000e+00 0.000000000000000000e+00 1.820000000000000000e+02 0.000000000000000000e+00 0.000000000000000000e+00 1.000000000000000000e+00
0.000000000000000000e+00 3.400000000000000000e+01 1.000000000000000000e+00 1.090000000000000080e+00 -8.112662803569384296e-03 -inf 0.000000000000000000e+00 0.000000000000000000e+00 1.820000000000000000e+02 0.000000000000000000e+00 0.000000000000000000e+00 1.000000000000000000e+00
0.000000000000000000e+00 3.400000000000000000e+01 1.000000000000000000e+00 1.100000000000000089e+00 -8.759901570227837664e-03 -inf 0.000000000000000000e+00 0.000000000000000000e+00 1.820000000000000000e+02 0.000000000000000000e+00 0.000000000000000000e+00 1.000000000000000000e+00
0.000000000000000000e+00 3.400000000000000000e+01 1.000000000000000000e+00 1.110000000000000098e+00 -9.604606901369197938e-03 -inf 0.000000000000000000e+00 0.000000000000000000e+00 1.820000000000000000e+02 0.000000000000000000e+00 0.000000000000000000e+00 1.000000000000000000e+00
0.000000000000000000e+00 3.400000000000000000e+01 1.000000000000000000e+00 1.120000000000000107e+00 -1.069600956367032854e-02 -inf 0.000000000000000000e+00 0.000000000000000000e+00 1.820000000000000000e+02 0.000000000000000000e+00 0.000000000000000000e+00 1.000000000000000000e+00
0.000000000000000000e+00 3.400000000000000000e+01 1.000000000000000000e+00 1.130000000000000115e+00 -1.209792761420961163e-02 -inf 0.000000000000000000e+00 0.000000000000000000e+00 1.820000000000000000e+02 0.000000000000000000e+00 0.000000000000000000e+00 1.000000000000000000e+00
0.000000000000000000e+00 3.400000000000000000e+01 1.000000000000000000e+00 1.140000000000000124e+00 -1.389261819199193691e-02 -inf 0.000000000000000000e+00 0.000000000000000000e+00 1.820000000000000000e+02 0.000000000000000000e+00 0.000000000000000000e+00 1.000000000000000000e+00
0.000000000000000000e+00 3.400000000000000000e+01 1.000000000000000000e+00 1.150000000000000133e+00 -1.618576123953344853e-02 -inf 0.000000000000000000e+00 0.000000000000000000e+00 1.820000000000000000e+02 0.000000000000000000e+00 0.000000000000000000e+00 1.000000000000000000e+00
0.000000000000000000e+00 3.400000000000000000e+01 1.000000000000000000e+00 1.160000000000000142e+00 -1.911288767266883237e-02 -inf 0.000000000000000000e+00 0.000000000000000000e+00 1.820000000000000000e+02 0.000000000000000000e+00 0.000000000000000000e+00 1.000000000000000000e+00
0.000000000000000000e+00 3.400000000000000000e+01 1.000000000000000000e+00 1.169999999999999929e+00 -2.284765674291156651e-02 -inf 0.000000000000000000e+00 0.000000000000000000e+00 1.820000000000000000e+02 0.000000000000000000e+00 0.000000000000000000e+00 1.000000000000000000e+00
0.000000000000000000e+00 3.400000000000000000e+01 1.000000000000000000e+00 1.179999999999999938e+00 -2.761250593770058284e-02 -inf 0.000000000000000000e+00 0.000000000000000000e+00 1.820000000000000000e+02 0.000000000000000000e+00 0.000000000000000000e+00 1.000000000000000000e+00
0.000000000000000000e+00 3.400000000000000000e+01 1.000000000000000000e+00 1.189999999999999947e+00 -3.369234960398918149e-02 -inf 0.000000000000000000e+00 0.000000000000000000e+00 1.820000000000000000e+02 0.000000000000000000e+00 0.000000000000000000e+00 1.000000000000000000e+00
0.000000000000000000e+00 3.400000000000000000e+01 1.000000000000000000e+00 1.199999999999999956e+00 -4.145219973590761470e-02 -inf 0.000000000000000000e+00 0.000000000000000000e+00 1.820000000000000000e+02 0.000000000000000000e+00 0.000000000000000000e+00 1.000000000000000000e+00
0.000000000000000000e+00 3.400000000000000000e+01 1.000000000000000000e+00 1.209999999999999964e+00 -5.135983722315257127e-02 -inf 0.000000000000000000e+00 0.000000000000000000e+00 1.820000000000000000e+02 0.000000000000000000e+00 0.000000000000000000e+00 1.000000000000000000e+00
0.000000000000000000e+00 3.400000000000000000e+01 1.000000000000000000e+00 1.219999999999999973e+00 -6.401499141542660309e-02 -inf 0.000000000000000000e+00 0.000000000000000000e+00 1.820000000000000000e+02 0.000000000000000000e+00 0.000000000000000000e+00 1.000000000000000000e+00
0.000000000000000000e+00 3.400000000000000000e+01 1.000000000000000000e+00 1.229999999999999982e+00 -8.018691231889404913e-02 -inf 0.000000000000000000e+00 0.000000000000000000e+00 1.820000000000000000e+02 0.000000000000000000e+00 0.000000000000000000e+00 1.000000000000000000e+00
0.000000000000000000e+00 3.400000000000000000e+01 1.000000000000000000e+00 1.239999999999999991e+00 -1.008627719368929698e-01 -inf 0.000000000000000000e+00 0.000000000000000000e+00 1.820000000000000000e+02 0.000000000000000000e+00 0.000000000000000000e+00 1.000000000000000000e+00
0.000000000000000000e+00 3.400000000000000000e+01 1.000000000000000000e+00 1.250000000000000000e+00 -1.273100466701393985e-01 -inf 0.000000000000000000e+00 0.000000000000000000e+00 1.820000000000000000e+02 0.000000000000000000e+00 0.000000000000000000e+00 1.000000000000000000e+00
0.000000000000000000e+00 3.400000000000000000e+01 1.000000000000000000e+00 1.260000000000000009e+00 -1.611569600208896114e-01 -inf 0.000000000000000000e+00 0.000000000000000000e+00 1.820000000000000000e+02 0.000000000000000000e+00 0.000000000000000000e+00 1.000000000000000000e+00
0.000000000000000000e+00 3.400000000000000000e+01 1.000000000000000000e+00 1.270000000000000018e+00 -2.044962674737493546e-01 -inf 0.000000000000000000e+00 0.000000000000000000e+00 1.820000000000000000e+02 0.000000000000000000e+00 0.000000000000000000e+00 1.000000000000000000e+00
0.000000000000000000e+00 3.400000000000000000e+01 1.000000000000000000e+00 1.280000000000000027e+00 -2.600192258207543738e-01 -inf 0.000000000000000000e+00 0.000000000000000000e+00 1.820000000000000000e+02 0.000000000000000000e+00 0.000000000000000000e+00 1.000000000000000000e+00
0.000000000000000000e+00 3.400000000000000000e+01 1.000000000000000000e+00 1.290000000000000036e+00 -3.311886147189086471e-01 -inf 0.000000000000000000e+00 0.000000000000000000e+00 1.820000000000000000e+02 0.000000000000000000e+00 0.000000000000000000e+00 1.000000000000000000e+00
0.000000000000000000e+00 3.400000000000000000e+01 1.000000000000000000e+00 1.300000000000000044e+00 -4.224623087310104830e-01 -inf 0.000000000000000000e+00 0.000000000000000000e+00 1.820000000000000000e+02 0.000000000000000000e+00 0.000000000000000000e+00 1.000000000000000000e+00
0.000000000000000000e+00 3.400000000000000000e+01 1.000000000000000000e+00 1.310000000000000053e+00 -5.395823156592458592e-01 -inf 0.000000000000000000e+00 0.000000000000000000e+00 1.820000000000000000e+02 0.000000000000000000e+00 0.000000000000000000e+00 1.000000000000000000e+00
0.000000000000000000e+00 3.400000000000000000e+01 1.000000000000000000e+00 1.320000000000000062e+00 -6.899486390318703144e-01 -inf 0.000000000000000000e+00 0.000000000000000000e+00 1.820000000000000000e+02 0.000000000000000000e+00 0.000000000000000000e+00 1.000000000000000000e+00
0.000000000000000000e+00 3.400000000000000000e+01 1.000000000000000000e+00 1.330000000000000071e+00 -8.831030986452090836e-01 -inf 0.000000000000000000e+00 1.000000000000000000e+00 1.820000000000000000e+02 0.000000000000000000e+00 0.000000000000000000e+00 1.000000000000000000e+00
0.000000000000000000e+00 3.400000000000000000e+01 1.000000000000000000e+00 1.340000000000000080e+00 -6.899636123284773603e-01 -inf 0.000000000000000000e+00 0.000000000000000000e+00 1.820000000000000000e+02 0.000000000000000000e+00 0.000000000000000000e+00 1.000000000000000000e+00
0.000000000000000000e+00 3.400000000000000000e+01 1.000000000000000000e+00 1.350000000000000089e+00 -5.396129902205015760e-01 -inf 0.000000000000000000e+00 0.000000000000000000e+00 1.820000000000000000e+02 0.000000000000000000e+00 0.000000000000000000e+00 1.000000000000000000e+00
0.000000000000000000e+00 3.400000000000000000e+01 1.000000000000000000e+00 1.360000000000000098e+00 -4.225101744811607940e-01 -inf 0.000000000000000000e+00 0.000000000000000000e+00 1.820000000000000000e+02 0.000000000000000000e+00 0.000000000000000000e+00 1.000000000000000000e+00
0.000000000000000000e+00 3.400000000000000000e+01 1.000000000000000000e+00 1.370000000000000107e+00 -3.312559929877618159e-01 -inf 0.000000000000000000e+00 0.000000000000000000e+00 1.820000000000000000e+02 0.000000000000000000e+00 0.000000000000000000e+00 1.000000000000000000e+00
0.000000000000000000e+00 3.400000000000000000e+01 1.000000000000000000e+00 1.380000000000000115e+00 -2.601093772545279847e-01 -inf 0.000000000000000000e+00 0.000000000000000000e+00 1.820000000000000000e+02 0.000000000000000000e+00 0.000000000000000000e+00 1.000000000000000000e+00
0.000000000000000000e+00 3.400000000000000000e+01 1.000000000000000000e+00 1.390000000000000124e+00 -2.046135430445434888e-01 -inf 0.000000000000000000e+00 0.000000000000000000e+00 1.820000000000000000e+02 0.000000000000000000e+00 0.000000000000000000e+00 1.000000000000000000e+00
0.000000000000000000e+00 3.400000000000000000e+01 1.000000000000000000e+00 1.400000000000000133e+00 -1.613070015758638343e-01 -inf 0.000000000000000000e+00 0.000000000000000000e+00 1.820000000000000000e+02 0.000000000000000000e+00 0.000000000000000000e+00 1.000000000000000000e+00
0.000000000000000000e+00 3.400000000000000000e+01 1.000000000000000000e+00 1.410000000000000142e+00 -1.275000454931143334e-01 -inf 0.000000000000000000e+00 0.000000000000000000e+00 1.820000000000000000e+02 0.000000000000000000e+00 0.000000000000000000e+00 1.000000000000000000e+00
0.000000000000000000e+00 3.400000000000000000e+01 1.000000000000000000e+00 1.419999999999999929e+00 -1.011017961187354874e-01 -inf 0.000000000000000000e+00 0.000000000000000000e+00 1.820000000000000000e+02 0.000000000000000000e+00 0.000000000000000000e+00 1.000000000000000000e+00
0.000000000000000000e+00 3.400000000000000000e+01 1.000000000000000000e+00 1.429999999999999938e+00 -8.048631641688488991e-02 -inf 0.000000000000000000e+00 0.000000000000000000e+00 1.820000000000000000e+02 0.000000000000000000e+00 0.000000000000000000e+00 1.000000000000000000e+00
0.000000000000000000e+00 3.400000000000000000e+01 1.000000000000000000e+00 1.439999999999999947e+00 -6.438892499752091325e-02 -inf 0.000000000000000000e+00 0.000000000000000000e+00 1.820000000000000000e+02 0.000000000000000000e+00 0.000000000000000000e+00 1.000000000000000000e+00
0.000000000000000000e+00 3.400000000000000000e+01 1.000000000000000000e+00 1.449999999999999956e+00 -5.182587251433871944e-02 -inf 0.000000000000000000e+00 0.000000000000000000e+00 1.820000000000000000e+02 0.000000000000000000e+00 0.000000000000000000e+00 1.000000000000000000e+00
0.000000000000000000e+00 3.400000000000000000e+01 1.000000000000000000e+00 1.459999999999999964e+00 -4.203210278363253560e-02 -inf 0.000000000000000000e+00 0.000000000000000000e+00 1.820000000000000000e+02 0.000000000000000000e+00 0.000000000000000000e+00 1.000000000000000000e+00
0.000000000000000000e+00 3.400000000000000000e+01 1.000000000000000000e+00 1.469999999999999973e+00 -3.441302422495397251e-02 -inf 0.000000000000000000e+00 0.000000000000000000e+00 1.820000000000000000e+02 0.000000000000000000e+00 0.000000000000000000e+00 1.000000000000000000e+00
0.000000000000000000e+00 3.400000000000000000e+01 1.000000000000000000e+00 1.479999999999999982e+00 -2.850714525256782192e-02 -inf 0.000000000000000000e+00 0.000000000000000000e+00 1.820000000000000000e+02 0.000000000000000000e+00 0.000000000000000000e+00 1.000000000000000000e+00
0.000000000000000000e+00 3.400000000000000000e+01 1.000000000000000000e+00 1.489999999999999991e+00 -2.395714337588666920e-02 -inf 0.000000000000000000e+00 0.000000000000000000e+00 1.820000000000000000e+02 0.000000000000000000e+00 0.000000000000000000e+00 1.000000000000000000e+00
0.000000000000000000e+00 3.400000000000000000e+01 1.000000000000000000e+00 1.500000000000000000e+00 -2.048749067237239097e-02 -inf 0.000000000000000000e+00 0.000000000000000000e+00 1.820000000000000000e+02 0.000000000000000000e+00 0.000000000000000000e+00 1.000000000000000000e+00
0.000000000000000000e+00 3.400000000000000000e+01 1.000000000000000000e+00 1.510000000000000009e+00 -1.788718537758914387e-02 -inf 0.000000000000000000e+00 0.000000000000000000e+00 1.820000000000000000e+02 0.000000000000000000e+00 0.000000000000000000e+00 1.000000000000000000e+00
0.000000000000000000e+00 3.400000000000000000e+01 1.000000000000000000e+00 1.520000000000000018e+00 -1.599646931767619712e-02 -inf 0.000000000000000000e+00 0.000000000000000000e+00 1.820000000000000000e+02 0.000000000000000000e+00 0.000000000000000000e+00 1.000000000000000000e+00
0.000000000000000000e+00 3.400000000000000000e+01 1.000000000000000000e+00 1.530000000000000027e+00 -1.469666582321247153e-02 -inf 0.000000000000000000e+00 0.000000000000000000e+00 1.820000000000000000e+02 0.000000000000000000e+00 0.000000000000000000e+00 1.000000000000000000e+00
0.000000000000000000e+00 3.400000000000000000e+01 1.000000000000000000e+00 1.540000000000000036e+00 -1.390246946872169230e-02 -inf 0.000000000000000000e+00 0.000000000000000000e+00 1.820000000000000000e+02 0.000000000000000000e+00 0.000000000000000000e+00 1.000000000000000000e+00
0.000000000000000000e+00 3.400000000000000000e+01 1.000000000000000000e+00 1.550000000000000044e+00 -1.355617031125670030e-02 -inf 0.000000000000000000e+00 0.000000000000000000e+00 1.820000000000000000e+02 0.000000000000000000e+00 0.000000000000000000e+00 1.000000000000000000e+00
0.000000000000000000e+00 3.400000000000000000e+01 1.000000000000000000e+00 1.560000000000000053e+00 -1.362341092501605927e-02 -inf 0.000000000000000000e+00 0.000000000000000000e+00 1.820000000000000000e+02 0.000000000000000000e+00 0.000000000000000000e+00 1.000000000000000000e+00
0.000000000000000000e+00 3.400000000000000000e+01 1.000000000000000000e+00 1.570000000000000062e+00 -1.409016159433616570e-02 -inf 0.000000000000000000e+00 0.000000000000000000e+00 1.820000000000000000e+02 0.000000000000000000e+00 0.000000000000000000e+00 1.000000000000000000e+00
0.000000000000000000e+00 3.400000000000000000e+01 1.000000000000000000e+00 1.580000000000000071e+00 -1.496066261681620359e-02 -inf 0.000000000000000000e+00 0.000000000000000000e+00 1.820000000000000000e+02 0.000000000000000000e+00 0.000000000000000000e+00 1.000000000000000000e+00
0.000000000000000000e+00 3.400000000000000000e+01 1.000000000000000000e+00 1.590000000000000080e+00 -1.625612610465999169e-02 -inf 0.000000000000000000e+00 0.000000000000000000e+00 1.820000000000000000e+02 0.000000000000000000e+00 0.000000000000000000e+00 1.000000000000000000e+00
0.000000000000000000e+00 3.400000000000000000e+01 1.000000000000000000e+00 1.600000000000000089e+00 -1.801401469308440417e-02 -inf 0.000000000000000000e+00 0.000000000000000000e+00 1.820000000000000000e+02 0.000000000000000000e+00 0.000000000000000000e+00 1.000000000000000000e+00
0.000000000000000000e+00 3.400000000000000000e+01 1.000000000000000000e+00 1.610000000000000098e+00 -2.028772137278989085e-02 -inf 0.000000000000000000e+00 0.000000000000000000e+00 1.820000000000000000e+02 0.000000000000000000e+00 0.000000000000000000e+00 1.000000000000000000e+00
0.000000000000000000e+00 3.400000000000000000e+01 1.000000000000000000e+00 1.620000000000000107e+00 -2.314646185466758682e-02 -inf 0.000000000000000000e+00 0.000000000000000000e+00 1.820000000000000000e+02 0.000000000000000000e+00 0.000000000000000000e+00 1.000000000000000000e+00
0.000000000000000000e+00 3.400000000000000000e+01 1.000000000000000000e+00 1.630000000000000115e+00 -2.667515523121469917e-02 -inf 0.000000000000000000e+00 0.000000000000000000e+00 1.820000000000000000e+02 0.000000000000000000e+00 0.000000000000000000e+00 1.000000000000000000e+00
0.000000000000000000e+00 3.400000000000000000e+01 1.000000000000000000e+00 1.640000000000000124e+00 -3.097400482839640298e-02 -inf 0.000000000000000000e+00 0.000000000000000000e+00 1.820000000000000000e+02 0.000000000000000000e+00 0.000000000000000000e+00 1.000000000000000000e+00
0.000000000000000000e+00 3.400000000000000000e+01 1.000000000000000000e+00 1.650000000000000133e+00 -3.615739092907957475e-02 -inf 0.000000000000000000e+00 0.000000000000000000e+00 1.820000000000000000e+02 0.000000000000000000e+00 0.000000000000000000e+00 1.000000000000000000e+00
0.000000000000000000e+00 3.400000000000000000e+01 1.000000000000000000e+00 1.660000000000000142e+00 -4.235153887205363871e-02 -inf 0.000000000000000000e+00 0.000000000000000000e+00 1.820000000000000000e+02 0.000000000000000000e+00 0.000000000000000000e+00 1.000000000000000000e+00
0.000000000000000000e+00 3.400000000000000000e+01 1.000000000000000000e+00 1.670000000000000151e+00 -4.969021366864451866e-02 -inf 0.000000000000000000e+00 0.000000000000000000e+00 1.820000000000000000e+02 0.000000000000000000e+00 0.000000000000000000e+00 1.000000000000000000e+00
0.000000000000000000e+00 3.400000000000000000e+01 1.000000000000000000e+00 1.679999999999999938e+00 -5.830739342543496406e-02 -inf 0.000000000000000000e+00 0.000000000000000000e+00 1.820000000000000000e+02 0.000000000000000000e+00 0.000000000000000000e+00 1.000000000000000000e+00
0.000000000000000000e+00 3.400000000000000000e+01 1.000000000000000000e+00 1.689999999999999947e+00 -6.832545811083232112e-02 -inf 0.000000000000000000e+00 0.000000000000000000e+00 1.820000000000000000e+02 0.000000000000000000e+00 0.000000000000000000e+00 1.000000000000000000e+00
0.000000000000000000e+00 3.400000000000000000e+01 1.000000000000000000e+00 1.699999999999999956e+00 -7.983685634323284264e-02 -inf 0.000000000000000000e+00 0.000000000000000000e+00 1.820000000000000000e+02 0.000000000000000000e+00 0.000000000000000000e+00 1.000000000000000000e+00
0.000000000000000000e+00 3.400000000000000000e+01 1.000000000000000000e+00 1.709999999999999964e+00 -9.287642526439510160e-02 -inf 0.000000000000000000e+00 0.000000000000000000e+00 1.820000000000000000e+02 0.000000000000000000e+00 0.000000000000000000e+00 1.000000000000000000e+00
0.000000000000000000e+00 3.400000000000000000e+01 1.000000000000000000e+00 1.719999999999999973e+00 -1.073804622677298481e-01 -inf 0.000000000000000000e+00 0.000000000000000000e+00 1.820000000000000000e+02 0.000000000000000000e+00 0.000000000000000000e+00 1.000000000000000000e+00
0.000000000000000000e+00 3.400000000000000000e+01 1.000000000000000000e+00 1.729999999999999982e+00 -1.231271817026093340e-01 -inf 0.000000000000000000e+00 0.000000000000000000e+00 1.820000000000000000e+02 0.000000000000000000e+00 0.000000000000000000e+00 1.000000000000000000e+00
0.000000000000000000e+00 3.400000000000000000e+01 1.000000000000000000e+00 1.739999999999999991e+00 -1.396511996275562884e-01 -inf 0.000000000000000000e+00 0.000000000000000000e+00 1.820000000000000000e+02 0.000000000000000000e+00 0.000000000000000000e+00 1.000000000000000000e+00
0.000000000000000000e+00 3.400000000000000000e+01 1.000000000000000000e+00 1.750000000000000000e+00 -1.561219943450069536e-01 -inf 0.000000000000000000e+00 0.000000000000000000e+00 1.820000000000000000e+02 0.000000000000000000e+00 0.000000000000000000e+00 1.000000000000000000e+00
0.000000000000000000e+00 3.400000000000000000e+01 1.000000000000000000e+00 1.760000000000000009e+00 -1.711726478104025340e-01 -inf 0.000000000000000000e+00 0.000000000000000000e+00 1.820000000000000000e+02 0.000000000000000000e+00 0.000000000000000000e+00 1.000000000000000000e+00
0.000000000000000000e+00 3.400000000000000000e+01 1.000000000000000000e+00 1.770000000000000018e+00 -1.831994500218143973e-01 -inf 0.000000000000000000e+00 0.000000000000000000e+00 1.820000000000000000e+02 0.000000000000000000e+00 0.000000000000000000e+00 1.000000000000000000e+00
0.000000000000000000e+00 3.400000000000000000e+01 1.000000000000000000e+00 1.780000000000000027e+00 -1.933635947639412156e-01 -inf 0.000000000000000000e+00 0.000000000000000000e+00 1.820000000000000000e+02 0.000000000000000000e+00 0.000000000000000000e+00 1.000000000000000000e+00
0.000000000000000000e+00 3.400000000000000000e+01 1.000000000000000000e+00 1.790000000000000036e+00 -2.025292585270759838e-01 -inf 0.000000000000000000e+00 0.000000000000000000e+00 1.820000000000000000e+02 0.000000000000000000e+00 0.000000000000000000e+00 1.000000000000000000e+00
0.000000000000000000e+00 3.400000000000000000e+01 1.000000000000000000e+00 1.800000000000000044e+00 -2.092901093039049587e-01 -inf 0.000000000000000000e+00 0.000000000000000000e+00 1.820000000000000000e+02 0.000000000000000000e+00 0.000000000000000000e+00 1.000000000000000000e+00
0.000000000000000000e+00 3.400000000000000000e+01 1.000000000000000000e+00 1.810000000000000053e+00 -2.140046548400094673e-01 -inf 0.000000000000000000e+00 0.000000000000000000e+00 1.820000000000000000e+02 0.000000000000000000e+00 0.000000000000000000e+00 1.000000000000000000e+00
0.000000000000000000e+00 3.400000000000000000e+01 1.000000000000000000e+00 1.820000000000000062e+00 -2.183593850843528195e-01 -inf 0.000000000000000000e+00 0.000000000000000000e+00 1.820000000000000000e+02 0.000000000000000000e+00 0.000000000000000000e+00 1.000000000000000000e+00
0.000000000000000000e+00 3.400000000000000000e+01 1.000000000000000000e+00 1.830000000000000071e+00 -2.218062213977514685e-01 -inf 0.000000000000000000e+00 0.000000000000000000e+00 1.820000000000000000e+02 0.000000000000000000e+00 0.000000000000000000e+00 1.000000000000000000e+00
0.000000000000000000e+00 3.400000000000000000e+01 1.000000000000000000e+00 1.840000000000000080e+00 -2.234704220463453739e-01 -inf 0.000000000000000000e+00 0.000000000000000000e+00 1.820000000000000000e+02 0.000000000000000000e+00 0.000000000000000000e+00 1.000000000000000000e+00
0.000000000000000000e+00 3.400000000000000000e+01 1.000000000000000000e+00 1.850000000000000089e+00 -2.242121111722693017e-01 -inf 0.000000000000000000e+00 0.000000000000000000e+00 1.820000000000000000e+02 0.000000000000000000e+00 0.000000000000000000e+00 1.000000000000000000e+00
0.000000000000000000e+00 3.400000000000000000e+01 1.000000000000000000e+00 1.860000000000000098e+00 -2.251938181171868059e-01 -inf 0.000000000000000000e+00 0.000000000000000000e+00 1.820000000000000000e+02 0.000000000000000000e+00 0.000000000000000000e+00 1.000000000000000000e+00
0.000000000000000000e+00 3.400000000000000000e+01 1.000000000000000000e+00 1.870000000000000107e+00 -2.244070767735599492e-01 -inf 0.000000000000000000e+00 0.000000000000000000e+00 1.820000000000000000e+02 0.000000000000000000e+00 0.000000000000000000e+00 1.000000000000000000e+00
0.000000000000000000e+00 3.400000000000000000e+01 1.000000000000000000e+00 1.880000000000000115e+00 -2.258366134604065933e-01 -inf 0.000000000000000000e+00 0.000000000000000000e+00 1.820000000000000000e+02 0.000000000000000000e+00 0.000000000000000000e+00 1.000000000000000000e+00
0.000000000000000000e+00 3.400000000000000000e+01 1.000000000000000000e+00 1.890000000000000124e+00 -2.254120730250396831e-01 -inf 0.000000000000000000e+00 0.000000000000000000e+00 1.820000000000000000e+02 0.000000000000000000e+00 0.000000000000000000e+00 1.000000000000000000e+00
0.000000000000000000e+00 3.400000000000000000e+01 1.000000000000000000e+00 1.900000000000000133e+00 -2.239841438373140481e-01 -inf 0.000000000000000000e+00 0.000000000000000000e+00 1.820000000000000000e+02 0.000000000000000000e+00 0.000000000000000000e+00 1.000000000000000000e+00
0.000000000000000000e+00 3.400000000000000000e+01 1.000000000000000000e+00 1.910000000000000142e+00 -2.207799051040068017e-01 -inf 0.000000000000000000e+00 0.000000000000000000e+00 1.820000000000000000e+02 0.000000000000000000e+00 0.000000000000000000e+00 1.000000000000000000e+00
0.000000000000000000e+00 3.400000000000000000e+01 1.000000000000000000e+00 1.920000000000000151e+00 -2.168155816252700374e-01 -inf 0.000000000000000000e+00 0.000000000000000000e+00 1.820000000000000000e+02 0.000000000000000000e+00 0.000000000000000000e+00 1.000000000000000000e+00
0.000000000000000000e+00 3.400000000000000000e+01 1.000000000000000000e+00 1.929999999999999938e+00 -2.109907738642654018e-01 -inf 0.000000000000000000e+00 0.000000000000000000e+00 1.820000000000000000e+02 0.000000000000000000e+00 0.000000000000000000e+00 1.000000000000000000e+00
0.000000000000000000e+00 3.400000000000000000e+01 1.000000000000000000e+00 1.939999999999999947e+00 -2.068157359559658071e-01 -inf 0.000000000000000000e+00 0.000000000000000000e+00 1.820000000000000000e+02 0.000000000000000000e+00 0.000000000000000000e+00 1.000000000000000000e+00
0.000000000000000000e+00 3.400000000000000000e+01 1.000000000000000000e+00 1.949999999999999956e+00 -2.024721253592362269e-01 -inf 0.000000000000000000e+00 0.000000000000000000e+00 1.820000000000000000e+02 0.000000000000000000e+00 0.000000000000000000e+00 1.000000000000000000e+00
0.000000000000000000e+00 3.400000000000000000e+01 1.000000000000000000e+00 1.959999999999999964e+00 -1.972224735209341662e-01 -inf 0.000000000000000000e+00 0.000000000000000000e+00 1.820000000000000000e+02 0.000000000000000000e+00 0.000000000000000000e+00 1.000000000000000000e+00
0.000000000000000000e+00 3.400000000000000000e+01 1.000000000000000000e+00 1.969999999999999973e+00 -1.894017079577002827e-01 -inf 0.000000000000000000e+00 0.000000000000000000e+00 1.820000000000000000e+02 0.000000000000000000e+00 0.000000000000000000e+00 1.000000000000000000e+00
0.000000000000000000e+00 3.400000000000000000e+01 1.000000000000000000e+00 1.979999999999999982e+00 -1.797611354731403488e-01 -inf 0.000000000000000000e+00 0.000000000000000000e+00 1.820000000000000000e+02 0.000000000000000000e+00 0.000000000000000000e+00 1.000000000000000000e+00
0.000000000000000000e+00 3.400000000000000000e+01 1.000000000000000000e+00 1.989999999999999991e+00 -1.679127185378780918e-01 -inf 0.000000000000000000e+00 0.000000000000000000e+00 1.820000000000000000e+02 0.000000000000000000e+00 0.000000000000000000e+00 1.000000000000000000e+00
0.000000000000000000e+00 3.400000000000000000e+01 1.000000000000000000e+00 2.000000000000000000e+00 -1.533860998331273984e-01 -inf 0.000000000000000000e+00 0.000000000000000000e+00 1.820000000000000000e+02 0.000000000000000000e+00 0.000000000000000000e+00 1.000000000000000000e+00
0.000000000000000000e+00 3.400000000000000000e+01 1.000000000000000000e+00 2.009999999999999787e+00 -1.381030980735773739e-01 -inf 0.000000000000000000e+00 0.000000000000000000e+00 1.820000000000000000e+02 0.000000000000000000e+00 0.000000000000000000e+00 1.000000000000000000e+00
0.000000000000000000e+00 3.400000000000000000e+01 1.000000000000000000e+00 2.020000000000000018e+00 -1.232716983056040272e-01 -inf 0.000000000000000000e+00 0.000000000000000000e+00 1.820000000000000000e+02 0.000000000000000000e+00 0.000000000000000000e+00 1.000000000000000000e+00
0.000000000000000000e+00 3.400000000000000000e+01 1.000000000000000000e+00 2.029999999999999805e+00 -1.096340953121708039e-01 -inf 0.000000000000000000e+00 0.000000000000000000e+00 1.820000000000000000e+02 0.000000000000000000e+00 0.000000000000000000e+00 1.000000000000000000e+00
0.000000000000000000e+00 3.400000000000000000e+01 1.000000000000000000e+00 2.040000000000000036e+00 -9.761999383385311368e-02 -inf 0.000000000000000000e+00 0.000000000000000000e+00 1.820000000000000000e+02 0.000000000000000000e+00 0.000000000000000000e+00 1.000000000000000000e+00
0.000000000000000000e+00 3.400000000000000000e+01 1.000000000000000000e+00 2.049999999999999822e+00 -8.745527474946576674e-02 -inf 0.000000000000000000e+00 0.000000000000000000e+00 1.820000000000000000e+02 0.000000000000000000e+00 0.000000000000000000e+00 1.000000000000000000e+00
0.000000000000000000e+00 3.400000000000000000e+01 1.000000000000000000e+00 2.059999999999999609e+00 -7.923821791206112075e-02 -inf 0.000000000000000000e+00 0.000000000000000000e+00 1.820000000000000000e+02 0.000000000000000000e+00 0.000000000000000000e+00 1.000000000000000000e+00
0.000000000000000000e+00 3.400000000000000000e+01 1.000000000000000000e+00 2.069999999999999840e+00 -7.299213044035790521e-02 -inf 0.000000000000000000e+00 0.000000000000000000e+00 1.820000000000000000e+02 0.000000000000000000e+00 0.000000000000000000e+00 1.000000000000000000e+00
0.000000000000000000e+00 3.400000000000000000e+01 1.000000000000000000e+00 2.079999999999999627e+00 -6.870071753054643460e-02 -inf 0.000000000000000000e+00 0.000000000000000000e+00 1.820000000000000000e+02 0.000000000000000000e+00 0.000000000000000000e+00 1.000000000000000000e+00
0.000000000000000000e+00 3.400000000000000000e+01 1.000000000000000000e+00 2.089999999999999858e+00 -6.633062335883981031e-02 -inf 0.000000000000000000e+00 0.000000000000000000e+00 1.820000000000000000e+02 0.000000000000000000e+00 0.000000000000000000e+00 1.000000000000000000e+00
0.000000000000000000e+00 3.400000000000000000e+01 1.000000000000000000e+00 2.099999999999999645e+00 -6.584408643979750009e-02 -inf 0.000000000000000000e+00 0.000000000000000000e+00 1.820000000000000000e+02 0.000000000000000000e+00 0.000000000000000000e+00 1.000000000000000000e+00
0.000000000000000000e+00 3.400000000000000000e+01 1.000000000000000000e+00 2.109999999999999876e+00 -6.720345795237615827e-02 -inf 0.000000000000000000e+00 0.000000000000000000e+00 1.820000000000000000e+02 0.000000000000000000e+00 0.000000000000000000e+00 1.000000000000000000e+00
0.000000000000000000e+00 3.400000000000000000e+01 1.000000000000000000e+00 2.119999999999999662e+00 -7.036830921679573803e-02 -inf 0.000000000000000000e+00 0.000000000000000000e+00 1.820000000000000000e+02 0.000000000000000000e+00 0.000000000000000000e+00 1.000000000000000000e+00
0.000000000000000000e+00 3.400000000000000000e+01 1.000000000000000000e+00 2.129999999999999893e+00 -7.528490715148131174e-02 -inf 0.000000000000000000e+00 0.000000000000000000e+00 1.820000000000000000e+02 0.000000000000000000e+00 0.000000000000000000e+00 1.000000000000000000e+00
0.000000000000000000e+00 3.400000000000000000e+01 1.000000000000000000e+00 2.139999999999999680e+00 -8.186687232849729212e-02 -inf 0.000000000000000000e+00 0.000000000000000000e+00 1.820000000000000000e+02 0.000000000000000000e+00 0.000000000000000000e+00 1.000000000000000000e+00
0.000000000000000000e+00 3.400000000000000000e+01 1.000000000000000000e+00 2.149999999999999911e+00 -8.996476006397691183e-02 -inf 0.000000000000000000e+00 0.000000000000000000e+00 1.820000000000000000e+02 0.000000000000000000e+00 0.000000000000000000e+00 1.000000000000000000e+00
0.000000000000000000e+00 3.400000000000000000e+01 1.000000000000000000e+00 2.159999999999999698e+00 -9.932101833457368523e-02 -inf 0.000000000000000000e+00 0.000000000000000000e+00 1.820000000000000000e+02 0.000000000000000000e+00 0.000000000000000000e+00 1.000000000000000000e+00
0.000000000000000000e+00 3.400000000000000000e+01 1.000000000000000000e+00 2.169999999999999929e+00 -1.095051564697406554e-01 -inf 0.000000000000000000e+00 0.000000000000000000e+00 1.820000000000000000e+02 0.000000000000000000e+00 0.000000000000000000e+00 1.000000000000000000e+00
0.000000000000000000e+00 3.400000000000000000e+01 1.000000000000000000e+00 2.179999999999999716e+00 -1.198218562065817838e-01 -inf 0.000000000000000000e+00 0.000000000000000000e+00 1.820000000000000000e+02 0.000000000000000000e+00 0.000000000000000000e+00 1.000000000000000000e+00
0.000000000000000000e+00 3.400000000000000000e+01 1.000000000000000000e+00 2.189999999999999947e+00 -1.291819811948311247e-01 -inf 0.000000000000000000e+00 0.000000000000000000e+00 1.820000000000000000e+02 0.000000000000000000e+00 0.000000000000000000e+00 1.000000000000000000e+00
0.000000000000000000e+00 3.400000000000000000e+01 1.000000000000000000e+00 2.199999999999999734e+00 -1.359227444340939672e-01 -inf 0.000000000000000000e+00 0.000000000000000000e+00 1.820000000000000000e+02 0.000000000000000000e+00 0.000000000000000000e+00 1.000000000000000000e+00
0.000000000000000000e+00 3.400000000000000000e+01 1.000000000000000000e+00 2.209999999999999964e+00 -1.387548616143851610e-01 -inf 0.000000000000000000e+00 0.000000000000000000e+00 1.820000000000000000e+02 0.000000000000000000e+00 0.000000000000000000e+00 1.000000000000000000e+00
0.000000000000000000e+00 3.400000000000000000e+01 1.000000000000000000e+00 2.219999999999999751e+00 -1.372725891583044255e-01 -inf 0.000000000000000000e+00 0.000000000000000000e+00 1.820000000000000000e+02 0.000000000000000000e+00 0.000000000000000000e+00 1.000000000000000000e+00
0.000000000000000000e+00 3.400000000000000000e+01 1.000000000000000000e+00 2.229999999999999982e+00 -1.323153327553570069e-01 -inf 0.000000000000000000e+00 0.000000000000000000e+00 1.820000000000000000e+02 0.000000000000000000e+00 0.000000000000000000e+00 1.000000000000000000e+00
0.000000000000000000e+00 3.400000000000000000e+01 1.000000000000000000e+00 2.239999999999999769e+00 -1.254305619432028451e-01 -inf 0.000000000000000000e+00 0.000000000000000000e+00 1.820000000000000000e+02 0.000000000000000000e+00 0.000000000000000000e+00 1.000000000000000000e+00
0.000000000000000000e+00 3.400000000000000000e+01 1.000000000000000000e+00 2.250000000000000000e+00 -1.153951384672314839e-01 -inf 0.000000000000000000e+00 0.000000000000000000e+00 1.820000000000000000e+02 0.000000000000000000e+00 0.000000000000000000e+00 1.000000000000000000e+00
0.000000000000000000e+00 3.400000000000000000e+01 1.000000000000000000e+00 2.259999999999999787e+00 -1.039427687463002903e-01 -inf 0.000000000000000000e+00 0.000000000000000000e+00 1.820000000000000000e+02 0.000000000000000000e+00 0.000000000000000000e+00 1.000000000000000000e+00
0.000000000000000000e+00 3.400000000000000000e+01 1.000000000000000000e+00 2.270000000000000018e+00 -9.219213603681963853e-02 -inf 0.000000000000000000e+00 0.000000000000000000e+00 1.820000000000000000e+02 0.000000000000000000e+00 0.000000000000000000e+00 1.000000000000000000e+00
0.000000000000000000e+00 3.400000000000000000e+01 1.000000000000000000e+00 2.279999999999999805e+00 -8.083498527438390258e-02 -inf 0.000000000000000000e+00 0.000000000000000000e+00 1.820000000000000000e+02 0.000000000000000000e+00 0.000000000000000000e+00 1.000000000000000000e+00
0.000000000000000000e+00 3.400000000000000000e+01 1.000000000000000000e+00 2.290000000000000036e+00 -7.027083233199268864e-02 -inf 0.000000000000000000e+00 0.000000000000000000e+00 1.820000000000000000e+02 0.000000000000000000e+00 0.000000000000000000e+00 1.000000000000000000e+00
0.000000000000000000e+00 3.400000000000000000e+01 1.000000000000000000e+00 2.299999999999999822e+00 -6.070278300532385568e-02 -inf 0.000000000000000000e+00 0.000000000000000000e+00 1.820000000000000000e+02 0.000000000000000000e+00 0.000000000000000000e+00 1.000000000000000000e+00
0.000000000000000000e+00 3.400000000000000000e+01 1.000000000000000000e+00 2.310000000000000053e+00 -5.220512989920616381e-02 -inf 0.000000000000000000e+00 0.000000000000000000e+00 1.820000000000000000e+02 0.000000000000000000e+00 0.000000000000000000e+00 1.000000000000000000e+00
0.000000000000000000e+00 3.400000000000000000e+01 1.000000000000000000e+00 2.319999999999999840e+00 -4.477056363065947536e-02 -inf 0.000000000000000000e+00 0.000000000000000000e+00 1.820000000000000000e+02 0.000000000000000000e+00 0.000000000000000000e+00 1.000000000000000000e+00
0.000000000000000000e+00 3.400000000000000000e+01 1.000000000000000000e+00 2.329999999999999627e+00 -3.834273781450370233e-02 -inf 0.000000000000000000e+00 0.000000000000000000e+00 1.820000000000000000e+02 0.000000000000000000e+00 0.000000000000000000e+00 1.000000000000000000e+00
0.000000000000000000e+00 3.400000000000000000e+01 1.000000000000000000e+00 2.339999999999999858e+00 -3.283837758635133053e-02 -inf 0.000000000000000000e+00 0.000000000000000000e+00 1.820000000000000000e+02 0.000000000000000000e+00 0.000000000000000000e+00 1.000000000000000000e+00
0.000000000000000000e+00 3.400000000000000000e+01 1.000000000000000000e+00 2.349999999999999645e+00 -2.816197867029178459e-02 -inf 0.000000000000000000e+00 0.000000000000000000e+00 1.820000000000000000e+02 0.000000000000000000e+00 0.000000000000000000e+00 1.000000000000000000e+00
0.000000000000000000e+00 3.400000000000000000e+01 1.000000000000000000e+00 2.359999999999999876e+00 -2.421530342279869241e-02 -inf 0.000000000000000000e+00 0.000000000000000000e+00 1.820000000000000000e+02 0.000000000000000000e+00 0.000000000000000000e+00 1.000000000000000000e+00
0.000000000000000000e+00 3.400000000000000000e+01 1.000000000000000000e+00 2.369999999999999662e+00 -2.090326368619024183e-02 -inf 0.000000000000000000e+00 0.000000000000000000e+00 1.820000000000000000e+02 0.000000000000000000e+00 0.000000000000000000e+00 1.000000000000000000e+00
0.000000000000000000e+00 3.400000000000000000e+01 1.000000000000000000e+00 2.379999999999999893e+00 -1.813732939051803522e-02 -inf 0.000000000000000000e+00 0.000000000000000000e+00 1.820000000000000000e+02 0.000000000000000000e+00 0.000000000000000000e+00 1.000000000000000000e+00
0.000000000000000000e+00 3.400000000000000000e+01 1.000000000000000000e+00 2.389999999999999680e+00 -1.583727328341562671e-02 -inf 0.000000000000000000e+00 0.000000000000000000e+00 1.820000000000000000e+02 0.000000000000000000e+00 0.000000000000000000e+00 1.000000000000000000e+00
0.000000000000000000e+00 3.400000000000000000e+01 1.000000000000000000e+00 2.399999999999999911e+00 -1.393182371589077664e-02 -inf 0.000000000000000000e+00 0.000000000000000000e+00 1.820000000000000000e+02 0.000000000000000000e+00 0.000000000000000000e+00 1.000000000000000000e+00
0.000000000000000000e+00 3.400000000000000000e+01 1.000000000000000000e+00 2.409999999999999698e+00 -1.235862515973609743e-02 -inf 0.000000000000000000e+00 0.000000000000000000e+00 1.820000000000000000e+02 0.000000000000000000e+00 0.000000000000000000e+00 1.000000000000000000e+00
0.000000000000000000e+00 3.400000000000000000e+01 1.000000000000000000e+00 2.419999999999999929e+00 -1.106378237448636843e-02 -inf 0.000000000000000000e+00 0.000000000000000000e+00 1.820000000000000000e+02 0.000000000000000000e+00 0.000000000000000000e+00 1.000000000000000000e+00
0.000000000000000000e+00 3.400000000000000000e+01 1.000000000000000000e+00 2.429999999999999716e+00 -1.000117579473311369e-02 -inf 0.000000000000000000e+00 0.000000000000000000e+00 1.820000000000000000e+02 0.000000000000000000e+00 0.000000000000000000e+00 1.000000000000000000e+00
0.000000000000000000e+00 3.400000000000000000e+01 1.000000000000000000e+00 2.439999999999999947e+00 -9.131673125014134335e-03 -inf 0.000000000000000000e+00 0.000000000000000000e+00 1.820000000000000000e+02 0.000000000000000000e+00 0.000000000000000000e+00 1.000000000000000000e+00
0.000000000000000000e+00 3.400000000000000000e+01 1.000000000000000000e+00 2.449999999999999734e+00 -8.422318214787725618e-03 -inf 0.000000000000000000e+00 0.000000000000000000e+00 1.820000000000000000e+02 0.000000000000000000e+00 0.000000000000000000e+00 1.000000000000000000e+00
0.000000000000000000e+00 3.400000000000000000e+01 1.000000000000000000e+00 2.459999999999999964e+00 -7.845547838209667932e-03 -inf 0.000000000000000000e+00 0.000000000000000000e+00 1.820000000000000000e+02 0.000000000000000000e+00 0.000000000000000000e+00 1.000000000000000000e+00
0.000000000000000000e+00 3.400000000000000000e+01 1.000000000000000000e+00 2.469999999999999751e+00 -7.378466221701131603e-03 -inf 0.000000000000000000e+00 0.000000000000000000e+00 1.820000000000000000e+02 0.000000000000000000e+00 0.000000000000000000e+00 1.000000000000000000e+00
0.000000000000000000e+00 3.400000000000000000e+01 1.000000000000000000e+00 2.479999999999999982e+00 -7.002193281270294688e-03 -inf 0.000000000000000000e+00 0.000000000000000000e+00 1.820000000000000000e+02 0.000000000000000000e+00 0.000000000000000000e+00 1.000000000000000000e+00
0.000000000000000000e+00 3.400000000000000000e+01 1.000000000000000000e+00 2.489999999999999769e+00 -6.701293549952996864e-03 -inf 0.000000000000000000e+00 0.000000000000000000e+00 1.820000000000000000e+02 0.000000000000000000e+00 0.000000000000000000e+00 1.000000000000000000e+00
0.000000000000000000e+00 3.400000000000000000e+01 1.000000000000000000e+00 2.500000000000000000e+00 -6.463287255384884099e-03 -inf 0.000000000000000000e+00 0.000000000000000000e+00 1.820000000000000000e+02 0.000000000000000000e+00 0.000000000000000000e+00 1.000000000000000000e+00
0.000000000000000000e+00 3.400000000000000000e+01 1.000000000000000000e+00 2.509999999999999787e+00 -6.278241924962843674e-03 -inf 0.000000000000000000e+00 0.000000000000000000e+00 1.820000000000000000e+02 0.000000000000000000e+00 0.000000000000000000e+00 1.000000000000000000e+00
0.000000000000000000e+00 3.400000000000000000e+01 1.000000000000000000e+00 2.520000000000000018e+00 -6.138441533581269136e-03 -inf 0.000000000000000000e+00 0.000000000000000000e+00 1.820000000000000000e+02 0.000000000000000000e+00 0.000000000000000000e+00 1.000000000000000000e+00
0.000000000000000000e+00 3.400000000000000000e+01 1.000000000000000000e+00 2.529999999999999805e+00 -6.038130075000217034e-03 -inf 0.000000000000000000e+00 0.000000000000000000e+00 1.820000000000000000e+02 0.000000000000000000e+00 0.000000000000000000e+00 1.000000000000000000e+00
0.000000000000000000e+00 3.400000000000000000e+01 1.000000000000000000e+00 2.540000000000000036e+00 -5.973327209721531438e-03 -inf 0.000000000000000000e+00 0.000000000000000000e+00 1.820000000000000000e+02 0.000000000000000000e+00 0.000000000000000000e+00 1.000000000000000000e+00
0.000000000000000000e+00 3.400000000000000000e+01 1.000000000000000000e+00 2.549999999999999822e+00 -5.941715125045323245e-03 -inf 0.000000000000000000e+00 0.000000000000000000e+00 1.820000000000000000e+02 0.000000000000000000e+00 0.000000000000000000e+00 1.000000000000000000e+00
0.000000000000000000e+00 3.400000000000000000e+01 1.000000000000000000e+00 2.560000000000000053e+00 -5.942597842079096540e-03 -inf 0.000000000000000000e+00 0.000000000000000000e+00 1.820000000000000000e+02 0.000000000000000000e+00 0.000000000000000000e+00 1.000000000000000000e+00
0.000000000000000000e+00 3.400000000000000000e+01 1.000000000000000000e+00 2.569999999999999840e+00 -5.976936907356194921e-03 -inf 0.000000000000000000e+00 0.000000000000000000e+00 1.820000000000000000e+02 0.000000000000000000e+00 0.000000000000000000e+00 1.000000000000000000e+00
0.000000000000000000e+00 3.400000000000000000e+01 1.000000000000000000e+00 2.579999999999999627e+00 -6.047470773150041487e-03 -inf 0.000000000000000000e+00 0.000000000000000000e+00 1.820000000000000000e+02 0.000000000000000000e+00 0.000000000000000000e+00 1.000000000000000000e+00
0.000000000000000000e+00 3.400000000000000000e+01 1.000000000000000000e+00 2.589999999999999858e+00 -6.158929329567280203e-03 -inf 0.000000000000000000e+00 0.000000000000000000e+00 1.820000000000000000e+02 0.000000000000000000e+00 0.000000000000000000e+00 1.000000000000000000e+00
0.000000000000000000e+00 3.400000000000000000e+01 1.000000000000000000e+00 2.599999999999999645e+00 -6.318360204563424655e-03 -inf 0.000000000000000000e+00 0.000000000000000000e+00 1.820000000000000000e+02 0.000000000000000000e+00 0.000000000000000000e+00 1.000000000000000000e+00
0.000000000000000000e+00 3.400000000000000000e+01 1.000000000000000000e+00 2.609999999999999876e+00 -6.535589878471465344e-03 -inf 0.000000000000000000e+00 0.000000000000000000e+00 1.820000000000000000e+02 0.000000000000000000e+00 0.000000000000000000e+00 1.000000000000000000e+00
0.000000000000000000e+00 3.400000000000000000e+01 1.000000000000000000e+00 2.619999999999999662e+00 -6.823850748502909187e-03 -inf 0.000000000000000000e+00 0.000000000000000000e+00 1.820000000000000000e+02 0.000000000000000000e+00 0.000000000000000000e+00 1.000000000000000000e+00
0.000000000000000000e+00 3.400000000000000000e+01 1.000000000000000000e+00 2.629999999999999893e+00 -7.200615528056774142e-03 -inf 0.000000000000000000e+00 0.000000000000000000e+00 1.820000000000000000e+02 0.000000000000000000e+00 0.000000000000000000e+00 1.000000000000000000e+00
0.000000000000000000e+00 3.400000000000000000e+01 1.000000000000000000e+00 2.639999999999999680e+00 -7.688693430955470011e-03 -inf 0.000000000000000000e+00 0.000000000000000000e+00 1.820000000000000000e+02 0.000000000000000000e+00 0.000000000000000000e+00 1.000000000000000000e+00
0.000000000000000000e+00 3.400000000000000000e+01 1.000000000000000000e+00 2.649999999999999911e+00 -8.317659323970688634e-03 -inf 0.000000000000000000e+00 0.000000000000000000e+00 1.820000000000000000e+02 0.000000000000000000e+00 0.000000000000000000e+00 1.000000000000000000e+00
0.000000000000000000e+00 3.400000000000000000e+01 1.000000000000000000e+00 2.659999999999999698e+00 -9.125708538278964541e-03 -inf 0.000000000000000000e+00 0.000000000000000000e+00 1.820000000000000000e+02 0.000000000000000000e+00 0.000000000000000000e+00 1.000000000000000000e+00
0.000000000000000000e+00 3.400000000000000000e+01 1.000000000000000000e+00 2.669999999999999929e+00 -1.016205774724695220e-02 -inf 0.000000000000000000e+00 0.000000000000000000e+00 1.820000000000000000e+02 0.000000000000000000e+00 0.000000000000000000e+00 1.000000000000000000e+00
0.000000000000000000e+00 3.400000000000000000e+01 1.000000000000000000e+00 2.679999999999999716e+00 -1.149004810764958640e-02 -inf 0.000000000000000000e+00 0.000000000000000000e+00 1.820000000000000000e+02 0.000000000000000000e+00 0.000000000000000000e+00 1.000000000000000000e+00
0.000000000000000000e+00 3.400000000000000000e+01 1.000000000000000000e+00 2.689999999999999947e+00 -1.319115314437438458e-02 -inf 0.000000000000000000e+00 0.000000000000000000e+00 1.820000000000000000e+02 0.000000000000000000e+00 0.000000000000000000e+00 1.000000000000000000e+00
0.000000000000000000e+00 3.400000000000000000e+01 1.000000000000000000e+00 2.699999999999999734e+00 -1.537015378017358297e-02 -inf 0.000000000000000000e+00 0.000000000000000000e+00 1.820000000000000000e+02 0.000000000000000000e+00 0.000000000000000000e+00 1.000000000000000000e+00
0.000000000000000000e+00 3.400000000000000000e+01 1.000000000000000000e+00 2.709999999999999964e+00 -1.816182056184533281e-02 -inf 0.000000000000000000e+00 0.000000000000000000e+00 1.820000000000000000e+02 0.000000000000000000e+00 0.000000000000000000e+00 1.000000000000000000e+00
0.000000000000000000e+00 3.400000000000000000e+01 1.000000000000000000e+00 2.719999999999999751e+00 -2.173954383289191175e-02 -inf 0.000000000000000000e+00 0.000000000000000000e+00 1.820000000000000000e+02 0.000000000000000000e+00 0.000000000000000000e+00 1.000000000000000000e+00
0.000000000000000000e+00 3.400000000000000000e+01 1.000000000000000000e+00 2.729999999999999982e+00 -2.632648327525413667e-02 -inf 0.000000000000000000e+00 0.000000000000000000e+00 1.820000000000000000e+02 0.000000000000000000e+00 0.000000000000000000e+00 1.000000000000000000e+00
0.000000000000000000e+00 3.400000000000000000e+01 1.000000000000000000e+00 2.739999999999999769e+00 -3.220997790656193738e-02 -inf 0.000000000000000000e+00 0.000000000000000000e+00 1.820000000000000000e+02 0.000000000000000000e+00 0.000000000000000000e+00 1.000000000000000000e+00
0.000000000000000000e+00 3.400000000000000000e+01 1.000000000000000000e+00 2.750000000000000000e+00 -3.976017802130052403e-02 -inf 0.000000000000000000e+00 0.000000000000000000e+00 1.820000000000000000e+02 0.000000000000000000e+00 0.000000000000000000e+00 1.000000000000000000e+00
0.000000000000000000e+00 3.400000000000000000e+01 1.000000000000000000e+00 2.759999999999999787e+00 -4.945414701271718533e-02 -inf 0.000000000000000000e+00 0.000000000000000000e+00 1.820000000000000000e+02 0.000000000000000000e+00 0.000000000000000000e+00 1.000000000000000000e+00
0.000000000000000000e+00 3.400000000000000000e+01 1.000000000000000000e+00 2.770000000000000018e+00 -6.190705346419550503e-02 -inf 0.000000000000000000e+00 1.000000000000000000e+00 1.820000000000000000e+02 0.000000000000000000e+00 0.000000000000000000e+00 1.000000000000000000e+00
0.000000000000000000e+00 3.400000000000000000e+01 1.000000000000000000e+00 2.779999999999999805e+00 -4.945287359293933788e-02 -inf 0.000000000000000000e+00 0.000000000000000000e+00 1.820000000000000000e+02 0.000000000000000000e+00 0.000000000000000000e+00 1.000000000000000000e+00
0.000000000000000000e+00 3.400000000000000000e+01 1.000000000000000000e+00 2.790000000000000036e+00 -3.975756741703875136e-02 -inf 0.000000000000000000e+00 0.000000000000000000e+00 1.820000000000000000e+02 0.000000000000000000e+00 0.000000000000000000e+00 1.000000000000000000e+00
0.000000000000000000e+00 3.400000000000000000e+01 1.000000000000000000e+00 2.799999999999999822e+00 -3.220589946096634459e-02 -inf 0.000000000000000000e+00 0.000000000000000000e+00 1.820000000000000000e+02 0.000000000000000000e+00 0.000000000000000000e+00 1.000000000000000000e+00
0.000000000000000000e+00 3.400000000000000000e+01 1.000000000000000000e+00 2.810000000000000053e+00 -2.632073303622092450e-02 -inf 0.000000000000000000e+00 0.000000000000000000e+00 1.820000000000000000e+02 0.000000000000000000e+00 0.000000000000000000e+00 1.000000000000000000e+00
0.000000000000000000e+00 3.400000000000000000e+01 1.000000000000000000e+00 2.819999999999999840e+00 -2.173183457120152554e-02 -inf 0.000000000000000000e+00 0.000000000000000000e+00 1.820000000000000000e+02 0.000000000000000000e+00 0.000000000000000000e+00 1.000000000000000000e+00
0.000000000000000000e+00 3.400000000000000000e+01 1.000000000000000000e+00 2.829999999999999627e+00 -1.815176773913943983e-02 -inf 0.000000000000000000e+00 0.000000000000000000e+00 1.820000000000000000e+02 0.000000000000000000e+00 0.000000000000000000e+00 1.000000000000000000e+00
0.000000000000000000e+00 3.400000000000000000e+01 1.000000000000000000e+00 2.839999999999999858e+00 -1.535725680614843935e-02 -inf 0.000000000000000000e+00 0.000000000000000000e+00 1.820000000000000000e+02 0.000000000000000000e+00 0.000000000000000000e+00 1.000000000000000000e+00
0.000000000000000000e+00 3.400000000000000000e+01 1.000000000000000000e+00 2.849999999999999645e+00 -1.317477104426158750e-02 -inf 0.000000000000000000e+00 0.000000000000000000e+00 1.820000000000000000e+02 0.000000000000000000e+00 0.000000000000000000e+00 1.000000000000000000e+00
0.000000000000000000e+00 3.400000000000000000e+01 1.000000000000000000e+00 2.859999999999999876e+00 -1.146936846433107768e-02 -inf 0.000000000000000000e+00 0.000000000000000000e+00 1.820000000000000000e+02 0.000000000000000000e+00 0.000000000000000000e+00 1.000000000000000000e+00
0.000000000000000000e+00 3.400000000000000000e+01 1.000000000000000000e+00 2.869999999999999662e+00 -1.013605747644321861e-02 -inf 0.000000000000000000e+00 0.000000000000000000e+00 1.820000000000000000e+02 0.000000000000000000e+00 0.000000000000000000e+00 1.000000000000000000e+00
0.000000000000000000e+00 3.400000000000000000e+01 1.000000000000000000e+00 2.879999999999999893e+00 -9.093104687582599654e-03 -inf 0.000000000000000000e+00 0.000000000000000000e+00 1.820000000000000000e+02 0.000000000000000000e+00 0.000000000000000000e+00 1.000000000000000000e+00
0.000000000000000000e+00 3.400000000000000000e+01 1.000000000000000000e+00 2.889999999999999680e+00 -8.276847642289180546e-03 -inf 0.000000000000000000e+00 0.000000000000000000e+00 1.820000000000000000e+02 0.000000000000000000e+00 0.000000000000000000e+00 1.000000000000000000e+00
0.000000000000000000e+00 3.400000000000000000e+01 1.000000000000000000e+00 2.899999999999999911e+00 -7.637671916746486406e-03 -inf 0.000000000000000000e+00 0.000000000000000000e+00 1.820000000000000000e+02 0.000000000000000000e+00 0.000000000000000000e+00 1.000000000000000000e+00
0.000000000000000000e+00 3.400000000000000000e+01 1.000000000000000000e+00 2.909999999999999698e+00 -7.136889512032004897e-03 -inf 0.000000000000000000e+00 0.000000000000000000e+00 1.820000000000000000e+02 0.000000000000000000e+00 0.000000000000000000e+00 1.000000000000000000e+00
0.000000000000000000e+00 3.400000000000000000e+01 1.000000000000000000e+00 2.919999999999999929e+00 -6.744315275059662405e-03 -inf 0.000000000000000000e+00 0.000000000000000000e+00 1.820000000000000000e+02 0.000000000000000000e+00 0.000000000000000000e+00 1.000000000000000000e+00
0.000000000000000000e+00 3.400000000000000000e+01 1.000000000000000000e+00 2.929999999999999716e+00 -6.436384191656359041e-03 -inf 0.000000000000000000e+00 0.000000000000000000e+00 1.820000000000000000e+02 0.000000000000000000e+00 0.000000000000000000e+00 1.000000000000000000e+00
0.000000000000000000e+00 3.400000000000000000e+01 1.000000000000000000e+00 2.939999999999999947e+00 -6.194687985906209039e-03 -inf 0.000000000000000000e+00 0.000000000000000000e+00 1.820000000000000000e+02 0.000000000000000000e+00 0.000000000000000000e+00 1.000000000000000000e+00
0.000000000000000000e+00 3.400000000000000000e+01 1.000000000000000000e+00 2.949999999999999734e+00 -6.004836938591570292e-03 -inf 0.000000000000000000e+00 0.000000000000000000e+00 1.820000000000000000e+02 0.000000000000000000e+00 0.000000000000000000e+00 1.000000000000000000e+00
0.000000000000000000e+00 3.400000000000000000e+01 1.000000000000000000e+00 2.959999999999999964e+00 -5.855574063342946882e-03 -inf 0.000000000000000000e+00 0.000000000000000000e+00 1.820000000000000000e+02 0.000000000000000000e+00 0.000000000000000000e+00 1.000000000000000000e+00
0.000000000000000000e+00 3.400000000000000000e+01 1.000000000000000000e+00 2.969999999999999751e+00 -5.738085182012670100e-03 -inf 0.000000000000000000e+00 0.000000000000000000e+00 1.820000000000000000e+02 0.000000000000000000e+00 0.000000000000000000e+00 1.000000000000000000e+00
0.000000000000000000e+00 3.400000000000000000e+01 1.000000000000000000e+00 2.979999999999999982e+00 -5.645461121836228661e-03 -inf 0.000000000000000000e+00 0.000000000000000000e+00 1.820000000000000000e+02 0.000000000000000000e+00 0.000000000000000000e+00 1.000000000000000000e+00
0.000000000000000000e+00 3.400000000000000000e+01 1.000000000000000000e+00 2.989999999999999769e+00 -5.572278064179247807e-03 -inf 0.000000000000000000e+00 0.000000000000000000e+00 1.820000000000000000e+02 0.000000000000000000e+00 0.000000000000000000e+00 1.000000000000000000e+00
0.000000000000000000e+00 3.400000000000000000e+01 1.000000000000000000e+00 3.000000000000000000e+00 -5.514269661506374445e-03 -inf 0.000000000000000000e+00 0.000000000000000000e+00 1.820000000000000000e+02 0.000000000000000000e+00 0.000000000000000000e+00 1.000000000000000000e+00
0.000000000000000000e+00 3.400000000000000000e+01 1.000000000000000000e+00 3.009999999999999787e+00 -5.468070409277049106e-03 -inf 0.000000000000000000e+00 0.000000000000000000e+00 1.820000000000000000e+02 0.000000000000000000e+00 0.000000000000000000e+00 1.000000000000000000e+00
0.000000000000000000e+00 3.400000000000000000e+01 1.000000000000000000e+00 3.020000000000000018e+00 -5.431014301048134839e-03 -inf 0.000000000000000000e+00 0.000000000000000000e+00 1.820000000000000000e+02 0.000000000000000000e+00 0.000000000000000000e+00 1.000000000000000000e+00
0.000000000000000000e+00 3.400000000000000000e+01 1.000000000000000000e+00 3.029999999999999805e+00 -5.400976307540437601e-03 -inf 0.000000000000000000e+00 0.000000000000000000e+00 1.820000000000000000e+02 0.000000000000000000e+00 0.000000000000000000e+00 1.000000000000000000e+00
0.000000000000000000e+00 3.400000000000000000e+01 1.000000000000000000e+00 3.040000000000000036e+00 -5.376246934672524597e-03 -inf 0.000000000000000000e+00 0.000000000000000000e+00 1.820000000000000000e+02 0.000000000000000000e+00 0.000000000000000000e+00 1.000000000000000000e+00
0.000000000000000000e+00 3.400000000000000000e+01 1.000000000000000000e+00 3.049999999999999822e+00 -5.355432209571392606e-03 -inf 0.000000000000000000e+00 0.000000000000000000e+00 1.820000000000000000e+02 0.000000000000000000e+00 0.000000000000000000e+00 1.000000000000000000e+00
0.000000000000000000e+00 3.400000000000000000e+01 1.000000000000000000e+00 3.060000000000000053e+00 -5.337373054492089951e-03 -inf 0.000000000000000000e+00 0.000000000000000000e+00 1.820000000000000000e+02 0.000000000000000000e+00 0.000000000000000000e+00 1.000000000000000000e+00
0.000000000000000000e+00 3.400000000000000000e+01 1.000000000000000000e+00 3.069999999999999840e+00 -5.321079242009656499e-03 -inf 0.000000000000000000e+00 0.000000000000000000e+00 1.820000000000000000e+02 0.000000000000000000e+00 0.000000000000000000e+00 1.000000000000000000e+00
0.000000000000000000e+00 3.400000000000000000e+01 1.000000000000000000e+00 3.080000000000000071e+00 -5.305674061956843109e-03 -inf 0.000000000000000000e+00 0.000000000000000000e+00 1.820000000000000000e+02 0.000000000000000000e+00 0.000000000000000000e+00 1.000000000000000000e+00
0.000000000000000000e+00 3.400000000000000000e+01 1.000000000000000000e+00 3.089999999999999858e+00 -5.290346533626166282e-03 -inf 0.000000000000000000e+00 0.000000000000000000e+00 1.820000000000000000e+02 0.000000000000000000e+00 0.000000000000000000e+00 1.000000000000000000e+00
0.000000000000000000e+00 3.400000000000000000e+01 1.000000000000000000e+00 3.099999999999999645e+00 -5.274308513338449127e-03 -inf 0.000000000000000000e+00 0.000000000000000000e+00 1.820000000000000000e+02 0.000000000000000000e+00 0.000000000000000000e+00 1.000000000000000000e+00
0.000000000000000000e+00 3.400000000000000000e+01 1.000000000000000000e+00 3.109999999999999876e+00 -5.256754413863127563e-03 -inf 0.000000000000000000e+00 0.000000000000000000e+00 1.820000000000000000e+02 0.000000000000000000e+00 0.000000000000000000e+00 1.000000000000000000e+00
0.000000000000000000e+00 3.400000000000000000e+01 1.000000000000000000e+00 3.119999999999999662e+00 -5.236821495874123891e-03 -inf 0.000000000000000000e+00 0.000000000000000000e+00 1.820000000000000000e+02 0.000000000000000000e+00 0.000000000000000000e+00 1.000000000000000000e+00
0.000000000000000000e+00 3.400000000000000000e+01 1.000000000000000000e+00 3.129999999999999893e+00 -5.213548833480968411e-03 -inf 0.000000000000000000e+00 0.000000000000000000e+00 1.820000000000000000e+02 0.000000000000000000e+00 0.000000000000000000e+00 1.000000000000000000e+00
0.000000000000000000e+00 3.400000000000000000e+01 1.000000000000000000e+00 3.139999999999999680e+00 -5.185833111758392407e-03 -inf 0.000000000000000000e+00 0.000000000000000000e+00 1.820000000000000000e+02 0.000000000000000000e+00 0.000000000000000000e+00 1.000000000000000000e+00
0.000000000000000000e+00 3.400000000000000000e+01 1.000000000000000000e+00 3.149999999999999911e+00 -5.152379396476239326e-03 -inf 0.000000000000000000e+00 0.000000000000000000e+00 1.820000000000000000e+02 0.000000000000000000e+00 0.000000000000000000e+00 1.000000000000000000e+00
0.000000000000000000e+00 3.400000000000000000e+01 1.000000000000000000e+00 3.159999999999999698e+00 -5.111644935129703964e-03 -inf 0.000000000000000000e+00 0.000000000000000000e+00 1.820000000000000000e+02 0.000000000000000000e+00 0.000000000000000000e+00 1.000000000000000000e+00
0.000000000000000000e+00 3.400000000000000000e+01 1.000000000000000000e+00 3.169999999999999929e+00 -5.061773913345094314e-03 -inf 0.000000000000000000e+00 0.000000000000000000e+00 1.820000000000000000e+02 0.000000000000000000e+00 0.000000000000000000e+00 1.000000000000000000e+00
0.000000000000000000e+00 3.400000000000000000e+01 1.000000000000000000e+00 3.179999999999999716e+00 -5.000520912007687738e-03 -inf 0.000000000000000000e+00 0.000000000000000000e+00 1.820000000000000000e+02 0.000000000000000000e+00 0.000000000000000000e+00 1.000000000000000000e+00
0.000000000000000000e+00 3.400000000000000000e+01 1.000000000000000000e+00 3.189999999999999947e+00 -4.925160600844062479e-03 -inf 0.000000000000000000e+00 0.000000000000000000e+00 1.820000000000000000e+02 0.000000000000000000e+00 0.000000000000000000e+00 1.000000000000000000e+00
0.000000000000000000e+00 3.400000000000000000e+01 1.000000000000000000e+00 3.199999999999999734e+00 -4.832380981451836303e-03 -inf 0.000000000000000000e+00 0.000000000000000000e+00 1.820000000000000000e+02 0.000000000000000000e+00 0.000000000000000000e+00 1.000000000000000000e+00
0.000000000000000000e+00 3.400000000000000000e+01 1.000000000000000000e+00 3.209999999999999964e+00 -4.718157282702592839e-03 -inf 0.000000000000000000e+00 0.000000000000000000e+00 1.820000000000000000e+02 0.000000000000000000e+00 0.000000000000000000e+00 1.000000000000000000e+00
0.000000000000000000e+00 3.400000000000000000e+01 1.000000000000000000e+00 3.219999999999999751e+00 -4.577603452058357295e-03 -inf 0.000000000000000000e+00 0.000000000000000000e+00 1.820000000000000000e+02 0.000000000000000000e+00 0.000000000000000000e+00 1.000000000000000000e+00
0.000000000000000000e+00 3.400000000000000000e+01 1.000000000000000000e+00 3.229999999999999982e+00 -4.404798133544009751e-03 -inf 0.000000000000000000e+00 0.000000000000000000e+00 1.820000000000000000e+02 0.000000000000000000e+00 0.000000000000000000e+00 1.000000000000000000e+00
0.000000000000000000e+00 3.400000000000000000e+01 1.000000000000000000e+00 3.239999999999999769e+00 -4.192582158481440030e-03 -inf 0.000000000000000000e+00 0.000000000000000000e+00 1.820000000000000000e+02 0.000000000000000000e+00 0.000000000000000000e+00 1.000000000000000000e+00
0.000000000000000000e+00 3.400000000000000000e+01 1.000000000000000000e+00 3.250000000000000000e+00 -3.932325016489027561e-03 -inf 0.000000000000000000e+00 0.000000000000000000e+00 1.820000000000000000e+02 0.000000000000000000e+00 0.000000000000000000e+00 1.000000000000000000e+00
0.000000000000000000e+00 3.400000000000000000e+01 1.000000000000000000e+00 3.259999999999999787e+00 -3.613658690381682005e-03 -inf 0.000000000000000000e+00 0.000000000000000000e+00 1.820000000000000000e+02 0.000000000000000000e+00 0.000000000000000000e+00 1.000000000000000000e+00
0.000000000000000000e+00 3.400000000000000000e+01 1.000000000000000000e+00 3.270000000000000018e+00 -3.224178868813674069e-03 -inf 0.000000000000000000e+00 0.000000000000000000e+00 1.820000000000000000e+02 0.000000000000000000e+00 0.000000000000000000e+00 1.000000000000000000e+00
0.000000000000000000e+00 3.400000000000000000e+01 1.000000000000000000e+00 3.279999999999999805e+00 -2.749116231742034649e-03 -inf 0.000000000000000000e+00 0.000000000000000000e+00 1.820000000000000000e+02 0.000000000000000000e+00 0.000000000000000000e+00 1.000000000000000000e+00
0.000000000000000000e+00 3.400000000000000000e+01 1.000000000000000000e+00 3.290000000000000036e+00 -2.170984707244458245e-03 -inf 0.000000000000000000e+00 0.000000000000000000e+00 1.820000000000000000e+02 0.000000000000000000e+00 0.000000000000000000e+00 1.000000000000000000e+00
0.000000000000000000e+00 3.400000000000000000e+01 1.000000000000000000e+00 3.299999999999999822e+00 -1.469219978969702519e-03 -inf 0.000000000000000000e+00 0.000000000000000000e+00 1.820000000000000000e+02 0.000000000000000000e+00 0.000000000000000000e+00 1.000000000000000000e+00
0.000000000000000000e+00 3.400000000000000000e+01 1.000000000000000000e+00 3.310000000000000053e+00 -6.198309876020800108e-04 -inf 0.000000000000000000e+00 0.000000000000000000e+00 1.820000000000000000e+02 0.000000000000000000e+00 0.000000000000000000e+00 1.000000000000000000e+00
0.000000000000000000e+00 3.400000000000000000e+01 1.000000000000000000e+00 3.319999999999999840e+00 4.048990351207667690e-04 -inf 0.000000000000000000e+00 0.000000000000000000e+00 1.820000000000000000e+02 0.000000000000000000e+00 0.000000000000000000e+00 1.000000000000000000e+00
0.000000000000000000e+00 3.400000000000000000e+01 1.000000000000000000e+00 3.330000000000000071e+00 1.636605623655464255e-03 -inf 0.000000000000000000e+00 0.000000000000000000e+00 1.820000000000000000e+02 0.000000000000000000e+00 0.000000000000000000e+00 1.000000000000000000e+00
0.000000000000000000e+00 3.400000000000000000e+01 1.000000000000000000e+00 3.339999999999999858e+00 3.110845631398356445e-03 -inf 0.000000000000000000e+00 0.000000000000000000e+00 1.820000000000000000e+02 0.000000000000000000e+00 0.000000000000000000e+00 1.000000000000000000e+00
0.000000000000000000e+00 3.400000000000000000e+01 1.000000000000000000e+00 3.349999999999999645e+00 4.866784893424359534e-03 -inf 0.000000000000000000e+00 0.000000000000000000e+00 1.820000000000000000e+02 0.000000000000000000e+00 0.000000000000000000e+00 1.000000000000000000e+00
0.000000000000000000e+00 3.400000000000000000e+01 1.000000000000000000e+00 3.359999999999999876e+00 6.946390920750965259e-03 -inf 0.000000000000000000e+00 0.000000000000000000e+00 1.820000000000000000e+02 0.000000000000000000e+00 0.000000000000000000e+00 1.000000000000000000e+00
0.000000000000000000e+00 3.400000000000000000e+01 1.000000000000000000e+00 3.369999999999999662e+00 9.392873076726898640e-03 -inf 0.000000000000000000e+00 0.000000000000000000e+00 1.820000000000000000e+02 0.000000000000000000e+00 0.000000000000000000e+00 1.000000000000000000e+00
0.000000000000000000e+00 3.400000000000000000e+01 1.000000000000000000e+00 3.379999999999999893e+00 1.224800548975166561e-02 -inf 0.000000000000000000e+00 0.000000000000000000e+00 1.820000000000000000e+02 0.000000000000000000e+00 0.000000000000000000e+00 1.000000000000000000e+00
0.000000000000000000e+00 3.400000000000000000e+01 1.000000000000000000e+00 3.389999999999999680e+00 1.554782030435608586e-02 -inf 0.000000000000000000e+00 0.000000000000000000e+00 1.820000000000000000e+02 0.000000000000000000e+00 0.000000000000000000e+00 1.000000000000000000e+00
0.000000000000000000e+00 3.400000000000000000e+01 1.000000000000000000e+00 3.399999999999999911e+00 1.931595630309709474e-02 -inf 0.000000000000000000e+00 0.000000000000000000e+00 1.820000000000000000e+02 0.000000000000000000e+00 0.000000000000000000e+00 1.000000000000000000e+00
0.000000000000000000e+00 3.400000000000000000e+01 1.000000000000000000e+00 3.409999999999999698e+00 2.355367098608461551e-02 -inf 0.000000000000000000e+00 0.000000000000000000e+00 1.820000000000000000e+02 0.000000000000000000e+00 0.000000000000000000e+00 1.000000000000000000e+00
0.000000000000000000e+00 3.400000000000000000e+01 1.000000000000000000e+00 3.419999999999999929e+00 2.822514672982159856e-02 -inf 0.000000000000000000e+00 0.000000000000000000e+00 1.820000000000000000e+02 0.000000000000000000e+00 0.000000000000000000e+00 1.000000000000000000e+00
0.000000000000000000e+00 3.400000000000000000e+01 1.000000000000000000e+00 3.429999999999999716e+00 3.323620858549577312e-02 -inf 0.000000000000000000e+00 0.000000000000000000e+00 1.820000000000000000e+02 0.000000000000000000e+00 0.000000000000000000e+00 1.000000000000000000e+00
0.000000000000000000e+00 3.400000000000000000e+01 1.000000000000000000e+00 3.439999999999999947e+00 3.840387561467053373e-02 -inf 0.000000000000000000e+00 0.000000000000000000e+00 1.820000000000000000e+02 0.000000000000000000e+00 0.000000000000000000e+00 1.000000000000000000e+00
0.000000000000000000e+00 3.400000000000000000e+01 1.000000000000000000e+00 3.449999999999999734e+00 4.341322648256347450e-02 -inf 0.000000000000000000e+00 0.000000000000000000e+00 1.820000000000000000e+02 0.000000000000000000e+00 0.000000000000000000e+00 1.000000000000000000e+00
0.000000000000000000e+00 3.400000000000000000e+01 1.000000000000000000e+00 3.459999999999999964e+00 4.775678921372891045e-02 -inf 0.000000000000000000e+00 0.000000000000000000e+00 1.820000000000000000e+02 0.000000000000000000e+00 0.000000000000000000e+00 1.000000000000000000e+00
0.000000000000000000e+00 3.400000000000000000e+01 1.000000000000000000e+00 3.469999999999999751e+00 5.064995219448237967e-02 -inf 0.000000000000000000e+00 0.000000000000000000e+00 1.820000000000000000e+02 0.000000000000000000e+00 0.000000000000000000e+00 1.000000000000000000e+00
0.000000000000000000e+00 3.400000000000000000e+01 1.000000000000000000e+00 3.479999999999999982e+00 5.091358872004318747e-02 -inf 0.000000000000000000e+00 0.000000000000000000e+00 1.820000000000000000e+02 0.000000000000000000e+00 0.000000000000000000e+00 1.000000000000000000e+00
0.000000000000000000e+00 3.400000000000000000e+01 1.000000000000000000e+00 3.489999999999999769e+00 4.972600915126361432e-02 -inf 0.000000000000000000e+00 0.000000000000000000e+00 1.820000000000000000e+02 0.000000000000000000e+00 0.000000000000000000e+00 1.000000000000000000e+00
0.000000000000000000e+00 3.400000000000000000e+01 1.000000000000000000e+00 3.500000000000000000e+00 4.785845990804758060e-02 -inf 0.000000000000000000e+00 0.000000000000000000e+00 1.820000000000000000e+02 0.000000000000000000e+00 0.000000000000000000e+00 1.000000000000000000e+00
0.000000000000000000e+00 3.400000000000000000e+01 1.000000000000000000e+00 3.509999999999999787e+00 4.577834988079306638e-02 -inf 0.000000000000000000e+00 0.000000000000000000e+00 1.820000000000000000e+02 0.000000000000000000e+00 0.000000000000000000e+00 1.000000000000000000e+00
0.000000000000000000e+00 3.400000000000000000e+01 1.000000000000000000e+00 3.520000000000000018e+00 4.371633501075879169e-02 -inf 0.000000000000000000e+00 0.000000000000000000e+00 1.820000000000000000e+02 0.000000000000000000e+00 0.000000000000000000e+00 1.000000000000000000e+00
0.000000000000000000e+00 3.400000000000000000e+01 1.000000000000000000e+00 3.529999999999999805e+00 4.170399007604459751e-02 -inf 0.000000000000000000e+00 0.000000000000000000e+00 1.820000000000000000e+02 0.000000000000000000e+00 0.000000000000000000e+00 1.000000000000000000e+00
0.000000000000000000e+00 3.400000000000000000e+01 1.000000000000000000e+00 3.540000000000000036e+00 3.958597185903745680e-02 -inf 0.000000000000000000e+00 0.000000000000000000e+00 1.820000000000000000e+02 0.000000000000000000e+00 0.000000000000000000e+00 1.000000000000000000e+00
0.000000000000000000e+00 3.400000000000000000e+01 1.000000000000000000e+00 3.549999999999999822e+00 3.700810335289230618e-02 -inf 0.000000000000000000e+00 0.000000000000000000e+00 1.820000000000000000e+02 0.000000000000000000e+00 0.000000000000000000e+00 1.000000000000000000e+00
0.000000000000000000e+00 3.400000000000000000e+01 1.000000000000000000e+00 3.560000000000000053e+00 3.338046886970098825e-02 -inf 0.000000000000000000e+00 0.000000000000000000e+00 1.820000000000000000e+02 0.000000000000000000e+00 0.000000000000000000e+00 1.000000000000000000e+00
0.000000000000000000e+00 3.400000000000000000e+01 1.000000000000000000e+00 3.569999999999999840e+00 2.929458908733125616e-02 -inf 0.000000000000000000e+00 0.000000000000000000e+00 1.820000000000000000e+02 0.000000000000000000e+00 0.000000000000000000e+00 1.000000000000000000e+00
0.000000000000000000e+00 3.400000000000000000e+01 1.000000000000000000e+00 3.580000000000000071e+00 2.513091403367597593e-02 -inf 0.000000000000000000e+00 0.000000000000000000e+00 1.820000000000000000e+02 0.000000000000000000e+00 0.000000000000000000e+00 1.000000000000000000e+00
0.000000000000000000e+00 3.400000000000000000e+01 1.000000000000000000e+00 3.589999999999999858e+00 2.112354160165019409e-02 -inf 0.000000000000000000e+00 0.000000000000000000e+00 1.820000000000000000e+02 0.000000000000000000e+00 0.000000000000000000e+00 1.000000000000000000e+00
0.000000000000000000e+00 3.400000000000000000e+01 1.000000000000000000e+00 3.599999999999999645e+00 1.740654282834110805e-02 -inf 0.000000000000000000e+00 0.000000000000000000e+00 1.820000000000000000e+02 0.000000000000000000e+00 0.000000000000000000e+00 1.000000000000000000e+00
0.000000000000000000e+00 3.400000000000000000e+01 1.000000000000000000e+00 3.609999999999999876e+00 1.404689023209404475e-02 -inf 0.000000000000000000e+00 0.000000000000000000e+00 1.820000000000000000e+02 0.000000000000000000e+00 0.000000000000000000e+00 1.000000000000000000e+00
0.000000000000000000e+00 3.400000000000000000e+01 1.000000000000000000e+00 3.619999999999999662e+00 1.106766804773479454e-02 -inf 0.000000000000000000e+00 0.000000000000000000e+00 1.820000000000000000e+02 0.000000000000000000e+00 0.000000000000000000e+00 1.000000000000000000e+00
0.000000000000000000e+00 3.400000000000000000e+01 1.000000000000000000e+00 3.629999999999999893e+00 8.464265996525064187e-03 -inf 0.000000000000000000e+00 0.000000000000000000e+00 1.820000000000000000e+02 0.000000000000000000e+00 0.000000000000000000e+00 1.000000000000000000e+00
0.000000000000000000e+00 3.400000000000000000e+01 1.000000000000000000e+00 3.639999999999999680e+00 6.215534723267870931e-03 -inf 0.000000000000000000e+00 0.000000000000000000e+00 1.820000000000000000e+02 0.000000000000000000e+00 0.000000000000000000e+00 1.000000000000000000e+00
0.000000000000000000e+00 3.400000000000000000e+01 1.000000000000000000e+00 3.649999999999999911e+00 4.291346443488336035e-03 -inf 0.000000000000000000e+00 0.000000000000000000e+00 1.820000000000000000e+02 0.000000000000000000e+00 0.000000000000000000e+00 1.000000000000000000e+00
0.000000000000000000e+00 3.400000000000000000e+01 1.000000000000000000e+00 3.659999999999999698e+00 2.657610224283365671e-03 -inf 0.000000000000000000e+00 0.000000000000000000e+00 1.820000000000000000e+02 0.000000000000000000e+00 0.000000000000000000e+00 1.000000000000000000e+00
0.000000000000000000e+00 3.400000000000000000e+01 1.000000000000000000e+00 3.669999999999999929e+00 1.279501486440498721e-03 -inf 0.000000000000000000e+00 0.000000000000000000e+00 1.820000000000000000e+02 0.000000000000000000e+00 0.000000000000000000e+00 1.000000000000000000e+00
0.000000000000000000e+00 3.400000000000000000e+01 1.000000000000000000e+00 3.679999999999999716e+00 1.234527636184536495e-04 -inf 0.000000000000000000e+00 0.000000000000000000e+00 1.820000000000000000e+02 0.000000000000000000e+00 0.000000000000000000e+00 1.000000000000000000e+00
0.000000000000000000e+00 3.400000000000000000e+01 1.000000000000000000e+00 3.689999999999999947e+00 -8.417026319278344410e-04 -inf 0.000000000000000000e+00 0.000000000000000000e+00 1.820000000000000000e+02 0.000000000000000000e+00 0.000000000000000000e+00 1.000000000000000000e+00
0.000000000000000000e+00 3.400000000000000000e+01 1.000000000000000000e+00 3.699999999999999734e+00 -1.644155579352953207e-03 -inf 0.000000000000000000e+00 0.000000000000000000e+00 1.820000000000000000e+02 0.000000000000000000e+00 0.000000000000000000e+00 1.000000000000000000e+00
0.000000000000000000e+00 3.400000000000000000e+01 1.000000000000000000e+00 3.709999999999999964e+00 -2.308918417978934531e-03 -inf 0.000000000000000000e+00 0.000000000000000000e+00 1.820000000000000000e+02 0.000000000000000000e+00 0.000000000000000000e+00 1.000000000000000000e+00
0.000000000000000000e+00 3.400000000000000000e+01 1.000000000000000000e+00 3.719999999999999751e+00 -2.857857478770195470e-03 -inf 0.000000000000000000e+00 0.000000000000000000e+00 1.820000000000000000e+02 0.000000000000000000e+00 0.000000000000000000e+00 1.000000000000000000e+00
0.000000000000000000e+00 3.400000000000000000e+01 1.000000000000000000e+00 3.729999999999999982e+00 -3.309866433062981592e-03 -inf 0.000000000000000000e+00 0.000000000000000000e+00 1.820000000000000000e+02 0.000000000000000000e+00 0.000000000000000000e+00 1.000000000000000000e+00
0.000000000000000000e+00 3.400000000000000000e+01 1.000000000000000000e+00 3.739999999999999769e+00 -3.681116407794289124e-03 -inf 0.000000000000000000e+00 0.000000000000000000e+00 1.820000000000000000e+02 0.000000000000000000e+00 0.000000000000000000e+00 1.000000000000000000e+00
0.000000000000000000e+00 3.400000000000000000e+01 1.000000000000000000e+00 3.750000000000000000e+00 -3.985340343832658935e-03 -inf 0.000000000000000000e+00 0.000000000000000000e+00 1.820000000000000000e+02 0.000000000000000000e+00 0.000000000000000000e+00 1.000000000000000000e+00
0.000000000000000000e+00 3.400000000000000000e+01 1.000000000000000000e+00 3.759999999999999787e+00 -4.234124182020878105e-03 -inf 0.000000000000000000e+00 0.000000000000000000e+00 1.820000000000000000e+02 0.000000000000000000e+00 0.000000000000000000e+00 1.000000000000000000e+00
0.000000000000000000e+00 3.400000000000000000e+01 1.000000000000000000e+00 3.770000000000000018e+00 -4.437187945609502582e-03 -inf 0.000000000000000000e+00 0.000000000000000000e+00 1.820000000000000000e+02 0.000000000000000000e+00 0.000000000000000000e+00 1.000000000000000000e+00
0.000000000000000000e+00 3.400000000000000000e+01 1.000000000000000000e+00 3.779999999999999805e+00 -4.602646960559978948e-03 -inf 0.000000000000000000e+00 0.000000000000000000e+00 1.820000000000000000e+02 0.000000000000000000e+00 0.000000000000000000e+00 1.000000000000000000e+00
0.000000000000000000e+00 3.400000000000000000e+01 1.000000000000000000e+00 3.790000000000000036e+00 -4.737248273050141852e-03 -inf 0.000000000000000000e+00 0.000000000000000000e+00 1.820000000000000000e+02 0.000000000000000000e+00 0.000000000000000000e+00 1.000000000000000000e+00
0.000000000000000000e+00 3.400000000000000000e+01 1.000000000000000000e+00 3.799999999999999822e+00 -4.846580480316038317e-03 -inf 0.000000000000000000e+00 0.000000000000000000e+00 1.820000000000000000e+02 0.000000000000000000e+00 0.000000000000000000e+00 1.000000000000000000e+00
0.000000000000000000e+00 3.400000000000000000e+01 1.000000000000000000e+00 3.810000000000000053e+00 -4.935257187843823147e-03 -inf 0.000000000000000000e+00 0.000000000000000000e+00 1.820000000000000000e+02 0.000000000000000000e+00 0.000000000000000000e+00 1.000000000000000000e+00
0.000000000000000000e+00 3.400000000000000000e+01 1.000000000000000000e+00 3.819999999999999840e+00 -5.007075502840379298e-03 -inf 0.000000000000000000e+00 0.000000000000000000e+00 1.820000000000000000e+02 0.000000000000000000e+00 0.000000000000000000e+00 1.000000000000000000e+00
0.000000000000000000e+00 3.400000000000000000e+01 1.000000000000000000e+00 3.830000000000000071e+00 -5.065151627763905470e-03 -inf 0.000000000000000000e+00 0.000000000000000000e+00 1.820000000000000000e+02 0.000000000000000000e+00 0.000000000000000000e+00 1.000000000000000000e+00
0.000000000000000000e+00 3.400000000000000000e+01 1.000000000000000000e+00 3.839999999999999858e+00 -5.112035910441402840e-03 -inf 0.000000000000000000e+00 0.000000000000000000e+00 1.820000000000000000e+02 0.000000000000000000e+00 0.000000000000000000e+00 1.000000000000000000e+00
0.000000000000000000e+00 3.400000000000000000e+01 1.000000000000000000e+00 3.849999999999999645e+00 -5.149809766618692990e-03 -inf 0.000000000000000000e+00 0.000000000000000000e+00 1.820000000000000000e+02 0.000000000000000000e+00 0.000000000000000000e+00 1.000000000000000000e+00
0.000000000000000000e+00 3.400000000000000000e+01 1.000000000000000000e+00 3.859999999999999876e+00 -5.180166805244624390e-03 -inf 0.000000000000000000e+00 0.000000000000000000e+00 1.820000000000000000e+02 0.000000000000000000e+00 0.000000000000000000e+00 1.000000000000000000e+00
0.000000000000000000e+00 3.400000000000000000e+01 1.000000000000000000e+00 3.869999999999999662e+00 -5.204480316915632669e-03 -inf 0.000000000000000000e+00 0.000000000000000000e+00 1.820000000000000000e+02 0.000000000000000000e+00 0.000000000000000000e+00 1.000000000000000000e+00
0.000000000000000000e+00 3.400000000000000000e+01 1.000000000000000000e+00 3.879999999999999893e+00 -5.223859072269259121e-03 -inf 0.000000000000000000e+00 0.000000000000000000e+00 1.820000000000000000e+02 0.000000000000000000e+00 0.000000000000000000e+00 1.000000000000000000e+00
0.000000000000000000e+00 3.400000000000000000e+01 1.000000000000000000e+00 3.889999999999999680e+00 -5.239193146176717060e-03 -inf 0.000000000000000000e+00 0.000000000000000000e+00 1.820000000000000000e+02 0.000000000000000000e+00 0.000000000000000000e+00 1.000000000000000000e+00
0.000000000000000000e+00 3.400000000000000000e+01 1.000000000000000000e+00 3.899999999999999911e+00 -5.251191251921087828e-03 -inf 0.000000000000000000e+00 0.000000000000000000e+00 1.820000000000000000e+02 0.000000000000000000e+00 0.000000000000000000e+00 1.000000000000000000e+00
0.000000000000000000e+00 3.400000000000000000e+01 1.000000000000000000e+00 3.909999999999999698e+00 -5.260410846878562155e-03 -inf 0.000000000000000000e+00 0.000000000000000000e+00 1.820000000000000000e+02 0.000000000000000000e+00 0.000000000000000000e+00 1.000000000000000000e+00
0.000000000000000000e+00 3.400000000000000000e+01 1.000000000000000000e+00 3.919999999999999929e+00 -5.267282062562784681e-03 -inf 0.000000000000000000e+00 0.000000000000000000e+00 1.820000000000000000e+02 0.000000000000000000e+00 0.000000000000000000e+00 1.000000000000000000e+00
0.000000000000000000e+00 3.400000000000000000e+01 1.000000000000000000e+00 3.929999999999999716e+00 -5.272126319081873146e-03 -inf 0.000000000000000000e+00 0.000000000000000000e+00 1.820000000000000000e+02 0.000000000000000000e+00 0.000000000000000000e+00 1.000000000000000000e+00
0.000000000000000000e+00 3.400000000000000000e+01 1.000000000000000000e+00 3.939999999999999947e+00 -5.275170306803030930e-03 -inf 0.000000000000000000e+00 0.000000000000000000e+00 1.820000000000000000e+02 0.000000000000000000e+00 0.000000000000000000e+00 1.000000000000000000e+00
0.000000000000000000e+00 3.400000000000000000e+01 1.000000000000000000e+00 3.949999999999999734e+00 -5.276555854627346803e-03 -inf 0.000000000000000000e+00 0.000000000000000000e+00 1.820000000000000000e+02 0.000000000000000000e+00 0.000000000000000000e+00 1.000000000000000000e+00
0.000000000000000000e+00 3.400000000000000000e+01 1.000000000000000000e+00 3.959999999999999964e+00 -5.276346052133246839e-03 -inf 0.000000000000000000e+00 0.000000000000000000e+00 1.820000000000000000e+02 0.000000000000000000e+00 0.000000000000000000e+00 1.000000000000000000e+00
0.000000000000000000e+00 3.400000000000000000e+01 1.000000000000000000e+00 3.969999999999999751e+00 -5.274527848726647331e-03 -inf 0.000000000000000000e+00 0.000000000000000000e+00 1.820000000000000000e+02 0.000000000000000000e+00 0.000000000000000000e+00 1.000000000000000000e+00
0.000000000000000000e+00 3.400000000000000000e+01 1.000000000000000000e+00 3.979999999999999982e+00 -5.271011213192283197e-03 -inf 0.000000000000000000e+00 0.000000000000000000e+00 1.820000000000000000e+02 0.000000000000000000e+00 0.000000000000000000e+00 1.000000000000000000e+00
0.000000000000000000e+00 3.400000000000000000e+01 1.000000000000000000e+00 3.989999999999999769e+00 -5.265624797706439965e-03 -inf 0.000000000000000000e+00 0.000000000000000000e+00 1.820000000000000000e+02 0.000000000000000000e+00 0.000000000000000000e+00 1.000000000000000000e+00
0.000000000000000000e+00 3.400000000000000000e+01 1.000000000000000000e+00 4.000000000000000000e+00 -5.258107907202672938e-03 -inf 0.000000000000000000e+00 0.000000000000000000e+00 1.820000000000000000e+02 0.000000000000000000e+00 0.000000000000000000e+00 1.000000000000000000e+00
0.000000000000000000e+00 3.400000000000000000e+01 1.000000000000000000e+00 4.009999999999999787e+00 -5.248098423465689250e-03 -inf 0.000000000000000000e+00 0.000000000000000000e+00 1.820000000000000000e+02 0.000000000000000000e+00 0.000000000000000000e+00 1.000000000000000000e+00
0.000000000000000000e+00 3.400000000000000000e+01 1.000000000000000000e+00 4.019999999999999574e+00 -5.235116168669566757e-03 -inf 0.000000000000000000e+00 0.000000000000000000e+00 1.820000000000000000e+02 0.000000000000000000e+00 0.000000000000000000e+00 1.000000000000000000e+00
0.000000000000000000e+00 3.400000000000000000e+01 1.000000000000000000e+00 4.030000000000000249e+00 -5.218541010182745424e-03 -inf 0.000000000000000000e+00 0.000000000000000000e+00 1.820000000000000000e+02 0.000000000000000000e+00 0.000000000000000000e+00 1.000000000000000000e+00
0.000000000000000000e+00 3.400000000000000000e+01 1.000000000000000000e+00 4.040000000000000036e+00 -5.197584801943203568e-03 -inf 0.000000000000000000e+00 0.000000000000000000e+00 1.820000000000000000e+02 0.000000000000000000e+00 0.000000000000000000e+00 1.000000000000000000e+00
0.000000000000000000e+00 3.400000000000000000e+01 1.000000000000000000e+00 4.049999999999999822e+00 -5.171256021905920597e-03 -inf 0.000000000000000000e+00 0.000000000000000000e+00 1.820000000000000000e+02 0.000000000000000000e+00 0.000000000000000000e+00 1.000000000000000000e+00
0.000000000000000000e+00 3.400000000000000000e+01 1.000000000000000000e+00 4.059999999999999609e+00 -5.138315694149082902e-03 -inf 0.000000000000000000e+00 0.000000000000000000e+00 1.820000000000000000e+02 0.000000000000000000e+00 0.000000000000000000e+00 1.000000000000000000e+00
0.000000000000000000e+00 3.400000000000000000e+01 1.000000000000000000e+00 4.070000000000000284e+00 -5.097222872372776659e-03 -inf 0.000000000000000000e+00 0.000000000000000000e+00 1.820000000000000000e+02 0.000000000000000000e+00 0.000000000000000000e+00 1.000000000000000000e+00
0.000000000000000000e+00 3.400000000000000000e+01 1.000000000000000000e+00 4.080000000000000071e+00 -5.046067603244724573e-03 -inf 0.000000000000000000e+00 0.000000000000000000e+00 1.820000000000000000e+02 0.000000000000000000e+00 0.000000000000000000e+00 1.000000000000000000e+00
0.000000000000000000e+00 3.400000000000000000e+01 1.000000000000000000e+00 4.089999999999999858e+00 -4.982488878713867489e-03 -inf 0.000000000000000000e+00 0.000000000000000000e+00 1.820000000000000000e+02 0.000000000000000000e+00 0.000000000000000000e+00 1.000000000000000000e+00
0.000000000000000000e+00 3.400000000000000000e+01 1.000000000000000000e+00 4.099999999999999645e+00 -4.903574623078435155e-03 -inf 0.000000000000000000e+00 0.000000000000000000e+00 1.820000000000000000e+02 0.000000000000000000e+00 0.000000000000000000e+00 1.000000000000000000e+00
0.000000000000000000e+00 3.400000000000000000e+01 1.000000000000000000e+00 4.109999999999999432e+00 -4.805740243234385076e-03 -inf 0.000000000000000000e+00 0.000000000000000000e+00 1.820000000000000000e+02 0.000000000000000000e+00 0.000000000000000000e+00 1.000000000000000000e+00
0.000000000000000000e+00 3.400000000000000000e+01 1.000000000000000000e+00 4.120000000000000107e+00 -4.684581703859259233e-03 -inf 0.000000000000000000e+00 0.000000000000000000e+00 1.820000000000000000e+02 0.000000000000000000e+00 0.000000000000000000e+00 1.000000000000000000e+00
0.000000000000000000e+00 3.400000000000000000e+01 1.000000000000000000e+00 4.129999999999999893e+00 -4.534698485407042887e-03 -inf 0.000000000000000000e+00 0.000000000000000000e+00 1.820000000000000000e+02 0.000000000000000000e+00 0.000000000000000000e+00 1.000000000000000000e+00
0.000000000000000000e+00 3.400000000000000000e+01 1.000000000000000000e+00 4.139999999999999680e+00 -4.349481164967994654e-03 -inf 0.000000000000000000e+00 0.000000000000000000e+00 1.820000000000000000e+02 0.000000000000000000e+00 0.000000000000000000e+00 1.000000000000000000e+00
0.000000000000000000e+00 3.400000000000000000e+01 1.000000000000000000e+00 4.149999999999999467e+00 -4.120857768068635074e-03 -inf 0.000000000000000000e+00 0.000000000000000000e+00 1.820000000000000000e+02 0.000000000000000000e+00 0.000000000000000000e+00 1.000000000000000000e+00
0.000000000000000000e+00 3.400000000000000000e+01 1.000000000000000000e+00 4.160000000000000142e+00 -3.838992537173539429e-03 -inf 0.000000000000000000e+00 0.000000000000000000e+00 1.820000000000000000e+02 0.000000000000000000e+00 0.000000000000000000e+00 1.000000000000000000e+00
0.000000000000000000e+00 3.400000000000000000e+01 1.000000000000000000e+00 4.169999999999999929e+00 -3.491930448350618211e-03 -inf 0.000000000000000000e+00 0.000000000000000000e+00 1.820000000000000000e+02 0.000000000000000000e+00 0.000000000000000000e+00 1.000000000000000000e+00
0.000000000000000000e+00 3.400000000000000000e+01 1.000000000000000000e+00 4.179999999999999716e+00 -3.065180828696019606e-03 -inf 0.000000000000000000e+00 0.000000000000000000e+00 1.820000000000000000e+02 0.000000000000000000e+00 0.000000000000000000e+00 1.000000000000000000e+00
0.000000000000000000e+00 3.400000000000000000e+01 1.000000000000000000e+00 4.189999999999999503e+00 -2.541234000252332731e-03 -inf 0.000000000000000000e+00 0.000000000000000000e+00 1.820000000000000000e+02 0.000000000000000000e+00 0.000000000000000000e+00 1.000000000000000000e+00
0.000000000000000000e+00 3.400000000000000000e+01 1.000000000000000000e+00 4.200000000000000178e+00 -1.899006314599452350e-03 -inf 0.000000000000000000e+00 0.000000000000000000e+00 1.820000000000000000e+02 0.000000000000000000e+00 0.000000000000000000e+00 1.000000000000000000e+00
0.000000000000000000e+00 3.400000000000000000e+01 1.000000000000000000e+00 4.209999999999999964e+00 -1.113211693865304858e-03 -inf 0.000000000000000000e+00 0.000000000000000000e+00 1.820000000000000000e+02 0.000000000000000000e+00 0.000000000000000000e+00 1.000000000000000000e+00
0.000000000000000000e+00 3.400000000000000000e+01 1.000000000000000000e+00 4.219999999999999751e+00 -1.536624924648490043e-04 -inf 0.000000000000000000e+00 0.000000000000000000e+00 1.820000000000000000e+02 0.000000000000000000e+00 0.000000000000000000e+00 1.000000000000000000e+00
0.000000000000000000e+00 3.400000000000000000e+01 1.000000000000000000e+00 4.229999999999999538e+00 1.015489970496340037e-03 -inf 0.000000000000000000e+00 0.000000000000000000e+00 1.820000000000000000e+02 0.000000000000000000e+00 0.000000000000000000e+00 1.000000000000000000e+00
0.000000000000000000e+00 3.400000000000000000e+01 1.000000000000000000e+00 4.240000000000000213e+00 2.436553244042618735e-03 -inf 0.000000000000000000e+00 0.000000000000000000e+00 1.820000000000000000e+02 0.000000000000000000e+00 0.000000000000000000e+00 1.000000000000000000e+00
0.000000000000000000e+00 3.400000000000000000e+01 1.000000000000000000e+00 4.250000000000000000e+00 4.159090564729475692e-03 -inf 0.000000000000000000e+00 0.000000000000000000e+00 1.820000000000000000e+02 0.000000000000000000e+00 0.000000000000000000e+00 1.000000000000000000e+00
0.000000000000000000e+00 3.400000000000000000e+01 1.000000000000000000e+00 4.259999999999999787e+00 6.240651692737377715e-03 -inf 0.000000000000000000e+00 0.000000000000000000e+00 1.820000000000000000e+02 0.000000000000000000e+00 0.000000000000000000e+00 1.000000000000000000e+00
0.000000000000000000e+00 3.400000000000000000e+01 1.000000000000000000e+00 4.269999999999999574e+00 8.747335760926438358e-03 -inf 0.000000000000000000e+00 0.000000000000000000e+00 1.820000000000000000e+02 0.000000000000000000e+00 0.000000000000000000e+00 1.000000000000000000e+00
0.000000000000000000e+00 3.400000000000000000e+01 1.000000000000000000e+00 4.280000000000000249e+00 1.175403118485135109e-02 -inf 0.000000000000000000e+00 0.000000000000000000e+00 1.820000000000000000e+02 0.000000000000000000e+00 0.000000000000000000e+00 1.000000000000000000e+00
0.000000000000000000e+00 3.400000000000000000e+01 1.000000000000000000e+00 4.290000000000000036e+00 1.534410271588784042e-02 -inf 0.000000000000000000e+00 0.000000000000000000e+00 1.820000000000000000e+02 0.000000000000000000e+00 0.000000000000000000e+00 1.000000000000000000e+00
0.000000000000000000e+00 3.400000000000000000e+01 1.000000000000000000e+00 4.299999999999999822e+00 1.960819043062076231e-02 -inf 0.000000000000000000e+00 0.000000000000000000e+00 1.820000000000000000e+02 0.000000000000000000e+00 0.000000000000000000e+00 1.000000000000000000e+00
0.000000000000000000e+00 3.400000000000000000e+01 1.000000000000000000e+00 4.309999999999999609e+00 2.464163856379112880e-02 -inf 0.000000000000000000e+00 0.000000000000000000e+00 1.820000000000000000e+02 0.000000000000000000e+00 0.000000000000000000e+00 1.000000000000000000e+00
0.000000000000000000e+00 3.400000000000000000e+01 1.000000000000000000e+00 4.320000000000000284e+00 3.053986834215423329e-02 -inf 0.000000000000000000e+00 0.000000000000000000e+00 1.820000000000000000e+02 0.000000000000000000e+00 0.000000000000000000e+00 1.000000000000000000e+00
0.000000000000000000e+00 3.400000000000000000e+01 1.000000000000000000e+00 4.330000000000000071e+00 3.739072773008089018e-02 -inf 0.000000000000000000e+00 0.000000000000000000e+00 1.820000000000000000e+02 0.000000000000000000e+00 0.000000000000000000e+00 1.000000000000000000e+00
0.000000000000000000e+00 3.400000000000000000e+01 1.000000000000000000e+00 4.339999999999999858e+00 4.526246442383653756e-02 -inf 0.000000000000000000e+00 0.000000000000000000e+00 1.820000000000000000e+02 0.000000000000000000e+00 0.000000000000000000e+00 1.000000000000000000e+00
0.000000000000000000e+00 3.400000000000000000e+01 1.000000000000000000e+00 4.349999999999999645e+00 5.418543905375762526e-02 -inf 0.000000000000000000e+00 0.000000000000000000e+00 1.820000000000000000e+02 0.000000000000000000e+00 0.000000000000000000e+00 1.000000000000000000e+00
0.000000000000000000e+00 3.400000000000000000e+01 1.000000000000000000e+00 4.360000000000000320e+00 6.412497298536218304e-02 -inf 0.000000000000000000e+00 0.000000000000000000e+00 1.820000000000000000e+02 0.000000000000000000e+00 0.000000000000000000e+00 1.000000000000000000e+00
0.000000000000000000e+00 3.400000000000000000e+01 1.000000000000000000e+00 4.370000000000000107e+00 7.494174170373132937e-02 -inf 0.000000000000000000e+00 0.000000000000000000e+00 1.820000000000000000e+02 0.000000000000000000e+00 0.000000000000000000e+00 1.000000000000000000e+00
0.000000000000000000e+00 3.400000000000000000e+01 1.000000000000000000e+00 4.379999999999999893e+00 8.633478981566702903e-02 -inf 0.000000000000000000e+00 0.000000000000000000e+00 1.820000000000000000e+02 0.000000000000000000e+00 0.000000000000000000e+00 1.000000000000000000e+00
0.000000000000000000e+00 3.400000000000000000e+01 1.000000000000000000e+00 4.389999999999999680e+00 9.776043573708603773e-02 -inf 0.000000000000000000e+00 0.000000000000000000e+00 1.820000000000000000e+02 0.000000000000000000e+00 0.000000000000000000e+00 1.000000000000000000e+00
0.000000000000000000e+00 3.400000000000000000e+01 1.000000000000000000e+00 4.399999999999999467e+00 1.083178906466737423e-01 -inf 0.000000000000000000e+00 0.000000000000000000e+00 1.820000000000000000e+02 0.000000000000000000e+00 0.000000000000000000e+00 1.000000000000000000e+00
0.000000000000000000e+00 3.400000000000000000e+01 1.000000000000000000e+00 4.410000000000000142e+00 1.165891201145549949e-01 -inf 0.000000000000000000e+00 0.000000000000000000e+00 1.820000000000000000e+02 0.000000000000000000e+00 0.000000000000000000e+00 1.000000000000000000e+00
0.000000000000000000e+00 3.400000000000000000e+01 1.000000000000000000e+00 4.419999999999999929e+00 1.204160380103584671e-01 -inf 0.000000000000000000e+00 0.000000000000000000e+00 1.820000000000000000e+02 0.000000000000000000e+00 0.000000000000000000e+00 1.000000000000000000e+00
0.000000000000000000e+00 3.400000000000000000e+01 1.000000000000000000e+00 4.429999999999999716e+00 1.165921540789987831e-01 -inf 0.000000000000000000e+00 0.000000000000000000e+00 1.820000000000000000e+02 0.000000000000000000e+00 0.000000000000000000e+00 1.000000000000000000e+00
0.000000000000000000e+00 3.400000000000000000e+01 1.000000000000000000e+00 4.439999999999999503e+00 1.083241224368900468e-01 -inf 0.000000000000000000e+00 0.000000000000000000e+00 1.820000000000000000e+02 0.000000000000000000e+00 0.000000000000000000e+00 1.000000000000000000e+00
0.000000000000000000e+00 3.400000000000000000e+01 1.000000000000000000e+00 4.450000000000000178e+00 9.777020205254810525e-02 -inf 0.000000000000000000e+00 0.000000000000000000e+00 1.820000000000000000e+02 0.000000000000000000e+00 0.000000000000000000e+00 1.000000000000000000e+00
0.000000000000000000e+00 3.400000000000000000e+01 1.000000000000000000e+00 4.459999999999999964e+00 8.634861864865819858e-02 -inf 0.000000000000000000e+00 0.000000000000000000e+00 1.820000000000000000e+02 0.000000000000000000e+00 0.000000000000000000e+00 1.000000000000000000e+00
0.000000000000000000e+00 3.400000000000000000e+01 1.000000000000000000e+00 4.469999999999999751e+00 7.496038130256105214e-02 -inf 0.000000000000000000e+00 0.000000000000000000e+00 1.820000000000000000e+02 0.000000000000000000e+00 0.000000000000000000e+00 1.000000000000000000e+00
0.000000000000000000e+00 3.400000000000000000e+01 1.000000000000000000e+00 4.479999999999999538e+00 6.414943294544253605e-02 -inf 0.000000000000000000e+00 0.000000000000000000e+00 1.820000000000000000e+02 0.000000000000000000e+00 0.000000000000000000e+00 1.000000000000000000e+00
0.000000000000000000e+00 3.400000000000000000e+01 1.000000000000000000e+00 4.490000000000000213e+00 5.421704583718982978e-02 -inf 0.000000000000000000e+00 0.000000000000000000e+00 1.820000000000000000e+02 0.000000000000000000e+00 0.000000000000000000e+00 1.000000000000000000e+00
0.000000000000000000e+00 3.400000000000000000e+01 1.000000000000000000e+00 4.500000000000000000e+00 4.530293442147080574e-02 -inf 0.000000000000000000e+00 0.000000000000000000e+00 1.820000000000000000e+02 0.000000000000000000e+00 0.000000000000000000e+00 1.000000000000000000e+00
0.000000000000000000e+00 3.400000000000000000e+01 1.000000000000000000e+00 4.509999999999999787e+00 3.744226197234127446e-02 -inf 0.000000000000000000e+00 0.000000000000000000e+00 1.820000000000000000e+02 0.000000000000000000e+00 0.000000000000000000e+00 1.000000000000000000e+00
0.000000000000000000e+00 3.400000000000000000e+01 1.000000000000000000e+00 4.519999999999999574e+00 3.060527419390560860e-02 -inf 0.000000000000000000e+00 0.000000000000000000e+00 1.820000000000000000e+02 0.000000000000000000e+00 0.000000000000000000e+00 1.000000000000000000e+00
0.000000000000000000e+00 3.400000000000000000e+01 1.000000000000000000e+00 4.530000000000000249e+00 2.472448527585161676e-02 -inf 0.000000000000000000e+00 0.000000000000000000e+00 1.820000000000000000e+02 0.000000000000000000e+00 0.000000000000000000e+00 1.000000000000000000e+00
0.000000000000000000e+00 3.400000000000000000e+01 1.000000000000000000e+00 4.540000000000000036e+00 1.971300735624837222e-02 -inf 0.000000000000000000e+00 0.000000000000000000e+00 1.820000000000000000e+02 0.000000000000000000e+00 0.000000000000000000e+00 1.000000000000000000e+00
0.000000000000000000e+00 3.400000000000000000e+01 1.000000000000000000e+00 4.549999999999999822e+00 1.547663144856051276e-02 -inf 0.000000000000000000e+00 0.000000000000000000e+00 1.820000000000000000e+02 0.000000000000000000e+00 0.000000000000000000e+00 1.000000000000000000e+00
0.000000000000000000e+00 3.400000000000000000e+01 1.000000000000000000e+00 4.559999999999999609e+00 1.192154597851105557e-02 -inf 0.000000000000000000e+00 0.000000000000000000e+00 1.820000000000000000e+02 0.000000000000000000e+00 0.000000000000000000e+00 1.000000000000000000e+00
0.000000000000000000e+00 3.400000000000000000e+01 1.000000000000000000e+00 4.570000000000000284e+00 8.959050539723721965e-03 -inf 0.000000000000000000e+00 0.000000000000000000e+00 1.820000000000000000e+02 0.000000000000000000e+00 0.000000000000000000e+00 1.000000000000000000e+00
0.000000000000000000e+00 3.400000000000000000e+01 1.000000000000000000e+00 4.580000000000000071e+00 6.508236979190349172e-03 -inf 0.000000000000000000e+00 0.000000000000000000e+00 1.820000000000000000e+02 0.000000000000000000e+00 0.000000000000000000e+00 1.000000000000000000e+00
0.000000000000000000e+00 3.400000000000000000e+01 1.000000000000000000e+00 4.589999999999999858e+00 4.497330053415227874e-03 -inf 0.000000000000000000e+00 0.000000000000000000e+00 1.820000000000000000e+02 0.000000000000000000e+00 0.000000000000000000e+00 1.000000000000000000e+00
0.000000000000000000e+00 3.400000000000000000e+01 1.000000000000000000e+00 4.599999999999999645e+00 2.864177906676538404e-03 -inf 0.000000000000000000e+00 0.000000000000000000e+00 1.820000000000000000e+02 0.000000000000000000e+00 0.000000000000000000e+00 1.000000000000000000e+00
0.000000000000000000e+00 3.400000000000000000e+01 1.000000000000000000e+00 4.610000000000000320e+00 1.556237989493558516e-03 -inf 0.000000000000000000e+00 0.000000000000000000e+00 1.820000000000000000e+02 0.000000000000000000e+00 0.000000000000000000e+00 1.000000000000000000e+00
0.000000000000000000e+00 3.400000000000000000e+01 1.000000000000000000e+00 4.620000000000000107e+00 5.303016293144897919e-04 -inf 0.000000000000000000e+00 0.000000000000000000e+00 1.820000000000000000e+02 0.000000000000000000e+00 0.000000000000000000e+00 1.000000000000000000e+00
0.000000000000000000e+00 3.400000000000000000e+01 1.000000000000000000e+00 4.629999999999999893e+00 -2.478708090864669561e-04 -inf 0.000000000000000000e+00 0.000000000000000000e+00 1.820000000000000000e+02 0.000000000000000000e+00 0.000000000000000000e+00 1.000000000000000000e+00
0.000000000000000000e+00 3.400000000000000000e+01 1.000000000000000000e+00 4.639999999999999680e+00 -8.038804557159292749e-04 -inf 0.000000000000000000e+00 0.000000000000000000e+00 1.820000000000000000e+02 0.000000000000000000e+00 0.000000000000000000e+00 1.000000000000000000e+00
0.000000000000000000e+00 3.400000000000000000e+01 1.000000000000000000e+00 4.649999999999999467e+00 -1.154893415791169442e-03 -inf 0.000000000000000000e+00 0.000000000000000000e+00 1.820000000000000000e+02 0.000000000000000000e+00 0.000000000000000000e+00 1.000000000000000000e+00
0.000000000000000000e+00 3.400000000000000000e+01 1.000000000000000000e+00 4.660000000000000142e+00 -1.309642274671545675e-03 -inf 0.000000000000000000e+00 0.000000000000000000e+00 1.820000000000000000e+02 0.000000000000000000e+00 0.000000000000000000e+00 1.000000000000000000e+00
0.000000000000000000e+00 3.400000000000000000e+01 1.000000000000000000e+00 4.669999999999999929e+00 -1.268158148407143478e-03 -inf 0.000000000000000000e+00 0.000000000000000000e+00 1.820000000000000000e+02 0.000000000000000000e+00 0.000000000000000000e+00 1.000000000000000000e+00
0.000000000000000000e+00 3.400000000000000000e+01 1.000000000000000000e+00 4.679999999999999716e+00 -1.021164618015455404e-03 -inf 0.000000000000000000e+00 0.000000000000000000e+00 1.820000000000000000e+02 0.000000000000000000e+00 0.000000000000000000e+00 1.000000000000000000e+00
0.000000000000000000e+00 3.400000000000000000e+01 1.000000000000000000e+00 4.689999999999999503e+00 -5.490559857203982166e-04 -inf 0.000000000000000000e+00 0.000000000000000000e+00 1.820000000000000000e+02 0.000000000000000000e+00 0.000000000000000000e+00 1.000000000000000000e+00
0.000000000000000000e+00 3.400000000000000000e+01 1.000000000000000000e+00 4.700000000000000178e+00 1.796341296266571949e-04 -inf 0.000000000000000000e+00 0.000000000000000000e+00 1.820000000000000000e+02 0.000000000000000000e+00 0.000000000000000000e+00 1.000000000000000000e+00
0.000000000000000000e+00 3.400000000000000000e+01 1.000000000000000000e+00 4.709999999999999964e+00 1.210392242385915397e-03 -inf 0.000000000000000000e+00 0.000000000000000000e+00 1.820000000000000000e+02 0.000000000000000000e+00 0.000000000000000000e+00 1.000000000000000000e+00
0.000000000000000000e+00 3.400000000000000000e+01 1.000000000000000000e+00 4.719999999999999751e+00 2.605664370709470656e-03 -inf 0.000000000000000000e+00 0.000000000000000000e+00 1.820000000000000000e+02 0.000000000000000000e+00 0.000000000000000000e+00 1.000000000000000000e+00
0.000000000000000000e+00 3.400000000000000000e+01 1.000000000000000000e+00 4.729999999999999538e+00 4.448771587184150930e-03 -inf 0.000000000000000000e+00 0.000000000000000000e+00 1.820000000000000000e+02 0.000000000000000000e+00 0.000000000000000000e+00 1.000000000000000000e+00
0.000000000000000000e+00 3.400000000000000000e+01 1.000000000000000000e+00 4.740000000000000213e+00 6.849055882019009639e-03 -inf 0.000000000000000000e+00 0.000000000000000000e+00 1.820000000000000000e+02 0.000000000000000000e+00 0.000000000000000000e+00 1.000000000000000000e+00
0.000000000000000000e+00 3.400000000000000000e+01 1.000000000000000000e+00 4.750000000000000000e+00 9.948585380156357155e-03 -inf 0.000000000000000000e+00 0.000000000000000000e+00 1.820000000000000000e+02 0.000000000000000000e+00 0.000000000000000000e+00 1.000000000000000000e+00
0.000000000000000000e+00 3.400000000000000000e+01 1.000000000000000000e+00 4.759999999999999787e+00 1.393084461962206325e-02 -inf 0.000000000000000000e+00 0.000000000000000000e+00 1.820000000000000000e+02 0.000000000000000000e+00 0.000000000000000000e+00 1.000000000000000000e+00
0.000000000000000000e+00 3.400000000000000000e+01 1.000000000000000000e+00 4.769999999999999574e+00 1.903196022555718805e-02 -inf 0.000000000000000000e+00 0.000000000000000000e+00 1.820000000000000000e+02 0.000000000000000000e+00 0.000000000000000000e+00 1.000000000000000000e+00
0.000000000000000000e+00 3.400000000000000000e+01 1.000000000000000000e+00 4.780000000000000249e+00 2.555517300133734390e-02 -inf 0.000000000000000000e+00 0.000000000000000000e+00 1.820000000000000000e+02 0.000000000000000000e+00 0.000000000000000000e+00 1.000000000000000000e+00
0.000000000000000000e+00 3.400000000000000000e+01 1.000000000000000000e+00 4.790000000000000036e+00 3.388947474163256368e-02 -inf 0.000000000000000000e+00 0.000000000000000000e+00 1.820000000000000000e+02 0.000000000000000000e+00 0.000000000000000000e+00 1.000000000000000000e+00
0.000000000000000000e+00 3.400000000000000000e+01 1.000000000000000000e+00 4.799999999999999822e+00 4.453359563967985296e-02 -inf 0.000000000000000000e+00 0.000000000000000000e+00 1.820000000000000000e+02 0.000000000000000000e+00 0.000000000000000000e+00 1.000000000000000000e+00
0.000000000000000000e+00 3.400000000000000000e+01 1.000000000000000000e+00 4.809999999999999609e+00 5.812687378252922449e-02 -inf 0.000000000000000000e+00 0.000000000000000000e+00 1.820000000000000000e+02 0.000000000000000000e+00 0.000000000000000000e+00 1.000000000000000000e+00
0.000000000000000000e+00 3.400000000000000000e+01 1.000000000000000000e+00 4.820000000000000284e+00 7.548898497204103997e-02 -inf 0.000000000000000000e+00 0.000000000000000000e+00 1.820000000000000000e+02 0.000000000000000000e+00 0.000000000000000000e+00 1.000000000000000000e+00
0.000000000000000000e+00 3.400000000000000000e+01 1.000000000000000000e+00 4.830000000000000071e+00 9.767108892782994101e-02 -inf 0.000000000000000000e+00 0.000000000000000000e+00 1.820000000000000000e+02 0.000000000000000000e+00 0.000000000000000000e+00 1.000000000000000000e+00
0.000000000000000000e+00 3.400000000000000000e+01 1.000000000000000000e+00 4.839999999999999858e+00 1.260216957223791456e-01 -inf 0.000000000000000000e+00 0.000000000000000000e+00 1.820000000000000000e+02 0.000000000000000000e+00 0.000000000000000000e+00 1.000000000000000000e+00
0.000000000000000000e+00 3.400000000000000000e+01 1.000000000000000000e+00 4.849999999999999645e+00 1.622715246114337373e-01 -inf 0.000000000000000000e+00 0.000000000000000000e+00 1.820000000000000000e+02 0.000000000000000000e+00 0.000000000000000000e+00 1.000000000000000000e+00
0.000000000000000000e+00 3.400000000000000000e+01 1.000000000000000000e+00 4.860000000000000320e+00 2.086428819499932807e-01 -inf 0.000000000000000000e+00 0.000000000000000000e+00 1.820000000000000000e+02 0.000000000000000000e+00 0.000000000000000000e+00 1.000000000000000000e+00
0.000000000000000000e+00 3.400000000000000000e+01 1.000000000000000000e+00 4.870000000000000107e+00 2.679907110503513268e-01 -inf 0.000000000000000000e+00 0.000000000000000000e+00 1.820000000000000000e+02 0.000000000000000000e+00 0.000000000000000000e+00 1.000000000000000000e+00
0.000000000000000000e+00 3.400000000000000000e+01 1.000000000000000000e+00 4.879999999999999893e+00 3.439845757668634763e-01 -inf 0.000000000000000000e+00 0.000000000000000000e+00 1.820000000000000000e+02 0.000000000000000000e+00 0.000000000000000000e+00 1.000000000000000000e+00
0.000000000000000000e+00 3.400000000000000000e+01 1.000000000000000000e+00 4.889999999999999680e+00 4.413435758922842900e-01 -inf 0.000000000000000000e+00 0.000000000000000000e+00 1.820000000000000000e+02 0.000000000000000000e+00 0.000000000000000000e+00 1.000000000000000000e+00
0.000000000000000000e+00 3.400000000000000000e+01 1.000000000000000000e+00 4.899999999999999467e+00 5.661397443826269305e-01 -inf 0.000000000000000000e+00 0.000000000000000000e+00 1.820000000000000000e+02 0.000000000000000000e+00 0.000000000000000000e+00 1.000000000000000000e+00
0.000000000000000000e+00 3.400000000000000000e+01 1.000000000000000000e+00 4.910000000000000142e+00 7.261900891695932669e-01 -inf 0.000000000000000000e+00 0.000000000000000000e+00 1.820000000000000000e+02 0.000000000000000000e+00 0.000000000000000000e+00 1.000000000000000000e+00
0.000000000000000000e+00 3.400000000000000000e+01 1.000000000000000000e+00 4.919999999999999929e+00 9.315634352927172346e-01 -inf 0.000000000000000000e+00 0.000000000000000000e+00 1.820000000000000000e+02 0.000000000000000000e+00 0.000000000000000000e+00 1.000000000000000000e+00
0.000000000000000000e+00 3.400000000000000000e+01 1.000000000000000000e+00 4.929999999999999716e+00 1.195236012580950025e+00 -inf 0.000000000000000000e+00 0.000000000000000000e+00 1.820000000000000000e+02 0.000000000000000000e+00 0.000000000000000000e+00 1.000000000000000000e+00
0.000000000000000000e+00 3.400000000000000000e+01 1.000000000000000000e+00 4.939999999999999503e+00 1.533939862867569337e+00 -inf 0.000000000000000000e+00 1.000000000000000000e+00 1.820000000000000000e+02 0.000000000000000000e+00 0.000000000000000000e+00 1.000000000000000000e+00
0.000000000000000000e+00 3.400000000000000000e+01 1.000000000000000000e+00 4.950000000000000178e+00 1.195238983403728694e+00 -inf 0.000000000000000000e+00 0.000000000000000000e+00 1.820000000000000000e+02 0.000000000000000000e+00 0.000000000000000000e+00 1.000000000000000000e+00
0.000000000000000000e+00 3.400000000000000000e+01 1.000000000000000000e+00 4.959999999999999964e+00 9.315695204756628822e-01 -inf 0.000000000000000000e+00 0.000000000000000000e+00 1.820000000000000000e+02 0.000000000000000000e+00 0.000000000000000000e+00 1.000000000000000000e+00
0.000000000000000000e+00 3.400000000000000000e+01 1.000000000000000000e+00 4.969999999999999751e+00 7.261995824163526292e-01 -inf 0.000000000000000000e+00 0.000000000000000000e+00 1.820000000000000000e+02 0.000000000000000000e+00 0.000000000000000000e+00 1.000000000000000000e+00
0.000000000000000000e+00 3.400000000000000000e+01 1.000000000000000000e+00 4.979999999999999538e+00 5.661531031019920723e-01 -inf 0.000000000000000000e+00 0.000000000000000000e+00 1.820000000000000000e+02 0.000000000000000000e+00 0.000000000000000000e+00 1.000000000000000000e+00
0.000000000000000000e+00 3.400000000000000000e+01 1.000000000000000000e+00 4.990000000000000213e+00 4.413614422191881048e-01 -inf 0.000000000000000000e+00 0.000000000000000000e+00 1.820000000000000000e+02 0.000000000000000000e+00 0.000000000000000000e+00 1.000000000000000000e+00
0.000000000000000000e+00 3.400000000000000000e+01 1.000000000000000000e+00 5.000000000000000000e+00 3.440078059482380435e-01 -inf 0.000000000000000000e+00 0.000000000000000000e+00 1.820000000000000000e+02 0.000000000000000000e+00 0.000000000000000000e+00 1.000000000000000000e+00
0.000000000000000000e+00 3.400000000000000000e+01 1.000000000000000000e+00 5.009999999999999787e+00 2.680204144191981053e-01 -inf 0.000000000000000000e+00 0.000000000000000000e+00 1.820000000000000000e+02 0.000000000000000000e+00 0.000000000000000000e+00 1.000000000000000000e+00
0.000000000000000000e+00 3.400000000000000000e+01 1.000000000000000000e+00 5.019999999999999574e+00 2.086804710920691641e-01 -inf 0.000000000000000000e+00 0.000000000000000000e+00 1.820000000000000000e+02 0.000000000000000000e+00 0.000000000000000000e+00 1.000000000000000000e+00
0.000000000000000000e+00 3.400000000000000000e+01 1.000000000000000000e+00 5.030000000000000249e+00 1.623187787613793176e-01 -inf 0.000000000000000000e+00 0.000000000000000000e+00 1.820000000000000000e+02 0.000000000000000000e+00 0.000000000000000000e+00 1.000000000000000000e+00
0.000000000000000000e+00 3.400000000000000000e+01 1.000000000000000000e+00 5.040000000000000036e+00 1.260808399210213149e-01 -inf 0.000000000000000000e+00 0.000000000000000000e+00 1.820000000000000000e+02 0.000000000000000000e+00 0.000000000000000000e+00 1.000000000000000000e+00
0.000000000000000000e+00 3.400000000000000000e+01 1.000000000000000000e+00 5.049999999999999822e+00 9.774489204086830862e-02 -inf 0.000000000000000000e+00 0.000000000000000000e+00 1.820000000000000000e+02 0.000000000000000000e+00 0.000000000000000000e+00 1.000000000000000000e+00
0.000000000000000000e+00 3.400000000000000000e+01 1.000000000000000000e+00 5.059999999999999609e+00 7.558088032288309832e-02 -inf 0.000000000000000000e+00 0.000000000000000000e+00 1.820000000000000000e+02 0.000000000000000000e+00 0.000000000000000000e+00 1.000000000000000000e+00
0.000000000000000000e+00 3.400000000000000000e+01 1.000000000000000000e+00 5.070000000000000284e+00 5.824110689769212285e-02 -inf 0.000000000000000000e+00 0.000000000000000000e+00 1.820000000000000000e+02 0.000000000000000000e+00 0.000000000000000000e+00 1.000000000000000000e+00
0.000000000000000000e+00 3.400000000000000000e+01 1.000000000000000000e+00 5.080000000000000071e+00 4.467540445005862421e-02 -inf 0.000000000000000000e+00 0.000000000000000000e+00 1.820000000000000000e+02 0.000000000000000000e+00 0.000000000000000000e+00 1.000000000000000000e+00
0.000000000000000000e+00 3.400000000000000000e+01 1.000000000000000000e+00 5.089999999999999858e+00 3.406530852811504029e-02 -inf 0.000000000000000000e+00 0.000000000000000000e+00 1.820000000000000000e+02 0.000000000000000000e+00 0.000000000000000000e+00 1.000000000000000000e+00
0.000000000000000000e+00 3.400000000000000000e+01 1.000000000000000000e+00 5.099999999999999645e+00 2.577295741154694841e-02 -inf 0.000000000000000000e+00 0.000000000000000000e+00 1.820000000000000000e+02 0.000000000000000000e+00 0.000000000000000000e+00 1.000000000000000000e+00
0.000000000000000000e+00 3.400000000000000000e+01 1.000000000000000000e+00 5.110000000000000320e+00 1.930141679986244543e-02 -inf 0.000000000000000000e+00 0.000000000000000000e+00 1.820000000000000000e+02 0.000000000000000000e+00 0.000000000000000000e+00 1.000000000000000000e+00
0.000000000000000000e+00 3.400000000000000000e+01 1.000000000000000000e+00 5.120000000000000107e+00 1.426387440934435979e-02 -inf 0.000000000000000000e+00 0.000000000000000000e+00 1.820000000000000000e+02 0.000000000000000000e+00 0.000000000000000000e+00 1.000000000000000000e+00
0.000000000000000000e+00 3.400000000000000000e+01 1.000000000000000000e+00 5.129999999999999893e+00 1.035972735052934079e-02 -inf 0.000000000000000000e+00 0.000000000000000000e+00 1.820000000000000000e+02 0.000000000000000000e+00 0.000000000000000000e+00 1.000000000000000000e+00
0.000000000000000000e+00 3.400000000000000000e+01 1.000000000000000000e+00 5.139999999999999680e+00 7.356031756022455431e-03 -inf 0.000000000000000000e+00 0.000000000000000000e+00 1.820000000000000000e+02 0.000000000000000000e+00 0.000000000000000000e+00 1.000000000000000000e+00
0.000000000000000000e+00 3.400000000000000000e+01 1.000000000000000000e+00 5.149999999999999467e+00 5.073129432199459388e-03 -inf 0.000000000000000000e+00 0.000000000000000000e+00 1.820000000000000000e+02 0.000000000000000000e+00 0.000000000000000000e+00 1.000000000000000000e+00
0.000000000000000000e+00 3.400000000000000000e+01 1.000000000000000000e+00 5.160000000000000142e+00 3.373533299780044278e-03 -inf 0.000000000000000000e+00 0.000000000000000000e+00 1.820000000000000000e+02 0.000000000000000000e+00 0.000000000000000000e+00 1.000000000000000000e+00
0.000000000000000000e+00 3.400000000000000000e+01 1.000000000000000000e+00 5.169999999999999929e+00 2.153359715378970127e-03 -inf 0.000000000000000000e+00 0.000000000000000000e+00 1.820000000000000000e+02 0.000000000000000000e+00 0.000000000000000000e+00 1.000000000000000000e+00
0.000000000000000000e+00 3.400000000000000000e+01 1.000000000000000000e+00 5.179999999999999716e+00 1.335754945484897600e-03 -inf 0.000000000000000000e+00 0.000000000000000000e+00 1.820000000000000000e+02 0.000000000000000000e+00 0.000000000000000000e+00 1.000000000000000000e+00
0.000000000000000000e+00 3.400000000000000000e+01 1.000000000000000000e+00 5.189999999999999503e+00 8.658853946121661260e-04 -inf 0.000000000000000000e+00 0.000000000000000000e+00 1.820000000000000000e+02 0.000000000000000000e+00 0.000000000000000000e+00 1.000000000000000000e+00
0.000000000000000000e+00 3.400000000000000000e+01 1.000000000000000000e+00 5.200000000000000178e+00 7.071544399548023926e-04 -inf 0.000000000000000000e+00 0.000000000000000000e+00 1.820000000000000000e+02 0.000000000000000000e+00 0.000000000000000000e+00 1.000000000000000000e+00
0.000000000000000000e+00 3.400000000000000000e+01 1.000000000000000000e+00 5.209999999999999964e+00 8.383786461562724515e-04 -inf 0.000000000000000000e+00 0.000000000000000000e+00 1.820000000000000000e+02 0.000000000000000000e+00 0.000000000000000000e+00 1.000000000000000000e+00
0.000000000000000000e+00 3.400000000000000000e+01 1.000000000000000000e+00 5.219999999999999751e+00 1.251706824422306463e-03 -inf 0.000000000000000000e+00 0.000000000000000000e+00 1.820000000000000000e+02 0.000000000000000000e+00 0.000000000000000000e+00 1.000000000000000000e+00
0.000000000000000000e+00 3.400000000000000000e+01 1.000000000000000000e+00 5.229999999999999538e+00 1.951099555051608384e-03 -inf 0.000000000000000000e+00 0.000000000000000000e+00 1.820000000000000000e+02 0.000000000000000000e+00 0.000000000000000000e+00 1.000000000000000000e+00
0.000000000000000000e+00 3.400000000000000000e+01 1.000000000000000000e+00 5.240000000000000213e+00 2.951205847227297147e-03 -inf 0.000000000000000000e+00 0.000000000000000000e+00 1.820000000000000000e+02 0.000000000000000000e+00 0.000000000000000000e+00 1.000000000000000000e+00
0.000000000000000000e+00 3.400000000000000000e+01 1.000000000000000000e+00 5.250000000000000000e+00 4.276477789868671220e-03 -inf 0.000000000000000000e+00 0.000000000000000000e+00 1.820000000000000000e+02 0.000000000000000000e+00 0.000000000000000000e+00 1.000000000000000000e+00
0.000000000000000000e+00 3.400000000000000000e+01 1.000000000000000000e+00 5.259999999999999787e+00 5.960352321005753587e-03 -inf 0.000000000000000000e+00 0.000000000000000000e+00 1.820000000000000000e+02 0.000000000000000000e+00 0.000000000000000000e+00 1.000000000000000000e+00
0.000000000000000000e+00 3.400000000000000000e+01 1.000000000000000000e+00 5.269999999999999574e+00 8.044299173999566038e-03 -inf 0.000000000000000000e+00 0.000000000000000000e+00 1.820000000000000000e+02 0.000000000000000000e+00 0.000000000000000000e+00 1.000000000000000000e+00
0.000000000000000000e+00 3.400000000000000000e+01 1.000000000000000000e+00 5.280000000000000249e+00 1.057648154036138280e-02 -inf 0.000000000000000000e+00 0.000000000000000000e+00 1.820000000000000000e+02 0.000000000000000000e+00 0.000000000000000000e+00 1.000000000000000000e+00
0.000000000000000000e+00 3.400000000000000000e+01 1.000000000000000000e+00 5.290000000000000036e+00 1.360969483799548754e-02 -inf 0.000000000000000000e+00 0.000000000000000000e+00 1.820000000000000000e+02 0.000000000000000000e+00 0.000000000000000000e+00 1.000000000000000000e+00
0.000000000000000000e+00 3.400000000000000000e+01 1.000000000000000000e+00 5.299999999999999822e+00 1.719813034819403855e-02 -inf 0.000000000000000000e+00 0.000000000000000000e+00 1.820000000000000000e+02 0.000000000000000000e+00 0.000000000000000000e+00 1.000000000000000000e+00
0.000000000000000000e+00 3.400000000000000000e+01 1.000000000000000000e+00 5.309999999999999609e+00 2.139234207327066900e-02 -inf 0.000000000000000000e+00 0.000000000000000000e+00 1.820000000000000000e+02 0.000000000000000000e+00 0.000000000000000000e+00 1.000000000000000000e+00
0.000000000000000000e+00 3.400000000000000000e+01 1.000000000000000000e+00 5.320000000000000284e+00 2.623156008335339462e-02 -inf 0.000000000000000000e+00 0.000000000000000000e+00 1.820000000000000000e+02 0.000000000000000000e+00 0.000000000000000000e+00 1.000000000000000000e+00
0.000000000000000000e+00 3.400000000000000000e+01 1.000000000000000000e+00 5.330000000000000071e+00 3.173216891131058759e-02 -inf 0.000000000000000000e+00 0.000000000000000000e+00 1.820000000000000000e+02 0.000000000000000000e+00 0.000000000000000000e+00 1.000000000000000000e+00
0.000000000000000000e+00 3.400000000000000000e+01 1.000000000000000000e+00 5.339999999999999858e+00 3.787072419031058124e-02 -inf 0.000000000000000000e+00 0.000000000000000000e+00 1.820000000000000000e+02 0.000000000000000000e+00 0.000000000000000000e+00 1.000000000000000000e+00
0.000000000000000000e+00 3.400000000000000000e+01 1.000000000000000000e+00 5.349999999999999645e+00 4.455927292127789818e-02 -inf 0.000000000000000000e+00 0.000000000000000000e+00 1.820000000000000000e+02 0.000000000000000000e+00 0.000000000000000000e+00 1.000000000000000000e+00
0.000000000000000000e+00 3.400000000000000000e+01 1.000000000000000000e+00 5.360000000000000320e+00 5.160991637689458372e-02 -inf 0.000000000000000000e+00 0.000000000000000000e+00 1.820000000000000000e+02 0.000000000000000000e+00 0.000000000000000000e+00 1.000000000000000000e+00
0.000000000000000000e+00 3.400000000000000000e+01 1.000000000000000000e+00 5.370000000000000107e+00 5.868443444547056381e-02 -inf 0.000000000000000000e+00 0.000000000000000000e+00 1.820000000000000000e+02 0.000000000000000000e+00 0.000000000000000000e+00 1.000000000000000000e+00
0.000000000000000000e+00 3.400000000000000000e+01 1.000000000000000000e+00 5.379999999999999893e+00 6.522327546676556786e-02 -inf 0.000000000000000000e+00 0.000000000000000000e+00 1.820000000000000000e+02 0.000000000000000000e+00 0.000000000000000000e+00 1.000000000000000000e+00
0.000000000000000000e+00 3.400000000000000000e+01 1.000000000000000000e+00 5.389999999999999680e+00 7.034617165759179946e-02 -inf 0.000000000000000000e+00 0.000000000000000000e+00 1.820000000000000000e+02 0.000000000000000000e+00 0.000000000000000000e+00 1.000000000000000000e+00
0.000000000000000000e+00 3.400000000000000000e+01 1.000000000000000000e+00 5.399999999999999467e+00 7.271388724879890297e-02 -inf 0.000000000000000000e+00 0.000000000000000000e+00 1.820000000000000000e+02 0.000000000000000000e+00 0.000000000000000000e+00 1.000000000000000000e+00
0.000000000000000000e+00 3.400000000000000000e+01 1.000000000000000000e+00 5.410000000000000142e+00 7.033690455567195854e-02 -inf 0.000000000000000000e+00 0.000000000000000000e+00 1.820000000000000000e+02 0.000000000000000000e+00 0.000000000000000000e+00 1.000000000000000000e+00
0.000000000000000000e+00 3.400000000000000000e+01 1.000000000000000000e+00 5.419999999999999929e+00 6.520423474385392271e-02 -inf 0.000000000000000000e+00 0.000000000000000000e+00 1.820000000000000000e+02 0.000000000000000000e+00 0.000000000000000000e+00 1.000000000000000000e+00
0.000000000000000000e+00 3.400000000000000000e+01 1.000000000000000000e+00 5.429999999999999716e+00 5.865457887594400371e-02 -inf 0.000000000000000000e+00 0.000000000000000000e+00 1.820000000000000000e+02 0.000000000000000000e+00 0.000000000000000000e+00 1.000000000000000000e+00
0.000000000000000000e+00 3.400000000000000000e+01 1.000000000000000000e+00 5.439999999999999503e+00 5.156761204877854249e-02 -inf 0.000000000000000000e+00 0.000000000000000000e+00 1.820000000000000000e+02 0.000000000000000000e+00 0.000000000000000000e+00 1.000000000000000000e+00
0.000000000000000000e+00 3.400000000000000000e+01 1.000000000000000000e+00 5.450000000000000178e+00 4.450220216050199129e-02 -inf 0.000000000000000000e+00 0.000000000000000000e+00 1.820000000000000000e+02 0.000000000000000000e+00 0.000000000000000000e+00 1.000000000000000000e+00
0.000000000000000000e+00 3.400000000000000000e+01 1.000000000000000000e+00 5.459999999999999964e+00 3.779575619306772827e-02 -inf 0.000000000000000000e+00 0.000000000000000000e+00 1.820000000000000000e+02 0.000000000000000000e+00 0.000000000000000000e+00 1.000000000000000000e+00
0.000000000000000000e+00 3.400000000000000000e+01 1.000000000000000000e+00 5.469999999999999751e+00 3.163518469136477468e-02 -inf 0.000000000000000000e+00 0.000000000000000000e+00 1.820000000000000000e+02 0.000000000000000000e+00 0.000000000000000000e+00 1.000000000000000000e+00
0.000000000000000000e+00 3.400000000000000000e+01 1.000000000000000000e+00 5.479999999999999538e+00 2.610722170927558261e-02 -inf 0.000000000000000000e+00 0.000000000000000000e+00 1.820000000000000000e+02 0.000000000000000000e+00 0.000000000000000000e+00 1.000000000000000000e+00
0.000000000000000000e+00 3.400000000000000000e+01 1.000000000000000000e+00 5.490000000000000213e+00 2.123379294786768498e-02 -inf 0.000000000000000000e+00 0.000000000000000000e+00 1.820000000000000000e+02 0.000000000000000000e+00 0.000000000000000000e+00 1.000000000000000000e+00
0.000000000000000000e+00 3.400000000000000000e+01 1.000000000000000000e+00 5.500000000000000000e+00 1.699660927667030752e-02 -inf 0.000000000000000000e+00 0.000000000000000000e+00 1.820000000000000000e+02 0.000000000000000000e+00 0.000000000000000000e+00 1.000000000000000000e+00
0.000000000000000000e+00 3.400000000000000000e+01 1.000000000000000000e+00 5.509999999999999787e+00 1.335404160266934551e-02 -inf 0.000000000000000000e+00 0.000000000000000000e+00 1.820000000000000000e+02 0.000000000000000000e+00 0.000000000000000000e+00 1.000000000000000000e+00
0.000000000000000000e+00 3.400000000000000000e+01 1.000000000000000000e+00 5.519999999999999574e+00 1.025250534536559406e-02 -inf 0.000000000000000000e+00 0.000000000000000000e+00 1.820000000000000000e+02 0.000000000000000000e+00 0.000000000000000000e+00 1.000000000000000000e+00
0.000000000000000000e+00 3.400000000000000000e+01 1.000000000000000000e+00 5.530000000000000249e+00 7.633973259103959269e-03 -inf 0.000000000000000000e+00 0.000000000000000000e+00 1.820000000000000000e+02 0.000000000000000000e+00 0.000000000000000000e+00 1.000000000000000000e+00
0.000000000000000000e+00 3.400000000000000000e+01 1.000000000000000000e+00 5.540000000000000036e+00 5.440787779691402468e-03 -inf 0.000000000000000000e+00 0.000000000000000000e+00 1.820000000000000000e+02 0.000000000000000000e+00 0.000000000000000000e+00 1.000000000000000000e+00
0.000000000000000000e+00 3.400000000000000000e+01 1.000000000000000000e+00 5.549999999999999822e+00 3.618616536856121904e-03 -inf 0.000000000000000000e+00 0.000000000000000000e+00 1.820000000000000000e+02 0.000000000000000000e+00 0.000000000000000000e+00 1.000000000000000000e+00
0.000000000000000000e+00 3.400000000000000000e+01 1.000000000000000000e+00 5.559999999999999609e+00 2.118155962678206286e-03 -inf 0.000000000000000000e+00 0.000000000000000000e+00 1.820000000000000000e+02 0.000000000000000000e+00 0.000000000000000000e+00 1.000000000000000000e+00
0.000000000000000000e+00 3.400000000000000000e+01 1.000000000000000000e+00 5.570000000000000284e+00 8.960148576615152571e-04 -inf 0.000000000000000000e+00 0.000000000000000000e+00 1.820000000000000000e+02 0.000000000000000000e+00 0.000000000000000000e+00 1.000000000000000000e+00
0.000000000000000000e+00 3.400000000000000000e+01 1.000000000000000000e+00 5.580000000000000071e+00 -8.491482775420996360e-05 -inf 0.000000000000000000e+00 0.000000000000000000e+00 1.820000000000000000e+02 0.000000000000000000e+00 0.000000000000000000e+00 1.000000000000000000e+00
0.000000000000000000e+00 3.400000000000000000e+01 1.000000000000000000e+00 5.589999999999999858e+00 -8.553815660676698449e-04 -inf 0.000000000000000000e+00 0.000000000000000000e+00 1.820000000000000000e+02 0.000000000000000000e+00 0.000000000000000000e+00 1.000000000000000000e+00
0.000000000000000000e+00 3.400000000000000000e+01 1.000000000000000000e+00 5.599999999999999645e+00 -1.439836129526765509e-03 -inf 0.000000000000000000e+00 0.000000000000000000e+00 1.820000000000000000e+02 0.000000000000000000e+00 0.000000000000000000e+00 1.000000000000000000e+00
0.000000000000000000e+00 3.400000000000000000e+01 1.000000000000000000e+00 5.610000000000000320e+00 -1.856518462332868748e-03 -inf 0.000000000000000000e+00 0.000000000000000000e+00 1.820000000000000000e+02 0.000000000000000000e+00 0.000000000000000000e+00 1.000000000000000000e+00
0.000000000000000000e+00 3.400000000000000000e+01 1.000000000000000000e+00 5.620000000000000107e+00 -2.117484259853479218e-03 -inf 0.000000000000000000e+00 0.000000000000000000e+00 1.820000000000000000e+02 0.000000000000000000e+00 0.000000000000000000e+00 1.000000000000000000e+00
0.000000000000000000e+00 3.400000000000000000e+01 1.000000000000000000e+00 5.629999999999999893e+00 -2.228502746563385158e-03 -inf 0.000000000000000000e+00 0.000000000000000000e+00 1.820000000000000000e+02 0.000000000000000000e+00 0.000000000000000000e+00 1.000000000000000000e+00
0.000000000000000000e+00 3.400000000000000000e+01 1.000000000000000000e+00 5.639999999999999680e+00 -2.188765066222145023e-03 -inf 0.000000000000000000e+00 0.000000000000000000e+00 1.820000000000000000e+02 0.000000000000000000e+00 0.000000000000000000e+00 1.000000000000000000e+00
0.000000000000000000e+00 3.400000000000000000e+01 1.000000000000000000e+00 5.649999999999999467e+00 -1.990343281212530145e-03 -inf 0.000000000000000000e+00 0.000000000000000000e+00 1.820000000000000000e+02 0.000000000000000000e+00 0.000000000000000000e+00 1.000000000000000000e+00
0.000000000000000000e+00 3.400000000000000000e+01 1.000000000000000000e+00 5.660000000000000142e+00 -1.617334044148603395e-03 -inf 0.000000000000000000e+00 0.000000000000000000e+00 1.820000000000000000e+02 0.000000000000000000e+00 0.000000000000000000e+00 1.000000000000000000e+00
0.000000000000000000e+00 3.400000000000000000e+01 1.000000000000000000e+00 5.669999999999999929e+00 -1.044608778762536050e-03 -inf 0.000000000000000000e+00 0.000000000000000000e+00 1.820000000000000000e+02 0.000000000000000000e+00 0.000000000000000000e+00 1.000000000000000000e+00
0.000000000000000000e+00 3.400000000000000000e+01 1.000000000000000000e+00 5.679999999999999716e+00 -2.360733695912897029e-04 -inf 0.000000000000000000e+00 0.000000000000000000e+00 1.820000000000000000e+02 0.000000000000000000e+00 0.000000000000000000e+00 1.000000000000000000e+00
0.000000000000000000e+00 3.400000000000000000e+01 1.000000000000000000e+00 5.689999999999999503e+00 8.576859446277991170e-04 -inf 0.000000000000000000e+00 0.000000000000000000e+00 1.820000000000000000e+02 0.000000000000000000e+00 0.000000000000000000e+00 1.000000000000000000e+00
0.000000000000000000e+00 3.400000000000000000e+01 1.000000000000000000e+00 5.700000000000000178e+00 2.302528978125705297e-03 -inf 0.000000000000000000e+00 0.000000000000000000e+00 1.820000000000000000e+02 0.000000000000000000e+00 0.000000000000000000e+00 1.000000000000000000e+00
0.000000000000000000e+00 3.400000000000000000e+01 1.000000000000000000e+00 5.709999999999999964e+00 4.184864981710540929e-03 -inf 0.000000000000000000e+00 0.000000000000000000e+00 1.820000000000000000e+02 0.000000000000000000e+00 0.000000000000000000e+00 1.000000000000000000e+00
0.000000000000000000e+00 3.400000000000000000e+01 1.000000000000000000e+00 5.719999999999999751e+00 6.616997677703649605e-03 -inf 0.000000000000000000e+00 0.000000000000000000e+00 1.820000000000000000e+02 0.000000000000000000e+00 0.000000000000000000e+00 1.000000000000000000e+00
0.000000000000000000e+00 3.400000000000000000e+01 1.000000000000000000e+00 5.729999999999999538e+00 9.744054262413042941e-03 -inf 0.000000000000000000e+00 0.000000000000000000e+00 1.820000000000000000e+02 0.000000000000000000e+00 0.000000000000000000e+00 1.000000000000000000e+00
0.000000000000000000e+00 3.400000000000000000e+01 1.000000000000000000e+00 5.740000000000000213e+00 1.375294100172542305e-02 -inf 0.000000000000000000e+00 0.000000000000000000e+00 1.820000000000000000e+02 0.000000000000000000e+00 0.000000000000000000e+00 1.000000000000000000e+00
0.000000000000000000e+00 3.400000000000000000e+01 1.000000000000000000e+00 5.750000000000000000e+00 1.888389759547030172e-02 -inf 0.000000000000000000e+00 0.000000000000000000e+00 1.820000000000000000e+02 0.000000000000000000e+00 0.000000000000000000e+00 1.000000000000000000e+00
0.000000000000000000e+00 3.400000000000000000e+01 1.000000000000000000e+00 5.759999999999999787e+00 2.544538984092987316e-02 -inf 0.000000000000000000e+00 0.000000000000000000e+00 1.820000000000000000e+02 0.000000000000000000e+00 0.000000000000000000e+00 1.000000000000000000e+00
0.000000000000000000e+00 3.400000000000000000e+01 1.000000000000000000e+00 5.769999999999999574e+00 3.383329642401537718e-02 -inf 0.000000000000000000e+00 0.000000000000000000e+00 1.820000000000000000e+02 0.000000000000000000e+00 0.000000000000000000e+00 1.000000000000000000e+00
0.000000000000000000e+00 3.400000000000000000e+01 1.000000000000000000e+00 5.780000000000000249e+00 4.455562538532502337e-02 -inf 0.000000000000000000e+00 0.000000000000000000e+00 1.820000000000000000e+02 0.000000000000000000e+00 0.000000000000000000e+00 1.000000000000000000e+00
0.000000000000000000e+00 3.400000000000000000e+01 1.000000000000000000e+00 5.790000000000000036e+00 5.826435776010915196e-02 -inf 0.000000000000000000e+00 0.000000000000000000e+00 1.820000000000000000e+02 0.000000000000000000e+00 0.000000000000000000e+00 1.000000000000000000e+00
0.000000000000000000e+00 3.400000000000000000e+01 1.000000000000000000e+00 5.799999999999999822e+00 7.579648452517695478e-02 -inf 0.000000000000000000e+00 0.000000000000000000e+00 1.820000000000000000e+02 0.000000000000000000e+00 0.000000000000000000e+00 1.000000000000000000e+00
0.000000000000000000e+00 3.400000000000000000e+01 1.000000000000000000e+00 5.809999999999999609e+00 9.822691008465253559e-02 -inf 0.000000000000000000e+00 0.000000000000000000e+00 1.820000000000000000e+02 0.000000000000000000e+00 0.000000000000000000e+00 1.000000000000000000e+00
0.000000000000000000e+00 3.400000000000000000e+01 1.000000000000000000e+00 5.820000000000000284e+00 1.269366824200440502e-01 -inf 0.000000000000000000e+00 0.000000000000000000e+00 1.820000000000000000e+02 0.000000000000000000e+00 0.000000000000000000e+00 1.000000000000000000e+00
0.000000000000000000e+00 3.400000000000000000e+01 1.000000000000000000e+00 5.830000000000000071e+00 1.637010304828744600e-01 -inf 0.000000000000000000e+00 0.000000000000000000e+00 1.820000000000000000e+02 0.000000000000000000e+00 0.000000000000000000e+00 1.000000000000000000e+00
0.000000000000000000e+00 3.400000000000000000e+01 1.000000000000000000e+00 5.839999999999999858e+00 2.108030133870603673e-01 -inf 0.000000000000000000e+00 0.000000000000000000e+00 1.820000000000000000e+02 0.000000000000000000e+00 0.000000000000000000e+00 1.000000000000000000e+00
0.000000000000000000e+00 3.400000000000000000e+01 1.000000000000000000e+00 5.849999999999999645e+00 2.711803045497472864e-01 -inf 0.000000000000000000e+00 0.000000000000000000e+00 1.820000000000000000e+02 0.000000000000000000e+00 0.000000000000000000e+00 1.000000000000000000e+00
0.000000000000000000e+00 3.400000000000000000e+01 1.000000000000000000e+00 5.860000000000000320e+00 3.486148657584910437e-01 -inf 0.000000000000000000e+00 0.000000000000000000e+00 1.820000000000000000e+02 0.000000000000000000e+00 0.000000000000000000e+00 1.000000000000000000e+00
0.000000000000000000e+00 3.400000000000000000e+01 1.000000000000000000e+00 5.870000000000000107e+00 4.479781657554317564e-01 -inf 0.000000000000000000e+00 0.000000000000000000e+00 1.820000000000000000e+02 0.000000000000000000e+00 0.000000000000000000e+00 1.000000000000000000e+00
0.000000000000000000e+00 3.400000000000000000e+01 1.000000000000000000e+00 5.879999999999999893e+00 5.755483667408708426e-01 -inf 0.000000000000000000e+00 0.000000000000000000e+00 1.820000000000000000e+02 0.000000000000000000e+00 0.000000000000000000e+00 1.000000000000000000e+00
0.000000000000000000e+00 3.400000000000000000e+01 1.000000000000000000e+00 5.889999999999999680e+00 7.394208027992746901e-01 -inf 0.000000000000000000e+00 1.000000000000000000e+00 1.820000000000000000e+02 0.000000000000000000e+00 0.000000000000000000e+00 1.000000000000000000e+00
0.000000000000000000e+00 3.400000000000000000e+01 1.000000000000000000e+00 5.899999999999999467e+00 5.755456573137668341e-01 -inf 0.000000000000000000e+00 0.000000000000000000e+00 1.820000000000000000e+02 0.000000000000000000e+00 0.000000000000000000e+00 1.000000000000000000e+00
0.000000000000000000e+00 3.400000000000000000e+01 1.000000000000000000e+00 5.910000000000000142e+00 4.479726131328518046e-01 -inf 0.000000000000000000e+00 0.000000000000000000e+00 1.820000000000000000e+02 0.000000000000000000e+00 0.000000000000000000e+00 1.000000000000000000e+00
0.000000000000000000e+00 3.400000000000000000e+01 1.000000000000000000e+00 5.919999999999999929e+00 3.486061959925853548e-01 -inf 0.000000000000000000e+00 0.000000000000000000e+00 1.820000000000000000e+02 0.000000000000000000e+00 0.000000000000000000e+00 1.000000000000000000e+00
0.000000000000000000e+00 3.400000000000000000e+01 1.000000000000000000e+00 5.929999999999999716e+00 2.711680903991393055e-01 -inf 0.000000000000000000e+00 0.000000000000000000e+00 1.820000000000000000e+02 0.000000000000000000e+00 0.000000000000000000e+00 1.000000000000000000e+00
0.000000000000000000e+00 3.400000000000000000e+01 1.000000000000000000e+00 5.939999999999999503e+00 2.107866539041701182e-01 -inf 0.000000000000000000e+00 0.000000000000000000e+00 1.820000000000000000e+02 0.000000000000000000e+00 0.000000000000000000e+00 1.000000000000000000e+00
0.000000000000000000e+00 3.400000000000000000e+01 1.000000000000000000e+00 5.950000000000000178e+00 1.636797223786602973e-01 -inf 0.000000000000000000e+00 0.000000000000000000e+00 1.820000000000000000e+02 0.000000000000000000e+00 0.000000000000000000e+00 1.000000000000000000e+00
0.000000000000000000e+00 3.400000000000000000e+01 1.000000000000000000e+00 5.959999999999999964e+00 1.269093819163564230e-01 -inf 0.000000000000000000e+00 0.000000000000000000e+00 1.820000000000000000e+02 0.000000000000000000e+00 0.000000000000000000e+00 1.000000000000000000e+00
0.000000000000000000e+00 3.400000000000000000e+01 1.000000000000000000e+00 5.969999999999999751e+00 9.819228354662049019e-02 -inf 0.000000000000000000e+00 0.000000000000000000e+00 1.820000000000000000e+02 0.000000000000000000e+00 0.000000000000000000e+00 1.000000000000000000e+00
0.000000000000000000e+00 3.400000000000000000e+01 1.000000000000000000e+00 5.979999999999999538e+00 7.575284568047749301e-02 -inf 0.000000000000000000e+00 0.000000000000000000e+00 1.820000000000000000e+02 0.000000000000000000e+00 0.000000000000000000e+00 1.000000000000000000e+00
0.000000000000000000e+00 3.400000000000000000e+01 1.000000000000000000e+00 5.990000000000000213e+00 5.820958874078267092e-02 -inf 0.000000000000000000e+00 0.000000000000000000e+00 1.820000000000000000e+02 0.000000000000000000e+00 0.000000000000000000e+00 1.000000000000000000e+00
0.000000000000000000e+00 3.400000000000000000e+01 1.000000000000000000e+00 6.000000000000000000e+00 4.448707815089826545e-02 -inf 0.000000000000000000e+00 0.000000000000000000e+00 1.820000000000000000e+02 0.000000000000000000e+00 0.000000000000000000e+00 1.000000000000000000e+00
0.000000000000000000e+00 3.400000000000000000e+01 1.000000000000000000e+00 6.009999999999999787e+00 3.374767031935568817e-02 -inf 0.000000000000000000e+00 0.000000000000000000e+00 1.820000000000000000e+02 0.000000000000000000e+00 0.000000000000000000e+00 1.000000000000000000e+00
0.000000000000000000e+00 3.400000000000000000e+01 1.000000000000000000e+00 6.019999999999999574e+00 2.533858008292049629e-02 -inf 0.000000000000000000e+00 0.000000000000000000e+00 1.820000000000000000e+02 0.000000000000000000e+00 0.000000000000000000e+00 1.000000000000000000e+00
0.000000000000000000e+00 3.400000000000000000e+01 1.000000000000000000e+00 6.030000000000000249e+00 1.875080834076979161e-02 -inf 0.000000000000000000e+00 0.000000000000000000e+00 1.820000000000000000e+02 0.000000000000000000e+00 0.000000000000000000e+00 1.000000000000000000e+00
0.000000000000000000e+00 3.400000000000000000e+01 1.000000000000000000e+00 6.040000000000000036e+00 1.358725529226187043e-02 -inf 0.000000000000000000e+00 0.000000000000000000e+00 1.820000000000000000e+02 0.000000000000000000e+00 0.000000000000000000e+00 1.000000000000000000e+00
0.000000000000000000e+00 3.400000000000000000e+01 1.000000000000000000e+00 6.049999999999999822e+00 9.537951542281035422e-03 -inf 0.000000000000000000e+00 0.000000000000000000e+00 1.820000000000000000e+02 0.000000000000000000e+00 0.000000000000000000e+00 1.000000000000000000e+00
0.000000000000000000e+00 3.400000000000000000e+01 1.000000000000000000e+00 6.059999999999999609e+00 6.360807689953723934e-03 -inf 0.000000000000000000e+00 0.000000000000000000e+00 1.820000000000000000e+02 0.000000000000000000e+00 0.000000000000000000e+00 1.000000000000000000e+00
0.000000000000000000e+00 3.400000000000000000e+01 1.000000000000000000e+00 6.070000000000000284e+00 3.866644651953021761e-03 -inf 0.000000000000000000e+00 0.000000000000000000e+00 1.820000000000000000e+02 0.000000000000000000e+00 0.000000000000000000e+00 1.000000000000000000e+00
0.000000000000000000e+00 3.400000000000000000e+01 1.000000000000000000e+00 6.080000000000000071e+00 1.907546343409676111e-03 -inf 0.000000000000000000e+00 0.000000000000000000e+00 1.820000000000000000e+02 0.000000000000000000e+00 0.000000000000000000e+00 1.000000000000000000e+00
0.000000000000000000e+00 3.400000000000000000e+01 1.000000000000000000e+00 6.089999999999999858e+00 3.677922686738830868e-04 -inf 0.000000000000000000e+00 0.000000000000000000e+00 1.820000000000000000e+02 0.000000000000000000e+00 0.000000000000000000e+00 1.000000000000000000e+00
0.000000000000000000e+00 3.400000000000000000e+01 1.000000000000000000e+00 6.099999999999999645e+00 -8.432054463533358857e-04 -inf 0.000000000000000000e+00 0.000000000000000000e+00 1.820000000000000000e+02 0.000000000000000000e+00 0.000000000000000000e+00 1.000000000000000000e+00
0.000000000000000000e+00 3.400000000000000000e+01 1.000000000000000000e+00 6.110000000000000320e+00 -1.796406853698263514e-03 -inf 0.000000000000000000e+00 0.000000000000000000e+00 1.820000000000000000e+02 0.000000000000000000e+00 0.000000000000000000e+00 1.000000000000000000e+00
0.000000000000000000e+00 3.400000000000000000e+01 1.000000000000000000e+00 6.120000000000000107e+00 -2.547437071763003144e-03 -inf 0.000000000000000000e+00 0.000000000000000000e+00 1.820000000000000000e+02 0.000000000000000000e+00 0.000000000000000000e+00 1.000000000000000000e+00
0.000000000000000000e+00 3.400000000000000000e+01 1.000000000000000000e+00 6.129999999999999893e+00 -3.139936045469730701e-03 -inf 0.000000000000000000e+00 0.000000000000000000e+00 1.820000000000000000e+02 0.000000000000000000e+00 0.000000000000000000e+00 1.000000000000000000e+00
0.000000000000000000e+00 3.400000000000000000e+01 1.000000000000000000e+00 6.139999999999999680e+00 -3.608173906520543636e-03 -inf 0.000000000000000000e+00 0.000000000000000000e+00 1.820000000000000000e+02 0.000000000000000000e+00 0.000000000000000000e+00 1.000000000000000000e+00
0.000000000000000000e+00 3.400000000000000000e+01 1.000000000000000000e+00 6.150000000000000355e+00 -3.979094072614775164e-03 -inf 0.000000000000000000e+00 0.000000000000000000e+00 1.820000000000000000e+02 0.000000000000000000e+00 0.000000000000000000e+00 1.000000000000000000e+00
0.000000000000000000e+00 3.400000000000000000e+01 1.000000000000000000e+00 6.160000000000000142e+00 -4.273910041811174870e-03 -inf 0.000000000000000000e+00 0.000000000000000000e+00 1.820000000000000000e+02 0.000000000000000000e+00 0.000000000000000000e+00 1.000000000000000000e+00
0.000000000000000000e+00 3.400000000000000000e+01 1.000000000000000000e+00 6.169999999999999929e+00 -4.509353695241869082e-03 -inf 0.000000000000000000e+00 0.000000000000000000e+00 1.820000000000000000e+02 0.000000000000000000e+00 0.000000000000000000e+00 1.000000000000000000e+00
0.000000000000000000e+00 3.400000000000000000e+01 1.000000000000000000e+00 6.179999999999999716e+00 -4.698650981548841733e-03 -inf 0.000000000000000000e+00 0.000000000000000000e+00 1.820000000000000000e+02 0.000000000000000000e+00 0.000000000000000000e+00 1.000000000000000000e+00
0.000000000000000000e+00 3.400000000000000000e+01 1.000000000000000000e+00 6.189999999999999503e+00 -4.852283690196085818e-03 -inf 0.000000000000000000e+00 0.000000000000000000e+00 1.820000000000000000e+02 0.000000000000000000e+00 0.000000000000000000e+00 1.000000000000000000e+00
0.000000000000000000e+00 3.400000000000000000e+01 1.000000000000000000e+00 6.200000000000000178e+00 -4.978582509524126509e-03 -inf 0.000000000000000000e+00 0.000000000000000000e+00 1.820000000000000000e+02 0.000000000000000000e+00 0.000000000000000000e+00 1.000000000000000000e+00
0.000000000000000000e+00 3.400000000000000000e+01 1.000000000000000000e+00 6.209999999999999964e+00 -5.084185825942065355e-03 -inf 0.000000000000000000e+00 0.000000000000000000e+00 1.820000000000000000e+02 0.000000000000000000e+00 0.000000000000000000e+00 1.000000000000000000e+00
0.000000000000000000e+00 3.400000000000000000e+01 1.000000000000000000e+00 6.219999999999999751e+00 -5.174390045875575973e-03 -inf 0.000000000000000000e+00 0.000000000000000000e+00 1.820000000000000000e+02 0.000000000000000000e+00 0.000000000000000000e+00 1.000000000000000000e+00
0.000000000000000000e+00 3.400000000000000000e+01 1.000000000000000000e+00 6.229999999999999538e+00 -5.253410032868320936e-03 -inf 0.000000000000000000e+00 0.000000000000000000e+00 1.820000000000000000e+02 0.000000000000000000e+00 0.000000000000000000e+00 1.000000000000000000e+00
0.000000000000000000e+00 3.400000000000000000e+01 1.000000000000000000e+00 6.240000000000000213e+00 -5.324562057610072660e-03 -inf 0.000000000000000000e+00 0.000000000000000000e+00 1.820000000000000000e+02 0.000000000000000000e+00 0.000000000000000000e+00 1.000000000000000000e+00
0.000000000000000000e+00 3.400000000000000000e+01 1.000000000000000000e+00 6.250000000000000000e+00 -5.390376021467434275e-03 -inf 0.000000000000000000e+00 0.000000000000000000e+00 1.820000000000000000e+02 0.000000000000000000e+00 0.000000000000000000e+00 1.000000000000000000e+00
0.000000000000000000e+00 3.400000000000000000e+01 1.000000000000000000e+00 6.259999999999999787e+00 -5.452638219503288912e-03 -inf 0.000000000000000000e+00 0.000000000000000000e+00 1.820000000000000000e+02 0.000000000000000000e+00 0.000000000000000000e+00 1.000000000000000000e+00
0.000000000000000000e+00 3.400000000000000000e+01 1.000000000000000000e+00 6.269999999999999574e+00 -5.512360133739921050e-03 -inf 0.000000000000000000e+00 0.000000000000000000e+00 1.820000000000000000e+02 0.000000000000000000e+00 0.000000000000000000e+00 1.000000000000000000e+00
0.000000000000000000e+00 3.400000000000000000e+01 1.000000000000000000e+00 6.280000000000000249e+00 -5.569662227450103420e-03 -inf 0.000000000000000000e+00 0.000000000000000000e+00 1.820000000000000000e+02 0.000000000000000000e+00 0.000000000000000000e+00 1.000000000000000000e+00
0.000000000000000000e+00 3.400000000000000000e+01 1.000000000000000000e+00 6.290000000000000036e+00 -5.623553905070219176e-03 -inf 0.000000000000000000e+00 0.000000000000000000e+00 1.820000000000000000e+02 0.000000000000000000e+00 0.000000000000000000e+00 1.000000000000000000e+00
0.000000000000000000e+00 3.400000000000000000e+01 1.000000000000000000e+00 6.299999999999999822e+00 -5.671581047573771503e-03 -inf 0.000000000000000000e+00 0.000000000000000000e+00 1.820000000000000000e+02 0.000000000000000000e+00 0.000000000000000000e+00 1.000000000000000000e+00
0.000000000000000000e+00 3.400000000000000000e+01 1.000000000000000000e+00 6.309999999999999609e+00 -5.709299992753241737e-03 -inf 0.000000000000000000e+00 0.000000000000000000e+00 1.820000000000000000e+02 0.000000000000000000e+00 0.000000000000000000e+00 1.000000000000000000e+00
0.000000000000000000e+00 3.400000000000000000e+01 1.000000000000000000e+00 6.320000000000000284e+00 -5.729520423540380818e-03 -inf 0.000000000000000000e+00 0.000000000000000000e+00 1.820000000000000000e+02 0.000000000000000000e+00 0.000000000000000000e+00 1.000000000000000000e+00
0.000000000000000000e+00 3.400000000000000000e+01 1.000000000000000000e+00 6.330000000000000071e+00 -5.721237943136272749e-03 -inf 0.000000000000000000e+00 0.000000000000000000e+00 1.820000000000000000e+02 0.000000000000000000e+00 0.000000000000000000e+00 1.000000000000000000e+00
0.000000000000000000e+00 3.400000000000000000e+01 1.000000000000000000e+00 6.339999999999999858e+00 -5.696112027831784323e-03 -inf 0.000000000000000000e+00 0.000000000000000000e+00 1.820000000000000000e+02 0.000000000000000000e+00 0.000000000000000000e+00 1.000000000000000000e+00
0.000000000000000000e+00 3.400000000000000000e+01 1.000000000000000000e+00 6.349999999999999645e+00 -5.662024714885748565e-03 -inf 0.000000000000000000e+00 0.000000000000000000e+00 1.820000000000000000e+02 0.000000000000000000e+00 0.000000000000000000e+00 1.000000000000000000e+00
0.000000000000000000e+00 3.400000000000000000e+01 1.000000000000000000e+00 6.360000000000000320e+00 -5.624186767387130172e-03 -inf 0.000000000000000000e+00 0.000000000000000000e+00 1.820000000000000000e+02 0.000000000000000000e+00 0.000000000000000000e+00 1.000000000000000000e+00
0.000000000000000000e+00 3.400000000000000000e+01 1.000000000000000000e+00 6.370000000000000107e+00 -5.585937848305396435e-03 -inf 0.000000000000000000e+00 0.000000000000000000e+00 1.820000000000000000e+02 0.000000000000000000e+00 0.000000000000000000e+00 1.000000000000000000e+00
0.000000000000000000e+00 3.400000000000000000e+01 1.000000000000000000e+00 6.379999999999999893e+00 -5.549322403166567601e-03 -inf 0.000000000000000000e+00 0.000000000000000000e+00 1.820000000000000000e+02 0.000000000000000000e+00 0.000000000000000000e+00 1.000000000000000000e+00
0.000000000000000000e+00 3.400000000000000000e+01 1.000000000000000000e+00 6.389999999999999680e+00 -5.515501668449083322e-03 -inf 0.000000000000000000e+00 0.000000000000000000e+00 1.820000000000000000e+02 0.000000000000000000e+00 0.000000000000000000e+00 1.000000000000000000e+00
0.000000000000000000e+00 3.400000000000000000e+01 1.000000000000000000e+00 6.400000000000000355e+00 -5.485046389940576722e-03 -inf 0.000000000000000000e+00 0.000000000000000000e+00 1.820000000000000000e+02 0.000000000000000000e+00 0.000000000000000000e+00 1.000000000000000000e+00
0.000000000000000000e+00 3.400000000000000000e+01 1.000000000000000000e+00 6.410000000000000142e+00 -5.458143074930986265e-03 -inf 0.000000000000000000e+00 0.000000000000000000e+00 1.820000000000000000e+02 0.000000000000000000e+00 0.000000000000000000e+00 1.000000000000000000e+00
0.000000000000000000e+00 3.400000000000000000e+01 1.000000000000000000e+00 6.419999999999999929e+00 -5.434737881834808548e-03 -inf 0.000000000000000000e+00 0.000000000000000000e+00 1.820000000000000000e+02 0.000000000000000000e+00 0.000000000000000000e+00 1.000000000000000000e+00
0.000000000000000000e+00 3.400000000000000000e+01 1.000000000000000000e+00 6.429999999999999716e+00 -5.414635797276696159e-03 -inf 0.000000000000000000e+00 0.000000000000000000e+00 1.820000000000000000e+02 0.000000000000000000e+00 0.000000000000000000e+00 1.000000000000000000e+00
0.000000000000000000e+00 3.400000000000000000e+01 1.000000000000000000e+00 6.439999999999999503e+00 -5.397567985088755176e-03 -inf 0.000000000000000000e+00 0.000000000000000000e+00 1.820000000000000000e+02 0.000000000000000000e+00 0.000000000000000000e+00 1.000000000000000000e+00
0.000000000000000000e+00 3.400000000000000000e+01 1.000000000000000000e+00 6.450000000000000178e+00 -5.383236681402409768e-03 -inf 0.000000000000000000e+00 0.000000000000000000e+00 1.820000000000000000e+02 0.000000000000000000e+00 0.000000000000000000e+00 1.000000000000000000e+00
0.000000000000000000e+00 3.400000000000000000e+01 1.000000000000000000e+00 6.459999999999999964e+00 -5.371344432024691314e-03 -inf 0.000000000000000000e+00 0.000000000000000000e+00 1.820000000000000000e+02 0.000000000000000000e+00 0.000000000000000000e+00 1.000000000000000000e+00
0.000000000000000000e+00 3.400000000000000000e+01 1.000000000000000000e+00 6.469999999999999751e+00 -5.361612581685670960e-03 -inf 0.000000000000000000e+00 0.000000000000000000e+00 1.820000000000000000e+02 0.000000000000000000e+00 0.000000000000000000e+00 1.000000000000000000e+00
0.000000000000000000e+00 3.400000000000000000e+01 1.000000000000000000e+00 6.479999999999999538e+00 -5.353792550197573712e-03 -inf 0.000000000000000000e+00 0.000000000000000000e+00 1.820000000000000000e+02 0.000000000000000000e+00 0.000000000000000000e+00 1.000000000000000000e+00
0.000000000000000000e+00 3.400000000000000000e+01 1.000000000000000000e+00 6.490000000000000213e+00 -5.347672434817044712e-03 -inf 0.000000000000000000e+00 0.000000000000000000e+00 1.820000000000000000e+02 0.000000000000000000e+00 0.000000000000000000e+00 1.000000000000000000e+00
0.000000000000000000e+00 3.400000000000000000e+01 1.000000000000000000e+00 6.500000000000000000e+00 -5.343080762354771376e-03 -inf 0.000000000000000000e+00 0.000000000000000000e+00 1.820000000000000000e+02 0.000000000000000000e+00 0.000000000000000000e+00 1.000000000000000000e+00
0.000000000000000000e+00 3.400000000000000000e+01 1.000000000000000000e+00 6.509999999999999787e+00 -5.339888705802517226e-03 -inf 0.000000000000000000e+00 0.000000000000000000e+00 1.820000000000000000e+02 0.000000000000000000e+00 0.000000000000000000e+00 1.000000000000000000e+00
0.000000000000000000e+00 3.400000000000000000e+01 1.000000000000000000e+00 6.519999999999999574e+00 -5.338011724674780398e-03 -inf 0.000000000000000000e+00 0.000000000000000000e+00 1.820000000000000000e+02 0.000000000000000000e+00 0.000000000000000000e+00 1.000000000000000000e+00
0.000000000000000000e+00 3.400000000000000000e+01 1.000000000000000000e+00 6.530000000000000249e+00 -5.337411346511166353e-03 -inf 0.000000000000000000e+00 0.000000000000000000e+00 1.820000000000000000e+02 0.000000000000000000e+00 0.000000000000000000e+00 1.000000000000000000e+00
0.000000000000000000e+00 3.400000000000000000e+01 1.000000000000000000e+00 6.540000000000000036e+00 -5.338097650438510325e-03 -inf 0.000000000000000000e+00 0.000000000000000000e+00 1.820000000000000000e+02 0.000000000000000000e+00 0.000000000000000000e+00 1.000000000000000000e+00
0.000000000000000000e+00 3.400000000000000000e+01 1.000000000000000000e+00 6.549999999999999822e+00 -5.340132921789810319e-03 -inf 0.000000000000000000e+00 0.000000000000000000e+00 1.820000000000000000e+02 0.000000000000000000e+00 0.000000000000000000e+00 1.000000000000000000e+00
0.000000000000000000e+00 3.400000000000000000e+01 1.000000000000000000e+00 6.559999999999999609e+00 -5.343636905009894848e-03 -inf 0.000000000000000000e+00 0.000000000000000000e+00 1.820000000000000000e+02 0.000000000000000000e+00 0.000000000000000000e+00 1.000000000000000000e+00
0.000000000000000000e+00 3.400000000000000000e+01 1.000000000000000000e+00 6.570000000000000284e+00 -5.348794080492183696e-03 -inf 0.000000000000000000e+00 0.000000000000000000e+00 1.820000000000000000e+02 0.000000000000000000e+00 0.000000000000000000e+00 1.000000000000000000e+00
0.000000000000000000e+00 3.400000000000000000e+01 1.000000000000000000e+00 6.580000000000000071e+00 -5.355863423083755299e-03 -inf 0.000000000000000000e+00 0.000000000000000000e+00 1.820000000000000000e+02 0.000000000000000000e+00 0.000000000000000000e+00 1.000000000000000000e+00
0.000000000000000000e+00 3.400000000000000000e+01 1.000000000000000000e+00 6.589999999999999858e+00 -5.365191161889098538e-03 -inf 0.000000000000000000e+00 0.000000000000000000e+00 1.820000000000000000e+02 0.000000000000000000e+00 0.000000000000000000e+00 1.000000000000000000e+00
0.000000000000000000e+00 3.400000000000000000e+01 1.000000000000000000e+00 6.599999999999999645e+00 -5.377227150821685051e-03 -inf 0.000000000000000000e+00 0.000000000000000000e+00 1.820000000000000000e+02 0.000000000000000000e+00 0.000000000000000000e+00 1.000000000000000000e+00
0.000000000000000000e+00 3.400000000000000000e+01 1.000000000000000000e+00 6.610000000000000320e+00 -5.392545576741747566e-03 -inf 0.000000000000000000e+00 0.000000000000000000e+00 1.820000000000000000e+02 0.000000000000000000e+00 0.000000000000000000e+00 1.000000000000000000e+00
0.000000000000000000e+00 3.400000000000000000e+01 1.000000000000000000e+00 6.620000000000000107e+00 -5.411870877743552369e-03 -inf 0.000000000000000000e+00 0.000000000000000000e+00 1.820000000000000000e+02 0.000000000000000000e+00 0.000000000000000000e+00 1.000000000000000000e+00
0.000000000000000000e+00 3.400000000000000000e+01 1.000000000000000000e+00 6.629999999999999893e+00 -5.436109919736374467e-03 -inf 0.000000000000000000e+00 0.000000000000000000e+00 1.820000000000000000e+02 0.000000000000000000e+00 0.000000000000000000e+00 1.000000000000000000e+00
0.000000000000000000e+00 3.400000000000000000e+01 1.000000000000000000e+00 6.639999999999999680e+00 -5.466391686795881583e-03 -inf 0.000000000000000000e+00 0.000000000000000000e+00 1.820000000000000000e+02 0.000000000000000000e+00 0.000000000000000000e+00 1.000000000000000000e+00
0.000000000000000000e+00 3.400000000000000000e+01 1.000000000000000000e+00 6.650000000000000355e+00 -5.504115981667025842e-03 -inf 0.000000000000000000e+00 0.000000000000000000e+00 1.820000000000000000e+02 0.000000000000000000e+00 0.000000000000000000e+00 1.000000000000000000e+00
0.000000000000000000e+00 3.400000000000000000e+01 1.000000000000000000e+00 6.660000000000000142e+00 -5.551012908436956869e-03 -inf 0.000000000000000000e+00 0.000000000000000000e+00 1.820000000000000000e+02 0.000000000000000000e+00 0.000000000000000000e+00 1.000000000000000000e+00
0.000000000000000000e+00 3.400000000000000000e+01 1.000000000000000000e+00 6.669999999999999929e+00 -5.609215219466474368e-03 -inf 0.000000000000000000e+00 0.000000000000000000e+00 1.820000000000000000e+02 0.000000000000000000e+00 0.000000000000000000e+00 1.000000000000000000e+00
0.000000000000000000e+00 3.400000000000000000e+01 1.000000000000000000e+00 6.679999999999999716e+00 -5.681345950285323493e-03 -inf 0.000000000000000000e+00 0.000000000000000000e+00 1.820000000000000000e+02 0.000000000000000000e+00 0.000000000000000000e+00 1.000000000000000000e+00
0.000000000000000000e+00 3.400000000000000000e+01 1.000000000000000000e+00 6.689999999999999503e+00 -5.770624132256797767e-03 -inf 0.000000000000000000e+00 0.000000000000000000e+00 1.820000000000000000e+02 0.000000000000000000e+00 0.000000000000000000e+00 1.000000000000000000e+00
0.000000000000000000e+00 3.400000000000000000e+01 1.000000000000000000e+00 6.700000000000000178e+00 -5.880991749911457060e-03 -inf 0.000000000000000000e+00 0.000000000000000000e+00 1.820000000000000000e+02 0.000000000000000000e+00 0.000000000000000000e+00 1.000000000000000000e+00
0.000000000000000000e+00 3.400000000000000000e+01 1.000000000000000000e+00 6.709999999999999964e+00 -6.017265474855703310e-03 -inf 0.000000000000000000e+00 0.000000000000000000e+00 1.820000000000000000e+02 0.000000000000000000e+00 0.000000000000000000e+00 1.000000000000000000e+00
0.000000000000000000e+00 3.400000000000000000e+01 1.000000000000000000e+00 6.719999999999999751e+00 -6.185317023967200692e-03 -inf 0.000000000000000000e+00 0.000000000000000000e+00 1.820000000000000000e+02 0.000000000000000000e+00 0.000000000000000000e+00 1.000000000000000000e+00
0.000000000000000000e+00 3.400000000000000000e+01 1.000000000000000000e+00 6.729999999999999538e+00 -6.392286198874563147e-03 -inf 0.000000000000000000e+00 0.000000000000000000e+00 1.820000000000000000e+02 0.000000000000000000e+00 0.000000000000000000e+00 1.000000000000000000e+00
0.000000000000000000e+00 3.400000000000000000e+01 1.000000000000000000e+00 6.740000000000000213e+00 -6.646830680383615172e-03 -inf 0.000000000000000000e+00 0.000000000000000000e+00 1.820000000000000000e+02 0.000000000000000000e+00 0.000000000000000000e+00 1.000000000000000000e+00
0.000000000000000000e+00 3.400000000000000000e+01 1.000000000000000000e+00 6.750000000000000000e+00 -6.959416348851972002e-03 -inf 0.000000000000000000e+00 0.000000000000000000e+00 1.820000000000000000e+02 0.000000000000000000e+00 0.000000000000000000e+00 1.000000000000000000e+00
0.000000000000000000e+00 3.400000000000000000e+01 1.000000000000000000e+00 6.759999999999999787e+00 -7.342651095962611507e-03 -inf 0.000000000000000000e+00 0.000000000000000000e+00 1.820000000000000000e+02 0.000000000000000000e+00 0.000000000000000000e+00 1.000000000000000000e+00
0.000000000000000000e+00 3.400000000000000000e+01 1.000000000000000000e+00 6.769999999999999574e+00 -7.811663522218607707e-03 -inf 0.000000000000000000e+00 0.000000000000000000e+00 1.820000000000000000e+02 0.000000000000000000e+00 0.000000000000000000e+00 1.000000000000000000e+00
0.000000000000000000e+00 3.400000000000000000e+01 1.000000000000000000e+00 6.780000000000000249e+00 -8.384525205577492840e-03 -inf 0.000000000000000000e+00 0.000000000000000000e+00 1.820000000000000000e+02 0.000000000000000000e+00 0.000000000000000000e+00 1.000000000000000000e+00
0.000000000000000000e+00 3.400000000000000000e+01 1.000000000000000000e+00 6.790000000000000036e+00 -9.082710856893340054e-03 -inf 0.000000000000000000e+00 0.000000000000000000e+00 1.820000000000000000e+02 0.000000000000000000e+00 0.000000000000000000e+00 1.000000000000000000e+00
0.000000000000000000e+00 3.400000000000000000e+01 1.000000000000000000e+00 6.799999999999999822e+00 -9.931583917135802103e-03 -inf 0.000000000000000000e+00 0.000000000000000000e+00 1.820000000000000000e+02 0.000000000000000000e+00 0.000000000000000000e+00 1.000000000000000000e+00
0.000000000000000000e+00 3.400000000000000000e+01 1.000000000000000000e+00 6.809999999999999609e+00 -1.096088498651548102e-02 -inf 0.000000000000000000e+00 0.000000000000000000e+00 1.820000000000000000e+02 0.000000000000000000e+00 0.000000000000000000e+00 1.000000000000000000e+00
0.000000000000000000e+00 3.400000000000000000e+01 1.000000000000000000e+00 6.820000000000000284e+00 -1.220518550757228315e-02 -inf 0.000000000000000000e+00 0.000000000000000000e+00 1.820000000000000000e+02 0.000000000000000000e+00 0.000000000000000000e+00 1.000000000000000000e+00
0.000000000000000000e+00 3.400000000000000000e+01 1.000000000000000000e+00 6.830000000000000071e+00 -1.370424742929222429e-02 -inf 0.000000000000000000e+00 0.000000000000000000e+00 1.820000000000000000e+02 0.000000000000000000e+00 0.000000000000000000e+00 1.000000000000000000e+00
0.000000000000000000e+00 3.400000000000000000e+01 1.000000000000000000e+00 6.839999999999999858e+00 -1.550319852233831251e-02 -inf 0.000000000000000000e+00 0.000000000000000000e+00 1.820000000000000000e+02 0.000000000000000000e+00 0.000000000000000000e+00 1.000000000000000000e+00
0.000000000000000000e+00 3.400000000000000000e+01 1.000000000000000000e+00 6.849999999999999645e+00 -1.765238899889147103e-02 -inf 0.000000000000000000e+00 0.000000000000000000e+00 1.820000000000000000e+02 0.000000000000000000e+00 0.000000000000000000e+00 1.000000000000000000e+00
0.000000000000000000e+00 3.400000000000000000e+01 1.000000000000000000e+00 6.860000000000000320e+00 -2.020673321697605621e-02 -inf 0.000000000000000000e+00 0.000000000000000000e+00 1.820000000000000000e+02 0.000000000000000000e+00 0.000000000000000000e+00 1.000000000000000000e+00
0.000000000000000000e+00 3.400000000000000000e+01 1.000000000000000000e+00 6.870000000000000107e+00 -2.322425386902719421e-02 -inf 0.000000000000000000e+00 0.000000000000000000e+00 1.820000000000000000e+02 0.000000000000000000e+00 0.000000000000000000e+00 1.000000000000000000e+00
0.000000000000000000e+00 3.400000000000000000e+01 1.000000000000000000e+00 6.879999999999999893e+00 -2.676342616062805241e-02 -inf 0.000000000000000000e+00 0.000000000000000000e+00 1.820000000000000000e+02 0.000000000000000000e+00 0.000000000000000000e+00 1.000000000000000000e+00
0.000000000000000000e+00 3.400000000000000000e+01 1.000000000000000000e+00 6.889999999999999680e+00 -3.087875390247544691e-02 -inf 0.000000000000000000e+00 0.000000000000000000e+00 1.820000000000000000e+02 0.000000000000000000e+00 0.000000000000000000e+00 1.000000000000000000e+00
0.000000000000000000e+00 3.400000000000000000e+01 1.000000000000000000e+00 6.900000000000000355e+00 -3.561378174023469706e-02 -inf 0.000000000000000000e+00 0.000000000000000000e+00 1.820000000000000000e+02 0.000000000000000000e+00 0.000000000000000000e+00 1.000000000000000000e+00
0.000000000000000000e+00 3.400000000000000000e+01 1.000000000000000000e+00 6.910000000000000142e+00 -4.099043580925601504e-02 -inf 0.000000000000000000e+00 0.000000000000000000e+00 1.820000000000000000e+02 0.000000000000000000e+00 0.000000000000000000e+00 1.000000000000000000e+00
0.000000000000000000e+00 3.400000000000000000e+01 1.000000000000000000e+00 6.919999999999999929e+00 -4.699315917389483566e-02 -inf 0.000000000000000000e+00 0.000000000000000000e+00 1.820000000000000000e+02 0.000000000000000000e+00 0.000000000000000000e+00 1.000000000000000000e+00
0.000000000000000000e+00 3.400000000000000000e+01 1.000000000000000000e+00 6.929999999999999716e+00 -5.354572854608028593e-02 -inf 0.000000000000000000e+00 0.000000000000000000e+00 1.820000000000000000e+02 0.000000000000000000e+00 0.000000000000000000e+00 1.000000000000000000e+00
0.000000000000000000e+00 3.400000000000000000e+01 1.000000000000000000e+00 6.939999999999999503e+00 -6.047785140313412244e-02 -inf 0.000000000000000000e+00 0.000000000000000000e+00 1.820000000000000000e+02 0.000000000000000000e+00 0.000000000000000000e+00 1.000000000000000000e+00
0.000000000000000000e+00 3.400000000000000000e+01 1.000000000000000000e+00 6.950000000000000178e+00 -6.747757598650816480e-02 -inf 0.000000000000000000e+00 0.000000000000000000e+00 1.820000000000000000e+02 0.000000000000000000e+00 0.000000000000000000e+00 1.000000000000000000e+00
0.000000000000000000e+00 3.400000000000000000e+01 1.000000000000000000e+00 6.959999999999999964e+00 -7.402410476011681006e-02 -inf 0.000000000000000000e+00 0.000000000000000000e+00 1.820000000000000000e+02 0.000000000000000000e+00 0.000000000000000000e+00 1.000000000000000000e+00
0.000000000000000000e+00 3.400000000000000000e+01 1.000000000000000000e+00 6.969999999999999751e+00 -7.929365642999119945e-02 -inf 0.000000000000000000e+00 0.000000000000000000e+00 1.820000000000000000e+02 0.000000000000000000e+00 0.000000000000000000e+00 1.000000000000000000e+00
0.000000000000000000e+00 3.400000000000000000e+01 1.000000000000000000e+00 6.979999999999999538e+00 -8.202840124807417310e-02 -inf 0.000000000000000000e+00 0.000000000000000000e+00 1.820000000000000000e+02 0.000000000000000000e+00 0.000000000000000000e+00 1.000000000000000000e+00
0.000000000000000000e+00 3.400000000000000000e+01 1.000000000000000000e+00 6.990000000000000213e+00 -8.035497047361009337e-02 -inf 0.000000000000000000e+00 0.000000000000000000e+00 1.820000000000000000e+02 0.000000000000000000e+00 0.000000000000000000e+00 1.000000000000000000e+00
0.000000000000000000e+00 3.400000000000000000e+01 1.000000000000000000e+00 7.000000000000000000e+00 -7.620840516501278805e-02 -inf 0.000000000000000000e+00 0.000000000000000000e+00 1.820000000000000000e+02 0.000000000000000000e+00 0.000000000000000000e+00 1.000000000000000000e+00
0.000000000000000000e+00 3.400000000000000000e+01 1.000000000000000000e+00 7.009999999999999787e+00 -7.091190362453747564e-02 -inf 0.000000000000000000e+00 0.000000000000000000e+00 1.820000000000000000e+02 0.000000000000000000e+00 0.000000000000000000e+00 1.000000000000000000e+00
0.000000000000000000e+00 3.400000000000000000e+01 1.000000000000000000e+00 7.019999999999999574e+00 -6.536223733343070330e-02 -inf 0.000000000000000000e+00 0.000000000000000000e+00 1.820000000000000000e+02 0.000000000000000000e+00 0.000000000000000000e+00 1.000000000000000000e+00
0.000000000000000000e+00 3.400000000000000000e+01 1.000000000000000000e+00 7.030000000000000249e+00 -6.016521407415737627e-02 -inf 0.000000000000000000e+00 0.000000000000000000e+00 1.820000000000000000e+02 0.000000000000000000e+00 0.000000000000000000e+00 1.000000000000000000e+00
0.000000000000000000e+00 3.400000000000000000e+01 1.000000000000000000e+00 7.040000000000000036e+00 -5.573496163079997429e-02 -inf 0.000000000000000000e+00 0.000000000000000000e+00 1.820000000000000000e+02 0.000000000000000000e+00 0.000000000000000000e+00 1.000000000000000000e+00
0.000000000000000000e+00 3.400000000000000000e+01 1.000000000000000000e+00 7.049999999999999822e+00 -5.236732970894197869e-02 -inf 0.000000000000000000e+00 0.000000000000000000e+00 1.820000000000000000e+02 0.000000000000000000e+00 0.000000000000000000e+00 1.000000000000000000e+00
0.000000000000000000e+00 3.400000000000000000e+01 1.000000000000000000e+00 7.059999999999999609e+00 -5.029515634145518416e-02 -inf 0.000000000000000000e+00 0.000000000000000000e+00 1.820000000000000000e+02 0.000000000000000000e+00 0.000000000000000000e+00 1.000000000000000000e+00
0.000000000000000000e+00 3.400000000000000000e+01 1.000000000000000000e+00 7.070000000000000284e+00 -4.973129407823959763e-02 -inf 0.000000000000000000e+00 0.000000000000000000e+00 1.820000000000000000e+02 0.000000000000000000e+00 0.000000000000000000e+00 1.000000000000000000e+00
0.000000000000000000e+00 3.400000000000000000e+01 1.000000000000000000e+00 7.080000000000000071e+00 -5.090397568424285396e-02 -inf 0.000000000000000000e+00 0.000000000000000000e+00 1.820000000000000000e+02 0.000000000000000000e+00 0.000000000000000000e+00 1.000000000000000000e+00
0.000000000000000000e+00 3.400000000000000000e+01 1.000000000000000000e+00 7.089999999999999858e+00 -5.408819904826583230e-02 -inf 0.000000000000000000e+00 0.000000000000000000e+00 1.820000000000000000e+02 0.000000000000000000e+00 0.000000000000000000e+00 1.000000000000000000e+00
0.000000000000000000e+00 3.400000000000000000e+01 1.000000000000000000e+00 7.099999999999999645e+00 -5.963624173498561359e-02 -inf 0.000000000000000000e+00 0.000000000000000000e+00 1.820000000000000000e+02 0.000000000000000000e+00 0.000000000000000000e+00 1.000000000000000000e+00
0.000000000000000000e+00 3.400000000000000000e+01 1.000000000000000000e+00 7.110000000000000320e+00 -6.801012004952389223e-02 -inf 0.000000000000000000e+00 0.000000000000000000e+00 1.820000000000000000e+02 0.000000000000000000e+00 0.000000000000000000e+00 1.000000000000000000e+00
0.000000000000000000e+00 3.400000000000000000e+01 1.000000000000000000e+00 7.120000000000000107e+00 -7.981875129371199251e-02 -inf 0.000000000000000000e+00 0.000000000000000000e+00 1.820000000000000000e+02 0.000000000000000000e+00 0.000000000000000000e+00 1.000000000000000000e+00
0.000000000000000000e+00 3.400000000000000000e+01 1.000000000000000000e+00 7.129999999999999893e+00 -9.586274623080257018e-02 -inf 0.000000000000000000e+00 0.000000000000000000e+00 1.820000000000000000e+02 0.000000000000000000e+00 0.000000000000000000e+00 1.000000000000000000e+00
0.000000000000000000e+00 3.400000000000000000e+01 1.000000000000000000e+00 7.139999999999999680e+00 -1.171901546091891066e-01 -inf 0.000000000000000000e+00 0.000000000000000000e+00 1.820000000000000000e+02 0.000000000000000000e+00 0.000000000000000000e+00 1.000000000000000000e+00
0.000000000000000000e+00 3.400000000000000000e+01 1.000000000000000000e+00 7.150000000000000355e+00 -1.451671304234249948e-01 -inf 0.000000000000000000e+00 0.000000000000000000e+00 1.820000000000000000e+02 0.000000000000000000e+00 0.000000000000000000e+00 1.000000000000000000e+00
0.000000000000000000e+00 3.400000000000000000e+01 1.000000000000000000e+00 7.160000000000000142e+00 -1.815684144980802550e-01 -inf 0.000000000000000000e+00 0.000000000000000000e+00 1.820000000000000000e+02 0.000000000000000000e+00 0.000000000000000000e+00 1.000000000000000000e+00
0.000000000000000000e+00 3.400000000000000000e+01 1.000000000000000000e+00 7.169999999999999929e+00 -2.286938100962826459e-01 -inf 0.000000000000000000e+00 0.000000000000000000e+00 1.820000000000000000e+02 0.000000000000000000e+00 0.000000000000000000e+00 1.000000000000000000e+00
0.000000000000000000e+00 3.400000000000000000e+01 1.000000000000000000e+00 7.179999999999999716e+00 -2.895185377668307858e-01 -inf 0.000000000000000000e+00 0.000000000000000000e+00 1.820000000000000000e+02 0.000000000000000000e+00 0.000000000000000000e+00 1.000000000000000000e+00
0.000000000000000000e+00 3.400000000000000000e+01 1.000000000000000000e+00 7.189999999999999503e+00 -3.678876146414241655e-01 -inf 0.000000000000000000e+00 0.000000000000000000e+00 1.820000000000000000e+02 0.000000000000000000e+00 0.000000000000000000e+00 1.000000000000000000e+00
0.000000000000000000e+00 3.400000000000000000e+01 1.000000000000000000e+00 7.200000000000000178e+00 -4.687673659600666287e-01 -inf 0.000000000000000000e+00 0.000000000000000000e+00 1.820000000000000000e+02 0.000000000000000000e+00 0.000000000000000000e+00 1.000000000000000000e+00
0.000000000000000000e+00 3.400000000000000000e+01 1.000000000000000000e+00 7.209999999999999964e+00 -5.985710477248615824e-01 -inf 0.000000000000000000e+00 1.000000000000000000e+00 1.820000000000000000e+02 0.000000000000000000e+00 0.000000000000000000e+00 1.000000000000000000e+00
0.000000000000000000e+00 3.400000000000000000e+01 1.000000000000000000e+00 7.219999999999999751e+00 -4.680762067461044507e-01 -inf 0.000000000000000000e+00 0.000000000000000000e+00 1.820000000000000000e+02 0.000000000000000000e+00 0.000000000000000000e+00 1.000000000000000000e+00
0.000000000000000000e+00 3.400000000000000000e+01 1.000000000000000000e+00 7.229999999999999538e+00 -3.664778143717263292e-01 -inf 0.000000000000000000e+00 0.000000000000000000e+00 1.820000000000000000e+02 0.000000000000000000e+00 0.000000000000000000e+00 1.000000000000000000e+00
0.000000000000000000e+00 3.400000000000000000e+01 1.000000000000000000e+00 7.240000000000000213e+00 -2.873343459541752853e-01 -inf 0.000000000000000000e+00 0.000000000000000000e+00 1.820000000000000000e+02 0.000000000000000000e+00 0.000000000000000000e+00 1.000000000000000000e+00
0.000000000000000000e+00 3.400000000000000000e+01 1.000000000000000000e+00 7.250000000000000000e+00 -2.256496418052797159e-01 -inf 0.000000000000000000e+00 0.000000000000000000e+00 1.820000000000000000e+02 0.000000000000000000e+00 0.000000000000000000e+00 1.000000000000000000e+00
0.000000000000000000e+00 3.400000000000000000e+01 1.000000000000000000e+00 7.259999999999999787e+00 -1.775465252515872061e-01 -inf 0.000000000000000000e+00 0.000000000000000000e+00 1.820000000000000000e+02 0.000000000000000000e+00 0.000000000000000000e+00 1.000000000000000000e+00
0.000000000000000000e+00 3.400000000000000000e+01 1.000000000000000000e+00 7.269999999999999574e+00 -1.400145721206109695e-01 -inf 0.000000000000000000e+00 0.000000000000000000e+00 1.820000000000000000e+02 0.000000000000000000e+00 0.000000000000000000e+00 1.000000000000000000e+00
0.000000000000000000e+00 3.400000000000000000e+01 1.000000000000000000e+00 7.280000000000000249e+00 -1.107150876675390416e-01 -inf 0.000000000000000000e+00 0.000000000000000000e+00 1.820000000000000000e+02 0.000000000000000000e+00 0.000000000000000000e+00 1.000000000000000000e+00
0.000000000000000000e+00 3.400000000000000000e+01 1.000000000000000000e+00 7.290000000000000036e+00 -8.783023968445111129e-02 -inf 0.000000000000000000e+00 0.000000000000000000e+00 1.820000000000000000e+02 0.000000000000000000e+00 0.000000000000000000e+00 1.000000000000000000e+00
0.000000000000000000e+00 3.400000000000000000e+01 1.000000000000000000e+00 7.299999999999999822e+00 -6.994629047054606863e-02 -inf 0.000000000000000000e+00 0.000000000000000000e+00 1.820000000000000000e+02 0.000000000000000000e+00 0.000000000000000000e+00 1.000000000000000000e+00
0.000000000000000000e+00 3.400000000000000000e+01 1.000000000000000000e+00 7.309999999999999609e+00 -5.596317395805531364e-02 -inf 0.000000000000000000e+00 0.000000000000000000e+00 1.820000000000000000e+02 0.000000000000000000e+00 0.000000000000000000e+00 1.000000000000000000e+00
0.000000000000000000e+00 3.400000000000000000e+01 1.000000000000000000e+00 7.320000000000000284e+00 -4.502443750290575225e-02 -inf 0.000000000000000000e+00 0.000000000000000000e+00 1.820000000000000000e+02 0.000000000000000000e+00 0.000000000000000000e+00 1.000000000000000000e+00
0.000000000000000000e+00 3.400000000000000000e+01 1.000000000000000000e+00 7.330000000000000071e+00 -3.646293337524321443e-02 -inf 0.000000000000000000e+00 0.000000000000000000e+00 1.820000000000000000e+02 0.000000000000000000e+00 0.000000000000000000e+00 1.000000000000000000e+00
0.000000000000000000e+00 3.400000000000000000e+01 1.000000000000000000e+00 7.339999999999999858e+00 -2.975869702023798552e-02 -inf 0.000000000000000000e+00 0.000000000000000000e+00 1.820000000000000000e+02 0.000000000000000000e+00 0.000000000000000000e+00 1.000000000000000000e+00
0.000000000000000000e+00 3.400000000000000000e+01 1.000000000000000000e+00 7.349999999999999645e+00 -2.450626003884390572e-02 -inf 0.000000000000000000e+00 0.000000000000000000e+00 1.820000000000000000e+02 0.000000000000000000e+00 0.000000000000000000e+00 1.000000000000000000e+00
0.000000000000000000e+00 3.400000000000000000e+01 1.000000000000000000e+00 7.360000000000000320e+00 -2.038927112824798216e-02 -inf 0.000000000000000000e+00 0.000000000000000000e+00 1.820000000000000000e+02 0.000000000000000000e+00 0.000000000000000000e+00 1.000000000000000000e+00
0.000000000000000000e+00 3.400000000000000000e+01 1.000000000000000000e+00 7.370000000000000107e+00 -1.716078062511865177e-02 -inf 0.000000000000000000e+00 0.000000000000000000e+00 1.820000000000000000e+02 0.000000000000000000e+00 0.000000000000000000e+00 1.000000000000000000e+00
0.000000000000000000e+00 3.400000000000000000e+01 1.000000000000000000e+00 7.379999999999999893e+00 -1.462791664077885828e-02 -inf 0.000000000000000000e+00 0.000000000000000000e+00 1.820000000000000000e+02 0.000000000000000000e+00 0.000000000000000000e+00 1.000000000000000000e+00
0.000000000000000000e+00 3.400000000000000000e+01 1.000000000000000000e+00 7.389999999999999680e+00 -1.263996831531703779e-02 -inf 0.000000000000000000e+00 0.000000000000000000e+00 1.820000000000000000e+02 0.000000000000000000e+00 0.000000000000000000e+00 1.000000000000000000e+00
0.000000000000000000e+00 3.400000000000000000e+01 1.000000000000000000e+00 7.400000000000000355e+00 -1.107911387484374240e-02 -inf 0.000000000000000000e+00 0.000000000000000000e+00 1.820000000000000000e+02 0.000000000000000000e+00 0.000000000000000000e+00 1.000000000000000000e+00
0.000000000000000000e+00 3.400000000000000000e+01 1.000000000000000000e+00 7.410000000000000142e+00 -9.853202907055413559e-03 -inf 0.000000000000000000e+00 0.000000000000000000e+00 1.820000000000000000e+02 0.000000000000000000e+00 0.000000000000000000e+00 1.000000000000000000e+00
0.000000000000000000e+00 3.400000000000000000e+01 1.000000000000000000e+00 7.419999999999999929e+00 -8.890135091452772836e-03 -inf 0.000000000000000000e+00 0.000000000000000000e+00 1.820000000000000000e+02 0.000000000000000000e+00 0.000000000000000000e+00 1.000000000000000000e+00
0.000000000000000000e+00 3.400000000000000000e+01 1.000000000000000000e+00 7.429999999999999716e+00 -8.133480404984745615e-03 -inf 0.000000000000000000e+00 0.000000000000000000e+00 1.820000000000000000e+02 0.000000000000000000e+00 0.000000000000000000e+00 1.000000000000000000e+00
0.000000000000000000e+00 3.400000000000000000e+01 1.000000000000000000e+00 7.439999999999999503e+00 -7.539065411222744401e-03 -inf 0.000000000000000000e+00 0.000000000000000000e+00 1.820000000000000000e+02 0.000000000000000000e+00 0.000000000000000000e+00 1.000000000000000000e+00
0.000000000000000000e+00 3.400000000000000000e+01 1.000000000000000000e+00 7.450000000000000178e+00 -7.072311906493078046e-03 -inf 0.000000000000000000e+00 0.000000000000000000e+00 1.820000000000000000e+02 0.000000000000000000e+00 0.000000000000000000e+00 1.000000000000000000e+00
0.000000000000000000e+00 3.400000000000000000e+01 1.000000000000000000e+00 7.459999999999999964e+00 -6.706162010461877779e-03 -inf 0.000000000000000000e+00 0.000000000000000000e+00 1.820000000000000000e+02 0.000000000000000000e+00 0.000000000000000000e+00 1.000000000000000000e+00
0.000000000000000000e+00 3.400000000000000000e+01 1.000000000000000000e+00 7.469999999999999751e+00 -6.419460894949325681e-03 -inf 0.000000000000000000e+00 0.000000000000000000e+00 1.820000000000000000e+02 0.000000000000000000e+00 0.000000000000000000e+00 1.000000000000000000e+00
0.000000000000000000e+00 3.400000000000000000e+01 1.000000000000000000e+00 7.479999999999999538e+00 -6.195697172599756546e-03 -inf 0.000000000000000000e+00 0.000000000000000000e+00 1.820000000000000000e+02 0.000000000000000000e+00 0.000000000000000000e+00 1.000000000000000000e+00
0.000000000000000000e+00 3.400000000000000000e+01 1.000000000000000000e+00 7.490000000000000213e+00 -6.022023395811291341e-03 -inf 0.000000000000000000e+00 0.000000000000000000e+00 1.820000000000000000e+02 0.000000000000000000e+00 0.000000000000000000e+00 1.000000000000000000e+00
0.000000000000000000e+00 3.400000000000000000e+01 1.000000000000000000e+00 7.500000000000000000e+00 -5.888496601890278945e-03 -inf 0.000000000000000000e+00 0.000000000000000000e+00 1.820000000000000000e+02 0.000000000000000000e+00 0.000000000000000000e+00 1.000000000000000000e+00
0.000000000000000000e+00 3.400000000000000000e+01 1.000000000000000000e+00 7.509999999999999787e+00 -5.787492512698548530e-03 -inf 0.000000000000000000e+00 0.000000000000000000e+00 1.820000000000000000e+02 0.000000000000000000e+00 0.000000000000000000e+00 1.000000000000000000e+00
0.000000000000000000e+00 3.400000000000000000e+01 1.000000000000000000e+00 7.519999999999999574e+00 -5.713257735609763438e-03 -inf 0.000000000000000000e+00 0.000000000000000000e+00 1.820000000000000000e+02 0.000000000000000000e+00 0.000000000000000000e+00 1.000000000000000000e+00
0.000000000000000000e+00 3.400000000000000000e+01 1.000000000000000000e+00 7.530000000000000249e+00 -5.661572804915943058e-03 -inf 0.000000000000000000e+00 0.000000000000000000e+00 1.820000000000000000e+02 0.000000000000000000e+00 0.000000000000000000e+00 1.000000000000000000e+00
0.000000000000000000e+00 3.400000000000000000e+01 1.000000000000000000e+00 7.540000000000000036e+00 -5.629505689999858391e-03 -inf 0.000000000000000000e+00 0.000000000000000000e+00 1.820000000000000000e+02 0.000000000000000000e+00 0.000000000000000000e+00 1.000000000000000000e+00
0.000000000000000000e+00 3.400000000000000000e+01 1.000000000000000000e+00 7.549999999999999822e+00 -5.615240908885502091e-03 -inf 0.000000000000000000e+00 0.000000000000000000e+00 1.820000000000000000e+02 0.000000000000000000e+00 0.000000000000000000e+00 1.000000000000000000e+00
0.000000000000000000e+00 3.400000000000000000e+01 1.000000000000000000e+00 7.559999999999999609e+00 -5.617973970889803513e-03 -inf 0.000000000000000000e+00 0.000000000000000000e+00 1.820000000000000000e+02 0.000000000000000000e+00 0.000000000000000000e+00 1.000000000000000000e+00
0.000000000000000000e+00 3.400000000000000000e+01 1.000000000000000000e+00 7.570000000000000284e+00 -5.637864817832668150e-03 -inf 0.000000000000000000e+00 0.000000000000000000e+00 1.820000000000000000e+02 0.000000000000000000e+00 0.000000000000000000e+00 1.000000000000000000e+00
0.000000000000000000e+00 3.400000000000000000e+01 1.000000000000000000e+00 7.580000000000000071e+00 -5.676047486242774380e-03 -inf 0.000000000000000000e+00 0.000000000000000000e+00 1.820000000000000000e+02 0.000000000000000000e+00 0.000000000000000000e+00 1.000000000000000000e+00
0.000000000000000000e+00 3.400000000000000000e+01 1.000000000000000000e+00 7.589999999999999858e+00 -5.734696594619525557e-03 -inf 0.000000000000000000e+00 0.000000000000000000e+00 1.820000000000000000e+02 0.000000000000000000e+00 0.000000000000000000e+00 1.000000000000000000e+00
0.000000000000000000e+00 3.400000000000000000e+01 1.000000000000000000e+00 7.599999999999999645e+00 -5.817154680527503001e-03 -inf 0.000000000000000000e+00 0.000000000000000000e+00 1.820000000000000000e+02 0.000000000000000000e+00 0.000000000000000000e+00 1.000000000000000000e+00
0.000000000000000000e+00 3.400000000000000000e+01 1.000000000000000000e+00 7.610000000000000320e+00 -5.928128085173320176e-03 -inf 0.000000000000000000e+00 0.000000000000000000e+00 1.820000000000000000e+02 0.000000000000000000e+00 0.000000000000000000e+00 1.000000000000000000e+00
0.000000000000000000e+00 3.400000000000000000e+01 1.000000000000000000e+00 7.620000000000000107e+00 -6.073963237562912849e-03 -inf 0.000000000000000000e+00 0.000000000000000000e+00 1.820000000000000000e+02 0.000000000000000000e+00 0.000000000000000000e+00 1.000000000000000000e+00
0.000000000000000000e+00 3.400000000000000000e+01 1.000000000000000000e+00 7.629999999999999893e+00 -6.263020086964529547e-03 -inf 0.000000000000000000e+00 0.000000000000000000e+00 1.820000000000000000e+02 0.000000000000000000e+00 0.000000000000000000e+00 1.000000000000000000e+00
0.000000000000000000e+00 3.400000000000000000e+01 1.000000000000000000e+00 7.639999999999999680e+00 -6.506165379921597172e-03 -inf 0.000000000000000000e+00 0.000000000000000000e+00 1.820000000000000000e+02 0.000000000000000000e+00 0.000000000000000000e+00 1.000000000000000000e+00
0.000000000000000000e+00 3.400000000000000000e+01 1.000000000000000000e+00 7.650000000000000355e+00 -6.817415853432972142e-03 -inf 0.000000000000000000e+00 0.000000000000000000e+00 1.820000000000000000e+02 0.000000000000000000e+00 0.000000000000000000e+00 1.000000000000000000e+00
0.000000000000000000e+00 3.400000000000000000e+01 1.000000000000000000e+00 7.660000000000000142e+00 -7.214770689078832747e-03 -inf 0.000000000000000000e+00 0.000000000000000000e+00 1.820000000000000000e+02 0.000000000000000000e+00 0.000000000000000000e+00 1.000000000000000000e+00
0.000000000000000000e+00 3.400000000000000000e+01 1.000000000000000000e+00 7.669999999999999929e+00 -7.721284337691826025e-03 -inf 0.000000000000000000e+00 0.000000000000000000e+00 1.820000000000000000e+02 0.000000000000000000e+00 0.000000000000000000e+00 1.000000000000000000e+00
0.000000000000000000e+00 3.400000000000000000e+01 1.000000000000000000e+00 7.679999999999999716e+00 -8.366445837793902093e-03 -inf 0.000000000000000000e+00 0.000000000000000000e+00 1.820000000000000000e+02 0.000000000000000000e+00 0.000000000000000000e+00 1.000000000000000000e+00
0.000000000000000000e+00 3.400000000000000000e+01 1.000000000000000000e+00 7.689999999999999503e+00 -9.187949984207100310e-03 -inf 0.000000000000000000e+00 0.000000000000000000e+00 1.820000000000000000e+02 0.000000000000000000e+00 0.000000000000000000e+00 1.000000000000000000e+00
0.000000000000000000e+00 3.400000000000000000e+01 1.000000000000000000e+00 7.700000000000000178e+00 -1.023397040525131536e-02 -inf 0.000000000000000000e+00 0.000000000000000000e+00 1.820000000000000000e+02 0.000000000000000000e+00 0.000000000000000000e+00 1.000000000000000000e+00
0.000000000000000000e+00 3.400000000000000000e+01 1.000000000000000000e+00 7.709999999999999964e+00 -1.156607638929553136e-02 -inf 0.000000000000000000e+00 0.000000000000000000e+00 1.820000000000000000e+02 0.000000000000000000e+00 0.000000000000000000e+00 1.000000000000000000e+00
0.000000000000000000e+00 3.400000000000000000e+01 1.000000000000000000e+00 7.719999999999999751e+00 -1.326297624647865964e-02 -inf 0.000000000000000000e+00 0.000000000000000000e+00 1.820000000000000000e+02 0.000000000000000000e+00 0.000000000000000000e+00 1.000000000000000000e+00
0.000000000000000000e+00 3.400000000000000000e+01 1.000000000000000000e+00 7.729999999999999538e+00 -1.542532279310208400e-02 -inf 0.000000000000000000e+00 0.000000000000000000e+00 1.820000000000000000e+02 0.000000000000000000e+00 0.000000000000000000e+00 1.000000000000000000e+00
0.000000000000000000e+00 3.400000000000000000e+01 1.000000000000000000e+00 7.740000000000000213e+00 -1.818188469285472730e-02 -inf 0.000000000000000000e+00 0.000000000000000000e+00 1.820000000000000000e+02 0.000000000000000000e+00 0.000000000000000000e+00 1.000000000000000000e+00
0.000000000000000000e+00 3.400000000000000000e+01 1.000000000000000000e+00 7.750000000000000000e+00 -2.169747540096059538e-02 -inf 0.000000000000000000e+00 0.000000000000000000e+00 1.820000000000000000e+02 0.000000000000000000e+00 0.000000000000000000e+00 1.000000000000000000e+00
0.000000000000000000e+00 3.400000000000000000e+01 1.000000000000000000e+00 7.759999999999999787e+00 -2.618314519572759874e-02 -inf 0.000000000000000000e+00 0.000000000000000000e+00 1.820000000000000000e+02 0.000000000000000000e+00 0.000000000000000000e+00 1.000000000000000000e+00
0.000000000000000000e+00 3.400000000000000000e+01 1.000000000000000000e+00 7.769999999999999574e+00 -3.190928885085458910e-02 -inf 0.000000000000000000e+00 0.000000000000000000e+00 1.820000000000000000e+02 0.000000000000000000e+00 0.000000000000000000e+00 1.000000000000000000e+00
0.000000000000000000e+00 3.400000000000000000e+01 1.000000000000000000e+00 7.780000000000000249e+00 -3.922251177131297339e-02 -inf 0.000000000000000000e+00 0.000000000000000000e+00 1.820000000000000000e+02 0.000000000000000000e+00 0.000000000000000000e+00 1.000000000000000000e+00
0.000000000000000000e+00 3.400000000000000000e+01 1.000000000000000000e+00 7.790000000000000036e+00 -4.856734370317980498e-02 -inf 0.000000000000000000e+00 0.000000000000000000e+00 1.820000000000000000e+02 0.000000000000000000e+00 0.000000000000000000e+00 1.000000000000000000e+00
0.000000000000000000e+00 3.400000000000000000e+01 1.000000000000000000e+00 7.799999999999999822e+00 -6.051420808608607566e-02 -inf 0.000000000000000000e+00 0.000000000000000000e+00 1.820000000000000000e+02 0.000000000000000000e+00 0.000000000000000000e+00 1.000000000000000000e+00
0.000000000000000000e+00 3.400000000000000000e+01 1.000000000000000000e+00 7.809999999999999609e+00 -7.579546839054071561e-02 -inf 0.000000000000000000e+00 0.000000000000000000e+00 1.820000000000000000e+02 0.000000000000000000e+00 0.000000000000000000e+00 1.000000000000000000e+00
0.000000000000000000e+00 3.400000000000000000e+01 1.000000000000000000e+00 7.820000000000000284e+00 -9.535190851607480700e-02 -inf 0.000000000000000000e+00 0.000000000000000000e+00 1.820000000000000000e+02 0.000000000000000000e+00 0.000000000000000000e+00 1.000000000000000000e+00
0.000000000000000000e+00 3.400000000000000000e+01 1.000000000000000000e+00 7.830000000000000071e+00 -1.203926991318590156e-01 -inf 0.000000000000000000e+00 0.000000000000000000e+00 1.820000000000000000e+02 0.000000000000000000e+00 0.000000000000000000e+00 1.000000000000000000e+00
0.000000000000000000e+00 3.400000000000000000e+01 1.000000000000000000e+00 7.839999999999999858e+00 -1.524728033643737712e-01 -inf 0.000000000000000000e+00 0.000000000000000000e+00 1.820000000000000000e+02 0.000000000000000000e+00 0.000000000000000000e+00 1.000000000000000000e+00
0.000000000000000000e+00 3.400000000000000000e+01 1.000000000000000000e+00 7.849999999999999645e+00 -1.935929455040849012e-01 -inf 0.000000000000000000e+00 0.000000000000000000e+00 1.820000000000000000e+02 0.000000000000000000e+00 0.000000000000000000e+00 1.000000000000000000e+00
0.000000000000000000e+00 3.400000000000000000e+01 1.000000000000000000e+00 7.860000000000000320e+00 -2.463287861956465208e-01 -inf 0.000000000000000000e+00 0.000000000000000000e+00 1.820000000000000000e+02 0.000000000000000000e+00 0.000000000000000000e+00 1.000000000000000000e+00
0.000000000000000000e+00 3.400000000000000000e+01 1.000000000000000000e+00 7.870000000000000107e+00 -3.139979221364851414e-01 -inf 0.000000000000000000e+00 0.000000000000000000e+00 1.820000000000000000e+02 0.000000000000000000e+00 0.000000000000000000e+00 1.000000000000000000e+00
0.000000000000000000e+00 3.400000000000000000e+01 1.000000000000000000e+00 7.879999999999999893e+00 -4.008758947970598174e-01 -inf 0.000000000000000000e+00 0.000000000000000000e+00 1.820000000000000000e+02 0.000000000000000000e+00 0.000000000000000000e+00 1.000000000000000000e+00
0.000000000000000000e+00 3.400000000000000000e+01 1.000000000000000000e+00 7.889999999999999680e+00 -5.124757299122180143e-01 -inf 0.000000000000000000e+00 1.000000000000000000e+00 1.820000000000000000e+02 0.000000000000000000e+00 0.000000000000000000e+00 1.000000000000000000e+00
0.000000000000000000e+00 3.400000000000000000e+01 1.000000000000000000e+00 7.900000000000000355e+00 -4.008922387161141798e-01 -inf 0.000000000000000000e+00 0.000000000000000000e+00 1.820000000000000000e+02 0.000000000000000000e+00 0.000000000000000000e+00 1.000000000000000000e+00
0.000000000000000000e+00 3.400000000000000000e+01 1.000000000000000000e+00 7.910000000000000142e+00 -3.140315131557082085e-01 -inf 0.000000000000000000e+00 0.000000000000000000e+00 1.820000000000000000e+02 0.000000000000000000e+00 0.000000000000000000e+00 1.000000000000000000e+00
0.000000000000000000e+00 3.400000000000000000e+01 1.000000000000000000e+00 7.919999999999999929e+00 -2.463814816498215987e-01 -inf 0.000000000000000000e+00 0.000000000000000000e+00 1.820000000000000000e+02 0.000000000000000000e+00 0.000000000000000000e+00 1.000000000000000000e+00
0.000000000000000000e+00 3.400000000000000000e+01 1.000000000000000000e+00 7.929999999999999716e+00 -1.936676617792465471e-01 -inf 0.000000000000000000e+00 0.000000000000000000e+00 1.820000000000000000e+02 0.000000000000000000e+00 0.000000000000000000e+00 1.000000000000000000e+00
0.000000000000000000e+00 3.400000000000000000e+01 1.000000000000000000e+00 7.940000000000000391e+00 -1.525736808016716350e-01 -inf 0.000000000000000000e+00 0.000000000000000000e+00 1.820000000000000000e+02 0.000000000000000000e+00 0.000000000000000000e+00 1.000000000000000000e+00
0.000000000000000000e+00 3.400000000000000000e+01 1.000000000000000000e+00 7.950000000000000178e+00 -1.205253365112359532e-01 -inf 0.000000000000000000e+00 0.000000000000000000e+00 1.820000000000000000e+02 0.000000000000000000e+00 0.000000000000000000e+00 1.000000000000000000e+00
0.000000000000000000e+00 3.400000000000000000e+01 1.000000000000000000e+00 7.959999999999999964e+00 -9.552368075874539954e-02 -inf 0.000000000000000000e+00 0.000000000000000000e+00 1.820000000000000000e+02 0.000000000000000000e+00 0.000000000000000000e+00 1.000000000000000000e+00
0.000000000000000000e+00 3.400000000000000000e+01 1.000000000000000000e+00 7.969999999999999751e+00 -7.601594600303904214e-02 -inf 0.000000000000000000e+00 0.000000000000000000e+00 1.820000000000000000e+02 0.000000000000000000e+00 0.000000000000000000e+00 1.000000000000000000e+00
0.000000000000000000e+00 3.400000000000000000e+01 1.000000000000000000e+00 7.979999999999999538e+00 -6.079570286672613538e-02 -inf 0.000000000000000000e+00 0.000000000000000000e+00 1.820000000000000000e+02 0.000000000000000000e+00 0.000000000000000000e+00 1.000000000000000000e+00
0.000000000000000000e+00 3.400000000000000000e+01 1.000000000000000000e+00 7.990000000000000213e+00 -4.892561270945130353e-02 -inf 0.000000000000000000e+00 0.000000000000000000e+00 1.820000000000000000e+02 0.000000000000000000e+00 0.000000000000000000e+00 1.000000000000000000e+00
0.000000000000000000e+00 3.400000000000000000e+01 1.000000000000000000e+00 8.000000000000000000e+00 -3.967766096172669482e-02 -inf 0.000000000000000000e+00 0.000000000000000000e+00 1.820000000000000000e+02 0.000000000000000000e+00 0.000000000000000000e+00 1.000000000000000000e+00
0.000000000000000000e+00 3.400000000000000000e+01 1.000000000000000000e+00 8.009999999999999787e+00 -3.248692974615108309e-02 -inf 0.000000000000000000e+00 0.000000000000000000e+00 1.820000000000000000e+02 0.000000000000000000e+00 0.000000000000000000e+00 1.000000000000000000e+00
0.000000000000000000e+00 3.400000000000000000e+01 1.000000000000000000e+00 8.019999999999999574e+00 -2.691587308954454874e-02 -inf 0.000000000000000000e+00 0.000000000000000000e+00 1.820000000000000000e+02 0.000000000000000000e+00 0.000000000000000000e+00 1.000000000000000000e+00
0.000000000000000000e+00 3.400000000000000000e+01 1.000000000000000000e+00 8.029999999999999361e+00 -2.262675703184237677e-02 -inf 0.000000000000000000e+00 0.000000000000000000e+00 1.820000000000000000e+02 0.000000000000000000e+00 0.000000000000000000e+00 1.000000000000000000e+00
0.000000000000000000e+00 3.400000000000000000e+01 1.000000000000000000e+00 8.039999999999999147e+00 -1.936046807676727877e-02 -inf 0.000000000000000000e+00 0.000000000000000000e+00 1.820000000000000000e+02 0.000000000000000000e+00 0.000000000000000000e+00 1.000000000000000000e+00
0.000000000000000000e+00 3.400000000000000000e+01 1.000000000000000000e+00 8.050000000000000711e+00 -1.692031366139002888e-02 -inf 0.000000000000000000e+00 0.000000000000000000e+00 1.820000000000000000e+02 0.000000000000000000e+00 0.000000000000000000e+00 1.000000000000000000e+00
0.000000000000000000e+00 3.400000000000000000e+01 1.000000000000000000e+00 8.060000000000000497e+00 -1.515976623630654191e-02 -inf 0.000000000000000000e+00 0.000000000000000000e+00 1.820000000000000000e+02 0.000000000000000000e+00 0.000000000000000000e+00 1.000000000000000000e+00
0.000000000000000000e+00 3.400000000000000000e+01 1.000000000000000000e+00 8.070000000000000284e+00 -1.397336036484828070e-02 -inf 0.000000000000000000e+00 0.000000000000000000e+00 1.820000000000000000e+02 0.000000000000000000e+00 0.000000000000000000e+00 1.000000000000000000e+00
0.000000000000000000e+00 3.400000000000000000e+01 1.000000000000000000e+00 8.080000000000000071e+00 -1.329015736436744283e-02 -inf 0.000000000000000000e+00 0.000000000000000000e+00 1.820000000000000000e+02 0.000000000000000000e+00 0.000000000000000000e+00 1.000000000000000000e+00
0.000000000000000000e+00 3.400000000000000000e+01 1.000000000000000000e+00 8.089999999999999858e+00 -1.306935820375918628e-02 -inf 0.000000000000000000e+00 0.000000000000000000e+00 1.820000000000000000e+02 0.000000000000000000e+00 0.000000000000000000e+00 1.000000000000000000e+00
0.000000000000000000e+00 3.400000000000000000e+01 1.000000000000000000e+00 8.099999999999999645e+00 -1.329778375220408600e-02 -inf 0.000000000000000000e+00 0.000000000000000000e+00 1.820000000000000000e+02 0.000000000000000000e+00 0.000000000000000000e+00 1.000000000000000000e+00
0.000000000000000000e+00 3.400000000000000000e+01 1.000000000000000000e+00 8.109999999999999432e+00 -1.398906125730231369e-02 -inf 0.000000000000000000e+00 0.000000000000000000e+00 1.820000000000000000e+02 0.000000000000000000e+00 0.000000000000000000e+00 1.000000000000000000e+00
0.000000000000000000e+00 3.400000000000000000e+01 1.000000000000000000e+00 8.119999999999999218e+00 -1.518446506007996473e-02 -inf 0.000000000000000000e+00 0.000000000000000000e+00 1.820000000000000000e+02 0.000000000000000000e+00 0.000000000000000000e+00 1.000000000000000000e+00
0.000000000000000000e+00 3.400000000000000000e+01 1.000000000000000000e+00 8.130000000000000782e+00 -1.695546524740962346e-02 -inf 0.000000000000000000e+00 0.000000000000000000e+00 1.820000000000000000e+02 0.000000000000000000e+00 0.000000000000000000e+00 1.000000000000000000e+00
0.000000000000000000e+00 3.400000000000000000e+01 1.000000000000000000e+00 8.140000000000000568e+00 -1.940814718273657646e-02 -inf 0.000000000000000000e+00 0.000000000000000000e+00 1.820000000000000000e+02 0.000000000000000000e+00 0.000000000000000000e+00 1.000000000000000000e+00
0.000000000000000000e+00 3.400000000000000000e+01 1.000000000000000000e+00 8.150000000000000355e+00 -2.268978486872723355e-02 -inf 0.000000000000000000e+00 0.000000000000000000e+00 1.820000000000000000e+02 0.000000000000000000e+00 0.000000000000000000e+00 1.000000000000000000e+00
0.000000000000000000e+00 3.400000000000000000e+01 1.000000000000000000e+00 8.160000000000000142e+00 -2.699798983973294292e-02 -inf 0.000000000000000000e+00 0.000000000000000000e+00 1.820000000000000000e+02 0.000000000000000000e+00 0.000000000000000000e+00 1.000000000000000000e+00
0.000000000000000000e+00 3.400000000000000000e+01 1.000000000000000000e+00 8.169999999999999929e+00 -3.259302399491982583e-02 -inf 0.000000000000000000e+00 0.000000000000000000e+00 1.820000000000000000e+02 0.000000000000000000e+00 0.000000000000000000e+00 1.000000000000000000e+00
0.000000000000000000e+00 3.400000000000000000e+01 1.000000000000000000e+00 8.179999999999999716e+00 -3.981407061294316152e-02 -inf 0.000000000000000000e+00 0.000000000000000000e+00 1.820000000000000000e+02 0.000000000000000000e+00 0.000000000000000000e+00 1.000000000000000000e+00
0.000000000000000000e+00 3.400000000000000000e+01 1.000000000000000000e+00 8.189999999999999503e+00 -4.910051656306136519e-02 -inf 0.000000000000000000e+00 0.000000000000000000e+00 1.820000000000000000e+02 0.000000000000000000e+00 0.000000000000000000e+00 1.000000000000000000e+00
0.000000000000000000e+00 3.400000000000000000e+01 1.000000000000000000e+00 8.199999999999999289e+00 -6.101962790633192607e-02 -inf 0.000000000000000000e+00 0.000000000000000000e+00 1.820000000000000000e+02 0.000000000000000000e+00 0.000000000000000000e+00 1.000000000000000000e+00
0.000000000000000000e+00 3.400000000000000000e+01 1.000000000000000000e+00 8.209999999999999076e+00 -7.630242296947772895e-02 -inf 0.000000000000000000e+00 0.000000000000000000e+00 1.820000000000000000e+02 0.000000000000000000e+00 0.000000000000000000e+00 1.000000000000000000e+00
0.000000000000000000e+00 3.400000000000000000e+01 1.000000000000000000e+00 8.220000000000000639e+00 -9.589009027572645283e-02 -inf 0.000000000000000000e+00 0.000000000000000000e+00 1.820000000000000000e+02 0.000000000000000000e+00 0.000000000000000000e+00 1.000000000000000000e+00
0.000000000000000000e+00 3.400000000000000000e+01 1.000000000000000000e+00 8.230000000000000426e+00 -1.209940005353567216e-01 -inf 0.000000000000000000e+00 0.000000000000000000e+00 1.820000000000000000e+02 0.000000000000000000e+00 0.000000000000000000e+00 1.000000000000000000e+00
0.000000000000000000e+00 3.400000000000000000e+01 1.000000000000000000e+00 8.240000000000000213e+00 -1.531732703382973348e-01 -inf 0.000000000000000000e+00 0.000000000000000000e+00 1.820000000000000000e+02 0.000000000000000000e+00 0.000000000000000000e+00 1.000000000000000000e+00
0.000000000000000000e+00 3.400000000000000000e+01 1.000000000000000000e+00 8.250000000000000000e+00 -1.944350127366961944e-01 -inf 0.000000000000000000e+00 0.000000000000000000e+00 1.820000000000000000e+02 0.000000000000000000e+00 0.000000000000000000e+00 1.000000000000000000e+00
0.000000000000000000e+00 3.400000000000000000e+01 1.000000000000000000e+00 8.259999999999999787e+00 -2.473639378247023957e-01 -inf 0.000000000000000000e+00 0.000000000000000000e+00 1.820000000000000000e+02 0.000000000000000000e+00 0.000000000000000000e+00 1.000000000000000000e+00
0.000000000000000000e+00 3.400000000000000000e+01 1.000000000000000000e+00 8.269999999999999574e+00 -3.152899505084190146e-01 -inf 0.000000000000000000e+00 0.000000000000000000e+00 1.820000000000000000e+02 0.000000000000000000e+00 0.000000000000000000e+00 1.000000000000000000e+00
0.000000000000000000e+00 3.400000000000000000e+01 1.000000000000000000e+00 8.279999999999999361e+00 -4.025049707227668638e-01 -inf 0.000000000000000000e+00 0.000000000000000000e+00 1.820000000000000000e+02 0.000000000000000000e+00 0.000000000000000000e+00 1.000000000000000000e+00
0.000000000000000000e+00 3.400000000000000000e+01 1.000000000000000000e+00 8.289999999999999147e+00 -5.145435530117210554e-01 -inf 0.000000000000000000e+00 1.000000000000000000e+00 1.820000000000000000e+02 0.000000000000000000e+00 0.000000000000000000e+00 1.000000000000000000e+00
0.000000000000000000e+00 3.400000000000000000e+01 1.000000000000000000e+00 8.300000000000000711e+00 -4.024885099492349627e-01 -inf 0.000000000000000000e+00 0.000000000000000000e+00 1.820000000000000000e+02 0.000000000000000000e+00 0.000000000000000000e+00 1.000000000000000000e+00
0.000000000000000000e+00 3.400000000000000000e+01 1.000000000000000000e+00 8.310000000000000497e+00 -3.152561195809001626e-01 -inf 0.000000000000000000e+00 0.000000000000000000e+00 1.820000000000000000e+02 0.000000000000000000e+00 0.000000000000000000e+00 1.000000000000000000e+00
0.000000000000000000e+00 3.400000000000000000e+01 1.000000000000000000e+00 8.320000000000000284e+00 -2.473108666782762310e-01 -inf 0.000000000000000000e+00 0.000000000000000000e+00 1.820000000000000000e+02 0.000000000000000000e+00 0.000000000000000000e+00 1.000000000000000000e+00
0.000000000000000000e+00 3.400000000000000000e+01 1.000000000000000000e+00 8.330000000000000071e+00 -1.943597650435733848e-01 -inf 0.000000000000000000e+00 0.000000000000000000e+00 1.820000000000000000e+02 0.000000000000000000e+00 0.000000000000000000e+00 1.000000000000000000e+00
0.000000000000000000e+00 3.400000000000000000e+01 1.000000000000000000e+00 8.339999999999999858e+00 -1.530716775369606597e-01 -inf 0.000000000000000000e+00 0.000000000000000000e+00 1.820000000000000000e+02 0.000000000000000000e+00 0.000000000000000000e+00 1.000000000000000000e+00
0.000000000000000000e+00 3.400000000000000000e+01 1.000000000000000000e+00 8.349999999999999645e+00 -1.208604258359930461e-01 -inf 0.000000000000000000e+00 0.000000000000000000e+00 1.820000000000000000e+02 0.000000000000000000e+00 0.000000000000000000e+00 1.000000000000000000e+00
0.000000000000000000e+00 3.400000000000000000e+01 1.000000000000000000e+00 8.359999999999999432e+00 -9.571710892116092051e-02 -inf 0.000000000000000000e+00 0.000000000000000000e+00 1.820000000000000000e+02 0.000000000000000000e+00 0.000000000000000000e+00 1.000000000000000000e+00
0.000000000000000000e+00 3.400000000000000000e+01 1.000000000000000000e+00 8.369999999999999218e+00 -7.608040011845970674e-02 -inf 0.000000000000000000e+00 0.000000000000000000e+00 1.820000000000000000e+02 0.000000000000000000e+00 0.000000000000000000e+00 1.000000000000000000e+00
0.000000000000000000e+00 3.400000000000000000e+01 1.000000000000000000e+00 8.380000000000000782e+00 -6.073616947329391752e-02 -inf 0.000000000000000000e+00 0.000000000000000000e+00 1.820000000000000000e+02 0.000000000000000000e+00 0.000000000000000000e+00 1.000000000000000000e+00
0.000000000000000000e+00 3.400000000000000000e+01 1.000000000000000000e+00 8.390000000000000568e+00 -4.873976082814292926e-02 -inf 0.000000000000000000e+00 0.000000000000000000e+00 1.820000000000000000e+02 0.000000000000000000e+00 0.000000000000000000e+00 1.000000000000000000e+00
0.000000000000000000e+00 3.400000000000000000e+01 1.000000000000000000e+00 8.400000000000000355e+00 -3.935577894806534943e-02 -inf 0.000000000000000000e+00 0.000000000000000000e+00 1.820000000000000000e+02 0.000000000000000000e+00 0.000000000000000000e+00 1.000000000000000000e+00
0.000000000000000000e+00 3.400000000000000000e+01 1.000000000000000000e+00 8.410000000000000142e+00 -3.201141705395986470e-02 -inf 0.000000000000000000e+00 0.000000000000000000e+00 1.820000000000000000e+02 0.000000000000000000e+00 0.000000000000000000e+00 1.000000000000000000e+00
0.000000000000000000e+00 3.400000000000000000e+01 1.000000000000000000e+00 8.419999999999999929e+00 -2.626026029230194708e-02 -inf 0.000000000000000000e+00 0.000000000000000000e+00 1.820000000000000000e+02 0.000000000000000000e+00 0.000000000000000000e+00 1.000000000000000000e+00
0.000000000000000000e+00 3.400000000000000000e+01 1.000000000000000000e+00 8.429999999999999716e+00 -2.175419827019942770e-02 -inf 0.000000000000000000e+00 0.000000000000000000e+00 1.820000000000000000e+02 0.000000000000000000e+00 0.000000000000000000e+00 1.000000000000000000e+00
0.000000000000000000e+00 3.400000000000000000e+01 1.000000000000000000e+00 8.439999999999999503e+00 -1.822161765322199284e-02 -inf 0.000000000000000000e+00 0.000000000000000000e+00 1.820000000000000000e+02 0.000000000000000000e+00 0.000000000000000000e+00 1.000000000000000000e+00
0.000000000000000000e+00 3.400000000000000000e+01 1.000000000000000000e+00 8.449999999999999289e+00 -1.545046071882091691e-02 -inf 0.000000000000000000e+00 0.000000000000000000e+00 1.820000000000000000e+02 0.000000000000000000e+00 0.000000000000000000e+00 1.000000000000000000e+00
0.000000000000000000e+00 3.400000000000000000e+01 1.000000000000000000e+00 8.459999999999999076e+00 -1.327505593599063137e-02 -inf 0.000000000000000000e+00 0.000000000000000000e+00 1.820000000000000000e+02 0.000000000000000000e+00 0.000000000000000000e+00 1.000000000000000000e+00
0.000000000000000000e+00 3.400000000000000000e+01 1.000000000000000000e+00 8.470000000000000639e+00 -1.156587383008295805e-02 -inf 0.000000000000000000e+00 0.000000000000000000e+00 1.820000000000000000e+02 0.000000000000000000e+00 0.000000000000000000e+00 1.000000000000000000e+00
0.000000000000000000e+00 3.400000000000000000e+01 1.000000000000000000e+00 8.480000000000000426e+00 -1.022155230461028672e-02 -inf 0.000000000000000000e+00 0.000000000000000000e+00 1.820000000000000000e+02 0.000000000000000000e+00 0.000000000000000000e+00 1.000000000000000000e+00
0.000000000000000000e+00 3.400000000000000000e+01 1.000000000000000000e+00 8.490000000000000213e+00 -9.162683091184719089e-03 -inf 0.000000000000000000e+00 0.000000000000000000e+00 1.820000000000000000e+02 0.000000000000000000e+00 0.000000000000000000e+00 1.000000000000000000e+00
0.000000000000000000e+00 3.400000000000000000e+01 1.000000000000000000e+00 8.500000000000000000e+00 -8.326964984416273391e-03 -inf 0.000000000000000000e+00 0.000000000000000000e+00 1.820000000000000000e+02 0.000000000000000000e+00 0.000000000000000000e+00 1.000000000000000000e+00
0.000000000000000000e+00 3.400000000000000000e+01 1.000000000000000000e+00 8.509999999999999787e+00 -7.665417612363917277e-03 -inf 0.000000000000000000e+00 0.000000000000000000e+00 1.820000000000000000e+02 0.000000000000000000e+00 0.000000000000000000e+00 1.000000000000000000e+00
0.000000000000000000e+00 3.400000000000000000e+01 1.000000000000000000e+00 8.519999999999999574e+00 -7.139417562986220475e-03 -inf 0.000000000000000000e+00 0.000000000000000000e+00 1.820000000000000000e+02 0.000000000000000000e+00 0.000000000000000000e+00 1.000000000000000000e+00
0.000000000000000000e+00 3.400000000000000000e+01 1.000000000000000000e+00 8.529999999999999361e+00 -6.718371249714312488e-03 -inf 0.000000000000000000e+00 0.000000000000000000e+00 1.820000000000000000e+02 0.000000000000000000e+00 0.000000000000000000e+00 1.000000000000000000e+00
0.000000000000000000e+00 3.400000000000000000e+01 1.000000000000000000e+00 8.539999999999999147e+00 -6.377879429040769418e-03 -inf 0.000000000000000000e+00 0.000000000000000000e+00 1.820000000000000000e+02 0.000000000000000000e+00 0.000000000000000000e+00 1.000000000000000000e+00
0.000000000000000000e+00 3.400000000000000000e+01 1.000000000000000000e+00 8.550000000000000711e+00 -6.098279448398071130e-03 -inf 0.000000000000000000e+00 0.000000000000000000e+00 1.820000000000000000e+02 0.000000000000000000e+00 0.000000000000000000e+00 1.000000000000000000e+00
0.000000000000000000e+00 3.400000000000000000e+01 1.000000000000000000e+00 8.560000000000000497e+00 -5.863475147536413579e-03 -inf 0.000000000000000000e+00 0.000000000000000000e+00 1.820000000000000000e+02 0.000000000000000000e+00 0.000000000000000000e+00 1.000000000000000000e+00
0.000000000000000000e+00 3.400000000000000000e+01 1.000000000000000000e+00 8.570000000000000284e+00 -5.659982418787280062e-03 -inf 0.000000000000000000e+00 0.000000000000000000e+00 1.820000000000000000e+02 0.000000000000000000e+00 0.000000000000000000e+00 1.000000000000000000e+00
0.000000000000000000e+00 3.400000000000000000e+01 1.000000000000000000e+00 8.580000000000000071e+00 -5.476131927467821695e-03 -inf 0.000000000000000000e+00 0.000000000000000000e+00 1.820000000000000000e+02 0.000000000000000000e+00 0.000000000000000000e+00 1.000000000000000000e+00
0.000000000000000000e+00 3.400000000000000000e+01 1.000000000000000000e+00 8.589999999999999858e+00 -5.301380277498217615e-03 -inf 0.000000000000000000e+00 0.000000000000000000e+00 1.820000000000000000e+02 0.000000000000000000e+00 0.000000000000000000e+00 1.000000000000000000e+00
0.000000000000000000e+00 3.400000000000000000e+01 1.000000000000000000e+00 8.599999999999999645e+00 -5.125687609634459532e-03 -inf 0.000000000000000000e+00 0.000000000000000000e+00 1.820000000000000000e+02 0.000000000000000000e+00 0.000000000000000000e+00 1.000000000000000000e+00
0.000000000000000000e+00 3.400000000000000000e+01 1.000000000000000000e+00 8.609999999999999432e+00 -4.938923669436133708e-03 -inf 0.000000000000000000e+00 0.000000000000000000e+00 1.820000000000000000e+02 0.000000000000000000e+00 0.000000000000000000e+00 1.000000000000000000e+00
0.000000000000000000e+00 3.400000000000000000e+01 1.000000000000000000e+00 8.619999999999999218e+00 -4.730266034752506760e-03 -inf 0.000000000000000000e+00 0.000000000000000000e+00 1.820000000000000000e+02 0.000000000000000000e+00 0.000000000000000000e+00 1.000000000000000000e+00
0.000000000000000000e+00 3.400000000000000000e+01 1.000000000000000000e+00 8.630000000000000782e+00 -4.487553547055341159e-03 -inf 0.000000000000000000e+00 0.000000000000000000e+00 1.820000000000000000e+02 0.000000000000000000e+00 0.000000000000000000e+00 1.000000000000000000e+00
0.000000000000000000e+00 3.400000000000000000e+01 1.000000000000000000e+00 8.640000000000000568e+00 -4.196554995809682019e-03 -inf 0.000000000000000000e+00 0.000000000000000000e+00 1.820000000000000000e+02 0.000000000000000000e+00 0.000000000000000000e+00 1.000000000000000000e+00
0.000000000000000000e+00 3.400000000000000000e+01 1.000000000000000000e+00 8.650000000000000355e+00 -3.840107554148095188e-03 -inf 0.000000000000000000e+00 0.000000000000000000e+00 1.820000000000000000e+02 0.000000000000000000e+00 0.000000000000000000e+00 1.000000000000000000e+00
0.000000000000000000e+00 3.400000000000000000e+01 1.000000000000000000e+00 8.660000000000000142e+00 -3.397070982222874513e-03 -inf 0.000000000000000000e+00 0.000000000000000000e+00 1.820000000000000000e+02 0.000000000000000000e+00 0.000000000000000000e+00 1.000000000000000000e+00
0.000000000000000000e+00 3.400000000000000000e+01 1.000000000000000000e+00 8.669999999999999929e+00 -2.841031631452714708e-03 -inf 0.000000000000000000e+00 0.000000000000000000e+00 1.820000000000000000e+02 0.000000000000000000e+00 0.000000000000000000e+00 1.000000000000000000e+00
0.000000000000000000e+00 3.400000000000000000e+01 1.000000000000000000e+00 8.679999999999999716e+00 -2.138673993595390649e-03 -inf 0.000000000000000000e+00 0.000000000000000000e+00 1.820000000000000000e+02 0.000000000000000000e+00 0.000000000000000000e+00 1.000000000000000000e+00
0.000000000000000000e+00 3.400000000000000000e+01 1.000000000000000000e+00 8.689999999999999503e+00 -1.247715848147770701e-03 -inf 0.000000000000000000e+00 0.000000000000000000e+00 1.820000000000000000e+02 0.000000000000000000e+00 0.000000000000000000e+00 1.000000000000000000e+00
0.000000000000000000e+00 3.400000000000000000e+01 1.000000000000000000e+00 8.699999999999999289e+00 -1.142745091227692633e-04 -inf 0.000000000000000000e+00 0.000000000000000000e+00 1.820000000000000000e+02 0.000000000000000000e+00 0.000000000000000000e+00 1.000000000000000000e+00
0.000000000000000000e+00 3.400000000000000000e+01 1.000000000000000000e+00 8.710000000000000853e+00 1.330505670109335264e-03 -inf 0.000000000000000000e+00 0.000000000000000000e+00 1.820000000000000000e+02 0.000000000000000000e+00 0.000000000000000000e+00 1.000000000000000000e+00
0.000000000000000000e+00 3.400000000000000000e+01 1.000000000000000000e+00 8.720000000000000639e+00 3.174783036176976811e-03 -inf 0.000000000000000000e+00 0.000000000000000000e+00 1.820000000000000000e+02 0.000000000000000000e+00 0.000000000000000000e+00 1.000000000000000000e+00
0.000000000000000000e+00 3.400000000000000000e+01 1.000000000000000000e+00 8.730000000000000426e+00 5.531587406412212179e-03 -inf 0.000000000000000000e+00 0.000000000000000000e+00 1.820000000000000000e+02 0.000000000000000000e+00 0.000000000000000000e+00 1.000000000000000000e+00
0.000000000000000000e+00 3.400000000000000000e+01 1.000000000000000000e+00 8.740000000000000213e+00 8.545991879424136989e-03 -inf 0.000000000000000000e+00 0.000000000000000000e+00 1.820000000000000000e+02 0.000000000000000000e+00 0.000000000000000000e+00 1.000000000000000000e+00
0.000000000000000000e+00 3.400000000000000000e+01 1.000000000000000000e+00 8.750000000000000000e+00 1.240435847318055104e-02 -inf 0.000000000000000000e+00 0.000000000000000000e+00 1.820000000000000000e+02 0.000000000000000000e+00 0.000000000000000000e+00 1.000000000000000000e+00
0.000000000000000000e+00 3.400000000000000000e+01 1.000000000000000000e+00 8.759999999999999787e+00 1.734626703923851376e-02 -inf 0.000000000000000000e+00 0.000000000000000000e+00 1.820000000000000000e+02 0.000000000000000000e+00 0.000000000000000000e+00 1.000000000000000000e+00
0.000000000000000000e+00 3.400000000000000000e+01 1.000000000000000000e+00 8.769999999999999574e+00 2.367991698652285523e-02 -inf 0.000000000000000000e+00 0.000000000000000000e+00 1.820000000000000000e+02 0.000000000000000000e+00 0.000000000000000000e+00 1.000000000000000000e+00
0.000000000000000000e+00 3.400000000000000000e+01 1.000000000000000000e+00 8.779999999999999361e+00 3.180202528876872187e-02 -inf 0.000000000000000000e+00 0.000000000000000000e+00 1.820000000000000000e+02 0.000000000000000000e+00 0.000000000000000000e+00 1.000000000000000000e+00
0.000000000000000000e+00 3.400000000000000000e+01 1.000000000000000000e+00 8.789999999999999147e+00 4.222354824753123820e-02 -inf 0.000000000000000000e+00 0.000000000000000000e+00 1.820000000000000000e+02 0.000000000000000000e+00 0.000000000000000000e+00 1.000000000000000000e+00
0.000000000000000000e+00 3.400000000000000000e+01 1.000000000000000000e+00 8.800000000000000711e+00 5.560294965538992162e-02 -inf 0.000000000000000000e+00 0.000000000000000000e+00 1.820000000000000000e+02 0.000000000000000000e+00 0.000000000000000000e+00 1.000000000000000000e+00
0.000000000000000000e+00 3.400000000000000000e+01 1.000000000000000000e+00 8.810000000000000497e+00 7.278925188616086617e-02 -inf 0.000000000000000000e+00 1.000000000000000000e+00 1.820000000000000000e+02 0.000000000000000000e+00 0.000000000000000000e+00 1.000000000000000000e+00
0.000000000000000000e+00 3.400000000000000000e+01 1.000000000000000000e+00 8.820000000000000284e+00 5.560327049343717631e-02 -inf 0.000000000000000000e+00 0.000000000000000000e+00 1.820000000000000000e+02 0.000000000000000000e+00 0.000000000000000000e+00 1.000000000000000000e+00
0.000000000000000000e+00 3.400000000000000000e+01 1.000000000000000000e+00 8.830000000000000071e+00 4.222421031207489878e-02 -inf 0.000000000000000000e+00 0.000000000000000000e+00 1.820000000000000000e+02 0.000000000000000000e+00 0.000000000000000000e+00 1.000000000000000000e+00
0.000000000000000000e+00 3.400000000000000000e+01 1.000000000000000000e+00 8.839999999999999858e+00 3.180307069702107553e-02 -inf 0.000000000000000000e+00 0.000000000000000000e+00 1.820000000000000000e+02 0.000000000000000000e+00 0.000000000000000000e+00 1.000000000000000000e+00
0.000000000000000000e+00 3.400000000000000000e+01 1.000000000000000000e+00 8.849999999999999645e+00 2.368141235596987401e-02 -inf 0.000000000000000000e+00 0.000000000000000000e+00 1.820000000000000000e+02 0.000000000000000000e+00 0.000000000000000000e+00 1.000000000000000000e+00
0.000000000000000000e+00 3.400000000000000000e+01 1.000000000000000000e+00 8.859999999999999432e+00 1.734830787844044223e-02 -inf 0.000000000000000000e+00 0.000000000000000000e+00 1.820000000000000000e+02 0.000000000000000000e+00 0.000000000000000000e+00 1.000000000000000000e+00
0.000000000000000000e+00 3.400000000000000000e+01 1.000000000000000000e+00 8.869999999999999218e+00 1.240707549027473058e-02 -inf 0.000000000000000000e+00 0.000000000000000000e+00 1.820000000000000000e+02 0.000000000000000000e+00 0.000000000000000000e+00 1.000000000000000000e+00
0.000000000000000000e+00 3.400000000000000000e+01 1.000000000000000000e+00 8.880000000000000782e+00 8.549559637881226984e-03 -inf 0.000000000000000000e+00 0.000000000000000000e+00 1.820000000000000000e+02 0.000000000000000000e+00 0.000000000000000000e+00 1.000000000000000000e+00
0.000000000000000000e+00 3.400000000000000000e+01 1.000000000000000000e+00 8.890000000000000568e+00 5.536235918751887530e-03 -inf 0.000000000000000000e+00 0.000000000000000000e+00 1.820000000000000000e+02 0.000000000000000000e+00 0.000000000000000000e+00 1.000000000000000000e+00
0.000000000000000000e+00 3.400000000000000000e+01 1.000000000000000000e+00 8.900000000000000355e+00 3.180813088858482421e-03 -inf 0.000000000000000000e+00 0.000000000000000000e+00 1.820000000000000000e+02 0.000000000000000000e+00 0.000000000000000000e+00 1.000000000000000000e+00
0.000000000000000000e+00 3.400000000000000000e+01 1.000000000000000000e+00 8.910000000000000142e+00 1.338308930969602482e-03 -inf 0.000000000000000000e+00 0.000000000000000000e+00 1.820000000000000000e+02 0.000000000000000000e+00 0.000000000000000000e+00 1.000000000000000000e+00
0.000000000000000000e+00 3.400000000000000000e+01 1.000000000000000000e+00 8.919999999999999929e+00 -1.041892174290419762e-04 -inf 0.000000000000000000e+00 0.000000000000000000e+00 1.820000000000000000e+02 0.000000000000000000e+00 0.000000000000000000e+00 1.000000000000000000e+00
0.000000000000000000e+00 3.400000000000000000e+01 1.000000000000000000e+00 8.929999999999999716e+00 -1.234688295667332909e-03 -inf 0.000000000000000000e+00 0.000000000000000000e+00 1.820000000000000000e+02 0.000000000000000000e+00 0.000000000000000000e+00 1.000000000000000000e+00
0.000000000000000000e+00 3.400000000000000000e+01 1.000000000000000000e+00 8.939999999999999503e+00 -2.121847940847389636e-03 -inf 0.000000000000000000e+00 0.000000000000000000e+00 1.820000000000000000e+02 0.000000000000000000e+00 0.000000000000000000e+00 1.000000000000000000e+00
0.000000000000000000e+00 3.400000000000000000e+01 1.000000000000000000e+00 8.949999999999999289e+00 -2.819296781189483542e-03 -inf 0.000000000000000000e+00 0.000000000000000000e+00 1.820000000000000000e+02 0.000000000000000000e+00 0.000000000000000000e+00 1.000000000000000000e+00
0.000000000000000000e+00 3.400000000000000000e+01 1.000000000000000000e+00 8.960000000000000853e+00 -3.368987443572520665e-03 -inf 0.000000000000000000e+00 0.000000000000000000e+00 1.820000000000000000e+02 0.000000000000000000e+00 0.000000000000000000e+00 1.000000000000000000e+00
0.000000000000000000e+00 3.400000000000000000e+01 1.000000000000000000e+00 8.970000000000000639e+00 -3.803807544608810935e-03 -inf 0.000000000000000000e+00 0.000000000000000000e+00 1.820000000000000000e+02 0.000000000000000000e+00 0.000000000000000000e+00 1.000000000000000000e+00
0.000000000000000000e+00 3.400000000000000000e+01 1.000000000000000000e+00 8.980000000000000426e+00 -4.149614897471631987e-03 -inf 0.000000000000000000e+00 0.000000000000000000e+00 1.820000000000000000e+02 0.000000000000000000e+00 0.000000000000000000e+00 1.000000000000000000e+00
0.000000000000000000e+00 3.400000000000000000e+01 1.000000000000000000e+00 8.990000000000000213e+00 -4.426827332292005909e-03 -inf 0.000000000000000000e+00 0.000000000000000000e+00 1.820000000000000000e+02 0.000000000000000000e+00 0.000000000000000000e+00 1.000000000000000000e+00
0.000000000000000000e+00 3.400000000000000000e+01 1.000000000000000000e+00 9.000000000000000000e+00 -4.651668331848105714e-03 -inf 0.000000000000000000e+00 0.000000000000000000e+00 1.820000000000000000e+02 0.000000000000000000e+00 0.000000000000000000e+00 1.000000000000000000e+00
0.000000000000000000e+00 3.400000000000000000e+01 1.000000000000000000e+00 9.009999999999999787e+00 -4.837147151776789895e-03 -inf 0.000000000000000000e+00 0.000000000000000000e+00 1.820000000000000000e+02 0.000000000000000000e+00 0.000000000000000000e+00 1.000000000000000000e+00
0.000000000000000000e+00 3.400000000000000000e+01 1.000000000000000000e+00 9.019999999999999574e+00 -4.993834703411688218e-03 -inf 0.000000000000000000e+00 0.000000000000000000e+00 1.820000000000000000e+02 0.000000000000000000e+00 0.000000000000000000e+00 1.000000000000000000e+00
0.000000000000000000e+00 3.400000000000000000e+01 1.000000000000000000e+00 9.029999999999999361e+00 -5.130483052171144059e-03 -inf 0.000000000000000000e+00 0.000000000000000000e+00 1.820000000000000000e+02 0.000000000000000000e+00 0.000000000000000000e+00 1.000000000000000000e+00
0.000000000000000000e+00 3.400000000000000000e+01 1.000000000000000000e+00 9.039999999999999147e+00 -5.254526014932724143e-03 -inf 0.000000000000000000e+00 0.000000000000000000e+00 1.820000000000000000e+02 0.000000000000000000e+00 0.000000000000000000e+00 1.000000000000000000e+00
0.000000000000000000e+00 3.400000000000000000e+01 1.000000000000000000e+00 9.050000000000000711e+00 -5.372490317583155685e-03 -inf 0.000000000000000000e+00 0.000000000000000000e+00 1.820000000000000000e+02 0.000000000000000000e+00 0.000000000000000000e+00 1.000000000000000000e+00
0.000000000000000000e+00 3.400000000000000000e+01 1.000000000000000000e+00 9.060000000000000497e+00 -5.490340542617737005e-03 -inf 0.000000000000000000e+00 0.000000000000000000e+00 1.820000000000000000e+02 0.000000000000000000e+00 0.000000000000000000e+00 1.000000000000000000e+00
0.000000000000000000e+00 3.400000000000000000e+01 1.000000000000000000e+00 9.070000000000000284e+00 -5.613776212668994403e-03 -inf 0.000000000000000000e+00 0.000000000000000000e+00 1.820000000000000000e+02 0.000000000000000000e+00 0.000000000000000000e+00 1.000000000000000000e+00
0.000000000000000000e+00 3.400000000000000000e+01 1.000000000000000000e+00 9.080000000000000071e+00 -5.748495456134896514e-03 -inf 0.000000000000000000e+00 0.000000000000000000e+00 1.820000000000000000e+02 0.000000000000000000e+00 0.000000000000000000e+00 1.000000000000000000e+00
0.000000000000000000e+00 3.400000000000000000e+01 1.000000000000000000e+00 9.089999999999999858e+00 -5.900436476059707502e-03 -inf 0.000000000000000000e+00 0.000000000000000000e+00 1.820000000000000000e+02 0.000000000000000000e+00 0.000000000000000000e+00 1.000000000000000000e+00
0.000000000000000000e+00 3.400000000000000000e+01 1.000000000000000000e+00 9.099999999999999645e+00 -6.076005212762066419e-03 -inf 0.000000000000000000e+00 0.000000000000000000e+00 1.820000000000000000e+02 0.000000000000000000e+00 0.000000000000000000e+00 1.000000000000000000e+00
0.000000000000000000e+00 3.400000000000000000e+01 1.000000000000000000e+00 9.109999999999999432e+00 -6.282294880224850372e-03 -inf 0.000000000000000000e+00 0.000000000000000000e+00 1.820000000000000000e+02 0.000000000000000000e+00 0.000000000000000000e+00 1.000000000000000000e+00
0.000000000000000000e+00 3.400000000000000000e+01 1.000000000000000000e+00 9.119999999999999218e+00 -6.527300174058545991e-03 -inf 0.000000000000000000e+00 0.000000000000000000e+00 1.820000000000000000e+02 0.000000000000000000e+00 0.000000000000000000e+00 1.000000000000000000e+00
0.000000000000000000e+00 3.400000000000000000e+01 1.000000000000000000e+00 9.130000000000000782e+00 -6.820125558690117405e-03 -inf 0.000000000000000000e+00 0.000000000000000000e+00 1.820000000000000000e+02 0.000000000000000000e+00 0.000000000000000000e+00 1.000000000000000000e+00
0.000000000000000000e+00 3.400000000000000000e+01 1.000000000000000000e+00 9.140000000000000568e+00 -7.171182731145631789e-03 -inf 0.000000000000000000e+00 0.000000000000000000e+00 1.820000000000000000e+02 0.000000000000000000e+00 0.000000000000000000e+00 1.000000000000000000e+00
0.000000000000000000e+00 3.400000000000000000e+01 1.000000000000000000e+00 9.150000000000000355e+00 -7.592366600988042016e-03 -inf 0.000000000000000000e+00 0.000000000000000000e+00 1.820000000000000000e+02 0.000000000000000000e+00 0.000000000000000000e+00 1.000000000000000000e+00
0.000000000000000000e+00 3.400000000000000000e+01 1.000000000000000000e+00 9.160000000000000142e+00 -8.097191227614002410e-03 -inf 0.000000000000000000e+00 0.000000000000000000e+00 1.820000000000000000e+02 0.000000000000000000e+00 0.000000000000000000e+00 1.000000000000000000e+00
0.000000000000000000e+00 3.400000000000000000e+01 1.000000000000000000e+00 9.169999999999999929e+00 -8.700856192697534880e-03 -inf 0.000000000000000000e+00 0.000000000000000000e+00 1.820000000000000000e+02 0.000000000000000000e+00 0.000000000000000000e+00 1.000000000000000000e+00
0.000000000000000000e+00 3.400000000000000000e+01 1.000000000000000000e+00 9.179999999999999716e+00 -9.420198614113917124e-03 -inf 0.000000000000000000e+00 0.000000000000000000e+00 1.820000000000000000e+02 0.000000000000000000e+00 0.000000000000000000e+00 1.000000000000000000e+00
0.000000000000000000e+00 3.400000000000000000e+01 1.000000000000000000e+00 9.189999999999999503e+00 -1.027346475113251334e-02 -inf 0.000000000000000000e+00 0.000000000000000000e+00 1.820000000000000000e+02 0.000000000000000000e+00 0.000000000000000000e+00 1.000000000000000000e+00
0.000000000000000000e+00 3.400000000000000000e+01 1.000000000000000000e+00 9.199999999999999289e+00 -1.127980564382773110e-02 -inf 0.000000000000000000e+00 0.000000000000000000e+00 1.820000000000000000e+02 0.000000000000000000e+00 0.000000000000000000e+00 1.000000000000000000e+00
0.000000000000000000e+00 3.400000000000000000e+01 1.000000000000000000e+00 9.210000000000000853e+00 -1.245836041352884824e-02 -inf 0.000000000000000000e+00 0.000000000000000000e+00 1.820000000000000000e+02 0.000000000000000000e+00 0.000000000000000000e+00 1.000000000000000000e+00
0.000000000000000000e+00 3.400000000000000000e+01 1.000000000000000000e+00 9.220000000000000639e+00 -1.382673459839041559e-02 -inf 0.000000000000000000e+00 0.000000000000000000e+00 1.820000000000000000e+02 0.000000000000000000e+00 0.000000000000000000e+00 1.000000000000000000e+00
0.000000000000000000e+00 3.400000000000000000e+01 1.000000000000000000e+00 9.230000000000000426e+00 -1.539860364670706146e-02 -inf 0.000000000000000000e+00 0.000000000000000000e+00 1.820000000000000000e+02 0.000000000000000000e+00 0.000000000000000000e+00 1.000000000000000000e+00
0.000000000000000000e+00 3.400000000000000000e+01 1.000000000000000000e+00 9.240000000000000213e+00 -1.718006595459093538e-02 -inf 0.000000000000000000e+00 0.000000000000000000e+00 1.820000000000000000e+02 0.000000000000000000e+00 0.000000000000000000e+00 1.000000000000000000e+00
0.000000000000000000e+00 3.400000000000000000e+01 1.000000000000000000e+00 9.250000000000000000e+00 -1.916422555257339677e-02 -inf 0.000000000000000000e+00 0.000000000000000000e+00 1.820000000000000000e+02 0.000000000000000000e+00 0.000000000000000000e+00 1.000000000000000000e+00
0.000000000000000000e+00 3.400000000000000000e+01 1.000000000000000000e+00 9.259999999999999787e+00 -2.132328821164090199e-02 -inf 0.000000000000000000e+00 0.000000000000000000e+00 1.820000000000000000e+02 0.000000000000000000e+00 0.000000000000000000e+00 1.000000000000000000e+00
0.000000000000000000e+00 3.400000000000000000e+01 1.000000000000000000e+00 9.269999999999999574e+00 -2.359718824586056612e-02 -inf 0.000000000000000000e+00 0.000000000000000000e+00 1.820000000000000000e+02 0.000000000000000000e+00 0.000000000000000000e+00 1.000000000000000000e+00
0.000000000000000000e+00 3.400000000000000000e+01 1.000000000000000000e+00 9.279999999999999361e+00 -2.587740238776865126e-02 -inf 0.000000000000000000e+00 0.000000000000000000e+00 1.820000000000000000e+02 0.000000000000000000e+00 0.000000000000000000e+00 1.000000000000000000e+00
0.000000000000000000e+00 3.400000000000000000e+01 1.000000000000000000e+00 9.289999999999999147e+00 -2.798411936700169120e-02 -inf 0.000000000000000000e+00 0.000000000000000000e+00 1.820000000000000000e+02 0.000000000000000000e+00 0.000000000000000000e+00 1.000000000000000000e+00
0.000000000000000000e+00 3.400000000000000000e+01 1.000000000000000000e+00 9.300000000000000711e+00 -2.963427588452854228e-02 -inf 0.000000000000000000e+00 0.000000000000000000e+00 1.820000000000000000e+02 0.000000000000000000e+00 0.000000000000000000e+00 1.000000000000000000e+00
0.000000000000000000e+00 3.400000000000000000e+01 1.000000000000000000e+00 9.310000000000000497e+00 -3.039708367001931963e-02 -inf 0.000000000000000000e+00 0.000000000000000000e+00 1.820000000000000000e+02 0.000000000000000000e+00 0.000000000000000000e+00 1.000000000000000000e+00
0.000000000000000000e+00 3.400000000000000000e+01 1.000000000000000000e+00 9.320000000000000284e+00 -2.963248103641750661e-02 -inf 0.000000000000000000e+00 0.000000000000000000e+00 1.820000000000000000e+02 0.000000000000000000e+00 0.000000000000000000e+00 1.000000000000000000e+00
0.000000000000000000e+00 3.400000000000000000e+01 1.000000000000000000e+00 9.330000000000000071e+00 -2.798043293864791586e-02 -inf 0.000000000000000000e+00 0.000000000000000000e+00 1.820000000000000000e+02 0.000000000000000000e+00 0.000000000000000000e+00 1.000000000000000000e+00
0.000000000000000000e+00 3.400000000000000000e+01 1.000000000000000000e+00 9.339999999999999858e+00 -2.587162563065252205e-02 -inf 0.000000000000000000e+00 0.000000000000000000e+00 1.820000000000000000e+02 0.000000000000000000e+00 0.000000000000000000e+00 1.000000000000000000e+00
0.000000000000000000e+00 3.400000000000000000e+01 1.000000000000000000e+00 9.349999999999999645e+00 -2.358900953270599843e-02 -inf 0.000000000000000000e+00 0.000000000000000000e+00 1.820000000000000000e+02 0.000000000000000000e+00 0.000000000000000000e+00 1.000000000000000000e+00
0.000000000000000000e+00 3.400000000000000000e+01 1.000000000000000000e+00 9.359999999999999432e+00 -2.131226599150669310e-02 -inf 0.000000000000000000e+00 0.000000000000000000e+00 1.820000000000000000e+02 0.000000000000000000e+00 0.000000000000000000e+00 1.000000000000000000e+00
0.000000000000000000e+00 3.400000000000000000e+01 1.000000000000000000e+00 9.369999999999999218e+00 -1.914976417399574804e-02 -inf 0.000000000000000000e+00 0.000000000000000000e+00 1.820000000000000000e+02 0.000000000000000000e+00 0.000000000000000000e+00 1.000000000000000000e+00
0.000000000000000000e+00 3.400000000000000000e+01 1.000000000000000000e+00 9.380000000000000782e+00 -1.716138300827238852e-02 -inf 0.000000000000000000e+00 0.000000000000000000e+00 1.820000000000000000e+02 0.000000000000000000e+00 0.000000000000000000e+00 1.000000000000000000e+00
0.000000000000000000e+00 3.400000000000000000e+01 1.000000000000000000e+00 9.390000000000000568e+00 -1.537468700315563867e-02 -inf 0.000000000000000000e+00 0.000000000000000000e+00 1.820000000000000000e+02 0.000000000000000000e+00 0.000000000000000000e+00 1.000000000000000000e+00
0.000000000000000000e+00 3.400000000000000000e+01 1.000000000000000000e+00 9.400000000000000355e+00 -1.379628673542674863e-02 -inf 0.000000000000000000e+00 0.000000000000000000e+00 1.820000000000000000e+02 0.000000000000000000e+00 0.000000000000000000e+00 1.000000000000000000e+00
0.000000000000000000e+00 3.400000000000000000e+01 1.000000000000000000e+00 9.410000000000000142e+00 -1.241972691015062746e-02 -inf 0.000000000000000000e+00 0.000000000000000000e+00 1.820000000000000000e+02 0.000000000000000000e+00 0.000000000000000000e+00 1.000000000000000000e+00
0.000000000000000000e+00 3.400000000000000000e+01 1.000000000000000000e+00 9.419999999999999929e+00 -1.123088381885950678e-02 -inf 0.000000000000000000e+00 0.000000000000000000e+00 1.820000000000000000e+02 0.000000000000000000e+00 0.000000000000000000e+00 1.000000000000000000e+00
0.000000000000000000e+00 3.400000000000000000e+01 1.000000000000000000e+00 9.429999999999999716e+00 -1.021158729506469083e-02 -inf 0.000000000000000000e+00 0.000000000000000000e+00 1.820000000000000000e+02 0.000000000000000000e+00 0.000000000000000000e+00 1.000000000000000000e+00
0.000000000000000000e+00 3.400000000000000000e+01 1.000000000000000000e+00 9.439999999999999503e+00 -9.341985634432461993e-03 -inf 0.000000000000000000e+00 0.000000000000000000e+00 1.820000000000000000e+02 0.000000000000000000e+00 0.000000000000000000e+00 1.000000000000000000e+00
0.000000000000000000e+00 3.400000000000000000e+01 1.000000000000000000e+00 9.449999999999999289e+00 -8.602027282932429159e-03 -inf 0.000000000000000000e+00 0.000000000000000000e+00 1.820000000000000000e+02 0.000000000000000000e+00 0.000000000000000000e+00 1.000000000000000000e+00
0.000000000000000000e+00 3.400000000000000000e+01 1.000000000000000000e+00 9.460000000000000853e+00 -7.972326871528895992e-03 -inf 0.000000000000000000e+00 0.000000000000000000e+00 1.820000000000000000e+02 0.000000000000000000e+00 0.000000000000000000e+00 1.000000000000000000e+00
0.000000000000000000e+00 3.400000000000000000e+01 1.000000000000000000e+00 9.470000000000000639e+00 -7.434605299661532080e-03 -inf 0.000000000000000000e+00 0.000000000000000000e+00 1.820000000000000000e+02 0.000000000000000000e+00 0.000000000000000000e+00 1.000000000000000000e+00
0.000000000000000000e+00 3.400000000000000000e+01 1.000000000000000000e+00 9.480000000000000426e+00 -6.971836518316592256e-03 -inf 0.000000000000000000e+00 0.000000000000000000e+00 1.820000000000000000e+02 0.000000000000000000e+00 0.000000000000000000e+00 1.000000000000000000e+00
0.000000000000000000e+00 3.400000000000000000e+01 1.000000000000000000e+00 9.490000000000000213e+00 -6.568191826423610234e-03 -inf 0.000000000000000000e+00 0.000000000000000000e+00 1.820000000000000000e+02 0.000000000000000000e+00 0.000000000000000000e+00 1.000000000000000000e+00
0.000000000000000000e+00 3.400000000000000000e+01 1.000000000000000000e+00 9.500000000000000000e+00 -6.208841682190254473e-03 -inf 0.000000000000000000e+00 0.000000000000000000e+00 1.820000000000000000e+02 0.000000000000000000e+00 0.000000000000000000e+00 1.000000000000000000e+00
0.000000000000000000e+00 3.400000000000000000e+01 1.000000000000000000e+00 9.509999999999999787e+00 -5.879652105069425351e-03 -inf 0.000000000000000000e+00 0.000000000000000000e+00 1.820000000000000000e+02 0.000000000000000000e+00 0.000000000000000000e+00 1.000000000000000000e+00
0.000000000000000000e+00 3.400000000000000000e+01 1.000000000000000000e+00 9.519999999999999574e+00 -5.566795336710392457e-03 -inf 0.000000000000000000e+00 0.000000000000000000e+00 1.820000000000000000e+02 0.000000000000000000e+00 0.000000000000000000e+00 1.000000000000000000e+00
0.000000000000000000e+00 3.400000000000000000e+01 1.000000000000000000e+00 9.529999999999999361e+00 -5.256280731822098908e-03 -inf 0.000000000000000000e+00 0.000000000000000000e+00 1.820000000000000000e+02 0.000000000000000000e+00 0.000000000000000000e+00 1.000000000000000000e+00
0.000000000000000000e+00 3.400000000000000000e+01 1.000000000000000000e+00 9.539999999999999147e+00 -4.933400450207771348e-03 -inf 0.000000000000000000e+00 0.000000000000000000e+00 1.820000000000000000e+02 0.000000000000000000e+00 0.000000000000000000e+00 1.000000000000000000e+00
0.000000000000000000e+00 3.400000000000000000e+01 1.000000000000000000e+00 9.550000000000000711e+00 -4.582074277205605908e-03 -inf 0.000000000000000000e+00 0.000000000000000000e+00 1.820000000000000000e+02 0.000000000000000000e+00 0.000000000000000000e+00 1.000000000000000000e+00
0.000000000000000000e+00 3.400000000000000000e+01 1.000000000000000000e+00 9.560000000000000497e+00 -4.184067838341884275e-03 -inf 0.000000000000000000e+00 0.000000000000000000e+00 1.820000000000000000e+02 0.000000000000000000e+00 0.000000000000000000e+00 1.000000000000000000e+00
0.000000000000000000e+00 3.400000000000000000e+01 1.000000000000000000e+00 9.570000000000000284e+00 -3.718047707237053141e-03 -inf 0.000000000000000000e+00 0.000000000000000000e+00 1.820000000000000000e+02 0.000000000000000000e+00 0.000000000000000000e+00 1.000000000000000000e+00
0.000000000000000000e+00 3.400000000000000000e+01 1.000000000000000000e+00 9.580000000000000071e+00 -3.158424557092840129e-03 -inf 0.000000000000000000e+00 0.000000000000000000e+00 1.820000000000000000e+02 0.000000000000000000e+00 0.000000000000000000e+00 1.000000000000000000e+00
0.000000000000000000e+00 3.400000000000000000e+01 1.000000000000000000e+00 9.589999999999999858e+00 -2.473920640581617810e-03 -inf 0.000000000000000000e+00 0.000000000000000000e+00 1.820000000000000000e+02 0.000000000000000000e+00 0.000000000000000000e+00 1.000000000000000000e+00
0.000000000000000000e+00 3.400000000000000000e+01 1.000000000000000000e+00 9.599999999999999645e+00 -1.625779436802515104e-03 -inf 0.000000000000000000e+00 0.000000000000000000e+00 1.820000000000000000e+02 0.000000000000000000e+00 0.000000000000000000e+00 1.000000000000000000e+00
0.000000000000000000e+00 3.400000000000000000e+01 1.000000000000000000e+00 9.609999999999999432e+00 -5.655120069692357379e-04 -inf 0.000000000000000000e+00 0.000000000000000000e+00 1.820000000000000000e+02 0.000000000000000000e+00 0.000000000000000000e+00 1.000000000000000000e+00
0.000000000000000000e+00 3.400000000000000000e+01 1.000000000000000000e+00 9.619999999999999218e+00 7.679551134584221977e-04 -inf 0.000000000000000000e+00 0.000000000000000000e+00 1.820000000000000000e+02 0.000000000000000000e+00 0.000000000000000000e+00 1.000000000000000000e+00
0.000000000000000000e+00 3.400000000000000000e+01 1.000000000000000000e+00 9.630000000000000782e+00 2.451903759689042644e-03 -inf 0.000000000000000000e+00 0.000000000000000000e+00 1.820000000000000000e+02 0.000000000000000000e+00 0.000000000000000000e+00 1.000000000000000000e+00
0.000000000000000000e+00 3.400000000000000000e+01 1.000000000000000000e+00 9.640000000000000568e+00 4.584441990595336525e-03 -inf 0.000000000000000000e+00 0.000000000000000000e+00 1.820000000000000000e+02 0.000000000000000000e+00 0.000000000000000000e+00 1.000000000000000000e+00
0.000000000000000000e+00 3.400000000000000000e+01 1.000000000000000000e+00 9.650000000000000355e+00 7.290401333005614576e-03 -inf 0.000000000000000000e+00 0.000000000000000000e+00 1.820000000000000000e+02 0.000000000000000000e+00 0.000000000000000000e+00 1.000000000000000000e+00
0.000000000000000000e+00 3.400000000000000000e+01 1.000000000000000000e+00 9.660000000000000142e+00 1.072888017286090234e-02 -inf 0.000000000000000000e+00 0.000000000000000000e+00 1.820000000000000000e+02 0.000000000000000000e+00 0.000000000000000000e+00 1.000000000000000000e+00
0.000000000000000000e+00 3.400000000000000000e+01 1.000000000000000000e+00 9.669999999999999929e+00 1.510290503502593334e-02 -inf 0.000000000000000000e+00 0.000000000000000000e+00 1.820000000000000000e+02 0.000000000000000000e+00 0.000000000000000000e+00 1.000000000000000000e+00
0.000000000000000000e+00 3.400000000000000000e+01 1.000000000000000000e+00 9.679999999999999716e+00 2.067181701873447436e-02 -inf 0.000000000000000000e+00 0.000000000000000000e+00 1.820000000000000000e+02 0.000000000000000000e+00 0.000000000000000000e+00 1.000000000000000000e+00
0.000000000000000000e+00 3.400000000000000000e+01 1.000000000000000000e+00 9.689999999999999503e+00 2.776716568732267437e-02 -inf 0.000000000000000000e+00 0.000000000000000000e+00 1.820000000000000000e+02 0.000000000000000000e+00 0.000000000000000000e+00 1.000000000000000000e+00
0.000000000000000000e+00 3.400000000000000000e+01 1.000000000000000000e+00 9.699999999999999289e+00 3.681311887051608167e-02 -inf 0.000000000000000000e+00 0.000000000000000000e+00 1.820000000000000000e+02 0.000000000000000000e+00 0.000000000000000000e+00 1.000000000000000000e+00
0.000000000000000000e+00 3.400000000000000000e+01 1.000000000000000000e+00 9.710000000000000853e+00 4.835268919540422483e-02 -inf 0.000000000000000000e+00 0.000000000000000000e+00 1.820000000000000000e+02 0.000000000000000000e+00 0.000000000000000000e+00 1.000000000000000000e+00
0.000000000000000000e+00 3.400000000000000000e+01 1.000000000000000000e+00 9.720000000000000639e+00 6.308145627157607516e-02 -inf 0.000000000000000000e+00 0.000000000000000000e+00 1.820000000000000000e+02 0.000000000000000000e+00 0.000000000000000000e+00 1.000000000000000000e+00
0.000000000000000000e+00 3.400000000000000000e+01 1.000000000000000000e+00 9.730000000000000426e+00 8.189095269867910365e-02 -inf 0.000000000000000000e+00 0.000000000000000000e+00 1.820000000000000000e+02 0.000000000000000000e+00 0.000000000000000000e+00 1.000000000000000000e+00
0.000000000000000000e+00 3.400000000000000000e+01 1.000000000000000000e+00 9.740000000000000213e+00 1.059245154042229853e-01 -inf 0.000000000000000000e+00 0.000000000000000000e+00 1.820000000000000000e+02 0.000000000000000000e+00 0.000000000000000000e+00 1.000000000000000000e+00
0.000000000000000000e+00 3.400000000000000000e+01 1.000000000000000000e+00 9.750000000000000000e+00 1.366492240836219008e-01 -inf 0.000000000000000000e+00 0.000000000000000000e+00 1.820000000000000000e+02 0.000000000000000000e+00 0.000000000000000000e+00 1.000000000000000000e+00
0.000000000000000000e+00 3.400000000000000000e+01 1.000000000000000000e+00 9.759999999999999787e+00 1.759486113711621336e-01 -inf 0.000000000000000000e+00 0.000000000000000000e+00 1.820000000000000000e+02 0.000000000000000000e+00 0.000000000000000000e+00 1.000000000000000000e+00
0.000000000000000000e+00 3.400000000000000000e+01 1.000000000000000000e+00 9.769999999999999574e+00 2.262422072070556511e-01 -inf 0.000000000000000000e+00 0.000000000000000000e+00 1.820000000000000000e+02 0.000000000000000000e+00 0.000000000000000000e+00 1.000000000000000000e+00
0.000000000000000000e+00 3.400000000000000000e+01 1.000000000000000000e+00 9.779999999999999361e+00 2.906397668478477025e-01 -inf 0.000000000000000000e+00 0.000000000000000000e+00 1.820000000000000000e+02 0.000000000000000000e+00 0.000000000000000000e+00 1.000000000000000000e+00
0.000000000000000000e+00 3.400000000000000000e+01 1.000000000000000000e+00 9.789999999999999147e+00 3.731403506399056935e-01 -inf 0.000000000000000000e+00 0.000000000000000000e+00 1.820000000000000000e+02 0.000000000000000000e+00 0.000000000000000000e+00 1.000000000000000000e+00
0.000000000000000000e+00 3.400000000000000000e+01 1.000000000000000000e+00 9.800000000000000711e+00 4.788894335755291554e-01 -inf 0.000000000000000000e+00 0.000000000000000000e+00 1.820000000000000000e+02 0.000000000000000000e+00 0.000000000000000000e+00 1.000000000000000000e+00
0.000000000000000000e+00 3.400000000000000000e+01 1.000000000000000000e+00 9.810000000000000497e+00 6.145111315517542971e-01 -inf 0.000000000000000000e+00 0.000000000000000000e+00 1.820000000000000000e+02 0.000000000000000000e+00 0.000000000000000000e+00 1.000000000000000000e+00
0.000000000000000000e+00 3.400000000000000000e+01 1.000000000000000000e+00 9.820000000000000284e+00 7.885377098453716371e-01 -inf 0.000000000000000000e+00 0.000000000000000000e+00 1.820000000000000000e+02 0.000000000000000000e+00 0.000000000000000000e+00 1.000000000000000000e+00
0.000000000000000000e+00 3.400000000000000000e+01 1.000000000000000000e+00 9.830000000000000071e+00 1.011965140392883766e+00 -inf 0.000000000000000000e+00 0.000000000000000000e+00 1.820000000000000000e+02 0.000000000000000000e+00 0.000000000000000000e+00 1.000000000000000000e+00
0.000000000000000000e+00 3.400000000000000000e+01 1.000000000000000000e+00 9.839999999999999858e+00 1.298972057963162285e+00 -inf 0.000000000000000000e+00 1.000000000000000000e+00 1.820000000000000000e+02 0.000000000000000000e+00 0.000000000000000000e+00 1.000000000000000000e+00
0.000000000000000000e+00 3.400000000000000000e+01 1.000000000000000000e+00 9.849999999999999645e+00 1.011793877977274381e+00 -inf 0.000000000000000000e+00 0.000000000000000000e+00 1.820000000000000000e+02 0.000000000000000000e+00 0.000000000000000000e+00 1.000000000000000000e+00
0.000000000000000000e+00 3.400000000000000000e+01 1.000000000000000000e+00 9.859999999999999432e+00 7.881855740458553194e-01 -inf 0.000000000000000000e+00 0.000000000000000000e+00 1.820000000000000000e+02 0.000000000000000000e+00 0.000000000000000000e+00 1.000000000000000000e+00
0.000000000000000000e+00 3.400000000000000000e+01 1.000000000000000000e+00 9.869999999999999218e+00 6.139583475455276940e-01 -inf 0.000000000000000000e+00 0.000000000000000000e+00 1.820000000000000000e+02 0.000000000000000000e+00 0.000000000000000000e+00 1.000000000000000000e+00
0.000000000000000000e+00 3.400000000000000000e+01 1.000000000000000000e+00 9.880000000000000782e+00 4.781049241564695462e-01 -inf 0.000000000000000000e+00 0.000000000000000000e+00 1.820000000000000000e+02 0.000000000000000000e+00 0.000000000000000000e+00 1.000000000000000000e+00
0.000000000000000000e+00 3.400000000000000000e+01 1.000000000000000000e+00 9.890000000000000568e+00 3.720799445285090101e-01 -inf 0.000000000000000000e+00 0.000000000000000000e+00 1.820000000000000000e+02 0.000000000000000000e+00 0.000000000000000000e+00 1.000000000000000000e+00
0.000000000000000000e+00 3.400000000000000000e+01 1.000000000000000000e+00 9.900000000000000355e+00 2.892436474201888763e-01 -inf 0.000000000000000000e+00 0.000000000000000000e+00 1.820000000000000000e+02 0.000000000000000000e+00 0.000000000000000000e+00 1.000000000000000000e+00
0.000000000000000000e+00 3.400000000000000000e+01 1.000000000000000000e+00 9.910000000000000142e+00 2.244314497874251579e-01 -inf 0.000000000000000000e+00 0.000000000000000000e+00 1.820000000000000000e+02 0.000000000000000000e+00 0.000000000000000000e+00 1.000000000000000000e+00
0.000000000000000000e+00 3.400000000000000000e+01 1.000000000000000000e+00 9.919999999999999929e+00 1.736206024517986113e-01 -inf 0.000000000000000000e+00 0.000000000000000000e+00 1.820000000000000000e+02 0.000000000000000000e+00 0.000000000000000000e+00 1.000000000000000000e+00
0.000000000000000000e+00 3.400000000000000000e+01 1.000000000000000000e+00 9.929999999999999716e+00 1.336716883015456048e-01 -inf 0.000000000000000000e+00 0.000000000000000000e+00 1.820000000000000000e+02 0.000000000000000000e+00 0.000000000000000000e+00 1.000000000000000000e+00
0.000000000000000000e+00 3.400000000000000000e+01 1.000000000000000000e+00 9.939999999999999503e+00 1.021277915981775031e-01 -inf 0.000000000000000000e+00 0.000000000000000000e+00 1.820000000000000000e+02 0.000000000000000000e+00 0.000000000000000000e+00 1.000000000000000000e+00
0.000000000000000000e+00 3.400000000000000000e+01 1.000000000000000000e+00 9.949999999999999289e+00 7.705805357929274013e-02 -inf 0.000000000000000000e+00 0.000000000000000000e+00 1.820000000000000000e+02 0.000000000000000000e+00 0.000000000000000000e+00 1.000000000000000000e+00
0.000000000000000000e+00 3.400000000000000000e+01 1.000000000000000000e+00 9.960000000000000853e+00 5.693531042251146618e-02 -inf 0.000000000000000000e+00 0.000000000000000000e+00 1.820000000000000000e+02 0.000000000000000000e+00 0.000000000000000000e+00 1.000000000000000000e+00
0.000000000000000000e+00 3.400000000000000000e+01 1.000000000000000000e+00 9.970000000000000639e+00 4.053979066618319110e-02 -inf 0.000000000000000000e+00 0.000000000000000000e+00 1.820000000000000000e+02 0.000000000000000000e+00 0.000000000000000000e+00 1.000000000000000000e+00
0.000000000000000000e+00 3.400000000000000000e+01 1.000000000000000000e+00 9.980000000000000426e+00 2.688258746732737764e-02 -inf 0.000000000000000000e+00 0.000000000000000000e+00 1.820000000000000000e+02 0.000000000000000000e+00 0.000000000000000000e+00 1.000000000000000000e+00
0.000000000000000000e+00 3.400000000000000000e+01 1.000000000000000000e+00 9.990000000000000213e+00 1.514393599278290523e-02 -inf 0.000000000000000000e+00 0.000000000000000000e+00 1.820000000000000000e+02 0.000000000000000000e+00 0.000000000000000000e+00 1.000000000000000000e+00
0.000000000000000000e+00 3.400000000000000000e+01 1.000000000000000000e+00 1.000000000000000000e+01 4.622307841891628438e-03 -inf 0.000000000000000000e+00 0.000000000000000000e+00 1.820000000000000000e+02 0.000000000000000000e+00 0.000000000000000000e+00 1.000000000000000000e+00
