560 0 200.0 201 0.6905559819999922 7.96 0.0050433276462897 0.06579968144035964 True False -0.05586626042301622 65.64780197110979 -32.81022200901349 -1.8120059384678553 165.0256188674891 -82.51161483589341
560 1 200.0 201 1.1322453339999896 7.96 0.0050433276462897 0.0817236791728282 True False -0.05586626042301622 65.64780197110979 -32.81022200901349 -1.8120059384678553 165.0256188674891 -82.51161483589341
560 2 200.0 201 1.5732725409999944 7.96 0.0050433276462897 0.07355388256722058 True False -0.05586626042301622 65.64780197110979 -32.81022200901349 -1.8120059384678553 165.0256188674891 -82.51161483589341
560 3 200.0 201 2.016813448999997 7.96 0.0050433276462897 0.048252987179455205 True False -0.05586626042301622 65.64780197110979 -32.81022200901349 -1.8120059384678553 165.0256188674891 -82.51161483589341
560 4 200.0 201 2.4557008469999886 7.96 0.0050433276462897 0.05846427440876957 True False -0.05586626042301622 65.64780197110979 -32.81022200901349 -1.8120059384678553 165.0256188674891 -82.51161483589341
560 5 200.0 201 2.9111944969999968 7.96 0.0050433276462897 0.09030570638860357 True False -0.05586626042301622 65.64780197110979 -32.81022200901349 -1.8120059384678553 165.0256188674891 -82.51161483589341
560 6 200.0 201 3.3550107810000043 7.96 0.0050433276462897 0.0696246287435633 True False -0.05586626042301622 65.64780197110979 -32.81022200901349 -1.8120059384678553 165.0256188674891 -82.51161483589341
560 7 200.0 201 3.8100057489999983 7.96 0.0050433276462897 0.07758703785838335 True False -0.05586626042301622 65.64780197110979 -32.81022200901349 -1.8120059384678553 165.0256188674891 -82.51161483589341
560 8 200.0 202 4.251626922 7.96 0.0050433276462897 0.062079435278785795 True False -0.05586626042301622 65.64780197110979 -32.81022200901349 -1.8120059384678553 165.0256188674891 -82.51161483589341
560 9 200.0 202 4.7085025619999925 7.96 0.0050433276462897 0.054954572470590386 True False -0.05586626042301622 65.64780197110979 -32.81022200901349 -1.8120059384678553 165.0256188674891 -82.51161483589341
560 10 200.0 202 5.153410559999983 7.96 0.0050433276462897 0.08596338071660287 True False -0.05586626042301622 65.64780197110979 -32.81022200901349 -1.8120059384678553 165.0256188674891 -82.51161483589341
560 11 200.0 202 5.610052223999986 7.96 0.0050433276462897 0.09475020982418636 True False -0.05586626042301622 65.64780197110979 -32.81022200901349 -1.8120059384678553 165.0256188674891 -82.51161483589341
560 12 200.0 202 6.053064105999994 7.96 0.0050433276462897 0.05155069255750839 True False -0.05586626042301622 65.64780197110979 -32.81022200901349 -1.8120059384678553 165.0256188674891 -82.51161483589341
560 13 200.0 202 6.510360825999996 7.96 0.0050433276462897 0.03613058885547882 True False -0.05586626042301622 65.64780197110979 -32.81022200901349 -1.8120059384678553 165.0256188674891 -82.51161483589341
560 14 200.0 202 6.9538702279999995 7.96 0.0050433276462897 0.07355388256722058 False True -0.05586626042301622 65.64780197110979 -32.81022200901349 -1.8120059384678553 165.0256188674891 -82.51161483589341
560 15 212.0 214 7.668026279999992 8.23 0.07355388256722058 0.021185450560540237 True False -0.05586626042301622 65.64780197110979 -32.81022200901349 -1.8120059384678553 165.0256188674891 -82.51161483589341
560 16 212.0 214 8.114766263999996 8.23 0.07355388256722058 0.02816930905553868 True False -0.05586626042301622 65.64780197110979 -32.81022200901349 -1.8120059384678553 165.0256188674891 -82.51161483589341
560 17 212.0 214 8.547181838 8.23 0.07355388256722058 0.01518562539173631 True False -0.05586626042301622 65.64780197110979 -32.81022200901349 -1.8120059384678553 165.0256188674891 -82.51161483589341
560 18 212.0 214 8.972439666999989 8.23 0.07355388256722058 0.025732409175506035 True False -0.05586626042301622 65.64780197110979 -32.81022200901349 -1.8120059384678553 165.0256188674891 -82.51161483589341
560 19 212.0 215 9.395809035999989 8.23 0.07355388256722058 0.030714818544053873 True False -0.05586626042301622 65.64780197110979 -32.81022200901349 -1.8120059384678553 165.0256188674891 -82.51161483589341
560 20 212.0 215 9.832444084999977 8.23 0.07355388256722058 0.0234043747057847 True False -0.05586626042301622 65.64780197110979 -32.81022200901349 -1.8120059384678553 165.0256188674891 -82.51161483589341
560 21 212.0 215 10.250985792999984 8.23 0.07355388256722058 0.03336867097714238 True False -0.05586626042301622 65.64780197110979 -32.81022200901349 -1.8120059384678553 165.0256188674891 -82.51161483589341
560 22 212.0 215 10.687844178999981 8.23 0.07355388256722058 0.019075870741786707 True False -0.05586626042301622 65.64780197110979 -32.81022200901349 -1.8120059384678553 165.0256188674891 -82.51161483589341
560 23 212.0 215 11.112115193999983 8.23 0.07355388256722058 0.03900028387207058 True False -0.05586626042301622 65.64780197110979 -32.81022200901349 -1.8120059384678553 165.0256188674891 -82.51161483589341
560 24 212.0 215 11.547123766999988 8.23 0.07355388256722058 0.02816930905553868 False True -0.05586626042301622 65.64780197110979 -32.81022200901349 -1.8120059384678553 165.0256188674891 -82.51161483589341
560 25 224.0 227 12.292519412999994 8.23 0.07355388256722058 0.01017555990871717 True False -0.05586626042301622 65.64780197110979 -32.81022200901349 -1.8120059384678553 165.0256188674891 -82.51161483589341
560 26 224.0 227 12.747919093999997 8.23 0.07355388256722058 0.14470957493766565 True False -0.05586626042301622 65.64780197110979 -32.81022200901349 -1.8120059384678553 165.0256188674891 -82.51161483589341
560 27 224.0 227 13.210445332999996 8.23 0.07355388256722058 0.12353668530902254 True False -0.05586626042301622 65.64780197110979 -32.81022200901349 -1.8120059384678553 165.0256188674891 -82.51161483589341
560 28 224.0 227 13.669254898999995 8.23 0.07355388256722058 0.013405373098574806 True False -0.05586626042301622 65.64780197110979 -32.81022200901349 -1.8120059384678553 165.0256188674891 -82.51161483589341
560 29 224.0 227 14.128010930000002 8.23 0.07355388256722058 0.00011615776019926091 True False -0.05586626042301622 65.64780197110979 -32.81022200901349 -1.8120059384678553 165.0256188674891 -82.51161483589341
560 30 224.0 228 14.574394892 8.23 0.07355388256722058 0.0003417519366906319 True False -0.05586626042301622 65.64780197110979 -32.81022200901349 -1.8120059384678553 165.0256188674891 -82.51161483589341
560 31 224.0 228 15.030940728000004 8.23 0.07355388256722058 0.00011615776019926091 False True -0.05586626042301622 65.64780197110979 -32.81022200901349 -1.8120059384678553 165.0256188674891 -82.51161483589341
560 32 236.0 240 15.755491273999993 7.88 0.00011615776019926091 0.003111388702851838 True False -0.05586626042301622 65.64780197110979 -32.81022200901349 -1.8120059384678553 165.0256188674891 -82.51161483589341
560 33 236.0 240 16.189711391000003 7.88 0.00011615776019926091 0.0023320545572573506 True False -0.05586626042301622 65.64780197110979 -32.81022200901349 -1.8120059384678553 165.0256188674891 -82.51161483589341
560 34 236.0 240 16.626082072000003 7.88 0.00011615776019926091 0.004002201117768286 True False -0.05586626042301622 65.64780197110979 -32.81022200901349 -1.8120059384678553 165.0256188674891 -82.51161483589341
560 35 236.0 240 17.048785776999992 7.88 0.00011615776019926091 0.004002201117768286 False True -0.05586626042301622 65.64780197110979 -32.81022200901349 -1.8120059384678553 165.0256188674891 -82.51161483589341
560 36 248.0 252 17.752830008999993 7.88 0.00011615776019926091 0.0003306503829561481 True False -0.05586626042301622 65.64780197110979 -32.81022200901349 -1.8120059384678553 165.0256188674891 -82.51161483589341
560 37 248.0 252 18.23380663399999 7.88 0.00011615776019926091 0.023348094645683787 True False -0.05586626042301622 65.64780197110979 -32.81022200901349 -1.8120059384678553 165.0256188674891 -82.51161483589341
560 38 248.0 252 18.714453564999985 7.88 0.00011615776019926091 0.019019182532488597 True False -0.05586626042301622 65.64780197110979 -32.81022200901349 -1.8120059384678553 165.0256188674891 -82.51161483589341
560 39 248.0 252 19.173838178999986 7.88 0.00011615776019926091 0.025677072933161092 True False -0.05586626042301622 65.64780197110979 -32.81022200901349 -1.8120059384678553 165.0256188674891 -82.51161483589341
560 40 248.0 252 19.65144266899999 7.88 0.00011615776019926091 0.025677072933161092 False True -0.05586626042301622 65.64780197110979 -32.81022200901349 -1.8120059384678553 165.0256188674891 -82.51161483589341
560 41 260.0 264 20.388079943999998 7.65 0.025677072933161092 0.051530359712352286 True False -0.05586626042301622 65.64780197110979 -32.81022200901349 -1.8120059384678553 165.0256188674891 -82.51161483589341
560 42 260.0 264 20.826241496999998 7.65 0.025677072933161092 0.04502911827894056 True False -0.05586626042301622 65.64780197110979 -32.81022200901349 -1.8120059384678553 165.0256188674891 -82.51161483589341
560 43 260.0 265 21.252025594000003 7.65 0.025677072933161092 0.058459246019888396 True False -0.05586626042301622 65.64780197110979 -32.81022200901349 -1.8120059384678553 165.0256188674891 -82.51161483589341
560 44 260.0 265 21.690896152999997 7.65 0.025677072933161092 0.05494151045148907 True False -0.05586626042301622 65.64780197110979 -32.81022200901349 -1.8120059384678553 165.0256188674891 -82.51161483589341
560 45 260.0 265 22.12533494099999 7.65 0.025677072933161092 0.0620832266955567 True False -0.05586626042301622 65.64780197110979 -32.81022200901349 -1.8120059384678553 165.0256188674891 -82.51161483589341
560 46 260.0 265 22.56503372199998 7.65 0.025677072933161092 0.0620832266955567 False True -0.05586626042301622 65.64780197110979 -32.81022200901349 -1.8120059384678553 165.0256188674891 -82.51161483589341
560 47 272.0 277 23.28685462599998 7.65 0.025677072933161092 0.01335140872594877 True False -0.05586626042301622 65.64780197110979 -32.81022200901349 -1.8120059384678553 165.0256188674891 -82.51161483589341
560 48 272.0 277 23.76701968499998 7.65 0.025677072933161092 0.03331941395796698 True False -0.05586626042301622 65.64780197110979 -32.81022200901349 -1.8120059384678553 165.0256188674891 -82.51161483589341
560 49 272.0 277 24.25209279099998 7.65 0.025677072933161092 0.038958025718796155 True False -0.05586626042301622 65.64780197110979 -32.81022200901349 -1.8120059384678553 165.0256188674891 -82.51161483589341
560 50 272.0 277 24.733814283999976 7.65 0.025677072933161092 0.017019657466971153 True False -0.05586626042301622 65.64780197110979 -32.81022200901349 -1.8120059384678553 165.0256188674891 -82.51161483589341
560 51 272.0 277 25.226938393999973 7.65 0.025677072933161092 0.11372006086971556 True False -0.05586626042301622 65.64780197110979 -32.81022200901349 -1.8120059384678553 165.0256188674891 -82.51161483589341
560 52 272.0 277 25.707435213999972 7.65 0.025677072933161092 0.09941879751249567 True False -0.05586626042301622 65.64780197110979 -32.81022200901349 -1.8120059384678553 165.0256188674891 -82.51161483589341
560 53 272.0 277 26.18910247099997 7.65 0.025677072933161092 0.13419828994471494 True False -0.05586626042301622 65.64780197110979 -32.81022200901349 -1.8120059384678553 165.0256188674891 -82.51161483589341
560 54 272.0 278 26.66613746599998 7.65 0.025677072933161092 0.1289291440460062 True False -0.05586626042301622 65.64780197110979 -32.81022200901349 -1.8120059384678553 165.0256188674891 -82.51161483589341
560 55 272.0 278 27.14992138599999 7.65 0.025677072933161092 0.12375938893782863 True False -0.05586626042301622 65.64780197110979 -32.81022200901349 -1.8120059384678553 165.0256188674891 -82.51161483589341
560 56 272.0 278 27.63050013199998 7.65 0.025677072933161092 0.14503268469689684 True False -0.05586626042301622 65.64780197110979 -32.81022200901349 -1.8120059384678553 165.0256188674891 -82.51161483589341
560 57 272.0 278 28.124880738999977 7.65 0.025677072933161092 0.13956631175192669 True False -0.05586626042301622 65.64780197110979 -32.81022200901349 -1.8120059384678553 165.0256188674891 -82.51161483589341
560 58 272.0 278 28.592386241999975 7.65 0.025677072933161092 0.14503268469689684 False True -0.05586626042301622 65.64780197110979 -32.81022200901349 -1.8120059384678553 165.0256188674891 -82.51161483589341
560 59 284.0 290 29.371938356999976 7.65 0.025677072933161092 0.010125352379573616 True False -0.05586626042301622 65.64780197110979 -32.81022200901349 -1.8120059384678553 165.0256188674891 -82.51161483589341
560 60 284.0 290 29.86633596999998 7.65 0.025677072933161092 0.01513034057699218 True False -0.05586626042301622 65.64780197110979 -32.81022200901349 -1.8120059384678553 165.0256188674891 -82.51161483589341
560 61 284.0 290 30.347270958999985 7.65 0.025677072933161092 0.03608452074067204 True False -0.05586626042301622 65.64780197110979 -32.81022200901349 -1.8120059384678553 165.0256188674891 -82.51161483589341
560 62 284.0 290 30.84333067499999 7.65 0.025677072933161092 0.03066296982198592 True False -0.05586626042301622 65.64780197110979 -32.81022200901349 -1.8120059384678553 165.0256188674891 -82.51161483589341
560 63 284.0 290 31.32639292499998 7.65 0.025677072933161092 0.21650803594970952 True False -0.05586626042301622 65.64780197110979 -32.81022200901349 -1.8120059384678553 165.0256188674891 -82.51161483589341
560 64 284.0 290 31.820786311999967 7.65 0.025677072933161092 0.02112872788821693 True False -0.05586626042301622 65.64780197110979 -32.81022200901349 -1.8120059384678553 165.0256188674891 -82.51161483589341
560 65 284.0 291 32.303281052999964 7.65 0.025677072933161092 0.01168302773761731 True False -0.05586626042301622 65.64780197110979 -32.81022200901349 -1.8120059384678553 165.0256188674891 -82.51161483589341
560 66 284.0 291 32.79958184199995 7.65 0.025677072933161092 0.19165463712986355 True False -0.05586626042301622 65.64780197110979 -32.81022200901349 -1.8120059384678553 165.0256188674891 -82.51161483589341
560 67 284.0 291 33.282552630999945 7.65 0.025677072933161092 0.08629926606991714 True False -0.05586626042301622 65.64780197110979 -32.81022200901349 -1.8120059384678553 165.0256188674891 -82.51161483589341
560 68 284.0 291 33.77796953299995 7.65 0.025677072933161092 0.08629926606991714 False True -0.05586626042301622 65.64780197110979 -32.81022200901349 -1.8120059384678553 165.0256188674891 -82.51161483589341
560 69 296.0 303 34.50668619299995 7.65 0.025677072933161092 0.10588663065490521 True False -0.05586626042301622 65.64780197110979 -32.81022200901349 -1.8120059384678553 165.0256188674891 -82.51161483589341
560 70 296.0 303 34.963014214999944 7.65 0.025677072933161092 0.001688146382814506 True False -0.05586626042301622 65.64780197110979 -32.81022200901349 -1.8120059384678553 165.0256188674891 -82.51161483589341
560 71 296.0 303 35.42210056099995 7.65 0.025677072933161092 0.0735902014793604 True False -0.05586626042301622 65.64780197110979 -32.81022200901349 -1.8120059384678553 165.0256188674891 -82.51161483589341
560 72 296.0 303 35.86488206499996 7.65 0.025677072933161092 0.07383496970962361 True False -0.05586626042301622 65.64780197110979 -32.81022200901349 -1.8120059384678553 165.0256188674891 -82.51161483589341
560 73 296.0 303 36.34011902299997 7.65 0.025677072933161092 0.07379223350135529 True False -0.05586626042301622 65.64780197110979 -32.81022200901349 -1.8120059384678553 165.0256188674891 -82.51161483589341
560 74 296.0 303 36.786642955999966 7.65 0.025677072933161092 0.07363537399677436 True False -0.05586626042301622 65.64780197110979 -32.81022200901349 -1.8120059384678553 165.0256188674891 -82.51161483589341
560 75 296.0 303 37.22505173699997 7.65 0.025677072933161092 0.07379223350135529 False True -0.05586626042301622 65.64780197110979 -32.81022200901349 -1.8120059384678553 165.0256188674891 -82.51161483589341
560 76 308.0 315 37.924671351999976 7.65 0.025677072933161092 0.08767996028777932 True False -0.05586626042301622 65.64780197110979 -32.81022200901349 -1.8120059384678553 165.0256188674891 -82.51161483589341
560 77 308.0 316 38.34624798999998 7.65 0.025677072933161092 0.08149214075163715 True False -0.05586626042301622 65.64780197110979 -32.81022200901349 -1.8120059384678553 165.0256188674891 -82.51161483589341
560 78 308.0 316 38.77786967799997 7.65 0.025677072933161092 0.09789043400617126 True False -0.05586626042301622 65.64780197110979 -32.81022200901349 -1.8120059384678553 165.0256188674891 -82.51161483589341
560 79 308.0 316 39.186079634999984 7.65 0.025677072933161092 0.09347754508168106 True False -0.05586626042301622 65.64780197110979 -32.81022200901349 -1.8120059384678553 165.0256188674891 -82.51161483589341
560 80 308.0 316 39.604068382999984 7.65 0.025677072933161092 0.09562935368745597 True False -0.05586626042301622 65.64780197110979 -32.81022200901349 -1.8120059384678553 165.0256188674891 -82.51161483589341
560 81 308.0 316 40.005931322999984 7.65 0.025677072933161092 0.09143523474101715 True False -0.05586626042301622 65.64780197110979 -32.81022200901349 -1.8120059384678553 165.0256188674891 -82.51161483589341
560 82 308.0 316 40.422579996999985 7.65 0.025677072933161092 0.10532687593857727 True False -0.05586626042301622 65.64780197110979 -32.81022200901349 -1.8120059384678553 165.0256188674891 -82.51161483589341
560 83 308.0 316 40.836787388999994 7.65 0.025677072933161092 0.1027394489564056 True False -0.05586626042301622 65.64780197110979 -32.81022200901349 -1.8120059384678553 165.0256188674891 -82.51161483589341
560 84 308.0 316 41.225525989999994 7.65 0.025677072933161092 0.10026054855743992 True False -0.05586626042301622 65.64780197110979 -32.81022200901349 -1.8120059384678553 165.0256188674891 -82.51161483589341
560 85 308.0 316 41.619944601 7.65 0.025677072933161092 0.11082621835307029 True False -0.05586626042301622 65.64780197110979 -32.81022200901349 -1.8120059384678553 165.0256188674891 -82.51161483589341
560 86 308.0 316 42.004487334000004 7.65 0.025677072933161092 0.10802255938576112 True False -0.05586626042301622 65.64780197110979 -32.81022200901349 -1.8120059384678553 165.0256188674891 -82.51161483589341
560 87 308.0 317 42.397927514 7.65 0.025677072933161092 0.11675628510467664 True False -0.05586626042301622 65.64780197110979 -32.81022200901349 -1.8120059384678553 165.0256188674891 -82.51161483589341
560 88 308.0 317 42.784553281 7.65 0.025677072933161092 0.11373756109701208 True False -0.05586626042301622 65.64780197110979 -32.81022200901349 -1.8120059384678553 165.0256188674891 -82.51161483589341
560 89 308.0 317 43.164366938 7.65 0.025677072933161092 0.10532687593857727 False True -0.05586626042301622 65.64780197110979 -32.81022200901349 -1.8120059384678553 165.0256188674891 -82.51161483589341
560 90 320.0 329 43.858418989 7.65 0.025677072933161092 0.0764011549187321 True False -0.05586626042301622 65.64780197110979 -32.81022200901349 -1.8120059384678553 165.0256188674891 -82.51161483589341
560 91 320.0 329 44.297810260999995 7.65 0.025677072933161092 0.07707652165770618 True False -0.05586626042301622 65.64780197110979 -32.81022200901349 -1.8120059384678553 165.0256188674891 -82.51161483589341
560 92 320.0 329 44.72421157699999 7.65 0.025677072933161092 0.07906225257908275 True False -0.05586626042301622 65.64780197110979 -32.81022200901349 -1.8120059384678553 165.0256188674891 -82.51161483589341
560 93 320.0 329 45.16291988299999 7.65 0.025677072933161092 0.1612320374980959 True False -0.05586626042301622 65.64780197110979 -32.81022200901349 -1.8120059384678553 165.0256188674891 -82.51161483589341
560 94 320.0 329 45.59632063699998 7.65 0.025677072933161092 0.07503980810679396 True False -0.05586626042301622 65.64780197110979 -32.81022200901349 -1.8120059384678553 165.0256188674891 -82.51161483589341
560 95 320.0 329 46.03686118099998 7.65 0.025677072933161092 0.07553583314046496 True False -0.05586626042301622 65.64780197110979 -32.81022200901349 -1.8120059384678553 165.0256188674891 -82.51161483589341
560 96 320.0 329 46.46393671699998 7.65 0.025677072933161092 0.0792792225727318 True False -0.05586626042301622 65.64780197110979 -32.81022200901349 -1.8120059384678553 165.0256188674891 -82.51161483589341
560 97 320.0 329 46.90491933299998 7.65 0.025677072933161092 0.084365123347256 True False -0.05586626042301622 65.64780197110979 -32.81022200901349 -1.8120059384678553 165.0256188674891 -82.51161483589341
560 98 320.0 330 47.338990164999984 7.65 0.025677072933161092 0.08022173927609313 True False -0.05586626042301622 65.64780197110979 -32.81022200901349 -1.8120059384678553 165.0256188674891 -82.51161483589341
560 99 320.0 330 47.77960497699998 7.65 0.025677072933161092 0.07801380797117971 True False -0.05586626042301622 65.64780197110979 -32.81022200901349 -1.8120059384678553 165.0256188674891 -82.51161483589341
560 100 320.0 330 48.21606013599998 7.65 0.025677072933161092 0.04193965360010121 True False -0.05586626042301622 65.64780197110979 -32.81022200901349 -1.8120059384678553 165.0256188674891 -82.51161483589341
560 101 320.0 330 48.656499445999984 7.65 0.025677072933161092 0.07452653108433757 True False -0.05586626042301622 65.64780197110979 -32.81022200901349 -1.8120059384678553 165.0256188674891 -82.51161483589341
560 102 320.0 330 49.082968764999976 7.65 0.025677072933161092 0.1408663703492171 True False -0.05586626042301622 65.64780197110979 -32.81022200901349 -1.8120059384678553 165.0256188674891 -82.51161483589341
560 103 320.0 330 49.52358910799997 7.65 0.025677072933161092 0.08287331860261739 True False -0.05586626042301622 65.64780197110979 -32.81022200901349 -1.8120059384678553 165.0256188674891 -82.51161483589341
560 104 320.0 330 49.96024493999997 7.65 0.025677072933161092 0.08178417461084996 True False -0.05586626042301622 65.64780197110979 -32.81022200901349 -1.8120059384678553 165.0256188674891 -82.51161483589341
560 105 320.0 330 50.401941011999966 7.65 0.025677072933161092 0.07566469976623949 True False -0.05586626042301622 65.64780197110979 -32.81022200901349 -1.8120059384678553 165.0256188674891 -82.51161483589341
560 106 320.0 330 50.83794874999997 7.65 0.025677072933161092 0.07625049872711227 True False -0.05586626042301622 65.64780197110979 -32.81022200901349 -1.8120059384678553 165.0256188674891 -82.51161483589341
560 107 320.0 330 51.27824753899996 7.65 0.025677072933161092 0.1674279329322783 True False -0.05586626042301622 65.64780197110979 -32.81022200901349 -1.8120059384678553 165.0256188674891 -82.51161483589341
560 108 320.0 331 51.70313748499997 7.65 0.025677072933161092 0.01513034057699218 False True -0.05586626042301622 65.64780197110979 -32.81022200901349 -1.8120059384678553 165.0256188674891 -82.51161483589341
560 109 332.0 343 52.34267016499997 7.7 0.01513034057699218 0.028115441916655597 True False -0.05586626042301622 65.64780197110979 -32.81022200901349 -1.8120059384678553 165.0256188674891 -82.51161483589341
560 110 332.0 343 52.75340342099997 7.7 0.01513034057699218 0.03608452074067204 False True -0.05586626042301622 65.64780197110979 -32.81022200901349 -1.8120059384678553 165.0256188674891 -82.51161483589341
560 111 344.0 355 53.382106807999975 7.7 0.01513034057699218 0.07724911126294126 True False -0.05586626042301622 65.64780197110979 -32.81022200901349 -1.8120059384678553 165.0256188674891 -82.51161483589341
560 112 344.0 355 53.760988505999975 7.7 0.01513034057699218 0.09608380895805672 True False -0.05586626042301622 65.64780197110979 -32.81022200901349 -1.8120059384678553 165.0256188674891 -82.51161483589341
560 113 344.0 355 54.156045697999986 7.7 0.01513034057699218 0.1890470697886604 True False -0.05586626042301622 65.64780197110979 -32.81022200901349 -1.8120059384678553 165.0256188674891 -82.51161483589341
560 114 344.0 355 54.537307554999984 7.7 0.01513034057699218 0.11742916022435126 True False -0.05586626042301622 65.64780197110979 -32.81022200901349 -1.8120059384678553 165.0256188674891 -82.51161483589341
560 115 344.0 355 54.92260610699998 7.7 0.01513034057699218 0.0741249086803038 True False -0.05586626042301622 65.64780197110979 -32.81022200901349 -1.8120059384678553 165.0256188674891 -82.51161483589341
560 116 344.0 355 55.31412483999998 7.7 0.01513034057699218 0.07906225257908275 False True -0.05586626042301622 65.64780197110979 -32.81022200901349 -1.8120059384678553 165.0256188674891 -82.51161483589341
560 117 356.0 367 55.93736976399998 1.68 0.07906225257908275 0.019019182532488597 False True -0.05586626042301622 65.64780197110979 -32.81022200901349 -1.8120059384678553 165.0256188674891 -82.51161483589341
560 118 368.0 379 56.559350575999986 7.7 0.01513034057699218 0.07493260772205418 True False -0.05586626042301622 65.64780197110979 -32.81022200901349 -1.8120059384678553 165.0256188674891 -82.51161483589341
560 119 368.0 379 56.952983909999986 7.7 0.01513034057699218 0.08596739444004022 True False -0.05586626042301622 65.64780197110979 -32.81022200901349 -1.8120059384678553 165.0256188674891 -82.51161483589341
560 120 368.0 379 57.33425004699997 7.7 0.01513034057699218 0.07707652165770618 False True -0.05586626042301622 65.64780197110979 -32.81022200901349 -1.8120059384678553 165.0256188674891 -82.51161483589341
560 121 380.0 391 57.94076927299999 7.7 0.01513034057699218 0.007342682251899513 True False -0.05586626042301622 65.64780197110979 -32.81022200901349 -1.8120059384678553 165.0256188674891 -82.51161483589341
560 122 380.0 391 58.35693398399998 7.7 0.01513034057699218 0.1854294437025929 True False -0.05586626042301622 65.64780197110979 -32.81022200901349 -1.8120059384678553 165.0256188674891 -82.51161483589341
560 123 380.0 392 58.76029657299999 7.7 0.01513034057699218 0.0 True False -0.05586626042301622 65.64780197110979 -32.81022200901349 -1.8120059384678553 165.0256188674891 -82.51161483589341
560 124 380.0 392 59.17936174399999 7.7 0.01513034057699218 0.1527753054813407 True False -0.05586626042301622 65.64780197110979 -32.81022200901349 -1.8120059384678553 165.0256188674891 -82.51161483589341
560 125 380.0 392 59.59386401599998 7.7 0.01513034057699218 0.07503980810679396 False True -0.05586626042301622 65.64780197110979 -32.81022200901349 -1.8120059384678553 165.0256188674891 -82.51161483589341
560 126 392.0 404 60.25291534199998 1.68 0.07906225257908275 0.0011080733344004544 True False -0.05586626042301622 65.64780197110979 -32.81022200901349 -1.8120059384678553 165.0256188674891 -82.51161483589341
560 127 392.0 404 60.661186787999995 1.68 0.07906225257908275 0.00010947220767746747 True False -0.05586626042301622 65.64780197110979 -32.81022200901349 -1.8120059384678553 165.0256188674891 -82.51161483589341
560 128 392.0 404 61.07449062799999 1.68 0.07906225257908275 0.001127797641437135 True False -0.05586626042301622 65.64780197110979 -32.81022200901349 -1.8120059384678553 165.0256188674891 -82.51161483589341
560 129 392.0 404 61.479895246 1.68 0.07906225257908275 0.00867852634771746 True False -0.05586626042301622 65.64780197110979 -32.81022200901349 -1.8120059384678553 165.0256188674891 -82.51161483589341
560 130 392.0 404 61.895289401 1.68 0.07906225257908275 0.0006635244930328116 True False -0.05586626042301622 65.64780197110979 -32.81022200901349 -1.8120059384678553 165.0256188674891 -82.51161483589341
560 131 392.0 404 62.313714381 1.68 0.07906225257908275 0.023348094645683787 False True -0.05586626042301622 65.64780197110979 -32.81022200901349 -1.8120059384678553 165.0256188674891 -82.51161483589341
560 132 404.0 416 62.954260857999984 7.65 0.025677072933161092 0.0023599585980184938 True False -0.05586626042301622 65.64780197110979 -32.81022200901349 -1.8120059384678553 165.0256188674891 -82.51161483589341
560 133 404.0 416 63.33590345399999 7.65 0.025677072933161092 0.011735291566849828 True False -0.05586626042301622 65.64780197110979 -32.81022200901349 -1.8120059384678553 165.0256188674891 -82.51161483589341
560 134 404.0 416 63.72168032699999 7.65 0.025677072933161092 0.15587783324664428 True False -0.05586626042301622 65.64780197110979 -32.81022200901349 -1.8120059384678553 165.0256188674891 -82.51161483589341
560 135 404.0 417 64.11385336999997 7.65 0.025677072933161092 0.0006789805015866642 True False -0.05586626042301622 65.64780197110979 -32.81022200901349 -1.8120059384678553 165.0256188674891 -82.51161483589341
560 136 404.0 417 64.49880256199997 7.65 0.025677072933161092 0.01707585831598495 True False -0.05586626042301622 65.64780197110979 -32.81022200901349 -1.8120059384678553 165.0256188674891 -82.51161483589341
560 137 404.0 417 64.87925020299996 7.65 0.025677072933161092 0.17009869445813827 True False -0.05586626042301622 65.64780197110979 -32.81022200901349 -1.8120059384678553 165.0256188674891 -82.51161483589341
560 138 404.0 417 65.27503467699997 7.65 0.025677072933161092 0.13392772236432524 True False -0.05586626042301622 65.64780197110979 -32.81022200901349 -1.8120059384678553 165.0256188674891 -82.51161483589341
560 139 404.0 417 65.65790584099996 7.65 0.025677072933161092 0.2511131894969597 True False -0.05586626042301622 65.64780197110979 -32.81022200901349 -1.8120059384678553 165.0256188674891 -82.51161483589341
560 140 404.0 417 66.05351545599994 7.65 0.025677072933161092 0.12989856830842408 True False -0.05586626042301622 65.64780197110979 -32.81022200901349 -1.8120059384678553 165.0256188674891 -82.51161483589341
560 141 404.0 417 66.43493812299995 7.65 0.025677072933161092 0.008726346200224566 True False -0.05586626042301622 65.64780197110979 -32.81022200901349 -1.8120059384678553 165.0256188674891 -82.51161483589341
560 142 404.0 417 66.82063798799994 7.65 0.025677072933161092 0.14870175331452598 True False -0.05586626042301622 65.64780197110979 -32.81022200901349 -1.8120059384678553 165.0256188674891 -82.51161483589341
560 143 404.0 417 67.21334088099995 7.65 0.025677072933161092 0.15024568504584254 True False -0.05586626042301622 65.64780197110979 -32.81022200901349 -1.8120059384678553 165.0256188674891 -82.51161483589341
560 144 404.0 417 67.60061384499996 7.65 0.025677072933161092 0.1793551568846884 True False -0.05586626042301622 65.64780197110979 -32.81022200901349 -1.8120059384678553 165.0256188674891 -82.51161483589341
560 145 404.0 418 67.98120522799995 7.65 0.025677072933161092 2.2326210100931294e-06 True False -0.05586626042301622 65.64780197110979 -32.81022200901349 -1.8120059384678553 165.0256188674891 -82.51161483589341
560 146 404.0 418 68.37673187499995 7.65 0.025677072933161092 0.13927006867877828 True False -0.05586626042301622 65.64780197110979 -32.81022200901349 -1.8120059384678553 165.0256188674891 -82.51161483589341
560 147 404.0 418 68.75964142499994 7.65 0.025677072933161092 0.23844394845115158 True False -0.05586626042301622 65.64780197110979 -32.81022200901349 -1.8120059384678553 165.0256188674891 -82.51161483589341
560 148 404.0 418 69.15523280099994 7.65 0.025677072933161092 0.20498331472488626 True False -0.05586626042301622 65.64780197110979 -32.81022200901349 -1.8120059384678553 165.0256188674891 -82.51161483589341
560 149 404.0 418 69.53577521699994 7.65 0.025677072933161092 0.2889921738689563 True False -0.05586626042301622 65.64780197110979 -32.81022200901349 -1.8120059384678553 165.0256188674891 -82.51161483589341
560 150 404.0 418 69.93154940499993 7.65 0.025677072933161092 0.26681206953958475 True False -0.05586626042301622 65.64780197110979 -32.81022200901349 -1.8120059384678553 165.0256188674891 -82.51161483589341
560 151 404.0 418 70.31542012699994 7.65 0.025677072933161092 0.2815141425455885 True False -0.05586626042301622 65.64780197110979 -32.81022200901349 -1.8120059384678553 165.0256188674891 -82.51161483589341
560 152 404.0 418 70.71136982599994 7.65 0.025677072933161092 0.2524534557653759 True False -0.05586626042301622 65.64780197110979 -32.81022200901349 -1.8120059384678553 165.0256188674891 -82.51161483589341
560 153 404.0 418 71.09258962399993 7.65 0.025677072933161092 0.3197336657352524 True False -0.05586626042301622 65.64780197110979 -32.81022200901349 -1.8120059384678553 165.0256188674891 -82.51161483589341
560 154 404.0 418 71.47864850999993 7.65 0.025677072933161092 0.3041985472421662 True False -0.05586626042301622 65.64780197110979 -32.81022200901349 -1.8120059384678553 165.0256188674891 -82.51161483589341
560 155 404.0 419 71.87273463499993 7.65 0.025677072933161092 0.2965538901568786 True False -0.05586626042301622 65.64780197110979 -32.81022200901349 -1.8120059384678553 165.0256188674891 -82.51161483589341
560 156 404.0 419 72.2591585409999 7.65 0.025677072933161092 0.31192539266241476 True False -0.05586626042301622 65.64780197110979 -32.81022200901349 -1.8120059384678553 165.0256188674891 -82.51161483589341
560 157 404.0 419 72.65107688199991 7.65 0.025677072933161092 0.27412053198434244 True False -0.05586626042301622 65.64780197110979 -32.81022200901349 -1.8120059384678553 165.0256188674891 -82.51161483589341
560 158 404.0 419 73.05270281899989 7.65 0.025677072933161092 0.34363932234927486 True False -0.05586626042301622 65.64780197110979 -32.81022200901349 -1.8120059384678553 165.0256188674891 -82.51161483589341
560 159 404.0 419 73.45043653799989 7.65 0.025677072933161092 0.3276225976344155 True False -0.05586626042301622 65.64780197110979 -32.81022200901349 -1.8120059384678553 165.0256188674891 -82.51161483589341
560 160 404.0 419 73.83856506499988 7.65 0.025677072933161092 0.33559141146662563 True False -0.05586626042301622 65.64780197110979 -32.81022200901349 -1.8120059384678553 165.0256188674891 -82.51161483589341
560 161 404.0 419 74.2333736179999 7.65 0.025677072933161092 0.2595894740497299 True False -0.05586626042301622 65.64780197110979 -32.81022200901349 -1.8120059384678553 165.0256188674891 -82.51161483589341
560 162 404.0 419 74.63626702499992 7.65 0.025677072933161092 0.3041985472421662 False True -0.05586626042301622 65.64780197110979 -32.81022200901349 -1.8120059384678553 165.0256188674891 -82.51161483589341
560 163 416.0 431 75.27906447299993 7.7 0.01513034057699218 0.16160544417846154 True False -0.05586626042301622 65.64780197110979 -32.81022200901349 -1.8120059384678553 165.0256188674891 -82.51161483589341
560 164 416.0 431 75.67719984899993 7.7 0.01513034057699218 0.15695220990309464 True False -0.05586626042301622 65.64780197110979 -32.81022200901349 -1.8120059384678553 165.0256188674891 -82.51161483589341
560 165 416.0 431 76.07796680899993 7.7 0.01513034057699218 0.11354071721372727 True False -0.05586626042301622 65.64780197110979 -32.81022200901349 -1.8120059384678553 165.0256188674891 -82.51161483589341
560 166 416.0 432 76.47287325399994 7.7 0.01513034057699218 0.17937163863854041 True False -0.05586626042301622 65.64780197110979 -32.81022200901349 -1.8120059384678553 165.0256188674891 -82.51161483589341
560 167 416.0 432 76.87217693399991 7.7 0.01513034057699218 0.16561434889127571 True False -0.05586626042301622 65.64780197110979 -32.81022200901349 -1.8120059384678553 165.0256188674891 -82.51161483589341
560 168 416.0 432 77.25811246999992 7.7 0.01513034057699218 0.089502638266762 True False -0.05586626042301622 65.64780197110979 -32.81022200901349 -1.8120059384678553 165.0256188674891 -82.51161483589341
560 169 416.0 432 77.65701932499992 7.7 0.01513034057699218 0.12868308237232245 True False -0.05586626042301622 65.64780197110979 -32.81022200901349 -1.8120059384678553 165.0256188674891 -82.51161483589341
560 170 416.0 432 78.05069403999993 7.7 0.01513034057699218 0.14473197214806383 True False -0.05586626042301622 65.64780197110979 -32.81022200901349 -1.8120059384678553 165.0256188674891 -82.51161483589341
560 171 416.0 432 78.43911865199995 7.7 0.01513034057699218 0.2173501520241437 True False -0.05586626042301622 65.64780197110979 -32.81022200901349 -1.8120059384678553 165.0256188674891 -82.51161483589341
560 172 416.0 432 78.83521793799993 7.7 0.01513034057699218 0.1733447051101604 True False -0.05586626042301622 65.64780197110979 -32.81022200901349 -1.8120059384678553 165.0256188674891 -82.51161483589341
560 173 416.0 432 79.23507166899994 7.7 0.01513034057699218 0.0003306503829561481 False True -0.05586626042301622 65.64780197110979 -32.81022200901349 -1.8120059384678553 165.0256188674891 -82.51161483589341
560 174 428.0 444 79.87593091499993 7.7 0.01513034057699218 0.11144147584821082 True False -0.05586626042301622 65.64780197110979 -32.81022200901349 -1.8120059384678553 165.0256188674891 -82.51161483589341
560 175 428.0 444 80.29151873099993 7.7 0.01513034057699218 0.10076675592987439 True False -0.05586626042301622 65.64780197110979 -32.81022200901349 -1.8120059384678553 165.0256188674891 -82.51161483589341
560 176 428.0 444 80.71140559599992 7.7 0.01513034057699218 0.20052077919776054 True False -0.05586626042301622 65.64780197110979 -32.81022200901349 -1.8120059384678553 165.0256188674891 -82.51161483589341
560 177 428.0 445 81.13086776299993 7.7 0.01513034057699218 0.01518562539173631 False True -0.05586626042301622 65.64780197110979 -32.81022200901349 -1.8120059384678553 165.0256188674891 -82.51161483589341
560 178 440.0 457 81.7788647519999 7.65 0.025677072933161092 0.07444089415111038 True False -0.05586626042301622 65.64780197110979 -32.81022200901349 -1.8120059384678553 165.0256188674891 -82.51161483589341
560 179 440.0 457 82.17916210799989 7.65 0.025677072933161092 0.084365123347256 False True -0.05586626042301622 65.64780197110979 -32.81022200901349 -1.8120059384678553 165.0256188674891 -82.51161483589341
560 180 452.0 469 82.87289272399987 7.65 0.025677072933161092 0.09039519545035848 True False -0.05586626042301622 65.64780197110979 -32.81022200901349 -1.8120059384678553 165.0256188674891 -82.51161483589341
560 181 452.0 469 83.29010900699988 7.65 0.025677072933161092 0.0031431550118830543 True False -0.05586626042301622 65.64780197110979 -32.81022200901349 -1.8120059384678553 165.0256188674891 -82.51161483589341
560 182 452.0 469 83.71158976399987 7.65 0.025677072933161092 0.15024568504584254 False True -0.05586626042301622 65.64780197110979 -32.81022200901349 -1.8120059384678553 165.0256188674891 -82.51161483589341
560 183 464.0 481 84.37035889099987 7.65 0.025677072933161092 0.2333771314483991 True False -0.05586626042301622 65.64780197110979 -32.81022200901349 -1.8120059384678553 165.0256188674891 -82.51161483589341
560 184 464.0 481 84.75752024599986 7.65 0.025677072933161092 0.10869217005738369 True False -0.05586626042301622 65.64780197110979 -32.81022200901349 -1.8120059384678553 165.0256188674891 -82.51161483589341
560 185 464.0 481 85.15836635799987 7.65 0.025677072933161092 0.11848905795525076 True False -0.05586626042301622 65.64780197110979 -32.81022200901349 -1.8120059384678553 165.0256188674891 -82.51161483589341
560 186 464.0 481 85.55561753199986 7.65 0.025677072933161092 0.10860981107987802 True False -0.05586626042301622 65.64780197110979 -32.81022200901349 -1.8120059384678553 165.0256188674891 -82.51161483589341
560 187 464.0 481 85.95536772599986 7.65 0.025677072933161092 0.1746846143697146 True False -0.05586626042301622 65.64780197110979 -32.81022200901349 -1.8120059384678553 165.0256188674891 -82.51161483589341
560 188 464.0 481 86.35349058399986 7.65 0.025677072933161092 0.20432135677679433 True False -0.05586626042301622 65.64780197110979 -32.81022200901349 -1.8120059384678553 165.0256188674891 -82.51161483589341
560 189 464.0 481 86.75392961199985 7.65 0.025677072933161092 0.1032721955658942 True False -0.05586626042301622 65.64780197110979 -32.81022200901349 -1.8120059384678553 165.0256188674891 -82.51161483589341
560 190 464.0 482 87.15168305299984 7.65 0.025677072933161092 0.1371053458662561 True False -0.05586626042301622 65.64780197110979 -32.81022200901349 -1.8120059384678553 165.0256188674891 -82.51161483589341
560 191 464.0 482 87.55571535599985 7.65 0.025677072933161092 0.07358908297310827 True False -0.05586626042301622 65.64780197110979 -32.81022200901349 -1.8120059384678553 165.0256188674891 -82.51161483589341
560 192 464.0 482 87.95703019799986 7.65 0.025677072933161092 0.15695220990309464 False True -0.05586626042301622 65.64780197110979 -32.81022200901349 -1.8120059384678553 165.0256188674891 -82.51161483589341
560 193 476.0 494 88.63803643999985 1.68 0.07906225257908275 0.001127797641437135 False True -0.05586626042301622 65.64780197110979 -32.81022200901349 -1.8120059384678553 165.0256188674891 -82.51161483589341
560 194 488.0 506 89.33461110399985 1.68 0.07906225257908275 0.010125352379573616 False True -0.05586626042301622 65.64780197110979 -32.81022200901349 -1.8120059384678553 165.0256188674891 -82.51161483589341
560 195 500.0 518 90.09640392599984 7.88 0.00011615776019926091 0.041977456941092194 True False -0.05586626042301622 65.64780197110979 -32.81022200901349 -1.8120059384678553 165.0256188674891 -82.51161483589341
560 196 500.0 518 90.55906995499983 7.88 0.00011615776019926091 0.10394391347865799 True False -0.05586626042301622 65.64780197110979 -32.81022200901349 -1.8120059384678553 165.0256188674891 -82.51161483589341
560 197 500.0 518 91.01662177099983 7.88 0.00011615776019926091 0.07406075295463634 True False -0.05586626042301622 65.64780197110979 -32.81022200901349 -1.8120059384678553 165.0256188674891 -82.51161483589341
560 198 500.0 518 91.47483126799985 7.88 0.00011615776019926091 0.08603789924479174 True False -0.05586626042301622 65.64780197110979 -32.81022200901349 -1.8120059384678553 165.0256188674891 -82.51161483589341
560 199 500.0 518 91.93250580699983 7.88 0.00011615776019926091 0.12384737934986757 True False -0.05586626042301622 65.64780197110979 -32.81022200901349 -1.8120059384678553 165.0256188674891 -82.51161483589341
560 200 500.0 518 92.39356531999984 7.88 0.00011615776019926091 0.09485563954055995 True False -0.05586626042301622 65.64780197110979 -32.81022200901349 -1.8120059384678553 165.0256188674891 -82.51161483589341
560 201 500.0 518 92.84891256299984 7.88 0.00011615776019926091 0.09837055096328567 True False -0.05586626042301622 65.64780197110979 -32.81022200901349 -1.8120059384678553 165.0256188674891 -82.51161483589341
560 202 500.0 518 93.29610050299983 7.88 0.00011615776019926091 0.11438135311782614 True False -0.05586626042301622 65.64780197110979 -32.81022200901349 -1.8120059384678553 165.0256188674891 -82.51161483589341
560 203 500.0 519 93.75162575699984 7.88 0.00011615776019926091 0.1854586750593534 True False -0.05586626042301622 65.64780197110979 -32.81022200901349 -1.8120059384678553 165.0256188674891 -82.51161483589341
560 204 500.0 519 94.20735680499983 7.88 0.00011615776019926091 0.045061798227786484 True False -0.05586626042301622 65.64780197110979 -32.81022200901349 -1.8120059384678553 165.0256188674891 -82.51161483589341
560 205 500.0 519 94.64691230499984 7.88 0.00011615776019926091 0.10408422509075985 True False -0.05586626042301622 65.64780197110979 -32.81022200901349 -1.8120059384678553 165.0256188674891 -82.51161483589341
560 206 500.0 519 95.09376824699983 7.88 0.00011615776019926091 0.19794241134640309 True False -0.05586626042301622 65.64780197110979 -32.81022200901349 -1.8120059384678553 165.0256188674891 -82.51161483589341
560 207 500.0 519 95.54788637999984 7.88 0.00011615776019926091 0.11848905795525076 False True -0.05586626042301622 65.64780197110979 -32.81022200901349 -1.8120059384678553 165.0256188674891 -82.51161483589341
560 208 512.0 531 96.23323232699984 7.7 0.01513034057699218 0.2110802563943929 True False -0.05586626042301622 65.64780197110979 -32.81022200901349 -1.8120059384678553 165.0256188674891 -82.51161483589341
560 209 512.0 531 96.66670236399985 7.7 0.01513034057699218 0.22203380412116225 True False -0.05586626042301622 65.64780197110979 -32.81022200901349 -1.8120059384678553 165.0256188674891 -82.51161483589341
560 210 512.0 531 97.07307294499985 7.7 0.01513034057699218 0.2057509969348731 True False -0.05586626042301622 65.64780197110979 -32.81022200901349 -1.8120059384678553 165.0256188674891 -82.51161483589341
560 211 512.0 531 97.49485279199983 7.7 0.01513034057699218 0.1712473056141035 True False -0.05586626042301622 65.64780197110979 -32.81022200901349 -1.8120059384678553 165.0256188674891 -82.51161483589341
560 212 512.0 531 97.91033769299985 7.7 0.01513034057699218 0.23756058489775048 True False -0.05586626042301622 65.64780197110979 -32.81022200901349 -1.8120059384678553 165.0256188674891 -82.51161483589341
560 213 512.0 531 98.31519187199983 7.7 0.01513034057699218 0.19539011490443994 True False -0.05586626042301622 65.64780197110979 -32.81022200901349 -1.8120059384678553 165.0256188674891 -82.51161483589341
560 214 512.0 532 98.71520975999981 7.7 0.01513034057699218 0.22765701962917625 True False -0.05586626042301622 65.64780197110979 -32.81022200901349 -1.8120059384678553 165.0256188674891 -82.51161483589341
560 215 512.0 532 99.12901693899981 7.7 0.01513034057699218 0.09183957224098858 True False -0.05586626042301622 65.64780197110979 -32.81022200901349 -1.8120059384678553 165.0256188674891 -82.51161483589341
560 216 512.0 532 99.52956816399983 7.7 0.01513034057699218 0.10588663065490521 False True -0.05586626042301622 65.64780197110979 -32.81022200901349 -1.8120059384678553 165.0256188674891 -82.51161483589341
560 217 524.0 544 100.22554879999983 7.65 0.025677072933161092 0.07763443487725198 True False -0.05586626042301622 65.64780197110979 -32.81022200901349 -1.8120059384678553 165.0256188674891 -82.51161483589341
560 218 524.0 544 100.64964107699983 7.65 0.025677072933161092 0.19035950581990652 True False -0.05586626042301622 65.64780197110979 -32.81022200901349 -1.8120059384678553 165.0256188674891 -82.51161483589341
560 219 524.0 544 101.06873530999984 7.65 0.025677072933161092 0.2391935788627935 True False -0.05586626042301622 65.64780197110979 -32.81022200901349 -1.8120059384678553 165.0256188674891 -82.51161483589341
560 220 524.0 544 101.50581528699983 7.65 0.025677072933161092 0.21079082337060456 True False -0.05586626042301622 65.64780197110979 -32.81022200901349 -1.8120059384678553 165.0256188674891 -82.51161483589341
560 221 524.0 544 101.93071767299982 7.65 0.025677072933161092 0.07493260772205418 False True -0.05586626042301622 65.64780197110979 -32.81022200901349 -1.8120059384678553 165.0256188674891 -82.51161483589341
560 222 536.0 556 102.58702512699982 1.6300000000000001 0.07493260772205418 0.2760827040558705 True False -0.05586626042301622 65.64780197110979 -32.81022200901349 -1.8120059384678553 165.0256188674891 -82.51161483589341
560 223 536.0 556 102.9880675249998 1.6300000000000001 0.07493260772205418 0.49779102275505477 True False -0.05586626042301622 65.64780197110979 -32.81022200901349 -1.8120059384678553 165.0256188674891 -82.51161483589341
560 224 536.0 556 103.45842902099982 1.6300000000000001 0.07493260772205418 0.5803567358789303 True False -0.05586626042301622 65.64780197110979 -32.81022200901349 -1.8120059384678553 165.0256188674891 -82.51161483589341
560 225 536.0 556 103.85864507699982 1.6300000000000001 0.07493260772205418 0.5251345942904497 True False -0.05586626042301622 65.64780197110979 -32.81022200901349 -1.8120059384678553 165.0256188674891 -82.51161483589341
560 226 536.0 557 104.2552766439998 1.6300000000000001 0.07493260772205418 0.6475950939316772 True False -0.05586626042301622 65.64780197110979 -32.81022200901349 -1.8120059384678553 165.0256188674891 -82.51161483589341
560 227 536.0 557 104.65290317899981 1.6300000000000001 0.07493260772205418 0.6184264881934632 True False -0.05586626042301622 65.64780197110979 -32.81022200901349 -1.8120059384678553 165.0256188674891 -82.51161483589341
560 228 536.0 557 105.03709906299981 1.6300000000000001 0.07493260772205418 0.6378154385766003 True False -0.05586626042301622 65.64780197110979 -32.81022200901349 -1.8120059384678553 165.0256188674891 -82.51161483589341
560 229 536.0 557 105.43535599899981 1.6300000000000001 0.07493260772205418 0.6280922496379157 True False -0.05586626042301622 65.64780197110979 -32.81022200901349 -1.8120059384678553 165.0256188674891 -82.51161483589341
560 230 536.0 557 105.83136860599983 1.6300000000000001 0.07493260772205418 0.6772631635816165 True False -0.05586626042301622 65.64780197110979 -32.81022200901349 -1.8120059384678553 165.0256188674891 -82.51161483589341
560 231 536.0 557 106.23155533499984 1.6300000000000001 0.07493260772205418 0.6673199314377013 True False -0.05586626042301622 65.64780197110979 -32.81022200901349 -1.8120059384678553 165.0256188674891 -82.51161483589341
560 232 536.0 557 106.61706014999983 1.6300000000000001 0.07493260772205418 0.6574302489775793 True False -0.05586626042301622 65.64780197110979 -32.81022200901349 -1.8120059384678553 165.0256188674891 -82.51161483589341
560 233 536.0 557 107.01755535499983 1.6300000000000001 0.07493260772205418 0.6973063393171872 True False -0.05586626042301622 65.64780197110979 -32.81022200901349 -1.8120059384678553 165.0256188674891 -82.51161483589341
560 234 536.0 557 107.41491647699984 1.6300000000000001 0.07493260772205418 0.6872589623228499 True False -0.05586626042301622 65.64780197110979 -32.81022200901349 -1.8120059384678553 165.0256188674891 -82.51161483589341
560 235 536.0 557 107.81549040499984 1.6300000000000001 0.07493260772205418 0.7074043010615126 True False -0.05586626042301622 65.64780197110979 -32.81022200901349 -1.8120059384678553 165.0256188674891 -82.51161483589341
560 236 536.0 558 108.21025833999984 1.6300000000000001 0.07493260772205418 0.7175518489931539 True False -0.05586626042301622 65.64780197110979 -32.81022200901349 -1.8120059384678553 165.0256188674891 -82.51161483589341
560 237 536.0 558 108.61074643299985 1.6300000000000001 0.07493260772205418 0.6973063393171872 False True -0.05586626042301622 65.64780197110979 -32.81022200901349 -1.8120059384678553 165.0256188674891 -82.51161483589341
560 238 548.0 570 109.31493705899983 1.6300000000000001 0.07493260772205418 0.49410243540932214 True False -0.05586626042301622 65.64780197110979 -32.81022200901349 -1.8120059384678553 165.0256188674891 -82.51161483589341
560 239 548.0 570 109.75651931399982 1.6300000000000001 0.07493260772205418 0.5843874254311423 True False -0.05586626042301622 65.64780197110979 -32.81022200901349 -1.8120059384678553 165.0256188674891 -82.51161483589341
560 240 548.0 570 110.21093689799982 1.6300000000000001 0.07493260772205418 0.5384434102210935 True False -0.05586626042301622 65.64780197110979 -32.81022200901349 -1.8120059384678553 165.0256188674891 -82.51161483589341
560 241 548.0 570 110.65157579599982 1.6300000000000001 0.07493260772205418 0.565824809261841 True False -0.05586626042301622 65.64780197110979 -32.81022200901349 -1.8120059384678553 165.0256188674891 -82.51161483589341
560 242 548.0 570 111.09679888999982 1.6300000000000001 0.07493260772205418 0.434931113483703 True False -0.05586626042301622 65.64780197110979 -32.81022200901349 -1.8120059384678553 165.0256188674891 -82.51161483589341
560 243 548.0 570 111.55034750399982 1.6300000000000001 0.07493260772205418 0.5205082759934839 True False -0.05586626042301622 65.64780197110979 -32.81022200901349 -1.8120059384678553 165.0256188674891 -82.51161483589341
560 244 548.0 570 111.99534508899983 1.6300000000000001 0.07493260772205418 0.5566350758105938 True False -0.05586626042301622 65.64780197110979 -32.81022200901349 -1.8120059384678553 165.0256188674891 -82.51161483589341
560 245 548.0 570 112.43592560599983 1.6300000000000001 0.07493260772205418 0.6414722858122004 True False -0.05586626042301622 65.64780197110979 -32.81022200901349 -1.8120059384678553 165.0256188674891 -82.51161483589341
560 246 548.0 570 112.87826592999981 1.6300000000000001 0.07493260772205418 0.61267508428671 True False -0.05586626042301622 65.64780197110979 -32.81022200901349 -1.8120059384678553 165.0256188674891 -82.51161483589341
560 247 548.0 571 113.35055682499983 1.6300000000000001 0.07493260772205418 0.5937584289752899 True False -0.05586626042301622 65.64780197110979 -32.81022200901349 -1.8120059384678553 165.0256188674891 -82.51161483589341
560 248 548.0 571 113.85904080699983 1.6300000000000001 0.07493260772205418 0.6222188214695801 True False -0.05586626042301622 65.64780197110979 -32.81022200901349 -1.8120059384678553 165.0256188674891 -82.51161483589341
560 249 548.0 571 114.30584263399983 1.6300000000000001 0.07493260772205418 0.5750759046570704 True False -0.05586626042301622 65.64780197110979 -32.81022200901349 -1.8120059384678553 165.0256188674891 -82.51161483589341
560 250 548.0 571 114.75969045399985 1.6300000000000001 0.07493260772205418 0.6031879667313662 True False -0.05586626042301622 65.64780197110979 -32.81022200901349 -1.8120059384678553 165.0256188674891 -82.51161483589341
560 251 548.0 571 115.19879000199985 1.6300000000000001 0.07493260772205418 0.547507634731174 True False -0.05586626042301622 65.64780197110979 -32.81022200901349 -1.8120059384678553 165.0256188674891 -82.51161483589341
560 252 548.0 571 115.62836374299987 1.6300000000000001 0.07493260772205418 0.6318182124451718 True False -0.05586626042301622 65.64780197110979 -32.81022200901349 -1.8120059384678553 165.0256188674891 -82.51161483589341
560 253 548.0 571 116.06265824299986 1.6300000000000001 0.07493260772205418 0.5294433201551224 True False -0.05586626042301622 65.64780197110979 -32.81022200901349 -1.8120059384678553 165.0256188674891 -82.51161483589341
560 254 548.0 571 116.48719817099986 1.6300000000000001 0.07493260772205418 0.468314185724932 True False -0.05586626042301622 65.64780197110979 -32.81022200901349 -1.8120059384678553 165.0256188674891 -82.51161483589341
560 255 548.0 571 116.91867243399987 1.6300000000000001 0.07493260772205418 0.5116391826907283 True False -0.05586626042301622 65.64780197110979 -32.81022200901349 -1.8120059384678553 165.0256188674891 -82.51161483589341
560 256 548.0 571 117.34116657799989 1.6300000000000001 0.07493260772205418 0.5843874254311423 False True -0.05586626042301622 65.64780197110979 -32.81022200901349 -1.8120059384678553 165.0256188674891 -82.51161483589341
560 257 560.0 583 118.00232458299989 1.6300000000000001 0.07493260772205418 0.5010868561186247 True False -0.05586626042301622 65.64780197110979 -32.81022200901349 -1.8120059384678553 165.0256188674891 -82.51161483589341
560 258 560.0 584 118.40655843799989 1.6300000000000001 0.07493260772205418 0.24510579152171857 True False -0.05586626042301622 65.64780197110979 -32.81022200901349 -1.8120059384678553 165.0256188674891 -82.51161483589341
560 259 560.0 584 118.82376613999988 1.6300000000000001 0.07493260772205418 0.21650803594970952 False True -0.05586626042301622 65.64780197110979 -32.81022200901349 -1.8120059384678553 165.0256188674891 -82.51161483589341
560 260 572.0 596 119.54201665499987 1.6300000000000001 0.07493260772205418 0.4257752570893613 True False -0.05586626042301622 65.64780197110979 -32.81022200901349 -1.8120059384678553 165.0256188674891 -82.51161483589341
560 261 572.0 596 119.98190288199989 1.6300000000000001 0.07493260772205418 0.6129448939230367 True False -0.05586626042301622 65.64780197110979 -32.81022200901349 -1.8120059384678553 165.0256188674891 -82.51161483589341
560 262 572.0 596 120.42284343399989 1.6300000000000001 0.07493260772205418 0.1798656765504609 True False -0.05586626042301622 65.64780197110979 -32.81022200901349 -1.8120059384678553 165.0256188674891 -82.51161483589341
560 263 572.0 596 120.86313342399988 1.6300000000000001 0.07493260772205418 0.07444089415111038 False True -0.05586626042301622 65.64780197110979 -32.81022200901349 -1.8120059384678553 165.0256188674891 -82.51161483589341
560 264 584.0 608 121.55988933199988 1.6300000000000001 0.07493260772205418 0.223998674646373 True False -0.05586626042301622 65.64780197110979 -32.81022200901349 -1.8120059384678553 165.0256188674891 -82.51161483589341
560 265 584.0 608 122.0046973379999 1.6300000000000001 0.07493260772205418 0.1088514677718723 True False -0.05586626042301622 65.64780197110979 -32.81022200901349 -1.8120059384678553 165.0256188674891 -82.51161483589341
560 266 584.0 608 122.4471674819999 1.6300000000000001 0.07493260772205418 0.19794241134640309 False True -0.05586626042301622 65.64780197110979 -32.81022200901349 -1.8120059384678553 165.0256188674891 -82.51161483589341
560 267 596.0 620 123.1319434849999 1.6300000000000001 0.07493260772205418 0.09039519545035848 False True -0.05586626042301622 65.64780197110979 -32.81022200901349 -1.8120059384678553 165.0256188674891 -82.51161483589341
560 268 608.0 632 123.8058133299999 1.6300000000000001 0.07493260772205418 0.06964851138762972 True False -0.05586626042301622 65.64780197110979 -32.81022200901349 -1.8120059384678553 165.0256188674891 -82.51161483589341
560 269 608.0 632 124.26302029699993 1.6300000000000001 0.07493260772205418 0.10408422509075985 False True -0.05586626042301622 65.64780197110979 -32.81022200901349 -1.8120059384678553 165.0256188674891 -82.51161483589341
560 270 620.0 644 124.94532980999993 7.43 0.10408422509075985 0.08178417461084996 False True -0.05586626042301622 65.64780197110979 -32.81022200901349 -1.8120059384678553 165.0256188674891 -82.51161483589341
560 271 632.0 656 125.62675691699992 7.43 0.10408422509075985 0.11868952956201892 True False -0.05586626042301622 65.64780197110979 -32.81022200901349 -1.8120059384678553 165.0256188674891 -82.51161483589341
560 272 632.0 656 126.07863010899992 7.43 0.10408422509075985 0.07553583314046496 False True -0.05586626042301622 65.64780197110979 -32.81022200901349 -1.8120059384678553 165.0256188674891 -82.51161483589341
560 273 644.0 668 126.76507644899992 7.43 0.10408422509075985 0.09390674725878467 True False -0.05586626042301622 65.64780197110979 -32.81022200901349 -1.8120059384678553 165.0256188674891 -82.51161483589341
560 274 644.0 668 127.22008424899992 7.43 0.10408422509075985 0.12058460370938985 True False -0.05586626042301622 65.64780197110979 -32.81022200901349 -1.8120059384678553 165.0256188674891 -82.51161483589341
560 275 644.0 669 127.66264447399992 7.43 0.10408422509075985 0.041977456941092194 False True -0.05586626042301622 65.64780197110979 -32.81022200901349 -1.8120059384678553 165.0256188674891 -82.51161483589341
560 276 656.0 681 128.3591952669999 1.6300000000000001 0.07493260772205418 0.09941879751249567 False True -0.05586626042301622 65.64780197110979 -32.81022200901349 -1.8120059384678553 165.0256188674891 -82.51161483589341
560 277 668.0 693 129.0575126349999 7.43 0.10408422509075985 0.006117941602662612 True False -0.05586626042301622 65.64780197110979 -32.81022200901349 -1.8120059384678553 165.0256188674891 -82.51161483589341
560 278 668.0 693 129.5021073039999 7.43 0.10408422509075985 0.1306936565650367 True False -0.05586626042301622 65.64780197110979 -32.81022200901349 -1.8120059384678553 165.0256188674891 -82.51161483589341
560 279 668.0 693 129.94406587199992 7.43 0.10408422509075985 0.0817543124017676 True False -0.05586626042301622 65.64780197110979 -32.81022200901349 -1.8120059384678553 165.0256188674891 -82.51161483589341
560 280 668.0 693 130.39792043599994 7.43 0.10408422509075985 0.04822612286487315 True False -0.05586626042301622 65.64780197110979 -32.81022200901349 -1.8120059384678553 165.0256188674891 -82.51161483589341
560 281 668.0 693 130.84006848199994 7.43 0.10408422509075985 0.019019182532488597 False True -0.05586626042301622 65.64780197110979 -32.81022200901349 -1.8120059384678553 165.0256188674891 -82.51161483589341
560 282 672.0 697 131.51932799299993 7.46 0.09039519545035848 0.017019657466971153 False True -0.05586626042301622 65.64780197110979 -32.81022200901349 -1.8120059384678553 165.0256188674891 -82.51161483589341
560 283 684.0 709 132.18278310999995 7.65 0.025677072933161092 0.08988247929048403 True False -0.05586626042301622 65.64780197110979 -32.81022200901349 -1.8120059384678553 165.0256188674891 -82.51161483589341
560 284 684.0 709 132.63684105599992 7.65 0.025677072933161092 0.0073878074645105435 True False -0.05586626042301622 65.64780197110979 -32.81022200901349 -1.8120059384678553 165.0256188674891 -82.51161483589341
560 285 684.0 709 133.08052021499995 7.65 0.025677072933161092 0.09608380895805672 False True -0.05586626042301622 65.64780197110979 -32.81022200901349 -1.8120059384678553 165.0256188674891 -82.51161483589341
560 286 696.0 721 133.77938654499997 7.65 0.025677072933161092 0.06581310213087434 True False -0.05586626042301622 65.64780197110979 -32.81022200901349 -1.8120059384678553 165.0256188674891 -82.51161483589341
560 287 696.0 721 134.23630270599998 7.65 0.025677072933161092 0.12721717218844908 True False -0.05586626042301622 65.64780197110979 -32.81022200901349 -1.8120059384678553 165.0256188674891 -82.51161483589341
560 288 696.0 721 134.68097147499995 7.65 0.025677072933161092 0.1922381159182308 True False -0.05586626042301622 65.64780197110979 -32.81022200901349 -1.8120059384678553 165.0256188674891 -82.51161483589341
560 289 696.0 721 135.13731850899995 7.65 0.025677072933161092 0.11742916022435126 False True -0.05586626042301622 65.64780197110979 -32.81022200901349 -1.8120059384678553 165.0256188674891 -82.51161483589341
560 290 708.0 733 135.82243570699995 1.6300000000000001 0.07493260772205418 0.01335140872594877 False True -0.05586626042301622 65.64780197110979 -32.81022200901349 -1.8120059384678553 165.0256188674891 -82.51161483589341
560 291 720.0 745 136.50548878199996 7.71 0.01335140872594877 0.16787084930079985 True False -0.05586626042301622 65.64780197110979 -32.81022200901349 -1.8120059384678553 165.0256188674891 -82.51161483589341
560 292 720.0 746 136.95903154899997 7.71 0.01335140872594877 0.21809627117317512 True False -0.05586626042301622 65.64780197110979 -32.81022200901349 -1.8120059384678553 165.0256188674891 -82.51161483589341
560 293 720.0 746 137.41614959299997 7.71 0.01335140872594877 0.051530359712352286 False True -0.05586626042301622 65.64780197110979 -32.81022200901349 -1.8120059384678553 165.0256188674891 -82.51161483589341
560 294 732.0 758 138.11693057799997 7.71 0.01335140872594877 0.2260220389644495 True False -0.05586626042301622 65.64780197110979 -32.81022200901349 -1.8120059384678553 165.0256188674891 -82.51161483589341
560 295 732.0 758 138.56391676899995 7.71 0.01335140872594877 0.006160089656095768 True False -0.05586626042301622 65.64780197110979 -32.81022200901349 -1.8120059384678553 165.0256188674891 -82.51161483589341
560 296 732.0 758 139.01947897399995 7.71 0.01335140872594877 0.005004414799091387 True False -0.05586626042301622 65.64780197110979 -32.81022200901349 -1.8120059384678553 165.0256188674891 -82.51161483589341
560 297 732.0 758 139.46143623999995 7.71 0.01335140872594877 0.42829054188906257 True False -0.05586626042301622 65.64780197110979 -32.81022200901349 -1.8120059384678553 165.0256188674891 -82.51161483589341
560 298 732.0 758 139.90475902399996 7.71 0.01335140872594877 0.1985644295322282 True False -0.05586626042301622 65.64780197110979 -32.81022200901349 -1.8120059384678553 165.0256188674891 -82.51161483589341
560 299 732.0 758 140.34262943899995 7.71 0.01335140872594877 0.1860049944940406 True False -0.05586626042301622 65.64780197110979 -32.81022200901349 -1.8120059384678553 165.0256188674891 -82.51161483589341
560 300 732.0 758 140.78097217499996 7.71 0.01335140872594877 0.07365673181784393 True False -0.05586626042301622 65.64780197110979 -32.81022200901349 -1.8120059384678553 165.0256188674891 -82.51161483589341
560 301 732.0 758 141.20309504299996 7.71 0.01335140872594877 0.0016642645349578692 True False -0.05586626042301622 65.64780197110979 -32.81022200901349 -1.8120059384678553 165.0256188674891 -82.51161483589341
560 302 732.0 758 141.63824491399996 7.71 0.01335140872594877 0.0804611972103427 True False -0.05586626042301622 65.64780197110979 -32.81022200901349 -1.8120059384678553 165.0256188674891 -82.51161483589341
560 303 732.0 759 142.05992800499996 7.71 0.01335140872594877 0.21149414162677596 True False -0.05586626042301622 65.64780197110979 -32.81022200901349 -1.8120059384678553 165.0256188674891 -82.51161483589341
560 304 732.0 759 142.49573802399996 7.71 0.01335140872594877 0.007342682251899513 False True -0.05586626042301622 65.64780197110979 -32.81022200901349 -1.8120059384678553 165.0256188674891 -82.51161483589341
560 305 744.0 771 143.15633035499994 7.71 0.01335140872594877 0.08315845017446423 True False -0.05586626042301622 65.64780197110979 -32.81022200901349 -1.8120059384678553 165.0256188674891 -82.51161483589341
560 306 744.0 771 143.57648926699994 7.71 0.01335140872594877 0.173820763996824 True False -0.05586626042301622 65.64780197110979 -32.81022200901349 -1.8120059384678553 165.0256188674891 -82.51161483589341
560 307 744.0 771 144.00102691699993 7.71 0.01335140872594877 0.2247890551679668 True False -0.05586626042301622 65.64780197110979 -32.81022200901349 -1.8120059384678553 165.0256188674891 -82.51161483589341
560 308 744.0 771 144.42291420099994 7.71 0.01335140872594877 0.008726346200224566 False True -0.05586626042301622 65.64780197110979 -32.81022200901349 -1.8120059384678553 165.0256188674891 -82.51161483589341
560 309 756.0 783 145.08120083399993 7.71 0.01335140872594877 0.07820849534637639 True False -0.05586626042301622 65.64780197110979 -32.81022200901349 -1.8120059384678553 165.0256188674891 -82.51161483589341
560 310 756.0 783 145.50450876299993 7.71 0.01335140872594877 0.1985644295322282 False True -0.05586626042301622 65.64780197110979 -32.81022200901349 -1.8120059384678553 165.0256188674891 -82.51161483589341
560 311 768.0 795 146.17651002899993 7.71 0.01335140872594877 0.5448040656102416 True False -0.05586626042301622 65.64780197110979 -32.81022200901349 -1.8120059384678553 165.0256188674891 -82.51161483589341
560 312 768.0 795 146.59748666099995 7.71 0.01335140872594877 0.5877585896597092 True False -0.05586626042301622 65.64780197110979 -32.81022200901349 -1.8120059384678553 165.0256188674891 -82.51161483589341
560 313 768.0 795 147.02266291599994 7.71 0.01335140872594877 0.46126780651819516 True False -0.05586626042301622 65.64780197110979 -32.81022200901349 -1.8120059384678553 165.0256188674891 -82.51161483589341
560 314 768.0 795 147.44254947699994 7.71 0.01335140872594877 0.46415740305984277 True False -0.05586626042301622 65.64780197110979 -32.81022200901349 -1.8120059384678553 165.0256188674891 -82.51161483589341
560 315 768.0 795 147.87605784199997 7.71 0.01335140872594877 0.02112872788821693 False True -0.05586626042301622 65.64780197110979 -32.81022200901349 -1.8120059384678553 165.0256188674891 -82.51161483589341
560 316 780.0 807 148.537579237 7.71 0.01335140872594877 0.07358908297310827 False True -0.05586626042301622 65.64780197110979 -32.81022200901349 -1.8120059384678553 165.0256188674891 -82.51161483589341
560 317 792.0 819 149.20219582 7.5 0.07358908297310827 0.01335140872594877 False True -0.05586626042301622 65.64780197110979 -32.81022200901349 -1.8120059384678553 165.0256188674891 -82.51161483589341
560 318 796.0 823 149.855012731 7.5 0.07358908297310827 0.01335140872594877 False True -0.05586626042301622 65.64780197110979 -32.81022200901349 -1.8120059384678553 165.0256188674891 -82.51161483589341
560 319 800.0 827 150.49650501799997 7.5 0.07358908297310827 0.01335140872594877 False True -0.05586626042301622 65.64780197110979 -32.81022200901349 -1.8120059384678553 165.0256188674891 -82.51161483589341
560 320 804.0 831 151.13585327699997 7.5 0.07358908297310827 0.01335140872594877 False True -0.05586626042301622 65.64780197110979 -32.81022200901349 -1.8120059384678553 165.0256188674891 -82.51161483589341
560 321 808.0 835 151.77568991999996 7.71 0.01335140872594877 0.07358908297310827 False True -0.05586626042301622 65.64780197110979 -32.81022200901349 -1.8120059384678553 165.0256188674891 -82.51161483589341
560 322 812.0 839 152.48993541099995 7.71 0.01335140872594877 0.5390205878774107 True False -0.05586626042301622 65.64780197110979 -32.81022200901349 -1.8120059384678553 165.0256188674891 -82.51161483589341
560 323 812.0 840 152.87298520999997 7.71 0.01335140872594877 0.5164206895420681 True False -0.05586626042301622 65.64780197110979 -32.81022200901349 -1.8120059384678553 165.0256188674891 -82.51161483589341
560 324 812.0 840 153.25678852899995 7.71 0.01335140872594877 0.12311461319495341 True False -0.05586626042301622 65.64780197110979 -32.81022200901349 -1.8120059384678553 165.0256188674891 -82.51161483589341
560 325 812.0 840 153.63905453999996 7.71 0.01335140872594877 0.209589388541627 True False -0.05586626042301622 65.64780197110979 -32.81022200901349 -1.8120059384678553 165.0256188674891 -82.51161483589341
560 326 812.0 840 154.03394542299998 7.71 0.01335140872594877 0.06964851138762972 False True -0.05586626042301622 65.64780197110979 -32.81022200901349 -1.8120059384678553 165.0256188674891 -82.51161483589341
560 327 824.0 852 154.67145839399996 7.71 0.01335140872594877 0.3717986542276814 True False -0.05586626042301622 65.64780197110979 -32.81022200901349 -1.8120059384678553 165.0256188674891 -82.51161483589341
560 328 824.0 852 155.07859900799997 7.71 0.01335140872594877 0.4794042443773734 True False -0.05586626042301622 65.64780197110979 -32.81022200901349 -1.8120059384678553 165.0256188674891 -82.51161483589341
560 329 824.0 852 155.49942371499995 7.71 0.01335140872594877 0.5736910598478955 True False -0.05586626042301622 65.64780197110979 -32.81022200901349 -1.8120059384678553 165.0256188674891 -82.51161483589341
560 330 824.0 852 155.91769786999996 7.71 0.01335140872594877 0.393542885567449 True False -0.05586626042301622 65.64780197110979 -32.81022200901349 -1.8120059384678553 165.0256188674891 -82.51161483589341
560 331 824.0 852 156.33787017899996 7.71 0.01335140872594877 0.38294647186181874 True False -0.05586626042301622 65.64780197110979 -32.81022200901349 -1.8120059384678553 165.0256188674891 -82.51161483589341
560 332 824.0 852 156.75376462099996 7.71 0.01335140872594877 0.4824929114087251 True False -0.05586626042301622 65.64780197110979 -32.81022200901349 -1.8120059384678553 165.0256188674891 -82.51161483589341
560 333 824.0 852 157.17500799299998 7.71 0.01335140872594877 0.44608756925432275 True False -0.05586626042301622 65.64780197110979 -32.81022200901349 -1.8120059384678553 165.0256188674891 -82.51161483589341
560 334 824.0 853 157.59248283099998 7.71 0.01335140872594877 0.5258242506522811 True False -0.05586626042301622 65.64780197110979 -32.81022200901349 -1.8120059384678553 165.0256188674891 -82.51161483589341
560 335 824.0 853 158.011410367 7.71 0.01335140872594877 0.44338906113429116 True False -0.05586626042301622 65.64780197110979 -32.81022200901349 -1.8120059384678553 165.0256188674891 -82.51161483589341
560 336 824.0 853 158.417876833 7.71 0.01335140872594877 0.5199318956169562 True False -0.05586626042301622 65.64780197110979 -32.81022200901349 -1.8120059384678553 165.0256188674891 -82.51161483589341
560 337 824.0 853 158.83676710300003 7.71 0.01335140872594877 0.507075964685184 True False -0.05586626042301622 65.64780197110979 -32.81022200901349 -1.8120059384678553 165.0256188674891 -82.51161483589341
560 338 824.0 853 159.25584994900004 7.71 0.01335140872594877 0.48856680444564066 True False -0.05586626042301622 65.64780197110979 -32.81022200901349 -1.8120059384678553 165.0256188674891 -82.51161483589341
560 339 824.0 853 159.67544227400003 7.71 0.01335140872594877 0.5352856954575926 True False -0.05586626042301622 65.64780197110979 -32.81022200901349 -1.8120059384678553 165.0256188674891 -82.51161483589341
560 340 824.0 853 160.09083978700002 7.71 0.01335140872594877 0.4703042710036918 True False -0.05586626042301622 65.64780197110979 -32.81022200901349 -1.8120059384678553 165.0256188674891 -82.51161483589341
560 341 824.0 853 160.51198208400004 7.71 0.01335140872594877 0.5543783970687521 True False -0.05586626042301622 65.64780197110979 -32.81022200901349 -1.8120059384678553 165.0256188674891 -82.51161483589341
560 342 824.0 853 160.92979437500003 7.71 0.01335140872594877 0.09929643443980353 False True -0.05586626042301622 65.64780197110979 -32.81022200901349 -1.8120059384678553 165.0256188674891 -82.51161483589341
560 343 836.0 865 161.55700396200004 7.71 0.01335140872594877 0.1579868227743593 True False -0.05586626042301622 65.64780197110979 -32.81022200901349 -1.8120059384678553 165.0256188674891 -82.51161483589341
560 344 836.0 865 161.95242022200003 7.71 0.01335140872594877 0.004037645209705625 True False -0.05586626042301622 65.64780197110979 -32.81022200901349 -1.8120059384678553 165.0256188674891 -82.51161483589341
560 345 836.0 866 162.33463693000002 7.71 0.01335140872594877 0.0804611972103427 False True -0.05586626042301622 65.64780197110979 -32.81022200901349 -1.8120059384678553 165.0256188674891 -82.51161483589341
560 346 848.0 878 162.97092983600004 7.71 0.01335140872594877 0.4732923978454189 True False -0.05586626042301622 65.64780197110979 -32.81022200901349 -1.8120059384678553 165.0256188674891 -82.51161483589341
560 347 848.0 878 163.39287723300004 7.71 0.01335140872594877 0.0735902014793604 False True -0.05586626042301622 65.64780197110979 -32.81022200901349 -1.8120059384678553 165.0256188674891 -82.51161483589341
560 348 860.0 890 164.03433169600004 7.71 0.01335140872594877 0.07365673181784393 False True -0.05586626042301622 65.64780197110979 -32.81022200901349 -1.8120059384678553 165.0256188674891 -82.51161483589341
560 349 872.0 902 164.67630153400003 7.71 0.01335140872594877 0.4917580356778385 True False -0.05586626042301622 65.64780197110979 -32.81022200901349 -1.8120059384678553 165.0256188674891 -82.51161483589341
560 350 872.0 902 165.09501536400003 7.71 0.01335140872594877 0.4550888285709012 True False -0.05586626042301622 65.64780197110979 -32.81022200901349 -1.8120059384678553 165.0256188674891 -82.51161483589341
560 351 872.0 902 165.514160886 7.71 0.01335140872594877 0.30936275771340566 True False -0.05586626042301622 65.64780197110979 -32.81022200901349 -1.8120059384678553 165.0256188674891 -82.51161483589341
560 352 872.0 902 165.95038907300003 7.71 0.01335140872594877 0.4522957667624271 True False -0.05586626042301622 65.64780197110979 -32.81022200901349 -1.8120059384678553 165.0256188674891 -82.51161483589341
560 353 872.0 902 166.42380139900004 7.71 0.01335140872594877 0.1198820771239695 True False -0.05586626042301622 65.64780197110979 -32.81022200901349 -1.8120059384678553 165.0256188674891 -82.51161483589341
560 354 872.0 902 166.84192955000003 7.71 0.01335140872594877 0.5104784518261877 True False -0.05586626042301622 65.64780197110979 -32.81022200901349 -1.8120059384678553 165.0256188674891 -82.51161483589341
560 355 872.0 902 167.26195512800004 7.71 0.01335140872594877 0.6834887867227297 True False -0.05586626042301622 65.64780197110979 -32.81022200901349 -1.8120059384678553 165.0256188674891 -82.51161483589341
560 356 872.0 902 167.67925067300004 7.71 0.01335140872594877 0.5583453933966779 True False -0.05586626042301622 65.64780197110979 -32.81022200901349 -1.8120059384678553 165.0256188674891 -82.51161483589341
560 357 872.0 902 168.09750710200007 7.71 0.01335140872594877 0.24331734128543717 True False -0.05586626042301622 65.64780197110979 -32.81022200901349 -1.8120059384678553 165.0256188674891 -82.51161483589341
560 358 872.0 903 168.50453179500005 7.71 0.01335140872594877 0.5640077201943443 True False -0.05586626042301622 65.64780197110979 -32.81022200901349 -1.8120059384678553 165.0256188674891 -82.51161483589341
560 359 872.0 903 168.92383415900005 7.71 0.01335140872594877 0.410773343722876 True False -0.05586626042301622 65.64780197110979 -32.81022200901349 -1.8120059384678553 165.0256188674891 -82.51161483589341
560 360 872.0 903 169.33954467700005 7.71 0.01335140872594877 0.11372006086971556 False True -0.05586626042301622 65.64780197110979 -32.81022200901349 -1.8120059384678553 165.0256188674891 -82.51161483589341
560 361 884.0 915 169.98052611700007 7.71 0.01335140872594877 0.08603789924479174 False True -0.05586626042301622 65.64780197110979 -32.81022200901349 -1.8120059384678553 165.0256188674891 -82.51161483589341
560 362 896.0 927 170.62210762900008 7.47 0.08603789924479174 0.01335140872594877 False True -0.05586626042301622 65.64780197110979 -32.81022200901349 -1.8120059384678553 165.0256188674891 -82.51161483589341
560 363 900.0 931 171.2627582300001 1.6300000000000001 0.07493260772205418 0.01168302773761731 False True -0.05586626042301622 65.64780197110979 -32.81022200901349 -1.8120059384678553 165.0256188674891 -82.51161483589341
560 364 912.0 943 171.91474683700008 1.6300000000000001 0.07493260772205418 0.07763443487725198 False True -0.05586626042301622 65.64780197110979 -32.81022200901349 -1.8120059384678553 165.0256188674891 -82.51161483589341
560 365 924.0 955 172.5572540100001 7.49 0.07763443487725198 0.01513034057699218 False True -0.05586626042301622 65.64780197110979 -32.81022200901349 -1.8120059384678553 165.0256188674891 -82.51161483589341
560 366 928.0 959 173.20020224100008 7.49 0.07763443487725198 0.01513034057699218 False True -0.05586626042301622 65.64780197110979 -32.81022200901349 -1.8120059384678553 165.0256188674891 -82.51161483589341
560 367 932.0 963 173.8433299620001 7.49 0.07763443487725198 0.01513034057699218 False True -0.05586626042301622 65.64780197110979 -32.81022200901349 -1.8120059384678553 165.0256188674891 -82.51161483589341
560 368 936.0 967 174.4965189930001 7.49 0.07763443487725198 0.01513034057699218 False True -0.05586626042301622 65.64780197110979 -32.81022200901349 -1.8120059384678553 165.0256188674891 -82.51161483589341
560 369 940.0 971 175.15674007600012 7.49 0.07763443487725198 0.01513034057699218 False True -0.05586626042301622 65.64780197110979 -32.81022200901349 -1.8120059384678553 165.0256188674891 -82.51161483589341
560 370 944.0 975 175.80208426800013 7.5 0.07358908297310827 0.01513034057699218 False True -0.05586626042301622 65.64780197110979 -32.81022200901349 -1.8120059384678553 165.0256188674891 -82.51161483589341
560 371 948.0 979 176.45538110300012 7.49 0.07763443487725198 0.028115441916655597 False True -0.05586626042301622 65.64780197110979 -32.81022200901349 -1.8120059384678553 165.0256188674891 -82.51161483589341
560 372 960.0 991 177.10049445100012 1.6300000000000001 0.07493260772205418 0.07763443487725198 False True -0.05586626042301622 65.64780197110979 -32.81022200901349 -1.8120059384678553 165.0256188674891 -82.51161483589341
560 373 964.0 995 177.7554171370001 7.49 0.07763443487725198 0.0023320545572573506 False True -0.05586626042301622 65.64780197110979 -32.81022200901349 -1.8120059384678553 165.0256188674891 -82.51161483589341
560 374 976.0 1007 178.3998024700001 1.6300000000000001 0.07493260772205418 0.0016642645349578692 False True -0.05586626042301622 65.64780197110979 -32.81022200901349 -1.8120059384678553 165.0256188674891 -82.51161483589341
560 375 988.0 1019 179.0551037400001 7.5 0.07358908297310827 0.01513034057699218 False True -0.05586626042301622 65.64780197110979 -32.81022200901349 -1.8120059384678553 165.0256188674891 -82.51161483589341
560 376 992.0 1023 179.6996634200001 7.65 0.025677072933161092 0.07763443487725198 False True -0.05586626042301622 65.64780197110979 -32.81022200901349 -1.8120059384678553 165.0256188674891 -82.51161483589341
560 377 996.0 1027 180.3540072100001 7.65 0.025677072933161092 0.09039519545035848 False True -0.05586626042301622 65.64780197110979 -32.81022200901349 -1.8120059384678553 165.0256188674891 -82.51161483589341
560 378 1000.0 1031 181.0014234690001 7.65 0.025677072933161092 0.003111388702851838 False True -0.05586626042301622 65.64780197110979 -32.81022200901349 -1.8120059384678553 165.0256188674891 -82.51161483589341
560 379 1012.0 1043 181.6600416950001 7.79 0.003111388702851838 0.1264535586822342 True False -0.05586626042301622 65.64780197110979 -32.81022200901349 -1.8120059384678553 165.0256188674891 -82.51161483589341
560 380 1012.0 1043 182.0812585970001 7.79 0.003111388702851838 2.2326210100931294e-06 False True -0.05586626042301622 65.64780197110979 -32.81022200901349 -1.8120059384678553 165.0256188674891 -82.51161483589341
560 381 1024.0 1055 182.7420265140001 7.79 0.003111388702851838 0.4371545132531746 True False -0.05586626042301622 65.64780197110979 -32.81022200901349 -1.8120059384678553 165.0256188674891 -82.51161483589341
560 382 1024.0 1055 183.1730471850001 7.79 0.003111388702851838 0.507075964685184 False True -0.05586626042301622 65.64780197110979 -32.81022200901349 -1.8120059384678553 165.0256188674891 -82.51161483589341
560 383 1036.0 1067 183.8333297100001 7.79 0.003111388702851838 0.52944625412141 True False -0.05586626042301622 65.64780197110979 -32.81022200901349 -1.8120059384678553 165.0256188674891 -82.51161483589341
560 384 1036.0 1067 184.2575108070001 7.79 0.003111388702851838 0.2657243552405191 True False -0.05586626042301622 65.64780197110979 -32.81022200901349 -1.8120059384678553 165.0256188674891 -82.51161483589341
560 385 1036.0 1067 184.6762042130001 7.79 0.003111388702851838 0.44692199151740186 True False -0.05586626042301622 65.64780197110979 -32.81022200901349 -1.8120059384678553 165.0256188674891 -82.51161483589341
560 386 1036.0 1067 185.09917492500006 7.79 0.003111388702851838 0.4824929114087251 False True -0.05586626042301622 65.64780197110979 -32.81022200901349 -1.8120059384678553 165.0256188674891 -82.51161483589341
560 387 1048.0 1079 185.76188584600004 7.79 0.003111388702851838 0.19912102665019493 True False -0.05586626042301622 65.64780197110979 -32.81022200901349 -1.8120059384678553 165.0256188674891 -82.51161483589341
560 388 1048.0 1079 186.19403003500003 7.79 0.003111388702851838 0.8869611701572316 True False -0.05586626042301622 65.64780197110979 -32.81022200901349 -1.8120059384678553 165.0256188674891 -82.51161483589341
560 389 1048.0 1079 186.61870973700007 7.79 0.003111388702851838 0.4084335372545729 True False -0.05586626042301622 65.64780197110979 -32.81022200901349 -1.8120059384678553 165.0256188674891 -82.51161483589341
560 390 1048.0 1080 187.03871237400006 7.79 0.003111388702851838 0.2149701404726111 True False -0.05586626042301622 65.64780197110979 -32.81022200901349 -1.8120059384678553 165.0256188674891 -82.51161483589341
560 391 1048.0 1080 187.47321456900005 7.79 0.003111388702851838 1.440751339805601 True False -0.05586626042301622 65.64780197110979 -32.81022200901349 -1.8120059384678553 165.0256188674891 -82.51161483589341
560 392 1048.0 1080 187.87698720100008 7.79 0.003111388702851838 0.0 False True -0.05586626042301622 65.64780197110979 -32.81022200901349 -1.8120059384678553 165.0256188674891 -82.51161483589341
560 393 1060.0 1092 188.51338286700008 7.79 0.003111388702851838 0.166724147118615 True False -0.05586626042301622 65.64780197110979 -32.81022200901349 -1.8120059384678553 165.0256188674891 -82.51161483589341
560 394 1060.0 1092 188.9118047190001 7.79 0.003111388702851838 0.08803565278383332 True False -0.05586626042301622 65.64780197110979 -32.81022200901349 -1.8120059384678553 165.0256188674891 -82.51161483589341
560 395 1060.0 1092 189.29777768500009 7.79 0.003111388702851838 0.08467348145259053 True False -0.05586626042301622 65.64780197110979 -32.81022200901349 -1.8120059384678553 165.0256188674891 -82.51161483589341
560 396 1060.0 1092 189.6973955910001 7.79 0.003111388702851838 0.2043061706926019 True False -0.05586626042301622 65.64780197110979 -32.81022200901349 -1.8120059384678553 165.0256188674891 -82.51161483589341
560 397 1060.0 1092 190.09393786300006 7.79 0.003111388702851838 0.17587287707645524 True False -0.05586626042301622 65.64780197110979 -32.81022200901349 -1.8120059384678553 165.0256188674891 -82.51161483589341
560 398 1060.0 1092 190.48141986000007 7.79 0.003111388702851838 0.005004414799091387 False True -0.05586626042301622 65.64780197110979 -32.81022200901349 -1.8120059384678553 165.0256188674891 -82.51161483589341
560 399 1072.0 1104 191.11646186200005 7.79 0.003111388702851838 0.09347754508168106 False True -0.05586626042301622 65.64780197110979 -32.81022200901349 -1.8120059384678553 165.0256188674891 -82.51161483589341
560 400 1084.0 1116 191.754462768 7.79 0.003111388702851838 0.4027418602460267 True False -0.05586626042301622 65.64780197110979 -32.81022200901349 -1.8120059384678553 165.0256188674891 -82.51161483589341
560 401 1084.0 1116 192.138508204 7.79 0.003111388702851838 0.22044787700643298 True False -0.05586626042301622 65.64780197110979 -32.81022200901349 -1.8120059384678553 165.0256188674891 -82.51161483589341
560 402 1084.0 1116 192.537793545 7.79 0.003111388702851838 0.6429038787447986 True False -0.05586626042301622 65.64780197110979 -32.81022200901349 -1.8120059384678553 165.0256188674891 -82.51161483589341
560 403 1084.0 1117 192.93432579900002 7.79 0.003111388702851838 0.75608602827443 True False -0.05586626042301622 65.64780197110979 -32.81022200901349 -1.8120059384678553 165.0256188674891 -82.51161483589341
560 404 1084.0 1117 193.332129055 7.79 0.003111388702851838 0.2891228010499724 True False -0.05586626042301622 65.64780197110979 -32.81022200901349 -1.8120059384678553 165.0256188674891 -82.51161483589341
560 405 1084.0 1117 193.715518573 7.79 0.003111388702851838 0.19403448633061957 True False -0.05586626042301622 65.64780197110979 -32.81022200901349 -1.8120059384678553 165.0256188674891 -82.51161483589341
560 406 1084.0 1117 194.11383704499997 7.79 0.003111388702851838 1.3663287171390592 True False -0.05586626042301622 65.64780197110979 -32.81022200901349 -1.8120059384678553 165.0256188674891 -82.51161483589341
560 407 1084.0 1117 194.50033835 7.79 0.003111388702851838 0.23169205752441396 True False -0.05586626042301622 65.64780197110979 -32.81022200901349 -1.8120059384678553 165.0256188674891 -82.51161483589341
560 408 1084.0 1117 194.89891165799997 7.79 0.003111388702851838 0.35811066214284776 True False -0.05586626042301622 65.64780197110979 -32.81022200901349 -1.8120059384678553 165.0256188674891 -82.51161483589341
560 409 1084.0 1117 195.29249680199996 7.79 0.003111388702851838 0.3998669113769062 True False -0.05586626042301622 65.64780197110979 -32.81022200901349 -1.8120059384678553 165.0256188674891 -82.51161483589341
560 410 1084.0 1117 195.67975050999996 7.79 0.003111388702851838 0.4170699444350005 True False -0.05586626042301622 65.64780197110979 -32.81022200901349 -1.8120059384678553 165.0256188674891 -82.51161483589341
560 411 1084.0 1117 196.07700806299994 7.79 0.003111388702851838 0.3421517299418574 True False -0.05586626042301622 65.64780197110979 -32.81022200901349 -1.8120059384678553 165.0256188674891 -82.51161483589341
560 412 1084.0 1117 196.47468013799994 7.79 0.003111388702851838 0.16230384259813527 True False -0.05586626042301622 65.64780197110979 -32.81022200901349 -1.8120059384678553 165.0256188674891 -82.51161483589341
560 413 1084.0 1118 196.8601585859999 7.79 0.003111388702851838 0.2634111741445635 True False -0.05586626042301622 65.64780197110979 -32.81022200901349 -1.8120059384678553 165.0256188674891 -82.51161483589341
560 414 1084.0 1118 197.25878533699995 7.79 0.003111388702851838 0.18060041025518425 True False -0.05586626042301622 65.64780197110979 -32.81022200901349 -1.8120059384678553 165.0256188674891 -82.51161483589341
560 415 1084.0 1118 197.65391285599992 7.79 0.003111388702851838 0.4345485924971169 True False -0.05586626042301622 65.64780197110979 -32.81022200901349 -1.8120059384678553 165.0256188674891 -82.51161483589341
560 416 1084.0 1118 198.0516859939999 7.79 0.003111388702851838 0.209589388541627 False True -0.05586626042301622 65.64780197110979 -32.81022200901349 -1.8120059384678553 165.0256188674891 -82.51161483589341
560 417 1096.0 1130 198.67758931799995 7.79 0.003111388702851838 0.5932158612662898 True False -0.05586626042301622 65.64780197110979 -32.81022200901349 -1.8120059384678553 165.0256188674891 -82.51161483589341
560 418 1096.0 1130 199.07176766299995 7.79 0.003111388702851838 0.3913709356515342 True False -0.05586626042301622 65.64780197110979 -32.81022200901349 -1.8120059384678553 165.0256188674891 -82.51161483589341
560 419 1096.0 1130 199.45948499799994 7.79 0.003111388702851838 0.4809665152801142 True False -0.05586626042301622 65.64780197110979 -32.81022200901349 -1.8120059384678553 165.0256188674891 -82.51161483589341
560 420 1096.0 1130 199.85516337599995 7.79 0.003111388702851838 0.13344928618867272 True False -0.05586626042301622 65.64780197110979 -32.81022200901349 -1.8120059384678553 165.0256188674891 -82.51161483589341
560 421 1096.0 1130 200.25174022799996 7.79 0.003111388702851838 0.663108366272798 True False -0.05586626042301622 65.64780197110979 -32.81022200901349 -1.8120059384678553 165.0256188674891 -82.51161483589341
560 422 1096.0 1130 200.63611195499993 7.79 0.003111388702851838 0.7818145732392128 True False -0.05586626042301622 65.64780197110979 -32.81022200901349 -1.8120059384678553 165.0256188674891 -82.51161483589341
560 423 1096.0 1130 201.0340202679999 7.79 0.003111388702851838 0.6228835034734546 True False -0.05586626042301622 65.64780197110979 -32.81022200901349 -1.8120059384678553 165.0256188674891 -82.51161483589341
560 424 1096.0 1131 201.43040275099992 7.79 0.003111388702851838 0.38711131399229476 True False -0.05586626042301622 65.64780197110979 -32.81022200901349 -1.8120059384678553 165.0256188674891 -82.51161483589341
560 425 1096.0 1131 201.81843660499987 7.79 0.003111388702851838 0.021185450560540237 False True -0.05586626042301622 65.64780197110979 -32.81022200901349 -1.8120059384678553 165.0256188674891 -82.51161483589341
560 426 1108.0 1143 202.45518126999985 7.79 0.003111388702851838 0.9184149439035644 True False -0.05586626042301622 65.64780197110979 -32.81022200901349 -1.8120059384678553 165.0256188674891 -82.51161483589341
560 427 1108.0 1143 202.83979166799986 7.79 0.003111388702851838 0.25147103221044514 True False -0.05586626042301622 65.64780197110979 -32.81022200901349 -1.8120059384678553 165.0256188674891 -82.51161483589341
560 428 1108.0 1143 203.23679623299984 7.79 0.003111388702851838 0.7143712269166842 True False -0.05586626042301622 65.64780197110979 -32.81022200901349 -1.8120059384678553 165.0256188674891 -82.51161483589341
560 429 1108.0 1143 203.63073978299985 7.79 0.003111388702851838 0.4186839494624248 True False -0.05586626042301622 65.64780197110979 -32.81022200901349 -1.8120059384678553 165.0256188674891 -82.51161483589341
560 430 1108.0 1143 204.01597261199987 7.79 0.003111388702851838 0.6328701687079056 True False -0.05586626042301622 65.64780197110979 -32.81022200901349 -1.8120059384678553 165.0256188674891 -82.51161483589341
560 431 1108.0 1143 204.40835641599983 7.79 0.003111388702851838 0.2825569985869926 True False -0.05586626042301622 65.64780197110979 -32.81022200901349 -1.8120059384678553 165.0256188674891 -82.51161483589341
560 432 1108.0 1143 204.8058396569998 7.79 0.003111388702851838 0.2697005535993121 True False -0.05586626042301622 65.64780197110979 -32.81022200901349 -1.8120059384678553 165.0256188674891 -82.51161483589341
560 433 1108.0 1143 205.1910684959998 7.79 0.003111388702851838 1.0387707965684743 True False -0.05586626042301622 65.64780197110979 -32.81022200901349 -1.8120059384678553 165.0256188674891 -82.51161483589341
560 434 1108.0 1143 205.58706122699977 7.79 0.003111388702851838 0.29577946615025624 True False -0.05586626042301622 65.64780197110979 -32.81022200901349 -1.8120059384678553 165.0256188674891 -82.51161483589341
560 435 1108.0 1144 205.97064617599972 7.79 0.003111388702851838 0.37459437463876344 True False -0.05586626042301622 65.64780197110979 -32.81022200901349 -1.8120059384678553 165.0256188674891 -82.51161483589341
560 436 1108.0 1144 206.3658842859997 7.79 0.003111388702851838 0.6030553461314883 True False -0.05586626042301622 65.64780197110979 -32.81022200901349 -1.8120059384678553 165.0256188674891 -82.51161483589341
560 437 1108.0 1144 206.75094538199966 7.79 0.003111388702851838 0.6529836179968823 True False -0.05586626042301622 65.64780197110979 -32.81022200901349 -1.8120059384678553 165.0256188674891 -82.51161483589341
560 438 1108.0 1144 207.14708975599967 7.79 0.003111388702851838 0.2803147554788513 True False -0.05586626042301622 65.64780197110979 -32.81022200901349 -1.8120059384678553 165.0256188674891 -82.51161483589341
560 439 1108.0 1144 207.5312216749997 7.79 0.003111388702851838 0.0023320545572573506 False True -0.05586626042301622 65.64780197110979 -32.81022200901349 -1.8120059384678553 165.0256188674891 -82.51161483589341
560 440 1112.0 1148 208.1701912089997 7.79 0.003111388702851838 0.0023320545572573506 False True -0.05586626042301622 65.64780197110979 -32.81022200901349 -1.8120059384678553 165.0256188674891 -82.51161483589341
560 441 1116.0 1152 208.8050134669997 7.8 0.0023320545572573506 0.003111388702851838 False True -0.05586626042301622 65.64780197110979 -32.81022200901349 -1.8120059384678553 165.0256188674891 -82.51161483589341
560 442 1120.0 1156 209.4512719009997 7.87 2.2326210100931294e-06 0.0023320545572573506 False True -0.05586626042301622 65.64780197110979 -32.81022200901349 -1.8120059384678553 165.0256188674891 -82.51161483589341
560 443 1124.0 1160 210.10688274399973 7.79 0.003111388702851838 0.0031431550118830543 False True -0.05586626042301622 65.64780197110979 -32.81022200901349 -1.8120059384678553 165.0256188674891 -82.51161483589341
560 444 1136.0 1172 210.7680895469997 7.94 0.0031431550118830543 0.003111388702851838 False True -0.05586626042301622 65.64780197110979 -32.81022200901349 -1.8120059384678553 165.0256188674891 -82.51161483589341
560 445 1140.0 1176 211.44033845099966 7.94 0.0031431550118830543 0.003111388702851838 False True -0.05586626042301622 65.64780197110979 -32.81022200901349 -1.8120059384678553 165.0256188674891 -82.51161483589341
560 446 1144.0 1180 212.1023751839997 7.94 0.0031431550118830543 0.01335140872594877 False True -0.05586626042301622 65.64780197110979 -32.81022200901349 -1.8120059384678553 165.0256188674891 -82.51161483589341
560 447 1148.0 1184 212.76314131099969 7.94 0.0031431550118830543 0.01335140872594877 False True -0.05586626042301622 65.64780197110979 -32.81022200901349 -1.8120059384678553 165.0256188674891 -82.51161483589341
560 448 1152.0 1188 213.42514839499967 7.94 0.0031431550118830543 0.01335140872594877 False True -0.05586626042301622 65.64780197110979 -32.81022200901349 -1.8120059384678553 165.0256188674891 -82.51161483589341
560 449 1156.0 1192 214.08579810999964 7.94 0.0031431550118830543 0.006160089656095768 False True -0.05586626042301622 65.64780197110979 -32.81022200901349 -1.8120059384678553 165.0256188674891 -82.51161483589341
560 450 1168.0 1204 214.7581861149996 7.94 0.0031431550118830543 0.01335140872594877 False True -0.05586626042301622 65.64780197110979 -32.81022200901349 -1.8120059384678553 165.0256188674891 -82.51161483589341
560 451 1172.0 1208 215.42149442799962 7.94 0.0031431550118830543 0.004037645209705625 False True -0.05586626042301622 65.64780197110979 -32.81022200901349 -1.8120059384678553 165.0256188674891 -82.51161483589341
560 452 1184.0 1220 216.0834335559996 7.71 0.01335140872594877 0.0031431550118830543 False True -0.05586626042301622 65.64780197110979 -32.81022200901349 -1.8120059384678553 165.0256188674891 -82.51161483589341
560 453 1188.0 1224 216.7454507639996 7.71 0.01335140872594877 0.0003417519366906319 False True -0.05586626042301622 65.64780197110979 -32.81022200901349 -1.8120059384678553 165.0256188674891 -82.51161483589341
560 454 1200.0 1236 217.41808185399958 7.71 0.01335140872594877 0.07801380797117971 False True -0.05586626042301622 65.64780197110979 -32.81022200901349 -1.8120059384678553 165.0256188674891 -82.51161483589341
560 455 1212.0 1248 218.08094478199956 7.71 0.01335140872594877 0.08178417461084996 False True -0.05586626042301622 65.64780197110979 -32.81022200901349 -1.8120059384678553 165.0256188674891 -82.51161483589341
560 456 1216.0 1252 218.73972829399952 7.71 0.01335140872594877 0.08178417461084996 False True -0.05586626042301622 65.64780197110979 -32.81022200901349 -1.8120059384678553 165.0256188674891 -82.51161483589341
560 457 1220.0 1256 219.38521565899947 7.71 0.01335140872594877 0.08178417461084996 False True -0.05586626042301622 65.64780197110979 -32.81022200901349 -1.8120059384678553 165.0256188674891 -82.51161483589341
560 458 1224.0 1260 220.04359549699944 7.71 0.01335140872594877 0.0023599585980184938 False True -0.05586626042301622 65.64780197110979 -32.81022200901349 -1.8120059384678553 165.0256188674891 -82.51161483589341
560 459 1236.0 1272 220.71577297299945 7.71 0.01335140872594877 0.0031431550118830543 False True -0.05586626042301622 65.64780197110979 -32.81022200901349 -1.8120059384678553 165.0256188674891 -82.51161483589341
560 460 1240.0 1276 221.37749416799943 1.58 0.0735902014793604 0.01335140872594877 False True -0.05586626042301622 65.64780197110979 -32.81022200901349 -1.8120059384678553 165.0256188674891 -82.51161483589341
560 461 1244.0 1280 222.04025939799948 1.58 0.0735902014793604 0.01335140872594877 False True -0.05586626042301622 65.64780197110979 -32.81022200901349 -1.8120059384678553 165.0256188674891 -82.51161483589341
560 462 1248.0 1284 222.70408994299947 1.58 0.0735902014793604 0.01335140872594877 False True -0.05586626042301622 65.64780197110979 -32.81022200901349 -1.8120059384678553 165.0256188674891 -82.51161483589341
560 463 1252.0 1288 223.37669569699943 1.58 0.0735902014793604 0.01335140872594877 False True -0.05586626042301622 65.64780197110979 -32.81022200901349 -1.8120059384678553 165.0256188674891 -82.51161483589341
560 464 1256.0 1292 224.0385929439994 7.71 0.01335140872594877 0.07363537399677436 False True -0.05586626042301622 65.64780197110979 -32.81022200901349 -1.8120059384678553 165.0256188674891 -82.51161483589341
560 465 1268.0 1304 224.70225768499938 1.58 0.0735902014793604 0.01335140872594877 False True -0.05586626042301622 65.64780197110979 -32.81022200901349 -1.8120059384678553 165.0256188674891 -82.51161483589341
560 466 1272.0 1308 225.36502929399938 7.71 0.01335140872594877 0.07363537399677436 False True -0.05586626042301622 65.64780197110979 -32.81022200901349 -1.8120059384678553 165.0256188674891 -82.51161483589341
560 467 1276.0 1312 226.0224492329994 7.71 0.01335140872594877 0.07363537399677436 False True -0.05586626042301622 65.64780197110979 -32.81022200901349 -1.8120059384678553 165.0256188674891 -82.51161483589341
560 468 1280.0 1316 226.67541036099942 7.71 0.01335140872594877 0.07363537399677436 False True -0.05586626042301622 65.64780197110979 -32.81022200901349 -1.8120059384678553 165.0256188674891 -82.51161483589341
560 469 1284.0 1320 227.30308567399942 7.71 0.01335140872594877 0.13796534397449417 True False -0.05586626042301622 65.64780197110979 -32.81022200901349 -1.8120059384678553 165.0256188674891 -82.51161483589341
560 470 1284.0 1320 227.70034953499942 7.71 0.01335140872594877 0.15377350803947856 True False -0.05586626042301622 65.64780197110979 -32.81022200901349 -1.8120059384678553 165.0256188674891 -82.51161483589341
560 471 1284.0 1320 228.11478597099943 7.71 0.01335140872594877 0.12311461319495341 False True -0.05586626042301622 65.64780197110979 -32.81022200901349 -1.8120059384678553 165.0256188674891 -82.51161483589341
560 472 1296.0 1332 228.78062621999942 7.71 0.01335140872594877 0.04502911827894056 False True -0.05586626042301622 65.64780197110979 -32.81022200901349 -1.8120059384678553 165.0256188674891 -82.51161483589341
560 473 1308.0 1344 229.46344444499942 7.71 0.01335140872594877 0.13927006867877828 False True -0.05586626042301622 65.64780197110979 -32.81022200901349 -1.8120059384678553 165.0256188674891 -82.51161483589341
560 474 1320.0 1356 230.1423650119994 7.71 0.01335140872594877 0.1712473056141035 False True -0.05586626042301622 65.64780197110979 -32.81022200901349 -1.8120059384678553 165.0256188674891 -82.51161483589341
560 475 1332.0 1368 230.82225030699936 7.71 0.01335140872594877 0.08988247929048403 False True -0.05586626042301622 65.64780197110979 -32.81022200901349 -1.8120059384678553 165.0256188674891 -82.51161483589341
560 476 1344.0 1380 231.50072024999935 7.71 0.01335140872594877 0.08315845017446423 False True -0.05586626042301622 65.64780197110979 -32.81022200901349 -1.8120059384678553 165.0256188674891 -82.51161483589341
560 477 1356.0 1392 232.1803109709993 1.58 0.0735902014793604 0.01335140872594877 False True -0.05586626042301622 65.64780197110979 -32.81022200901349 -1.8120059384678553 165.0256188674891 -82.51161483589341
560 478 1360.0 1396 232.8593362269993 1.58 0.0735902014793604 0.01335140872594877 False True -0.05586626042301622 65.64780197110979 -32.81022200901349 -1.8120059384678553 165.0256188674891 -82.51161483589341
560 479 1364.0 1400 233.53932846699934 1.58 0.0735902014793604 0.01335140872594877 False True -0.05586626042301622 65.64780197110979 -32.81022200901349 -1.8120059384678553 165.0256188674891 -82.51161483589341
560 480 1368.0 1404 234.2191105599993 1.58 0.0735902014793604 0.01335140872594877 False True -0.05586626042301622 65.64780197110979 -32.81022200901349 -1.8120059384678553 165.0256188674891 -82.51161483589341
560 481 1372.0 1408 234.8982303249993 1.58 0.0735902014793604 0.01335140872594877 False True -0.05586626042301622 65.64780197110979 -32.81022200901349 -1.8120059384678553 165.0256188674891 -82.51161483589341
560 482 1376.0 1412 235.57854107599934 1.58 0.0735902014793604 0.01335140872594877 False True -0.05586626042301622 65.64780197110979 -32.81022200901349 -1.8120059384678553 165.0256188674891 -82.51161483589341
560 483 1380.0 1416 236.25859678899934 1.58 0.0735902014793604 0.01335140872594877 False True -0.05586626042301622 65.64780197110979 -32.81022200901349 -1.8120059384678553 165.0256188674891 -82.51161483589341
560 484 1384.0 1420 236.93576455099935 1.6300000000000001 0.07493260772205418 0.01335140872594877 False True -0.05586626042301622 65.64780197110979 -32.81022200901349 -1.8120059384678553 165.0256188674891 -82.51161483589341
560 485 1388.0 1424 237.61548183699938 1.6300000000000001 0.07493260772205418 0.01335140872594877 False True -0.05586626042301622 65.64780197110979 -32.81022200901349 -1.8120059384678553 165.0256188674891 -82.51161483589341
560 486 1392.0 1428 238.29524201499936 7.71 0.01335140872594877 0.0011080733344004544 False True -0.05586626042301622 65.64780197110979 -32.81022200901349 -1.8120059384678553 165.0256188674891 -82.51161483589341
560 487 1404.0 1440 238.97520147699936 7.82 0.0011080733344004544 0.01335140872594877 False True -0.05586626042301622 65.64780197110979 -32.81022200901349 -1.8120059384678553 165.0256188674891 -82.51161483589341
560 488 1408.0 1444 239.64300371099938 7.82 0.0011080733344004544 0.01335140872594877 False True -0.05586626042301622 65.64780197110979 -32.81022200901349 -1.8120059384678553 165.0256188674891 -82.51161483589341
560 489 1412.0 1448 240.33521046899938 7.82 0.0011080733344004544 0.01335140872594877 False True -0.05586626042301622 65.64780197110979 -32.81022200901349 -1.8120059384678553 165.0256188674891 -82.51161483589341
560 490 1416.0 1452 241.01562214799935 7.82 0.0011080733344004544 0.01335140872594877 False True -0.05586626042301622 65.64780197110979 -32.81022200901349 -1.8120059384678553 165.0256188674891 -82.51161483589341
560 491 1420.0 1456 241.69644468599938 1.6300000000000001 0.07493260772205418 0.01335140872594877 False True -0.05586626042301622 65.64780197110979 -32.81022200901349 -1.8120059384678553 165.0256188674891 -82.51161483589341
560 492 1424.0 1460 242.37723506899937 7.82 0.0011080733344004544 0.01335140872594877 False True -0.05586626042301622 65.64780197110979 -32.81022200901349 -1.8120059384678553 165.0256188674891 -82.51161483589341
560 493 1428.0 1464 243.05826924999934 7.82 0.0011080733344004544 0.01335140872594877 False True -0.05586626042301622 65.64780197110979 -32.81022200901349 -1.8120059384678553 165.0256188674891 -82.51161483589341
560 494 1432.0 1468 243.73801477599937 7.82 0.0011080733344004544 0.01335140872594877 False True -0.05586626042301622 65.64780197110979 -32.81022200901349 -1.8120059384678553 165.0256188674891 -82.51161483589341
560 495 1436.0 1472 244.41705673999934 7.82 0.0011080733344004544 0.01335140872594877 False True -0.05586626042301622 65.64780197110979 -32.81022200901349 -1.8120059384678553 165.0256188674891 -82.51161483589341
560 496 1440.0 1476 245.09664088799934 7.82 0.0011080733344004544 0.01335140872594877 False True -0.05586626042301622 65.64780197110979 -32.81022200901349 -1.8120059384678553 165.0256188674891 -82.51161483589341
560 497 1444.0 1480 245.77741695699933 7.87 2.2326210100931294e-06 0.01335140872594877 False True -0.05586626042301622 65.64780197110979 -32.81022200901349 -1.8120059384678553 165.0256188674891 -82.51161483589341
560 498 1448.0 1484 246.4575483749993 7.65 0.025677072933161092 0.01335140872594877 False True -0.05586626042301622 65.64780197110979 -32.81022200901349 -1.8120059384678553 165.0256188674891 -82.51161483589341
560 499 1452.0 1488 247.1374945609993 7.88 0.00011615776019926091 0.01335140872594877 False True -0.05586626042301622 65.64780197110979 -32.81022200901349 -1.8120059384678553 165.0256188674891 -82.51161483589341
560 500 1456.0 1492 247.8164671619993 7.65 0.025677072933161092 0.01335140872594877 False True -0.05586626042301622 65.64780197110979 -32.81022200901349 -1.8120059384678553 165.0256188674891 -82.51161483589341
560 501 1460.0 1496 248.4939925609993 7.65 0.025677072933161092 0.01335140872594877 False True -0.05586626042301622 65.64780197110979 -32.81022200901349 -1.8120059384678553 165.0256188674891 -82.51161483589341
560 502 1464.0 1500 249.15592718799928 7.65 0.025677072933161092 0.01335140872594877 False True -0.05586626042301622 65.64780197110979 -32.81022200901349 -1.8120059384678553 165.0256188674891 -82.51161483589341
560 503 1468.0 1504 249.8020685999993 1.6 0.07379223350135529 0.01335140872594877 False True -0.05586626042301622 65.64780197110979 -32.81022200901349 -1.8120059384678553 165.0256188674891 -82.51161483589341
560 504 1472.0 1508 250.44157175299932 1.6 0.07379223350135529 0.0023320545572573506 False True -0.05586626042301622 65.64780197110979 -32.81022200901349 -1.8120059384678553 165.0256188674891 -82.51161483589341
560 505 1476.0 1512 251.07804960799933 1.58 0.0735902014793604 0.07763443487725198 False True -0.05586626042301622 65.64780197110979 -32.81022200901349 -1.8120059384678553 165.0256188674891 -82.51161483589341
560 506 1480.0 1516 251.71586926799932 7.49 0.07763443487725198 0.01513034057699218 False True -0.05586626042301622 65.64780197110979 -32.81022200901349 -1.8120059384678553 165.0256188674891 -82.51161483589341
560 507 1484.0 1520 252.35337084499935 7.49 0.07763443487725198 0.09485563954055995 False True -0.05586626042301622 65.64780197110979 -32.81022200901349 -1.8120059384678553 165.0256188674891 -82.51161483589341
560 508 1496.0 1532 252.98168279599935 7.45 0.09485563954055995 0.07763443487725198 False True -0.05586626042301622 65.64780197110979 -32.81022200901349 -1.8120059384678553 165.0256188674891 -82.51161483589341
560 509 1500.0 1536 253.61978058899933 7.45 0.09485563954055995 0.01335140872594877 False True -0.05586626042301622 65.64780197110979 -32.81022200901349 -1.8120059384678553 165.0256188674891 -82.51161483589341
560 510 1504.0 1540 254.25735258099928 7.5 0.07358908297310827 0.01335140872594877 False True -0.05586626042301622 65.64780197110979 -32.81022200901349 -1.8120059384678553 165.0256188674891 -82.51161483589341
560 511 1508.0 1544 254.89470904499927 7.5 0.07358908297310827 0.01335140872594877 False True -0.05586626042301622 65.64780197110979 -32.81022200901349 -1.8120059384678553 165.0256188674891 -82.51161483589341
560 512 1512.0 1548 255.53298210199927 7.5 0.07358908297310827 0.01335140872594877 False True -0.05586626042301622 65.64780197110979 -32.81022200901349 -1.8120059384678553 165.0256188674891 -82.51161483589341
560 513 1516.0 1552 256.15850806599923 7.5 0.07358908297310827 0.01335140872594877 False True -0.05586626042301622 65.64780197110979 -32.81022200901349 -1.8120059384678553 165.0256188674891 -82.51161483589341
560 514 1520.0 1556 256.79515736899924 7.5 0.07358908297310827 0.09485563954055995 False True -0.05586626042301622 65.64780197110979 -32.81022200901349 -1.8120059384678553 165.0256188674891 -82.51161483589341
560 515 1524.0 1560 257.43245345399924 7.45 0.09485563954055995 0.01335140872594877 False True -0.05586626042301622 65.64780197110979 -32.81022200901349 -1.8120059384678553 165.0256188674891 -82.51161483589341
560 516 1528.0 1564 258.07137231799925 7.45 0.09485563954055995 0.0011080733344004544 False True -0.05586626042301622 65.64780197110979 -32.81022200901349 -1.8120059384678553 165.0256188674891 -82.51161483589341
560 517 1532.0 1568 258.69967200299925 7.45 0.09485563954055995 0.0011080733344004544 False True -0.05586626042301622 65.64780197110979 -32.81022200901349 -1.8120059384678553 165.0256188674891 -82.51161483589341
560 518 1536.0 1572 259.33736836899925 7.45 0.09485563954055995 0.0073878074645105435 False True -0.05586626042301622 65.64780197110979 -32.81022200901349 -1.8120059384678553 165.0256188674891 -82.51161483589341
560 519 1548.0 1584 259.97253850099924 7.45 0.09485563954055995 0.07358908297310827 False True -0.05586626042301622 65.64780197110979 -32.81022200901349 -1.8120059384678553 165.0256188674891 -82.51161483589341
560 520 1552.0 1588 260.6108792899992 7.45 0.09485563954055995 0.01335140872594877 False True -0.05586626042301622 65.64780197110979 -32.81022200901349 -1.8120059384678553 165.0256188674891 -82.51161483589341
560 521 1556.0 1592 261.23783829599927 7.87 2.2326210100931294e-06 0.09485563954055995 False True -0.05586626042301622 65.64780197110979 -32.81022200901349 -1.8120059384678553 165.0256188674891 -82.51161483589341
560 522 1560.0 1596 261.87535885599925 7.87 2.2326210100931294e-06 0.01513034057699218 False True -0.05586626042301622 65.64780197110979 -32.81022200901349 -1.8120059384678553 165.0256188674891 -82.51161483589341
560 523 1564.0 1600 262.51354250399925 1.6600000000000001 0.07707652165770618 0.01335140872594877 False True -0.05586626042301622 65.64780197110979 -32.81022200901349 -1.8120059384678553 165.0256188674891 -82.51161483589341
560 524 1568.0 1604 263.1512171999993 7.65 0.025677072933161092 0.08603789924479174 False True -0.05586626042301622 65.64780197110979 -32.81022200901349 -1.8120059384678553 165.0256188674891 -82.51161483589341
560 525 1572.0 1608 263.7795225589993 7.47 0.08603789924479174 0.0031431550118830543 False True -0.05586626042301622 65.64780197110979 -32.81022200901349 -1.8120059384678553 165.0256188674891 -82.51161483589341
560 526 1576.0 1612 264.4160585059993 7.47 0.08603789924479174 0.00867852634771746 False True -0.05586626042301622 65.64780197110979 -32.81022200901349 -1.8120059384678553 165.0256188674891 -82.51161483589341
560 527 1588.0 1624 265.05381617199924 7.65 0.025677072933161092 0.010125352379573616 False True -0.05586626042301622 65.64780197110979 -32.81022200901349 -1.8120059384678553 165.0256188674891 -82.51161483589341
560 528 1592.0 1628 265.67996762299924 7.7299999999999995 0.010125352379573616 0.08603789924479174 False True -0.05586626042301622 65.64780197110979 -32.81022200901349 -1.8120059384678553 165.0256188674891 -82.51161483589341
560 529 1596.0 1632 266.31872386999925 7.7299999999999995 0.010125352379573616 0.0006635244930328116 False True -0.05586626042301622 65.64780197110979 -32.81022200901349 -1.8120059384678553 165.0256188674891 -82.51161483589341
560 530 1608.0 1644 266.9574214349992 7.83 0.0006635244930328116 0.010125352379573616 False True -0.05586626042301622 65.64780197110979 -32.81022200901349 -1.8120059384678553 165.0256188674891 -82.51161483589341
560 531 1612.0 1648 267.5952662449992 7.83 0.0006635244930328116 0.01335140872594877 False True -0.05586626042301622 65.64780197110979 -32.81022200901349 -1.8120059384678553 165.0256188674891 -82.51161483589341
560 532 1616.0 1652 268.2331645369992 7.83 0.0006635244930328116 0.01335140872594877 False True -0.05586626042301622 65.64780197110979 -32.81022200901349 -1.8120059384678553 165.0256188674891 -82.51161483589341
560 533 1620.0 1656 268.8716385629992 7.83 0.0006635244930328116 0.09183957224098858 False True -0.05586626042301622 65.64780197110979 -32.81022200901349 -1.8120059384678553 165.0256188674891 -82.51161483589341
560 534 1632.0 1668 269.4972862499992 7.87 2.2326210100931294e-06 0.00867852634771746 False True -0.05586626042301622 65.64780197110979 -32.81022200901349 -1.8120059384678553 165.0256188674891 -82.51161483589341
560 535 1636.0 1672 270.1344963229992 7.74 0.00867852634771746 0.0011080733344004544 False True -0.05586626042301622 65.64780197110979 -32.81022200901349 -1.8120059384678553 165.0256188674891 -82.51161483589341
560 536 1640.0 1676 270.7702789129992 7.74 0.00867852634771746 0.0011080733344004544 False True -0.05586626042301622 65.64780197110979 -32.81022200901349 -1.8120059384678553 165.0256188674891 -82.51161483589341
560 537 1644.0 1680 271.4074516459992 7.82 0.0011080733344004544 0.01513034057699218 False True -0.05586626042301622 65.64780197110979 -32.81022200901349 -1.8120059384678553 165.0256188674891 -82.51161483589341
560 538 1648.0 1684 272.0453037889992 7.43 0.10408422509075985 0.01513034057699218 False True -0.05586626042301622 65.64780197110979 -32.81022200901349 -1.8120059384678553 165.0256188674891 -82.51161483589341
560 539 1652.0 1688 272.67289959799916 1.4100000000000001 0.08988247929048403 0.01335140872594877 False True -0.05586626042301622 65.64780197110979 -32.81022200901349 -1.8120059384678553 165.0256188674891 -82.51161483589341
560 540 1656.0 1692 273.31119515599914 1.4100000000000001 0.08988247929048403 0.01335140872594877 False True -0.05586626042301622 65.64780197110979 -32.81022200901349 -1.8120059384678553 165.0256188674891 -82.51161483589341
560 541 1660.0 1696 273.94735117399915 1.4100000000000001 0.08988247929048403 0.0011080733344004544 False True -0.05586626042301622 65.64780197110979 -32.81022200901349 -1.8120059384678553 165.0256188674891 -82.51161483589341
560 542 1664.0 1700 274.58507667999913 1.4100000000000001 0.08988247929048403 0.0031431550118830543 False True -0.05586626042301622 65.64780197110979 -32.81022200901349 -1.8120059384678553 165.0256188674891 -82.51161483589341
560 543 1668.0 1704 275.21344971699915 1.4100000000000001 0.08988247929048403 0.003111388702851838 False True -0.05586626042301622 65.64780197110979 -32.81022200901349 -1.8120059384678553 165.0256188674891 -82.51161483589341
560 544 1672.0 1708 275.8522572779991 1.4100000000000001 0.08988247929048403 0.01513034057699218 False True -0.05586626042301622 65.64780197110979 -32.81022200901349 -1.8120059384678553 165.0256188674891 -82.51161483589341
560 545 1676.0 1712 276.4916055999991 1.4100000000000001 0.08988247929048403 0.01513034057699218 False True -0.05586626042301622 65.64780197110979 -32.81022200901349 -1.8120059384678553 165.0256188674891 -82.51161483589341
560 546 1680.0 1716 277.1312156839991 1.4100000000000001 0.08988247929048403 0.01513034057699218 False True -0.05586626042301622 65.64780197110979 -32.81022200901349 -1.8120059384678553 165.0256188674891 -82.51161483589341
560 547 1684.0 1720 277.7679136799991 1.4100000000000001 0.08988247929048403 0.01513034057699218 False True -0.05586626042301622 65.64780197110979 -32.81022200901349 -1.8120059384678553 165.0256188674891 -82.51161483589341
560 548 1688.0 1724 278.4048045119991 1.4100000000000001 0.08988247929048403 0.08803565278383332 False True -0.05586626042301622 65.64780197110979 -32.81022200901349 -1.8120059384678553 165.0256188674891 -82.51161483589341
560 549 1700.0 1736 279.0321017479991 1.4100000000000001 0.08988247929048403 0.01513034057699218 False True -0.05586626042301622 65.64780197110979 -32.81022200901349 -1.8120059384678553 165.0256188674891 -82.51161483589341
560 550 1704.0 1740 279.6685652899991 1.4100000000000001 0.08988247929048403 0.01513034057699218 False True -0.05586626042301622 65.64780197110979 -32.81022200901349 -1.8120059384678553 165.0256188674891 -82.51161483589341
560 551 1708.0 1744 280.30629431299906 1.4100000000000001 0.08988247929048403 0.01513034057699218 False True -0.05586626042301622 65.64780197110979 -32.81022200901349 -1.8120059384678553 165.0256188674891 -82.51161483589341
560 552 1712.0 1748 280.94394075499906 1.4100000000000001 0.08988247929048403 0.01513034057699218 False True -0.05586626042301622 65.64780197110979 -32.81022200901349 -1.8120059384678553 165.0256188674891 -82.51161483589341
560 553 1716.0 1752 281.5709160859991 1.4100000000000001 0.08988247929048403 0.01513034057699218 False True -0.05586626042301622 65.64780197110979 -32.81022200901349 -1.8120059384678553 165.0256188674891 -82.51161483589341
560 554 1720.0 1756 282.2034992259991 1.4100000000000001 0.08988247929048403 0.01513034057699218 False True -0.05586626042301622 65.64780197110979 -32.81022200901349 -1.8120059384678553 165.0256188674891 -82.51161483589341
560 555 1724.0 1760 282.8266802589991 1.4100000000000001 0.08988247929048403 0.01513034057699218 False True -0.05586626042301622 65.64780197110979 -32.81022200901349 -1.8120059384678553 165.0256188674891 -82.51161483589341
560 556 1728.0 1764 283.4695554829991 7.7 0.01513034057699218 0.4170699444350005 False True -0.05586626042301622 65.64780197110979 -32.81022200901349 -1.8120059384678553 165.0256188674891 -82.51161483589341
560 557 1740.0 1776 284.0959120149991 7.7 0.01513034057699218 0.1032721955658942 False True -0.05586626042301622 65.64780197110979 -32.81022200901349 -1.8120059384678553 165.0256188674891 -82.51161483589341
560 558 1752.0 1788 284.71873311199914 7.7 0.01513034057699218 0.07724911126294126 False True -0.05586626042301622 65.64780197110979 -32.81022200901349 -1.8120059384678553 165.0256188674891 -82.51161483589341
560 559 1764.0 1800 285.34024792899913 7.7 0.01513034057699218 0.07820849534637639 False True -0.05586626042301622 65.64780197110979 -32.81022200901349 -1.8120059384678553 165.0256188674891 -82.51161483589341
560 560 1776.0 1812 285.97317543799915 1.49 0.07820849534637639 0.01513034057699218 False True -0.05586626042301622 65.64780197110979 -32.81022200901349 -1.8120059384678553 165.0256188674891 -82.51161483589341
560 561 1780.0 1816 286.59504318099914 1.49 0.07820849534637639 0.01513034057699218 False True -0.05586626042301622 65.64780197110979 -32.81022200901349 -1.8120059384678553 165.0256188674891 -82.51161483589341
560 562 1784.0 1820 287.21679933299913 1.49 0.07820849534637639 0.01513034057699218 False True -0.05586626042301622 65.64780197110979 -32.81022200901349 -1.8120059384678553 165.0256188674891 -82.51161483589341
560 563 1788.0 1824 287.8398030169991 1.49 0.07820849534637639 0.01513034057699218 False True -0.05586626042301622 65.64780197110979 -32.81022200901349 -1.8120059384678553 165.0256188674891 -82.51161483589341
560 564 1792.0 1828 288.4720293159991 1.4100000000000001 0.08988247929048403 0.01513034057699218 False True -0.05586626042301622 65.64780197110979 -32.81022200901349 -1.8120059384678553 165.0256188674891 -82.51161483589341
560 565 1796.0 1832 289.0942341049991 1.4100000000000001 0.08988247929048403 0.01513034057699218 False True -0.05586626042301622 65.64780197110979 -32.81022200901349 -1.8120059384678553 165.0256188674891 -82.51161483589341
560 566 1800.0 1836 289.7180200199991 7.7 0.01513034057699218 0.0764011549187321 False True -0.05586626042301622 65.64780197110979 -32.81022200901349 -1.8120059384678553 165.0256188674891 -82.51161483589341
560 567 1812.0 1848 290.3519861189991 1.51 0.0764011549187321 0.01513034057699218 False True -0.05586626042301622 65.64780197110979 -32.81022200901349 -1.8120059384678553 165.0256188674891 -82.51161483589341
560 568 1816.0 1852 290.9758595459991 1.51 0.0764011549187321 0.01513034057699218 False True -0.05586626042301622 65.64780197110979 -32.81022200901349 -1.8120059384678553 165.0256188674891 -82.51161483589341
560 569 1820.0 1856 291.6095616649991 1.51 0.0764011549187321 0.01513034057699218 False True -0.05586626042301622 65.64780197110979 -32.81022200901349 -1.8120059384678553 165.0256188674891 -82.51161483589341
560 570 1824.0 1860 292.2338325619991 1.51 0.0764011549187321 0.0011080733344004544 False True -0.05586626042301622 65.64780197110979 -32.81022200901349 -1.8120059384678553 165.0256188674891 -82.51161483589341
560 571 1828.0 1864 292.85800274699915 1.51 0.0764011549187321 0.07724911126294126 False True -0.05586626042301622 65.64780197110979 -32.81022200901349 -1.8120059384678553 165.0256188674891 -82.51161483589341
560 572 1832.0 1868 293.49152081099913 1.51 0.0764011549187321 0.017019657466971153 False True -0.05586626042301622 65.64780197110979 -32.81022200901349 -1.8120059384678553 165.0256188674891 -82.51161483589341
560 573 1836.0 1872 294.11636524999915 1.51 0.0764011549187321 0.00867852634771746 False True -0.05586626042301622 65.64780197110979 -32.81022200901349 -1.8120059384678553 165.0256188674891 -82.51161483589341
560 574 1840.0 1876 294.7390134999992 1.51 0.0764011549187321 0.0016642645349578692 False True -0.05586626042301622 65.64780197110979 -32.81022200901349 -1.8120059384678553 165.0256188674891 -82.51161483589341
560 575 1844.0 1880 295.3732747829992 1.51 0.0764011549187321 0.0016642645349578692 False True -0.05586626042301622 65.64780197110979 -32.81022200901349 -1.8120059384678553 165.0256188674891 -82.51161483589341
560 576 1848.0 1884 296.0107803309992 1.51 0.0764011549187321 0.0016642645349578692 False True -0.05586626042301622 65.64780197110979 -32.81022200901349 -1.8120059384678553 165.0256188674891 -82.51161483589341
560 577 1852.0 1888 296.6497624319992 1.51 0.0764011549187321 0.0016642645349578692 False True -0.05586626042301622 65.64780197110979 -32.81022200901349 -1.8120059384678553 165.0256188674891 -82.51161483589341
560 578 1856.0 1892 297.27849776699924 1.51 0.0764011549187321 0.0016642645349578692 False True -0.05586626042301622 65.64780197110979 -32.81022200901349 -1.8120059384678553 165.0256188674891 -82.51161483589341
560 579 1860.0 1896 297.91500350599927 1.51 0.0764011549187321 0.0016642645349578692 False True -0.05586626042301622 65.64780197110979 -32.81022200901349 -1.8120059384678553 165.0256188674891 -82.51161483589341
560 580 1864.0 1900 298.5535941679992 1.51 0.0764011549187321 0.0016642645349578692 False True -0.05586626042301622 65.64780197110979 -32.81022200901349 -1.8120059384678553 165.0256188674891 -82.51161483589341
560 581 1868.0 1904 299.19132630399923 1.51 0.0764011549187321 0.0016642645349578692 False True -0.05586626042301622 65.64780197110979 -32.81022200901349 -1.8120059384678553 165.0256188674891 -82.51161483589341
560 582 1872.0 1908 299.81835965099924 1.51 0.0764011549187321 0.0016642645349578692 False True -0.05586626042301622 65.64780197110979 -32.81022200901349 -1.8120059384678553 165.0256188674891 -82.51161483589341
560 583 1876.0 1912 300.45490455399926 1.51 0.0764011549187321 0.0016642645349578692 False True -0.05586626042301622 65.64780197110979 -32.81022200901349 -1.8120059384678553 165.0256188674891 -82.51161483589341
560 584 1880.0 1916 301.09216313899924 1.51 0.0764011549187321 0.0016642645349578692 False True -0.05586626042301622 65.64780197110979 -32.81022200901349 -1.8120059384678553 165.0256188674891 -82.51161483589341
560 585 1884.0 1920 301.73030809599925 1.51 0.0764011549187321 0.0011080733344004544 False True -0.05586626042301622 65.64780197110979 -32.81022200901349 -1.8120059384678553 165.0256188674891 -82.51161483589341
560 586 1888.0 1924 302.36815644099926 1.51 0.0764011549187321 0.0011080733344004544 False True -0.05586626042301622 65.64780197110979 -32.81022200901349 -1.8120059384678553 165.0256188674891 -82.51161483589341
560 587 1892.0 1928 302.99564354099925 1.51 0.0764011549187321 0.0011080733344004544 False True -0.05586626042301622 65.64780197110979 -32.81022200901349 -1.8120059384678553 165.0256188674891 -82.51161483589341
560 588 1896.0 1932 303.6327199919993 1.51 0.0764011549187321 0.0011080733344004544 False True -0.05586626042301622 65.64780197110979 -32.81022200901349 -1.8120059384678553 165.0256188674891 -82.51161483589341
560 589 1900.0 1936 304.2710704739993 1.51 0.0764011549187321 0.0011080733344004544 False True -0.05586626042301622 65.64780197110979 -32.81022200901349 -1.8120059384678553 165.0256188674891 -82.51161483589341
560 590 1904.0 1940 304.9088365059993 1.51 0.0764011549187321 0.01335140872594877 False True -0.05586626042301622 65.64780197110979 -32.81022200901349 -1.8120059384678553 165.0256188674891 -82.51161483589341
560 591 1908.0 1944 305.5355759879993 1.51 0.0764011549187321 0.0016642645349578692 False True -0.05586626042301622 65.64780197110979 -32.81022200901349 -1.8120059384678553 165.0256188674891 -82.51161483589341
560 592 1912.0 1948 306.1753763579993 1.51 0.0764011549187321 0.0016642645349578692 False True -0.05586626042301622 65.64780197110979 -32.81022200901349 -1.8120059384678553 165.0256188674891 -82.51161483589341
560 593 1916.0 1952 306.8130565939993 1.51 0.0764011549187321 0.0016642645349578692 False True -0.05586626042301622 65.64780197110979 -32.81022200901349 -1.8120059384678553 165.0256188674891 -82.51161483589341
560 594 1920.0 1956 307.4518452589993 7.81 0.0016642645349578692 0.0764011549187321 False True -0.05586626042301622 65.64780197110979 -32.81022200901349 -1.8120059384678553 165.0256188674891 -82.51161483589341
560 595 1924.0 1960 308.08943494399927 7.81 0.0016642645349578692 0.0764011549187321 False True -0.05586626042301622 65.64780197110979 -32.81022200901349 -1.8120059384678553 165.0256188674891 -82.51161483589341
560 596 1928.0 1964 308.72723339499925 7.81 0.0016642645349578692 0.07724911126294126 False True -0.05586626042301622 65.64780197110979 -32.81022200901349 -1.8120059384678553 165.0256188674891 -82.51161483589341
560 597 1932.0 1968 309.35409466399926 7.81 0.0016642645349578692 0.06581310213087434 False True -0.05586626042301622 65.64780197110979 -32.81022200901349 -1.8120059384678553 165.0256188674891 -82.51161483589341
560 598 1944.0 1980 309.99295951499926 7.81 0.0016642645349578692 0.07566469976623949 False True -0.05586626042301622 65.64780197110979 -32.81022200901349 -1.8120059384678553 165.0256188674891 -82.51161483589341
560 599 1956.0 1992 310.6320105649993 1.52 0.07566469976623949 0.0016642645349578692 False True -0.05586626042301622 65.64780197110979 -32.81022200901349 -1.8120059384678553 165.0256188674891 -82.51161483589341
560 600 1960.0 1996 311.2716121659993 1.52 0.07566469976623949 0.00010947220767746747 False True -0.05586626042301622 65.64780197110979 -32.81022200901349 -1.8120059384678553 165.0256188674891 -82.51161483589341
