macrorep i x y cond_mean cond_var cond_mean_err cond_var_err cei lf hf maxcei x_star lf_next hf_next
2.000000000000000000e+00 3.770000000000000000e+02 1.000000000000000021e-02 0.000000000000000000e+00 1.315364539092244225e-02 7.189315728373132930e-02 2.291316360479714320e-02 2.537748331683363501e-02 2.057375901274866980e-06 0.000000000000000000e+00 0.000000000000000000e+00 7.940000000000000000e+02 0.000000000000000000e+00 0.000000000000000000e+00 1.000000000000000000e+00
2.000000000000000000e+00 3.770000000000000000e+02 2.000000000000000042e-02 0.000000000000000000e+00 1.150658394941003228e-02 1.357478593164111180e-01 1.881439818093862820e-02 4.840993808585043745e-02 1.783897106867398611e-04 0.000000000000000000e+00 0.000000000000000000e+00 7.940000000000000000e+02 0.000000000000000000e+00 0.000000000000000000e+00 1.000000000000000000e+00
2.000000000000000000e+00 3.770000000000000000e+02 2.999999999999999889e-02 0.000000000000000000e+00 9.849661597547496733e-03 1.923304170041014172e-01 1.469762164692624273e-02 6.930012008015765113e-02 9.621633542273005241e-04 0.000000000000000000e+00 0.000000000000000000e+00 7.940000000000000000e+02 0.000000000000000000e+00 0.000000000000000000e+00 1.000000000000000000e+00
2.000000000000000000e+00 3.770000000000000000e+02 4.000000000000000083e-02 0.000000000000000000e+00 8.177910937874883698e-03 2.423198693160356632e-01 1.055377893809335971e-02 8.823192654575372218e-02 2.387936537011418198e-03 0.000000000000000000e+00 0.000000000000000000e+00 7.940000000000000000e+02 0.000000000000000000e+00 0.000000000000000000e+00 1.000000000000000000e+00
2.000000000000000000e+00 3.770000000000000000e+02 5.000000000000000278e-02 0.000000000000000000e+00 6.486320118164357051e-03 2.863161323316139595e-01 6.373755456310376682e-03 1.053720150575582631e-01 4.238203436098240268e-03 0.000000000000000000e+00 0.000000000000000000e+00 7.940000000000000000e+02 0.000000000000000000e+00 0.000000000000000000e+00 1.000000000000000000e+00
2.000000000000000000e+00 3.770000000000000000e+02 6.000000000000000472e-02 0.000000000000000000e+00 4.769817806055866999e-03 3.248471987452122289e-01 2.148357021950857842e-03 1.208712706138134613e-01 6.291452476213335587e-03 0.000000000000000000e+00 0.000000000000000000e+00 7.940000000000000000e+02 0.000000000000000000e+00 0.000000000000000000e+00 1.000000000000000000e+00
2.000000000000000000e+00 3.770000000000000000e+02 6.999999999999999278e-02 0.000000000000000000e+00 3.023257985373339896e-03 3.583754742290056194e-01 -2.131710349186011905e-03 1.348661338837579271e-01 8.382690602367175170e-03 0.000000000000000000e+00 0.000000000000000000e+00 7.940000000000000000e+02 0.000000000000000000e+00 0.000000000000000000e+00 1.000000000000000000e+00
2.000000000000000000e+00 3.770000000000000000e+02 8.000000000000000167e-02 0.000000000000000000e+00 1.241404528541345878e-03 3.873033266955641096e-01 -6.475860888478353339e-03 1.474798023011991144e-01 1.040048621395801148e-02 0.000000000000000000e+00 0.000000000000000000e+00 7.940000000000000000e+02 0.000000000000000000e+00 0.000000000000000000e+00 1.000000000000000000e+00
2.000000000000000000e+00 3.770000000000000000e+02 8.999999999999999667e-02 0.000000000000000000e+00 -5.810845011491472950e-04 4.119779150561102554e-01 -1.089364978157443542e-02 1.588233145772663668e-01 1.227272001437876292e-02 0.000000000000000000e+00 0.000000000000000000e+00 7.940000000000000000e+02 0.000000000000000000e+00 0.000000000000000000e+00 1.000000000000000000e+00
2.000000000000000000e+00 3.770000000000000000e+02 9.999999999999999167e-02 0.000000000000000000e+00 -2.449672864487374008e-03 4.326953554236530608e-01 -1.539479418552176793e-02 1.689965281793616436e-01 1.395386868272087411e-02 0.000000000000000000e+00 0.000000000000000000e+00 7.940000000000000000e+02 0.000000000000000000e+00 0.000000000000000000e+00 1.000000000000000000e+00
2.000000000000000000e+00 3.770000000000000000e+02 1.100000000000000006e-01 0.000000000000000000e+00 -4.369962526513684886e-03 4.497042747589952150e-01 -1.998919460216079524e-02 1.780889983811005939e-01 1.541573284437459945e-02 0.000000000000000000e+00 0.000000000000000000e+00 7.940000000000000000e+02 0.000000000000000000e+00 0.000000000000000000e+00 1.000000000000000000e+00
2.000000000000000000e+00 3.770000000000000000e+02 1.199999999999999956e-01 0.000000000000000000e+00 -6.347710451022333528e-03 4.632087946063939699e-01 -2.468695665479492263e-02 1.861807666215610502e-01 1.664108184425087261e-02 0.000000000000000000e+00 0.000000000000000000e+00 7.940000000000000000e+02 0.000000000000000000e+00 0.000000000000000000e+00 1.000000000000000000e+00
2.000000000000000000e+00 3.770000000000000000e+02 1.300000000000000044e-01 0.000000000000000000e+00 -8.388845859745142075e-03 4.733709807262517222e-01 -2.949841331603599015e-02 1.933430651138028367e-01 1.761939286312037833e-02 0.000000000000000000e+00 0.000000000000000000e+00 7.940000000000000000e+02 0.000000000000000000e+00 0.000000000000000000e+00 1.000000000000000000e+00
2.000000000000000000e+00 3.770000000000000000e+02 1.400000000000000133e-01 0.000000000000000000e+00 -1.049948800795877726e-02 4.803127880225175894e-01 -3.443414763571642917e-02 1.996389439053604942e-01 1.834402387890310404e-02 0.000000000000000000e+00 0.000000000000000000e+00 7.940000000000000000e+02 0.000000000000000000e+00 0.000000000000000000e+00 1.000000000000000000e+00
2.000000000000000000e+00 3.770000000000000000e+02 1.500000000000000222e-01 0.000000000000000000e+00 -1.268596452980624498e-02 4.841175241055877265e-01 -3.950501601885912650e-02 2.051238259107504847e-01 1.881036338780989192e-02 0.000000000000000000e+00 0.000000000000000000e+00 7.940000000000000000e+02 0.000000000000000000e+00 0.000000000000000000e+00 1.000000000000000000e+00
2.000000000000000000e+00 3.770000000000000000e+02 1.600000000000000033e-01 0.000000000000000000e+00 -1.495483040833107957e-02 4.848308490547096339e-01 -4.472217210490650463e-02 2.098459948019720522e-01 1.901466116329994516e-02 0.000000000000000000e+00 0.000000000000000000e+00 7.940000000000000000e+02 0.000000000000000000e+00 0.000000000000000000e+00 1.000000000000000000e+00
2.000000000000000000e+00 3.770000000000000000e+02 1.700000000000000122e-01 0.000000000000000000e+00 -1.731288762709586732e-02 4.824613233778912713e-01 -5.009709130073201899e-02 2.138470200519226594e-01 1.895336147416119832e-02 0.000000000000000000e+00 0.000000000000000000e+00 7.940000000000000000e+02 0.000000000000000000e+00 0.000000000000000000e+00 1.000000000000000000e+00
2.000000000000000000e+00 3.770000000000000000e+02 1.800000000000000211e-01 0.000000000000000000e+00 -1.976720556230028569e-02 4.769805107453000681e-01 -5.564159602139617800e-02 2.171621228724059938e-01 1.862284715122138057e-02 0.000000000000000000e+00 0.000000000000000000e+00 7.940000000000000000e+02 0.000000000000000000e+00 0.000000000000000000e+00 1.000000000000000000e+00
2.000000000000000000e+00 3.770000000000000000e+02 1.900000000000000022e-01 0.000000000000000000e+00 -2.232514217653300964e-02 4.683226367290439507e-01 -6.136788169416473870e-02 2.198204862681011340e-01 1.801957473808170340e-02 0.000000000000000000e+00 0.000000000000000000e+00 7.940000000000000000e+02 0.000000000000000000e+00 0.000000000000000000e+00 1.000000000000000000e+00
2.000000000000000000e+00 3.770000000000000000e+02 2.000000000000000111e-01 0.000000000000000000e+00 -2.499436607769574964e-02 4.563837994539156617e-01 -6.728854358298712313e-02 2.218455119359135086e-01 1.714065195121095009e-02 0.000000000000000000e+00 0.000000000000000000e+00 7.940000000000000000e+02 0.000000000000000000e+00 0.000000000000000000e+00 1.000000000000000000e+00
2.000000000000000000e+00 3.770000000000000000e+02 2.100000000000000200e-01 0.000000000000000000e+00 -2.778287950923212513e-02 4.410207226862413177e-01 -7.341660449243614384e-02 2.232550262712039713e-01 1.598499423467061864e-02 0.000000000000000000e+00 0.000000000000000000e+00 7.940000000000000000e+02 0.000000000000000000e+00 0.000000000000000000e+00 1.000000000000000000e+00
2.000000000000000000e+00 3.770000000000000000e+02 2.200000000000000011e-01 0.000000000000000000e+00 -3.069904234058402903e-02 4.220490363968299463e-01 -7.976554341204593335e-02 2.240614372943776078e-01 1.455531733930794103e-02 0.000000000000000000e+00 0.000000000000000000e+00 7.940000000000000000e+02 0.000000000000000000e+00 0.000000000000000000e+00 1.000000000000000000e+00
2.000000000000000000e+00 3.770000000000000000e+02 2.300000000000000100e-01 0.000000000000000000e+00 -3.375159712979892979e-02 3.992410641633167279e-01 -8.634932516405223468e-02 2.242718438792666302e-01 1.286140664527365279e-02 0.000000000000000000e+00 0.000000000000000000e+00 7.940000000000000000e+02 0.000000000000000000e+00 0.000000000000000000e+00 1.000000000000000000e+00
2.000000000000000000e+00 3.770000000000000000e+02 2.400000000000000189e-01 0.000000000000000000e+00 -3.694969533342467444e-02 3.723230908588381349e-01 -9.318243111974705561e-02 2.238880982448467338e-01 1.092539321303333255e-02 0.000000000000000000e+00 0.000000000000000000e+00 7.940000000000000000e+02 0.000000000000000000e+00 0.000000000000000000e+00 1.000000000000000000e+00
2.000000000000000000e+00 3.770000000000000000e+02 2.500000000000000000e-01 0.000000000000000000e+00 -4.030292474226842420e-02 3.409720778369725869e-01 -1.002798910520101006e-01 2.229068222604080607e-01 8.790207954911227750e-03 0.000000000000000000e+00 0.000000000000000000e+00 7.940000000000000000e+02 0.000000000000000000e+00 0.000000000000000000e+00 1.000000000000000000e+00
2.000000000000000000e+00 3.770000000000000000e+02 2.600000000000000089e-01 0.000000000000000000e+00 -4.382133822527083111e-02 3.048117861923615446e-01 -1.076573161940780066e-01 2.213193777077122060e-01 6.532957187077026440e-03 0.000000000000000000e+00 0.000000000000000000e+00 7.940000000000000000e+02 0.000000000000000000e+00 0.000000000000000000e+00 1.000000000000000000e+00
2.000000000000000000e+00 3.770000000000000000e+02 2.700000000000000178e-01 0.000000000000000000e+00 -4.751548386766891313e-02 2.634082615728343124e-01 -1.153309335772658983e-01 2.191117902383550586e-01 4.285189862258172860e-03 0.000000000000000000e+00 0.000000000000000000e+00 7.940000000000000000e+02 0.000000000000000000e+00 0.000000000000000000e+00 1.000000000000000000e+00
2.000000000000000000e+00 3.770000000000000000e+02 2.800000000000000266e-01 0.000000000000000000e+00 -5.139643659380059570e-02 2.162646263569258376e-01 -1.233176217231689020e-01 2.162646263569258931e-01 2.259147525183807445e-03 1.000000000000000000e+00 0.000000000000000000e+00 7.940000000000000000e+02 0.000000000000000000e+00 0.000000000000000000e+00 1.000000000000000000e+00
2.000000000000000000e+00 3.770000000000000000e+02 2.900000000000000355e-01 0.000000000000000000e+00 -6.859787174093168183e-02 2.570779796730160993e-01 -1.316349477688506797e-01 2.127528223470412649e-01 4.432138334631813975e-03 0.000000000000000000e+00 0.000000000000000000e+00 7.940000000000000000e+02 0.000000000000000000e+00 0.000000000000000000e+00 1.000000000000000000e+00
2.000000000000000000e+00 3.770000000000000000e+02 2.999999999999999889e-01 0.000000000000000000e+00 -8.604931826127541761e-02 2.906595235780380926e-01 -1.403012061066774563e-01 2.085454636342816692e-01 6.949952352247011633e-03 0.000000000000000000e+00 0.000000000000000000e+00 7.940000000000000000e+02 0.000000000000000000e+00 0.000000000000000000e+00 1.000000000000000000e+00
2.000000000000000000e+00 3.770000000000000000e+02 3.099999999999999978e-01 0.000000000000000000e+00 -1.038030950043060952e-01 3.174122652510661946e-01 -1.493354586237879977e-01 2.036055126437510687e-01 9.555769531748969925e-03 0.000000000000000000e+00 0.000000000000000000e+00 7.940000000000000000e+02 0.000000000000000000e+00 0.000000000000000000e+00 1.000000000000000000e+00
2.000000000000000000e+00 3.770000000000000000e+02 3.200000000000000067e-01 0.000000000000000000e+00 -1.219124271953329064e-01 3.376572604179671755e-01 -1.587575766297083801e-01 1.978894827565788883e-01 1.205718337123261319e-02 0.000000000000000000e+00 0.000000000000000000e+00 7.940000000000000000e+02 0.000000000000000000e+00 0.000000000000000000e+00 1.000000000000000000e+00
2.000000000000000000e+00 3.770000000000000000e+02 3.300000000000000155e-01 0.000000000000000000e+00 -1.404316060029347224e-01 3.516374662940395246e-01 -1.685882845643336403e-01 1.913470554951863245e-01 1.431156211020061242e-02 0.000000000000000000e+00 0.000000000000000000e+00 7.940000000000000000e+02 0.000000000000000000e+00 0.000000000000000000e+00 1.000000000000000000e+00
2.000000000000000000e+00 3.770000000000000000e+02 3.400000000000000244e-01 0.000000000000000000e+00 -1.594161513020568854e-01 3.595206572778912313e-01 -1.788492055824138782e-01 1.839206375673826110e-01 1.620919203330566799e-02 0.000000000000000000e+00 0.000000000000000000e+00 7.940000000000000000e+02 0.000000000000000000e+00 0.000000000000000000e+00 1.000000000000000000e+00
2.000000000000000000e+00 3.770000000000000000e+02 3.500000000000000333e-01 0.000000000000000000e+00 -1.789229781207276881e-01 3.614014383873704883e-01 -1.895629091148109679e-01 1.755448538699289074e-01 1.765987438047676716e-02 0.000000000000000000e+00 0.000000000000000000e+00 7.940000000000000000e+02 0.000000000000000000e+00 0.000000000000000000e+00 1.000000000000000000e+00
2.000000000000000000e+00 3.770000000000000000e+02 3.600000000000000422e-01 0.000000000000000000e+00 -1.990105672693979755e-01 3.573023806004982927e-01 -2.007529605111385840e-01 1.661459719884565978e-01 1.858321702125943775e-02 0.000000000000000000e+00 0.000000000000000000e+00 7.940000000000000000e+02 0.000000000000000000e+00 0.000000000000000000e+00 1.000000000000000000e+00
2.000000000000000000e+00 3.770000000000000000e+02 3.699999999999999956e-01 0.000000000000000000e+00 -2.197391406644425560e-01 3.471742917264623585e-01 -2.124439728729773103e-01 1.556412531275861433e-01 1.890199144108557078e-02 0.000000000000000000e+00 0.000000000000000000e+00 7.940000000000000000e+02 0.000000000000000000e+00 0.000000000000000000e+00 1.000000000000000000e+00
2.000000000000000000e+00 3.770000000000000000e+02 3.800000000000000044e-01 0.000000000000000000e+00 -2.411708418714397228e-01 3.308956260573557850e-01 -2.246616611916754380e-01 1.439382237574540757e-01 1.853831312798064762e-02 0.000000000000000000e+00 0.000000000000000000e+00 7.940000000000000000e+02 0.000000000000000000e+00 0.000000000000000000e+00 1.000000000000000000e+00
2.000000000000000000e+00 3.770000000000000000e+02 3.900000000000000133e-01 0.000000000000000000e+00 -2.633699224094894764e-01 3.082710257159778644e-01 -2.374328989098132558e-01 1.309338615649187354e-01 1.741345762979586848e-02 0.000000000000000000e+00 0.000000000000000000e+00 7.940000000000000000e+02 0.000000000000000000e+00 0.000000000000000000e+00 1.000000000000000000e+00
2.000000000000000000e+00 3.770000000000000000e+02 4.000000000000000222e-01 0.000000000000000000e+00 -2.864029343751063328e-01 2.790289761946262437e-01 -2.507857770307413414e-01 1.165136885433343539e-01 1.545441281919383847e-02 0.000000000000000000e+00 0.000000000000000000e+00 7.940000000000000000e+02 0.000000000000000000e+00 0.000000000000000000e+00 1.000000000000000000e+00
2.000000000000000000e+00 3.770000000000000000e+02 4.100000000000000311e-01 0.000000000000000000e+00 -3.103389299631647003e-01 2.428185479493440990e-01 -2.647496659062075208e-01 1.005507632373219412e-01 1.261598379085109717e-02 0.000000000000000000e+00 0.000000000000000000e+00 7.940000000000000000e+02 0.000000000000000000e+00 0.000000000000000000e+00 1.000000000000000000e+00
2.000000000000000000e+00 3.770000000000000000e+02 4.200000000000000400e-01 0.000000000000000000e+00 -3.352496684830566509e-01 1.992051849459754720e-01 -2.793552798379769220e-01 8.290456327121933922e-02 8.943304748622975253e-03 0.000000000000000000e+00 0.000000000000000000e+00 7.940000000000000000e+02 0.000000000000000000e+00 0.000000000000000000e+00 1.000000000000000000e+00
2.000000000000000000e+00 3.770000000000000000e+02 4.299999999999999933e-01 0.000000000000000000e+00 -3.612098314906861396e-01 1.476654896169859454e-01 -2.946347446355402910e-01 6.341974832405715412e-02 4.747705626060159945e-03 0.000000000000000000e+00 0.000000000000000000e+00 7.940000000000000000e+02 0.000000000000000000e+00 0.000000000000000000e+00 1.000000000000000000e+00
2.000000000000000000e+00 3.770000000000000000e+02 4.400000000000000022e-01 0.000000000000000000e+00 -3.882972466812612544e-01 8.758094164408304627e-02 -3.106216682785076788e-01 4.192479266147130373e-02 1.087330042775620786e-03 0.000000000000000000e+00 0.000000000000000000e+00 7.940000000000000000e+02 0.000000000000000000e+00 0.000000000000000000e+00 1.000000000000000000e+00
2.000000000000000000e+00 3.770000000000000000e+02 4.500000000000000111e-01 0.000000000000000000e+00 -4.165931212141052442e-01 1.823047518666686198e-02 -3.273512148391116705e-01 1.823047518666686892e-02 1.108024048148695163e-07 1.000000000000000000e+00 1.000000000000000000e+00 7.940000000000000000e+02 0.000000000000000000e+00 0.000000000000000000e+00 1.000000000000000000e+00
2.000000000000000000e+00 3.770000000000000000e+02 4.600000000000000200e-01 0.000000000000000000e+00 -4.072178058511918275e-01 8.746308015405471203e-02 -3.135095866098951412e-01 4.193604054677697174e-02 1.297793637241745693e-03 0.000000000000000000e+00 0.000000000000000000e+00 7.940000000000000000e+02 0.000000000000000000e+00 0.000000000000000000e+00 1.000000000000000000e+00
2.000000000000000000e+00 3.770000000000000000e+02 4.700000000000000289e-01 0.000000000000000000e+00 -3.991076730303135811e-01 1.471656346170414353e-01 -3.004169334252830836e-01 6.345146022753100912e-02 6.017604081348736089e-03 0.000000000000000000e+00 0.000000000000000000e+00 7.940000000000000000e+02 0.000000000000000000e+00 0.000000000000000000e+00 1.000000000000000000e+00
2.000000000000000000e+00 3.770000000000000000e+02 4.800000000000000377e-01 0.000000000000000000e+00 -3.922384088461572382e-01 1.980546201681861462e-01 -2.880444573118454699e-01 8.296613547142993317e-02 1.189714923963962334e-02 0.000000000000000000e+00 0.000000000000000000e+00 7.940000000000000000e+02 0.000000000000000000e+00 0.000000000000000000e+00 1.000000000000000000e+00
2.000000000000000000e+00 3.770000000000000000e+02 4.899999999999999911e-01 0.000000000000000000e+00 -3.865894194758309199e-01 2.407407480532529620e-01 -2.763649443631756020e-01 1.006518548744220615e-01 1.756059900460945483e-02 0.000000000000000000e+00 0.000000000000000000e+00 7.940000000000000000e+02 0.000000000000000000e+00 0.000000000000000000e+00 1.000000000000000000e+00
2.000000000000000000e+00 3.770000000000000000e+02 5.000000000000000000e-01 0.000000000000000000e+00 -3.821437694392752493e-01 2.757362882272274551e-01 -2.653527048814841027e-01 1.166643066489222030e-01 2.250215809876147943e-02 0.000000000000000000e+00 0.000000000000000000e+00 7.940000000000000000e+02 0.000000000000000000e+00 0.000000000000000000e+00 1.000000000000000000e+00
2.000000000000000000e+00 3.770000000000000000e+02 5.100000000000000089e-01 0.000000000000000000e+00 -3.788881308272648574e-01 3.034612170308515489e-01 -2.549835168717689005e-01 1.311444491544034308e-01 2.655411974165040878e-02 0.000000000000000000e+00 0.000000000000000000e+00 7.940000000000000000e+02 0.000000000000000000e+00 0.000000000000000000e+00 1.000000000000000000e+00
2.000000000000000000e+00 3.770000000000000000e+02 5.200000000000000178e-01 0.000000000000000000e+00 -3.768127433447844288e-01 3.242482572650419170e-01 -2.452345727642743223e-01 1.442197517604073276e-01 2.967444913560907116e-02 0.000000000000000000e+00 0.000000000000000000e+00 7.940000000000000000e+02 0.000000000000000000e+00 0.000000000000000000e+00 1.000000000000000000e+00
2.000000000000000000e+00 3.770000000000000000e+02 5.300000000000000266e-01 0.000000000000000000e+00 -3.759113850499924969e-01 3.383468711483845759e-01 -2.360844292480515361e-01 1.560053169653466132e-01 3.186431320817319224e-02 0.000000000000000000e+00 0.000000000000000000e+00 7.940000000000000000e+02 0.000000000000000000e+00 0.000000000000000000e+00 1.000000000000000000e+00
2.000000000000000000e+00 3.770000000000000000e+02 5.400000000000000355e-01 0.000000000000000000e+00 -3.761813537010495478e-01 3.459262540766019911e-01 -2.275129601052785777e-01 1.666048936491645871e-01 3.313424748575317935e-02 0.000000000000000000e+00 0.000000000000000000e+00 7.940000000000000000e+02 0.000000000000000000e+00 0.000000000000000000e+00 1.000000000000000000e+00
2.000000000000000000e+00 3.770000000000000000e+02 5.500000000000000444e-01 0.000000000000000000e+00 -3.776234586548877226e-01 3.470773651116618175e-01 -2.195013119425942849e-01 1.761117903795625383e-01 3.348964941052977318e-02 0.000000000000000000e+00 0.000000000000000000e+00 7.940000000000000000e+02 0.000000000000000000e+00 0.000000000000000000e+00 1.000000000000000000e+00
2.000000000000000000e+00 3.770000000000000000e+02 5.600000000000000533e-01 0.000000000000000000e+00 -3.802420232936358224e-01 3.418140185681277643e-01 -2.120318627220764418e-01 1.846096968116706094e-01 3.292464609627394900e-02 0.000000000000000000e+00 0.000000000000000000e+00 7.940000000000000000e+02 0.000000000000000000e+00 0.000000000000000000e+00 1.000000000000000000e+00
2.000000000000000000e+00 3.770000000000000000e+02 5.700000000000000622e-01 0.000000000000000000e+00 -3.840448979859732437e-01 3.300730497967210852e-01 -2.050881830006505147e-01 1.921734204119840694e-01 3.142032294690716432e-02 0.000000000000000000e+00 0.000000000000000000e+00 7.940000000000000000e+02 0.000000000000000000e+00 0.000000000000000000e+00 1.000000000000000000e+00
2.000000000000000000e+00 3.770000000000000000e+02 5.800000000000000711e-01 0.000000000000000000e+00 -3.890434836222710357e-01 3.117135571546362227e-01 -1.986549997926729538e-01 1.988695449919779257e-01 2.894659469352152403e-02 0.000000000000000000e+00 0.000000000000000000e+00 7.940000000000000000e+02 0.000000000000000000e+00 0.000000000000000000e+00 1.000000000000000000e+00
2.000000000000000000e+00 3.770000000000000000e+02 5.899999999999999689e-01 0.000000000000000000e+00 -3.952527657940781425e-01 2.865152110656080109e-01 -1.927181629762026727e-01 2.047570168485040865e-01 2.546980806926614493e-02 0.000000000000000000e+00 0.000000000000000000e+00 7.940000000000000000e+02 0.000000000000000000e+00 0.000000000000000000e+00 1.000000000000000000e+00
2.000000000000000000e+00 3.770000000000000000e+02 5.999999999999999778e-01 0.000000000000000000e+00 -4.026913597204201944e-01 2.541756098770084904e-01 -1.872646141690699484e-01 2.098876636707902033e-01 2.097315442673897135e-02 0.000000000000000000e+00 0.000000000000000000e+00 7.940000000000000000e+02 0.000000000000000000e+00 0.000000000000000000e+00 1.000000000000000000e+00
2.000000000000000000e+00 3.770000000000000000e+02 6.099999999999999867e-01 0.000000000000000000e+00 -4.113815660555997789e-01 2.143066507820022004e-01 -1.822823580062838122e-01 2.143066507820038380e-01 1.550993235102063328e-02 1.000000000000000000e+00 0.000000000000000000e+00 7.940000000000000000e+02 0.000000000000000000e+00 0.000000000000000000e+00 1.000000000000000000e+00
2.000000000000000000e+00 3.770000000000000000e+02 6.199999999999999956e-01 0.000000000000000000e+00 -4.128137794817732242e-01 2.583878155497867923e-01 -1.777604357556015480e-01 2.180528787316987904e-01 2.258090225410075425e-02 0.000000000000000000e+00 0.000000000000000000e+00 7.940000000000000000e+02 0.000000000000000000e+00 0.000000000000000000e+00 1.000000000000000000e+00
2.000000000000000000e+00 3.770000000000000000e+02 6.300000000000000044e-01 0.000000000000000000e+00 -4.155279519906369123e-01 2.854920609209385951e-01 -1.736889012132253052e-01 2.211593257391660794e-01 2.738750844169632326e-02 0.000000000000000000e+00 0.000000000000000000e+00 7.940000000000000000e+02 0.000000000000000000e+00 0.000000000000000000e+00 1.000000000000000000e+00
2.000000000000000000e+00 3.770000000000000000e+02 6.400000000000000133e-01 0.000000000000000000e+00 -4.195322205800477988e-01 2.959446609656092297e-01 -1.700587988266083483e-01 2.236533380022351358e-01 2.962072719825686873e-02 0.000000000000000000e+00 0.000000000000000000e+00 7.940000000000000000e+02 0.000000000000000000e+00 0.000000000000000000e+00 1.000000000000000000e+00
2.000000000000000000e+00 3.770000000000000000e+02 6.500000000000000222e-01 0.000000000000000000e+00 -4.248385899125043941e-01 2.898710558026305062e-01 -1.668621439962500175e-01 2.255568704271287694e-01 2.915449761540989115e-02 0.000000000000000000e+00 0.000000000000000000e+00 7.940000000000000000e+02 0.000000000000000000e+00 0.000000000000000000e+00 1.000000000000000000e+00
2.000000000000000000e+00 3.770000000000000000e+02 6.600000000000000311e-01 0.000000000000000000e+00 -4.314629683047201403e-01 2.671983569879667342e-01 -1.640919055131531412e-01 2.268866798985263722e-01 2.591822030327121940e-02 0.000000000000000000e+00 0.000000000000000000e+00 7.940000000000000000e+02 0.000000000000000000e+00 0.000000000000000000e+00 1.000000000000000000e+00
2.000000000000000000e+00 3.770000000000000000e+02 6.700000000000000400e-01 0.000000000000000000e+00 -4.394252154202230032e-01 2.276544727911980204e-01 -1.617419900933127763e-01 2.276544727912005461e-01 1.992646269231904133e-02 1.000000000000000000e+00 0.000000000000000000e+00 7.940000000000000000e+02 0.000000000000000000e+00 0.000000000000000000e+00 1.000000000000000000e+00
2.000000000000000000e+00 3.770000000000000000e+02 6.800000000000000488e-01 0.000000000000000000e+00 -4.437850934756010779e-01 2.644315637130640329e-01 -1.598072289752205111e-01 2.278670080217799210e-01 2.673499961024924931e-02 0.000000000000000000e+00 0.000000000000000000e+00 7.940000000000000000e+02 0.000000000000000000e+00 0.000000000000000000e+00 1.000000000000000000e+00
2.000000000000000000e+00 3.770000000000000000e+02 6.900000000000000577e-01 0.000000000000000000e+00 -4.495197815709224276e-01 2.762313507147853842e-01 -1.582833665509039422e-01 2.275261565478078896e-01 2.950132586036523230e-02 0.000000000000000000e+00 0.000000000000000000e+00 7.940000000000000000e+02 0.000000000000000000e+00 0.000000000000000000e+00 1.000000000000000000e+00
2.000000000000000000e+00 3.770000000000000000e+02 7.000000000000000666e-01 0.000000000000000000e+00 -4.566464721081398559e-01 2.631954413081156741e-01 -1.571670510054949121e-01 2.266289178378685376e-01 2.791882370661907808e-02 0.000000000000000000e+00 0.000000000000000000e+00 7.940000000000000000e+02 0.000000000000000000e+00 0.000000000000000000e+00 1.000000000000000000e+00
2.000000000000000000e+00 3.770000000000000000e+02 7.100000000000000755e-01 0.000000000000000000e+00 -4.651865306656906007e-01 2.251673934577660408e-01 -1.564558269447381689e-01 2.251673934577687053e-01 2.189665963799764664e-02 1.000000000000000000e+00 0.000000000000000000e+00 7.940000000000000000e+02 0.000000000000000000e+00 0.000000000000000000e+00 1.000000000000000000e+00
2.000000000000000000e+00 3.770000000000000000e+02 7.199999999999999734e-01 0.000000000000000000e+00 -4.707539276604736922e-01 2.597063705573645631e-01 -1.561481299942234224e-01 2.231287175402540679e-01 2.886767578785391641e-02 0.000000000000000000e+00 0.000000000000000000e+00 7.940000000000000000e+02 0.000000000000000000e+00 0.000000000000000000e+00 1.000000000000000000e+00
2.000000000000000000e+00 3.770000000000000000e+02 7.299999999999999822e-01 0.000000000000000000e+00 -4.777769863526583061e-01 2.692224702794471791e-01 -1.562432833584623260e-01 2.204949435261793489e-01 3.152334816780878735e-02 0.000000000000000000e+00 0.000000000000000000e+00 7.940000000000000000e+02 0.000000000000000000e+00 0.000000000000000000e+00 1.000000000000000000e+00
2.000000000000000000e+00 3.770000000000000000e+02 7.399999999999999911e-01 0.000000000000000000e+00 -4.862767616358966705e-01 2.538298939399401544e-01 -1.567414963322415755e-01 2.172428861801119770e-01 2.955255611881171807e-02 0.000000000000000000e+00 0.000000000000000000e+00 7.940000000000000000e+02 0.000000000000000000e+00 0.000000000000000000e+00 1.000000000000000000e+00
2.000000000000000000e+00 3.770000000000000000e+02 7.500000000000000000e-01 0.000000000000000000e+00 -4.962787355504938991e-01 2.133439174896211710e-01 -1.576438647609775812e-01 2.133439174896231971e-01 2.280907693516540102e-02 1.000000000000000000e+00 0.000000000000000000e+00 7.940000000000000000e+02 0.000000000000000000e+00 0.000000000000000000e+00 1.000000000000000000e+00
2.000000000000000000e+00 3.770000000000000000e+02 7.600000000000000089e-01 0.000000000000000000e+00 -5.036486932856520937e-01 2.414338305417673136e-01 -1.589523734510857877e-01 2.087637146515602393e-01 2.916324380448317988e-02 0.000000000000000000e+00 0.000000000000000000e+00 7.940000000000000000e+02 0.000000000000000000e+00 0.000000000000000000e+00 1.000000000000000000e+00
2.000000000000000000e+00 3.770000000000000000e+02 7.700000000000000178e-01 0.000000000000000000e+00 -5.125729301187367248e-01 2.361377026310302329e-01 -1.606699005356656829e-01 2.034619579268102385e-01 2.915981324444617828e-02 0.000000000000000000e+00 0.000000000000000000e+00 7.940000000000000000e+02 0.000000000000000000e+00 0.000000000000000000e+00 1.000000000000000000e+00
2.000000000000000000e+00 3.770000000000000000e+02 7.800000000000000266e-01 0.000000000000000000e+00 -5.230782006114971239e-01 1.973919757037550515e-01 -1.628002238051045880e-01 1.973919757037566058e-01 2.244697516334957788e-02 1.000000000000000000e+00 0.000000000000000000e+00 7.940000000000000000e+02 0.000000000000000000e+00 0.000000000000000000e+00 1.000000000000000000e+00
2.000000000000000000e+00 3.770000000000000000e+02 7.900000000000000355e-01 0.000000000000000000e+00 -5.320387473932708389e-01 2.151152265848948475e-01 -1.653480290165252053e-01 1.905003336459064889e-01 2.711085144905597821e-02 0.000000000000000000e+00 0.000000000000000000e+00 7.940000000000000000e+02 0.000000000000000000e+00 0.000000000000000000e+00 1.000000000000000000e+00
2.000000000000000000e+00 3.770000000000000000e+02 8.000000000000000444e-01 0.000000000000000000e+00 -5.426386856999374508e-01 1.827263643069345078e-01 -1.683189202003518015e-01 1.827263643069357291e-01 2.147489710245324701e-02 1.000000000000000000e+00 0.000000000000000000e+00 7.940000000000000000e+02 0.000000000000000000e+00 0.000000000000000000e+00 1.000000000000000000e+00
2.000000000000000000e+00 3.770000000000000000e+02 8.100000000000000533e-01 0.000000000000000000e+00 -5.529414442992031109e-01 1.740016330723288540e-01 -1.717194319866680863e-01 1.740016330723299365e-01 2.070309864457965665e-02 1.000000000000000000e+00 0.000000000000000000e+00 7.940000000000000000e+02 0.000000000000000000e+00 0.000000000000000000e+00 1.000000000000000000e+00
2.000000000000000000e+00 3.770000000000000000e+02 8.200000000000000622e-01 0.000000000000000000e+00 -5.636010857217426118e-01 1.642493357262820586e-01 -1.755570439784766845e-01 1.642493357262828912e-01 1.970357716690843142e-02 1.000000000000000000e+00 0.000000000000000000e+00 7.940000000000000000e+02 0.000000000000000000e+00 0.000000000000000000e+00 1.000000000000000000e+00
2.000000000000000000e+00 3.770000000000000000e+02 8.300000000000000711e-01 0.000000000000000000e+00 -5.746252226389108042e-01 1.533836223406035704e-01 -1.798401972034759377e-01 1.533836223406041810e-01 1.844420410506342201e-02 1.000000000000000000e+00 0.000000000000000000e+00 7.940000000000000000e+02 0.000000000000000000e+00 0.000000000000000000e+00 1.000000000000000000e+00
2.000000000000000000e+00 3.770000000000000000e+02 8.400000000000000799e-01 0.000000000000000000e+00 -5.860224565436209510e-01 1.413088415337985515e-01 -1.845783126805403407e-01 1.413088415337989401e-01 1.689021485392306482e-02 1.000000000000000000e+00 0.000000000000000000e+00 7.940000000000000000e+02 0.000000000000000000e+00 0.000000000000000000e+00 1.000000000000000000e+00
2.000000000000000000e+00 3.770000000000000000e+02 8.499999999999999778e-01 0.000000000000000000e+00 -5.978023985543079455e-01 1.279186984474970368e-01 -1.897818121417432224e-01 1.279186984474973698e-01 1.500635785872776740e-02 1.000000000000000000e+00 0.000000000000000000e+00 7.940000000000000000e+02 0.000000000000000000e+00 0.000000000000000000e+00 1.000000000000000000e+00
2.000000000000000000e+00 3.770000000000000000e+02 8.599999999999999867e-01 0.000000000000000000e+00 -6.099756924191392926e-01 1.130953190278604775e-01 -1.954621409554995470e-01 1.130953190278606996e-01 1.276230069567075437e-02 1.000000000000000000e+00 0.000000000000000000e+00 7.940000000000000000e+02 0.000000000000000000e+00 0.000000000000000000e+00 1.000000000000000000e+00
2.000000000000000000e+00 3.770000000000000000e+02 8.699999999999999956e-01 0.000000000000000000e+00 -6.225540397708693163e-01 9.670821237479018673e-02 -2.016317933012507779e-01 9.670821237479033938e-02 1.014569745691756841e-02 1.000000000000000000e+00 0.000000000000000000e+00 7.940000000000000000e+02 0.000000000000000000e+00 0.000000000000000000e+00 1.000000000000000000e+00
2.000000000000000000e+00 3.770000000000000000e+02 8.800000000000000044e-01 0.000000000000000000e+00 -6.355502276876672241e-01 7.861312202445053243e-02 -2.083043396510640133e-01 7.861312202445060182e-02 7.194212336039250422e-03 1.000000000000000000e+00 0.000000000000000000e+00 7.940000000000000000e+02 0.000000000000000000e+00 0.000000000000000000e+00 1.000000000000000000e+00
2.000000000000000000e+00 3.770000000000000000e+02 8.900000000000000133e-01 0.000000000000000000e+00 -6.489781586204514952e-01 5.865075605289233468e-02 -2.154944566185931776e-01 5.865075605289236244e-02 4.077142629064216262e-03 1.000000000000000000e+00 0.000000000000000000e+00 7.940000000000000000e+02 0.000000000000000000e+00 0.000000000000000000e+00 1.000000000000000000e+00
2.000000000000000000e+00 3.770000000000000000e+02 9.000000000000000222e-01 0.000000000000000000e+00 -6.628528827522517375e-01 3.664538482182028156e-02 -2.232179592410556690e-01 3.664538482182028156e-02 1.305313751159745302e-03 1.000000000000000000e+00 0.000000000000000000e+00 7.940000000000000000e+02 0.000000000000000000e+00 0.000000000000000000e+00 1.000000000000000000e+00
2.000000000000000000e+00 3.770000000000000000e+02 9.100000000000000311e-01 0.000000000000000000e+00 -6.771906328607073533e-01 1.240329402239441492e-02 -2.314918357652318848e-01 1.240329402239441318e-02 2.471315978916968073e-05 1.000000000000000000e+00 1.000000000000000000e+00 7.940000000000000000e+02 0.000000000000000000e+00 0.000000000000000000e+00 1.000000000000000000e+00
2.000000000000000000e+00 3.770000000000000000e+02 9.200000000000000400e-01 0.000000000000000000e+00 -6.899081812298279992e-01 3.464335662470169330e-02 -2.382336044836723954e-01 3.464335662470169330e-02 1.600022835101209961e-03 1.000000000000000000e+00 0.000000000000000000e+00 7.940000000000000000e+02 0.000000000000000000e+00 0.000000000000000000e+00 1.000000000000000000e+00
2.000000000000000000e+00 3.770000000000000000e+02 9.300000000000000488e-01 0.000000000000000000e+00 -7.031203007884427869e-01 5.262276717236369361e-02 -2.455587747985678304e-01 5.262276717236370055e-02 5.398156880679145370e-03 1.000000000000000000e+00 0.000000000000000000e+00 7.940000000000000000e+02 0.000000000000000000e+00 0.000000000000000000e+00 1.000000000000000000e+00
2.000000000000000000e+00 3.770000000000000000e+02 9.400000000000000577e-01 0.000000000000000000e+00 -7.168423767661404877e-01 6.649979925463361807e-02 -2.534834588040161263e-01 6.649979925463363195e-02 9.916720680342164945e-03 1.000000000000000000e+00 0.000000000000000000e+00 7.940000000000000000e+02 0.000000000000000000e+00 0.000000000000000000e+00 1.000000000000000000e+00
2.000000000000000000e+00 3.770000000000000000e+02 9.500000000000000666e-01 0.000000000000000000e+00 -7.310911227356458042e-01 7.639661303188040320e-02 -2.620250872557403632e-01 7.639661303188043096e-02 1.425307735161319977e-02 1.000000000000000000e+00 0.000000000000000000e+00 7.940000000000000000e+02 0.000000000000000000e+00 0.000000000000000000e+00 1.000000000000000000e+00
2.000000000000000000e+00 3.770000000000000000e+02 9.600000000000000755e-01 0.000000000000000000e+00 -7.458846190244194929e-01 8.240033061717577656e-02 -2.712024479109459429e-01 8.240033061717581819e-02 1.794651975595696475e-02 1.000000000000000000e+00 0.000000000000000000e+00 7.940000000000000000e+02 0.000000000000000000e+00 0.000000000000000000e+00 1.000000000000000000e+00
2.000000000000000000e+00 3.770000000000000000e+02 9.699999999999999734e-01 0.000000000000000000e+00 -7.612423541100352686e-01 8.456380301631698237e-02 -2.810357268529712904e-01 8.456380301631706564e-02 2.072033828468138744e-02 1.000000000000000000e+00 0.000000000000000000e+00 7.940000000000000000e+02 0.000000000000000000e+00 0.000000000000000000e+00 1.000000000000000000e+00
2.000000000000000000e+00 3.770000000000000000e+02 9.799999999999999822e-01 0.000000000000000000e+00 -7.771852690902858463e-01 8.290607537769502378e-02 -2.915465528916314497e-01 8.290607537769509316e-02 2.235685027203714037e-02 1.000000000000000000e+00 0.000000000000000000e+00 7.940000000000000000e+02 0.000000000000000000e+00 0.000000000000000000e+00 1.000000000000000000e+00
2.000000000000000000e+00 3.770000000000000000e+02 9.899999999999999911e-01 0.000000000000000000e+00 -7.928409783055923032e-01 1.021175853653679827e-01 -3.027580451369128456e-01 7.741255464762371308e-02 3.263954360709089841e-02 0.000000000000000000e+00 0.000000000000000000e+00 7.940000000000000000e+02 0.000000000000000000e+00 0.000000000000000000e+00 1.000000000000000000e+00
2.000000000000000000e+00 3.770000000000000000e+02 1.000000000000000000e+00 0.000000000000000000e+00 -8.109179553587810840e-01 6.803488110700749159e-02 -3.146948638506616991e-01 6.803488110700754710e-02 2.126044717799353834e-02 1.000000000000000000e+00 0.000000000000000000e+00 7.940000000000000000e+02 0.000000000000000000e+00 0.000000000000000000e+00 1.000000000000000000e+00
2.000000000000000000e+00 3.770000000000000000e+02 1.010000000000000009e+00 0.000000000000000000e+00 -8.269095457260728921e-01 8.760866730835926985e-02 -3.273832646881154051e-01 5.469050265848038328e-02 3.284220380654785665e-02 0.000000000000000000e+00 0.000000000000000000e+00 7.940000000000000000e+02 0.000000000000000000e+00 0.000000000000000000e+00 1.000000000000000000e+00
2.000000000000000000e+00 3.770000000000000000e+02 1.020000000000000018e+00 0.000000000000000000e+00 -8.454245403500586509e-01 7.019861646181826953e-02 -3.408511564485859902e-01 3.726194811644346211e-02 2.813299422105122738e-02 0.000000000000000000e+00 0.000000000000000000e+00 7.940000000000000000e+02 0.000000000000000000e+00 0.000000000000000000e+00 1.000000000000000000e+00
2.000000000000000000e+00 3.770000000000000000e+02 1.030000000000000027e+00 0.000000000000000000e+00 -8.665184465616415643e-01 1.559579310274211185e-02 -3.551281624623188193e-01 1.559579310274211879e-02 3.503109664507208718e-03 1.000000000000000000e+00 1.000000000000000000e+00 7.940000000000000000e+02 0.000000000000000000e+00 0.000000000000000000e+00 1.000000000000000000e+00
2.000000000000000000e+00 3.770000000000000000e+02 1.040000000000000036e+00 0.000000000000000000e+00 -8.377743114191669171e-01 5.899820360793413959e-02 -3.224621251287068668e-01 3.425877672712886873e-02 2.129336685468285334e-02 0.000000000000000000e+00 0.000000000000000000e+00 7.940000000000000000e+02 0.000000000000000000e+00 0.000000000000000000e+00 1.000000000000000000e+00
2.000000000000000000e+00 3.770000000000000000e+02 1.050000000000000044e+00 0.000000000000000000e+00 -8.115861527353640525e-01 4.611074832961140763e-02 -2.905647544150250505e-01 4.611074832961140763e-02 1.187154158071194662e-02 1.000000000000000000e+00 0.000000000000000000e+00 7.940000000000000000e+02 0.000000000000000000e+00 0.000000000000000000e+00 1.000000000000000000e+00
2.000000000000000000e+00 3.770000000000000000e+02 1.060000000000000053e+00 0.000000000000000000e+00 -7.850568918846829725e-01 5.125604136874665345e-02 -2.593658903910168734e-01 5.125604136874666039e-02 1.112647144272177133e-02 1.000000000000000000e+00 0.000000000000000000e+00 7.940000000000000000e+02 0.000000000000000000e+00 0.000000000000000000e+00 1.000000000000000000e+00
2.000000000000000000e+00 3.770000000000000000e+02 1.070000000000000062e+00 0.000000000000000000e+00 -7.590594138190023266e-01 4.973995009903221104e-02 -2.287969095283151899e-01 4.973995009903221104e-02 8.284454158421109687e-03 1.000000000000000000e+00 0.000000000000000000e+00 7.940000000000000000e+02 0.000000000000000000e+00 0.000000000000000000e+00 1.000000000000000000e+00
2.000000000000000000e+00 3.770000000000000000e+02 1.080000000000000071e+00 0.000000000000000000e+00 -7.335258953120669112e-01 4.154912829834046806e-02 -1.987905737594130862e-01 4.154912829834046806e-02 4.376008677677702824e-03 1.000000000000000000e+00 0.000000000000000000e+00 7.940000000000000000e+02 0.000000000000000000e+00 0.000000000000000000e+00 1.000000000000000000e+00
2.000000000000000000e+00 3.770000000000000000e+02 1.090000000000000080e+00 0.000000000000000000e+00 -7.083897612991945092e-01 2.661147178050289608e-02 -1.692808825840279863e-01 2.661147178050289608e-02 9.609553737285562308e-04 1.000000000000000000e+00 1.000000000000000000e+00 7.940000000000000000e+02 0.000000000000000000e+00 0.000000000000000000e+00 1.000000000000000000e+00
2.000000000000000000e+00 3.770000000000000000e+02 1.100000000000000089e+00 0.000000000000000000e+00 -7.174168979858885908e-01 4.431252965644632419e-02 -1.740342861202681668e-01 4.431252965644632419e-02 4.239694661133226739e-03 1.000000000000000000e+00 0.000000000000000000e+00 7.940000000000000000e+02 0.000000000000000000e+00 0.000000000000000000e+00 1.000000000000000000e+00
2.000000000000000000e+00 3.770000000000000000e+02 1.110000000000000098e+00 0.000000000000000000e+00 -7.267858493039955903e-01 5.676454580285426182e-02 -1.792298815043817106e-01 5.676454580285426182e-02 7.935257276695147077e-03 1.000000000000000000e+00 0.000000000000000000e+00 7.940000000000000000e+02 0.000000000000000000e+00 0.000000000000000000e+00 1.000000000000000000e+00
2.000000000000000000e+00 3.770000000000000000e+02 1.120000000000000107e+00 0.000000000000000000e+00 -7.365075007956067843e-01 6.407713589837794876e-02 -1.848790967193538470e-01 6.407713589837794876e-02 1.088456253483786190e-02 1.000000000000000000e+00 0.000000000000000000e+00 7.940000000000000000e+02 0.000000000000000000e+00 0.000000000000000000e+00 1.000000000000000000e+00
2.000000000000000000e+00 3.770000000000000000e+02 1.130000000000000115e+00 0.000000000000000000e+00 -7.465937465810350560e-01 6.631467301454201102e-02 -1.909943575086429923e-01 6.631467301454201102e-02 1.256012865038613063e-02 1.000000000000000000e+00 0.000000000000000000e+00 7.940000000000000000e+02 0.000000000000000000e+00 0.000000000000000000e+00 1.000000000000000000e+00
2.000000000000000000e+00 3.770000000000000000e+02 1.140000000000000124e+00 0.000000000000000000e+00 -7.570575167430622088e-01 6.349685429489429489e-02 -1.975891147072514897e-01 6.349685429489429489e-02 1.266936653500089216e-02 1.000000000000000000e+00 0.000000000000000000e+00 7.940000000000000000e+02 0.000000000000000000e+00 0.000000000000000000e+00 1.000000000000000000e+00
2.000000000000000000e+00 3.770000000000000000e+02 1.150000000000000133e+00 0.000000000000000000e+00 -7.679128069648204491e-01 5.559887434987866722e-02 -2.046778738275384923e-01 5.559887434987866722e-02 1.101284346189820851e-02 1.000000000000000000e+00 0.000000000000000000e+00 7.940000000000000000e+02 0.000000000000000000e+00 0.000000000000000000e+00 1.000000000000000000e+00
2.000000000000000000e+00 3.770000000000000000e+02 1.160000000000000142e+00 0.000000000000000000e+00 -7.791747104864072959e-01 4.255120689383447979e-02 -2.122762269648509614e-01 4.255120689383447979e-02 7.512342379413554372e-03 1.000000000000000000e+00 0.000000000000000000e+00 7.940000000000000000e+02 0.000000000000000000e+00 0.000000000000000000e+00 1.000000000000000000e+00
2.000000000000000000e+00 3.770000000000000000e+02 1.169999999999999929e+00 0.000000000000000000e+00 -7.908594524503882450e-01 2.423899270186248567e-02 -2.204008870931502828e-01 2.423899270186248567e-02 2.670352602139504025e-03 1.000000000000000000e+00 1.000000000000000000e+00 7.940000000000000000e+02 0.000000000000000000e+00 0.000000000000000000e+00 1.000000000000000000e+00
2.000000000000000000e+00 3.770000000000000000e+02 1.179999999999999938e+00 0.000000000000000000e+00 -7.963055546933217599e-01 4.477572978366684692e-02 -2.223908528077445934e-01 4.477572978366684692e-02 9.778050763137660639e-03 1.000000000000000000e+00 0.000000000000000000e+00 7.940000000000000000e+02 0.000000000000000000e+00 0.000000000000000000e+00 1.000000000000000000e+00
2.000000000000000000e+00 3.770000000000000000e+02 1.189999999999999947e+00 0.000000000000000000e+00 -8.021958006284697351e-01 6.144518169458141471e-02 -2.249293731603208835e-01 6.144518169458141471e-02 1.718182785028423559e-02 1.000000000000000000e+00 0.000000000000000000e+00 7.940000000000000000e+02 0.000000000000000000e+00 0.000000000000000000e+00 1.000000000000000000e+00
2.000000000000000000e+00 3.770000000000000000e+02 1.199999999999999956e+00 0.000000000000000000e+00 -8.085353193921753778e-01 7.439409039690969561e-02 -2.280220317587726420e-01 7.439409039690969561e-02 2.366601808397636453e-02 1.000000000000000000e+00 0.000000000000000000e+00 7.940000000000000000e+02 0.000000000000000000e+00 0.000000000000000000e+00 1.000000000000000000e+00
2.000000000000000000e+00 3.770000000000000000e+02 1.209999999999999964e+00 0.000000000000000000e+00 -8.153304701890871087e-01 8.373644573763779075e-02 -2.316756310669616237e-01 8.373644573763779075e-02 2.892741435110275650e-02 1.000000000000000000e+00 0.000000000000000000e+00 7.940000000000000000e+02 0.000000000000000000e+00 0.000000000000000000e+00 1.000000000000000000e+00
2.000000000000000000e+00 3.770000000000000000e+02 1.219999999999999973e+00 0.000000000000000000e+00 -8.225888572988460101e-01 8.955448890637179860e-02 -2.358982073670929658e-01 8.955448890637179860e-02 3.288118937273152437e-02 1.000000000000000000e+00 0.000000000000000000e+00 7.940000000000000000e+02 0.000000000000000000e+00 0.000000000000000000e+00 1.000000000000000000e+00
2.000000000000000000e+00 3.770000000000000000e+02 1.229999999999999982e+00 0.000000000000000000e+00 -8.303193477955150836e-01 9.189943640836387151e-02 -2.406990484359359528e-01 9.189943640836388539e-02 3.548325054371970905e-02 1.000000000000000000e+00 0.000000000000000000e+00 7.940000000000000000e+02 0.000000000000000000e+00 0.000000000000000000e+00 1.000000000000000000e+00
2.000000000000000000e+00 3.770000000000000000e+02 1.239999999999999991e+00 0.000000000000000000e+00 -8.385320920186001281e-01 9.079193092579575242e-02 -2.460887139737738261e-01 9.079193092579576629e-02 3.667203901773730818e-02 1.000000000000000000e+00 0.000000000000000000e+00 7.940000000000000000e+02 0.000000000000000000e+00 0.000000000000000000e+00 1.000000000000000000e+00
2.000000000000000000e+00 3.770000000000000000e+02 1.250000000000000000e+00 0.000000000000000000e+00 -8.472385468405878584e-01 8.622222303627231910e-02 -2.520790588310153346e-01 8.622222303627231910e-02 3.634020321529018299e-02 1.000000000000000000e+00 0.000000000000000000e+00 7.940000000000000000e+02 0.000000000000000000e+00 0.000000000000000000e+00 1.000000000000000000e+00
2.000000000000000000e+00 3.770000000000000000e+02 1.260000000000000009e+00 0.000000000000000000e+00 -8.564515017821148213e-01 7.815008538820183981e-02 -2.586832590835562717e-01 7.815008538820185369e-02 3.430969113406265314e-02 1.000000000000000000e+00 0.000000000000000000e+00 7.940000000000000000e+02 0.000000000000000000e+00 0.000000000000000000e+00 1.000000000000000000e+00
2.000000000000000000e+00 3.770000000000000000e+02 1.270000000000000018e+00 0.000000000000000000e+00 -8.661851080320823737e-01 6.650445857754444523e-02 -2.659158410142451467e-01 6.650445857754444523e-02 3.029799129110087585e-02 1.000000000000000000e+00 0.000000000000000000e+00 7.940000000000000000e+02 0.000000000000000000e+00 0.000000000000000000e+00 1.000000000000000000e+00
2.000000000000000000e+00 3.770000000000000000e+02 1.280000000000000027e+00 0.000000000000000000e+00 -8.764549104364889320e-01 5.118282560856548397e-02 -2.737927130642006102e-01 5.118282560856549784e-02 2.386905050142481416e-02 1.000000000000000000e+00 0.000000000000000000e+00 7.940000000000000000e+02 0.000000000000000000e+00 0.000000000000000000e+00 1.000000000000000000e+00
2.000000000000000000e+00 3.770000000000000000e+02 1.290000000000000036e+00 0.000000000000000000e+00 -8.872778825262275237e-01 3.205030943194284165e-02 -2.823312008242566673e-01 3.205030943194285553e-02 1.441921876725920162e-02 1.000000000000000000e+00 1.000000000000000000e+00 7.940000000000000000e+02 0.000000000000000000e+00 0.000000000000000000e+00 1.000000000000000000e+00
2.000000000000000000e+00 3.770000000000000000e+02 1.300000000000000044e+00 0.000000000000000000e+00 -8.721840849074600222e-01 4.888845549489972964e-02 -2.650617053901300757e-01 4.888845549489973658e-02 2.179997035054839771e-02 1.000000000000000000e+00 0.000000000000000000e+00 7.940000000000000000e+02 0.000000000000000000e+00 0.000000000000000000e+00 1.000000000000000000e+00
2.000000000000000000e+00 3.770000000000000000e+02 1.310000000000000053e+00 0.000000000000000000e+00 -8.576235832926784042e-01 6.079574717699335468e-02 -2.484346213594236519e-01 6.079574717699336162e-02 2.562455977584233990e-02 1.000000000000000000e+00 0.000000000000000000e+00 7.940000000000000000e+02 0.000000000000000000e+00 0.000000000000000000e+00 1.000000000000000000e+00
2.000000000000000000e+00 3.770000000000000000e+02 1.320000000000000062e+00 0.000000000000000000e+00 -8.435594882957087037e-01 6.787700492202047853e-02 -2.324133765937491936e-01 6.787700492202047853e-02 2.664042181047228397e-02 1.000000000000000000e+00 0.000000000000000000e+00 7.940000000000000000e+02 0.000000000000000000e+00 0.000000000000000000e+00 1.000000000000000000e+00
2.000000000000000000e+00 3.770000000000000000e+02 1.330000000000000071e+00 0.000000000000000000e+00 -8.299562547744783192e-01 7.019456537203956625e-02 -2.169627315297747716e-01 7.019456537203956625e-02 2.533806293124354903e-02 1.000000000000000000e+00 0.000000000000000000e+00 7.940000000000000000e+02 0.000000000000000000e+00 0.000000000000000000e+00 1.000000000000000000e+00
2.000000000000000000e+00 3.770000000000000000e+02 1.340000000000000080e+00 0.000000000000000000e+00 -8.167796043503243730e-01 6.776883011973706961e-02 -2.020487016679679837e-01 6.776883011973706961e-02 2.204903638670394767e-02 1.000000000000000000e+00 0.000000000000000000e+00 7.940000000000000000e+02 0.000000000000000000e+00 0.000000000000000000e+00 1.000000000000000000e+00
2.000000000000000000e+00 3.770000000000000000e+02 1.350000000000000089e+00 0.000000000000000000e+00 -8.039964506867038896e-01 6.057844530459892407e-02 -1.876384828219166412e-01 6.057844530459892407e-02 1.705623476376988412e-02 1.000000000000000000e+00 0.000000000000000000e+00 7.940000000000000000e+02 0.000000000000000000e+00 0.000000000000000000e+00 1.000000000000000000e+00
2.000000000000000000e+00 3.770000000000000000e+02 1.360000000000000098e+00 0.000000000000000000e+00 -7.915748273628777643e-01 4.856011363388090807e-02 -1.737003789638102147e-01 4.856011363388090807e-02 1.076037599352246132e-02 1.000000000000000000e+00 0.000000000000000000e+00 7.940000000000000000e+02 0.000000000000000000e+00 0.000000000000000000e+00 1.000000000000000000e+00
2.000000000000000000e+00 3.770000000000000000e+02 1.370000000000000107e+00 0.000000000000000000e+00 -7.794838181839005564e-01 3.160803717358973836e-02 -1.602037325073740193e-01 3.160803717358973836e-02 4.129342227757990674e-03 1.000000000000000000e+00 0.000000000000000000e+00 7.940000000000000000e+02 0.000000000000000000e+00 0.000000000000000000e+00 1.000000000000000000e+00
2.000000000000000000e+00 3.770000000000000000e+02 1.380000000000000115e+00 0.000000000000000000e+00 -7.676934897735123720e-01 9.572986004337839458e-03 -1.471188568749091652e-01 9.572986004337839458e-03 1.122047118144791841e-04 1.000000000000000000e+00 1.000000000000000000e+00 7.940000000000000000e+02 0.000000000000000000e+00 0.000000000000000000e+00 1.000000000000000000e+00
2.000000000000000000e+00 3.770000000000000000e+02 1.390000000000000124e+00 0.000000000000000000e+00 -7.786333090713131178e-01 3.173153689092138990e-02 -1.568754539697916617e-01 3.173153689092138990e-02 4.119902704613691985e-03 1.000000000000000000e+00 0.000000000000000000e+00 7.940000000000000000e+02 0.000000000000000000e+00 0.000000000000000000e+00 1.000000000000000000e+00
2.000000000000000000e+00 3.770000000000000000e+02 1.400000000000000133e+00 0.000000000000000000e+00 -7.898660303462441412e-01 4.894721153415212966e-02 -1.670365011664403099e-01 4.894721153415212966e-02 1.073791835338209003e-02 1.000000000000000000e+00 0.000000000000000000e+00 7.940000000000000000e+02 0.000000000000000000e+00 0.000000000000000000e+00 1.000000000000000000e+00
2.000000000000000000e+00 3.770000000000000000e+02 1.410000000000000142e+00 0.000000000000000000e+00 -8.014137921265944708e-01 6.137156032051108850e-02 -1.776243482180385747e-01 6.137156032051108850e-02 1.704703324766950606e-02 1.000000000000000000e+00 0.000000000000000000e+00 7.940000000000000000e+02 0.000000000000000000e+00 0.000000000000000000e+00 1.000000000000000000e+00
2.000000000000000000e+00 3.770000000000000000e+02 1.419999999999999929e+00 0.000000000000000000e+00 -8.132996836109187555e-01 6.911395537158908364e-02 -1.886622836463073549e-01 6.911395537158908364e-02 2.210326067102635211e-02 1.000000000000000000e+00 0.000000000000000000e+00 7.940000000000000000e+02 0.000000000000000000e+00 0.000000000000000000e+00 1.000000000000000000e+00
2.000000000000000000e+00 3.770000000000000000e+02 1.429999999999999938e+00 0.000000000000000000e+00 -8.255477959122774489e-01 7.224255335197209138e-02 -2.001745859658232429e-01 7.224255335197209138e-02 2.553062423770877803e-02 1.000000000000000000e+00 0.000000000000000000e+00 7.940000000000000000e+02 0.000000000000000000e+00 0.000000000000000000e+00 1.000000000000000000e+00
2.000000000000000000e+00 3.770000000000000000e+02 1.439999999999999947e+00 0.000000000000000000e+00 -8.381832754788403061e-01 7.078489545553698359e-02 -2.121865770858769873e-01 7.078489545553698359e-02 2.707986934547237934e-02 1.000000000000000000e+00 0.000000000000000000e+00 7.940000000000000000e+02 0.000000000000000000e+00 0.000000000000000000e+00 1.000000000000000000e+00
2.000000000000000000e+00 3.770000000000000000e+02 1.449999999999999956e+00 0.000000000000000000e+00 -8.512323798082817028e-01 6.472814985186524372e-02 -2.247246780073338390e-01 6.472814985186524372e-02 2.647234266178162543e-02 1.000000000000000000e+00 0.000000000000000000e+00 7.940000000000000000e+02 0.000000000000000000e+00 0.000000000000000000e+00 1.000000000000000000e+00
2.000000000000000000e+00 3.770000000000000000e+02 1.459999999999999964e+00 0.000000000000000000e+00 -8.647225355785208567e-01 5.401899872704159222e-02 -2.378164669370025630e-01 5.401899872704159222e-02 2.330707950961443536e-02 1.000000000000000000e+00 0.000000000000000000e+00 7.940000000000000000e+02 0.000000000000000000e+00 0.000000000000000000e+00 1.000000000000000000e+00
2.000000000000000000e+00 3.770000000000000000e+02 1.469999999999999973e+00 0.000000000000000000e+00 -8.786823993225481022e-01 3.856316892445243311e-02 -2.514907399473396143e-01 3.856316892445243311e-02 1.697712191365782775e-02 1.000000000000000000e+00 0.000000000000000000e+00 7.940000000000000000e+02 0.000000000000000000e+00 0.000000000000000000e+00 1.000000000000000000e+00
2.000000000000000000e+00 3.770000000000000000e+02 1.479999999999999982e+00 0.000000000000000000e+00 -8.931419207808788396e-01 1.822460205379309445e-02 -2.657775743149118908e-01 1.822460205379309445e-02 6.862564597023498164e-03 1.000000000000000000e+00 1.000000000000000000e+00 7.940000000000000000e+02 0.000000000000000000e+00 0.000000000000000000e+00 1.000000000000000000e+00
2.000000000000000000e+00 3.770000000000000000e+02 1.489999999999999991e+00 0.000000000000000000e+00 -8.720006160846232035e-01 3.207063682586112907e-02 -2.445766016907432727e-01 3.207063682586112907e-02 1.231980781604529590e-02 1.000000000000000000e+00 0.000000000000000000e+00 7.940000000000000000e+02 0.000000000000000000e+00 0.000000000000000000e+00 1.000000000000000000e+00
2.000000000000000000e+00 3.770000000000000000e+02 1.500000000000000000e+00 0.000000000000000000e+00 -8.513435420828949773e-01 3.626545085490710807e-02 -2.239729824161587335e-01 3.626545085490710807e-02 1.194627444856675297e-02 1.000000000000000000e+00 0.000000000000000000e+00 7.940000000000000000e+02 0.000000000000000000e+00 0.000000000000000000e+00 1.000000000000000000e+00
2.000000000000000000e+00 3.770000000000000000e+02 1.510000000000000009e+00 0.000000000000000000e+00 -8.311252885865092477e-01 3.084597128439143382e-02 -2.039213977561342983e-01 3.084597128439143382e-02 7.362854556722052413e-03 1.000000000000000000e+00 0.000000000000000000e+00 7.940000000000000000e+02 0.000000000000000000e+00 0.000000000000000000e+00 1.000000000000000000e+00
2.000000000000000000e+00 3.770000000000000000e+02 1.520000000000000018e+00 0.000000000000000000e+00 -8.113016716824001939e-01 1.576449018299810878e-02 -1.843777432045678177e-01 1.576449018299810878e-02 1.349293573238126778e-03 1.000000000000000000e+00 1.000000000000000000e+00 7.940000000000000000e+02 0.000000000000000000e+00 0.000000000000000000e+00 1.000000000000000000e+00
2.000000000000000000e+00 3.770000000000000000e+02 1.530000000000000027e+00 0.000000000000000000e+00 -8.748114470501047180e-01 2.693286903528879436e-02 -2.482808417928213107e-01 2.693286903528879436e-02 9.822665587913458757e-03 1.000000000000000000e+00 0.000000000000000000e+00 7.940000000000000000e+02 0.000000000000000000e+00 0.000000000000000000e+00 1.000000000000000000e+00
2.000000000000000000e+00 3.770000000000000000e+02 1.540000000000000036e+00 0.000000000000000000e+00 -9.388133072786997158e-01 2.549018474885354421e-02 -3.127894413999308121e-01 2.549018474885354421e-02 1.858649682989676338e-02 1.000000000000000000e+00 1.000000000000000000e+00 7.940000000000000000e+02 0.000000000000000000e+00 0.000000000000000000e+00 1.000000000000000000e+00
2.000000000000000000e+00 3.770000000000000000e+02 1.550000000000000044e+00 0.000000000000000000e+00 -9.293335820918389167e-01 4.009848245821493601e-02 -3.039299149721046422e-01 4.009848245821493601e-02 2.764901657874417606e-02 1.000000000000000000e+00 0.000000000000000000e+00 7.940000000000000000e+02 0.000000000000000000e+00 0.000000000000000000e+00 1.000000000000000000e+00
2.000000000000000000e+00 3.770000000000000000e+02 1.560000000000000053e+00 0.000000000000000000e+00 -9.204682704309092856e-01 4.755307763168659801e-02 -2.957982926015586544e-01 4.755307763168659801e-02 3.078447921119533554e-02 1.000000000000000000e+00 0.000000000000000000e+00 7.940000000000000000e+02 0.000000000000000000e+00 0.000000000000000000e+00 1.000000000000000000e+00
2.000000000000000000e+00 3.770000000000000000e+02 1.570000000000000062e+00 0.000000000000000000e+00 -9.121994672924631509e-01 4.791959341811467127e-02 -2.883766883608440690e-01 4.791959341811467127e-02 2.914835639237319670e-02 1.000000000000000000e+00 0.000000000000000000e+00 7.940000000000000000e+02 0.000000000000000000e+00 0.000000000000000000e+00 1.000000000000000000e+00
2.000000000000000000e+00 3.770000000000000000e+02 1.580000000000000071e+00 0.000000000000000000e+00 -9.045108414717109024e-01 4.120125627305407101e-02 -2.816487780444145717e-01 4.120125627305407101e-02 2.315742906561180092e-02 1.000000000000000000e+00 0.000000000000000000e+00 7.940000000000000000e+02 0.000000000000000000e+00 0.000000000000000000e+00 1.000000000000000000e+00
2.000000000000000000e+00 3.770000000000000000e+02 1.590000000000000080e+00 0.000000000000000000e+00 -8.973875996572613367e-01 2.733892436140722415e-02 -2.755997632626847604e-01 2.733892436140722415e-02 1.296137784534725362e-02 1.000000000000000000e+00 1.000000000000000000e+00 7.940000000000000000e+02 0.000000000000000000e+00 0.000000000000000000e+00 1.000000000000000000e+00
2.000000000000000000e+00 3.770000000000000000e+02 1.600000000000000089e+00 0.000000000000000000e+00 -9.086180777739774062e-01 4.046221908405971124e-02 -2.880179627853778346e-01 4.046221908405971124e-02 2.348482700181827448e-02 1.000000000000000000e+00 0.000000000000000000e+00 7.940000000000000000e+02 0.000000000000000000e+00 0.000000000000000000e+00 1.000000000000000000e+00
2.000000000000000000e+00 3.770000000000000000e+02 1.610000000000000098e+00 0.000000000000000000e+00 -9.204279956364709303e-01 4.608168763088400788e-02 -3.011290671967459254e-01 4.608168763088400788e-02 2.978322405624568570e-02 1.000000000000000000e+00 0.000000000000000000e+00 7.940000000000000000e+02 0.000000000000000000e+00 0.000000000000000000e+00 1.000000000000000000e+00
2.000000000000000000e+00 3.770000000000000000e+02 1.620000000000000107e+00 0.000000000000000000e+00 -9.328462331052647105e-01 4.424679844547805413e-02 -3.149619150546548729e-01 4.424679844547805413e-02 3.143582263184858949e-02 1.000000000000000000e+00 0.000000000000000000e+00 7.940000000000000000e+02 0.000000000000000000e+00 0.000000000000000000e+00 1.000000000000000000e+00
2.000000000000000000e+00 3.770000000000000000e+02 1.630000000000000115e+00 0.000000000000000000e+00 -9.459032696214060287e-01 3.494139891279998689e-02 -3.295469324293180957e-01 3.494139891279998689e-02 2.763743347881500445e-02 1.000000000000000000e+00 0.000000000000000000e+00 7.940000000000000000e+02 0.000000000000000000e+00 0.000000000000000000e+00 1.000000000000000000e+00
2.000000000000000000e+00 3.770000000000000000e+02 1.640000000000000124e+00 0.000000000000000000e+00 -9.596312511248441535e-01 1.808357316694488362e-02 -3.449161998270250384e-01 1.808357316694488362e-02 1.628108871577632621e-02 1.000000000000000000e+00 1.000000000000000000e+00 7.940000000000000000e+02 0.000000000000000000e+00 0.000000000000000000e+00 1.000000000000000000e+00
2.000000000000000000e+00 3.770000000000000000e+02 1.650000000000000133e+00 0.000000000000000000e+00 -8.427717526319231656e-01 2.335249886957330503e-02 -2.298112147741673550e-01 2.335249886957330503e-02 5.167603246888176349e-03 1.000000000000000000e+00 0.000000000000000000e+00 7.940000000000000000e+02 0.000000000000000000e+00 0.000000000000000000e+00 1.000000000000000000e+00
2.000000000000000000e+00 3.770000000000000000e+02 1.660000000000000142e+00 0.000000000000000000e+00 -7.263639922427880258e-01 1.364303374402306424e-02 -1.152711058323911686e-01 1.364303374402306424e-02 1.381245810948758795e-04 1.000000000000000000e+00 1.000000000000000000e+00 7.940000000000000000e+02 0.000000000000000000e+00 0.000000000000000000e+00 1.000000000000000000e+00
2.000000000000000000e+00 3.770000000000000000e+02 1.670000000000000151e+00 0.000000000000000000e+00 -7.534891576783038225e-01 3.098396401641757142e-02 -1.443769591444835354e-01 3.098396401641757142e-02 2.816625564152954939e-03 1.000000000000000000e+00 0.000000000000000000e+00 7.940000000000000000e+02 0.000000000000000000e+00 0.000000000000000000e+00 1.000000000000000000e+00
2.000000000000000000e+00 3.770000000000000000e+02 1.679999999999999938e+00 0.000000000000000000e+00 -7.808783593027412984e-01 3.976131033730234687e-02 -1.738597714672070471e-01 3.976131033730234687e-02 6.713969254026785904e-03 1.000000000000000000e+00 0.000000000000000000e+00 7.940000000000000000e+02 0.000000000000000000e+00 0.000000000000000000e+00 1.000000000000000000e+00
2.000000000000000000e+00 3.770000000000000000e+02 1.689999999999999947e+00 0.000000000000000000e+00 -8.085965717248471130e-01 4.005234009554099750e-02 -2.037843917837240115e-01 4.005234009554099750e-02 9.096495767931679632e-03 1.000000000000000000e+00 0.000000000000000000e+00 7.940000000000000000e+02 0.000000000000000000e+00 0.000000000000000000e+00 1.000000000000000000e+00
2.000000000000000000e+00 3.770000000000000000e+02 1.699999999999999956e+00 0.000000000000000000e+00 -8.367097533385945418e-01 3.185961523966314435e-02 -2.342166408569180958e-01 3.185961523966314435e-02 8.300145430129635127e-03 1.000000000000000000e+00 0.000000000000000000e+00 7.940000000000000000e+02 0.000000000000000000e+00 0.000000000000000000e+00 1.000000000000000000e+00
2.000000000000000000e+00 3.770000000000000000e+02 1.709999999999999964e+00 0.000000000000000000e+00 -8.652849910856155180e-01 1.511101483081675988e-02 -2.652234560055950485e-01 1.511101483081675988e-02 3.235183682902004892e-03 1.000000000000000000e+00 1.000000000000000000e+00 7.940000000000000000e+02 0.000000000000000000e+00 0.000000000000000000e+00 1.000000000000000000e+00
2.000000000000000000e+00 3.770000000000000000e+02 1.719999999999999973e+00 0.000000000000000000e+00 -8.427189093443634427e-01 3.757766069841739220e-02 -2.452013000085915551e-01 3.757766069841739220e-02 1.156741959972851230e-02 1.000000000000000000e+00 0.000000000000000000e+00 7.940000000000000000e+02 0.000000000000000000e+00 0.000000000000000000e+00 1.000000000000000000e+00
2.000000000000000000e+00 3.770000000000000000e+02 1.729999999999999982e+00 0.000000000000000000e+00 -8.206393802268669990e-01 5.644205088239506035e-02 -2.257778714176985335e-01 5.644205088239506729e-02 1.751878497166343973e-02 1.000000000000000000e+00 0.000000000000000000e+00 7.940000000000000000e+02 0.000000000000000000e+00 0.000000000000000000e+00 1.000000000000000000e+00
2.000000000000000000e+00 3.770000000000000000e+02 1.739999999999999991e+00 0.000000000000000000e+00 -7.990038663925558282e-01 7.187024948899931043e-02 -2.069104473888452866e-01 7.187024948899931043e-02 2.111549660670772322e-02 1.000000000000000000e+00 0.000000000000000000e+00 7.940000000000000000e+02 0.000000000000000000e+00 0.000000000000000000e+00 1.000000000000000000e+00
2.000000000000000000e+00 3.770000000000000000e+02 1.750000000000000000e+00 0.000000000000000000e+00 -7.777710653866056756e-01 8.399807166982836693e-02 -1.885575280389889252e-01 8.399807166982836693e-02 2.287011189028149982e-02 1.000000000000000000e+00 0.000000000000000000e+00 7.940000000000000000e+02 0.000000000000000000e+00 0.000000000000000000e+00 1.000000000000000000e+00
2.000000000000000000e+00 3.770000000000000000e+02 1.760000000000000009e+00 0.000000000000000000e+00 -7.569008183390424360e-01 9.293227920894049643e-02 -1.706787451649585674e-01 9.293227920894049643e-02 2.318150255300167883e-02 1.000000000000000000e+00 0.000000000000000000e+00 7.940000000000000000e+02 0.000000000000000000e+00 0.000000000000000000e+00 1.000000000000000000e+00
2.000000000000000000e+00 3.770000000000000000e+02 1.770000000000000018e+00 0.000000000000000000e+00 -7.363540211518295742e-01 9.875152035181621046e-02 -1.532347734514868942e-01 9.875152035181622434e-02 2.234252555468642376e-02 1.000000000000000000e+00 0.000000000000000000e+00 7.940000000000000000e+02 0.000000000000000000e+00 0.000000000000000000e+00 1.000000000000000000e+00
2.000000000000000000e+00 3.770000000000000000e+02 1.780000000000000027e+00 0.000000000000000000e+00 -7.160925379786748923e-01 1.015070221495298908e-01 -1.361872439731285356e-01 1.015070221495299047e-01 2.057800700282606116e-02 1.000000000000000000e+00 0.000000000000000000e+00 7.940000000000000000e+02 0.000000000000000000e+00 0.000000000000000000e+00 1.000000000000000000e+00
2.000000000000000000e+00 3.770000000000000000e+02 1.790000000000000036e+00 0.000000000000000000e+00 -6.960791168072719692e-01 1.012230414128686140e-01 -1.194986597998078381e-01 1.012230414128686279e-01 1.807526928442544645e-02 1.000000000000000000e+00 0.000000000000000000e+00 7.940000000000000000e+02 0.000000000000000000e+00 0.000000000000000000e+00 1.000000000000000000e+00
2.000000000000000000e+00 3.770000000000000000e+02 1.800000000000000044e+00 0.000000000000000000e+00 -6.762773069583467578e-01 9.789707824616827869e-02 -1.031323135203656982e-01 9.789707824616834808e-02 1.500939651085519966e-02 1.000000000000000000e+00 0.000000000000000000e+00 7.940000000000000000e+02 0.000000000000000000e+00 0.000000000000000000e+00 1.000000000000000000e+00
2.000000000000000000e+00 3.770000000000000000e+02 1.810000000000000053e+00 0.000000000000000000e+00 -6.566513783201235466e-01 9.149985404061576622e-02 -8.705220650269462901e-02 9.149985404061580785e-02 1.156870946999961902e-02 1.000000000000000000e+00 0.000000000000000000e+00 7.940000000000000000e+02 0.000000000000000000e+00 0.000000000000000000e+00 1.000000000000000000e+00
2.000000000000000000e+00 3.770000000000000000e+02 1.820000000000000062e+00 0.000000000000000000e+00 -6.371662421406092403e-01 8.197505373329022627e-02 -7.122296971286999623e-02 8.197505373329028178e-02 7.986420794876932655e-03 1.000000000000000000e+00 0.000000000000000000e+00 7.940000000000000000e+02 0.000000000000000000e+00 0.000000000000000000e+00 1.000000000000000000e+00
2.000000000000000000e+00 3.770000000000000000e+02 1.830000000000000071e+00 0.000000000000000000e+00 -6.177873732035268350e-01 6.923883006303908905e-02 -5.560978591911566737e-02 6.923883006303915844e-02 4.584331690355838984e-03 1.000000000000000000e+00 0.000000000000000000e+00 7.940000000000000000e+02 0.000000000000000000e+00 0.000000000000000000e+00 1.000000000000000000e+00
2.000000000000000000e+00 3.770000000000000000e+02 1.840000000000000080e+00 0.000000000000000000e+00 -5.984807332167949578e-01 5.317906545912894078e-02 -4.017831310948696832e-02 5.317906545912901711e-02 1.823876007740272281e-03 1.000000000000000000e+00 0.000000000000000000e+00 7.940000000000000000e+02 0.000000000000000000e+00 0.000000000000000000e+00 1.000000000000000000e+00
2.000000000000000000e+00 3.770000000000000000e+02 1.850000000000000089e+00 0.000000000000000000e+00 -5.792126952451175370e-01 3.365438506504361132e-02 -2.489460895482459302e-02 3.365438506504370153e-02 2.734449667560197132e-04 1.000000000000000000e+00 1.000000000000000000e+00 7.940000000000000000e+02 0.000000000000000000e+00 0.000000000000000000e+00 1.000000000000000000e+00
2.000000000000000000e+00 3.770000000000000000e+02 1.860000000000000098e+00 0.000000000000000000e+00 -5.736972823728969662e-01 5.604326704277075299e-02 -2.347236950322080518e-02 5.604326704277088483e-02 1.621776039805095104e-03 1.000000000000000000e+00 0.000000000000000000e+00 7.940000000000000000e+02 0.000000000000000000e+00 0.000000000000000000e+00 1.000000000000000000e+00
2.000000000000000000e+00 3.770000000000000000e+02 1.870000000000000107e+00 0.000000000000000000e+00 -5.681843916039819309e-01 7.642131275793340173e-02 -2.216115311244627739e-02 7.642131275793359602e-02 3.780639515400800732e-03 1.000000000000000000e+00 0.000000000000000000e+00 7.940000000000000000e+02 0.000000000000000000e+00 0.000000000000000000e+00 1.000000000000000000e+00
2.000000000000000000e+00 3.770000000000000000e+02 1.880000000000000115e+00 0.000000000000000000e+00 -5.626714890715001083e-01 9.496791109698887734e-02 -2.095807569367268836e-02 9.496791109698915490e-02 6.267477048379113680e-03 1.000000000000000000e+00 0.000000000000000000e+00 7.940000000000000000e+02 0.000000000000000000e+00 0.000000000000000000e+00 1.000000000000000000e+00
2.000000000000000000e+00 3.770000000000000000e+02 1.890000000000000124e+00 0.000000000000000000e+00 -5.571562903067543981e-01 1.118463286297603360e-01 -1.986049101537983030e-02 1.118463286297607523e-01 8.791017538641206219e-03 1.000000000000000000e+00 0.000000000000000000e+00 7.940000000000000000e+02 0.000000000000000000e+00 0.000000000000000000e+00 1.000000000000000000e+00
2.000000000000000000e+00 3.770000000000000000e+02 1.900000000000000133e+00 0.000000000000000000e+00 -5.516367543825300146e-01 1.272051468526624596e-01 -1.886598488283137975e-02 1.272051468526630424e-01 1.120089982918931470e-02 1.000000000000000000e+00 0.000000000000000000e+00 7.940000000000000000e+02 0.000000000000000000e+00 0.000000000000000000e+00 1.000000000000000000e+00
2.000000000000000000e+00 3.770000000000000000e+02 1.910000000000000142e+00 0.000000000000000000e+00 -5.461110785656073663e-01 1.411795701585412677e-01 -1.797236982792766585e-02 1.411795701585419893e-01 1.342532931829168441e-02 1.000000000000000000e+00 0.000000000000000000e+00 7.940000000000000000e+02 0.000000000000000000e+00 0.000000000000000000e+00 1.000000000000000000e+00
2.000000000000000000e+00 3.770000000000000000e+02 1.920000000000000151e+00 0.000000000000000000e+00 -5.405776934668464762e-01 1.538926160472474658e-01 -1.717768029775551542e-02 1.538926160472483817e-01 1.543465006493290742e-02 1.000000000000000000e+00 0.000000000000000000e+00 7.940000000000000000e+02 0.000000000000000000e+00 0.000000000000000000e+00 1.000000000000000000e+00
2.000000000000000000e+00 3.770000000000000000e+02 1.929999999999999938e+00 0.000000000000000000e+00 -5.350352586782329833e-01 1.654561980544229371e-01 -1.648016833125217490e-02 1.654561980544241029e-01 1.722173727145002303e-02 1.000000000000000000e+00 0.000000000000000000e+00 7.940000000000000000e+02 0.000000000000000000e+00 0.000000000000000000e+00 1.000000000000000000e+00
2.000000000000000000e+00 3.770000000000000000e+02 1.939999999999999947e+00 0.000000000000000000e+00 -5.294826588873997597e-01 1.759721109315723342e-01 -1.587829971447371480e-02 1.759721109315736942e-01 1.879142967588519342e-02 1.000000000000000000e+00 0.000000000000000000e+00 7.940000000000000000e+02 0.000000000000000000e+00 0.000000000000000000e+00 1.000000000000000000e+00
2.000000000000000000e+00 3.770000000000000000e+02 1.949999999999999956e+00 0.000000000000000000e+00 -5.239190004611362639e-01 1.855329267500062107e-01 -1.537075060601153509e-02 1.855329267500079315e-01 2.015473371031321209e-02 1.000000000000000000e+00 0.000000000000000000e+00 7.940000000000000000e+02 0.000000000000000000e+00 0.000000000000000000e+00 1.000000000000000000e+00
2.000000000000000000e+00 3.770000000000000000e+02 1.959999999999999964e+00 0.000000000000000000e+00 -5.183436084905279628e-01 1.942228098171005224e-01 -1.495640462513408986e-02 1.942228098171026318e-01 2.132559038060796719e-02 1.000000000000000000e+00 0.000000000000000000e+00 7.940000000000000000e+02 0.000000000000000000e+00 0.000000000000000000e+00 1.000000000000000000e+00
2.000000000000000000e+00 3.770000000000000000e+02 1.969999999999999973e+00 0.000000000000000000e+00 -5.119602075531082264e-01 2.267238903317035925e-01 -1.463435039624929462e-02 2.021182575786206748e-01 2.716657053681689749e-02 0.000000000000000000e+00 0.000000000000000000e+00 7.940000000000000000e+02 0.000000000000000000e+00 0.000000000000000000e+00 1.000000000000000000e+00
2.000000000000000000e+00 3.770000000000000000e+02 1.979999999999999982e+00 0.000000000000000000e+00 -5.071560033537287904e-01 2.092887740292907472e-01 -1.440387954428634654e-02 2.092887740292934118e-01 2.315025953908378398e-02 1.000000000000000000e+00 0.000000000000000000e+00 7.940000000000000000e+02 0.000000000000000000e+00 0.000000000000000000e+00 1.000000000000000000e+00
2.000000000000000000e+00 3.770000000000000000e+02 1.989999999999999991e+00 0.000000000000000000e+00 -5.007645528629274256e-01 2.403922111464748823e-01 -1.426448513658783862e-02 2.157974815597265006e-01 2.861134502826402637e-02 0.000000000000000000e+00 0.000000000000000000e+00 7.940000000000000000e+02 0.000000000000000000e+00 0.000000000000000000e+00 1.000000000000000000e+00
2.000000000000000000e+00 3.770000000000000000e+02 2.000000000000000000e+00 0.000000000000000000e+00 -4.959187349141088164e-01 2.217016766257434712e-01 -1.421586056788497199e-02 2.217016766257468297e-01 2.438373450440589618e-02 1.000000000000000000e+00 0.000000000000000000e+00 7.940000000000000000e+02 0.000000000000000000e+00 0.000000000000000000e+00 1.000000000000000000e+00
2.000000000000000000e+00 3.770000000000000000e+02 2.009999999999999787e+00 0.000000000000000000e+00 -4.880228599844128046e-01 2.636157425614701899e-01 -1.425789888590321686e-02 2.270533341317748366e-01 3.168591806940050659e-02 0.000000000000000000e+00 0.000000000000000000e+00 7.940000000000000000e+02 0.000000000000000000e+00 0.000000000000000000e+00 1.000000000000000000e+00
2.000000000000000000e+00 3.770000000000000000e+02 2.020000000000000018e+00 0.000000000000000000e+00 -4.816344184301727949e-01 2.805908682859425962e-01 -1.439069255611524767e-02 2.318995649683308347e-01 3.422512942365397992e-02 0.000000000000000000e+00 0.000000000000000000e+00 7.940000000000000000e+02 0.000000000000000000e+00 0.000000000000000000e+00 1.000000000000000000e+00
2.000000000000000000e+00 3.770000000000000000e+02 2.029999999999999805e+00 0.000000000000000000e+00 -4.767342579185629980e-01 2.728307697912543128e-01 -1.461453366512358715e-02 2.362830307314010281e-01 3.209424319966429351e-02 0.000000000000000000e+00 0.000000000000000000e+00 7.940000000000000000e+02 0.000000000000000000e+00 0.000000000000000000e+00 1.000000000000000000e+00
2.000000000000000000e+00 3.770000000000000000e+02 2.040000000000000036e+00 0.000000000000000000e+00 -4.733076879332465681e-01 2.402423192744512770e-01 -1.492991456312026816e-02 2.402423192744553848e-01 2.548987142907230274e-02 1.000000000000000000e+00 0.000000000000000000e+00 7.940000000000000000e+02 0.000000000000000000e+00 0.000000000000000000e+00 1.000000000000000000e+00
2.000000000000000000e+00 3.770000000000000000e+02 2.049999999999999822e+00 0.000000000000000000e+00 -4.661889968267803885e-01 2.764243983759554490e-01 -1.533752894683679258e-02 2.438122843991206712e-01 3.149674235816574130e-02 0.000000000000000000e+00 0.000000000000000000e+00 7.940000000000000000e+02 0.000000000000000000e+00 0.000000000000000000e+00 1.000000000000000000e+00
2.000000000000000000e+00 3.770000000000000000e+02 2.059999999999999609e+00 0.000000000000000000e+00 -4.605122819086739372e-01 2.796330564357866755e-01 -1.583827338536627355e-02 2.470243526748217289e-01 3.141911699260753477e-02 0.000000000000000000e+00 0.000000000000000000e+00 7.940000000000000000e+02 0.000000000000000000e+00 0.000000000000000000e+00 1.000000000000000000e+00
2.000000000000000000e+00 3.770000000000000000e+02 2.069999999999999840e+00 0.000000000000000000e+00 -4.562605245786083841e-01 2.499068000883319651e-01 -1.643324929221387509e-02 2.499068000883363783e-01 2.545332230383680339e-02 1.000000000000000000e+00 0.000000000000000000e+00 7.940000000000000000e+02 0.000000000000000000e+00 0.000000000000000000e+00 1.000000000000000000e+00
2.000000000000000000e+00 3.770000000000000000e+02 2.079999999999999627e+00 0.000000000000000000e+00 -4.491835536776009885e-01 2.850835602307541516e-01 -1.712376534791328758e-02 2.524850009586259714e-01 3.108407997180175075e-02 0.000000000000000000e+00 0.000000000000000000e+00 7.940000000000000000e+02 0.000000000000000000e+00 0.000000000000000000e+00 1.000000000000000000e+00
2.000000000000000000e+00 3.770000000000000000e+02 2.089999999999999858e+00 0.000000000000000000e+00 -4.434975772185788534e-01 2.873777722530680978e-01 -1.791134037853779615e-02 2.547816513081475054e-01 3.083603394233169759e-02 0.000000000000000000e+00 0.000000000000000000e+00 7.940000000000000000e+02 0.000000000000000000e+00 0.000000000000000000e+00 1.000000000000000000e+00
2.000000000000000000e+00 3.770000000000000000e+02 2.099999999999999645e+00 0.000000000000000000e+00 -4.391855488354354242e-01 2.568169686569929389e-01 -1.879770669643741204e-02 2.568169686569979349e-01 2.490734371052226448e-02 1.000000000000000000e+00 0.000000000000000000e+00 7.940000000000000000e+02 0.000000000000000000e+00 0.000000000000000000e+00 1.000000000000000000e+00
2.000000000000000000e+00 3.770000000000000000e+02 2.109999999999999876e+00 0.000000000000000000e+00 -4.321712685178275559e-01 2.911978809494694120e-01 -1.978481391055023075e-02 2.586088699986860417e-01 3.021447751834784035e-02 0.000000000000000000e+00 0.000000000000000000e+00 7.940000000000000000e+02 0.000000000000000000e+00 0.000000000000000000e+00 1.000000000000000000e+00
2.000000000000000000e+00 3.770000000000000000e+02 2.119999999999999662e+00 0.000000000000000000e+00 -4.264969803837130868e-01 2.927604797187338681e-01 -2.087483321466898634e-02 2.601731295242610820e-01 2.984645329247669066e-02 0.000000000000000000e+00 0.000000000000000000e+00 7.940000000000000000e+02 0.000000000000000000e+00 0.000000000000000000e+00 1.000000000000000000e+00
2.000000000000000000e+00 3.770000000000000000e+02 2.129999999999999893e+00 0.000000000000000000e+00 -4.221456731081901781e-01 2.615235174832473142e-01 -2.207016216309501400e-02 2.615235174832528098e-01 2.400213714131063658e-02 1.000000000000000000e+00 0.000000000000000000e+00 7.940000000000000000e+02 0.000000000000000000e+00 0.000000000000000000e+00 1.000000000000000000e+00
2.000000000000000000e+00 3.770000000000000000e+02 2.139999999999999680e+00 0.000000000000000000e+00 -4.152211224812548118e-01 2.952546294816404404e-01 -2.337342994418390579e-02 2.626719214038193972e-01 2.902413086946628584e-02 0.000000000000000000e+00 0.000000000000000000e+00 7.940000000000000000e+02 0.000000000000000000e+00 0.000000000000000000e+00 1.000000000000000000e+00
2.000000000000000000e+00 3.770000000000000000e+02 2.149999999999999911e+00 0.000000000000000000e+00 -4.095857480703213871e-01 2.962101432808618706e-01 -2.478750316338248355e-02 2.636284507392123166e-01 2.857239498501565333e-02 0.000000000000000000e+00 0.000000000000000000e+00 7.940000000000000000e+02 0.000000000000000000e+00 0.000000000000000000e+00 1.000000000000000000e+00
2.000000000000000000e+00 3.770000000000000000e+02 2.159999999999999698e+00 0.000000000000000000e+00 -4.052226552125211545e-01 2.644015258617590791e-01 -2.631549214847692109e-02 2.644015258617646857e-01 2.284608047057405666e-02 1.000000000000000000e+00 0.000000000000000000e+00 7.940000000000000000e+02 0.000000000000000000e+00 0.000000000000000000e+00 1.000000000000000000e+00
2.000000000000000000e+00 3.770000000000000000e+02 2.169999999999999929e+00 0.000000000000000000e+00 -3.961380469598134169e-01 3.061206545108376420e-01 -2.796075779092092178e-02 2.649979521878211286e-01 2.878466313121548492e-02 0.000000000000000000e+00 0.000000000000000000e+00 7.940000000000000000e+02 0.000000000000000000e+00 0.000000000000000000e+00 1.000000000000000000e+00
2.000000000000000000e+00 3.770000000000000000e+02 2.179999999999999716e+00 0.000000000000000000e+00 -3.882854045047880454e-01 3.336883242715339981e-01 -2.972691893829172011e-02 2.654229800861354072e-01 3.250082628484675384e-02 0.000000000000000000e+00 0.000000000000000000e+00 7.940000000000000000e+02 0.000000000000000000e+00 0.000000000000000000e+00 1.000000000000000000e+00
2.000000000000000000e+00 3.770000000000000000e+02 2.189999999999999947e+00 0.000000000000000000e+00 -3.816411858895850662e-01 3.474353707020741422e-01 -3.161786035413404611e-02 2.656803510971109672e-01 3.401682173465481185e-02 0.000000000000000000e+00 0.000000000000000000e+00 7.940000000000000000e+02 0.000000000000000000e+00 0.000000000000000000e+00 1.000000000000000000e+00
2.000000000000000000e+00 3.770000000000000000e+02 2.199999999999999734e+00 0.000000000000000000e+00 -3.761854719703559558e-01 3.475267700887851308e-01 -3.363774126270013820e-02 2.657723308697564901e-01 3.339726625662119142e-02 0.000000000000000000e+00 0.000000000000000000e+00 7.940000000000000000e+02 0.000000000000000000e+00 0.000000000000000000e+00 1.000000000000000000e+00
2.000000000000000000e+00 3.770000000000000000e+02 2.209999999999999964e+00 0.000000000000000000e+00 -3.719019067003407342e-01 3.339636193022906263e-01 -3.579100449738033263e-02 2.656997291062984101e-01 3.070916737397694218e-02 0.000000000000000000e+00 0.000000000000000000e+00 7.940000000000000000e+02 0.000000000000000000e+00 0.000000000000000000e+00 1.000000000000000000e+00
2.000000000000000000e+00 3.770000000000000000e+02 2.219999999999999751e+00 0.000000000000000000e+00 -3.687776480949903068e-01 3.065831489608943361e-01 -3.808238627294685541e-02 2.654619066900283930e-01 2.603636257966894518e-02 0.000000000000000000e+00 0.000000000000000000e+00 7.940000000000000000e+02 0.000000000000000000e+00 0.000000000000000000e+00 1.000000000000000000e+00
2.000000000000000000e+00 3.770000000000000000e+02 2.229999999999999982e+00 0.000000000000000000e+00 -3.668033297321286468e-01 2.650567700591229259e-01 -4.051692660310517169e-02 2.650567700591284770e-01 1.955288523128548284e-02 1.000000000000000000e+00 0.000000000000000000e+00 7.940000000000000000e+02 0.000000000000000000e+00 0.000000000000000000e+00 1.000000000000000000e+00
2.000000000000000000e+00 3.770000000000000000e+02 2.239999999999999769e+00 0.000000000000000000e+00 -3.594480078117520683e-01 3.032099681122757406e-01 -4.309998038626693118e-02 2.644807527769495459e-01 2.461276604225992592e-02 0.000000000000000000e+00 0.000000000000000000e+00 7.940000000000000000e+02 0.000000000000000000e+00 0.000000000000000000e+00 1.000000000000000000e+00
2.000000000000000000e+00 3.770000000000000000e+02 2.250000000000000000e+00 0.000000000000000000e+00 -3.532146561862120615e-01 3.217097732294073587e-01 -4.583722918392828249e-02 2.637287841365024699e-01 2.683183301895886164e-02 0.000000000000000000e+00 0.000000000000000000e+00 7.940000000000000000e+02 0.000000000000000000e+00 0.000000000000000000e+00 1.000000000000000000e+00
2.000000000000000000e+00 3.770000000000000000e+02 2.259999999999999787e+00 0.000000000000000000e+00 -3.480845874770706061e-01 3.207781988561996811e-01 -4.873469371756071478e-02 2.627942445227888224e-01 2.618495188475086777e-02 0.000000000000000000e+00 0.000000000000000000e+00 7.940000000000000000e+02 0.000000000000000000e+00 0.000000000000000000e+00 1.000000000000000000e+00
2.000000000000000000e+00 3.770000000000000000e+02 2.270000000000000018e+00 0.000000000000000000e+00 -3.440424219109506354e-01 3.004040653053430265e-01 -5.179874711150175837e-02 2.616689071400204458e-01 2.277710921155839952e-02 0.000000000000000000e+00 0.000000000000000000e+00 7.940000000000000000e+02 0.000000000000000000e+00 0.000000000000000000e+00 1.000000000000000000e+00
2.000000000000000000e+00 3.770000000000000000e+02 2.279999999999999805e+00 0.000000000000000000e+00 -3.410760412114927642e-01 2.603428655907487621e-01 -5.503612891097452164e-02 2.603428655907536471e-01 1.687925498194685348e-02 1.000000000000000000e+00 0.000000000000000000e+00 7.940000000000000000e+02 0.000000000000000000e+00 0.000000000000000000e+00 1.000000000000000000e+00
2.000000000000000000e+00 3.770000000000000000e+02 2.290000000000000036e+00 0.000000000000000000e+00 -3.334975041807096696e-01 2.999650035100102641e-01 -5.845395990606865044e-02 2.588044466694101042e-01 2.179012838120662765e-02 0.000000000000000000e+00 0.000000000000000000e+00 7.940000000000000000e+02 0.000000000000000000e+00 0.000000000000000000e+00 1.000000000000000000e+00
2.000000000000000000e+00 3.770000000000000000e+02 2.299999999999999822e+00 0.000000000000000000e+00 -3.269631387080411677e-01 3.253801675747607924e-01 -6.205975779428964112e-02 2.570401076025037868e-01 2.485568317993533394e-02 0.000000000000000000e+00 0.000000000000000000e+00 7.940000000000000000e+02 0.000000000000000000e+00 0.000000000000000000e+00 1.000000000000000000e+00
2.000000000000000000e+00 3.770000000000000000e+02 2.310000000000000053e+00 0.000000000000000000e+00 -3.214533549856637973e-01 3.368933614383287090e-01 -6.586145371612632526e-02 2.550343168309749942e-01 2.600483414885387812e-02 0.000000000000000000e+00 0.000000000000000000e+00 7.940000000000000000e+02 0.000000000000000000e+00 0.000000000000000000e+00 1.000000000000000000e+00
2.000000000000000000e+00 3.770000000000000000e+02 2.319999999999999840e+00 0.000000000000000000e+00 -3.169516348673673822e-01 3.346427532502851410e-01 -6.986740970000820949e-02 2.527694172851519538e-01 2.525778516349504177e-02 0.000000000000000000e+00 0.000000000000000000e+00 7.940000000000000000e+02 0.000000000000000000e+00 0.000000000000000000e+00 1.000000000000000000e+00
2.000000000000000000e+00 3.770000000000000000e+02 2.329999999999999627e+00 0.000000000000000000e+00 -3.134444823477075537e-01 3.186013337921250188e-01 -7.408643705502286625e-02 2.502254709487428674e-01 2.267991642219910342e-02 0.000000000000000000e+00 0.000000000000000000e+00 7.940000000000000000e+02 0.000000000000000000e+00 0.000000000000000000e+00 1.000000000000000000e+00
2.000000000000000000e+00 3.770000000000000000e+02 2.339999999999999858e+00 0.000000000000000000e+00 -3.109213831014368545e-01 2.885765923436009461e-01 -7.852781575184987484e-02 2.473800833435492452e-01 1.840266675346880626e-02 0.000000000000000000e+00 0.000000000000000000e+00 7.940000000000000000e+02 0.000000000000000000e+00 0.000000000000000000e+00 1.000000000000000000e+00
2.000000000000000000e+00 3.770000000000000000e+02 2.349999999999999645e+00 0.000000000000000000e+00 -3.093747729619101272e-01 2.442082063898268762e-01 -8.320131483454017152e-02 2.442082063898303457e-01 1.272357960389449566e-02 1.000000000000000000e+00 0.000000000000000000e+00 7.940000000000000000e+02 0.000000000000000000e+00 0.000000000000000000e+00 1.000000000000000000e+00
2.000000000000000000e+00 3.770000000000000000e+02 2.359999999999999876e+00 0.000000000000000000e+00 -2.996493201857231559e-01 2.848467299815465870e-01 -8.811721390803799181e-02 2.406819179068889480e-01 1.708909119789139841e-02 0.000000000000000000e+00 0.000000000000000000e+00 7.940000000000000000e+02 0.000000000000000000e+00 0.000000000000000000e+00 1.000000000000000000e+00
2.000000000000000000e+00 3.770000000000000000e+02 2.369999999999999662e+00 0.000000000000000000e+00 -2.908665632509331300e-01 3.194065727018738365e-01 -9.328632574870790450e-02 2.367701758128143430e-01 2.089711078929831767e-02 0.000000000000000000e+00 0.000000000000000000e+00 7.940000000000000000e+02 0.000000000000000000e+00 0.000000000000000000e+00 1.000000000000000000e+00
2.000000000000000000e+00 3.770000000000000000e+02 2.379999999999999893e+00 0.000000000000000000e+00 -2.830001717477655943e-01 3.483024821503639679e-01 -9.872002008760036307e-02 2.324385448595862325e-01 2.408112243312926504e-02 0.000000000000000000e+00 0.000000000000000000e+00 7.940000000000000000e+02 0.000000000000000000e+00 0.000000000000000000e+00 1.000000000000000000e+00
2.000000000000000000e+00 3.770000000000000000e+02 2.389999999999999680e+00 0.000000000000000000e+00 -2.760265624991767308e-01 3.718812338947681262e-01 -1.044302486187679291e-01 2.276488934979822576e-01 2.663603312710269289e-02 0.000000000000000000e+00 0.000000000000000000e+00 7.940000000000000000e+02 0.000000000000000000e+00 0.000000000000000000e+00 1.000000000000000000e+00
2.000000000000000000e+00 3.770000000000000000e+02 2.399999999999999911e+00 0.000000000000000000e+00 -2.699248288592820955e-01 3.904257930737197735e-01 -1.104295712876396940e-01 2.223590582037723029e-01 2.858054720797242876e-02 0.000000000000000000e+00 0.000000000000000000e+00 7.940000000000000000e+02 0.000000000000000000e+00 0.000000000000000000e+00 1.000000000000000000e+00
2.000000000000000000e+00 3.770000000000000000e+02 2.409999999999999698e+00 0.000000000000000000e+00 -2.646766780359362525e-01 4.041587102198276882e-01 -1.167311839172761878e-01 2.165224723102485704e-01 2.994011781799570115e-02 0.000000000000000000e+00 0.000000000000000000e+00 7.940000000000000000e+02 0.000000000000000000e+00 0.000000000000000000e+00 1.000000000000000000e+00
2.000000000000000000e+00 3.770000000000000000e+02 2.419999999999999929e+00 0.000000000000000000e+00 -2.602663762495566746e-01 4.132447920559502719e-01 -1.233489472332704451e-01 2.100877560796882426e-01 3.073909064596898333e-02 0.000000000000000000e+00 0.000000000000000000e+00 7.940000000000000000e+02 0.000000000000000000e+00 0.000000000000000000e+00 1.000000000000000000e+00
2.000000000000000000e+00 3.770000000000000000e+02 2.429999999999999716e+00 0.000000000000000000e+00 -2.566807015637825318e-01 4.177930793164852941e-01 -1.302974173511365075e-01 2.029982644051263330e-01 3.099715753165069310e-02 0.000000000000000000e+00 0.000000000000000000e+00 7.940000000000000000e+02 0.000000000000000000e+00 0.000000000000000000e+00 1.000000000000000000e+00
2.000000000000000000e+00 3.770000000000000000e+02 2.439999999999999947e+00 0.000000000000000000e+00 -2.539089042465541013e-01 4.178581553292177175e-01 -1.375918777932447490e-01 1.951915881608388692e-01 3.072795580252894732e-02 0.000000000000000000e+00 0.000000000000000000e+00 7.940000000000000000e+02 0.000000000000000000e+00 0.000000000000000000e+00 1.000000000000000000e+00
2.000000000000000000e+00 3.770000000000000000e+02 2.449999999999999734e+00 0.000000000000000000e+00 -2.519426745427776893e-01 4.134408010618240148e-01 -1.452483731057262750e-01 1.865990048118993105e-01 2.993886785515154081e-02 0.000000000000000000e+00 0.000000000000000000e+00 7.940000000000000000e+02 0.000000000000000000e+00 0.000000000000000000e+00 1.000000000000000000e+00
2.000000000000000000e+00 3.770000000000000000e+02 2.459999999999999964e+00 0.000000000000000000e+00 -2.507761177619597937e-01 4.044880044941507324e-01 -1.532837441492889696e-01 1.771448734464996511e-01 2.863169343303470504e-02 0.000000000000000000e+00 0.000000000000000000e+00 7.940000000000000000e+02 0.000000000000000000e+00 0.000000000000000000e+00 1.000000000000000000e+00
2.000000000000000000e+00 3.770000000000000000e+02 2.469999999999999751e+00 0.000000000000000000e+00 -2.504057366061228085e-01 3.908923244287420551e-01 -1.617156651415684876e-01 1.667459689054777983e-01 2.680427358129917892e-02 0.000000000000000000e+00 0.000000000000000000e+00 7.940000000000000000e+02 0.000000000000000000e+00 0.000000000000000000e+00 1.000000000000000000e+00
2.000000000000000000e+00 3.770000000000000000e+02 2.479999999999999982e+00 0.000000000000000000e+00 -2.508304206850239804e-01 3.724906011048007004e-01 -1.705626825324919604e-01 1.553107491473609825e-01 2.445355886966170400e-02 0.000000000000000000e+00 0.000000000000000000e+00 7.940000000000000000e+02 0.000000000000000000e+00 0.000000000000000000e+00 1.000000000000000000e+00
2.000000000000000000e+00 3.770000000000000000e+02 2.489999999999999769e+00 0.000000000000000000e+00 -2.520514431872423744e-01 3.490619981418472406e-01 -1.798442557981614898e-01 1.427385493995072530e-01 2.158124428749948198e-02 0.000000000000000000e+00 0.000000000000000000e+00 7.940000000000000000e+02 0.000000000000000000e+00 0.000000000000000000e+00 1.000000000000000000e+00
2.000000000000000000e+00 3.770000000000000000e+02 2.500000000000000000e+00 0.000000000000000000e+00 -2.540724646971554979e-01 3.203253523147349124e-01 -1.895808002429869576e-01 1.289186960014189753e-01 1.820427867757935803e-02 0.000000000000000000e+00 0.000000000000000000e+00 7.940000000000000000e+02 0.000000000000000000e+00 0.000000000000000000e+00 1.000000000000000000e+00
2.000000000000000000e+00 3.770000000000000000e+02 2.509999999999999787e+00 0.000000000000000000e+00 -2.568995441692482617e-01 2.859357993550546428e-01 -1.997937319042122073e-01 1.137295321393496927e-01 1.437499368817661549e-02 0.000000000000000000e+00 0.000000000000000000e+00 7.940000000000000000e+02 0.000000000000000000e+00 0.000000000000000000e+00 1.000000000000000000e+00
2.000000000000000000e+00 3.770000000000000000e+02 2.520000000000000018e+00 0.000000000000000000e+00 -2.605411570926544074e-01 2.454806352856722385e-01 -2.105055146576062519e-01 9.703734689570112093e-02 1.022074293995465372e-02 0.000000000000000000e+00 0.000000000000000000e+00 7.940000000000000000e+02 0.000000000000000000e+00 0.000000000000000000e+00 1.000000000000000000e+00
2.000000000000000000e+00 3.770000000000000000e+02 2.529999999999999805e+00 0.000000000000000000e+00 -2.650082209003880584e-01 1.984743636208781414e-01 -2.217397096279290492e-01 7.869519818558196045e-02 6.023056190369392715e-03 0.000000000000000000e+00 0.000000000000000000e+00 7.940000000000000000e+02 0.000000000000000000e+00 0.000000000000000000e+00 1.000000000000000000e+00
2.000000000000000000e+00 3.770000000000000000e+02 2.540000000000000036e+00 0.000000000000000000e+00 -2.703141276994400211e-01 1.443528689943267274e-01 -2.335210270128542376e-01 5.854161921878400093e-02 2.365609202230245858e-03 0.000000000000000000e+00 0.000000000000000000e+00 7.940000000000000000e+02 0.000000000000000000e+00 0.000000000000000000e+00 1.000000000000000000e+00
2.000000000000000000e+00 3.770000000000000000e+02 2.549999999999999822e+00 0.000000000000000000e+00 -2.764747844198646720e-01 8.246664729332973953e-02 -2.458753804343376814e-01 3.639919710010046383e-02 2.611416310639622616e-04 0.000000000000000000e+00 0.000000000000000000e+00 7.940000000000000000e+02 0.000000000000000000e+00 0.000000000000000000e+00 1.000000000000000000e+00
2.000000000000000000e+00 3.770000000000000000e+02 2.560000000000000053e+00 0.000000000000000000e+00 -2.835086605032203777e-01 1.207301105533842810e-02 -2.588299439369800004e-01 1.207301105533843504e-02 2.506438850374419299e-12 1.000000000000000000e+00 1.000000000000000000e+00 7.940000000000000000e+02 0.000000000000000000e+00 0.000000000000000000e+00 1.000000000000000000e+00
2.000000000000000000e+00 3.770000000000000000e+02 2.569999999999999840e+00 0.000000000000000000e+00 -2.601282139628759427e-01 8.222019377000625018e-02 -2.463343409428669639e-01 3.640330513188935052e-02 2.136783801993157386e-04 0.000000000000000000e+00 0.000000000000000000e+00 7.940000000000000000e+02 0.000000000000000000e+00 0.000000000000000000e+00 1.000000000000000000e+00
2.000000000000000000e+00 3.770000000000000000e+02 2.579999999999999627e+00 0.000000000000000000e+00 -2.375719803172502420e-01 1.433360219169545202e-01 -2.344399575374851719e-01 5.855408910500386338e-02 1.816510072299801909e-03 0.000000000000000000e+00 0.000000000000000000e+00 7.940000000000000000e+02 0.000000000000000000e+00 0.000000000000000000e+00 1.000000000000000000e+00
2.000000000000000000e+00 3.770000000000000000e+02 2.589999999999999858e+00 0.000000000000000000e+00 -2.157723367368296341e-01 1.961539375787733630e-01 -2.231206314042704919e-01 7.872035735866936279e-02 4.384063130426097549e-03 0.000000000000000000e+00 0.000000000000000000e+00 7.940000000000000000e+02 0.000000000000000000e+00 0.000000000000000000e+00 1.000000000000000000e+00
2.000000000000000000e+00 3.770000000000000000e+02 2.599999999999999645e+00 0.000000000000000000e+00 -1.946639286236587774e-01 2.413078008083436865e-01 -2.123514650951171534e-01 9.707963449247647425e-02 7.061121455577461237e-03 0.000000000000000000e+00 0.000000000000000000e+00 7.940000000000000000e+02 0.000000000000000000e+00 0.000000000000000000e+00 1.000000000000000000e+00
2.000000000000000000e+00 3.770000000000000000e+02 2.609999999999999876e+00 0.000000000000000000e+00 -1.741834736804548367e-01 2.793394964902891076e-01 -2.021087712671418291e-01 1.137935380789456274e-01 9.410935484473817447e-03 0.000000000000000000e+00 0.000000000000000000e+00 7.940000000000000000e+02 0.000000000000000000e+00 0.000000000000000000e+00 1.000000000000000000e+00
2.000000000000000000e+00 3.770000000000000000e+02 2.619999999999999662e+00 0.000000000000000000e+00 -1.542695721924097763e-01 3.107054374219351267e-01 -1.923700205811378350e-01 1.290092013905525803e-01 1.125601093545958858e-02 0.000000000000000000e+00 0.000000000000000000e+00 7.940000000000000000e+02 0.000000000000000000e+00 0.000000000000000000e+00 1.000000000000000000e+00
2.000000000000000000e+00 3.770000000000000000e+02 2.629999999999999893e+00 0.000000000000000000e+00 -1.348625229529110958e-01 3.357820416562939392e-01 -1.831137921471185370e-01 1.428605686207851388e-01 1.254274085197347455e-02 0.000000000000000000e+00 0.000000000000000000e+00 7.940000000000000000e+02 0.000000000000000000e+00 0.000000000000000000e+00 1.000000000000000000e+00
2.000000000000000000e+00 3.770000000000000000e+02 2.639999999999999680e+00 0.000000000000000000e+00 -1.159041442813332490e-01 3.548702498398657590e-01 -1.743197264079532072e-01 1.554695740011234062e-01 1.327469483516078436e-02 0.000000000000000000e+00 0.000000000000000000e+00 7.940000000000000000e+02 0.000000000000000000e+00 0.000000000000000000e+00 1.000000000000000000e+00
2.000000000000000000e+00 3.770000000000000000e+02 2.649999999999999911e+00 0.000000000000000000e+00 -9.733759959631670122e-02 3.681991367571634810e-01 -1.659684803574589806e-01 1.669472151937636817e-01 1.348172314230756952e-02 0.000000000000000000e+00 0.000000000000000000e+00 7.940000000000000000e+02 0.000000000000000000e+00 0.000000000000000000e+00 1.000000000000000000e+00
2.000000000000000000e+00 3.770000000000000000e+02 2.659999999999999698e+00 0.000000000000000000e+00 -7.910722702160948028e-02 3.759286604235758111e-01 -1.580416849944501489e-01 1.773945304092136577e-01 1.320606753322467464e-02 0.000000000000000000e+00 0.000000000000000000e+00 7.940000000000000000e+02 0.000000000000000000e+00 0.000000000000000000e+00 1.000000000000000000e+00
2.000000000000000000e+00 3.770000000000000000e+02 2.669999999999999929e+00 0.000000000000000000e+00 -6.115837251363512306e-02 3.781515817180305938e-01 -1.505219049191624248e-01 1.869034878503700314e-01 1.249680600227368737e-02 0.000000000000000000e+00 0.000000000000000000e+00 7.940000000000000000e+02 0.000000000000000000e+00 0.000000000000000000e+00 1.000000000000000000e+00
2.000000000000000000e+00 3.770000000000000000e+02 2.679999999999999716e+00 0.000000000000000000e+00 -4.343722601050889476e-02 3.748945775926870172e-01 -1.433925999831816012e-01 1.955577953128958268e-01 1.140874317127160698e-02 0.000000000000000000e+00 0.000000000000000000e+00 7.940000000000000000e+02 0.000000000000000000e+00 0.000000000000000000e+00 1.000000000000000000e+00
2.000000000000000000e+00 3.770000000000000000e+02 2.689999999999999947e+00 0.000000000000000000e+00 -2.589066011128279832e-02 3.661185612191223959e-01 -1.366380889085246075e-01 2.034336370688483164e-01 1.000404883064811429e-02 0.000000000000000000e+00 0.000000000000000000e+00 7.940000000000000000e+02 0.000000000000000000e+00 0.000000000000000000e+00 1.000000000000000000e+00
2.000000000000000000e+00 3.770000000000000000e+02 2.699999999999999734e+00 0.000000000000000000e+00 -8.466070801785220701e-03 3.517182129130415613e-01 -1.302435147958512229e-01 2.106003445203780411e-01 8.355972176656650818e-03 0.000000000000000000e+00 0.000000000000000000e+00 7.940000000000000000e+02 0.000000000000000000e+00 0.000000000000000000e+00 1.000000000000000000e+00
2.000000000000000000e+00 3.770000000000000000e+02 2.709999999999999964e+00 0.000000000000000000e+00 8.888780250443711548e-03 3.315207162082052239e-01 -1.241948124459388014e-01 2.171210065272933531e-01 6.554381787050360397e-03 0.000000000000000000e+00 0.000000000000000000e+00 7.940000000000000000e+02 0.000000000000000000e+00 0.000000000000000000e+00 1.000000000000000000e+00
2.000000000000000000e+00 3.770000000000000000e+02 2.719999999999999751e+00 0.000000000000000000e+00 2.622592230491496701e-02 3.052836839113861056e-01 -1.184786774225432826e-01 2.230530247812350930e-01 4.712744767746454566e-03 0.000000000000000000e+00 0.000000000000000000e+00 7.940000000000000000e+02 0.000000000000000000e+00 0.000000000000000000e+00 1.000000000000000000e+00
2.000000000000000000e+00 3.770000000000000000e+02 2.729999999999999982e+00 0.000000000000000000e+00 4.359733153016022433e-02 2.726922492492420136e-01 -1.130825367885978927e-01 2.284486191154438961e-01 2.974882146449846915e-03 0.000000000000000000e+00 0.000000000000000000e+00 7.940000000000000000e+02 0.000000000000000000e+00 0.000000000000000000e+00 1.000000000000000000e+00
2.000000000000000000e+00 3.770000000000000000e+02 2.739999999999999769e+00 0.000000000000000000e+00 6.105508682653600083e-02 2.333552871983871901e-01 -1.079945214513824414e-01 2.333552871983873289e-01 1.515445451224410947e-03 1.000000000000000000e+00 0.000000000000000000e+00 7.940000000000000000e+02 0.000000000000000000e+00 0.000000000000000000e+00 1.000000000000000000e+00
2.000000000000000000e+00 3.770000000000000000e+02 2.750000000000000000e+00 0.000000000000000000e+00 6.000046363959971041e-02 2.812968576032633394e-01 -1.032034400558348719e-01 2.378162226579487448e-01 3.037152298182358573e-03 0.000000000000000000e+00 0.000000000000000000e+00 7.940000000000000000e+02 0.000000000000000000e+00 0.000000000000000000e+00 1.000000000000000000e+00
2.000000000000000000e+00 3.770000000000000000e+02 2.759999999999999787e+00 0.000000000000000000e+00 5.908136256193721042e-02 3.242581455904703369e-01 -9.869875436858219220e-02 2.418706953169479923e-01 4.872510366694175060e-03 0.000000000000000000e+00 0.000000000000000000e+00 7.940000000000000000e+02 0.000000000000000000e+00 0.000000000000000000e+00 1.000000000000000000e+00
2.000000000000000000e+00 3.770000000000000000e+02 2.770000000000000018e+00 0.000000000000000000e+00 5.829502815944306859e-02 3.627547232709892877e-01 -9.447055609854665414e-02 2.455543968872221927e-01 6.865482792442957616e-03 0.000000000000000000e+00 0.000000000000000000e+00 7.940000000000000000e+02 0.000000000000000000e+00 0.000000000000000000e+00 1.000000000000000000e+00
2.000000000000000000e+00 3.770000000000000000e+02 2.779999999999999805e+00 0.000000000000000000e+00 5.763910302803647995e-02 3.972485824227723339e-01 -9.050954510314290768e-02 2.488997551654290596e-01 8.902950431476243376e-03 0.000000000000000000e+00 0.000000000000000000e+00 7.940000000000000000e+02 0.000000000000000000e+00 0.000000000000000000e+00 1.000000000000000000e+00
2.000000000000000000e+00 3.770000000000000000e+02 2.790000000000000036e+00 0.000000000000000000e+00 5.711162072624360181e-02 4.281536787862539328e-01 -8.680700893212922598e-02 2.519362194964526735e-01 1.090903028458965057e-02 0.000000000000000000e+00 0.000000000000000000e+00 7.940000000000000000e+02 0.000000000000000000e+00 0.000000000000000000e+00 1.000000000000000000e+00
2.000000000000000000e+00 3.770000000000000000e+02 2.799999999999999822e+00 0.000000000000000000e+00 5.671099987987208990e-02 4.558408998864299511e-01 -8.335480366411909814e-02 2.546905200173593675e-01 1.283542260441820904e-02 0.000000000000000000e+00 0.000000000000000000e+00 7.940000000000000000e+02 0.000000000000000000e+00 0.000000000000000000e+00 1.000000000000000000e+00
2.000000000000000000e+00 3.770000000000000000e+02 2.810000000000000053e+00 0.000000000000000000e+00 5.643603944110431314e-02 4.806425159996029484e-01 -8.014533599360124105e-02 2.571869029640403426e-01 1.465310741377912757e-02 0.000000000000000000e+00 0.000000000000000000e+00 7.940000000000000000e+02 0.000000000000000000e+00 0.000000000000000000e+00 1.000000000000000000e+00
2.000000000000000000e+00 3.770000000000000000e+02 2.819999999999999840e+00 0.000000000000000000e+00 5.628591508779647035e-02 5.028561676801955871e-01 -7.717154652906822732e-02 2.594473441119569679e-01 1.634618190452972325e-02 0.000000000000000000e+00 0.000000000000000000e+00 7.940000000000000000e+02 0.000000000000000000e+00 0.000000000000000000e+00 1.000000000000000000e+00
2.000000000000000000e+00 3.770000000000000000e+02 2.829999999999999627e+00 0.000000000000000000e+00 5.626017675218865366e-02 5.227484377013542627e-01 -7.442689426551682419e-02 2.614917422299162797e-01 1.790751724169964421e-02 0.000000000000000000e+00 0.000000000000000000e+00 7.940000000000000000e+02 0.000000000000000000e+00 0.000000000000000000e+00 1.000000000000000000e+00
2.000000000000000000e+00 3.770000000000000000e+02 2.839999999999999858e+00 0.000000000000000000e+00 5.635874727161671593e-02 5.405580502756787142e-01 -7.190534219716630815e-02 2.633380942498607657e-01 1.933575839326059920e-02 0.000000000000000000e+00 0.000000000000000000e+00 7.940000000000000000e+02 0.000000000000000000e+00 0.000000000000000000e+00 1.000000000000000000e+00
2.000000000000000000e+00 3.770000000000000000e+02 2.849999999999999645e+00 0.000000000000000000e+00 5.658192215718126084e-02 5.564987359494557584e-01 -6.960134403874931874e-02 2.650026536946991640e-01 2.063326757246584930e-02 0.000000000000000000e+00 0.000000000000000000e+00 7.940000000000000000e+02 0.000000000000000000e+00 0.000000000000000000e+00 1.000000000000000000e+00
2.000000000000000000e+00 3.770000000000000000e+02 2.859999999999999876e+00 0.000000000000000000e+00 5.693037047968000502e-02 5.707617965515734415e-01 -6.750983202616850365e-02 2.665000737588262281e-01 2.180471878753013903e-02 0.000000000000000000e+00 0.000000000000000000e+00 7.940000000000000000e+02 0.000000000000000000e+00 0.000000000000000000e+00 1.000000000000000000e+00
2.000000000000000000e+00 3.770000000000000000e+02 2.869999999999999662e+00 0.000000000000000000e+00 5.740513687545945737e-02 5.835184009786873460e-01 -6.562620576968480890e-02 2.678435363008765946e-01 2.285613938321025274e-02 0.000000000000000000e+00 0.000000000000000000e+00 7.940000000000000000e+02 0.000000000000000000e+00 0.000000000000000000e+00 1.000000000000000000e+00
2.000000000000000000e+00 3.770000000000000000e+02 2.879999999999999893e+00 0.000000000000000000e+00 5.800764467819954917e-02 5.949216393680254455e-01 -6.394632213512047025e-02 2.690448678842402019e-01 2.379425862379414003e-02 0.000000000000000000e+00 0.000000000000000000e+00 7.940000000000000000e+02 0.000000000000000000e+00 0.000000000000000000e+00 1.000000000000000000e+00
2.000000000000000000e+00 3.770000000000000000e+02 2.889999999999999680e+00 0.000000000000000000e+00 5.873970018602020504e-02 6.051083603096527597e-01 -6.246648613081935697e-02 2.701146438868515243e-01 2.462606778081384562e-02 0.000000000000000000e+00 0.000000000000000000e+00 7.940000000000000000e+02 0.000000000000000000e+00 0.000000000000000000e+00 1.000000000000000000e+00
2.000000000000000000e+00 3.770000000000000000e+02 2.899999999999999911e+00 0.000000000000000000e+00 5.960349807670212163e-02 6.142008131463120302e-01 -6.118344278032007699e-02 2.710622815967346222e-01 2.535852639131369601e-02 0.000000000000000000e+00 0.000000000000000000e+00 7.940000000000000000e+02 0.000000000000000000e+00 0.000000000000000000e+00 1.000000000000000000e+00
2.000000000000000000e+00 3.770000000000000000e+02 2.909999999999999698e+00 0.000000000000000000e+00 6.060162798725713534e-02 6.223081150698439590e-01 -6.009436996286554589e-02 2.718961231128287359e-01 2.599836979933299597e-02 0.000000000000000000e+00 0.000000000000000000e+00 7.940000000000000000e+02 0.000000000000000000e+00 0.000000000000000000e+00 1.000000000000000000e+00
2.000000000000000000e+00 3.770000000000000000e+02 2.919999999999999929e+00 0.000000000000000000e+00 6.173708227757274125e-02 6.295275606205871233e-01 -5.919687220600125532e-02 2.726235087808737689e-01 2.655198696280550164e-02 0.000000000000000000e+00 0.000000000000000000e+00 7.940000000000000000e+02 0.000000000000000000e+00 0.000000000000000000e+00 1.000000000000000000e+00
2.000000000000000000e+00 3.770000000000000000e+02 2.929999999999999716e+00 0.000000000000000000e+00 6.301326500140636000e-02 6.359457893048762189e-01 -5.848897541660856569e-02 2.732508418108162696e-01 2.702534696492958632e-02 0.000000000000000000e+00 0.000000000000000000e+00 7.940000000000000000e+02 0.000000000000000000e+00 0.000000000000000000e+00 1.000000000000000000e+00
2.000000000000000000e+00 3.770000000000000000e+02 2.939999999999999947e+00 0.000000000000000000e+00 6.443400211162392255e-02 6.416398253430395382e-01 -5.796912253878411247e-02 2.737836446445648941e-01 2.742395916062810579e-02 0.000000000000000000e+00 0.000000000000000000e+00 7.940000000000000000e+02 0.000000000000000000e+00 0.000000000000000000e+00 1.000000000000000000e+00
2.000000000000000000e+00 3.770000000000000000e+02 2.949999999999999734e+00 0.000000000000000000e+00 6.600355293027798664e-02 6.466780020257613115e-01 -5.763617012901400827e-02 2.742266075703047590e-01 2.775285637760600832e-02 0.000000000000000000e+00 0.000000000000000000e+00 7.940000000000000000e+02 0.000000000000000000e+00 0.000000000000000000e+00 1.000000000000000000e+00
2.000000000000000000e+00 3.770000000000000000e+02 2.959999999999999964e+00 0.000000000000000000e+00 6.772662291791173295e-02 6.511207817718727142e-01 -5.748938584111029648e-02 2.745836300113220774e-01 2.801659371877113225e-02 0.000000000000000000e+00 0.000000000000000000e+00 7.940000000000000000e+02 0.000000000000000000e+00 0.000000000000000000e+00 1.000000000000000000e+00
2.000000000000000000e+00 3.770000000000000000e+02 2.969999999999999751e+00 0.000000000000000000e+00 6.960837778037146095e-02 6.550214817289653491e-01 -5.752844681537730431e-02 2.748578548528095022e-01 2.821925770729820371e-02 0.000000000000000000e+00 0.000000000000000000e+00 7.940000000000000000e+02 0.000000000000000000e+00 0.000000000000000000e+00 1.000000000000000000e+00
2.000000000000000000e+00 3.770000000000000000e+02 2.979999999999999982e+00 0.000000000000000000e+00 7.165445895541885934e-02 6.584269136246518883e-01 -5.775343896846485414e-02 2.750516961088312340e-01 2.836448206633469804e-02 0.000000000000000000e+00 0.000000000000000000e+00 7.940000000000000000e+02 0.000000000000000000e+00 0.000000000000000000e+00 1.000000000000000000e+00
2.000000000000000000e+00 3.770000000000000000e+02 2.989999999999999769e+00 0.000000000000000000e+00 7.387100052557168950e-02 6.613779455472409419e-01 -5.816485718234645774e-02 2.751668601730007380e-01 2.845546752842340044e-02 0.000000000000000000e+00 0.000000000000000000e+00 7.940000000000000000e+02 0.000000000000000000e+00 0.000000000000000000e+00 1.000000000000000000e+00
2.000000000000000000e+00 3.770000000000000000e+02 3.000000000000000000e+00 0.000000000000000000e+00 7.626464760787665664e-02 6.639099923976621298e-01 -5.876360639283806364e-02 2.752043608399440400e-01 2.849500385943853908e-02 0.000000000000000000e+00 0.000000000000000000e+00 7.940000000000000000e+02 0.000000000000000000e+00 0.000000000000000000e+00 1.000000000000000000e+00
2.000000000000000000e+00 3.770000000000000000e+02 3.009999999999999787e+00 0.000000000000000000e+00 7.884257627574681182e-02 6.660534408984959409e-01 -5.955100358005147032e-02 2.751645282297803252e-01 2.848549285095695882e-02 0.000000000000000000e+00 0.000000000000000000e+00 7.940000000000000000e+02 0.000000000000000000e+00 0.000000000000000000e+00 1.000000000000000000e+00
2.000000000000000000e+00 3.770000000000000000e+02 3.020000000000000018e+00 0.000000000000000000e+00 8.161251507258814042e-02 6.678340142605713181e-01 -6.052878066516080569e-02 2.750470116941853838e-01 2.842897144812855936e-02 0.000000000000000000e+00 0.000000000000000000e+00 7.940000000000000000e+02 0.000000000000000000e+00 0.000000000000000000e+00 1.000000000000000000e+00
2.000000000000000000e+00 3.770000000000000000e+02 3.029999999999999805e+00 0.000000000000000000e+00 8.458276818171264755e-02 6.692730808834417289e-01 -6.169908831985355946e-02 2.748507767296178850e-01 2.832713448274266910e-02 0.000000000000000000e+00 0.000000000000000000e+00 7.940000000000000000e+02 0.000000000000000000e+00 0.000000000000000000e+00 1.000000000000000000e+00
2.000000000000000000e+00 3.770000000000000000e+02 3.040000000000000036e+00 0.000000000000000000e+00 8.776224032200055647e-02 6.703879107944118454e-01 -6.306450069684498005e-02 2.745740958705359946e-01 2.818135670562468831e-02 0.000000000000000000e+00 0.000000000000000000e+00 7.940000000000000000e+02 0.000000000000000000e+00 0.000000000000000000e+00 1.000000000000000000e+00
2.000000000000000000e+00 3.770000000000000000e+02 3.049999999999999822e+00 0.000000000000000000e+00 9.116046344394784784e-02 6.711918829036007672e-01 -6.462802109186122079e-02 2.742145334824385716e-01 2.799271398197296368e-02 0.000000000000000000e+00 0.000000000000000000e+00 7.940000000000000000e+02 0.000000000000000000e+00 0.000000000000000000e+00 1.000000000000000000e+00
2.000000000000000000e+00 3.770000000000000000e+02 3.060000000000000053e+00 0.000000000000000000e+00 9.478762530613316084e-02 6.716946455622783141e-01 -6.639308854954500960e-02 2.737689243208603074e-01 2.776200364471216597e-02 0.000000000000000000e+00 0.000000000000000000e+00 7.940000000000000000e+02 0.000000000000000000e+00 0.000000000000000000e+00 1.000000000000000000e+00
2.000000000000000000e+00 3.770000000000000000e+02 3.069999999999999840e+00 0.000000000000000000e+00 9.865460001777520693e-02 6.719022323513126338e-01 -6.836358542781353909e-02 2.732333456675768990e-01 2.748976410700190720e-02 0.000000000000000000e+00 0.000000000000000000e+00 7.940000000000000000e+02 0.000000000000000000e+00 0.000000000000000000e+00 1.000000000000000000e+00
2.000000000000000000e+00 3.770000000000000000e+02 3.080000000000000071e+00 0.000000000000000000e+00 1.027729806389462708e-01 6.718171344892880370e-01 -7.054384593730729514e-02 2.726030827987357408e-01 2.717629392527552701e-02 0.000000000000000000e+00 0.000000000000000000e+00 7.940000000000000000e+02 0.000000000000000000e+00 0.000000000000000000e+00 1.000000000000000000e+00
2.000000000000000000e+00 3.770000000000000000e+02 3.089999999999999858e+00 0.000000000000000000e+00 1.071551139361763133e-01 6.714383307292530745e-01 -7.293866567471232742e-02 2.718725874809189147e-01 2.682167058616795330e-02 0.000000000000000000e+00 0.000000000000000000e+00 7.940000000000000000e+02 0.000000000000000000e+00 0.000000000000000000e+00 1.000000000000000000e+00
2.000000000000000000e+00 3.770000000000000000e+02 3.099999999999999645e+00 0.000000000000000000e+00 1.118141373976435926e-01 6.707612751028871889e-01 -7.555331217092517426e-02 2.710354291297880081e-01 2.642576937062192377e-02 0.000000000000000000e+00 0.000000000000000000e+00 7.940000000000000000e+02 0.000000000000000000e+00 0.000000000000000000e+00 1.000000000000000000e+00
2.000000000000000000e+00 3.770000000000000000e+02 3.109999999999999876e+00 0.000000000000000000e+00 1.167640186189220775e-01 6.697778423650010415e-01 -7.839353647726182706e-02 2.700842382013496357e-01 2.598828273174925985e-02 0.000000000000000000e+00 0.000000000000000000e+00 7.940000000000000000e+02 0.000000000000000000e+00 0.000000000000000000e+00 1.000000000000000000e+00
2.000000000000000000e+00 3.770000000000000000e+02 3.119999999999999662e+00 0.000000000000000000e+00 1.220195971773631177e-01 6.684762304836628921e-01 -8.146558581519502962e-02 2.690106413175162303e-01 2.550874071463882231e-02 0.000000000000000000e+00 0.000000000000000000e+00 7.940000000000000000e+02 0.000000000000000000e+00 0.000000000000000000e+00 1.000000000000000000e+00
2.000000000000000000e+00 3.770000000000000000e+02 3.129999999999999893e+00 0.000000000000000000e+00 1.275966291206490077e-01 6.668408190057436569e-01 -8.477621731744360012e-02 2.678051875548681515e-01 2.498653305114229006e-02 0.000000000000000000e+00 0.000000000000000000e+00 7.940000000000000000e+02 0.000000000000000000e+00 0.000000000000000000e+00 1.000000000000000000e+00
2.000000000000000000e+00 3.770000000000000000e+02 3.139999999999999680e+00 0.000000000000000000e+00 1.335118342028937533e-01 6.648519815981539516e-01 -8.833271289063823750e-02 2.664572652477341652e-01 2.442093368577685775e-02 0.000000000000000000e+00 0.000000000000000000e+00 7.940000000000000000e+02 0.000000000000000000e+00 0.000000000000000000e+00 1.000000000000000000e+00
2.000000000000000000e+00 3.770000000000000000e+02 3.149999999999999911e+00 0.000000000000000000e+00 1.397829460099033749e-01 6.624858505151008936e-01 -9.214289523225493994e-02 2.649550085732046423e-01 2.381112863572540372e-02 0.000000000000000000e+00 0.000000000000000000e+00 7.940000000000000000e+02 0.000000000000000000e+00 0.000000000000000000e+00 1.000000000000000000e+00
2.000000000000000000e+00 3.770000000000000000e+02 3.159999999999999698e+00 0.000000000000000000e+00 1.464287651238694032e-01 6.597140301647731464e-01 -9.621514503704606258e-02 2.632851930957380016e-01 2.315624826450136953e-02 0.000000000000000000e+00 0.000000000000000000e+00 7.940000000000000000e+02 0.000000000000000000e+00 0.000000000000000000e+00 1.000000000000000000e+00
2.000000000000000000e+00 3.770000000000000000e+02 3.169999999999999929e+00 0.000000000000000000e+00 1.534692154868817215e-01 6.565032563380133190e-01 -1.005584194308153101e-01 2.614331193518392715e-01 2.245540526194000908e-02 0.000000000000000000e+00 0.000000000000000000e+00 7.940000000000000000e+02 0.000000000000000000e+00 0.000000000000000000e+00 1.000000000000000000e+00
2.000000000000000000e+00 3.770000000000000000e+02 3.179999999999999716e+00 0.000000000000000000e+00 1.609254041322366324e-01 6.528149970094263566e-01 -1.051822716720831885e-01 2.593824834499970922e-01 2.170773988024692069e-02 0.000000000000000000e+00 0.000000000000000000e+00 7.940000000000000000e+02 0.000000000000000000e+00 0.000000000000000000e+00 1.000000000000000000e+00
2.000000000000000000e+00 3.770000000000000000e+02 3.189999999999999947e+00 0.000000000000000000e+00 1.688196844626125293e-01 6.486049899201974389e-01 -1.100968721649772386e-01 2.571152335467664640e-01 2.091247428503426042e-02 0.000000000000000000e+00 0.000000000000000000e+00 7.940000000000000000e+02 0.000000000000000000e+00 0.000000000000000000e+00 1.000000000000000000e+00
2.000000000000000000e+00 3.770000000000000000e+02 3.199999999999999734e+00 0.000000000000000000e+00 1.771757232648187019e-01 6.438227113932231127e-01 -1.153130308295663153e-01 2.546114109355501753e-01 2.006897824994313684e-02 0.000000000000000000e+00 0.000000000000000000e+00 7.940000000000000000e+02 0.000000000000000000e+00 0.000000000000000000e+00 1.000000000000000000e+00
2.000000000000000000e+00 3.770000000000000000e+02 3.209999999999999964e+00 0.000000000000000000e+00 1.860185716620262608e-01 6.384107700058765378e-01 -1.208422208788433594e-01 2.518489743491727495e-01 1.917684886125040067e-02 0.000000000000000000e+00 0.000000000000000000e+00 7.940000000000000000e+02 0.000000000000000000e+00 0.000000000000000000e+00 1.000000000000000000e+00
2.000000000000000000e+00 3.770000000000000000e+02 3.219999999999999751e+00 0.000000000000000000e+00 1.953747402161921942e-01 6.323042178439702843e-01 -1.266966040546558259e-01 2.488036059295794522e-01 1.823600740983682966e-02 0.000000000000000000e+00 0.000000000000000000e+00 7.940000000000000000e+02 0.000000000000000000e+00 0.000000000000000000e+00 1.000000000000000000e+00
2.000000000000000000e+00 3.770000000000000000e+02 3.229999999999999982e+00 0.000000000000000000e+00 2.052722784058322314e-01 6.254297710713709879e-01 -1.328890573780910356e-01 2.454484971565973062e-01 1.724681723094638464e-02 0.000000000000000000e+00 0.000000000000000000e+00 7.940000000000000000e+02 0.000000000000000000e+00 0.000000000000000000e+00 1.000000000000000000e+00
2.000000000000000000e+00 3.770000000000000000e+02 3.239999999999999769e+00 0.000000000000000000e+00 2.157408587174137193e-01 6.177049304614388170e-01 -1.394332014731556324e-01 2.417541128512818993e-01 1.621022689351493684e-02 0.000000000000000000e+00 0.000000000000000000e+00 7.940000000000000000e+02 0.000000000000000000e+00 0.000000000000000000e+00 1.000000000000000000e+00
2.000000000000000000e+00 3.770000000000000000e+02 3.250000000000000000e+00 0.000000000000000000e+00 2.268118656024715463e-01 6.090369913359197085e-01 -1.463434305260481183e-01 2.376879311763613334e-01 1.512794380229078028e-02 0.000000000000000000e+00 0.000000000000000000e+00 7.940000000000000000e+02 0.000000000000000000e+00 0.000000000000000000e+00 1.000000000000000000e+00
2.000000000000000000e+00 3.770000000000000000e+02 3.259999999999999787e+00 0.000000000000000000e+00 2.385184895671377259e-01 5.993219310297080993e-01 -1.536349439459223643e-01 2.332141573449850735e-01 1.400264387404186184e-02 0.000000000000000000e+00 0.000000000000000000e+00 7.940000000000000000e+02 0.000000000000000000e+00 0.000000000000000000e+00 1.000000000000000000e+00
2.000000000000000000e+00 3.770000000000000000e+02 3.270000000000000018e+00 0.000000000000000000e+00 2.508958266761623368e-01 5.884431605301118084e-01 -1.613237797967804199e-01 2.282934085175480354e-01 1.283822331814885032e-02 0.000000000000000000e+00 0.000000000000000000e+00 7.940000000000000000e+02 0.000000000000000000e+00 0.000000000000000000e+00 1.000000000000000000e+00
2.000000000000000000e+00 3.770000000000000000e+02 3.279999999999999805e+00 0.000000000000000000e+00 2.639809837697343897e-01 5.762701253092260556e-01 -1.694268500740306604e-01 2.228823671127161676e-01 1.164009837862876179e-02 0.000000000000000000e+00 0.000000000000000000e+00 7.940000000000000000e+02 0.000000000000000000e+00 0.000000000000000000e+00 1.000000000000000000e+00
2.000000000000000000e+00 3.770000000000000000e+02 3.290000000000000036e+00 0.000000000000000000e+00 2.778131897085406310e-01 5.626567385582070813e-01 -1.779619779033036753e-01 2.169333994807395305e-01 1.041555760334449826e-02 0.000000000000000000e+00 0.000000000000000000e+00 7.940000000000000000e+02 0.000000000000000000e+00 0.000000000000000000e+00 1.000000000000000000e+00
2.000000000000000000e+00 3.770000000000000000e+02 3.299999999999999822e+00 0.000000000000000000e+00 2.924339129805691995e-01 5.474396280209221644e-01 -1.869479367433465045e-01 2.103941365822122045e-01 9.174167755784723433e-03 0.000000000000000000e+00 0.000000000000000000e+00 7.940000000000000000e+02 0.000000000000000000e+00 0.000000000000000000e+00 1.000000000000000000e+00
2.000000000000000000e+00 3.770000000000000000e+02 3.310000000000000053e+00 0.000000000000000000e+00 3.078869860222423482e-01 5.304361753874856644e-01 -1.964044916792242190e-01 2.032070129809773751e-01 7.928227013880649598e-03 0.000000000000000000e+00 0.000000000000000000e+00 7.940000000000000000e+02 0.000000000000000000e+00 0.000000000000000000e+00 1.000000000000000000e+00
2.000000000000000000e+00 3.770000000000000000e+02 3.319999999999999840e+00 0.000000000000000000e+00 3.242187366265850690e-01 5.114423247187274146e-01 -2.063524428966549695e-01 1.953087600929089007e-01 6.693244311503830646e-03 0.000000000000000000e+00 0.000000000000000000e+00 7.940000000000000000e+02 0.000000000000000000e+00 0.000000000000000000e+00 1.000000000000000000e+00
2.000000000000000000e+00 3.770000000000000000e+02 3.330000000000000071e+00 0.000000000000000000e+00 3.414781268323899832e-01 4.902301336008188515e-01 -2.168136714331035109e-01 1.866298492296156741e-01 5.488395798285972127e-03 0.000000000000000000e+00 0.000000000000000000e+00 7.940000000000000000e+02 0.000000000000000000e+00 0.000000000000000000e+00 1.000000000000000000e+00
2.000000000000000000e+00 3.770000000000000000e+02 3.339999999999999858e+00 0.000000000000000000e+00 3.597168997107626498e-01 4.665450376418258105e-01 -2.278111873062638459e-01 1.770938795341562566e-01 4.336858511672158495e-03 0.000000000000000000e+00 0.000000000000000000e+00 7.940000000000000000e+02 0.000000000000000000e+00 0.000000000000000000e+00 1.000000000000000000e+00
2.000000000000000000e+00 3.770000000000000000e+02 3.349999999999999645e+00 0.000000000000000000e+00 3.789897344891073327e-01 4.401027954818052534e-01 -2.393691801257931961e-01 1.666169054207336797e-01 3.265831116712206161e-03 0.000000000000000000e+00 0.000000000000000000e+00 7.940000000000000000e+02 0.000000000000000000e+00 0.000000000000000000e+00 1.000000000000000000e+00
2.000000000000000000e+00 3.770000000000000000e+02 3.359999999999999876e+00 0.000000000000000000e+00 3.993544104776110548e-01 4.105860776539690393e-01 -2.515130722996199442e-01 1.551066975977898610e-01 2.305897274429856772e-03 0.000000000000000000e+00 0.000000000000000000e+00 7.940000000000000000e+02 0.000000000000000000e+00 0.000000000000000000e+00 1.000000000000000000e+00
2.000000000000000000e+00 3.770000000000000000e+02 3.369999999999999662e+00 0.000000000000000000e+00 4.208719802896712658e-01 3.776406583603320044e-01 -2.642695749518552129e-01 1.424619311692521539e-01 1.489139825499774875e-03 0.000000000000000000e+00 0.000000000000000000e+00 7.940000000000000000e+02 0.000000000000000000e+00 0.000000000000000000e+00 1.000000000000000000e+00
2.000000000000000000e+00 3.770000000000000000e+02 3.379999999999999893e+00 0.000000000000000000e+00 4.436069528755769431e-01 3.408711644599060619e-01 -2.776667466753041102e-01 1.285712936667497142e-01 8.450716998751536813e-04 0.000000000000000000e+00 0.000000000000000000e+00 7.940000000000000000e+02 0.000000000000000000e+00 0.000000000000000000e+00 1.000000000000000000e+00
2.000000000000000000e+00 3.770000000000000000e+02 3.389999999999999680e+00 0.000000000000000000e+00 4.676274869181705207e-01 2.998363306536713235e-01 -2.917340552478027149e-01 1.133125051607650341e-01 3.931703165497208753e-04 0.000000000000000000e+00 0.000000000000000000e+00 7.940000000000000000e+02 0.000000000000000000e+00 0.000000000000000000e+00 1.000000000000000000e+00
2.000000000000000000e+00 3.770000000000000000e+02 3.399999999999999911e+00 0.000000000000000000e+00 4.930055951702859152e-01 2.540437039244941020e-01 -3.065024424481327392e-01 9.655124182471351568e-02 1.313494846808085145e-04 0.000000000000000000e+00 0.000000000000000000e+00 7.940000000000000000e+02 0.000000000000000000e+00 0.000000000000000000e+00 1.000000000000000000e+00
2.000000000000000000e+00 3.770000000000000000e+02 3.409999999999999698e+00 0.000000000000000000e+00 5.198173603465585657e-01 2.029437336807540238e-01 -3.220043921140776089e-01 7.813995347603594488e-02 2.354302199322755307e-05 0.000000000000000000e+00 0.000000000000000000e+00 7.940000000000000000e+02 0.000000000000000000e+00 0.000000000000000000e+00 1.000000000000000000e+00
2.000000000000000000e+00 3.770000000000000000e+02 3.419999999999999929e+00 0.000000000000000000e+00 5.481431632168443091e-01 1.459231766803607833e-01 -3.382740015923171306e-01 5.791656468506269778e-02 1.016219603156594123e-06 0.000000000000000000e+00 0.000000000000000000e+00 7.940000000000000000e+02 0.000000000000000000e+00 0.000000000000000000e+00 1.000000000000000000e+00
2.000000000000000000e+00 3.770000000000000000e+02 3.429999999999999716e+00 0.000000000000000000e+00 5.780679235850616493e-01 8.229773758862198030e-02 -3.553470567373203659e-01 3.570304801745018825e-02 3.621735226036227014e-10 0.000000000000000000e+00 0.000000000000000000e+00 7.940000000000000000e+02 0.000000000000000000e+00 0.000000000000000000e+00 1.000000000000000000e+00
2.000000000000000000e+00 3.770000000000000000e+02 3.439999999999999947e+00 0.000000000000000000e+00 6.096813548759083545e-01 1.130385685037683940e-02 -3.732611106241977561e-01 1.130385685037684461e-02 6.035182564000663118e-45 1.000000000000000000e+00 1.000000000000000000e+00 7.940000000000000000e+02 0.000000000000000000e+00 0.000000000000000000e+00 1.000000000000000000e+00
2.000000000000000000e+00 3.770000000000000000e+02 3.449999999999999734e+00 0.000000000000000000e+00 5.786686052822858084e-01 8.229967193623521915e-02 -3.552061890643670727e-01 3.570377736247611067e-02 3.579058332461494340e-10 0.000000000000000000e+00 0.000000000000000000e+00 7.940000000000000000e+02 0.000000000000000000e+00 0.000000000000000000e+00 1.000000000000000000e+00
2.000000000000000000e+00 3.770000000000000000e+02 3.459999999999999964e+00 0.000000000000000000e+00 5.493463274348093783e-01 1.459320163959109684e-01 -3.379919564006179655e-01 5.791880360713778930e-02 1.002292968166868485e-06 0.000000000000000000e+00 0.000000000000000000e+00 7.940000000000000000e+02 0.000000000000000000e+00 0.000000000000000000e+00 1.000000000000000000e+00
2.000000000000000000e+00 3.770000000000000000e+02 3.469999999999999751e+00 0.000000000000000000e+00 5.216266141311067805e-01 2.029645326548717710e-01 -3.215805490305253533e-01 7.814449549606063139e-02 2.318850369219515326e-05 0.000000000000000000e+00 0.000000000000000000e+00 7.940000000000000000e+02 0.000000000000000000e+00 0.000000000000000000e+00 1.000000000000000000e+00
2.000000000000000000e+00 3.770000000000000000e+02 3.479999999999999982e+00 0.000000000000000000e+00 4.954263626033869605e-01 2.540816595691167690e-01 -3.059358692077627229e-01 9.655890073786678462e-02 1.292135734594103674e-04 0.000000000000000000e+00 0.000000000000000000e+00 7.940000000000000000e+02 0.000000000000000000e+00 0.000000000000000000e+00 1.000000000000000000e+00
2.000000000000000000e+00 3.770000000000000000e+02 3.489999999999999769e+00 0.000000000000000000e+00 4.706670253791365721e-01 2.998968462754205699e-01 -2.910235056432274314e-01 1.133241222003814885e-01 3.863239194488049012e-04 0.000000000000000000e+00 0.000000000000000000e+00 7.940000000000000000e+02 0.000000000000000000e+00 0.000000000000000000e+00 1.000000000000000000e+00
2.000000000000000000e+00 3.770000000000000000e+02 3.500000000000000000e+00 0.000000000000000000e+00 4.472743747984417317e-01 3.409599141043774262e-01 -2.768106578156150910e-01 1.285877449097357628e-01 8.293932062266142283e-04 0.000000000000000000e+00 0.000000000000000000e+00 7.940000000000000000e+02 0.000000000000000000e+00 0.000000000000000000e+00 1.000000000000000000e+00
2.000000000000000000e+00 3.770000000000000000e+02 3.509999999999999787e+00 0.000000000000000000e+00 4.251782804819611017e-01 3.777636549054836368e-01 -2.632660638249625373e-01 1.424841352482316970e-01 1.459805154034994612e-03 0.000000000000000000e+00 0.000000000000000000e+00 7.940000000000000000e+02 0.000000000000000000e+00 0.000000000000000000e+00 1.000000000000000000e+00
2.000000000000000000e+00 3.770000000000000000e+02 3.520000000000000018e+00 0.000000000000000000e+00 4.043124990824069065e-01 4.107497449697870562e-01 -2.503599316304689903e-01 1.551356237878703803e-01 2.257788666486350640e-03 0.000000000000000000e+00 0.000000000000000000e+00 7.940000000000000000e+02 0.000000000000000000e+00 0.000000000000000000e+00 1.000000000000000000e+00
2.000000000000000000e+00 3.770000000000000000e+02 3.529999999999999805e+00 0.000000000000000000e+00 3.846144756892202476e-01 4.403140455222243621e-01 -2.380638735213489177e-01 1.666535821720799282e-01 3.193809379507521473e-03 0.000000000000000000e+00 0.000000000000000000e+00 7.940000000000000000e+02 0.000000000000000000e+00 0.000000000000000000e+00 1.000000000000000000e+00
2.000000000000000000e+00 3.770000000000000000e+02 3.540000000000000036e+00 0.000000000000000000e+00 3.660251562910532552e-01 4.668113533940745352e-01 -2.263508436765810650e-01 1.771394035254851840e-01 4.235922028723224791e-03 0.000000000000000000e+00 0.000000000000000000e+00 7.940000000000000000e+02 0.000000000000000000e+00 0.000000000000000000e+00 1.000000000000000000e+00
2.000000000000000000e+00 3.770000000000000000e+02 3.549999999999999822e+00 0.000000000000000000e+00 3.484888107338303675e-01 4.905596588876501296e-01 -2.151950786762152068e-01 1.866853950223101855e-01 5.353761987619276574e-03 0.000000000000000000e+00 0.000000000000000000e+00 7.940000000000000000e+02 0.000000000000000000e+00 0.000000000000000000e+00 1.000000000000000000e+00
2.000000000000000000e+00 3.770000000000000000e+02 3.560000000000000053e+00 0.000000000000000000e+00 3.319528656436212533e-01 5.118439619312401545e-01 -2.045720408333866758e-01 1.953755904707367708e-01 6.520382610599465001e-03 0.000000000000000000e+00 0.000000000000000000e+00 7.940000000000000000e+02 0.000000000000000000e+00 0.000000000000000000e+00 1.000000000000000000e+00
2.000000000000000000e+00 3.770000000000000000e+02 3.569999999999999840e+00 0.000000000000000000e+00 3.163677468134350468e-01 5.309196923214148933e-01 -1.944583642223939868e-01 2.032864900664351215e-01 7.712863494945342013e-03 0.000000000000000000e+00 0.000000000000000000e+00 7.940000000000000000e+02 0.000000000000000000e+00 0.000000000000000000e+00 1.000000000000000000e+00
2.000000000000000000e+00 3.770000000000000000e+02 3.580000000000000071e+00 0.000000000000000000e+00 3.016867305814158184e-01 5.480157750985195086e-01 -1.848318032841271830e-01 2.104877338273534459e-01 8.912274344353342259e-03 0.000000000000000000e+00 0.000000000000000000e+00 7.940000000000000000e+02 0.000000000000000000e+00 0.000000000000000000e+00 1.000000000000000000e+00
2.000000000000000000e+00 3.770000000000000000e+02 3.589999999999999858e+00 0.000000000000000000e+00 2.878658037548763038e-01 5.633373778424818346e-01 -1.756711838958003868e-01 2.170427146380417005e-01 1.010333398127527538e-02 0.000000000000000000e+00 0.000000000000000000e+00 7.940000000000000000e+02 0.000000000000000000e+00 0.000000000000000000e+00 1.000000000000000000e+00
2.000000000000000000e+00 3.770000000000000000e+02 3.599999999999999645e+00 0.000000000000000000e+00 2.748635316602270340e-01 5.770683728588221761e-01 -1.669563567973644802e-01 2.230091363001702742e-01 1.127395149651211348e-02 0.000000000000000000e+00 0.000000000000000000e+00 7.940000000000000000e+02 0.000000000000000000e+00 0.000000000000000000e+00 1.000000000000000000e+00
2.000000000000000000e+00 3.770000000000000000e+02 3.609999999999999876e+00 0.000000000000000000e+00 2.626409339232193552e-01 5.893735438032010610e-01 -1.586681532721589405e-01 2.284395215017860636e-01 1.241474746892180098e-02 0.000000000000000000e+00 0.000000000000000000e+00 7.940000000000000000e+02 0.000000000000000000e+00 0.000000000000000000e+00 1.000000000000000000e+00
2.000000000000000000e+00 3.770000000000000000e+02 3.619999999999999662e+00 0.000000000000000000e+00 2.511613676070950651e-01 6.004005632258850866e-01 -1.507883429843201173e-01 2.333816741769842995e-01 1.351860307075607170e-02 0.000000000000000000e+00 0.000000000000000000e+00 7.940000000000000000e+02 0.000000000000000000e+00 0.000000000000000000e+00 1.000000000000000000e+00
2.000000000000000000e+00 3.770000000000000000e+02 3.629999999999999893e+00 0.000000000000000000e+00 2.403904173582945003e-01 6.102817647683442814e-01 -1.432995938802065772e-01 2.378791003261682968e-01 1.458025747646057163e-02 0.000000000000000000e+00 0.000000000000000000e+00 7.940000000000000000e+02 0.000000000000000000e+00 0.000000000000000000e+00 1.000000000000000000e+00
2.000000000000000000e+00 3.770000000000000000e+02 3.639999999999999680e+00 0.000000000000000000e+00 2.302957922303848215e-01 6.191357312798579926e-01 -1.361854340656433737e-01 2.419713910013997216e-01 1.559595950506614814e-02 0.000000000000000000e+00 0.000000000000000000e+00 7.940000000000000000e+02 0.000000000000000000e+00 0.000000000000000000e+00 1.000000000000000000e+00
2.000000000000000000e+00 3.770000000000000000e+02 3.649999999999999911e+00 0.000000000000000000e+00 2.208472288768894287e-01 6.270687179128860977e-01 -1.294302155751320682e-01 2.456945708282759211e-01 1.656317214261553150e-02 0.000000000000000000e+00 0.000000000000000000e+00 7.940000000000000000e+02 0.000000000000000000e+00 0.000000000000000000e+00 1.000000000000000000e+00
2.000000000000000000e+00 3.770000000000000000e+02 3.659999999999999698e+00 0.000000000000000000e+00 2.120164008227929386e-01 6.341759272755522758e-01 -1.230190799533340540e-01 2.490814151323877401e-01 1.748032525707507445e-02 0.000000000000000000e+00 0.000000000000000000e+00 7.940000000000000000e+02 0.000000000000000000e+00 0.000000000000000000e+00 1.000000000000000000e+00
2.000000000000000000e+00 3.770000000000000000e+02 3.669999999999999929e+00 0.000000000000000000e+00 2.037768335427224964e-01 6.405426519441737021e-01 -1.169379255731238798e-01 2.521617384620393754e-01 1.834661059939408922e-02 0.000000000000000000e+00 0.000000000000000000e+00 7.940000000000000000e+02 0.000000000000000000e+00 0.000000000000000000e+00 1.000000000000000000e+00
2.000000000000000000e+00 3.770000000000000000e+02 3.679999999999999716e+00 0.000000000000000000e+00 1.961038250912115199e-01 6.462452980469459707e-01 -1.111733766183244931e-01 2.549626570471069109e-01 1.916181305652790712e-02 0.000000000000000000e+00 0.000000000000000000e+00 7.940000000000000000e+02 0.000000000000000000e+00 0.000000000000000000e+00 1.000000000000000000e+00
2.000000000000000000e+00 3.770000000000000000e+02 3.689999999999999947e+00 0.000000000000000000e+00 1.889743720470982713e-01 6.513523022026753706e-01 -1.057127536629023923e-01 2.575088275044736252e-01 1.992617251998665684e-02 0.000000000000000000e+00 0.000000000000000000e+00 7.940000000000000000e+02 0.000000000000000000e+00 0.000000000000000000e+00 1.000000000000000000e+00
2.000000000000000000e+00 3.770000000000000000e+02 3.699999999999999734e+00 0.000000000000000000e+00 1.823671005500431819e-01 6.559249528185937539e-01 -1.005440457819086475e-01 2.598226638913785913e-01 2.064027135009001424e-02 0.000000000000000000e+00 0.000000000000000000e+00 7.940000000000000000e+02 0.000000000000000000e+00 0.000000000000000000e+00 1.000000000000000000e+00
2.000000000000000000e+00 3.770000000000000000e+02 3.709999999999999964e+00 0.000000000000000000e+00 1.762622022224148155e-01 6.600181256035376753e-01 -9.565588413282324898e-02 2.619245350174069231e-01 2.130494308993838293e-02 0.000000000000000000e+00 0.000000000000000000e+00 7.940000000000000000e+02 0.000000000000000000e+00 0.000000000000000000e+00 1.000000000000000000e+00
2.000000000000000000e+00 3.770000000000000000e+02 3.719999999999999751e+00 0.000000000000000000e+00 1.706413747844401363e-01 6.636809421232752193e-01 -9.103751694919298698e-02 2.638329437520706144e-01 2.192119873317768808e-02 0.000000000000000000e+00 0.000000000000000000e+00 7.940000000000000000e+02 0.000000000000000000e+00 0.000000000000000000e+00 1.000000000000000000e+00
2.000000000000000000e+00 3.770000000000000000e+02 3.729999999999999982e+00 0.000000000000000000e+00 1.654877671845857434e-01 6.669573593012059209e-01 -8.667878589156068070e-02 2.655646899064308952e-01 2.249016743930165596e-02 0.000000000000000000e+00 0.000000000000000000e+00 7.940000000000000000e+02 0.000000000000000000e+00 0.000000000000000000e+00 1.000000000000000000e+00
2.000000000000000000e+00 3.770000000000000000e+02 3.739999999999999769e+00 0.000000000000000000e+00 1.607859290806721297e-01 6.698866969389480897e-01 -8.257010370366762997e-02 2.671350181226191944e-01 2.301304910665864789e-02 0.000000000000000000e+00 0.000000000000000000e+00 7.940000000000000000e+02 0.000000000000000000e+00 0.000000000000000000e+00 1.000000000000000000e+00
2.000000000000000000e+00 3.770000000000000000e+02 3.750000000000000000e+00 0.000000000000000000e+00 1.565217645202677810e-01 6.725041095875028407e-01 -7.870243312478361619e-02 2.685577520731312617e-01 2.349107665595272232e-02 0.000000000000000000e+00 0.000000000000000000e+00 7.940000000000000000e+02 0.000000000000000000e+00 0.000000000000000000e+00 1.000000000000000000e+00
2.000000000000000000e+00 3.770000000000000000e+02 3.759999999999999787e+00 0.000000000000000000e+00 1.526824896814982235e-01 6.748410084318644531e-01 -7.506726701178059735e-02 2.698454161512615079e-01 2.392548625120465011e-02 0.000000000000000000e+00 0.000000000000000000e+00 7.940000000000000000e+02 0.000000000000000000e+00 0.000000000000000000e+00 1.000000000000000000e+00
2.000000000000000000e+00 3.770000000000000000e+02 3.770000000000000018e+00 0.000000000000000000e+00 1.492565945475778921e-01 6.769254382520377700e-01 -7.165660962722771032e-02 2.710093457239207693e-01 2.431749399859704786e-02 0.000000000000000000e+00 0.000000000000000000e+00 7.940000000000000000e+02 0.000000000000000000e+00 0.000000000000000000e+00 1.000000000000000000e+00
2.000000000000000000e+00 3.770000000000000000e+02 3.779999999999999805e+00 0.000000000000000000e+00 1.462338084001674199e-01 6.787824139843274818e-01 -6.846295905235005863e-02 2.720597869173997374e-01 2.466827792470631386e-02 0.000000000000000000e+00 0.000000000000000000e+00 7.940000000000000000e+02 0.000000000000000000e+00 0.000000000000000000e+00 1.000000000000000000e+00
2.000000000000000000e+00 3.770000000000000000e+02 3.790000000000000036e+00 0.000000000000000000e+00 1.436050690281054087e-01 6.804342209219174098e-01 -6.547929068616695214e-02 2.730059868144961710e-01 2.497896425223862515e-02 0.000000000000000000e+00 0.000000000000000000e+00 7.940000000000000000e+02 0.000000000000000000e+00 0.000000000000000000e+00 1.000000000000000000e+00
2.000000000000000000e+00 3.770000000000000000e+02 3.799999999999999822e+00 0.000000000000000000e+00 1.413624955592043264e-01 6.819006821574020716e-01 -6.269904179451568638e-02 2.738562748570163019e-01 2.525061717073437406e-02 0.000000000000000000e+00 0.000000000000000000e+00 7.940000000000000000e+02 0.000000000000000000e+00 0.000000000000000000e+00 1.000000000000000000e+00
2.000000000000000000e+00 3.770000000000000000e+02 3.810000000000000053e+00 0.000000000000000000e+00 1.394993648336608771e-01 6.831993964768111605e-01 -6.011609707497578281e-02 2.746181361702388357e-01 2.548423144802891560e-02 0.000000000000000000e+00 0.000000000000000000e+00 7.940000000000000000e+02 0.000000000000000000e+00 0.000000000000000000e+00 1.000000000000000000e+00
2.000000000000000000e+00 3.770000000000000000e+02 3.819999999999999840e+00 0.000000000000000000e+00 1.380100912482492281e-01 6.843459495600576759e-01 -5.772477520594218592e-02 2.752982774548219380e-01 2.568072735090919101e-02 0.000000000000000000e+00 0.000000000000000000e+00 7.940000000000000000e+02 0.000000000000000000e+00 0.000000000000000000e+00 1.000000000000000000e+00
2.000000000000000000e+00 3.770000000000000000e+02 3.830000000000000071e+00 0.000000000000000000e+00 1.368902100108702891e-01 6.853541010223943575e-01 -5.551981635026222162e-02 2.759026860262022707e-01 2.584094744488954487e-02 0.000000000000000000e+00 0.000000000000000000e+00 7.940000000000000000e+02 0.000000000000000000e+00 0.000000000000000000e+00 1.000000000000000000e+00
2.000000000000000000e+00 3.770000000000000000e+02 3.839999999999999858e+00 0.000000000000000000e+00 1.361363637552553407e-01 6.862359495415379929e-01 -5.349637058594951255e-02 2.764366825212113965e-01 2.596565492712207823e-02 0.000000000000000000e+00 0.000000000000000000e+00 7.940000000000000000e+02 0.000000000000000000e+00 0.000000000000000000e+00 1.000000000000000000e+00
2.000000000000000000e+00 3.770000000000000000e+02 3.849999999999999645e+00 0.000000000000000000e+00 1.357462924756949740e-01 6.870020780521229886e-01 -5.164998723852753937e-02 2.769049677358895734e-01 2.605553321628290009e-02 0.000000000000000000e+00 0.000000000000000000e+00 7.940000000000000000e+02 0.000000000000000000e+00 0.000000000000000000e+00 1.000000000000000000e+00
2.000000000000000000e+00 3.770000000000000000e+02 3.859999999999999876e+00 0.000000000000000000e+00 1.357188267516178382e-01 6.876616807499462691e-01 -4.997660509153920017e-02 2.773116640068135075e-01 2.611118658143429805e-02 0.000000000000000000e+00 0.000000000000000000e+00 7.940000000000000000e+02 0.000000000000000000e+00 0.000000000000000000e+00 1.000000000000000000e+00
2.000000000000000000e+00 3.770000000000000000e+02 3.869999999999999662e+00 0.000000000000000000e+00 1.360538842417073346e-01 6.882226734301640780e-01 -4.847254345368928741e-02 2.776603515002159517e-01 2.613314164050378752e-02 0.000000000000000000e+00 0.000000000000000000e+00 7.940000000000000000e+02 0.000000000000000000e+00 0.000000000000000000e+00 1.000000000000000000e+00
2.000000000000000000e+00 3.770000000000000000e+02 3.879999999999999893e+00 0.000000000000000000e+00 1.367524694370449434e-01 6.886917884835853654e-01 -4.713449406297214039e-02 2.779540997283576065e-01 2.612184959991332989e-02 0.000000000000000000e+00 0.000000000000000000e+00 7.940000000000000000e+02 0.000000000000000000e+00 0.000000000000000000e+00 1.000000000000000000e+00
2.000000000000000000e+00 3.770000000000000000e+02 3.889999999999999680e+00 0.000000000000000000e+00 1.378166766725408277e-01 6.890746556911065968e-01 -4.595951380997675972e-02 2.781954945705851223e-01 2.607768914150769557e-02 0.000000000000000000e+00 0.000000000000000000e+00 7.940000000000000000e+02 0.000000000000000000e+00 0.000000000000000000e+00 1.000000000000000000e+00
2.000000000000000000e+00 3.770000000000000000e+02 3.899999999999999911e+00 0.000000000000000000e+00 1.392496964056793574e-01 6.893758697858844986e-01 -4.494501826436428371e-02 2.783866610369485350e-01 2.600096989248303070e-02 0.000000000000000000e+00 0.000000000000000000e+00 7.940000000000000000e+02 0.000000000000000000e+00 0.000000000000000000e+00 1.000000000000000000e+00
2.000000000000000000e+00 3.770000000000000000e+02 3.909999999999999698e+00 0.000000000000000000e+00 1.410558247814032162e-01 6.895990455940569364e-01 -4.408877599027863359e-02 2.785292819747633430e-01 2.589193643950878088e-02 0.000000000000000000e+00 0.000000000000000000e+00 7.940000000000000000e+02 0.000000000000000000e+00 0.000000000000000000e+00 1.000000000000000000e+00
2.000000000000000000e+00 3.770000000000000000e+02 3.919999999999999929e+00 0.000000000000000000e+00 1.432404765118115431e-01 6.897468614157384881e-01 -4.338890363818695417e-02 2.786246128827942203e-01 2.575077287050381303e-02 0.000000000000000000e+00 0.000000000000000000e+00 7.940000000000000000e+02 0.000000000000000000e+00 0.000000000000000000e+00 1.000000000000000000e+00
2.000000000000000000e+00 3.770000000000000000e+02 3.929999999999999716e+00 0.000000000000000000e+00 1.458102011092844430e-01 6.898210911669081513e-01 -4.284386180235411068e-02 2.786734929634689939e-01 2.557760784725994496e-02 0.000000000000000000e+00 0.000000000000000000e+00 7.940000000000000000e+02 0.000000000000000000e+00 0.000000000000000000e+00 1.000000000000000000e+00
2.000000000000000000e+00 3.770000000000000000e+02 3.939999999999999947e+00 0.000000000000000000e+00 1.487727025217010224e-01 6.898226256679127477e-01 -4.245245163483958584e-02 2.786763525104165584e-01 2.537252022987949995e-02 0.000000000000000000e+00 0.000000000000000000e+00 7.940000000000000000e+02 0.000000000000000000e+00 0.000000000000000000e+00 1.000000000000000000e+00
2.000000000000000000e+00 3.770000000000000000e+02 3.949999999999999734e+00 0.000000000000000000e+00 1.521368622286154715e-01 6.897514833340742113e-01 -4.221381220856881833e-02 2.786332166963617074e-01 2.513554529027335616e-02 0.000000000000000000e+00 0.000000000000000000e+00 7.940000000000000000e+02 0.000000000000000000e+00 0.000000000000000000e+00 1.000000000000000000e+00
2.000000000000000000e+00 3.770000000000000000e+02 3.959999999999999964e+00 0.000000000000000000e+00 1.559127658676343620e-01 6.896068103966866980e-01 -4.212741862367926082e-02 2.785437057947228179e-01 2.486668156714207101e-02 0.000000000000000000e+00 0.000000000000000000e+00 7.940000000000000000e+02 0.000000000000000000e+00 0.000000000000000000e+00 1.000000000000000000e+00
2.000000000000000000e+00 3.770000000000000000e+02 3.969999999999999751e+00 0.000000000000000000e+00 1.601117334708185569e-01 6.893868706570648319e-01 -4.219308085297569788e-02 2.784070318368594421e-01 2.456589842923921629e-02 0.000000000000000000e+00 0.000000000000000000e+00 7.940000000000000000e+02 0.000000000000000000e+00 0.000000000000000000e+00 1.000000000000000000e+00
2.000000000000000000e+00 3.770000000000000000e+02 3.979999999999999982e+00 0.000000000000000000e+00 1.647463534017585274e-01 6.890890246506780059e-01 -4.241094332395564659e-02 2.782219916755487854e-01 2.423314442752973197e-02 0.000000000000000000e+00 0.000000000000000000e+00 7.940000000000000000e+02 0.000000000000000000e+00 0.000000000000000000e+00 1.000000000000000000e+00
2.000000000000000000e+00 3.770000000000000000e+02 3.989999999999999769e+00 0.000000000000000000e+00 1.698305200950649130e-01 6.887096979713227540e-01 -4.278148523648500623e-02 2.779869563936246402e-01 2.386835653026724013e-02 0.000000000000000000e+00 0.000000000000000000e+00 7.940000000000000000e+02 0.000000000000000000e+00 0.000000000000000000e+00 1.000000000000000000e+00
2.000000000000000000e+00 3.770000000000000000e+02 4.000000000000000000e+00 0.000000000000000000e+00 1.753794757114158498e-01 6.882443383752006039e-01 -4.330552161682327261e-02 2.776998569645423021e-01 2.347147034811915278e-02 0.000000000000000000e+00 0.000000000000000000e+00 7.940000000000000000e+02 0.000000000000000000e+00 0.000000000000000000e+00 1.000000000000000000e+00
2.000000000000000000e+00 3.770000000000000000e+02 4.009999999999999787e+00 0.000000000000000000e+00 1.814098558330418942e-01 6.876873611501074235e-01 -4.398420511031624069e-02 2.773581660386434389e-01 2.304243146926523989e-02 0.000000000000000000e+00 0.000000000000000000e+00 7.940000000000000000e+02 0.000000000000000000e+00 0.000000000000000000e+00 1.000000000000000000e+00
2.000000000000000000e+00 3.770000000000000000e+02 4.019999999999999574e+00 0.000000000000000000e+00 1.879397393366418201e-01 6.870320820941213658e-01 -4.481902851669958276e-02 2.769588756947772290e-01 2.258120803680964406e-02 0.000000000000000000e+00 0.000000000000000000e+00 7.940000000000000000e+02 0.000000000000000000e+00 0.000000000000000000e+00 1.000000000000000000e+00
2.000000000000000000e+00 3.770000000000000000e+02 4.030000000000000249e+00 0.000000000000000000e+00 1.949887025932464935e-01 6.862706372994783477e-01 -4.581182807358964715e-02 2.764984709614318747e-01 2.208780471266098833e-02 0.000000000000000000e+00 0.000000000000000000e+00 7.940000000000000000e+02 0.000000000000000000e+00 0.000000000000000000e+00 1.000000000000000000e+00
2.000000000000000000e+00 3.770000000000000000e+02 4.040000000000000036e+00 0.000000000000000000e+00 2.025778781575208465e-01 6.853938887789677858e-01 -4.696478749538399167e-02 2.759728988742755629e-01 2.156227818291568676e-02 0.000000000000000000e+00 0.000000000000000000e+00 7.940000000000000000e+02 0.000000000000000000e+00 0.000000000000000000e+00 1.000000000000000000e+00
2.000000000000000000e+00 3.770000000000000000e+02 4.049999999999999822e+00 0.000000000000000000e+00 2.107300181224514291e-01 6.843913148022899851e-01 -4.828044277645490712e-02 2.753775327977227572e-01 2.100475436918426697e-02 0.000000000000000000e+00 0.000000000000000000e+00 7.940000000000000000e+02 0.000000000000000000e+00 0.000000000000000000e+00 1.000000000000000000e+00
2.000000000000000000e+00 3.770000000000000000e+02 4.059999999999999609e+00 0.000000000000000000e+00 2.194695623293557718e-01 6.832508836263158081e-01 -4.976168776920139591e-02 2.747071316964458387e-01 2.041544751746274255e-02 0.000000000000000000e+00 0.000000000000000000e+00 7.940000000000000000e+02 0.000000000000000000e+00 0.000000000000000000e+00 1.000000000000000000e+00
2.000000000000000000e+00 3.770000000000000000e+02 4.070000000000000284e+00 0.000000000000000000e+00 2.288227116377042070e-01 6.819589091039026663e-01 -5.141178054922841689e-02 2.739557939982957269e-01 1.979468133999054413e-02 0.000000000000000000e+00 0.000000000000000000e+00 7.940000000000000000e+02 0.000000000000000000e+00 0.000000000000000000e+00 1.000000000000000000e+00
2.000000000000000000e+00 3.770000000000000000e+02 4.080000000000000071e+00 0.000000000000000000e+00 2.388175064744152143e-01 6.804998864384519397e-01 -5.323435058165401634e-02 2.731169056424882502e-01 1.914291238457016542e-02 0.000000000000000000e+00 0.000000000000000000e+00 7.940000000000000000e+02 0.000000000000000000e+00 0.000000000000000000e+00 1.000000000000000000e+00
2.000000000000000000e+00 3.770000000000000000e+02 4.089999999999999858e+00 0.000000000000000000e+00 2.494839108981114495e-01 6.788563061131205334e-01 -5.523340670430719468e-02 2.721830818557183229e-01 1.846075579803355127e-02 0.000000000000000000e+00 0.000000000000000000e+00 7.940000000000000000e+02 0.000000000000000000e+00 0.000000000000000000e+00 1.000000000000000000e+00
2.000000000000000000e+00 3.770000000000000000e+02 4.099999999999999645e+00 0.000000000000000000e+00 2.608539024303597742e-01 6.770084437616806783e-01 -5.741334594537578218e-02 2.711461021436559204e-01 1.774901363322799186e-02 0.000000000000000000e+00 0.000000000000000000e+00 7.940000000000000000e+02 0.000000000000000000e+00 0.000000000000000000e+00 1.000000000000000000e+00
2.000000000000000000e+00 3.770000000000000000e+02 4.109999999999999432e+00 0.000000000000000000e+00 2.729615679232045289e-01 6.749341234592948213e-01 -5.977896319489908739e-02 2.699968379255515694e-01 1.700870581844515783e-02 0.000000000000000000e+00 0.000000000000000000e+00 7.940000000000000000e+02 0.000000000000000000e+00 0.000000000000000000e+00 1.000000000000000000e+00
2.000000000000000000e+00 3.770000000000000000e+02 4.120000000000000107e+00 0.000000000000000000e+00 2.858432057504031176e-01 6.726084515924962703e-01 -6.233546175137875955e-02 2.687251721749147615e-01 1.624110385985168270e-02 0.000000000000000000e+00 0.000000000000000000e+00 7.940000000000000000e+02 0.000000000000000000e+00 0.000000000000000000e+00 1.000000000000000000e+00
2.000000000000000000e+00 3.770000000000000000e+02 4.129999999999999893e+00 0.000000000000000000e+00 2.995374346287295042e-01 6.700035181145902463e-01 -6.508846476670505921e-02 2.673199103588571046e-01 1.544776727487108536e-02 0.000000000000000000e+00 0.000000000000000000e+00 7.940000000000000000e+02 0.000000000000000000e+00 0.000000000000000000e+00 1.000000000000000000e+00
2.000000000000000000e+00 3.770000000000000000e+02 4.139999999999999680e+00 0.000000000000000000e+00 3.140853093955874309e-01 6.670880616012784259e-01 -6.804402761457276072e-02 2.657686818920986793e-01 1.463058264931453578e-02 0.000000000000000000e+00 0.000000000000000000e+00 7.940000000000000000e+02 0.000000000000000000e+00 0.000000000000000000e+00 1.000000000000000000e+00
2.000000000000000000e+00 3.770000000000000000e+02 4.149999999999999467e+00 0.000000000000000000e+00 3.295304440900314047e-01 6.638270940868953307e-01 -7.120865120959131433e-02 2.640578312381280934e-01 1.379180506250669153e-02 0.000000000000000000e+00 0.000000000000000000e+00 7.940000000000000000e+02 0.000000000000000000e+00 0.000000000000000000e+00 1.000000000000000000e+00
2.000000000000000000e+00 3.770000000000000000e+02 4.160000000000000142e+00 0.000000000000000000e+00 3.459191427061886204e-01 6.601814811789682436e-01 -7.458929630638552744e-02 2.621722976988782317e-01 1.293410141857122969e-02 0.000000000000000000e+00 0.000000000000000000e+00 7.940000000000000000e+02 0.000000000000000000e+00 0.000000000000000000e+00 1.000000000000000000e+00
2.000000000000000000e+00 3.770000000000000000e+02 4.169999999999999929e+00 0.000000000000000000e+00 3.633005380110750915e-01 6.561074724121165325e-01 -7.819339881013831484e-02 2.600954828346994652e-01 1.206059494019948858e-02 0.000000000000000000e+00 0.000000000000000000e+00 7.940000000000000000e+02 0.000000000000000000e+00 0.000000000000000000e+00 1.000000000000000000e+00
2.000000000000000000e+00 3.770000000000000000e+02 4.179999999999999716e+00 0.000000000000000000e+00 3.817267388429781971e-01 6.515561762051407246e-01 -8.202888613225213510e-02 2.578091043475209676e-01 1.117490970026088076e-02 0.000000000000000000e+00 0.000000000000000000e+00 7.940000000000000000e+02 0.000000000000000000e+00 0.000000000000000000e+00 1.000000000000000000e+00
2.000000000000000000e+00 3.770000000000000000e+02 4.189999999999999503e+00 0.000000000000000000e+00 4.012529863320004608e-01 6.464729731203313623e-01 -8.610419462710341976e-02 2.552930351409289922e-01 1.028121355699681411e-02 0.000000000000000000e+00 0.000000000000000000e+00 7.940000000000000000e+02 0.000000000000000000e+00 0.000000000000000000e+00 1.000000000000000000e+00
2.000000000000000000e+00 3.770000000000000000e+02 4.200000000000000178e+00 0.000000000000000000e+00 4.219378195111088137e-01 6.407968603836153854e-01 -9.042828814824423189e-02 2.525251261403985148e-01 9.384257183519345569e-03 0.000000000000000000e+00 0.000000000000000000e+00 7.940000000000000000e+02 0.000000000000000000e+00 0.000000000000000000e+00 1.000000000000000000e+00
2.000000000000000000e+00 3.770000000000000000e+02 4.209999999999999964e+00 0.000000000000000000e+00 4.438432508141859079e-01 6.344597197992182247e-01 -9.501067776486549210e-02 2.494810113139575014e-01 8.489405997370677581e-03 0.000000000000000000e+00 0.000000000000000000e+00 7.940000000000000000e+02 0.000000000000000000e+00 0.000000000000000000e+00 1.000000000000000000e+00
2.000000000000000000e+00 3.770000000000000000e+02 4.219999999999999751e+00 0.000000000000000000e+00 4.670349519872200039e-01 6.273855002731956176e-01 -9.986144268188962281e-02 2.461338931768719818e-01 7.602660649034150009e-03 0.000000000000000000e+00 0.000000000000000000e+00 7.940000000000000000e+02 0.000000000000000000e+00 0.000000000000000000e+00 1.000000000000000000e+00
2.000000000000000000e+00 3.770000000000000000e+02 4.229999999999999538e+00 0.000000000000000000e+00 4.915824509699903144e-01 6.194893051354174451e-01 -1.049912524097074973e-01 2.424543068921380662e-01 6.730660262913544523e-03 0.000000000000000000e+00 0.000000000000000000e+00 7.940000000000000000e+02 0.000000000000000000e+00 0.000000000000000000e+00 1.000000000000000000e+00
2.000000000000000000e+00 3.770000000000000000e+02 4.240000000000000213e+00 0.000000000000000000e+00 5.175593403384906033e-01 6.106763733070946776e-01 -1.104113902323226870e-01 2.384098608901486227e-01 5.880660786458491440e-03 0.000000000000000000e+00 0.000000000000000000e+00 7.940000000000000000e+02 0.000000000000000000e+00 0.000000000000000000e+00 1.000000000000000000e+00
2.000000000000000000e+00 3.770000000000000000e+02 4.250000000000000000e+00 0.000000000000000000e+00 5.450434979329958907e-01 6.008409420869770257e-01 -1.161337780255234098e-01 2.339649517241954579e-01 5.060478557637242136e-03 0.000000000000000000e+00 0.000000000000000000e+00 7.940000000000000000e+02 0.000000000000000000e+00 0.000000000000000000e+00 1.000000000000000000e+00
2.000000000000000000e+00 3.770000000000000000e+02 4.259999999999999787e+00 0.000000000000000000e+00 5.741173203332070596e-01 5.898649779087046241e-01 -1.221710024796696659e-01 2.290804506516687655e-01 4.278386563789943892e-03 0.000000000000000000e+00 0.000000000000000000e+00 7.940000000000000000e+02 0.000000000000000000e+00 0.000000000000000000e+00 1.000000000000000000e+00
2.000000000000000000e+00 3.770000000000000000e+02 4.269999999999999574e+00 0.000000000000000000e+00 6.048679698804253491e-01 5.776167598373006529e-01 -1.285363427847751594e-01 2.237133591819108480e-01 3.542947964321127574e-03 0.000000000000000000e+00 0.000000000000000000e+00 7.940000000000000000e+02 0.000000000000000000e+00 0.000000000000000000e+00 1.000000000000000000e+00
2.000000000000000000e+00 3.770000000000000000e+02 4.280000000000000249e+00 0.000000000000000000e+00 6.373876359873169584e-01 5.639492988055685441e-01 -1.352437998387782669e-01 2.178164305584991689e-01 2.862768637878706363e-03 0.000000000000000000e+00 0.000000000000000000e+00 7.940000000000000000e+02 0.000000000000000000e+00 0.000000000000000000e+00 1.000000000000000000e+00
2.000000000000000000e+00 3.770000000000000000e+02 4.290000000000000036e+00 0.000000000000000000e+00 6.717738115186722148e-01 5.486985736198700669e-01 -1.423081270432471901e-01 2.113377538438463710e-01 2.246148563191666808e-03 0.000000000000000000e+00 0.000000000000000000e+00 7.940000000000000000e+02 0.000000000000000000e+00 0.000000000000000000e+00 1.000000000000000000e+00
2.000000000000000000e+00 3.770000000000000000e+02 4.299999999999999822e+00 0.000000000000000000e+00 7.081295850717330698e-01 5.316815625658579680e-01 -1.497448627542559696e-01 2.042202969447967642e-01 1.700612271321538804e-03 0.000000000000000000e+00 0.000000000000000000e+00 7.940000000000000000e+02 0.000000000000000000e+00 0.000000000000000000e+00 1.000000000000000000e+00
2.000000000000000000e+00 3.770000000000000000e+02 4.309999999999999609e+00 0.000000000000000000e+00 7.465639500323384414e-01 5.126940469917470322e-01 -1.575703644598090147e-01 1.964014045564513866e-01 1.232304203484697880e-03 0.000000000000000000e+00 0.000000000000000000e+00 7.940000000000000000e+02 0.000000000000000000e+00 0.000000000000000000e+00 1.000000000000000000e+00
2.000000000000000000e+00 3.770000000000000000e+02 4.320000000000000284e+00 0.000000000000000000e+00 7.871921313334286907e-01 4.915081605102503692e-01 -1.658018447589889310e-01 1.878122466045980266e-01 8.452503665161304608e-04 0.000000000000000000e+00 0.000000000000000000e+00 7.940000000000000000e+02 0.000000000000000000e+00 0.000000000000000000e+00 1.000000000000000000e+00
2.000000000000000000e+00 3.770000000000000000e+02 4.330000000000000071e+00 0.000000000000000000e+00 8.301359308955160721e-01 4.678696544075133246e-01 -1.744574092219658423e-01 1.783772123313590585e-01 5.405208073509647909e-04 0.000000000000000000e+00 0.000000000000000000e+00 7.940000000000000000e+02 0.000000000000000000e+00 0.000000000000000000e+00 1.000000000000000000e+00
2.000000000000000000e+00 3.770000000000000000e+02 4.339999999999999858e+00 0.000000000000000000e+00 8.755240927847460775e-01 4.414948464416193485e-01 -1.835560962141430941e-01 1.680132446901647647e-01 3.153887066345098002e-04 0.000000000000000000e+00 0.000000000000000000e+00 7.940000000000000000e+02 0.000000000000000000e+00 0.000000000000000000e+00 1.000000000000000000e+00
2.000000000000000000e+00 3.770000000000000000e+02 4.349999999999999645e+00 0.000000000000000000e+00 9.234926891832739848e-01 4.120672164136455762e-01 -1.931179187720348245e-01 1.566291091907003885e-01 1.626819981131320987e-04 0.000000000000000000e+00 0.000000000000000000e+00 7.940000000000000000e+02 0.000000000000000000e+00 0.000000000000000000e+00 1.000000000000000000e+00
2.000000000000000000e+00 3.770000000000000000e+02 4.360000000000000320e+00 0.000000000000000000e+00 9.741855283290901113e-01 3.792336076552161317e-01 -2.031639086229832525e-01 1.441245907574345286e-01 7.066105891546004165e-05 0.000000000000000000e+00 0.000000000000000000e+00 7.940000000000000000e+02 0.000000000000000000e+00 0.000000000000000000e+00 1.000000000000000000e+00
2.000000000000000000e+00 3.770000000000000000e+02 4.370000000000000107e+00 0.000000000000000000e+00 1.027754585648277263e+00 3.425999888471635835e-01 -2.137161624455400921e-01 1.303896115316370841e-01 2.388386967414659603e-05 0.000000000000000000e+00 0.000000000000000000e+00 7.940000000000000000e+02 0.000000000000000000e+00 0.000000000000000000e+00 1.000000000000000000e+00
2.000000000000000000e+00 3.770000000000000000e+02 4.379999999999999893e+00 0.000000000000000000e+00 1.084360459372224694e+00 3.017267253075070488e-01 -2.247978904722628124e-01 1.153032618508572638e-01 5.474969645018109557e-06 0.000000000000000000e+00 0.000000000000000000e+00 7.940000000000000000e+02 0.000000000000000000e+00 0.000000000000000000e+00 1.000000000000000000e+00
2.000000000000000000e+00 3.770000000000000000e+02 4.389999999999999680e+00 0.000000000000000000e+00 1.144172852005724383e+00 2.561233030001655031e-01 -2.364334675418319487e-01 9.873273587552773567e-02 6.535808815930420443e-07 0.000000000000000000e+00 0.000000000000000000e+00 7.940000000000000000e+02 0.000000000000000000e+00 0.000000000000000000e+00 1.000000000000000000e+00
2.000000000000000000e+00 3.770000000000000000e+02 4.399999999999999467e+00 0.000000000000000000e+00 1.207371079089365917e+00 2.052424419480123607e-01 -2.486484867127795872e-01 8.053216249296800411e-02 2.268345203441517746e-08 0.000000000000000000e+00 0.000000000000000000e+00 7.940000000000000000e+02 0.000000000000000000e+00 0.000000000000000000e+00 1.000000000000000000e+00
2.000000000000000000e+00 3.770000000000000000e+02 4.410000000000000142e+00 0.000000000000000000e+00 1.274144606781498323e+00 1.484735284062032312e-01 -2.614698155567564131e-01 6.054132120717867216e-02 4.612306196786063553e-11 0.000000000000000000e+00 0.000000000000000000e+00 7.940000000000000000e+02 0.000000000000000000e+00 0.000000000000000000e+00 1.000000000000000000e+00
2.000000000000000000e+00 3.770000000000000000e+02 4.419999999999999929e+00 0.000000000000000000e+00 1.344693619871394352e+00 8.513528697625408204e-02 -2.749256552551564425e-01 3.858423171034568167e-02 7.035058435015940373e-18 0.000000000000000000e+00 0.000000000000000000e+00 7.940000000000000000e+02 0.000000000000000000e+00 0.000000000000000000e+00 1.000000000000000000e+00
2.000000000000000000e+00 3.770000000000000000e+02 4.429999999999999716e+00 0.000000000000000000e+00 1.419229621926515250e+00 1.446760471998651335e-02 -2.890456026290861846e-01 1.446760471998651681e-02 4.546729013788994764e-78 1.000000000000000000e+00 1.000000000000000000e+00 7.940000000000000000e+02 0.000000000000000000e+00 0.000000000000000000e+00 1.000000000000000000e+00
2.000000000000000000e+00 3.770000000000000000e+02 4.439999999999999503e+00 0.000000000000000000e+00 1.345304643524185551e+00 8.513497925426685708e-02 -2.748236699892663282e-01 3.858371135114040812e-02 6.914700128109817586e-18 0.000000000000000000e+00 0.000000000000000000e+00 7.940000000000000000e+02 0.000000000000000000e+00 0.000000000000000000e+00 1.000000000000000000e+00
2.000000000000000000e+00 3.770000000000000000e+02 4.450000000000000178e+00 0.000000000000000000e+00 1.275368485915432615e+00 1.484724629031615728e-01 -2.612656207030658040e-01 6.053979097151766103e-02 4.520762154717623487e-11 0.000000000000000000e+00 0.000000000000000000e+00 7.940000000000000000e+02 0.000000000000000000e+00 0.000000000000000000e+00 1.000000000000000000e+00
2.000000000000000000e+00 3.770000000000000000e+02 4.459999999999999964e+00 0.000000000000000000e+00 1.209211482852906361e+00 2.052401595108298282e-01 -2.483416331340593530e-01 8.052912397361133845e-02 2.219470193537374080e-08 0.000000000000000000e+00 0.000000000000000000e+00 7.940000000000000000e+02 0.000000000000000000e+00 0.000000000000000000e+00 1.000000000000000000e+00
2.000000000000000000e+00 3.770000000000000000e+02 4.469999999999999751e+00 0.000000000000000000e+00 1.146635297867429459e+00 2.561193298715076505e-01 -2.360232802976341138e-01 9.872767738774368418e-02 6.385686189418654816e-07 0.000000000000000000e+00 0.000000000000000000e+00 7.940000000000000000e+02 0.000000000000000000e+00 0.000000000000000000e+00 1.000000000000000000e+00
2.000000000000000000e+00 3.770000000000000000e+02 4.479999999999999538e+00 0.000000000000000000e+00 1.087452329661933170e+00 3.017205674402992921e-01 -2.242834673343534757e-01 1.152956539280379916e-01 5.341926320111289352e-06 0.000000000000000000e+00 0.000000000000000000e+00 7.940000000000000000e+02 0.000000000000000000e+00 0.000000000000000000e+00 1.000000000000000000e+00
2.000000000000000000e+00 3.770000000000000000e+02 4.490000000000000213e+00 0.000000000000000000e+00 1.031485149689084224e+00 3.425911259756046490e-01 -2.130963719134015000e-01 1.303789022643793150e-01 2.327223974676043876e-05 0.000000000000000000e+00 0.000000000000000000e+00 7.940000000000000000e+02 0.000000000000000000e+00 0.000000000000000000e+00 1.000000000000000000e+00
2.000000000000000000e+00 3.770000000000000000e+02 4.500000000000000000e+00 0.000000000000000000e+00 9.785659702264666304e-01 3.792214870511445568e-01 -2.024373874350193780e-01 1.441102009350550828e-01 6.875837465275969757e-05 0.000000000000000000e+00 0.000000000000000000e+00 7.940000000000000000e+02 0.000000000000000000e+00 0.000000000000000000e+00 1.000000000000000000e+00
2.000000000000000000e+00 3.770000000000000000e+02 4.509999999999999787e+00 0.000000000000000000e+00 9.285361413546389109e-01 4.120512462533302278e-01 -1.922830689070063326e-01 1.566104272024179123e-01 1.580822414913032273e-04 0.000000000000000000e+00 0.000000000000000000e+00 7.940000000000000000e+02 0.000000000000000000e+00 0.000000000000000000e+00 1.000000000000000000e+00
2.000000000000000000e+00 3.770000000000000000e+02 4.519999999999999574e+00 0.000000000000000000e+00 8.812456753300104140e-01 4.414743887033696912e-01 -1.826110813762364671e-01 1.679896211410613072e-01 3.060330438157225774e-04 0.000000000000000000e+00 0.000000000000000000e+00 7.940000000000000000e+02 0.000000000000000000e+00 0.000000000000000000e+00 1.000000000000000000e+00
2.000000000000000000e+00 3.770000000000000000e+02 4.530000000000000249e+00 0.000000000000000000e+00 8.365527969266353114e-01 4.678440172148748966e-01 -1.734001508017648796e-01 1.783479543257264766e-01 5.237082145947242681e-04 0.000000000000000000e+00 0.000000000000000000e+00 7.940000000000000000e+02 0.000000000000000000e+00 0.000000000000000000e+00 1.000000000000000000e+00
2.000000000000000000e+00 3.770000000000000000e+02 4.540000000000000036e+00 0.000000000000000000e+00 7.943235183988539561e-01 4.914765898288966373e-01 -1.646300172614648394e-01 1.877766116463446822e-01 8.176920432493642310e-04 0.000000000000000000e+00 0.000000000000000000e+00 7.940000000000000000e+02 0.000000000000000000e+00 0.000000000000000000e+00 1.000000000000000000e+00
2.000000000000000000e+00 3.770000000000000000e+02 4.549999999999999822e+00 0.000000000000000000e+00 7.544312377905402212e-01 5.126557175804244970e-01 -1.562813903892729950e-01 1.963585940128741991e-01 1.190198153591507518e-03 0.000000000000000000e+00 0.000000000000000000e+00 7.940000000000000000e+02 0.000000000000000000e+00 0.000000000000000000e+00 1.000000000000000000e+00
2.000000000000000000e+00 3.770000000000000000e+02 4.559999999999999609e+00 0.000000000000000000e+00 7.167563593866972393e-01 5.316355680727868904e-01 -1.483359069450229106e-01 2.041694490161806708e-01 1.639721713156893149e-03 0.000000000000000000e+00 0.000000000000000000e+00 7.940000000000000000e+02 0.000000000000000000e+00 0.000000000000000000e+00 1.000000000000000000e+00
2.000000000000000000e+00 3.770000000000000000e+02 4.570000000000000284e+00 0.000000000000000000e+00 6.811859351695277454e-01 5.486439157057496629e-01 -1.407760904235410004e-01 2.112779359770012300e-01 2.161874656862119645e-03 0.000000000000000000e+00 0.000000000000000000e+00 7.940000000000000000e+02 0.000000000000000000e+00 0.000000000000000000e+00 1.000000000000000000e+00
2.000000000000000000e+00 3.770000000000000000e+02 4.580000000000000071e+00 0.000000000000000000e+00 6.476133262040768557e-01 5.638848751626540645e-01 -1.335853126141618996e-01 2.177466312374502777e-01 2.750212935575330891e-03 0.000000000000000000e+00 0.000000000000000000e+00 7.940000000000000000e+02 0.000000000000000000e+00 0.000000000000000000e+00 1.000000000000000000e+00
2.000000000000000000e+00 3.770000000000000000e+02 4.589999999999999858e+00 0.000000000000000000e+00 6.159378829382926579e-01 5.775413509607690843e-01 -1.267477570261118791e-01 2.236324790234767712e-01 3.396963073621882268e-03 0.000000000000000000e+00 0.000000000000000000e+00 7.940000000000000000e+02 0.000000000000000000e+00 0.000000000000000000e+00 1.000000000000000000e+00
2.000000000000000000e+00 3.770000000000000000e+02 4.599999999999999645e+00 0.000000000000000000e+00 5.860646434590572884e-01 5.897772324615566664e-01 -1.202483840993127384e-01 2.289872927275399261e-01 4.093615250879034662e-03 0.000000000000000000e+00 0.000000000000000000e+00 7.940000000000000000e+02 0.000000000000000000e+00 0.000000000000000000e+00 1.000000000000000000e+00
2.000000000000000000e+00 3.770000000000000000e+02 4.610000000000000320e+00 0.000000000000000000e+00 5.579040487995650111e-01 6.007393606828415056e-01 -1.140728981240854145e-01 2.338582110243189460e-01 4.831382380267975479e-03 0.000000000000000000e+00 0.000000000000000000e+00 7.940000000000000000e+02 0.000000000000000000e+00 0.000000000000000000e+00 1.000000000000000000e+00
2.000000000000000000e+00 3.770000000000000000e+02 4.620000000000000107e+00 0.000000000000000000e+00 5.313716744445542428e-01 6.105592905163101936e-01 -1.082077157969904002e-01 2.382881128346627797e-01 5.601539686771746240e-03 0.000000000000000000e+00 0.000000000000000000e+00 7.940000000000000000e+02 0.000000000000000000e+00 0.000000000000000000e+00 1.000000000000000000e+00
2.000000000000000000e+00 3.770000000000000000e+02 4.629999999999999893e+00 0.000000000000000000e+00 5.063879772284508585e-01 6.193548694984574166e-01 -1.026399363436439061e-01 2.423159947907305156e-01 6.395664600332494343e-03 0.000000000000000000e+00 0.000000000000000000e+00 7.940000000000000000e+02 0.000000000000000000e+00 0.000000000000000000e+00 1.000000000000000000e+00
2.000000000000000000e+00 3.770000000000000000e+02 4.639999999999999680e+00 0.000000000000000000e+00 4.828780568676344642e-01 6.272316520815723884e-01 -9.735731314279200133e-02 2.459773145251618054e-01 7.205797056698347303e-03 0.000000000000000000e+00 0.000000000000000000e+00 7.940000000000000000e+02 0.000000000000000000e+00 0.000000000000000000e+00 1.000000000000000000e+00
2.000000000000000000e+00 3.770000000000000000e+02 4.649999999999999467e+00 0.000000000000000000e+00 4.607714314119084054e-01 6.342841663772271765e-01 -9.234822678922817440e-02 2.493043028062698896e-01 8.024538285729701514e-03 0.000000000000000000e+00 0.000000000000000000e+00 7.940000000000000000e+02 0.000000000000000000e+00 0.000000000000000000e+00 1.000000000000000000e+00
2.000000000000000000e+00 3.770000000000000000e+02 4.660000000000000142e+00 0.000000000000000000e+00 4.400018259419840039e-01 6.405970485742666920e-01 -8.760165953630588698e-02 2.523262472669979828e-01 8.845103338246403102e-03 0.000000000000000000e+00 0.000000000000000000e+00 7.940000000000000000e+02 0.000000000000000000e+00 0.000000000000000000e+00 1.000000000000000000e+00
2.000000000000000000e+00 3.770000000000000000e+02 4.669999999999999929e+00 0.000000000000000000e+00 4.205069738795033096e-01 6.462460586452893896e-01 -8.310717106183010405e-02 2.550697502253172488e-01 9.661339709380892260e-03 0.000000000000000000e+00 0.000000000000000000e+00 7.940000000000000000e+02 0.000000000000000000e+00 0.000000000000000000e+00 1.000000000000000000e+00
2.000000000000000000e+00 3.770000000000000000e+02 4.679999999999999716e+00 0.000000000000000000e+00 4.022284303139317951e-01 6.512989895309581057e-01 -7.885487550402441037e-02 2.575589628656720365e-01 1.046772179781864376e-02 0.000000000000000000e+00 0.000000000000000000e+00 7.940000000000000000e+02 0.000000000000000000e+00 0.000000000000000000e+00 1.000000000000000000e+00
2.000000000000000000e+00 3.770000000000000000e+02 4.689999999999999503e+00 0.000000000000000000e+00 3.851113967866831023e-01 6.558164807131272589e-01 -7.483541971706234031e-02 2.598157978429829207e-01 1.125932871736978758e-02 0.000000000000000000e+00 0.000000000000000000e+00 7.940000000000000000e+02 0.000000000000000000e+00 0.000000000000000000e+00 1.000000000000000000e+00
2.000000000000000000e+00 3.770000000000000000e+02 4.700000000000000178e+00 0.000000000000000000e+00 3.691045570071843085e-01 6.598527459403651374e-01 -7.103996269833542931e-02 2.618601221807688728e-01 1.203181116219629448e-02 0.000000000000000000e+00 0.000000000000000000e+00 7.940000000000000000e+02 0.000000000000000000e+00 0.000000000000000000e+00 1.000000000000000000e+00
2.000000000000000000e+00 3.770000000000000000e+02 4.709999999999999964e+00 0.000000000000000000e+00 3.541599230083629646e-01 6.634562238391938926e-01 -6.746015614220696177e-02 2.637099321614823078e-01 1.278135158273729921e-02 0.000000000000000000e+00 0.000000000000000000e+00 7.940000000000000000e+02 0.000000000000000000e+00 0.000000000000000000e+00 1.000000000000000000e+00
2.000000000000000000e+00 3.770000000000000000e+02 4.719999999999999751e+00 0.000000000000000000e+00 3.402326912803371184e-01 6.666701592189337999e-01 -6.408812607747831069e-02 2.653815117486215680e-01 1.350462080127139142e-02 0.000000000000000000e+00 0.000000000000000000e+00 7.940000000000000000e+02 0.000000000000000000e+00 0.000000000000000000e+00 1.000000000000000000e+00
2.000000000000000000e+00 3.770000000000000000e+02 4.729999999999999538e+00 0.000000000000000000e+00 3.272811084509995028e-01 6.695331220463137667e-01 -6.091645554817885777e-02 2.668895759352215014e-01 1.419873332739195887e-02 0.000000000000000000e+00 0.000000000000000000e+00 7.940000000000000000e+02 0.000000000000000000e+00 0.000000000000000000e+00 1.000000000000000000e+00
2.000000000000000000e+00 3.770000000000000000e+02 4.740000000000000213e+00 0.000000000000000000e+00 3.152663461108131671e-01 6.720794703179795437e-01 -5.793816829958431391e-02 2.682474002806229940e-01 1.486120297267258528e-02 0.000000000000000000e+00 0.000000000000000000e+00 7.940000000000000000e+02 0.000000000000000000e+00 0.000000000000000000e+00 1.000000000000000000e+00
2.000000000000000000e+00 3.770000000000000000e+02 4.750000000000000000e+00 0.000000000000000000e+00 3.041523844065465720e-01 6.743397623857687595e-01 -5.514671343358082400e-02 2.694669377758406870e-01 1.548989986621589210e-02 0.000000000000000000e+00 0.000000000000000000e+00 7.940000000000000000e+02 0.000000000000000000e+00 0.000000000000000000e+00 1.000000000000000000e+00
2.000000000000000000e+00 3.770000000000000000e+02 4.759999999999999787e+00 0.000000000000000000e+00 2.939059040549646951e-01 6.763411236830060291e-01 -5.253595099962289627e-02 2.705589240662994999e-01 1.608300960220881981e-02 0.000000000000000000e+00 0.000000000000000000e+00 7.940000000000000000e+02 0.000000000000000000e+00 0.000000000000000000e+00 1.000000000000000000e+00
2.000000000000000000e+00 3.770000000000000000e+02 4.769999999999999574e+00 0.000000000000000000e+00 2.844961864527399409e-01 6.781075722528463467e-01 -5.010013848959203597e-02 2.715329719582230683e-01 1.663899497784854242e-02 0.000000000000000000e+00 0.000000000000000000e+00 7.940000000000000000e+02 0.000000000000000000e+00 0.000000000000000000e+00 1.000000000000000000e+00
2.000000000000000000e+00 3.770000000000000000e+02 4.780000000000000249e+00 0.000000000000000000e+00 2.758950215831120767e-01 6.796603069852843459e-01 -4.783391820685056750e-02 2.723976560406144443e-01 1.715656058201055212e-02 0.000000000000000000e+00 0.000000000000000000e+00 7.940000000000000000e+02 0.000000000000000000e+00 0.000000000000000000e+00 1.000000000000000000e+00
2.000000000000000000e+00 3.770000000000000000e+02 4.790000000000000036e+00 0.000000000000000000e+00 2.680766234432078177e-01 6.810179620219229957e-01 -4.573230548170867382e-02 2.731605881677622860e-01 1.763462035384533166e-02 0.000000000000000000e+00 0.000000000000000000e+00 7.940000000000000000e+02 0.000000000000000000e+00 0.000000000000000000e+00 1.000000000000000000e+00
2.000000000000000000e+00 3.770000000000000000e+02 4.799999999999999822e+00 0.000000000000000000e+00 2.610175527384716032e-01 6.821968303815709733e-01 -4.379067770738327703e-02 2.738284844667499551e-01 1.807226813222304052e-02 0.000000000000000000e+00 0.000000000000000000e+00 7.940000000000000000e+02 0.000000000000000000e+00 0.000000000000000000e+00 1.000000000000000000e+00
2.000000000000000000e+00 3.770000000000000000e+02 4.809999999999999609e+00 0.000000000000000000e+00 2.546966466124491180e-01 6.832110594903700873e-01 -4.200476417233348081e-02 2.744072244598347310e-01 1.846875115096525966e-02 0.000000000000000000e+00 0.000000000000000000e+00 7.940000000000000000e+02 0.000000000000000000e+00 0.000000000000000000e+00 1.000000000000000000e+00
2.000000000000000000e+00 3.770000000000000000e+02 4.820000000000000284e+00 0.000000000000000000e+00 2.490949552012558521e-01 6.840728209629794998e-01 -4.037063666660783978e-02 2.749019028221567074e-01 1.882344639297489630e-02 0.000000000000000000e+00 0.000000000000000000e+00 7.940000000000000000e+02 0.000000000000000000e+00 0.000000000000000000e+00 1.000000000000000000e+00
2.000000000000000000e+00 3.770000000000000000e+02 4.830000000000000071e+00 0.000000000000000000e+00 2.441956848225227961e-01 6.847924566723369022e-01 -3.888470084154163620e-02 2.753168742304015204e-01 1.913583969255804040e-02 0.000000000000000000e+00 0.000000000000000000e+00 7.940000000000000000e+02 0.000000000000000000e+00 0.000000000000000000e+00 1.000000000000000000e+00
2.000000000000000000e+00 3.770000000000000000e+02 4.839999999999999858e+00 0.000000000000000000e+00 2.399841476285016206e-01 6.853786028609571979e-01 -3.754368830379961608e-02 2.756557916972216526e-01 1.940550746477608113e-02 0.000000000000000000e+00 0.000000000000000000e+00 7.940000000000000000e+02 0.000000000000000000e+00 0.000000000000000000e+00 1.000000000000000000e+00
2.000000000000000000e+00 3.770000000000000000e+02 4.849999999999999645e+00 0.000000000000000000e+00 2.364477175723913582e-01 6.858382937832111503e-01 -3.634464942637445628e-02 2.759216387288782601e-01 1.963210094009880391e-02 0.000000000000000000e+00 0.000000000000000000e+00 7.940000000000000000e+02 0.000000000000000000e+00 0.000000000000000000e+00 1.000000000000000000e+00
2.000000000000000000e+00 3.770000000000000000e+02 4.860000000000000320e+00 0.000000000000000000e+00 2.335757925558751003e-01 6.861770461223801743e-01 -3.528494686072822240e-02 2.761167555891846925e-01 1.981533278936736808e-02 0.000000000000000000e+00 0.000000000000000000e+00 7.940000000000000000e+02 0.000000000000000000e+00 0.000000000000000000e+00 1.000000000000000000e+00
2.000000000000000000e+00 3.770000000000000000e+02 4.870000000000000107e+00 0.000000000000000000e+00 2.313597626443857358e-01 6.863989251955624482e-01 -3.436224973580682268e-02 2.762428599009587038e-01 1.995496603621019216e-02 0.000000000000000000e+00 0.000000000000000000e+00 7.940000000000000000e+02 0.000000000000000000e+00 0.000000000000000000e+00 1.000000000000000000e+00
2.000000000000000000e+00 3.770000000000000000e+02 4.879999999999999893e+00 0.000000000000000000e+00 2.297929842548120383e-01 6.865065937409459140e-01 -3.357452853116751901e-02 2.763010617663356205e-01 2.005080517020751962e-02 0.000000000000000000e+00 0.000000000000000000e+00 7.940000000000000000e+02 0.000000000000000000e+00 0.000000000000000000e+00 1.000000000000000000e+00
2.000000000000000000e+00 3.770000000000000000e+02 4.889999999999999680e+00 0.000000000000000000e+00 2.288707602382599182e-01 6.865013438729400397e-01 -3.292005061294293183e-02 2.762918735390497704e-01 2.010268939326931292e-02 0.000000000000000000e+00 0.000000000000000000e+00 7.940000000000000000e+02 0.000000000000000000e+00 0.000000000000000000e+00 1.000000000000000000e+00
2.000000000000000000e+00 3.770000000000000000e+02 4.899999999999999467e+00 0.000000000000000000e+00 2.285903257981581338e-01 6.863831125886485918e-01 -3.239737642282247698e-02 2.762152143347080813e-01 2.011048795319000937e-02 0.000000000000000000e+00 0.000000000000000000e+00 7.940000000000000000e+02 0.000000000000000000e+00 0.000000000000000000e+00 1.000000000000000000e+00
2.000000000000000000e+00 3.770000000000000000e+02 4.910000000000000142e+00 0.000000000000000000e+00 2.289508402014909794e-01 6.861504810117849962e-01 -3.200535631166875894e-02 2.760704093187609787e-01 2.007409754168414107e-02 0.000000000000000000e+00 0.000000000000000000e+00 7.940000000000000000e+02 0.000000000000000000e+00 0.000000000000000000e+00 1.000000000000000000e+00
2.000000000000000000e+00 3.770000000000000000e+02 4.919999999999999929e+00 0.000000000000000000e+00 2.299533842583095233e-01 6.858006573649413351e-01 -3.174312801080439450e-02 2.758561837659021521e-01 1.999344175907488697e-02 0.000000000000000000e+00 0.000000000000000000e+00 7.940000000000000000e+02 0.000000000000000000e+00 0.000000000000000000e+00 1.000000000000000000e+00
2.000000000000000000e+00 3.770000000000000000e+02 4.929999999999999716e+00 0.000000000000000000e+00 2.316009635619630525e-01 6.853294434658819823e-01 -3.161011473540702166e-02 2.755706518386024095e-01 1.986847267399016737e-02 0.000000000000000000e+00 0.000000000000000000e+00 7.940000000000000000e+02 0.000000000000000000e+00 0.000000000000000000e+00 1.000000000000000000e+00
2.000000000000000000e+00 3.770000000000000000e+02 4.939999999999999503e+00 0.000000000000000000e+00 2.338985174997673666e-01 6.847311843457722924e-01 -3.160602391584110132e-02 2.752112999859943065e-01 1.969917453375769067e-02 0.000000000000000000e+00 0.000000000000000000e+00 7.940000000000000000e+02 0.000000000000000000e+00 0.000000000000000000e+00 1.000000000000000000e+00
2.000000000000000000e+00 3.770000000000000000e+02 4.950000000000000178e+00 0.000000000000000000e+00 2.368529340611216782e-01 6.839987003847285418e-01 -3.173084655413567490e-02 2.747749648169662273e-01 1.948556970956183410e-02 0.000000000000000000e+00 0.000000000000000000e+00 7.940000000000000000e+02 0.000000000000000000e+00 0.000000000000000000e+00 1.000000000000000000e+00
2.000000000000000000e+00 3.770000000000000000e+02 4.959999999999999964e+00 0.000000000000000000e+00 2.404730704874686875e-01 6.831232011502526014e-01 -3.198485720419284861e-02 2.742578052526834509e-01 1.922772698966163096e-02 0.000000000000000000e+00 0.000000000000000000e+00 7.940000000000000000e+02 0.000000000000000000e+00 0.000000000000000000e+00 1.000000000000000000e+00
2.000000000000000000e+00 3.770000000000000000e+02 4.969999999999999751e+00 0.000000000000000000e+00 2.447697798260069502e-01 6.820941799045436849e-01 -3.236861457568351863e-02 2.736552687133915196e-01 1.892577236384543338e-02 0.000000000000000000e+00 0.000000000000000000e+00 7.940000000000000000e+02 0.000000000000000000e+00 0.000000000000000000e+00 1.000000000000000000e+00
2.000000000000000000e+00 3.770000000000000000e+02 4.979999999999999538e+00 0.000000000000000000e+00 2.497559434667608325e-01 6.808992875146790968e-01 -3.288296276295828158e-02 2.729620510418446222e-01 1.857990247244149795e-02 0.000000000000000000e+00 0.000000000000000000e+00 7.940000000000000000e+02 0.000000000000000000e+00 0.000000000000000000e+00 1.000000000000000000e+00
2.000000000000000000e+00 3.770000000000000000e+02 4.990000000000000213e+00 0.000000000000000000e+00 2.554465097605543855e-01 6.795241842524821774e-01 -3.352903310167708317e-02 2.721720498105623665e-01 1.819040092303154943e-02 0.000000000000000000e+00 0.000000000000000000e+00 7.940000000000000000e+02 0.000000000000000000e+00 0.000000000000000000e+00 1.000000000000000000e+00
2.000000000000000000e+00 3.770000000000000000e+02 5.000000000000000000e+00 0.000000000000000000e+00 2.618585388336643338e-01 6.779523677055506736e-01 -3.430824665724097056e-02 2.712783106018757939e-01 1.775765770662959819e-02 0.000000000000000000e+00 0.000000000000000000e+00 7.940000000000000000e+02 0.000000000000000000e+00 0.000000000000000000e+00 1.000000000000000000e+00
2.000000000000000000e+00 3.770000000000000000e+02 5.009999999999999787e+00 0.000000000000000000e+00 2.690112537335045961e-01 6.761649747342272088e-01 -3.522231735049952128e-02 2.702729657878645275e-01 1.728219197112743077e-02 0.000000000000000000e+00 0.000000000000000000e+00 7.940000000000000000e+02 0.000000000000000000e+00 0.000000000000000000e+00 1.000000000000000000e+00
2.000000000000000000e+00 3.770000000000000000e+02 5.019999999999999574e+00 0.000000000000000000e+00 2.769260980586753518e-01 6.741405550978283312e-01 -3.627325572760917161e-02 2.691471652712616458e-01 1.676467843128223723e-02 0.000000000000000000e+00 0.000000000000000000e+00 7.940000000000000000e+02 0.000000000000000000e+00 0.000000000000000000e+00 1.000000000000000000e+00
2.000000000000000000e+00 3.770000000000000000e+02 5.030000000000000249e+00 0.000000000000000000e+00 2.856268002461505584e-01 6.718548140334558161e-01 -3.746337338233429737e-02 2.678909985776343761e-01 1.620597770852374997e-02 0.000000000000000000e+00 0.000000000000000000e+00 7.940000000000000000e+02 0.000000000000000000e+00 0.000000000000000000e+00 1.000000000000000000e+00
2.000000000000000000e+00 3.770000000000000000e+02 5.040000000000000036e+00 0.000000000000000000e+00 2.951394447083332540e-01 6.692803206981129405e-01 -3.879528804051823876e-02 2.664934076130160423e-01 1.560717089624116816e-02 0.000000000000000000e+00 0.000000000000000000e+00 7.940000000000000000e+02 0.000000000000000000e+00 0.000000000000000000e+00 1.000000000000000000e+00
2.000000000000000000e+00 3.770000000000000000e+02 5.049999999999999822e+00 0.000000000000000000e+00 3.054925500332464350e-01 6.663861789751842624e-01 -4.027192931790790631e-02 2.649420893189895487e-01 1.496959863109900701e-02 0.000000000000000000e+00 0.000000000000000000e+00 7.940000000000000000e+02 0.000000000000000000e+00 0.000000000000000000e+00 1.000000000000000000e+00
2.000000000000000000e+00 3.770000000000000000e+02 5.059999999999999609e+00 0.000000000000000000e+00 3.167171544823003670e-01 6.631376566946743933e-01 -4.189654516399618500e-02 2.632233873682899294e-01 1.429490491004856839e-02 0.000000000000000000e+00 0.000000000000000000e+00 7.940000000000000000e+02 0.000000000000000000e+00 0.000000000000000000e+00 1.000000000000000000e+00
2.000000000000000000e+00 3.770000000000000000e+02 5.070000000000000284e+00 0.000000000000000000e+00 3.288469090419560148e-01 6.594957688175361321e-01 -4.367270900605642325e-02 2.613221719475187221e-01 1.358508581450426633e-02 0.000000000000000000e+00 0.000000000000000000e+00 7.940000000000000000e+02 0.000000000000000000e+00 0.000000000000000000e+00 1.000000000000000000e+00
2.000000000000000000e+00 3.770000000000000000e+02 5.080000000000000071e+00 0.000000000000000000e+00 3.419181783082495540e-01 6.554168095819367101e-01 -4.560432760908189609e-02 2.592217065686924227e-01 1.284254317158271125e-02 0.000000000000000000e+00 0.000000000000000000e+00 7.940000000000000000e+02 0.000000000000000000e+00 0.000000000000000000e+00 1.000000000000000000e+00
2.000000000000000000e+00 3.770000000000000000e+02 5.089999999999999858e+00 0.000000000000000000e+00 3.559701495066291410e-01 6.508518279968275033e-01 -4.769564966891931546e-02 2.569035007371570090e-01 1.207014297515994483e-02 0.000000000000000000e+00 0.000000000000000000e+00 7.940000000000000000e+02 0.000000000000000000e+00 0.000000000000000000e+00 1.000000000000000000e+00
2.000000000000000000e+00 3.770000000000000000e+02 5.099999999999999645e+00 0.000000000000000000e+00 3.710449499739366108e-01 6.457460403882848698e-01 -4.995127515749671343e-02 2.543471471789026661e-01 1.127127807624385414e-02 0.000000000000000000e+00 0.000000000000000000e+00 7.940000000000000000e+02 0.000000000000000000e+00 0.000000000000000000e+00 1.000000000000000000e+00
2.000000000000000000e+00 3.770000000000000000e+02 5.110000000000000320e+00 0.000000000000000000e+00 3.871877734547469752e-01 6.400381729486815940e-01 -5.237616544070171354e-02 2.515301421943784144e-01 1.044993419100299914e-02 0.000000000000000000e+00 0.000000000000000000e+00 7.940000000000000000e+02 0.000000000000000000e+00 0.000000000000000000e+00 1.000000000000000000e+00
2.000000000000000000e+00 3.770000000000000000e+02 5.120000000000000107e+00 0.000000000000000000e+00 4.044470155906935704e-01 6.336597263987148176e-01 -5.497565419116447194e-02 2.484276875573766530e-01 9.610757609001284452e-03 0.000000000000000000e+00 0.000000000000000000e+00 7.940000000000000000e+02 0.000000000000000000e+00 0.000000000000000000e+00 1.000000000000000000e+00
2.000000000000000000e+00 3.770000000000000000e+02 5.129999999999999893e+00 0.000000000000000000e+00 4.228744190089734900e-01 6.265341539376108049e-01 -5.775545911994878212e-02 2.450124722150908707e-01 8.759122037443181630e-03 0.000000000000000000e+00 0.000000000000000000e+00 7.940000000000000000e+02 0.000000000000000000e+00 0.000000000000000000e+00 1.000000000000000000e+00
2.000000000000000000e+00 3.770000000000000000e+02 5.139999999999999680e+00 0.000000000000000000e+00 4.425252284450026385e-01 6.185759426162042995e-01 -6.072169455295567397e-02 2.412544318676453914e-01 7.901190688349449265e-03 0.000000000000000000e+00 0.000000000000000000e+00 7.940000000000000000e+02 0.000000000000000000e+00 0.000000000000000000e+00 1.000000000000000000e+00
2.000000000000000000e+00 3.770000000000000000e+02 5.149999999999999467e+00 0.000000000000000000e+00 4.634583563642739046e-01 6.096895871085878937e-01 -6.388088487970218499e-02 2.371204843106612392e-01 7.043967873150473735e-03 0.000000000000000000e+00 0.000000000000000000e+00 7.940000000000000000e+02 0.000000000000000000e+00 0.000000000000000000e+00 1.000000000000000000e+00
2.000000000000000000e+00 3.770000000000000000e+02 5.160000000000000142e+00 0.000000000000000000e+00 4.857365595799464919e-01 5.997684435667152147e-01 -6.723997890405622457e-02 2.325742382110692896e-01 6.195331848201889036e-03 0.000000000000000000e+00 0.000000000000000000e+00 7.940000000000000000e+02 0.000000000000000000e+00 0.000000000000000000e+00 1.000000000000000000e+00
2.000000000000000000e+00 3.770000000000000000e+02 5.169999999999999929e+00 0.000000000000000000e+00 5.094266273956599145e-01 5.886934498032336815e-01 -7.080636512849305952e-02 2.275756727525082568e-01 5.364037259543458225e-03 0.000000000000000000e+00 0.000000000000000000e+00 7.940000000000000000e+02 0.000000000000000000e+00 0.000000000000000000e+00 1.000000000000000000e+00
2.000000000000000000e+00 3.770000000000000000e+02 5.179999999999999716e+00 0.000000000000000000e+00 5.345995818376192421e-01 5.763316964436515644e-01 -7.458788800549193132e-02 2.220807853302128598e-01 4.559671058387781972e-03 0.000000000000000000e+00 0.000000000000000000e+00 7.940000000000000000e+02 0.000000000000000000e+00 0.000000000000000000e+00 1.000000000000000000e+00
2.000000000000000000e+00 3.770000000000000000e+02 5.189999999999999503e+00 0.000000000000000000e+00 5.613308905762404155e-01 5.625348319004436215e-01 -7.859286519181821196e-02 2.160412041940322492e-01 3.792540035580396762e-03 0.000000000000000000e+00 0.000000000000000000e+00 7.940000000000000000e+02 0.000000000000000000e+00 0.000000000000000000e+00 1.000000000000000000e+00
2.000000000000000000e+00 3.770000000000000000e+02 5.200000000000000178e+00 0.000000000000000000e+00 5.897006931756854087e-01 5.471372820274256199e-01 -8.283010584364315643e-02 2.094037626296589016e-01 3.073461160886317711e-03 0.000000000000000000e+00 0.000000000000000000e+00 7.940000000000000000e+02 0.000000000000000000e+00 0.000000000000000000e+00 1.000000000000000000e+00
2.000000000000000000e+00 3.770000000000000000e+02 5.209999999999999964e+00 0.000000000000000000e+00 6.197940413495810486e-01 5.299542630887292827e-01 -8.730892999274247890e-02 2.021100309295631170e-01 2.413418170841639954e-03 0.000000000000000000e+00 0.000000000000000000e+00 7.940000000000000000e+02 0.000000000000000000e+00 0.000000000000000000e+00 1.000000000000000000e+00
2.000000000000000000e+00 3.770000000000000000e+02 5.219999999999999751e+00 0.000000000000000000e+00 6.517011539431931677e-01 5.107795641963132072e-01 -9.203918904639211973e-02 1.940958020335545875e-01 1.823040809961725892e-03 0.000000000000000000e+00 0.000000000000000000e+00 7.940000000000000000e+02 0.000000000000000000e+00 0.000000000000000000e+00 1.000000000000000000e+00
2.000000000000000000e+00 3.770000000000000000e+02 5.229999999999999538e+00 0.000000000000000000e+00 6.855176874064901060e-01 4.893830726033637779e-01 -9.703128745605235639e-02 1.852905263110374290e-01 1.311860406859573572e-03 0.000000000000000000e+00 0.000000000000000000e+00 7.940000000000000000e+02 0.000000000000000000e+00 0.000000000000000000e+00 1.000000000000000000e+00
2.000000000000000000e+00 3.770000000000000000e+02 5.240000000000000213e+00 0.000000000000000000e+00 7.213450225689597151e-01 4.655080121549976524e-01 -1.022962056025012167e-01 1.756166905093234365e-01 8.873048104200784852e-04 0.000000000000000000e+00 0.000000000000000000e+00 7.940000000000000000e+02 0.000000000000000000e+00 0.000000000000000000e+00 1.000000000000000000e+00
2.000000000000000000e+00 3.770000000000000000e+02 5.250000000000000000e+00 0.000000000000000000e+00 7.592905685759272494e-01 4.388678617553197769e-01 -1.078455239477547623e-01 1.649891354008548028e-01 5.534322916338390089e-04 0.000000000000000000e+00 0.000000000000000000e+00 7.940000000000000000e+02 0.000000000000000000e+00 0.000000000000000000e+00 1.000000000000000000e+00
2.000000000000000000e+00 3.770000000000000000e+02 5.259999999999999787e+00 0.000000000000000000e+00 7.994680848975570520e-01 4.091429168698075269e-01 -1.136914485068969971e-01 1.533143061225538395e-01 3.094946035076353609e-04 0.000000000000000000e+00 0.000000000000000000e+00 7.940000000000000000e+02 0.000000000000000000e+00 0.000000000000000000e+00 1.000000000000000000e+00
2.000000000000000000e+00 3.770000000000000000e+02 5.269999999999999574e+00 0.000000000000000000e+00 8.419980223759166993e-01 3.759764527981218074e-01 -1.198468376958468917e-01 1.404894286080019539e-01 1.486034947794328924e-04 0.000000000000000000e+00 0.000000000000000000e+00 7.940000000000000000e+02 0.000000000000000000e+00 0.000000000000000000e+00 1.000000000000000000e+00
2.000000000000000000e+00 3.770000000000000000e+02 5.280000000000000249e+00 0.000000000000000000e+00 8.870078843325499562e-01 3.389704436733397275e-01 -1.263252306141143810e-01 1.264016048625412614e-01 5.708675715027328006e-05 0.000000000000000000e+00 0.000000000000000000e+00 7.940000000000000000e+02 0.000000000000000000e+00 0.000000000000000000e+00 1.000000000000000000e+00
2.000000000000000000e+00 3.770000000000000000e+02 5.290000000000000036e+00 0.000000000000000000e+00 9.346326088191434511e-01 2.976807858119514538e-01 -1.331408768247558938e-01 1.109268191169646006e-01 1.550254108825300809e-05 0.000000000000000000e+00 0.000000000000000000e+00 7.940000000000000000e+02 0.000000000000000000e+00 0.000000000000000000e+00 1.000000000000000000e+00
2.000000000000000000e+00 3.770000000000000000e+02 5.299999999999999822e+00 0.000000000000000000e+00 9.850149731572650502e-01 2.516119680907419331e-01 -1.403087676970314612e-01 9.392884611091752156e-02 2.341202271928783491e-06 0.000000000000000000e+00 0.000000000000000000e+00 7.940000000000000000e+02 0.000000000000000000e+00 0.000000000000000000e+00 1.000000000000000000e+00
2.000000000000000000e+00 3.770000000000000000e+02 5.309999999999999609e+00 0.000000000000000000e+00 1.038306021979971350e+00 2.002111253905368704e-01 -1.478446693807031198e-01 7.525805189558038011e-02 1.149267791273698263e-07 0.000000000000000000e+00 0.000000000000000000e+00 7.940000000000000000e+02 0.000000000000000000e+00 0.000000000000000000e+00 1.000000000000000000e+00
2.000000000000000000e+00 3.770000000000000000e+02 5.320000000000000284e+00 0.000000000000000000e+00 1.094665520058533792e+00 1.428614037430598338e-01 -1.557651574845033693e-01 5.475007659904110313e-02 4.037129094811071014e-10 0.000000000000000000e+00 0.000000000000000000e+00 7.940000000000000000e+02 0.000000000000000000e+00 0.000000000000000000e+00 1.000000000000000000e+00
2.000000000000000000e+00 3.770000000000000000e+02 5.330000000000000071e+00 0.000000000000000000e+00 1.154262431271847689e+00 7.887455755700588378e-02 -1.640876535350510035e-01 3.222438755868017174e-02 1.294756408096504289e-16 0.000000000000000000e+00 0.000000000000000000e+00 7.940000000000000000e+02 0.000000000000000000e+00 0.000000000000000000e+00 1.000000000000000000e+00
2.000000000000000000e+00 3.770000000000000000e+02 5.339999999999999858e+00 0.000000000000000000e+00 1.217275425154457302e+00 7.482690083725202293e-03 -1.728304632964076104e-01 7.482690083725200558e-03 1.664818487830482288e-104 1.000000000000000000e+00 1.000000000000000000e+00 7.940000000000000000e+02 0.000000000000000000e+00 0.000000000000000000e+00 1.000000000000000000e+00
2.000000000000000000e+00 3.770000000000000000e+02 5.349999999999999645e+00 0.000000000000000000e+00 1.153380930364054757e+00 7.887430323489284800e-02 -1.638880412662122033e-01 3.222404658864828908e-02 1.326822174862410959e-16 0.000000000000000000e+00 0.000000000000000000e+00 7.940000000000000000e+02 0.000000000000000000e+00 0.000000000000000000e+00 1.000000000000000000e+00
2.000000000000000000e+00 3.770000000000000000e+02 5.360000000000000320e+00 0.000000000000000000e+00 1.092899875532886478e+00 1.428604667436677300e-01 -1.553654938892310433e-01 5.474895944237125056e-02 4.150036156201033789e-10 0.000000000000000000e+00 0.000000000000000000e+00 7.940000000000000000e+02 0.000000000000000000e+00 0.000000000000000000e+00 1.000000000000000000e+00
2.000000000000000000e+00 3.770000000000000000e+02 5.370000000000000107e+00 0.000000000000000000e+00 1.035650940493590744e+00 2.002090691659898503e-01 -1.472440753780780709e-01 7.525571650285933778e-02 1.183927300799621271e-07 0.000000000000000000e+00 0.000000000000000000e+00 7.940000000000000000e+02 0.000000000000000000e+00 0.000000000000000000e+00 1.000000000000000000e+00
2.000000000000000000e+00 3.770000000000000000e+02 5.379999999999999893e+00 0.000000000000000000e+00 9.814624948651913261e-01 2.516083426615075558e-01 -1.395059222492254503e-01 9.392483970854328956e-02 2.416377979207373270e-06 0.000000000000000000e+00 0.000000000000000000e+00 7.940000000000000000e+02 0.000000000000000000e+00 0.000000000000000000e+00 1.000000000000000000e+00
2.000000000000000000e+00 3.770000000000000000e+02 5.389999999999999680e+00 0.000000000000000000e+00 9.301720835109876795e-01 2.976751223667017388e-01 -1.321340140313398970e-01 1.109206742213593860e-01 1.602965715754447822e-05 0.000000000000000000e+00 0.000000000000000000e+00 7.940000000000000000e+02 0.000000000000000000e+00 0.000000000000000000e+00 1.000000000000000000e+00
2.000000000000000000e+00 3.770000000000000000e+02 5.399999999999999467e+00 0.000000000000000000e+00 8.816259395035233037e-01 3.389622489428161800e-01 -1.251121358278688978e-01 1.263928351648715420e-01 5.913624526834534469e-05 0.000000000000000000e+00 0.000000000000000000e+00 7.940000000000000000e+02 0.000000000000000000e+00 0.000000000000000000e+00 1.000000000000000000e+00
2.000000000000000000e+00 3.770000000000000000e+02 5.410000000000000142e+00 0.000000000000000000e+00 8.356785231365095878e-01 3.759652031354823731e-01 -1.184248426515295272e-01 1.404775246931793120e-01 1.542268802622224176e-04 0.000000000000000000e+00 0.000000000000000000e+00 7.940000000000000000e+02 0.000000000000000000e+00 0.000000000000000000e+00 1.000000000000000000e+00
2.000000000000000000e+00 3.770000000000000000e+02 5.419999999999999929e+00 0.000000000000000000e+00 7.921920856016837487e-01 4.091280519664188819e-01 -1.120574254522541113e-01 1.532987309848301560e-01 3.218258591084536234e-04 0.000000000000000000e+00 0.000000000000000000e+00 7.940000000000000000e+02 0.000000000000000000e+00 0.000000000000000000e+00 1.000000000000000000e+00
2.000000000000000000e+00 3.770000000000000000e+02 5.429999999999999716e+00 0.000000000000000000e+00 7.510362560225165574e-01 4.388487779165746727e-01 -1.059958787638672073e-01 1.649693197165354730e-01 5.766327031879207518e-04 0.000000000000000000e+00 0.000000000000000000e+00 7.940000000000000000e+02 0.000000000000000000e+00 0.000000000000000000e+00 1.000000000000000000e+00
2.000000000000000000e+00 3.770000000000000000e+02 5.439999999999999503e+00 0.000000000000000000e+00 7.120876506067117528e-01 4.654840550554653622e-01 -1.002268698983325157e-01 1.755920276249847700e-01 9.264231238864557849e-04 0.000000000000000000e+00 0.000000000000000000e+00 7.940000000000000000e+02 0.000000000000000000e+00 0.000000000000000000e+00 1.000000000000000000e+00
2.000000000000000000e+00 3.770000000000000000e+02 5.450000000000000178e+00 0.000000000000000000e+00 6.752295027457473342e-01 4.893535294343253628e-01 -9.473770961981027583e-02 1.852603669031278044e-01 1.372666142109346676e-03 0.000000000000000000e+00 0.000000000000000000e+00 7.940000000000000000e+02 0.000000000000000000e+00 0.000000000000000000e+00 1.000000000000000000e+00
2.000000000000000000e+00 3.770000000000000000e+02 5.459999999999999964e+00 0.000000000000000000e+00 6.403513129525124636e-01 5.107436551114502565e-01 -8.951632423402124117e-02 1.940594483923690772e-01 1.911864823883571707e-03 0.000000000000000000e+00 0.000000000000000000e+00 7.940000000000000000e+02 0.000000000000000000e+00 0.000000000000000000e+00 1.000000000000000000e+00
2.000000000000000000e+00 3.770000000000000000e+02 5.469999999999999751e+00 0.000000000000000000e+00 6.073485175875634745e-01 5.299111318453013642e-01 -8.455122903152653691e-02 2.020667308172725274e-01 2.537016208151395003e-03 0.000000000000000000e+00 0.000000000000000000e+00 7.940000000000000000e+02 0.000000000000000000e+00 0.000000000000000000e+00 1.000000000000000000e+00
2.000000000000000000e+00 3.770000000000000000e+02 5.479999999999999538e+00 0.000000000000000000e+00 5.761221753808500878e-01 5.470859857106279422e-01 -7.983150302651047248e-02 2.093527026583251738e-01 3.238905087350803930e-03 0.000000000000000000e+00 0.000000000000000000e+00 7.940000000000000000e+02 0.000000000000000000e+00 0.000000000000000000e+00 1.000000000000000000e+00
2.000000000000000000e+00 3.770000000000000000e+02 5.490000000000000213e+00 0.000000000000000000e+00 5.465786708091187052e-01 5.624743296076242238e-01 -7.534676493550254706e-02 2.159815026653163772e-01 4.007135770389712304e-03 0.000000000000000000e+00 0.000000000000000000e+00 7.940000000000000000e+02 0.000000000000000000e+00 0.000000000000000000e+00 1.000000000000000000e+00
2.000000000000000000e+00 3.770000000000000000e+02 5.500000000000000000e+00 0.000000000000000000e+00 5.186294334397216765e-01 5.762608367925915465e-01 -7.108715034320313431e-02 2.220114844737431092e-01 4.830899782616245725e-03 0.000000000000000000e+00 0.000000000000000000e+00 7.940000000000000000e+02 0.000000000000000000e+00 0.000000000000000000e+00 1.000000000000000000e+00
2.000000000000000000e+00 3.770000000000000000e+02 5.509999999999999787e+00 0.000000000000000000e+00 4.921906723994413091e-01 5.886109571145782260e-01 -6.704329000518770287e-02 2.274957302945832815e-01 5.699515777790077620e-03 0.000000000000000000e+00 0.000000000000000000e+00 7.940000000000000000e+02 0.000000000000000000e+00 0.000000000000000000e+00 1.000000000000000000e+00
2.000000000000000000e+00 3.770000000000000000e+02 5.519999999999999574e+00 0.000000000000000000e+00 4.671831251722713962e-01 5.996729025547331560e-01 -6.320628923976526203e-02 2.324825181994740475e-01 6.602788120370760294e-03 0.000000000000000000e+00 0.000000000000000000e+00 7.940000000000000000e+02 0.000000000000000000e+00 0.000000000000000000e+00 1.000000000000000000e+00
2.000000000000000000e+00 3.770000000000000000e+02 5.530000000000000249e+00 0.000000000000000000e+00 4.435318199730608479e-01 6.095794258965349099e-01 -5.956770836366172273e-02 2.370157471148267303e-01 7.531228218542670994e-03 0.000000000000000000e+00 0.000000000000000000e+00 7.940000000000000000e+02 0.000000000000000000e+00 0.000000000000000000e+00 1.000000000000000000e+00
2.000000000000000000e+00 3.770000000000000000e+02 5.540000000000000036e+00 0.000000000000000000e+00 4.211658509846241683e-01 6.184494138724611068e-01 -5.611954412849683160e-02 2.411353232661228307e-01 8.476175742460852203e-03 0.000000000000000000e+00 0.000000000000000000e+00 7.940000000000000000e+02 0.000000000000000000e+00 0.000000000000000000e+00 1.000000000000000000e+00
2.000000000000000000e+00 3.770000000000000000e+02 5.549999999999999822e+00 0.000000000000000000e+00 4.000181657844885663e-01 6.263893139062126636e-01 -5.285421211722172996e-02 2.448775114742771652e-01 9.429849095092451838e-03 0.000000000000000000e+00 0.000000000000000000e+00 7.940000000000000000e+02 0.000000000000000000e+00 0.000000000000000000e+00 1.000000000000000000e+00
2.000000000000000000e+00 3.770000000000000000e+02 5.559999999999999609e+00 0.000000000000000000e+00 3.800253643239859258e-01 6.334944115726218739e-01 -4.976453006179840099e-02 2.482752543965474901e-01 1.038534746826042660e-02 0.000000000000000000e+00 0.000000000000000000e+00 7.940000000000000000e+02 0.000000000000000000e+00 0.000000000000000000e+00 1.000000000000000000e+00
2.000000000000000000e+00 3.770000000000000000e+02 5.570000000000000284e+00 0.000000000000000000e+00 3.611275088570412017e-01 6.398499741058480961e-01 -4.684370204542639970e-02 2.513584625222817226e-01 1.133662100854485738e-02 0.000000000000000000e+00 0.000000000000000000e+00 7.940000000000000000e+02 0.000000000000000000e+00 0.000000000000000000e+00 1.000000000000000000e+00
2.000000000000000000e+00 3.770000000000000000e+02 5.580000000000000071e+00 0.000000000000000000e+00 3.432679442488257848e-01 6.455322736789395055e-01 -4.408530355456946603e-02 2.541542774763501100e-01 1.227842105990403082e-02 0.000000000000000000e+00 0.000000000000000000e+00 7.940000000000000000e+02 0.000000000000000000e+00 0.000000000000000000e+00 1.000000000000000000e+00
2.000000000000000000e+00 3.770000000000000000e+02 5.589999999999999858e+00 0.000000000000000000e+00 3.263931281255700312e-01 6.506095027349856341e-01 -4.148326734790305781e-02 2.566873109481345172e-01 1.320623898375858363e-02 0.000000000000000000e+00 0.000000000000000000e+00 7.940000000000000000e+02 0.000000000000000000e+00 0.000000000000000000e+00 1.000000000000000000e+00
2.000000000000000000e+00 3.770000000000000000e+02 5.599999999999999645e+00 0.000000000000000000e+00 3.104524703563280585e-01 6.551425923546176922e-01 -3.903187011110066662e-02 2.589798613493773938e-01 1.411623947690855002e-02 0.000000000000000000e+00 0.000000000000000000e+00 7.940000000000000000e+02 0.000000000000000000e+00 0.000000000000000000e+00 1.000000000000000000e+00
2.000000000000000000e+00 3.770000000000000000e+02 5.610000000000000320e+00 0.000000000000000000e+00 2.953981813854677507e-01 6.591859434809631546e-01 -3.672571986810538314e-02 2.610521101081397788e-01 1.500519241670942444e-02 0.000000000000000000e+00 0.000000000000000000e+00 7.940000000000000000e+02 0.000000000000000000e+00 0.000000000000000000e+00 1.000000000000000000e+00
2.000000000000000000e+00 3.770000000000000000e+02 5.620000000000000107e+00 0.000000000000000000e+00 2.811851289611902449e-01 6.627880797773775257e-01 -3.455974412119754147e-02 2.629222993268535147e-01 1.587040589492696996e-02 0.000000000000000000e+00 0.000000000000000000e+00 7.940000000000000000e+02 0.000000000000000000e+00 0.000000000000000000e+00 1.000000000000000000e+00
2.000000000000000000e+00 3.770000000000000000e+02 5.629999999999999893e+00 0.000000000000000000e+00 2.677707028305579273e-01 6.659922299528088230e-01 -3.252917869377131010e-02 2.646068923683994045e-01 1.670966212355098901e-02 0.000000000000000000e+00 0.000000000000000000e+00 7.940000000000000000e+02 0.000000000000000000e+00 0.000000000000000000e+00 1.000000000000000000e+00
2.000000000000000000e+00 3.770000000000000000e+02 5.639999999999999680e+00 0.000000000000000000e+00 2.551146869953904162e-01 6.688368465431846488e-01 -3.062955725127995688e-02 2.661207187838581234e-01 1.752115720479940908e-02 0.000000000000000000e+00 0.000000000000000000e+00 7.940000000000000000e+02 0.000000000000000000e+00 0.000000000000000000e+00 1.000000000000000000e+00
2.000000000000000000e+00 3.770000000000000000e+02 5.649999999999999467e+00 0.000000000000000000e+00 2.431791391460543517e-01 6.713560673746539198e-01 -2.885670147729996887e-02 2.674771048577396226e-01 1.830344527591733217e-02 0.000000000000000000e+00 0.000000000000000000e+00 7.940000000000000000e+02 0.000000000000000000e+00 0.000000000000000000e+00 1.000000000000000000e+00
2.000000000000000000e+00 3.770000000000000000e+02 5.660000000000000142e+00 0.000000000000000000e+00 2.319282769116960130e-01 6.735801252466262490e-01 -2.720671188310631178e-02 2.686879909198873762e-01 1.905538720929580987e-02 0.000000000000000000e+00 0.000000000000000000e+00 7.940000000000000000e+02 0.000000000000000000e+00 0.000000000000000000e+00 1.000000000000000000e+00
2.000000000000000000e+00 3.770000000000000000e+02 5.669999999999999929e+00 0.000000000000000000e+00 2.213283705858978267e-01 6.755357107511609227e-01 -2.567595923054349222e-02 2.697640364567577831e-01 1.977610382720243476e-02 0.000000000000000000e+00 0.000000000000000000e+00 7.940000000000000000e+02 0.000000000000000000e+00 0.000000000000000000e+00 1.000000000000000000e+00
2.000000000000000000e+00 3.770000000000000000e+02 5.679999999999999716e+00 0.000000000000000000e+00 2.113476420061530525e-01 6.772462925828436342e-01 -2.426107654932714575e-02 2.707147139473775610e-01 2.046493344676661441e-02 0.000000000000000000e+00 0.000000000000000000e+00 7.940000000000000000e+02 0.000000000000000000e+00 0.000000000000000000e+00 1.000000000000000000e+00
2.000000000000000000e+00 3.770000000000000000e+02 5.689999999999999503e+00 0.000000000000000000e+00 2.019561692840039779e-01 6.787323991831453185e-01 -2.295895173121714761e-02 2.715483922500173120e-01 2.112139348201234890e-02 0.000000000000000000e+00 0.000000000000000000e+00 7.940000000000000000e+02 0.000000000000000000e+00 0.000000000000000000e+00 1.000000000000000000e+00
2.000000000000000000e+00 3.770000000000000000e+02 5.700000000000000178e+00 0.000000000000000000e+00 1.931257971002271201e-01 6.800118650992356129e-01 -2.176672068477335936e-02 2.722724102736411300e-01 2.174514577918665315e-02 0.000000000000000000e+00 0.000000000000000000e+00 7.940000000000000000e+02 0.000000000000000000e+00 0.000000000000000000e+00 1.000000000000000000e+00
2.000000000000000000e+00 3.770000000000000000e+02 5.709999999999999964e+00 0.000000000000000000e+00 1.848300522961336123e-01 6.811000450137638662e-01 -2.068176103563711815e-02 2.728931415826648665e-01 2.233596533748684332e-02 0.000000000000000000e+00 0.000000000000000000e+00 7.940000000000000000e+02 0.000000000000000000e+00 0.000000000000000000e+00 1.000000000000000000e+00
2.000000000000000000e+00 3.770000000000000000e+02 5.719999999999999751e+00 0.000000000000000000e+00 1.770440645079299491e-01 6.820099980141544060e-01 -1.970168635848212196e-02 2.734160505037403488e-01 2.289371206101757650e-02 0.000000000000000000e+00 0.000000000000000000e+00 7.940000000000000000e+02 0.000000000000000000e+00 0.000000000000000000e+00 1.000000000000000000e+00
2.000000000000000000e+00 3.770000000000000000e+02 5.729999999999999538e+00 0.000000000000000000e+00 1.697444916062044451e-01 6.827526443127956979e-01 -1.882434092794735281e-02 2.738457402284779074e-01 2.341830519332073479e-02 0.000000000000000000e+00 0.000000000000000000e+00 7.940000000000000000e+02 0.000000000000000000e+00 0.000000000000000000e+00 1.000000000000000000e+00
2.000000000000000000e+00 3.770000000000000000e+02 5.740000000000000213e+00 0.000000000000000000e+00 1.629094497170085198e-01 6.833368962989067041e-01 -1.804779497700694652e-02 2.741859933355565992e-01 2.390970009884382796e-02 0.000000000000000000e+00 0.000000000000000000e+00 7.940000000000000000e+02 0.000000000000000000e+00 0.000000000000000000e+00 1.000000000000000000e+00
2.000000000000000000e+00 3.770000000000000000e+02 5.750000000000000000e+00 0.000000000000000000e+00 1.565184476147388759e-01 6.837697654948128312e-01 -1.737034045234674834e-02 2.744398050889407803e-01 2.436786707324432866e-02 0.000000000000000000e+00 0.000000000000000000e+00 7.940000000000000000e+02 0.000000000000000000e+00 0.000000000000000000e+00 1.000000000000000000e+00
2.000000000000000000e+00 3.770000000000000000e+02 5.759999999999999787e+00 0.000000000000000000e+00 1.505523252901329045e-01 6.840564467001939430e-01 -1.679048725741214693e-02 2.746094098053281085e-01 2.479277188444502233e-02 0.000000000000000000e+00 0.000000000000000000e+00 7.940000000000000000e+02 0.000000000000000000e+00 0.000000000000000000e+00 1.000000000000000000e+00
2.000000000000000000e+00 3.770000000000000000e+02 5.769999999999999574e+00 0.000000000000000000e+00 1.449931965092050856e-01 6.842003803341152324e-01 -1.630695997486290849e-02 2.746963005229440813e-01 2.518435776751784538e-02 0.000000000000000000e+00 0.000000000000000000e+00 7.940000000000000000e+02 0.000000000000000000e+00 0.000000000000000000e+00 1.000000000000000000e+00
2.000000000000000000e+00 3.770000000000000000e+02 5.780000000000000249e+00 0.000000000000000000e+00 1.398243951909197980e-01 6.842032937229898248e-01 -1.591869506122629147e-02 2.747012421448266628e-01 2.554252861795311413e-02 0.000000000000000000e+00 0.000000000000000000e+00 7.940000000000000000e+02 0.000000000000000000e+00 0.000000000000000000e+00 1.000000000000000000e+00
2.000000000000000000e+00 3.770000000000000000e+02 5.790000000000000036e+00 0.000000000000000000e+00 1.350304254428409401e-01 6.840652218299692056e-01 -1.562483850757765552e-02 2.746242781723036153e-01 2.586713314924343754e-02 0.000000000000000000e+00 0.000000000000000000e+00 7.940000000000000000e+02 0.000000000000000000e+00 0.000000000000000000e+00 1.000000000000000000e+00
2.000000000000000000e+00 3.770000000000000000e+02 5.799999999999999822e+00 0.000000000000000000e+00 1.305969151049678201e-01 6.837845076745334705e-01 -1.542474396110331963e-02 2.744647310879366753e-01 2.615794980183447360e-02 0.000000000000000000e+00 0.000000000000000000e+00 7.940000000000000000e+02 0.000000000000000000e+00 0.000000000000000000e+00 1.000000000000000000e+00
2.000000000000000000e+00 3.770000000000000000e+02 5.809999999999999609e+00 0.000000000000000000e+00 1.265105726624830840e-01 6.833577824473073825e-01 -1.531797130341387703e-02 2.742211963913043782e-01 2.641467221148509348e-02 0.000000000000000000e+00 0.000000000000000000e+00 7.940000000000000000e+02 0.000000000000000000e+00 0.000000000000000000e+00 1.000000000000000000e+00
2.000000000000000000e+00 3.770000000000000000e+02 5.820000000000000284e+00 0.000000000000000000e+00 1.227591473982384829e-01 6.827799250814778897e-01 -1.530428568248078797e-02 2.738915302351183079e-01 2.663689506627558989e-02 0.000000000000000000e+00 0.000000000000000000e+00 7.940000000000000000e+02 0.000000000000000000e+00 0.000000000000000000e+00 1.000000000000000000e+00
2.000000000000000000e+00 3.770000000000000000e+02 5.830000000000000071e+00 0.000000000000000000e+00 1.193313926655170526e-01 6.820440007956186657e-01 -1.538365699606715487e-02 2.734728305528366099e-01 2.682410020343199697e-02 0.000000000000000000e+00 0.000000000000000000e+00 7.940000000000000000e+02 0.000000000000000000e+00 0.000000000000000000e+00 1.000000000000000000e+00
2.000000000000000000e+00 3.770000000000000000e+02 5.839999999999999858e+00 0.000000000000000000e+00 1.162170321709647264e-01 6.811411778703991837e-01 -1.555625982551622072e-02 2.729614115116363871e-01 2.697564282057564322e-02 0.000000000000000000e+00 0.000000000000000000e+00 7.940000000000000000e+02 0.000000000000000000e+00 0.000000000000000000e+00 1.000000000000000000e+00
2.000000000000000000e+00 3.770000000000000000e+02 5.849999999999999645e+00 0.000000000000000000e+00 1.134067291666085997e-01 6.800606216604171417e-01 -1.582247381975217249e-02 2.723527710658552592e-01 2.709073770195850883e-02 0.000000000000000000e+00 0.000000000000000000e+00 7.940000000000000000e+02 0.000000000000000000e+00 0.000000000000000000e+00 1.000000000000000000e+00
2.000000000000000000e+00 3.770000000000000000e+02 5.860000000000000320e+00 0.000000000000000000e+00 1.108920584586006730e-01 6.787893645692075761e-01 -1.618288453033778218e-02 2.716415513252744551e-01 2.716844539005269787e-02 0.000000000000000000e+00 0.000000000000000000e+00 7.940000000000000000e+02 0.000000000000000000e+00 0.000000000000000000e+00 1.000000000000000000e+00
2.000000000000000000e+00 3.770000000000000000e+02 5.870000000000000107e+00 0.000000000000000000e+00 1.086654811487701849e-01 6.773121504270220861e-01 -1.663828469942552762e-02 2.708214913893605136e-01 2.720765826822060807e-02 0.000000000000000000e+00 0.000000000000000000e+00 7.940000000000000000e+02 0.000000000000000000e+00 0.000000000000000000e+00 1.000000000000000000e+00
2.000000000000000000e+00 3.770000000000000000e+02 5.879999999999999893e+00 0.000000000000000000e+00 1.067203220332604979e-01 6.756112514037769801e-01 -1.718967600343535712e-02 2.698853722322661075e-01 2.720708656333707676e-02 0.000000000000000000e+00 0.000000000000000000e+00 7.940000000000000000e+02 0.000000000000000000e+00 0.000000000000000000e+00 1.000000000000000000e+00
2.000000000000000000e+00 3.770000000000000000e+02 5.889999999999999680e+00 0.000000000000000000e+00 1.050507495904926536e-01 6.736662552599628206e-01 -1.783827125629418309e-02 2.688249531534094294e-01 2.716524433104265668e-02 0.000000000000000000e+00 0.000000000000000000e+00 7.940000000000000000e+02 0.000000000000000000e+00 0.000000000000000000e+00 1.000000000000000000e+00
2.000000000000000000e+00 3.770000000000000000e+02 5.899999999999999467e+00 0.000000000000000000e+00 1.036517584984597840e-01 6.714538203823587903e-01 -1.858549707708337384e-02 2.676308992342025794e-01 2.708043555454336948e-02 0.000000000000000000e+00 0.000000000000000000e+00 7.940000000000000000e+02 0.000000000000000000e+00 0.000000000000000000e+00 1.000000000000000000e+00
2.000000000000000000e+00 3.770000000000000000e+02 5.910000000000000142e+00 0.000000000000000000e+00 1.025191546289402622e-01 6.689473956647545849e-01 -1.943299702796177919e-02 2.662926991623278949e-01 2.695074057548388358e-02 0.000000000000000000e+00 0.000000000000000000e+00 7.940000000000000000e+02 0.000000000000000000e+00 0.000000000000000000e+00 1.000000000000000000e+00
2.000000000000000000e+00 3.770000000000000000e+02 5.919999999999999929e+00 0.000000000000000000e+00 1.016495424736423014e-01 6.661169018720245472e-01 -2.038263522926647003e-02 2.647985727001653244e-01 2.677400318893616293e-02 0.000000000000000000e+00 0.000000000000000000e+00 7.940000000000000000e+02 0.000000000000000000e+00 0.000000000000000000e+00 1.000000000000000000e+00
2.000000000000000000e+00 3.770000000000000000e+02 5.929999999999999716e+00 0.000000000000000000e+00 1.010403149645843768e-01 6.629283706636412976e-01 -2.143650045974256069e-02 2.631353669828121467e-01 2.654781888263169076e-02 0.000000000000000000e+00 0.000000000000000000e+00 7.940000000000000000e+02 0.000000000000000000e+00 0.000000000000000000e+00 1.000000000000000000e+00
2.000000000000000000e+00 3.770000000000000000e+02 5.939999999999999503e+00 0.000000000000000000e+00 1.006896456581932026e-01 6.593435369446078997e-01 -2.259691075092105927e-02 2.612884407327999425e-01 2.626952489482803355e-02 0.000000000000000000e+00 0.000000000000000000e+00 7.940000000000000000e+02 0.000000000000000000e+00 0.000000000000000000e+00 1.000000000000000000e+00
2.000000000000000000e+00 3.770000000000000000e+02 5.950000000000000178e+00 0.000000000000000000e+00 1.005964832596872721e-01 6.553193796516681990e-01 -2.386641848575004471e-02 2.592415353722457017e-01 2.593619302118721492e-02 0.000000000000000000e+00 0.000000000000000000e+00 7.940000000000000000e+02 0.000000000000000000e+00 0.000000000000000000e+00 1.000000000000000000e+00
2.000000000000000000e+00 3.770000000000000000e+02 5.959999999999999964e+00 0.000000000000000000e+00 1.007605484713305355e-01 6.508076054638437524e-01 -2.524781601269405346e-02 2.569766318978335407e-01 2.554462643982981229e-02 0.000000000000000000e+00 0.000000000000000000e+00 7.940000000000000000e+02 0.000000000000000000e+00 0.000000000000000000e+00 1.000000000000000000e+00
2.000000000000000000e+00 3.770000000000000000e+02 5.969999999999999751e+00 0.000000000000000000e+00 1.011823331551071348e-01 6.457540692413750172e-01 -2.674414178765021494e-02 2.544737922586882695e-01 2.509136227388056306e-02 0.000000000000000000e+00 0.000000000000000000e+00 7.940000000000000000e+02 0.000000000000000000e+00 0.000000000000000000e+00 1.000000000000000000e+00
2.000000000000000000e+00 3.770000000000000000e+02 5.979999999999999538e+00 0.000000000000000000e+00 1.018631018073071492e-01 6.400981242378496194e-01 -2.835868705719032240e-02 2.517109838407836642e-01 2.457268221142440423e-02 0.000000000000000000e+00 0.000000000000000000e+00 7.940000000000000000e+02 0.000000000000000000e+00 0.000000000000000000e+00 1.000000000000000000e+00
2.000000000000000000e+00 3.770000000000000000e+02 5.990000000000000213e+00 0.000000000000000000e+00 1.028048953494438561e-01 6.337718942874981387e-01 -3.009500309782946886e-02 2.486638855128146253e-01 2.398463430747432845e-02 0.000000000000000000e+00 0.000000000000000000e+00 7.940000000000000000e+02 0.000000000000000000e+00 0.000000000000000000e+00 1.000000000000000000e+00
2.000000000000000000e+00 3.770000000000000000e+02 6.000000000000000000e+00 0.000000000000000000e+00 1.040105372468677764e-01 6.266994592332941760e-01 -3.195690902724374061e-02 2.453056735261439913e-01 2.332307017529099136e-02 0.000000000000000000e+00 0.000000000000000000e+00 7.940000000000000000e+02 0.000000000000000000e+00 0.000000000000000000e+00 1.000000000000000000e+00
2.000000000000000000e+00 3.770000000000000000e+02 6.009999999999999787e+00 0.000000000000000000e+00 1.054836419734208053e-01 6.187959438202925710e-01 -3.394850020461884915e-02 2.416067853840926927e-01 2.258370323763254917e-02 0.000000000000000000e+00 0.000000000000000000e+00 7.940000000000000000e+02 0.000000000000000000e+00 0.000000000000000000e+00 1.000000000000000000e+00
2.000000000000000000e+00 3.770000000000000000e+02 6.019999999999999574e+00 0.000000000000000000e+00 1.072286258475071835e-01 6.099664991201546593e-01 -3.607415723860617207e-02 2.375346596019039802e-01 2.176219569443367530e-02 0.000000000000000000e+00 0.000000000000000000e+00 7.940000000000000000e+02 0.000000000000000000e+00 0.000000000000000000e+00 1.000000000000000000e+00
2.000000000000000000e+00 3.770000000000000000e+02 6.030000000000000249e+00 0.000000000000000000e+00 1.092507202720674753e-01 6.001051642630804706e-01 -3.833855562269990191e-02 2.330534490664740721e-01 2.085428456949492415e-02 0.000000000000000000e+00 0.000000000000000000e+00 7.940000000000000000e+02 0.000000000000000000e+00 0.000000000000000000e+00 1.000000000000000000e+00
2.000000000000000000e+00 3.770000000000000000e+02 6.040000000000000036e+00 0.000000000000000000e+00 1.115559874181485667e-01 5.890935948169647718e-01 -4.074667601922882243e-02 2.281237054725451796e-01 1.985596089846100587e-02 0.000000000000000000e+00 0.000000000000000000e+00 7.940000000000000000e+02 0.000000000000000000e+00 0.000000000000000000e+00 1.000000000000000000e+00
2.000000000000000000e+00 3.770000000000000000e+02 6.049999999999999822e+00 0.000000000000000000e+00 1.141513383990883646e-01 5.767996425532386784e-01 -4.330381521458283312e-02 2.227020320574346901e-01 1.876372118915499432e-02 0.000000000000000000e+00 0.000000000000000000e+00 7.940000000000000000e+02 0.000000000000000000e+00 0.000000000000000000e+00 1.000000000000000000e+00
2.000000000000000000e+00 3.770000000000000000e+02 6.059999999999999609e+00 0.000000000000000000e+00 1.170445539898012643e-01 5.630757695553758602e-01 -4.601559776977083571e-02 2.167407015773103740e-01 1.757491722912596366e-02 0.000000000000000000e+00 0.000000000000000000e+00 7.940000000000000000e+02 0.000000000000000000e+00 0.000000000000000000e+00 1.000000000000000000e+00
2.000000000000000000e+00 3.770000000000000000e+02 6.070000000000000284e+00 0.000000000000000000e+00 1.202443079532793946e-01 5.477572776380135178e-01 -4.888798839193596313e-02 2.101872361620379381e-01 1.628823979001327305e-02 0.000000000000000000e+00 0.000000000000000000e+00 7.940000000000000000e+02 0.000000000000000000e+00 0.000000000000000000e+00 1.000000000000000000e+00
2.000000000000000000e+00 3.770000000000000000e+02 6.080000000000000071e+00 0.000000000000000000e+00 1.237601930442421977e-01 5.306603318282047121e-01 -5.192730505403997388e-02 2.029839453500431878e-01 1.490438456642268622e-02 0.000000000000000000e+00 0.000000000000000000e+00 7.940000000000000000e+02 0.000000000000000000e+00 0.000000000000000000e+00 1.000000000000000000e+00
2.000000000000000000e+00 3.770000000000000000e+02 6.089999999999999858e+00 0.000000000000000000e+00 1.276027497678924594e-01 5.115797541888933431e-01 -5.514023289157427010e-02 1.950674182364902087e-01 1.342696553741754700e-02 0.000000000000000000e+00 0.000000000000000000e+00 7.940000000000000000e+02 0.000000000000000000e+00 0.000000000000000000e+00 1.000000000000000000e+00
2.000000000000000000e+00 3.770000000000000000e+02 6.099999999999999645e+00 0.000000000000000000e+00 1.317834979799960560e-01 4.902865615086083872e-01 -5.853383890686404689e-02 1.863679652641289097e-01 1.186376202596430007e-02 0.000000000000000000e+00 0.000000000000000000e+00 7.940000000000000000e+02 0.000000000000000000e+00 0.000000000000000000e+00 1.000000000000000000e+00
2.000000000000000000e+00 3.770000000000000000e+02 6.110000000000000320e+00 0.000000000000000000e+00 1.363149714230220688e-01 4.665252173075546960e-01 -6.211558751330840955e-02 1.768090047428742262e-01 1.022840909832842260e-02 0.000000000000000000e+00 0.000000000000000000e+00 7.940000000000000000e+02 0.000000000000000000e+00 0.000000000000000000e+00 1.000000000000000000e+00
2.000000000000000000e+00 3.770000000000000000e+02 6.120000000000000107e+00 0.000000000000000000e+00 1.412107553018809858e-01 4.400105651818289609e-01 -6.589335695374683166e-02 1.663063886976175465e-01 8.542658276976651532e-03 0.000000000000000000e+00 0.000000000000000000e+00 7.940000000000000000e+02 0.000000000000000000e+00 0.000000000000000000e+00 1.000000000000000000e+00
2.000000000000000000e+00 3.770000000000000000e+02 6.129999999999999893e+00 0.000000000000000000e+00 1.464855270119117259e-01 4.104244066832733462e-01 -6.987545662906527455e-02 1.547676621096795713e-01 6.839320951074666366e-03 0.000000000000000000e+00 0.000000000000000000e+00 7.940000000000000000e+02 0.000000000000000000e+00 0.000000000000000000e+00 1.000000000000000000e+00
2.000000000000000000e+00 3.770000000000000000e+02 6.139999999999999680e+00 0.000000000000000000e+00 1.521551001412193016e-01 3.774116826666061852e-01 -7.407064537515656300e-02 1.420912490309699516e-01 5.165887339381732002e-03 0.000000000000000000e+00 0.000000000000000000e+00 7.940000000000000000e+02 0.000000000000000000e+00 0.000000000000000000e+00 1.000000000000000000e+00
2.000000000000000000e+00 3.770000000000000000e+02 6.150000000000000355e+00 0.000000000000000000e+00 1.582364718792796110e-01 3.405762122767379552e-01 -7.848815072843684515e-02 1.281655584061809905e-01 3.588391891467628686e-03 0.000000000000000000e+00 0.000000000000000000e+00 7.940000000000000000e+02 0.000000000000000000e+00 0.000000000000000000e+00 1.000000000000000000e+00
2.000000000000000000e+00 3.770000000000000000e+02 6.160000000000000142e+00 0.000000000000000000e+00 1.647478739739418052e-01 2.994759384404834246e-01 -8.313768922229304581e-02 1.128680017315254608e-01 2.193853788852768646e-03 0.000000000000000000e+00 0.000000000000000000e+00 7.940000000000000000e+02 0.000000000000000000e+00 0.000000000000000000e+00 1.000000000000000000e+00
2.000000000000000000e+00 3.770000000000000000e+02 6.169999999999999929e+00 0.000000000000000000e+00 1.717088273895945594e-01 2.536176228045142200e-01 -8.802948775910468537e-02 9.606391390242256800e-02 1.086287910252836664e-03 0.000000000000000000e+00 0.000000000000000000e+00 7.940000000000000000e+02 0.000000000000000000e+00 0.000000000000000000e+00 1.000000000000000000e+00
2.000000000000000000e+00 3.770000000000000000e+02 6.179999999999999716e+00 0.000000000000000000e+00 1.791402008303609461e-01 2.024509264542818654e-01 -9.317430610484911391e-02 7.760536775030434098e-02 3.634327506691287582e-04 0.000000000000000000e+00 0.000000000000000000e+00 7.940000000000000000e+02 0.000000000000000000e+00 0.000000000000000000e+00 1.000000000000000000e+00
2.000000000000000000e+00 3.770000000000000000e+02 6.189999999999999503e+00 0.000000000000000000e+00 1.870642733037708727e-01 1.453618053774865249e-01 -9.858346055576783229e-02 5.732987183285422061e-02 5.017798882700323388e-05 0.000000000000000000e+00 0.000000000000000000e+00 7.940000000000000000e+02 0.000000000000000000e+00 0.000000000000000000e+00 1.000000000000000000e+00
2.000000000000000000e+00 3.770000000000000000e+02 6.200000000000000178e+00 0.000000000000000000e+00 1.955048009124760178e-01 8.166514141201926258e-02 -1.042688488291501347e-01 3.505894001426507200e-02 3.656774618348678906e-07 0.000000000000000000e+00 0.000000000000000000e+00 7.940000000000000000e+02 0.000000000000000000e+00 0.000000000000000000e+00 1.000000000000000000e+00
2.000000000000000000e+00 3.770000000000000000e+02 6.209999999999999964e+00 0.000000000000000000e+00 2.044870880742465924e-01 1.059652024346455050e-02 -1.102429762329827367e-01 1.059652024346454877e-02 8.751105387644152436e-29 1.000000000000000000e+00 1.000000000000000000e+00 7.940000000000000000e+02 0.000000000000000000e+00 0.000000000000000000e+00 1.000000000000000000e+00
2.000000000000000000e+00 3.770000000000000000e+02 6.219999999999999751e+00 0.000000000000000000e+00 1.905369045310749132e-01 8.154183788756425022e-02 -1.038403122791406452e-01 3.505615956932571498e-02 3.903550138513238818e-07 0.000000000000000000e+00 0.000000000000000000e+00 7.940000000000000000e+02 0.000000000000000000e+00 0.000000000000000000e+00 1.000000000000000000e+00
2.000000000000000000e+00 3.770000000000000000e+02 6.229999999999999538e+00 0.000000000000000000e+00 1.771135869547734720e-01 1.448318844374659464e-01 -9.772544486725992519e-02 5.732124368378389845e-02 5.401332446546664671e-05 0.000000000000000000e+00 0.000000000000000000e+00 7.940000000000000000e+02 0.000000000000000000e+00 0.000000000000000000e+00 1.000000000000000000e+00
2.000000000000000000e+00 3.770000000000000000e+02 6.240000000000000213e+00 0.000000000000000000e+00 1.641768926909064896e-01 2.012261944516670620e-01 -9.188492402759250444e-02 7.758777316029936977e-02 3.934904426146621816e-04 0.000000000000000000e+00 0.000000000000000000e+00 7.940000000000000000e+02 0.000000000000000000e+00 0.000000000000000000e+00 1.000000000000000000e+00
2.000000000000000000e+00 3.770000000000000000e+02 6.250000000000000000e+00 0.000000000000000000e+00 1.516880379653556266e-01 2.514015477667035370e-01 -8.630590322998221708e-02 9.603415520268172856e-02 1.181824717501524930e-03 0.000000000000000000e+00 0.000000000000000000e+00 7.940000000000000000e+02 0.000000000000000000e+00 0.000000000000000000e+00 1.000000000000000000e+00
2.000000000000000000e+00 3.770000000000000000e+02 6.259999999999999787e+00 0.000000000000000000e+00 1.396095816118695376e-01 2.959600914326259713e-01 -8.097611112725217053e-02 1.128227741720224386e-01 2.396840822495019049e-03 0.000000000000000000e+00 0.000000000000000000e+00 7.940000000000000000e+02 0.000000000000000000e+00 0.000000000000000000e+00 1.000000000000000000e+00
2.000000000000000000e+00 3.770000000000000000e+02 6.269999999999999574e+00 0.000000000000000000e+00 1.279053128247079341e-01 3.354365659913598474e-01 -7.588382456373639340e-02 1.281014210637958506e-01 3.934839144093749824e-03 0.000000000000000000e+00 0.000000000000000000e+00 7.940000000000000000e+02 0.000000000000000000e+00 0.000000000000000000e+00 1.000000000000000000e+00
2.000000000000000000e+00 3.770000000000000000e+02 6.280000000000000249e+00 0.000000000000000000e+00 1.165401425998635332e-01 3.703047228194562002e-01 -7.101784278958785113e-02 1.420045945188823933e-01 5.682648497221672035e-03 0.000000000000000000e+00 0.000000000000000000e+00 7.940000000000000000e+02 0.000000000000000000e+00 0.000000000000000000e+00 1.000000000000000000e+00
2.000000000000000000e+00 3.770000000000000000e+02 6.290000000000000036e+00 0.000000000000000000e+00 1.054799985394093420e-01 4.009830095488213231e-01 -6.636746282414493492e-02 1.546546848213747050e-01 7.543515162557308529e-03 0.000000000000000000e+00 0.000000000000000000e+00 7.940000000000000000e+02 0.000000000000000000e+00 0.000000000000000000e+00 1.000000000000000000e+00
2.000000000000000000e+00 3.770000000000000000e+02 6.299999999999999822e+00 0.000000000000000000e+00 9.469172270359599297e-02 4.278395917953247696e-01 -6.192245591416743744e-02 1.661630513059540737e-01 9.442048233071938246e-03 0.000000000000000000e+00 0.000000000000000000e+00 7.940000000000000000e+02 0.000000000000000000e+00 0.000000000000000000e+00 1.000000000000000000e+00
2.000000000000000000e+00 3.770000000000000000e+02 6.309999999999999609e+00 0.000000000000000000e+00 8.414297220446378955e-02 4.511967714603131174e-01 -5.767304503516033909e-02 1.766310026593057858e-01 1.132199513170249749e-02 0.000000000000000000e+00 0.000000000000000000e+00 7.940000000000000000e+02 0.000000000000000000e+00 0.000000000000000000e+00 1.000000000000000000e+00
2.000000000000000000e+00 3.770000000000000000e+02 6.320000000000000284e+00 0.000000000000000000e+00 7.380212224295312762e-02 4.713348546284181761e-01 -5.360988338629869843e-02 1.861506887452103187e-01 1.314229496197297925e-02 0.000000000000000000e+00 0.000000000000000000e+00 7.940000000000000000e+02 0.000000000000000000e+00 0.000000000000000000e+00 1.000000000000000000e+00
2.000000000000000000e+00 3.770000000000000000e+02 6.330000000000000071e+00 0.000000000000000000e+00 6.363817129882087809e-02 4.884955154797341881e-01 -4.972403383165162338e-02 1.948059118040907645e-01 1.487327155563725190e-02 0.000000000000000000e+00 0.000000000000000000e+00 7.940000000000000000e+02 0.000000000000000000e+00 0.000000000000000000e+00 1.000000000000000000e+00
2.000000000000000000e+00 3.770000000000000000e+02 6.339999999999999858e+00 0.000000000000000000e+00 5.362064818912592318e-02 5.028846965861782925e-01 -4.600694924248582840e-02 2.026728641680417553e-01 1.649347249751158262e-02 0.000000000000000000e+00 0.000000000000000000e+00 7.940000000000000000e+02 0.000000000000000000e+00 0.000000000000000000e+00 1.000000000000000000e+00
2.000000000000000000e+00 3.770000000000000000e+02 6.349999999999999645e+00 0.000000000000000000e+00 4.371952071664770428e-02 5.146750803980659761e-01 -4.245045369741037855e-02 2.098207989854815325e-01 1.798718989791263378e-02 0.000000000000000000e+00 0.000000000000000000e+00 7.940000000000000000e+02 0.000000000000000000e+00 0.000000000000000000e+00 1.000000000000000000e+00
2.000000000000000000e+00 3.770000000000000000e+02 6.360000000000000320e+00 0.000000000000000000e+00 3.390510563436981151e-02 5.240081615808503956e-01 -3.904672449901115672e-02 2.163126398598454736e-01 1.934255891876375533e-02 0.000000000000000000e+00 0.000000000000000000e+00 7.940000000000000000e+02 0.000000000000000000e+00 0.000000000000000000e+00 1.000000000000000000e+00
2.000000000000000000e+00 3.770000000000000000e+02 6.370000000000000107e+00 0.000000000000000000e+00 2.414797965610392810e-02 5.309959450718317875e-01 -3.578827496741988912e-02 2.222055347690007343e-01 2.055010743220903047e-02 0.000000000000000000e+00 0.000000000000000000e+00 7.940000000000000000e+02 0.000000000000000000e+00 0.000000000000000000e+00 1.000000000000000000e+00
2.000000000000000000e+00 3.770000000000000000e+02 6.379999999999999893e+00 0.000000000000000000e+00 1.441889124646800885e-02 5.357222902349707550e-01 -3.266793797297142671e-02 2.275513591415602166e-01 2.160164477147534512e-02 0.000000000000000000e+00 0.000000000000000000e+00 7.940000000000000000e+02 0.000000000000000000e+00 0.000000000000000000e+00 1.000000000000000000e+00
2.000000000000000000e+00 3.770000000000000000e+02 6.389999999999999680e+00 0.000000000000000000e+00 4.688672925767307931e-03 5.382439172448046927e-01 -2.967885017172842282e-02 2.323971725186983195e-01 2.248940052580811200e-02 0.000000000000000000e+00 0.000000000000000000e+00 7.940000000000000000e+02 0.000000000000000000e+00 0.000000000000000000e+00 1.000000000000000000e+00
2.000000000000000000e+00 3.770000000000000000e+02 6.400000000000000355e+00 0.000000000000000000e+00 -5.071846173128211066e-03 5.385910877769370941e-01 -2.681443690919819989e-02 2.367856328214864581e-01 2.320534627315944121e-02 0.000000000000000000e+00 0.000000000000000000e+00 7.940000000000000000e+02 0.000000000000000000e+00 0.000000000000000000e+00 1.000000000000000000e+00
2.000000000000000000e+00 3.770000000000000000e+02 6.410000000000000142e+00 0.000000000000000000e+00 -1.489192775806212621e-02 5.367679681739634390e-01 -2.406839775903751866e-02 2.407553718705605916e-01 2.374065176728777649e-02 0.000000000000000000e+00 0.000000000000000000e+00 7.940000000000000000e+02 0.000000000000000000e+00 0.000000000000000000e+00 1.000000000000000000e+00
2.000000000000000000e+00 3.770000000000000000e+02 6.419999999999999929e+00 0.000000000000000000e+00 -2.480101210320705130e-02 5.327526794451391545e-01 -2.143469266493622932e-02 2.443413354638394874e-01 2.408524274823529987e-02 0.000000000000000000e+00 0.000000000000000000e+00 7.940000000000000000e+02 0.000000000000000000e+00 0.000000000000000000e+00 1.000000000000000000e+00
2.000000000000000000e+00 3.770000000000000000e+02 6.429999999999999716e+00 0.000000000000000000e+00 -3.482880631001592647e-02 5.264970346998206763e-01 -1.890752865519838150e-02 2.475750910060126320e-01 2.422744156877930377e-02 0.000000000000000000e+00 0.000000000000000000e+00 7.940000000000000000e+02 0.000000000000000000e+00 0.000000000000000000e+00 1.000000000000000000e+00
2.000000000000000000e+00 3.770000000000000000e+02 6.439999999999999503e+00 0.000000000000000000e+00 -4.500537336811280542e-02 5.179259608636662682e-01 -1.648134710079898757e-02 2.504851053978758846e-01 2.415368614776122747e-02 0.000000000000000000e+00 0.000000000000000000e+00 7.940000000000000000e+02 0.000000000000000000e+00 0.000000000000000000e+00 1.000000000000000000e+00
2.000000000000000000e+00 3.770000000000000000e+02 6.450000000000000178e+00 0.000000000000000000e+00 -5.536122228312398419e-02 5.069365977376891763e-01 -1.415081148888960166e-02 2.530969956317860037e-01 2.384834006611601109e-02 0.000000000000000000e+00 0.000000000000000000e+00 7.940000000000000000e+02 0.000000000000000000e+00 0.000000000000000000e+00 1.000000000000000000e+00
2.000000000000000000e+00 3.770000000000000000e+02 6.459999999999999964e+00 0.000000000000000000e+00 -6.592739954165056926e-02 4.933970635881090860e-01 -1.191079568485991363e-02 2.554337542992386467e-01 2.329363105153803293e-02 0.000000000000000000e+00 0.000000000000000000e+00 7.940000000000000000e+02 0.000000000000000000e+00 0.000000000000000000e+00 1.000000000000000000e+00
2.000000000000000000e+00 3.770000000000000000e+02 6.469999999999999751e+00 0.000000000000000000e+00 -7.673558218759043981e-02 4.771448724530225616e-01 -9.756372657137482585e-03 2.575159519957233578e-01 2.246979362875567432e-02 0.000000000000000000e+00 0.000000000000000000e+00 7.940000000000000000e+02 0.000000000000000000e+00 0.000000000000000000e+00 1.000000000000000000e+00
2.000000000000000000e+00 3.770000000000000000e+02 6.479999999999999538e+00 0.000000000000000000e+00 -8.781817278885017952e-02 4.579849841722259951e-01 -7.682803639924830341e-03 2.593619184046347392e-01 2.135555689725592010e-02 0.000000000000000000e+00 0.000000000000000000e+00 7.940000000000000000e+02 0.000000000000000000e+00 0.000000000000000000e+00 1.000000000000000000e+00
2.000000000000000000e+00 3.770000000000000000e+02 6.490000000000000213e+00 0.000000000000000000e+00 -9.920839657915336840e-02 4.356874637388815086e-01 -5.685527710036900051e-03 2.609879036543292785e-01 1.992923387841069593e-02 0.000000000000000000e+00 0.000000000000000000e+00 7.940000000000000000e+02 0.000000000000000000e+00 0.000000000000000000e+00 1.000000000000000000e+00
2.000000000000000000e+00 3.770000000000000000e+02 6.500000000000000000e+00 0.000000000000000000e+00 -1.109404010661732276e-01 4.099847218832518014e-01 -3.760151754912732791e-03 2.624082213687637388e-01 1.817088075300751782e-02 0.000000000000000000e+00 0.000000000000000000e+00 7.940000000000000000e+02 0.000000000000000000e+00 0.000000000000000000e+00 1.000000000000000000e+00
2.000000000000000000e+00 3.770000000000000000e+02 6.509999999999999787e+00 0.000000000000000000e+00 -1.230493584046117861e-01 3.805683037731525387e-01 -1.902440809735284066e-03 2.636353746709939050e-01 1.606639504525414486e-02 0.000000000000000000e+00 0.000000000000000000e+00 7.940000000000000000e+02 0.000000000000000000e+00 0.000000000000000000e+00 1.000000000000000000e+00
2.000000000000000000e+00 3.770000000000000000e+02 6.519999999999999574e+00 0.000000000000000000e+00 -1.355715708411362186e-01 3.470851872927885329e-01 -1.083087424054163250e-04 2.646801662487491824e-01 1.361520015649526905e-02 0.000000000000000000e+00 0.000000000000000000e+00 7.940000000000000000e+02 0.000000000000000000e+00 0.000000000000000000e+00 1.000000000000000000e+00
2.000000000000000000e+00 3.770000000000000000e+02 6.530000000000000249e+00 0.000000000000000000e+00 -1.485445795472927488e-01 3.091335464761607588e-01 1.626190734118640457e-03 2.655517934509968869e-01 1.084470165539235670e-02 0.000000000000000000e+00 0.000000000000000000e+00 7.940000000000000000e+02 0.000000000000000000e+00 0.000000000000000000e+00 1.000000000000000000e+00
2.000000000000000000e+00 3.770000000000000000e+02 6.540000000000000036e+00 0.000000000000000000e+00 -1.620072771666760669e-01 2.662579292526316421e-01 3.304872741885532539e-03 2.662579292526338071e-01 7.837698432699657936e-03 1.000000000000000000e+00 0.000000000000000000e+00 7.940000000000000000e+02 0.000000000000000000e+00 0.000000000000000000e+00 1.000000000000000000e+00
2.000000000000000000e+00 3.770000000000000000e+02 6.549999999999999822e+00 0.000000000000000000e+00 -1.711191848069075760e-01 3.099041481728191938e-01 4.931429629510604429e-03 2.668047898000416307e-01 1.202015341807970150e-02 0.000000000000000000e+00 0.000000000000000000e+00 7.940000000000000000e+02 0.000000000000000000e+00 0.000000000000000000e+00 1.000000000000000000e+00
2.000000000000000000e+00 3.770000000000000000e+02 6.559999999999999609e+00 0.000000000000000000e+00 -1.807884592673600077e-01 3.448749439585738763e-01 6.509439093689253081e-03 2.671971891321142101e-01 1.603561265870410979e-02 0.000000000000000000e+00 0.000000000000000000e+00 7.940000000000000000e+02 0.000000000000000000e+00 0.000000000000000000e+00 1.000000000000000000e+00
2.000000000000000000e+00 3.770000000000000000e+02 6.570000000000000284e+00 0.000000000000000000e+00 -1.910440887075210981e-01 3.715899959968665955e-01 8.042372048527354766e-03 2.674385815584651160e-01 1.961456147718913801e-02 0.000000000000000000e+00 0.000000000000000000e+00 7.940000000000000000e+02 0.000000000000000000e+00 0.000000000000000000e+00 1.000000000000000000e+00
2.000000000000000000e+00 3.770000000000000000e+02 6.580000000000000071e+00 0.000000000000000000e+00 -2.019168191593782580e-01 3.903699077057900535e-01 9.533600259997880577e-03 2.675310920678777293e-01 2.259526032980591070e-02 0.000000000000000000e+00 0.000000000000000000e+00 7.940000000000000000e+02 0.000000000000000000e+00 0.000000000000000000e+00 1.000000000000000000e+00
2.000000000000000000e+00 3.770000000000000000e+02 6.589999999999999858e+00 0.000000000000000000e+00 -2.134392467029884721e-01 4.014400540491185332e-01 1.098640376231596605e-02 2.674755350346788574e-01 2.487288403074529308e-02 0.000000000000000000e+00 0.000000000000000000e+00 7.940000000000000000e+02 0.000000000000000000e+00 0.000000000000000000e+00 1.000000000000000000e+00
2.000000000000000000e+00 3.770000000000000000e+02 6.599999999999999645e+00 0.000000000000000000e+00 -2.256459151884290248e-01 4.049332862281662671e-01 1.240397807254517600e-02 2.672714213877150358e-01 2.637029118647503390e-02 0.000000000000000000e+00 0.000000000000000000e+00 7.940000000000000000e+02 0.000000000000000000e+00 0.000000000000000000e+00 1.000000000000000000e+00
2.000000000000000000e+00 3.770000000000000000e+02 6.610000000000000320e+00 0.000000000000000000e+00 -2.385734197970982295e-01 4.008915260095533006e-01 1.378944121930401195e-02 2.669169543050367022e-01 2.702125153949302971e-02 0.000000000000000000e+00 0.000000000000000000e+00 7.940000000000000000e+02 0.000000000000000000e+00 0.000000000000000000e+00 1.000000000000000000e+00
2.000000000000000000e+00 3.770000000000000000e+02 6.620000000000000107e+00 0.000000000000000000e+00 -2.522605167528372827e-01 3.892662688221734113e-01 1.514584060103232530e-02 2.664090133963895601e-01 2.676111719471856165e-02 0.000000000000000000e+00 0.000000000000000000e+00 7.940000000000000000e+02 0.000000000000000000e+00 0.000000000000000000e+00 1.000000000000000000e+00
2.000000000000000000e+00 3.770000000000000000e+02 6.629999999999999893e+00 0.000000000000000000e+00 -2.667482395117861671e-01 3.699180016609561750e-01 1.647615968890325105e-02 2.657431272342743456e-01 2.552297118605427462e-02 0.000000000000000000e+00 0.000000000000000000e+00 7.940000000000000000e+02 0.000000000000000000e+00 0.000000000000000000e+00 1.000000000000000000e+00
2.000000000000000000e+00 3.770000000000000000e+02 6.639999999999999680e+00 0.000000000000000000e+00 -2.820800217793034137e-01 3.426145288117711241e-01 1.778332458912352046e-02 2.649134339917625924e-01 2.324005509905198441e-02 0.000000000000000000e+00 0.000000000000000000e+00 7.940000000000000000e+02 0.000000000000000000e+00 0.000000000000000000e+00 1.000000000000000000e+00
2.000000000000000000e+00 3.770000000000000000e+02 6.650000000000000355e+00 0.000000000000000000e+00 -2.983018277227544868e-01 3.070281853047469034e-01 1.907021047905670119e-02 2.639126298405600202e-01 1.985964700577365349e-02 0.000000000000000000e+00 0.000000000000000000e+00 7.940000000000000000e+02 0.000000000000000000e+00 0.000000000000000000e+00 1.000000000000000000e+00
2.000000000000000000e+00 3.770000000000000000e+02 6.660000000000000142e+00 0.000000000000000000e+00 -3.154622897705380291e-01 2.627319046550634640e-01 2.033964793132572030e-02 2.627319046550659065e-01 1.538402074115050033e-02 1.000000000000000000e+00 0.000000000000000000e+00 7.940000000000000000e+02 0.000000000000000000e+00 0.000000000000000000e+00 1.000000000000000000e+00
2.000000000000000000e+00 3.770000000000000000e+02 6.669999999999999929e+00 0.000000000000000000e+00 -3.254534072837944603e-01 3.015370950613388557e-01 2.159442913980498882e-02 2.613608644564268113e-01 2.132708833330518305e-02 0.000000000000000000e+00 0.000000000000000000e+00 7.940000000000000000e+02 0.000000000000000000e+00 0.000000000000000000e+00 1.000000000000000000e+00
2.000000000000000000e+00 3.770000000000000000e+02 6.679999999999999716e+00 0.000000000000000000e+00 -3.364645804233305504e-01 3.238854587419692788e-01 2.283731406119640650e-02 2.597874399138559998e-01 2.553002478937244080e-02 0.000000000000000000e+00 0.000000000000000000e+00 7.940000000000000000e+02 0.000000000000000000e+00 0.000000000000000000e+00 1.000000000000000000e+00
2.000000000000000000e+00 3.770000000000000000e+02 6.689999999999999503e+00 0.000000000000000000e+00 -3.485288203157226317e-01 3.300451951290392372e-01 2.407103648569805174e-02 2.579977800977522606e-01 2.763717294360409915e-02 0.000000000000000000e+00 0.000000000000000000e+00 7.940000000000000000e+02 0.000000000000000000e+00 0.000000000000000000e+00 1.000000000000000000e+00
2.000000000000000000e+00 3.770000000000000000e+02 6.700000000000000178e+00 0.000000000000000000e+00 -3.616822951462391189e-01 3.200902263147618609e-01 2.529831005011830281e-02 2.559761305493200023e-01 2.743221380163285428e-02 0.000000000000000000e+00 0.000000000000000000e+00 7.940000000000000000e+02 0.000000000000000000e+00 0.000000000000000000e+00 1.000000000000000000e+00
2.000000000000000000e+00 3.770000000000000000e+02 6.709999999999999964e+00 0.000000000000000000e+00 -3.759644385898434082e-01 2.939010841796554918e-01 2.652183420666148067e-02 2.537046945933349451e-01 2.475521799881015561e-02 0.000000000000000000e+00 0.000000000000000000e+00 7.940000000000000000e+02 0.000000000000000000e+00 0.000000000000000000e+00 1.000000000000000000e+00
2.000000000000000000e+00 3.770000000000000000e+02 6.719999999999999751e+00 0.000000000000000000e+00 -3.914180680320240024e-01 2.511634766731792312e-01 2.774430016051378928e-02 2.511634766731818402e-01 1.952507031285390104e-02 1.000000000000000000e+00 0.000000000000000000e+00 7.940000000000000000e+02 0.000000000000000000e+00 0.000000000000000000e+00 1.000000000000000000e+00
2.000000000000000000e+00 3.770000000000000000e+02 6.729999999999999538e+00 0.000000000000000000e+00 -4.012691871120915854e-01 2.871142638687671500e-01 2.896839678928938427e-02 2.483301063290379862e-01 2.617518775655015839e-02 0.000000000000000000e+00 0.000000000000000000e+00 7.940000000000000000e+02 0.000000000000000000e+00 0.000000000000000000e+00 1.000000000000000000e+00
2.000000000000000000e+00 3.770000000000000000e+02 6.740000000000000213e+00 0.000000000000000000e+00 -4.123676549753690357e-01 3.032507302344364941e-01 3.019681655735700215e-02 2.451796412696715943e-01 3.008082699859335185e-02 0.000000000000000000e+00 0.000000000000000000e+00 7.940000000000000000e+02 0.000000000000000000e+00 0.000000000000000000e+00 1.000000000000000000e+00
2.000000000000000000e+00 3.770000000000000000e+02 6.750000000000000000e+00 0.000000000000000000e+00 -4.247467444550773741e-01 2.997665271344199800e-01 3.143226143805565725e-02 2.416843478042903504e-01 3.087927528614285710e-02 0.000000000000000000e+00 0.000000000000000000e+00 7.940000000000000000e+02 0.000000000000000000e+00 0.000000000000000000e+00 1.000000000000000000e+00
2.000000000000000000e+00 3.770000000000000000e+02 6.759999999999999787e+00 0.000000000000000000e+00 -4.384435676449542352e-01 2.766198411587498796e-01 3.267744885682594830e-02 2.378134567015672551e-01 2.832532169331765382e-02 0.000000000000000000e+00 0.000000000000000000e+00 7.940000000000000000e+02 0.000000000000000000e+00 0.000000000000000000e+00 1.000000000000000000e+00
2.000000000000000000e+00 3.770000000000000000e+02 6.769999999999999574e+00 0.000000000000000000e+00 -4.534991871600616564e-01 2.335328923266614953e-01 3.393511766832901788e-02 2.335328923266638823e-01 2.224887035224074744e-02 1.000000000000000000e+00 0.000000000000000000e+00 7.940000000000000000e+02 0.000000000000000000e+00 0.000000000000000000e+00 1.000000000000000000e+00
2.000000000000000000e+00 3.770000000000000000e+02 6.780000000000000249e+00 0.000000000000000000e+00 -4.626619543115773614e-01 2.676542357260822125e-01 3.520803418070019702e-02 2.288049726718274224e-01 2.942832942345099956e-02 0.000000000000000000e+00 0.000000000000000000e+00 7.940000000000000000e+02 0.000000000000000000e+00 0.000000000000000000e+00 1.000000000000000000e+00
2.000000000000000000e+00 3.770000000000000000e+02 6.790000000000000036e+00 0.000000000000000000e+00 -4.732561236966673635e-01 2.817634735477086982e-01 3.649899824018799921e-02 2.235880776399203074e-01 3.338936117741303500e-02 0.000000000000000000e+00 0.000000000000000000e+00 7.940000000000000000e+02 0.000000000000000000e+00 0.000000000000000000e+00 1.000000000000000000e+00
2.000000000000000000e+00 3.770000000000000000e+02 6.799999999999999822e+00 0.000000000000000000e+00 -4.853134562786833306e-01 2.760299286835871113e-01 3.781084938956197350e-02 2.178362826607643243e-01 3.379768400146961060e-02 0.000000000000000000e+00 0.000000000000000000e+00 7.940000000000000000e+02 0.000000000000000000e+00 0.000000000000000000e+00 1.000000000000000000e+00
2.000000000000000000e+00 3.770000000000000000e+02 6.809999999999999609e+00 0.000000000000000000e+00 -4.988700995350097700e-01 2.503847937034126003e-01 3.914647311383506745e-02 2.114989544150086553e-01 3.038531976928492140e-02 0.000000000000000000e+00 0.000000000000000000e+00 7.940000000000000000e+02 0.000000000000000000e+00 0.000000000000000000e+00 1.000000000000000000e+00
2.000000000000000000e+00 3.770000000000000000e+02 6.820000000000000284e+00 0.000000000000000000e+00 -5.139666958259847540e-01 2.045203051066569189e-01 4.050880718703842032e-02 2.045203051066590005e-01 2.292147005709042201e-02 1.000000000000000000e+00 0.000000000000000000e+00 7.940000000000000000e+02 0.000000000000000000e+00 0.000000000000000000e+00 1.000000000000000000e+00
2.000000000000000000e+00 3.770000000000000000e+02 6.830000000000000071e+00 0.000000000000000000e+00 -5.249703060307546743e-01 2.214487420788290029e-01 4.190084813400851010e-02 1.968389013605086613e-01 2.760463015934437603e-02 0.000000000000000000e+00 0.000000000000000000e+00 7.940000000000000000e+02 0.000000000000000000e+00 0.000000000000000000e+00 1.000000000000000000e+00
2.000000000000000000e+00 3.770000000000000000e+02 6.839999999999999858e+00 0.000000000000000000e+00 -5.375921168110462389e-01 1.883871234212703971e-01 4.332565782139981281e-02 1.883871234212722290e-01 2.212610958277052425e-02 1.000000000000000000e+00 0.000000000000000000e+00 7.940000000000000000e+02 0.000000000000000000e+00 0.000000000000000000e+00 1.000000000000000000e+00
2.000000000000000000e+00 3.770000000000000000e+02 6.849999999999999645e+00 0.000000000000000000e+00 -5.483756641416459576e-01 2.037145571024049084e-01 4.478637019242016903e-02 1.790905698937278745e-01 2.660040355933886158e-02 0.000000000000000000e+00 0.000000000000000000e+00 7.940000000000000000e+02 0.000000000000000000e+00 0.000000000000000000e+00 1.000000000000000000e+00
2.000000000000000000e+00 3.770000000000000000e+02 6.860000000000000320e+00 0.000000000000000000e+00 -5.608475805238573031e-01 1.688674027837648028e-01 4.628619816010231397e-02 1.688674027837661906e-01 2.041860134928921017e-02 1.000000000000000000e+00 0.000000000000000000e+00 7.940000000000000000e+02 0.000000000000000000e+00 0.000000000000000000e+00 1.000000000000000000e+00
2.000000000000000000e+00 3.770000000000000000e+02 6.870000000000000107e+00 0.000000000000000000e+00 -5.723259385259196197e-01 1.576276270747120067e-01 4.782844067427360901e-02 1.576276270747132002e-01 1.914417753419574153e-02 1.000000000000000000e+00 0.000000000000000000e+00 7.940000000000000000e+02 0.000000000000000000e+00 0.000000000000000000e+00 1.000000000000000000e+00
2.000000000000000000e+00 3.770000000000000000e+02 6.879999999999999893e+00 0.000000000000000000e+00 -5.836988744918509830e-01 1.452722984970014342e-01 4.941648997776823538e-02 1.452722984970023501e-01 1.754467014259518398e-02 1.000000000000000000e+00 0.000000000000000000e+00 7.940000000000000000e+02 0.000000000000000000e+00 0.000000000000000000e+00 1.000000000000000000e+00
2.000000000000000000e+00 3.770000000000000000e+02 6.889999999999999680e+00 0.000000000000000000e+00 -5.949618930780953274e-01 1.316926525171566720e-01 5.105383906784223547e-02 1.316926525171573936e-01 1.558882348380869615e-02 1.000000000000000000e+00 0.000000000000000000e+00 7.940000000000000000e+02 0.000000000000000000e+00 0.000000000000000000e+00 1.000000000000000000e+00
2.000000000000000000e+00 3.770000000000000000e+02 6.900000000000000355e+00 0.000000000000000000e+00 -6.061103972913088889e-01 1.167691468785325981e-01 5.274408937920305879e-02 1.167691468785331393e-01 1.325427620623139541e-02 1.000000000000000000e+00 0.000000000000000000e+00 7.940000000000000000e+02 0.000000000000000000e+00 0.000000000000000000e+00 1.000000000000000000e+00
2.000000000000000000e+00 3.770000000000000000e+02 6.910000000000000142e+00 0.000000000000000000e+00 -6.171396806663613788e-01 1.003704092652569352e-01 5.449095870555306642e-02 1.003704092652572960e-01 1.054175958271772601e-02 1.000000000000000000e+00 0.000000000000000000e+00 7.940000000000000000e+02 0.000000000000000000e+00 0.000000000000000000e+00 1.000000000000000000e+00
2.000000000000000000e+00 3.770000000000000000e+02 6.919999999999999929e+00 0.000000000000000000e+00 -6.280449191877226500e-01 8.235208082560904752e-02 5.629828937707063996e-02 8.235208082560928344e-02 7.506993051361588593e-03 1.000000000000000000e+00 0.000000000000000000e+00 7.940000000000000000e+02 0.000000000000000000e+00 0.000000000000000000e+00 1.000000000000000000e+00
2.000000000000000000e+00 3.770000000000000000e+02 6.929999999999999716e+00 0.000000000000000000e+00 -6.388211629362283706e-01 6.255554537431826101e-02 5.817005671181577769e-02 6.255554537431837203e-02 4.335237817132232135e-03 1.000000000000000000e+00 0.000000000000000000e+00 7.940000000000000000e+02 0.000000000000000000e+00 0.000000000000000000e+00 1.000000000000000000e+00
2.000000000000000000e+00 3.770000000000000000e+02 6.939999999999999503e+00 0.000000000000000000e+00 -6.494633274426122593e-01 4.080653308689020237e-02 6.011037775964942625e-02 4.080653308689024400e-02 1.514974927537725974e-03 1.000000000000000000e+00 0.000000000000000000e+00 7.940000000000000000e+02 0.000000000000000000e+00 0.000000000000000000e+00 1.000000000000000000e+00
2.000000000000000000e+00 3.770000000000000000e+02 6.950000000000000178e+00 0.000000000000000000e+00 -6.599661847286018013e-01 1.691358639421729898e-02 6.212352035789944077e-02 1.691358639421730245e-02 6.713661721478327276e-05 1.000000000000000000e+00 1.000000000000000000e+00 7.940000000000000000e+02 0.000000000000000000e+00 0.000000000000000000e+00 1.000000000000000000e+00
2.000000000000000000e+00 3.770000000000000000e+02 6.959999999999999964e+00 0.000000000000000000e+00 -6.669468083202894082e-01 3.945388358715442439e-02 6.759145821396396470e-02 3.945388358715443827e-02 1.717699036723443345e-03 1.000000000000000000e+00 0.000000000000000000e+00 7.940000000000000000e+02 0.000000000000000000e+00 0.000000000000000000e+00 1.000000000000000000e+00
2.000000000000000000e+00 3.770000000000000000e+02 6.969999999999999751e+00 0.000000000000000000e+00 -6.737697716017425620e-01 5.869865197284964559e-02 7.314867264702462624e-02 5.869865197284966640e-02 5.198390274515442278e-03 1.000000000000000000e+00 0.000000000000000000e+00 7.940000000000000000e+02 0.000000000000000000e+00 0.000000000000000000e+00 1.000000000000000000e+00
2.000000000000000000e+00 3.770000000000000000e+02 6.979999999999999538e+00 0.000000000000000000e+00 -6.804219134575169026e-01 7.481730414459548950e-02 7.880738704002240858e-02 7.481730414459553113e-02 9.296662023925088281e-03 1.000000000000000000e+00 0.000000000000000000e+00 7.940000000000000000e+02 0.000000000000000000e+00 0.000000000000000000e+00 1.000000000000000000e+00
2.000000000000000000e+00 3.770000000000000000e+02 6.990000000000000213e+00 0.000000000000000000e+00 -6.868898571757660054e-01 8.795173334891316641e-02 8.458004803035315544e-02 8.795173334891323580e-02 1.330142177247443241e-02 1.000000000000000000e+00 0.000000000000000000e+00 7.940000000000000000e+02 0.000000000000000000e+00 0.000000000000000000e+00 1.000000000000000000e+00
2.000000000000000000e+00 3.770000000000000000e+02 7.000000000000000000e+00 0.000000000000000000e+00 -6.931599831641908072e-01 9.821756257841685045e-02 9.047935288689563926e-02 9.821756257841697535e-02 1.686109670429874335e-02 1.000000000000000000e+00 0.000000000000000000e+00 7.940000000000000000e+02 0.000000000000000000e+00 0.000000000000000000e+00 1.000000000000000000e+00
2.000000000000000000e+00 3.770000000000000000e+02 7.009999999999999787e+00 0.000000000000000000e+00 -6.992184011139825905e-01 1.057051624064079126e-01 9.651827743831647988e-02 1.057051624064080791e-01 1.979419865432962417e-02 1.000000000000000000e+00 0.000000000000000000e+00 7.940000000000000000e+02 0.000000000000000000e+00 0.000000000000000000e+00 1.000000000000000000e+00
2.000000000000000000e+00 3.770000000000000000e+02 7.019999999999999574e+00 0.000000000000000000e+00 -7.050509215502593907e-01 1.104804465232448601e-01 1.027101046140820317e-01 1.104804465232450544e-01 2.199754868576717787e-02 1.000000000000000000e+00 0.000000000000000000e+00 7.940000000000000000e+02 0.000000000000000000e+00 0.000000000000000000e+00 1.000000000000000000e+00
2.000000000000000000e+00 3.770000000000000000e+02 7.030000000000000249e+00 0.000000000000000000e+00 -7.094297791687880217e-01 1.372624477753724703e-01 1.090684536609543565e-01 1.125854519776326862e-01 3.112827106844096720e-02 0.000000000000000000e+00 0.000000000000000000e+00 7.940000000000000000e+02 0.000000000000000000e+00 0.000000000000000000e+00 1.000000000000000000e+00
2.000000000000000000e+00 3.770000000000000000e+02 7.040000000000000036e+00 0.000000000000000000e+00 -7.159798406567465801e-01 1.120387092307213867e-01 1.156073100992348612e-01 1.120387092307215948e-01 2.395847736873118333e-02 1.000000000000000000e+00 0.000000000000000000e+00 7.940000000000000000e+02 0.000000000000000000e+00 0.000000000000000000e+00 1.000000000000000000e+00
2.000000000000000000e+00 3.770000000000000000e+02 7.049999999999999822e+00 0.000000000000000000e+00 -7.210460986455733412e-01 1.088354052806213279e-01 1.223410564846452719e-01 1.088354052806214667e-01 2.361435305757741271e-02 1.000000000000000000e+00 0.000000000000000000e+00 7.940000000000000000e+02 0.000000000000000000e+00 0.000000000000000000e+00 1.000000000000000000e+00
2.000000000000000000e+00 3.770000000000000000e+02 7.059999999999999609e+00 0.000000000000000000e+00 -7.258261155383218810e-01 1.029473412933210735e-01 1.292845040435091908e-01 1.029473412933212401e-01 2.232346288020946312e-02 1.000000000000000000e+00 0.000000000000000000e+00 7.940000000000000000e+02 0.000000000000000000e+00 0.000000000000000000e+00 1.000000000000000000e+00
2.000000000000000000e+00 3.770000000000000000e+02 7.070000000000000284e+00 0.000000000000000000e+00 -7.303037533318232910e-01 9.432268436703830639e-02 1.364529252508164536e-01 9.432268436703847292e-02 2.004197038434676198e-02 1.000000000000000000e+00 0.000000000000000000e+00 7.940000000000000000e+02 0.000000000000000000e+00 0.000000000000000000e+00 1.000000000000000000e+00
2.000000000000000000e+00 3.770000000000000000e+02 7.080000000000000071e+00 0.000000000000000000e+00 -7.344623876480638192e-01 8.288551124476851995e-02 1.438620874228286883e-01 8.288551124476863097e-02 1.674348998549117506e-02 1.000000000000000000e+00 0.000000000000000000e+00 7.940000000000000000e+02 0.000000000000000000e+00 0.000000000000000000e+00 1.000000000000000000e+00
2.000000000000000000e+00 3.770000000000000000e+02 7.089999999999999858e+00 0.000000000000000000e+00 -7.382848731388591546e-01 6.853513995831410355e-02 1.515282873981133038e-01 6.853513995831417294e-02 1.246085069873059670e-02 1.000000000000000000e+00 0.000000000000000000e+00 7.940000000000000000e+02 0.000000000000000000e+00 0.000000000000000000e+00 1.000000000000000000e+00
2.000000000000000000e+00 3.770000000000000000e+02 7.099999999999999645e+00 0.000000000000000000e+00 -7.417535077249666209e-01 5.114524352022448844e-02 1.594683873832900001e-01 5.114524352022453701e-02 7.412732469059074569e-03 1.000000000000000000e+00 0.000000000000000000e+00 7.940000000000000000e+02 0.000000000000000000e+00 0.000000000000000000e+00 1.000000000000000000e+00
2.000000000000000000e+00 3.770000000000000000e+02 7.110000000000000320e+00 0.000000000000000000e+00 -7.448499955907545989e-01 3.056273786143628990e-02 1.676998520423334804e-01 3.056273786143629684e-02 2.423360759996131403e-03 1.000000000000000000e+00 1.000000000000000000e+00 7.940000000000000000e+02 0.000000000000000000e+00 0.000000000000000000e+00 1.000000000000000000e+00
2.000000000000000000e+00 3.770000000000000000e+02 7.120000000000000107e+00 0.000000000000000000e+00 -7.469692417003765961e-01 8.390632865652709882e-02 1.741275638642053036e-01 5.099131728642732064e-02 1.860573363182570217e-02 0.000000000000000000e+00 0.000000000000000000e+00 7.940000000000000000e+02 0.000000000000000000e+00 0.000000000000000000e+00 1.000000000000000000e+00
2.000000000000000000e+00 3.770000000000000000e+02 7.129999999999999893e+00 0.000000000000000000e+00 -7.513722337249972849e-01 1.010408106138436374e-01 1.808788839830547945e-01 6.814401005997938743e-02 2.530893779914725888e-02 0.000000000000000000e+00 0.000000000000000000e+00 7.940000000000000000e+02 0.000000000000000000e+00 0.000000000000000000e+00 1.000000000000000000e+00
2.000000000000000000e+00 3.770000000000000000e+02 7.139999999999999680e+00 0.000000000000000000e+00 -7.580721716865579385e-01 8.217181213623858671e-02 1.879686622795486151e-01 8.217181213623854508e-02 1.941852941053169579e-02 1.000000000000000000e+00 0.000000000000000000e+00 7.940000000000000000e+02 0.000000000000000000e+00 0.000000000000000000e+00 1.000000000000000000e+00
2.000000000000000000e+00 3.770000000000000000e+02 7.150000000000000355e+00 0.000000000000000000e+00 -7.602356570563311156e-01 1.178906595087291509e-01 1.954124930907648605e-01 9.319821091085976617e-02 3.290972584598305523e-02 0.000000000000000000e+00 0.000000000000000000e+00 7.940000000000000000e+02 0.000000000000000000e+00 0.000000000000000000e+00 1.000000000000000000e+00
2.000000000000000000e+00 3.770000000000000000e+02 7.160000000000000142e+00 0.000000000000000000e+00 -7.647226606079617905e-01 1.013202722863079525e-01 2.032267495107509259e-01 1.013202722863079525e-01 2.748935911675414595e-02 1.000000000000000000e+00 0.000000000000000000e+00 7.940000000000000000e+02 0.000000000000000000e+00 0.000000000000000000e+00 1.000000000000000000e+00
2.000000000000000000e+00 3.770000000000000000e+02 7.169999999999999929e+00 0.000000000000000000e+00 -7.673470955113184111e-01 1.066094951475226038e-01 2.114286194039973199e-01 1.066094951475226038e-01 2.991643810400779202e-02 1.000000000000000000e+00 0.000000000000000000e+00 7.940000000000000000e+02 0.000000000000000000e+00 0.000000000000000000e+00 1.000000000000000000e+00
2.000000000000000000e+00 3.770000000000000000e+02 7.179999999999999716e+00 0.000000000000000000e+00 -7.694795274497272519e-01 1.091124407699350790e-01 2.200361432110422288e-01 1.091124407699350790e-01 3.123000178762169732e-02 1.000000000000000000e+00 0.000000000000000000e+00 7.940000000000000000e+02 0.000000000000000000e+00 0.000000000000000000e+00 1.000000000000000000e+00
2.000000000000000000e+00 3.770000000000000000e+02 7.189999999999999503e+00 0.000000000000000000e+00 -7.711002652589828976e-01 1.088511427005470211e-01 2.290682536293609795e-01 1.088511427005470211e-01 3.141148299565280771e-02 1.000000000000000000e+00 0.000000000000000000e+00 7.940000000000000000e+02 0.000000000000000000e+00 0.000000000000000000e+00 1.000000000000000000e+00
2.000000000000000000e+00 3.770000000000000000e+02 7.200000000000000178e+00 0.000000000000000000e+00 -7.721886933111181683e-01 1.058233007202719483e-01 2.385448172568217784e-01 1.058233007202719761e-01 3.044010819843174370e-02 1.000000000000000000e+00 0.000000000000000000e+00 7.940000000000000000e+02 0.000000000000000000e+00 0.000000000000000000e+00 1.000000000000000000e+00
2.000000000000000000e+00 3.770000000000000000e+02 7.209999999999999964e+00 0.000000000000000000e+00 -7.727232278916862374e-01 1.000022605949991844e-01 2.484866782893033477e-01 1.000022605949991983e-01 2.829193838241098741e-02 1.000000000000000000e+00 0.000000000000000000e+00 7.940000000000000000e+02 0.000000000000000000e+00 0.000000000000000000e+00 1.000000000000000000e+00
2.000000000000000000e+00 3.770000000000000000e+02 7.219999999999999751e+00 0.000000000000000000e+00 -7.726812714258226578e-01 9.133677943712836811e-02 2.589157043685911264e-01 9.133677943712838199e-02 2.494592909972332545e-02 1.000000000000000000e+00 0.000000000000000000e+00 7.940000000000000000e+02 0.000000000000000000e+00 0.000000000000000000e+00 1.000000000000000000e+00
2.000000000000000000e+00 3.770000000000000000e+02 7.229999999999999538e+00 0.000000000000000000e+00 -7.720391644522088814e-01 7.975057461204111686e-02 2.698548346813950949e-01 7.975057461204111686e-02 2.040362943827094683e-02 1.000000000000000000e+00 0.000000000000000000e+00 7.940000000000000000e+02 0.000000000000000000e+00 0.000000000000000000e+00 1.000000000000000000e+00
2.000000000000000000e+00 3.770000000000000000e+02 7.240000000000000213e+00 0.000000000000000000e+00 -7.707721352391727621e-01 6.514165221851200838e-02 2.813281304152880358e-01 6.514165221851202225e-02 1.474542724255791665e-02 1.000000000000000000e+00 0.000000000000000000e+00 7.940000000000000000e+02 0.000000000000000000e+00 0.000000000000000000e+00 1.000000000000000000e+00
2.000000000000000000e+00 3.770000000000000000e+02 7.250000000000000000e+00 0.000000000000000000e+00 -7.688542469318946360e-01 4.738140923164130963e-02 2.933608276825415695e-01 4.738140923164131657e-02 8.303307047230295418e-03 1.000000000000000000e+00 0.000000000000000000e+00 7.940000000000000000e+02 0.000000000000000000e+00 0.000000000000000000e+00 1.000000000000000000e+00
2.000000000000000000e+00 3.770000000000000000e+02 7.259999999999999787e+00 0.000000000000000000e+00 -7.662583421143480678e-01 2.631350140443107499e-02 3.059793930282714847e-01 2.631350140443108193e-02 2.261856587747137007e-03 1.000000000000000000e+00 1.000000000000000000e+00 7.940000000000000000e+02 0.000000000000000000e+00 0.000000000000000000e+00 1.000000000000000000e+00
2.000000000000000000e+00 3.770000000000000000e+02 7.269999999999999574e+00 0.000000000000000000e+00 -7.794767790162959731e-01 4.622745578619123080e-02 3.026907872925191922e-01 4.622745578619123774e-02 8.794083700159761180e-03 1.000000000000000000e+00 0.000000000000000000e+00 7.940000000000000000e+02 0.000000000000000000e+00 0.000000000000000000e+00 1.000000000000000000e+00
2.000000000000000000e+00 3.770000000000000000e+02 7.280000000000000249e+00 0.000000000000000000e+00 -7.919953258237000249e-01 6.213539661125794950e-02 3.000085713679403465e-01 6.213539661125794950e-02 1.614318075236230443e-02 1.000000000000000000e+00 0.000000000000000000e+00 7.940000000000000000e+02 0.000000000000000000e+00 0.000000000000000000e+00 1.000000000000000000e+00
2.000000000000000000e+00 3.770000000000000000e+02 7.290000000000000036e+00 0.000000000000000000e+00 -8.038192213648724938e-01 7.417736222434427595e-02 2.979268455807380089e-01 7.417736222434427595e-02 2.282629109247642785e-02 1.000000000000000000e+00 0.000000000000000000e+00 7.940000000000000000e+02 0.000000000000000000e+00 0.000000000000000000e+00 1.000000000000000000e+00
2.000000000000000000e+00 3.770000000000000000e+02 7.299999999999999822e+00 0.000000000000000000e+00 -8.149523938007470214e-01 8.245935861013997670e-02 2.964410310664862269e-01 8.245935861013997670e-02 2.829437315367602790e-02 1.000000000000000000e+00 0.000000000000000000e+00 7.940000000000000000e+02 0.000000000000000000e+00 0.000000000000000000e+00 1.000000000000000000e+00
2.000000000000000000e+00 3.770000000000000000e+02 7.309999999999999609e+00 0.000000000000000000e+00 -8.253974707613878081e-01 8.705429256893677803e-02 2.955478596986791384e-01 8.705429256893677803e-02 3.229573913845465438e-02 1.000000000000000000e+00 0.000000000000000000e+00 7.940000000000000000e+02 0.000000000000000000e+00 0.000000000000000000e+00 1.000000000000000000e+00
2.000000000000000000e+00 3.770000000000000000e+02 7.320000000000000284e+00 0.000000000000000000e+00 -8.351557865984651219e-01 8.800261351859030301e-02 2.952453669003163306e-01 8.800261351859030301e-02 3.466970039923503166e-02 1.000000000000000000e+00 0.000000000000000000e+00 7.940000000000000000e+02 0.000000000000000000e+00 0.000000000000000000e+00 1.000000000000000000e+00
2.000000000000000000e+00 3.770000000000000000e+02 7.330000000000000071e+00 0.000000000000000000e+00 -8.442273867694569667e-01 8.531266957263113071e-02 2.955328873227136555e-01 8.531266957263113071e-02 3.526714386583343352e-02 1.000000000000000000e+00 0.000000000000000000e+00 7.940000000000000000e+02 0.000000000000000000e+00 0.000000000000000000e+00 1.000000000000000000e+00
2.000000000000000000e+00 3.770000000000000000e+02 7.339999999999999858e+00 0.000000000000000000e+00 -8.526110293631101733e-01 7.896078102909748209e-02 2.964110533820336624e-01 7.896078102909748209e-02 3.391030428691885895e-02 1.000000000000000000e+00 0.000000000000000000e+00 7.940000000000000000e+02 0.000000000000000000e+00 0.000000000000000000e+00 1.000000000000000000e+00
2.000000000000000000e+00 3.770000000000000000e+02 7.349999999999999645e+00 0.000000000000000000e+00 -8.603041837693636840e-01 6.889103191701494155e-02 2.978817966503181092e-01 6.889103191701494155e-02 3.036410321860506800e-02 1.000000000000000000e+00 0.000000000000000000e+00 7.940000000000000000e+02 0.000000000000000000e+00 0.000000000000000000e+00 1.000000000000000000e+00
2.000000000000000000e+00 3.770000000000000000e+02 7.360000000000000320e+00 0.000000000000000000e+00 -8.673030264906469444e-01 5.501477776549702770e-02 2.999483521040813283e-01 5.501477776549702770e-02 2.431604205335594071e-02 1.000000000000000000e+00 0.000000000000000000e+00 7.940000000000000000e+02 0.000000000000000000e+00 0.000000000000000000e+00 1.000000000000000000e+00
2.000000000000000000e+00 3.770000000000000000e+02 7.370000000000000107e+00 0.000000000000000000e+00 -8.736024340852404091e-01 3.720986526233543978e-02 3.026152652398097498e-01 3.720986526233543978e-02 1.542707997231841655e-02 1.000000000000000000e+00 0.000000000000000000e+00 7.940000000000000000e+02 0.000000000000000000e+00 0.000000000000000000e+00 1.000000000000000000e+00
2.000000000000000000e+00 3.770000000000000000e+02 7.379999999999999893e+00 0.000000000000000000e+00 -8.791959732270107075e-01 1.531955693269786319e-02 3.058884020720186170e-01 1.531955693269786319e-02 4.180976706193880593e-03 1.000000000000000000e+00 1.000000000000000000e+00 7.940000000000000000e+02 0.000000000000000000e+00 0.000000000000000000e+00 1.000000000000000000e+00
2.000000000000000000e+00 3.770000000000000000e+02 7.389999999999999680e+00 0.000000000000000000e+00 -8.720614533021198156e-01 3.591281615654094012e-02 3.217893965932776545e-01 3.591281615654094012e-02 1.447304299817067999e-02 1.000000000000000000e+00 0.000000000000000000e+00 7.940000000000000000e+02 0.000000000000000000e+00 0.000000000000000000e+00 1.000000000000000000e+00
2.000000000000000000e+00 3.770000000000000000e+02 7.400000000000000355e+00 0.000000000000000000e+00 -8.641777879260719164e-01 5.128024208319005572e-02 3.383387893128144697e-01 5.128024208319003491e-02 2.172689144578508758e-02 1.000000000000000000e+00 0.000000000000000000e+00 7.940000000000000000e+02 0.000000000000000000e+00 0.000000000000000000e+00 1.000000000000000000e+00
2.000000000000000000e+00 3.770000000000000000e+02 7.410000000000000142e+00 0.000000000000000000e+00 -8.555080407719017899e-01 6.155711487950858013e-02 3.555729814829270419e-01 6.155711487950858013e-02 2.563183735647968364e-02 1.000000000000000000e+00 0.000000000000000000e+00 7.940000000000000000e+02 0.000000000000000000e+00 0.000000000000000000e+00 1.000000000000000000e+00
2.000000000000000000e+00 3.770000000000000000e+02 7.419999999999999929e+00 0.000000000000000000e+00 -8.460137801146403458e-01 6.683390233583146045e-02 3.735298806080152856e-01 6.683390233583146045e-02 2.657201540615176244e-02 1.000000000000000000e+00 0.000000000000000000e+00 7.940000000000000000e+02 0.000000000000000000e+00 0.000000000000000000e+00 1.000000000000000000e+00
2.000000000000000000e+00 3.770000000000000000e+02 7.429999999999999716e+00 0.000000000000000000e+00 -8.356549955042127387e-01 6.715705625814115398e-02 3.922489838241145499e-01 6.715705625814115398e-02 2.488307324119747727e-02 1.000000000000000000e+00 0.000000000000000000e+00 7.940000000000000000e+02 0.000000000000000000e+00 0.000000000000000000e+00 1.000000000000000000e+00
2.000000000000000000e+00 3.770000000000000000e+02 7.439999999999999503e+00 0.000000000000000000e+00 -8.243900109407438226e-01 6.252942138548117645e-02 4.117714647749050050e-01 6.252942138548117645e-02 2.085325525715775452e-02 1.000000000000000000e+00 0.000000000000000000e+00 7.940000000000000000e+02 0.000000000000000000e+00 0.000000000000000000e+00 1.000000000000000000e+00
2.000000000000000000e+00 3.770000000000000000e+02 7.450000000000000178e+00 0.000000000000000000e+00 -8.121753943612388671e-01 5.291026043232665427e-02 4.321402641752888352e-01 5.291026043232664733e-02 1.483639504351311200e-02 1.000000000000000000e+00 0.000000000000000000e+00 7.940000000000000000e+02 0.000000000000000000e+00 0.000000000000000000e+00 1.000000000000000000e+00
2.000000000000000000e+00 3.770000000000000000e+02 7.459999999999999964e+00 0.000000000000000000e+00 -7.989658632383547232e-01 3.821489547636060247e-02 4.534001842617314537e-01 3.821489547636060247e-02 7.561478982636034990e-03 1.000000000000000000e+00 0.000000000000000000e+00 7.940000000000000000e+02 0.000000000000000000e+00 0.000000000000000000e+00 1.000000000000000000e+00
2.000000000000000000e+00 3.770000000000000000e+02 7.469999999999999751e+00 0.000000000000000000e+00 -7.847141860835904481e-01 1.831396253477616393e-02 4.755979873371171118e-01 1.831396253477616046e-02 1.211495036437910781e-03 1.000000000000000000e+00 1.000000000000000000e+00 7.940000000000000000e+02 0.000000000000000000e+00 0.000000000000000000e+00 1.000000000000000000e+00
2.000000000000000000e+00 3.770000000000000000e+02 7.479999999999999538e+00 0.000000000000000000e+00 -8.203585461587825645e-01 3.428072213771378440e-02 4.477950321061587857e-01 3.428072213771378440e-02 7.846369933818670567e-03 1.000000000000000000e+00 0.000000000000000000e+00 7.940000000000000000e+02 0.000000000000000000e+00 0.000000000000000000e+00 1.000000000000000000e+00
2.000000000000000000e+00 3.770000000000000000e+02 7.490000000000000213e+00 0.000000000000000000e+00 -8.549721841576312098e-01 4.211404698817820119e-02 4.209176310396819387e-01 4.211404698817818731e-02 1.540638103659391911e-02 1.000000000000000000e+00 0.000000000000000000e+00 7.940000000000000000e+02 0.000000000000000000e+00 0.000000000000000000e+00 1.000000000000000000e+00
2.000000000000000000e+00 3.770000000000000000e+02 7.500000000000000000e+00 0.000000000000000000e+00 -8.886137827325601979e-01 4.188289421001852031e-02 3.949066658924487161e-01 4.188289421001852031e-02 2.061565500929183475e-02 1.000000000000000000e+00 0.000000000000000000e+00 7.940000000000000000e+02 0.000000000000000000e+00 0.000000000000000000e+00 1.000000000000000000e+00
2.000000000000000000e+00 3.770000000000000000e+02 7.509999999999999787e+00 0.000000000000000000e+00 -9.195095062952858278e-01 5.832519269354542735e-02 3.697049241902078398e-01 3.358522895455224450e-02 3.760777773846185612e-02 0.000000000000000000e+00 0.000000000000000000e+00 7.940000000000000000e+02 0.000000000000000000e+00 0.000000000000000000e+00 1.000000000000000000e+00
2.000000000000000000e+00 3.770000000000000000e+02 7.519999999999999574e+00 0.000000000000000000e+00 -9.532062456807550710e-01 1.714800648769743835e-02 3.452569733878747549e-01 1.714800648769743835e-02 1.421366525399921435e-02 1.000000000000000000e+00 1.000000000000000000e+00 7.940000000000000000e+02 0.000000000000000000e+00 0.000000000000000000e+00 1.000000000000000000e+00
2.000000000000000000e+00 3.770000000000000000e+02 7.530000000000000249e+00 0.000000000000000000e+00 -9.142862883932634244e-01 2.832614389467330573e-02 3.914882531053379688e-01 2.832614389467330226e-02 1.625562314130610253e-02 1.000000000000000000e+00 0.000000000000000000e+00 7.940000000000000000e+02 0.000000000000000000e+00 0.000000000000000000e+00 1.000000000000000000e+00
2.000000000000000000e+00 3.770000000000000000e+02 7.540000000000000036e+00 0.000000000000000000e+00 -8.744573940428375103e-01 2.758899728582979091e-02 4.385212372906063250e-01 2.758899728582979091e-02 1.014273605731703595e-02 1.000000000000000000e+00 0.000000000000000000e+00 7.940000000000000000e+02 0.000000000000000000e+00 0.000000000000000000e+00 1.000000000000000000e+00
2.000000000000000000e+00 3.770000000000000000e+02 7.549999999999999822e+00 0.000000000000000000e+00 -8.336157323793345064e-01 1.493007752520338939e-02 4.864593774450530761e-01 1.493007752520338939e-02 1.800076244715096557e-03 1.000000000000000000e+00 1.000000000000000000e+00 7.940000000000000000e+02 0.000000000000000000e+00 0.000000000000000000e+00 1.000000000000000000e+00
2.000000000000000000e+00 3.770000000000000000e+02 7.559999999999999609e+00 0.000000000000000000e+00 -8.979014424120987936e-01 2.347440347594308141e-02 4.291621672975585167e-01 2.347440347594308141e-02 1.058185206894664970e-02 1.000000000000000000e+00 0.000000000000000000e+00 7.940000000000000000e+02 0.000000000000000000e+00 0.000000000000000000e+00 1.000000000000000000e+00
2.000000000000000000e+00 3.770000000000000000e+02 7.570000000000000284e+00 0.000000000000000000e+00 -9.611942478944681678e-01 1.703803350885530268e-02 3.727495273567392742e-01 1.703803350885530268e-02 1.560520401711311400e-02 1.000000000000000000e+00 1.000000000000000000e+00 7.940000000000000000e+02 0.000000000000000000e+00 0.000000000000000000e+00 1.000000000000000000e+00
2.000000000000000000e+00 3.770000000000000000e+02 7.580000000000000071e+00 0.000000000000000000e+00 -9.602246569577355118e-01 3.333512566430293228e-02 3.804906053125554077e-01 3.333512566430293228e-02 2.988128777134439751e-02 1.000000000000000000e+00 0.000000000000000000e+00 7.940000000000000000e+02 0.000000000000000000e+00 0.000000000000000000e+00 1.000000000000000000e+00
2.000000000000000000e+00 3.770000000000000000e+02 7.589999999999999858e+00 0.000000000000000000e+00 -9.583685403455213248e-01 4.135216482480252864e-02 3.890091978363550140e-01 4.135216482480252864e-02 3.585266125404382859e-02 1.000000000000000000e+00 0.000000000000000000e+00 7.940000000000000000e+02 0.000000000000000000e+00 0.000000000000000000e+00 1.000000000000000000e+00
2.000000000000000000e+00 3.770000000000000000e+02 7.599999999999999645e+00 0.000000000000000000e+00 -9.556068400112951444e-01 4.115972535983923597e-02 3.983240420166189732e-01 4.115972535983923597e-02 3.495351259973251967e-02 1.000000000000000000e+00 0.000000000000000000e+00 7.940000000000000000e+02 0.000000000000000000e+00 0.000000000000000000e+00 1.000000000000000000e+00
2.000000000000000000e+00 3.770000000000000000e+02 7.610000000000000320e+00 0.000000000000000000e+00 -9.519187581705492729e-01 3.275611321583141167e-02 4.084556263388684494e-01 3.275611321583141167e-02 2.733616624318969263e-02 1.000000000000000000e+00 0.000000000000000000e+00 7.940000000000000000e+02 0.000000000000000000e+00 0.000000000000000000e+00 1.000000000000000000e+00
2.000000000000000000e+00 3.770000000000000000e+02 7.620000000000000107e+00 0.000000000000000000e+00 -9.472817122662517964e-01 1.606735100329804294e-02 4.194262357511580053e-01 1.606735100329804294e-02 1.224150308266403961e-02 1.000000000000000000e+00 1.000000000000000000e+00 7.940000000000000000e+02 0.000000000000000000e+00 0.000000000000000000e+00 1.000000000000000000e+00
2.000000000000000000e+00 3.770000000000000000e+02 7.629999999999999893e+00 0.000000000000000000e+00 -9.426388162122454339e-01 3.537469740968939708e-02 4.302924704504251796e-01 3.537469740968940402e-02 2.720343651292644882e-02 1.000000000000000000e+00 0.000000000000000000e+00 7.940000000000000000e+02 0.000000000000000000e+00 0.000000000000000000e+00 1.000000000000000000e+00
2.000000000000000000e+00 3.770000000000000000e+02 7.639999999999999680e+00 0.000000000000000000e+00 -9.369983647872393018e-01 4.852746077516025686e-02 4.420457615170951815e-01 4.852746077516026380e-02 3.549873127500216552e-02 1.000000000000000000e+00 0.000000000000000000e+00 7.940000000000000000e+02 0.000000000000000000e+00 0.000000000000000000e+00 1.000000000000000000e+00
2.000000000000000000e+00 3.770000000000000000e+02 7.650000000000000355e+00 0.000000000000000000e+00 -9.303342436495223300e-01 5.564142548880017525e-02 4.547119609277756602e-01 5.564142548880018219e-02 3.863483644208298706e-02 1.000000000000000000e+00 0.000000000000000000e+00 7.940000000000000000e+02 0.000000000000000000e+00 0.000000000000000000e+00 1.000000000000000000e+00
2.000000000000000000e+00 3.770000000000000000e+02 7.660000000000000142e+00 0.000000000000000000e+00 -9.226183422698754910e-01 5.677921611363710708e-02 4.683189286485819336e-01 5.677921611363712789e-02 3.739792738799949806e-02 1.000000000000000000e+00 0.000000000000000000e+00 7.940000000000000000e+02 0.000000000000000000e+00 0.000000000000000000e+00 1.000000000000000000e+00
2.000000000000000000e+00 3.770000000000000000e+02 7.669999999999999929e+00 0.000000000000000000e+00 -9.138204926771857917e-01 5.195084867358543829e-02 4.828965939145873909e-01 5.195084867358546604e-02 3.213481134309943699e-02 1.000000000000000000e+00 0.000000000000000000e+00 7.940000000000000000e+02 0.000000000000000000e+00 0.000000000000000000e+00 1.000000000000000000e+00
2.000000000000000000e+00 3.770000000000000000e+02 7.679999999999999716e+00 0.000000000000000000e+00 -9.019598401909754148e-01 6.584778182388383028e-02 4.984770210607347707e-01 4.111381882497139317e-02 3.789151972399355112e-02 0.000000000000000000e+00 0.000000000000000000e+00 7.940000000000000000e+02 0.000000000000000000e+00 0.000000000000000000e+00 1.000000000000000000e+00
2.000000000000000000e+00 3.770000000000000000e+02 7.689999999999999503e+00 0.000000000000000000e+00 -8.928475902190264879e-01 2.417272768881402467e-02 5.150944800490140363e-01 2.417272768881403508e-02 1.037744595892372071e-02 1.000000000000000000e+00 1.000000000000000000e+00 7.940000000000000000e+02 0.000000000000000000e+00 0.000000000000000000e+00 1.000000000000000000e+00
2.000000000000000000e+00 3.770000000000000000e+02 7.700000000000000178e+00 0.000000000000000000e+00 -9.134822484669531395e-01 6.279469132876293325e-02 4.979391307198645089e-01 3.805829289144135874e-02 3.889445212881776498e-02 0.000000000000000000e+00 0.000000000000000000e+00 7.940000000000000000e+02 0.000000000000000000e+00 0.000000000000000000e+00 1.000000000000000000e+00
2.000000000000000000e+00 3.770000000000000000e+02 7.709999999999999964e+00 0.000000000000000000e+00 -9.368998530214545095e-01 4.409349080327199660e-02 4.818196301149925143e-01 4.409349080327199660e-02 3.231855364104251060e-02 1.000000000000000000e+00 0.000000000000000000e+00 7.940000000000000000e+02 0.000000000000000000e+00 0.000000000000000000e+00 1.000000000000000000e+00
2.000000000000000000e+00 3.770000000000000000e+02 7.719999999999999751e+00 0.000000000000000000e+00 -9.572393574293951435e-01 4.233144955288540429e-02 4.667005225522241618e-01 4.233144955288540429e-02 3.630416837146707015e-02 1.000000000000000000e+00 0.000000000000000000e+00 7.940000000000000000e+02 0.000000000000000000e+00 0.000000000000000000e+00 1.000000000000000000e+00
2.000000000000000000e+00 3.770000000000000000e+02 7.729999999999999538e+00 0.000000000000000000e+00 -9.764992905986851213e-01 3.275665780900785529e-02 4.525485527660498830e-01 3.275665780900785529e-02 3.377543942291717782e-02 1.000000000000000000e+00 0.000000000000000000e+00 7.940000000000000000e+02 0.000000000000000000e+00 0.000000000000000000e+00 1.000000000000000000e+00
2.000000000000000000e+00 3.770000000000000000e+02 7.740000000000000213e+00 0.000000000000000000e+00 -9.947106251801605126e-01 1.528482823354015974e-02 4.393325927609332826e-01 1.528482823354015974e-02 2.124412239398215316e-02 1.000000000000000000e+00 1.000000000000000000e+00 7.940000000000000000e+02 0.000000000000000000e+00 0.000000000000000000e+00 1.000000000000000000e+00
2.000000000000000000e+00 3.770000000000000000e+02 7.750000000000000000e+00 0.000000000000000000e+00 -1.029537170257159406e+00 1.443115982093748709e-02 4.093886900935848061e-01 1.443115982093748709e-02 3.044101805821215756e-02 1.000000000000000000e+00 1.000000000000000000e+00 7.940000000000000000e+02 0.000000000000000000e+00 0.000000000000000000e+00 1.000000000000000000e+00
2.000000000000000000e+00 3.770000000000000000e+02 7.759999999999999787e+00 0.000000000000000000e+00 -1.048504951549908082e+00 8.584336620277023891e-03 3.951906876829044402e-01 8.584336620277023891e-03 2.838058553249212662e-02 1.000000000000000000e+00 1.000000000000000000e+00 7.940000000000000000e+02 0.000000000000000000e+00 0.000000000000000000e+00 1.000000000000000000e+00
2.000000000000000000e+00 3.770000000000000000e+02 7.769999999999999574e+00 0.000000000000000000e+00 -1.045195410971739847e+00 1.099519969832696287e-02 4.031570242669029192e-01 1.099519969832696287e-02 3.101894407541513216e-02 1.000000000000000000e+00 1.000000000000000000e+00 7.940000000000000000e+02 0.000000000000000000e+00 0.000000000000000000e+00 1.000000000000000000e+00
2.000000000000000000e+00 3.770000000000000000e+02 7.780000000000000249e+00 0.000000000000000000e+00 -1.016906841015083884e+00 1.638221686441473923e-02 4.359893000286463316e-01 1.638221686441473923e-02 2.883240663778587065e-02 1.000000000000000000e+00 1.000000000000000000e+00 7.940000000000000000e+02 0.000000000000000000e+00 0.000000000000000000e+00 1.000000000000000000e+00
2.000000000000000000e+00 3.770000000000000000e+02 7.790000000000000036e+00 0.000000000000000000e+00 -9.806946774371549935e-01 3.126928630201514930e-02 4.766319839213024601e-01 3.126928630201514930e-02 3.360448251154019711e-02 1.000000000000000000e+00 0.000000000000000000e+00 7.940000000000000000e+02 0.000000000000000000e+00 0.000000000000000000e+00 1.000000000000000000e+00
2.000000000000000000e+00 3.770000000000000000e+02 7.799999999999999822e+00 0.000000000000000000e+00 -9.433802625798834995e-01 3.657957079266727779e-02 5.182636503577356946e-01 3.657957079266727779e-02 2.825678735036658840e-02 1.000000000000000000e+00 0.000000000000000000e+00 7.940000000000000000e+02 0.000000000000000000e+00 0.000000000000000000e+00 1.000000000000000000e+00
2.000000000000000000e+00 3.770000000000000000e+02 7.809999999999999609e+00 0.000000000000000000e+00 -9.048719542294800799e-01 3.235981701830838164e-02 5.609758703592654383e-01 3.235981701830838164e-02 1.734756394593131579e-02 1.000000000000000000e+00 0.000000000000000000e+00 7.940000000000000000e+02 0.000000000000000000e+00 0.000000000000000000e+00 1.000000000000000000e+00
2.000000000000000000e+00 3.770000000000000000e+02 7.820000000000000284e+00 0.000000000000000000e+00 -8.650757454981012895e-01 1.857287828973740521e-02 6.048625916811251058e-01 1.857287828973740521e-02 4.647263400810274295e-03 1.000000000000000000e+00 1.000000000000000000e+00 7.940000000000000000e+02 0.000000000000000000e+00 0.000000000000000000e+00 1.000000000000000000e+00
2.000000000000000000e+00 3.770000000000000000e+02 7.830000000000000071e+00 0.000000000000000000e+00 -9.621443464984635874e-01 2.053453466768538974e-02 5.117710571437603662e-01 2.053453466768538974e-02 1.886540048757443661e-02 1.000000000000000000e+00 0.000000000000000000e+00 7.940000000000000000e+02 0.000000000000000000e+00 0.000000000000000000e+00 1.000000000000000000e+00
2.000000000000000000e+00 3.770000000000000000e+02 7.839999999999999858e+00 0.000000000000000000e+00 -1.058033193607224254e+00 6.239892746864087424e-03 4.197457953741443593e-01 6.239892746864087424e-03 2.717098816981615775e-02 1.000000000000000000e+00 1.000000000000000000e+00 7.940000000000000000e+02 0.000000000000000000e+00 0.000000000000000000e+00 1.000000000000000000e+00
2.000000000000000000e+00 3.770000000000000000e+02 7.849999999999999645e+00 0.000000000000000000e+00 -1.048219755726531588e+00 5.121590686223025969e-03 4.333093145477515673e-01 5.121590686223025969e-03 1.905377101866101430e-02 1.000000000000000000e+00 1.000000000000000000e+00 7.940000000000000000e+02 0.000000000000000000e+00 0.000000000000000000e+00 1.000000000000000000e+00
2.000000000000000000e+00 3.770000000000000000e+02 7.860000000000000320e+00 0.000000000000000000e+00 -1.086599706630016149e+00 4.072492384145373970e-03 3.985659300448266551e-01 4.072492384145373970e-03 0.000000000000000000e+00 1.000000000000000000e+00 1.000000000000000000e+00 7.940000000000000000e+02 1.000000000000000000e+00 0.000000000000000000e+00 1.000000000000000000e+00
2.000000000000000000e+00 3.770000000000000000e+02 7.870000000000000107e+00 0.000000000000000000e+00 -9.938865367396032546e-01 1.172136907378717834e-02 4.948021526746899657e-01 1.172136907378717834e-02 1.266238154765452276e-02 1.000000000000000000e+00 1.000000000000000000e+00 7.940000000000000000e+02 0.000000000000000000e+00 0.000000000000000000e+00 1.000000000000000000e+00
2.000000000000000000e+00 3.770000000000000000e+02 7.879999999999999893e+00 0.000000000000000000e+00 -9.239825474762379809e-01 2.000241793219205075e-02 5.681156943248607538e-01 2.000241793219205075e-02 1.030173541580736360e-02 1.000000000000000000e+00 0.000000000000000000e+00 7.940000000000000000e+02 0.000000000000000000e+00 0.000000000000000000e+00 1.000000000000000000e+00
2.000000000000000000e+00 3.770000000000000000e+02 7.889999999999999680e+00 0.000000000000000000e+00 -8.527748775091286149e-01 1.064869791300890843e-02 6.426194417104987844e-01 1.064869791300890843e-02 1.088638349257005540e-03 1.000000000000000000e+00 1.000000000000000000e+00 7.940000000000000000e+02 0.000000000000000000e+00 0.000000000000000000e+00 1.000000000000000000e+00
2.000000000000000000e+00 3.770000000000000000e+02 7.900000000000000355e+00 0.000000000000000000e+00 -8.768546846949181184e-01 2.624189471423536008e-02 6.217222744326970085e-01 2.624189471423536008e-02 9.404346165880990427e-03 1.000000000000000000e+00 0.000000000000000000e+00 7.940000000000000000e+02 0.000000000000000000e+00 0.000000000000000000e+00 1.000000000000000000e+00
2.000000000000000000e+00 3.770000000000000000e+02 7.910000000000000142e+00 0.000000000000000000e+00 -8.995129876936427404e-01 3.026518270271884997e-02 6.021332233587647353e-01 3.026518270271884997e-02 1.494299291448735259e-02 1.000000000000000000e+00 0.000000000000000000e+00 7.940000000000000000e+02 0.000000000000000000e+00 0.000000000000000000e+00 1.000000000000000000e+00
2.000000000000000000e+00 3.770000000000000000e+02 7.919999999999999929e+00 0.000000000000000000e+00 -9.207929352366746034e-01 2.275397907018814059e-02 5.838092013493428878e-01 2.275397907018814059e-02 1.319962495990173457e-02 1.000000000000000000e+00 1.000000000000000000e+00 7.940000000000000000e+02 0.000000000000000000e+00 0.000000000000000000e+00 1.000000000000000000e+00
2.000000000000000000e+00 3.770000000000000000e+02 7.929999999999999716e+00 0.000000000000000000e+00 -9.347168722337448887e-01 3.800903157339899363e-02 5.727279371452185242e-01 3.800903157339899363e-02 2.724761191494711604e-02 1.000000000000000000e+00 0.000000000000000000e+00 7.940000000000000000e+02 0.000000000000000000e+00 0.000000000000000000e+00 1.000000000000000000e+00
2.000000000000000000e+00 3.770000000000000000e+02 7.940000000000000391e+00 0.000000000000000000e+00 -9.473272915877417599e-01 4.585155871583102699e-02 5.628470235451620285e-01 4.585155871583102699e-02 3.619185508758757108e-02 1.000000000000000000e+00 0.000000000000000000e+00 7.940000000000000000e+02 0.000000000000000000e+00 0.000000000000000000e+00 1.000000000000000000e+00
2.000000000000000000e+00 3.770000000000000000e+02 7.950000000000000178e+00 0.000000000000000000e+00 -9.586460246276169439e-01 4.635059862953857385e-02 5.541447269644445006e-01 4.635059862953857385e-02 3.970082579562483893e-02 1.000000000000000000e+00 0.000000000000000000e+00 7.940000000000000000e+02 0.000000000000000000e+00 0.000000000000000000e+00 1.000000000000000000e+00
2.000000000000000000e+00 3.770000000000000000e+02 7.959999999999999964e+00 0.000000000000000000e+00 -9.686923222855314819e-01 3.951054438614727549e-02 5.466019062479320345e-01 3.951054438614727549e-02 3.722319458512191731e-02 1.000000000000000000e+00 0.000000000000000000e+00 7.940000000000000000e+02 0.000000000000000000e+00 0.000000000000000000e+00 1.000000000000000000e+00
2.000000000000000000e+00 3.770000000000000000e+02 7.969999999999999751e+00 0.000000000000000000e+00 -9.774828971878330997e-01 2.527118266926848406e-02 5.402019705681190276e-01 2.527118266926848059e-02 2.716378942262047402e-02 1.000000000000000000e+00 1.000000000000000000e+00 7.940000000000000000e+02 0.000000000000000000e+00 0.000000000000000000e+00 1.000000000000000000e+00
2.000000000000000000e+00 3.770000000000000000e+02 7.979999999999999538e+00 0.000000000000000000e+00 -9.040634860179697085e-01 3.279765466656351519e-02 6.158993170500369763e-01 3.279765466656351519e-02 1.754392426038313760e-02 1.000000000000000000e+00 0.000000000000000000e+00 7.940000000000000000e+02 0.000000000000000000e+00 0.000000000000000000e+00 1.000000000000000000e+00
2.000000000000000000e+00 3.770000000000000000e+02 7.990000000000000213e+00 0.000000000000000000e+00 -8.292362084369619968e-01 2.973108174706250162e-02 6.928919718374080272e-01 2.973108174706250162e-02 6.738673227338180111e-03 1.000000000000000000e+00 1.000000000000000000e+00 7.940000000000000000e+02 0.000000000000000000e+00 0.000000000000000000e+00 1.000000000000000000e+00
2.000000000000000000e+00 3.770000000000000000e+02 8.000000000000000000e+00 0.000000000000000000e+00 -8.306808066790478673e-01 4.505036721529714211e-02 6.935003504824049925e-01 4.505036721529714211e-02 1.362938263988269089e-02 1.000000000000000000e+00 0.000000000000000000e+00 7.940000000000000000e+02 0.000000000000000000e+00 0.000000000000000000e+00 1.000000000000000000e+00
2.000000000000000000e+00 3.770000000000000000e+02 8.009999999999999787e+00 0.000000000000000000e+00 -8.305471785289781916e-01 5.437758137562020283e-02 6.955747249525984222e-01 5.437758137562020283e-02 1.797094363019356711e-02 1.000000000000000000e+00 0.000000000000000000e+00 7.940000000000000000e+02 0.000000000000000000e+00 0.000000000000000000e+00 1.000000000000000000e+00
2.000000000000000000e+00 3.770000000000000000e+02 8.019999999999999574e+00 0.000000000000000000e+00 -8.288309429931741690e-01 5.779483212912078088e-02 6.991196579428095026e-01 5.779483212912078088e-02 1.932449921642784979e-02 1.000000000000000000e+00 0.000000000000000000e+00 7.940000000000000000e+02 0.000000000000000000e+00 0.000000000000000000e+00 1.000000000000000000e+00
2.000000000000000000e+00 3.770000000000000000e+02 8.029999999999999361e+00 0.000000000000000000e+00 -8.255244964386587725e-01 5.533220169349451628e-02 7.041429467180096990e-01 5.533220169349450240e-02 1.769742131882603292e-02 1.000000000000000000e+00 0.000000000000000000e+00 7.940000000000000000e+02 0.000000000000000000e+00 0.000000000000000000e+00 1.000000000000000000e+00
2.000000000000000000e+00 3.770000000000000000e+02 8.039999999999999147e+00 0.000000000000000000e+00 -8.206169954232065411e-01 4.696801141820850650e-02 7.106556402638124492e-01 4.696801141820850650e-02 1.327350480720371900e-02 1.000000000000000000e+00 0.000000000000000000e+00 7.940000000000000000e+02 0.000000000000000000e+00 0.000000000000000000e+00 1.000000000000000000e+00
2.000000000000000000e+00 3.770000000000000000e+02 8.050000000000000711e+00 0.000000000000000000e+00 -8.140943323719684876e-01 3.262863094632993677e-02 7.186720635892934750e-01 3.262863094632992983e-02 6.683530662180931642e-03 1.000000000000000000e+00 1.000000000000000000e+00 7.940000000000000000e+02 0.000000000000000000e+00 0.000000000000000000e+00 1.000000000000000000e+00
2.000000000000000000e+00 3.770000000000000000e+02 8.060000000000000497e+00 0.000000000000000000e+00 -8.286091594900459878e-01 5.009724779985805926e-02 7.055397937926705110e-01 5.009724779985805232e-02 1.570382974609367543e-02 1.000000000000000000e+00 0.000000000000000000e+00 7.940000000000000000e+02 0.000000000000000000e+00 0.000000000000000000e+00 1.000000000000000000e+00
2.000000000000000000e+00 3.770000000000000000e+02 8.070000000000000284e+00 0.000000000000000000e+00 -8.415205475962381776e-01 6.300448379981564428e-02 6.939000012046330212e-01 6.300448379981563041e-02 2.387635949176802191e-02 1.000000000000000000e+00 0.000000000000000000e+00 7.940000000000000000e+02 0.000000000000000000e+00 0.000000000000000000e+00 1.000000000000000000e+00
2.000000000000000000e+00 3.770000000000000000e+02 8.080000000000000071e+00 0.000000000000000000e+00 -8.528543519928641903e-01 7.146396194644707989e-02 6.837270834943964815e-01 7.146396194644707989e-02 3.019737283169733610e-02 1.000000000000000000e+00 0.000000000000000000e+00 7.940000000000000000e+02 0.000000000000000000e+00 0.000000000000000000e+00 1.000000000000000000e+00
2.000000000000000000e+00 3.770000000000000000e+02 8.089999999999999858e+00 0.000000000000000000e+00 -8.626332133112095679e-01 7.555015142025900410e-02 6.749986647989637545e-01 7.555015142025900410e-02 3.429588893379270642e-02 1.000000000000000000e+00 0.000000000000000000e+00 7.940000000000000000e+02 0.000000000000000000e+00 0.000000000000000000e+00 1.000000000000000000e+00
2.000000000000000000e+00 3.770000000000000000e+02 8.099999999999999645e+00 0.000000000000000000e+00 -8.708766067019264590e-01 7.529902313768796485e-02 6.676955465062481831e-01 7.529902313768796485e-02 3.596021341633864193e-02 1.000000000000000000e+00 0.000000000000000000e+00 7.940000000000000000e+02 0.000000000000000000e+00 0.000000000000000000e+00 1.000000000000000000e+00
2.000000000000000000e+00 3.770000000000000000e+02 8.109999999999999432e+00 0.000000000000000000e+00 -8.776008840357345520e-01 7.070836640475484935e-02 6.618016650267245504e-01 7.070836640475484935e-02 3.499218517920298088e-02 1.000000000000000000e+00 0.000000000000000000e+00 7.940000000000000000e+02 0.000000000000000000e+00 0.000000000000000000e+00 1.000000000000000000e+00
2.000000000000000000e+00 3.770000000000000000e+02 8.119999999999999218e+00 0.000000000000000000e+00 -8.828193092072764703e-01 6.173776945622271028e-02 6.573040564607266489e-01 6.173776945622271028e-02 3.114475697756158290e-02 1.000000000000000000e+00 0.000000000000000000e+00 7.940000000000000000e+02 0.000000000000000000e+00 0.000000000000000000e+00 1.000000000000000000e+00
2.000000000000000000e+00 3.770000000000000000e+02 8.130000000000000782e+00 0.000000000000000000e+00 -8.865420866199231753e-01 4.830826370894340110e-02 6.541928280836740717e-01 4.830826370894340110e-02 2.409607190809210514e-02 1.000000000000000000e+00 0.000000000000000000e+00 7.940000000000000000e+02 0.000000000000000000e+00 0.000000000000000000e+00 1.000000000000000000e+00
2.000000000000000000e+00 3.770000000000000000e+02 8.140000000000000568e+00 0.000000000000000000e+00 -8.887763829141366312e-01 3.030162859773859185e-02 6.524611365865083945e-01 3.030162859773859879e-02 1.357450332753300931e-02 1.000000000000000000e+00 1.000000000000000000e+00 7.940000000000000000e+02 0.000000000000000000e+00 0.000000000000000000e+00 1.000000000000000000e+00
2.000000000000000000e+00 3.770000000000000000e+02 8.150000000000000355e+00 0.000000000000000000e+00 -8.812713478312941273e-01 4.903529476360492939e-02 6.603601671795619188e-01 4.903529476360493633e-02 2.352923540070041286e-02 1.000000000000000000e+00 0.000000000000000000e+00 7.940000000000000000e+02 0.000000000000000000e+00 0.000000000000000000e+00 1.000000000000000000e+00
2.000000000000000000e+00 3.770000000000000000e+02 8.160000000000000142e+00 0.000000000000000000e+00 -8.722649477362820480e-01 6.356711009084284325e-02 6.696523000364558165e-01 6.356711009084285713e-02 2.995551254205498087e-02 1.000000000000000000e+00 0.000000000000000000e+00 7.940000000000000000e+02 0.000000000000000000e+00 0.000000000000000000e+00 1.000000000000000000e+00
2.000000000000000000e+00 3.770000000000000000e+02 8.169999999999999929e+00 0.000000000000000000e+00 -8.617371021889765892e-01 7.402499882725284419e-02 6.803579736879713513e-01 7.402499882725287195e-02 3.331937518766562439e-02 1.000000000000000000e+00 0.000000000000000000e+00 7.940000000000000000e+02 0.000000000000000000e+00 0.000000000000000000e+00 1.000000000000000000e+00
2.000000000000000000e+00 3.770000000000000000e+02 8.179999999999999716e+00 0.000000000000000000e+00 -8.496646331089026116e-01 8.050102225492948571e-02 6.925007358215805597e-01 8.050102225492952734e-02 3.405974039872357306e-02 1.000000000000000000e+00 0.000000000000000000e+00 7.940000000000000000e+02 0.000000000000000000e+00 0.000000000000000000e+00 1.000000000000000000e+00
2.000000000000000000e+00 3.770000000000000000e+02 8.189999999999999503e+00 0.000000000000000000e+00 -8.360212129439028583e-01 8.305218911001953364e-02 7.061072950758123801e-01 8.305218911001958915e-02 3.252246820120206772e-02 1.000000000000000000e+00 0.000000000000000000e+00 7.940000000000000000e+02 0.000000000000000000e+00 0.000000000000000000e+00 1.000000000000000000e+00
2.000000000000000000e+00 3.770000000000000000e+02 8.199999999999999289e+00 0.000000000000000000e+00 -8.207773058849956449e-01 8.170095743328399662e-02 7.212075797872958827e-01 8.170095743328407989e-02 2.900355923352339327e-02 1.000000000000000000e+00 0.000000000000000000e+00 7.940000000000000000e+02 0.000000000000000000e+00 0.000000000000000000e+00 1.000000000000000000e+00
2.000000000000000000e+00 3.770000000000000000e+02 8.209999999999999076e+00 0.000000000000000000e+00 -8.039001019981812934e-01 7.643543226927801415e-02 7.378348038196979042e-01 7.643543226927809742e-02 2.380520321893769137e-02 1.000000000000000000e+00 0.000000000000000000e+00 7.940000000000000000e+02 0.000000000000000000e+00 0.000000000000000000e+00 1.000000000000000000e+00
2.000000000000000000e+00 3.770000000000000000e+02 8.220000000000000639e+00 0.000000000000000000e+00 -7.792402014210770833e-01 1.041657620826233754e-01 7.560255396193474864e-01 6.720926095450355242e-02 3.101904110998411623e-02 0.000000000000000000e+00 0.000000000000000000e+00 7.940000000000000000e+02 0.000000000000000000e+00 0.000000000000000000e+00 1.000000000000000000e+00
2.000000000000000000e+00 3.770000000000000000e+02 8.230000000000000426e+00 0.000000000000000000e+00 -7.569607940103841859e-01 1.031977608715257816e-01 7.758197986582396899e-01 5.394122507275135592e-02 2.695326544098838872e-02 0.000000000000000000e+00 0.000000000000000000e+00 7.940000000000000000e+02 0.000000000000000000e+00 0.000000000000000000e+00 1.000000000000000000e+00
2.000000000000000000e+00 3.770000000000000000e+02 8.240000000000000213e+00 0.000000000000000000e+00 -7.369950868523265086e-01 7.351981179554069323e-02 7.972611194413541380e-01 3.651452548559715877e-02 1.394261329328058685e-02 0.000000000000000000e+00 0.000000000000000000e+00 7.940000000000000000e+02 0.000000000000000000e+00 0.000000000000000000e+00 1.000000000000000000e+00
2.000000000000000000e+00 3.770000000000000000e+02 8.250000000000000000e+00 0.000000000000000000e+00 -7.192832234286370419e-01 1.477575414414061122e-02 8.203966632718666663e-01 1.477575414414061816e-02 1.576405343227862271e-04 1.000000000000000000e+00 1.000000000000000000e+00 7.940000000000000000e+02 0.000000000000000000e+00 0.000000000000000000e+00 1.000000000000000000e+00
2.000000000000000000e+00 3.770000000000000000e+02 8.259999999999999787e+00 0.000000000000000000e+00 -7.829081932666250854e-01 3.143303828413435141e-02 7.559963811691539082e-01 3.143303828413436529e-02 4.260052796551411919e-03 1.000000000000000000e+00 0.000000000000000000e+00 7.940000000000000000e+02 0.000000000000000000e+00 0.000000000000000000e+00 1.000000000000000000e+00
2.000000000000000000e+00 3.770000000000000000e+02 8.269999999999999574e+00 0.000000000000000000e+00 -8.427562768137550897e-01 6.407597551030326521e-02 6.931995581701518860e-01 3.934059914838812511e-02 2.462031280284567719e-02 0.000000000000000000e+00 0.000000000000000000e+00 7.940000000000000000e+02 0.000000000000000000e+00 0.000000000000000000e+00 1.000000000000000000e+00
2.000000000000000000e+00 3.770000000000000000e+02 8.279999999999999361e+00 0.000000000000000000e+00 -9.051752725841804015e-01 3.856804736384130544e-02 6.318680693879700216e-01 3.856804736384130544e-02 2.156517162397824511e-02 1.000000000000000000e+00 0.000000000000000000e+00 7.940000000000000000e+02 0.000000000000000000e+00 0.000000000000000000e+00 1.000000000000000000e+00
2.000000000000000000e+00 3.770000000000000000e+02 8.289999999999999147e+00 0.000000000000000000e+00 -9.640913849047691997e-01 2.910858212111806786e-02 5.718670130147410768e-01 2.910858212111806786e-02 2.725816696213114246e-02 1.000000000000000000e+00 0.000000000000000000e+00 7.940000000000000000e+02 0.000000000000000000e+00 0.000000000000000000e+00 1.000000000000000000e+00
2.000000000000000000e+00 3.770000000000000000e+02 8.300000000000000711e+00 0.000000000000000000e+00 -1.021706824181922046e+00 1.087893130668542499e-02 5.130644135980600984e-01 1.087893130668542672e-02 2.304744527705402529e-02 1.000000000000000000e+00 1.000000000000000000e+00 7.940000000000000000e+02 0.000000000000000000e+00 0.000000000000000000e+00 1.000000000000000000e+00
2.000000000000000000e+00 3.770000000000000000e+02 8.310000000000000497e+00 0.000000000000000000e+00 -9.403437002037429160e-01 2.947705520251158937e-02 5.931386768920411390e-01 2.947705520251159284e-02 2.207639131976900718e-02 1.000000000000000000e+00 0.000000000000000000e+00 7.940000000000000000e+02 0.000000000000000000e+00 0.000000000000000000e+00 1.000000000000000000e+00
2.000000000000000000e+00 3.770000000000000000e+02 8.320000000000000284e+00 0.000000000000000000e+00 -8.535298674528883911e-01 7.262118301728630321e-02 6.744581852765346719e-01 3.968480292100526330e-02 3.091763047337511144e-02 0.000000000000000000e+00 0.000000000000000000e+00 7.940000000000000000e+02 0.000000000000000000e+00 0.000000000000000000e+00 1.000000000000000000e+00
2.000000000000000000e+00 3.770000000000000000e+02 8.330000000000000071e+00 0.000000000000000000e+00 -7.693192457875634993e-01 7.452638895251842421e-02 7.572018052508510122e-01 4.159203374121867025e-02 1.806208931127395445e-02 0.000000000000000000e+00 0.000000000000000000e+00 7.940000000000000000e+02 0.000000000000000000e+00 0.000000000000000000e+00 1.000000000000000000e+00
2.000000000000000000e+00 3.770000000000000000e+02 8.339999999999999858e+00 0.000000000000000000e+00 -6.874593745974737491e-01 3.521553710497744849e-02 8.415515357220061388e-01 3.521553710497744849e-02 1.622162265960914659e-03 1.000000000000000000e+00 0.000000000000000000e+00 7.940000000000000000e+02 0.000000000000000000e+00 0.000000000000000000e+00 1.000000000000000000e+00
2.000000000000000000e+00 3.770000000000000000e+02 8.349999999999999645e+00 0.000000000000000000e+00 -5.996277116805686092e-01 2.049918041511981232e-02 9.276929083208084181e-01 2.049918041511981578e-02 4.090089596200501823e-05 1.000000000000000000e+00 1.000000000000000000e+00 7.940000000000000000e+02 0.000000000000000000e+00 0.000000000000000000e+00 1.000000000000000000e+00
2.000000000000000000e+00 3.770000000000000000e+02 8.359999999999999432e+00 0.000000000000000000e+00 -6.138569303719125791e-01 8.330848197388250609e-02 9.018969976119136644e-01 4.232118785382394527e-02 6.882541501540991730e-03 0.000000000000000000e+00 0.000000000000000000e+00 7.940000000000000000e+02 0.000000000000000000e+00 0.000000000000000000e+00 1.000000000000000000e+00
2.000000000000000000e+00 3.770000000000000000e+02 8.369999999999999218e+00 0.000000000000000000e+00 -6.299708287477598923e-01 1.260337987242072522e-01 8.780254620209647642e-01 6.071643411140442703e-02 1.764756109331597905e-02 0.000000000000000000e+00 0.000000000000000000e+00 7.940000000000000000e+02 0.000000000000000000e+00 0.000000000000000000e+00 1.000000000000000000e+00
2.000000000000000000e+00 3.770000000000000000e+02 8.380000000000000782e+00 0.000000000000000000e+00 -6.480177157332522864e-01 1.491878709208990517e-01 8.560257948605861644e-01 7.584685339825518458e-02 2.580257770875116902e-02 0.000000000000000000e+00 0.000000000000000000e+00 7.940000000000000000e+02 0.000000000000000000e+00 0.000000000000000000e+00 1.000000000000000000e+00
2.000000000000000000e+00 3.770000000000000000e+02 8.390000000000000568e+00 0.000000000000000000e+00 -6.680516952883441828e-01 1.530485671856766372e-01 8.358496067156279130e-01 8.784563950074017469e-02 2.965585339577895413e-02 0.000000000000000000e+00 0.000000000000000000e+00 7.940000000000000000e+02 0.000000000000000000e+00 0.000000000000000000e+00 1.000000000000000000e+00
2.000000000000000000e+00 3.770000000000000000e+02 8.400000000000000355e+00 0.000000000000000000e+00 -6.901328286096521936e-01 1.376622191677139839e-01 8.174525190081257664e-01 9.681841829230428131e-02 2.832093475754789841e-02 0.000000000000000000e+00 0.000000000000000000e+00 7.940000000000000000e+02 0.000000000000000000e+00 0.000000000000000000e+00 1.000000000000000000e+00
2.000000000000000000e+00 3.770000000000000000e+02 8.410000000000000142e+00 0.000000000000000000e+00 -7.143273141919037617e-01 1.028441775629614502e-01 8.007940663843021722e-01 1.028441775629616167e-01 2.078091037812713343e-02 1.000000000000000000e+00 0.000000000000000000e+00 7.940000000000000000e+02 0.000000000000000000e+00 0.000000000000000000e+00 1.000000000000000000e+00
2.000000000000000000e+00 3.770000000000000000e+02 8.419999999999999929e+00 0.000000000000000000e+00 -7.229369804144205602e-01 1.388079600718862272e-01 7.858376077089127554e-01 1.059759623524932498e-01 3.383337702365450672e-02 0.000000000000000000e+00 0.000000000000000000e+00 7.940000000000000000e+02 0.000000000000000000e+00 0.000000000000000000e+00 1.000000000000000000e+00
2.000000000000000000e+00 3.770000000000000000e+02 8.429999999999999716e+00 0.000000000000000000e+00 -7.337583446412208055e-01 1.390730578773825277e-01 7.725502454711569156e-01 1.062413419084055621e-01 3.578115099917635045e-02 0.000000000000000000e+00 0.000000000000000000e+00 7.940000000000000000e+02 0.000000000000000000e+00 0.000000000000000000e+00 1.000000000000000000e+00
2.000000000000000000e+00 3.770000000000000000e+02 8.439999999999999503e+00 0.000000000000000000e+00 -7.468238489581473516e-01 1.036426523793011756e-01 7.609027534248888891e-01 1.036426523793013421e-01 2.555634922913595924e-02 1.000000000000000000e+00 0.000000000000000000e+00 7.940000000000000000e+02 0.000000000000000000e+00 0.000000000000000000e+00 1.000000000000000000e+00
2.000000000000000000e+00 3.770000000000000000e+02 8.449999999999999289e+00 0.000000000000000000e+00 -7.522123857730456109e-01 1.228455135102149987e-01 7.508695123039635932e-01 9.815701738010466915e-02 3.331683061362435833e-02 0.000000000000000000e+00 0.000000000000000000e+00 7.940000000000000000e+02 0.000000000000000000e+00 0.000000000000000000e+00 1.000000000000000000e+00
2.000000000000000000e+00 3.770000000000000000e+02 8.459999999999999076e+00 0.000000000000000000e+00 -7.599003872724545694e-01 8.973614661017659255e-02 7.424284534713264661e-01 8.973614661017673133e-02 2.243971534030854420e-02 1.000000000000000000e+00 0.000000000000000000e+00 7.940000000000000000e+02 0.000000000000000000e+00 0.000000000000000000e+00 1.000000000000000000e+00
2.000000000000000000e+00 3.770000000000000000e+02 8.470000000000000639e+00 0.000000000000000000e+00 -7.579892597244157759e-01 1.152373279086683494e-01 7.355610103778936759e-01 7.830591075154791358e-02 3.154443365676715821e-02 0.000000000000000000e+00 0.000000000000000000e+00 7.940000000000000000e+02 0.000000000000000000e+00 0.000000000000000000e+00 1.000000000000000000e+00
2.000000000000000000e+00 3.770000000000000000e+02 8.480000000000000426e+00 0.000000000000000000e+00 -7.583949157346181469e-01 1.129910201754686927e-01 7.302520777244604355e-01 6.376568890507583465e-02 3.078742335821191972e-02 0.000000000000000000e+00 0.000000000000000000e+00 7.940000000000000000e+02 0.000000000000000000e+00 0.000000000000000000e+00 1.000000000000000000e+00
2.000000000000000000e+00 3.770000000000000000e+02 8.490000000000000213e+00 0.000000000000000000e+00 -7.611185714461310425e-01 8.297026580119998274e-02 7.264899782368076098e-01 4.598748281997931675e-02 2.011653684206918258e-02 0.000000000000000000e+00 0.000000000000000000e+00 7.940000000000000000e+02 0.000000000000000000e+00 0.000000000000000000e+00 1.000000000000000000e+00
2.000000000000000000e+00 3.770000000000000000e+02 8.500000000000000000e+00 0.000000000000000000e+00 -7.661683922871342922e-01 2.481479011926929212e-02 7.242664369809274083e-01 2.481479011926930947e-02 1.951764309547229792e-03 1.000000000000000000e+00 1.000000000000000000e+00 7.940000000000000000e+02 0.000000000000000000e+00 0.000000000000000000e+00 1.000000000000000000e+00
2.000000000000000000e+00 3.770000000000000000e+02 8.509999999999999787e+00 0.000000000000000000e+00 -7.724829360222920105e-01 7.797346549895800560e-02 7.108012687523720396e-01 4.504884778538169321e-02 1.978621763428722868e-02 0.000000000000000000e+00 0.000000000000000000e+00 7.940000000000000000e+02 0.000000000000000000e+00 0.000000000000000000e+00 1.000000000000000000e+00
2.000000000000000000e+00 3.770000000000000000e+02 8.519999999999999574e+00 0.000000000000000000e+00 -7.811577148695592054e-01 9.420030881920125887e-02 6.988401506209495073e-01 6.129293726821823801e-02 2.741937812321602885e-02 0.000000000000000000e+00 0.000000000000000000e+00 7.940000000000000000e+02 0.000000000000000000e+00 0.000000000000000000e+00 1.000000000000000000e+00
2.000000000000000000e+00 3.770000000000000000e+02 8.529999999999999361e+00 0.000000000000000000e+00 -7.922187355240368767e-01 7.369005604479768323e-02 6.883567734835861485e-01 7.369005604479766935e-02 2.087330252723992863e-02 1.000000000000000000e+00 0.000000000000000000e+00 7.940000000000000000e+02 0.000000000000000000e+00 0.000000000000000000e+00 1.000000000000000000e+00
2.000000000000000000e+00 3.770000000000000000e+02 8.539999999999999147e+00 0.000000000000000000e+00 -7.958104915724297790e-01 1.070504323345747022e-01 6.793280786055850839e-01 8.234933652966520967e-02 3.521135762170610889e-02 0.000000000000000000e+00 0.000000000000000000e+00 7.940000000000000000e+02 0.000000000000000000e+00 0.000000000000000000e+00 1.000000000000000000e+00
2.000000000000000000e+00 3.770000000000000000e+02 8.550000000000000711e+00 0.000000000000000000e+00 -8.018324179595626156e-01 8.734700677262574597e-02 6.717342069017372408e-01 8.734700677262578761e-02 2.810781000802796414e-02 1.000000000000000000e+00 0.000000000000000000e+00 7.940000000000000000e+02 0.000000000000000000e+00 0.000000000000000000e+00 1.000000000000000000e+00
2.000000000000000000e+00 3.770000000000000000e+02 8.560000000000000497e+00 0.000000000000000000e+00 -8.043752073962366911e-01 8.872706149782003116e-02 6.655584552552281652e-01 8.872706149782010054e-02 2.913945183465184441e-02 1.000000000000000000e+00 0.000000000000000000e+00 7.940000000000000000e+02 0.000000000000000000e+00 0.000000000000000000e+00 1.000000000000000000e+00
2.000000000000000000e+00 3.770000000000000000e+02 8.570000000000000284e+00 0.000000000000000000e+00 -8.054288161435516624e-01 8.650164939133220265e-02 6.607872397782598162e-01 8.650164939133232755e-02 2.837395431760054987e-02 1.000000000000000000e+00 0.000000000000000000e+00 7.940000000000000000e+02 0.000000000000000000e+00 0.000000000000000000e+00 1.000000000000000000e+00
2.000000000000000000e+00 3.770000000000000000e+02 8.580000000000000071e+00 0.000000000000000000e+00 -8.030437630036688645e-01 1.053536293846607658e-01 6.574100659335833097e-01 8.065118004664004192e-02 3.591032685335332486e-02 0.000000000000000000e+00 0.000000000000000000e+00 7.940000000000000000e+02 0.000000000000000000e+00 0.000000000000000000e+00 1.000000000000000000e+00
2.000000000000000000e+00 3.770000000000000000e+02 8.589999999999999858e+00 0.000000000000000000e+00 -8.031105653068972838e-01 7.112415150935239017e-02 6.554195054512159668e-01 7.112415150935244568e-02 2.141366486442106143e-02 1.000000000000000000e+00 0.000000000000000000e+00 7.940000000000000000e+02 0.000000000000000000e+00 0.000000000000000000e+00 1.000000000000000000e+00
2.000000000000000000e+00 3.770000000000000000e+02 8.599999999999999645e+00 0.000000000000000000e+00 -7.997521159611327146e-01 5.783669690310465350e-02 6.548111799895734997e-01 5.783669690310468126e-02 1.536377546968694524e-02 1.000000000000000000e+00 0.000000000000000000e+00 7.940000000000000000e+02 0.000000000000000000e+00 0.000000000000000000e+00 1.000000000000000000e+00
2.000000000000000000e+00 3.770000000000000000e+02 8.609999999999999432e+00 0.000000000000000000e+00 -7.949313322113142899e-01 4.067184614553535221e-02 6.555837515050805253e-01 4.067184614553536609e-02 8.124620920845721656e-03 1.000000000000000000e+00 0.000000000000000000e+00 7.940000000000000000e+02 0.000000000000000000e+00 0.000000000000000000e+00 1.000000000000000000e+00
2.000000000000000000e+00 3.770000000000000000e+02 8.619999999999999218e+00 0.000000000000000000e+00 -7.886473388961425801e-01 1.947849625519838118e-02 6.577389193090733555e-01 1.947849625519839159e-02 1.521908659415588741e-03 1.000000000000000000e+00 1.000000000000000000e+00 7.940000000000000000e+02 0.000000000000000000e+00 0.000000000000000000e+00 1.000000000000000000e+00
2.000000000000000000e+00 3.770000000000000000e+02 8.630000000000000782e+00 0.000000000000000000e+00 -7.771639086555601761e-01 7.821403635329488013e-02 6.592670997226736107e-01 4.122025029864369999e-02 2.052659901554713257e-02 0.000000000000000000e+00 0.000000000000000000e+00 7.940000000000000000e+02 0.000000000000000000e+00 0.000000000000000000e+00 1.000000000000000000e+00
2.000000000000000000e+00 3.770000000000000000e+02 8.640000000000000568e+00 0.000000000000000000e+00 -7.680547469255398774e-01 1.085895017371335952e-01 6.621859781412421375e-01 5.935014578887112813e-02 3.078630075946614530e-02 0.000000000000000000e+00 0.000000000000000000e+00 7.940000000000000000e+02 0.000000000000000000e+00 0.000000000000000000e+00 1.000000000000000000e+00
2.000000000000000000e+00 3.770000000000000000e+02 8.650000000000000355e+00 0.000000000000000000e+00 -7.612925447457132844e-01 1.109694239080663836e-01 6.665019747900730041e-01 7.402778104109893065e-02 3.052909535168679689e-02 0.000000000000000000e+00 0.000000000000000000e+00 7.940000000000000000e+02 0.000000000000000000e+00 0.000000000000000000e+00 1.000000000000000000e+00
2.000000000000000000e+00 3.770000000000000000e+02 8.660000000000000142e+00 0.000000000000000000e+00 -7.568570292614753559e-01 8.538236396272530504e-02 6.722245829288641117e-01 8.538236396272538831e-02 2.042272895792593412e-02 1.000000000000000000e+00 0.000000000000000000e+00 7.940000000000000000e+02 0.000000000000000000e+00 0.000000000000000000e+00 1.000000000000000000e+00
2.000000000000000000e+00 3.770000000000000000e+02 8.669999999999999929e+00 0.000000000000000000e+00 -7.395627220404277224e-01 1.303935327145386014e-01 6.793663897326371881e-01 9.351384947656155022e-02 3.380026952756499947e-02 0.000000000000000000e+00 0.000000000000000000e+00 7.940000000000000000e+02 0.000000000000000000e+00 0.000000000000000000e+00 1.000000000000000000e+00
2.000000000000000000e+00 3.770000000000000000e+02 8.679999999999999716e+00 0.000000000000000000e+00 -7.245299562376474878e-01 1.476088469763361388e-01 6.879431039778854950e-01 9.849381942867639628e-02 3.703291516639746483e-02 0.000000000000000000e+00 0.000000000000000000e+00 7.940000000000000000e+02 0.000000000000000000e+00 0.000000000000000000e+00 1.000000000000000000e+00
2.000000000000000000e+00 3.770000000000000000e+02 8.689999999999999503e+00 0.000000000000000000e+00 -7.117136641270698227e-01 1.372349052075916009e-01 6.979735905948462049e-01 1.003661127267251457e-01 3.148161224753677490e-02 0.000000000000000000e+00 0.000000000000000000e+00 7.940000000000000000e+02 0.000000000000000000e+00 0.000000000000000000e+00 1.000000000000000000e+00
2.000000000000000000e+00 3.770000000000000000e+02 8.699999999999999289e+00 0.000000000000000000e+00 -7.010754228961804113e-01 9.914721125589680273e-02 7.094799121618993176e-01 9.914721125589701090e-02 1.802560064782778720e-02 1.000000000000000000e+00 0.000000000000000000e+00 7.940000000000000000e+02 0.000000000000000000e+00 0.000000000000000000e+00 1.000000000000000000e+00
2.000000000000000000e+00 3.770000000000000000e+02 8.710000000000000853e+00 0.000000000000000000e+00 -6.814076956744177238e-01 1.195175358146886718e-01 7.224873774333590015e-01 9.482638496971897146e-02 2.171975497591155380e-02 0.000000000000000000e+00 0.000000000000000000e+00 7.940000000000000000e+02 0.000000000000000000e+00 0.000000000000000000e+00 1.000000000000000000e+00
2.000000000000000000e+00 3.770000000000000000e+02 8.720000000000000639e+00 0.000000000000000000e+00 -6.638271630586356498e-01 8.736559743295629898e-02 7.370245970073981967e-01 8.736559743295645164e-02 1.113406888664075084e-02 1.000000000000000000e+00 0.000000000000000000e+00 7.940000000000000000e+02 0.000000000000000000e+00 0.000000000000000000e+00 1.000000000000000000e+00
2.000000000000000000e+00 3.770000000000000000e+02 8.730000000000000426e+00 0.000000000000000000e+00 -6.427694886428938492e-01 7.669917098510048437e-02 7.531235462565510907e-01 7.669917098510058151e-02 7.226158288464325230e-03 1.000000000000000000e+00 0.000000000000000000e+00 7.940000000000000000e+02 0.000000000000000000e+00 0.000000000000000000e+00 1.000000000000000000e+00
2.000000000000000000e+00 3.770000000000000000e+02 8.740000000000000213e+00 0.000000000000000000e+00 -6.200446115680295911e-01 6.273320857686086327e-02 7.708196356592130760e-01 6.273320857686091878e-02 3.642877522695743553e-03 1.000000000000000000e+00 0.000000000000000000e+00 7.940000000000000000e+02 0.000000000000000000e+00 0.000000000000000000e+00 1.000000000000000000e+00
2.000000000000000000e+00 3.770000000000000000e+02 8.750000000000000000e+00 0.000000000000000000e+00 -5.956145400069745577e-01 4.534476719006298034e-02 7.901517886868341112e-01 4.534476719006300810e-02 1.059906965559902214e-03 1.000000000000000000e+00 0.000000000000000000e+00 7.940000000000000000e+02 0.000000000000000000e+00 0.000000000000000000e+00 1.000000000000000000e+00
2.000000000000000000e+00 3.770000000000000000e+02 8.759999999999999787e+00 0.000000000000000000e+00 -5.694376911643890260e-01 2.438077556452784844e-02 8.111625274181244460e-01 2.438077556452784844e-02 5.097414957251319208e-05 1.000000000000000000e+00 1.000000000000000000e+00 7.940000000000000000e+02 0.000000000000000000e+00 0.000000000000000000e+00 1.000000000000000000e+00
2.000000000000000000e+00 3.770000000000000000e+02 8.769999999999999574e+00 0.000000000000000000e+00 -5.676496991458983565e-01 8.964742819068952095e-02 7.939256541932215860e-01 4.612064983755791159e-02 5.665002825331770520e-03 0.000000000000000000e+00 0.000000000000000000e+00 7.940000000000000000e+02 0.000000000000000000e+00 0.000000000000000000e+00 1.000000000000000000e+00
2.000000000000000000e+00 3.770000000000000000e+02 8.779999999999999361e+00 0.000000000000000000e+00 -5.676078590874431562e-01 1.404078002723930241e-01 7.783756674859673153e-01 6.478998628513082947e-02 1.503484850612797630e-02 0.000000000000000000e+00 0.000000000000000000e+00 7.940000000000000000e+02 0.000000000000000000e+00 0.000000000000000000e+00 1.000000000000000000e+00
2.000000000000000000e+00 3.770000000000000000e+02 8.789999999999999147e+00 0.000000000000000000e+00 -5.693120455539359970e-01 1.772710595840344960e-01 7.644783642897042819e-01 8.055313194636115615e-02 2.317786875753125725e-02 0.000000000000000000e+00 0.000000000000000000e+00 7.940000000000000000e+02 0.000000000000000000e+00 0.000000000000000000e+00 1.000000000000000000e+00
2.000000000000000000e+00 3.770000000000000000e+02 8.800000000000000711e+00 0.000000000000000000e+00 -5.727673676390623303e-01 2.006795966895704997e-01 7.522031767613411857e-01 9.354885052738426410e-02 2.892898856548416220e-02 0.000000000000000000e+00 0.000000000000000000e+00 7.940000000000000000e+02 0.000000000000000000e+00 0.000000000000000000e+00 1.000000000000000000e+00
2.000000000000000000e+00 3.770000000000000000e+02 8.810000000000000497e+00 0.000000000000000000e+00 -5.779841842821709097e-01 2.109143340067385630e-01 7.415231049857874401e-01 1.038915439447307409e-01 3.200941252589317720e-02 0.000000000000000000e+00 0.000000000000000000e+00 7.940000000000000000e+02 0.000000000000000000e+00 0.000000000000000000e+00 1.000000000000000000e+00
2.000000000000000000e+00 3.770000000000000000e+02 8.820000000000000284e+00 0.000000000000000000e+00 -5.849781353240262050e-01 2.080980971157569415e-01 7.324146575882325427e-01 1.116722594107309730e-01 3.230008057071734329e-02 0.000000000000000000e+00 0.000000000000000000e+00 7.940000000000000000e+02 0.000000000000000000e+00 0.000000000000000000e+00 1.000000000000000000e+00
2.000000000000000000e+00 3.770000000000000000e+02 8.830000000000000071e+00 0.000000000000000000e+00 -5.937701883945243342e-01 1.921970887710836018e-01 7.248578000636415331e-01 1.169594909263699800e-01 2.966074977644449218e-02 0.000000000000000000e+00 0.000000000000000000e+00 7.940000000000000000e+02 0.000000000000000000e+00 0.000000000000000000e+00 1.000000000000000000e+00
2.000000000000000000e+00 3.770000000000000000e+02 8.839999999999999858e+00 0.000000000000000000e+00 -6.043867017729420699e-01 1.630204833056334290e-01 7.188359107098171163e-01 1.197997822371711790e-01 2.390589766987993858e-02 0.000000000000000000e+00 0.000000000000000000e+00 7.940000000000000000e+02 0.000000000000000000e+00 0.000000000000000000e+00 1.000000000000000000e+00
2.000000000000000000e+00 3.770000000000000000e+02 8.849999999999999645e+00 0.000000000000000000e+00 -6.168595034091710616e-01 1.202181365599581386e-01 7.143357440670982106e-01 1.202181365599582219e-01 1.497599629338271926e-02 1.000000000000000000e+00 0.000000000000000000e+00 7.940000000000000000e+02 0.000000000000000000e+00 0.000000000000000000e+00 1.000000000000000000e+00
2.000000000000000000e+00 3.770000000000000000e+02 8.859999999999999432e+00 0.000000000000000000e+00 -6.123317222628548162e-01 1.428907428160226534e-01 7.113474017842814634e-01 1.182182366873384544e-01 1.991947348901002002e-02 0.000000000000000000e+00 0.000000000000000000e+00 7.940000000000000000e+02 0.000000000000000000e+00 0.000000000000000000e+00 1.000000000000000000e+00
2.000000000000000000e+00 3.770000000000000000e+02 8.869999999999999218e+00 0.000000000000000000e+00 -6.096840482784502413e-01 1.137824774074974038e-01 7.098643108466807794e-01 1.137824774074975842e-01 1.289034880879674078e-02 1.000000000000000000e+00 0.000000000000000000e+00 7.940000000000000000e+02 0.000000000000000000e+00 0.000000000000000000e+00 1.000000000000000000e+00
2.000000000000000000e+00 3.770000000000000000e+02 8.880000000000000782e+00 0.000000000000000000e+00 -6.020533286595914912e-01 1.315533604391947720e-01 7.098832091184392734e-01 1.068718105246995731e-01 1.621404591818050023e-02 0.000000000000000000e+00 0.000000000000000000e+00 7.940000000000000000e+02 0.000000000000000000e+00 0.000000000000000000e+00 1.000000000000000000e+00
2.000000000000000000e+00 3.770000000000000000e+02 8.890000000000000568e+00 0.000000000000000000e+00 -5.962719019244615559e-01 9.742540111619897580e-02 7.114041381672910891e-01 9.742540111619912846e-02 8.536118809728789752e-03 1.000000000000000000e+00 0.000000000000000000e+00 7.940000000000000000e+02 0.000000000000000000e+00 0.000000000000000000e+00 1.000000000000000000e+00
2.000000000000000000e+00 3.770000000000000000e+02 8.900000000000000355e+00 0.000000000000000000e+00 -5.872274790313196657e-01 8.536009199958047300e-02 7.144304433559921508e-01 8.536009199958059790e-02 5.883893531669057153e-03 1.000000000000000000e+00 0.000000000000000000e+00 7.940000000000000000e+02 0.000000000000000000e+00 0.000000000000000000e+00 1.000000000000000000e+00
2.000000000000000000e+00 3.770000000000000000e+02 8.910000000000000142e+00 0.000000000000000000e+00 -5.766177722281420337e-01 7.056967169620421976e-02 7.189687812006193557e-01 7.056967169620433078e-02 3.291967898008750504e-03 1.000000000000000000e+00 0.000000000000000000e+00 7.940000000000000000e+02 0.000000000000000000e+00 0.000000000000000000e+00 1.000000000000000000e+00
2.000000000000000000e+00 3.770000000000000000e+02 8.919999999999999929e+00 0.000000000000000000e+00 -5.644338474473380440e-01 5.292393944660860744e-02 7.250291340119258132e-01 5.292393944660866295e-02 1.209974729530618152e-03 1.000000000000000000e+00 0.000000000000000000e+00 7.940000000000000000e+02 0.000000000000000000e+00 0.000000000000000000e+00 1.000000000000000000e+00
2.000000000000000000e+00 3.770000000000000000e+02 8.929999999999999716e+00 0.000000000000000000e+00 -5.506634288162661761e-01 3.226755904715443435e-02 7.326248318519523739e-01 3.226755904715444823e-02 1.396375483110709904e-04 1.000000000000000000e+00 0.000000000000000000e+00 7.940000000000000000e+02 0.000000000000000000e+00 0.000000000000000000e+00 1.000000000000000000e+00
2.000000000000000000e+00 3.770000000000000000e+02 8.939999999999999503e+00 0.000000000000000000e+00 -5.352908692316378225e-01 8.418691418182589967e-03 7.417725818541962557e-01 8.418691418182591701e-03 8.548983308096267439e-09 1.000000000000000000e+00 1.000000000000000000e+00 7.940000000000000000e+02 0.000000000000000000e+00 0.000000000000000000e+00 1.000000000000000000e+00
2.000000000000000000e+00 3.770000000000000000e+02 8.949999999999999289e+00 0.000000000000000000e+00 -5.367540539518205200e-01 3.289200423385229416e-02 7.340355645253086037e-01 3.289200423385232191e-02 1.194911893382098224e-04 1.000000000000000000e+00 0.000000000000000000e+00 7.940000000000000000e+02 0.000000000000000000e+00 0.000000000000000000e+00 1.000000000000000000e+00
2.000000000000000000e+00 3.770000000000000000e+02 8.960000000000000853e+00 0.000000000000000000e+00 -5.366141318966404228e-01 5.493191422487991860e-02 7.278537023387193772e-01 5.493191422488000186e-02 9.873047994316055953e-04 1.000000000000000000e+00 0.000000000000000000e+00 7.940000000000000000e+02 0.000000000000000000e+00 0.000000000000000000e+00 1.000000000000000000e+00
2.000000000000000000e+00 3.770000000000000000e+02 8.970000000000000639e+00 0.000000000000000000e+00 -5.348857773087014600e-01 7.473243974641953502e-02 7.232133979661802270e-01 7.473243974641968768e-02 2.614214193586476831e-03 1.000000000000000000e+00 0.000000000000000000e+00 7.940000000000000000e+02 0.000000000000000000e+00 0.000000000000000000e+00 1.000000000000000000e+00
2.000000000000000000e+00 3.770000000000000000e+02 8.980000000000000426e+00 0.000000000000000000e+00 -5.315802791072137268e-01 9.246788574773989744e-02 7.201044448162425837e-01 9.246788574774016112e-02 4.590859196513211171e-03 1.000000000000000000e+00 0.000000000000000000e+00 7.940000000000000000e+02 0.000000000000000000e+00 0.000000000000000000e+00 1.000000000000000000e+00
2.000000000000000000e+00 3.770000000000000000e+02 8.990000000000000213e+00 0.000000000000000000e+00 -5.267055632296870904e-01 1.082943781868191263e-01 7.185200045843290750e-01 1.082943781868195288e-01 6.588576587200918599e-03 1.000000000000000000e+00 0.000000000000000000e+00 7.940000000000000000e+02 0.000000000000000000e+00 0.000000000000000000e+00 1.000000000000000000e+00
2.000000000000000000e+00 3.770000000000000000e+02 9.000000000000000000e+00 0.000000000000000000e+00 -5.186848279063542844e-01 1.470204502915300748e-01 7.184565922115243586e-01 1.223512384144318232e-01 1.244252607242526953e-02 0.000000000000000000e+00 0.000000000000000000e+00 7.940000000000000000e+02 0.000000000000000000e+00 0.000000000000000000e+00 1.000000000000000000e+00
2.000000000000000000e+00 3.770000000000000000e+02 9.009999999999999787e+00 0.000000000000000000e+00 -5.122634495066156202e-01 1.347622096264922964e-01 7.199140682190078300e-01 1.347622096264929903e-01 9.929664445716204768e-03 1.000000000000000000e+00 0.000000000000000000e+00 7.940000000000000000e+02 0.000000000000000000e+00 0.000000000000000000e+00 1.000000000000000000e+00
2.000000000000000000e+00 3.770000000000000000e+02 9.019999999999999574e+00 0.000000000000000000e+00 -4.719562546423701765e-01 1.907808048201863893e-01 7.228956384012615866e-01 1.456365461811836570e-01 1.645833800548852921e-02 0.000000000000000000e+00 0.000000000000000000e+00 7.940000000000000000e+02 0.000000000000000000e+00 0.000000000000000000e+00 1.000000000000000000e+00
2.000000000000000000e+00 3.770000000000000000e+02 9.029999999999999361e+00 0.000000000000000000e+00 -4.331083260113631761e-01 2.399240656632503355e-01 7.274078608773835164e-01 1.550699753701575423e-01 2.141305886769644812e-02 0.000000000000000000e+00 0.000000000000000000e+00 7.940000000000000000e+02 0.000000000000000000e+00 0.000000000000000000e+00 1.000000000000000000e+00
2.000000000000000000e+00 3.770000000000000000e+02 9.039999999999999147e+00 0.000000000000000000e+00 -3.956031988306856761e-01 2.827817532154760505e-01 7.334606605160113313e-01 1.631455401103527048e-01 2.489858107387184216e-02 0.000000000000000000e+00 0.000000000000000000e+00 7.940000000000000000e+02 0.000000000000000000e+00 0.000000000000000000e+00 1.000000000000000000e+00
2.000000000000000000e+00 3.770000000000000000e+02 9.050000000000000711e+00 0.000000000000000000e+00 -3.593284339909956770e-01 3.198681962942319101e-01 7.410673507655894943e-01 1.699343299746607916e-01 2.715983387000152349e-02 0.000000000000000000e+00 0.000000000000000000e+00 7.940000000000000000e+02 0.000000000000000000e+00 0.000000000000000000e+00 1.000000000000000000e+00
2.000000000000000000e+00 3.770000000000000000e+02 9.060000000000000497e+00 0.000000000000000000e+00 -3.241752809678508651e-01 3.516284638591031797e-01 7.502446629379925236e-01 1.754961069967514720e-01 2.842647180309448851e-02 0.000000000000000000e+00 0.000000000000000000e+00 7.940000000000000000e+02 0.000000000000000000e+00 0.000000000000000000e+00 1.000000000000000000e+00
2.000000000000000000e+00 3.770000000000000000e+02 9.070000000000000284e+00 0.000000000000000000e+00 -2.900383517912961118e-01 3.784437062191453038e-01 7.610127830099185919e-01 1.798798317590407647e-01 2.888809291674340751e-02 0.000000000000000000e+00 0.000000000000000000e+00 7.940000000000000000e+02 0.000000000000000000e+00 0.000000000000000000e+00 1.000000000000000000e+00
2.000000000000000000e+00 3.770000000000000000e+02 9.080000000000000071e+00 0.000000000000000000e+00 -2.568153050962749262e-01 4.006357291617959615e-01 7.733953960229976721e-01 1.831240943949809519e-01 2.869650957267101676e-02 0.000000000000000000e+00 0.000000000000000000e+00 7.940000000000000000e+02 0.000000000000000000e+00 0.000000000000000000e+00 1.000000000000000000e+00
2.000000000000000000e+00 3.770000000000000000e+02 9.089999999999999858e+00 0.000000000000000000e+00 -2.244065393066607683e-01 4.184708558968918690e-01 7.874197381802758855e-01 1.852574542998040585e-01 2.797290989048693832e-02 0.000000000000000000e+00 0.000000000000000000e+00 7.940000000000000000e+02 0.000000000000000000e+00 0.000000000000000000e+00 1.000000000000000000e+00
2.000000000000000000e+00 3.770000000000000000e+02 9.099999999999999645e+00 0.000000000000000000e+00 -1.927148940330831728e-01 4.321631231624186165e-01 8.031166567536639489e-01 1.862986915402096155e-01 2.681485300605297717e-02 0.000000000000000000e+00 0.000000000000000000e+00 7.940000000000000000e+02 0.000000000000000000e+00 0.000000000000000000e+00 1.000000000000000000e+00
2.000000000000000000e+00 3.770000000000000000e+02 9.109999999999999432e+00 0.000000000000000000e+00 -1.616453587893497690e-01 4.418768498479850870e-01 8.205206779341208678e-01 1.862569721761675179e-01 2.530213164843959917e-02 0.000000000000000000e+00 0.000000000000000000e+00 7.940000000000000000e+02 0.000000000000000000e+00 0.000000000000000000e+00 1.000000000000000000e+00
2.000000000000000000e+00 3.770000000000000000e+02 9.119999999999999218e+00 0.000000000000000000e+00 -1.311047881542052318e-01 4.477286089616964726e-01 8.396700827738113881e-01 1.851319289501712484e-01 2.350154562319781149e-02 0.000000000000000000e+00 0.000000000000000000e+00 7.940000000000000000e+02 0.000000000000000000e+00 0.000000000000000000e+00 1.000000000000000000e+00
2.000000000000000000e+00 3.770000000000000000e+02 9.130000000000000782e+00 0.000000000000000000e+00 -1.010016225244925042e-01 4.497886266057151694e-01 8.606069913872761434e-01 1.829136580542527202e-01 2.147084463308246427e-02 0.000000000000000000e+00 0.000000000000000000e+00 7.940000000000000000e+02 0.000000000000000000e+00 0.000000000000000000e+00 1.000000000000000000e+00
2.000000000000000000e+00 3.770000000000000000e+02 9.140000000000000568e+00 0.000000000000000000e+00 -7.124561362254339114e-02 4.480816247494039395e-01 8.833774555968204600e-01 1.795826319462990595e-01 1.926210712709758299e-02 0.000000000000000000e+00 0.000000000000000000e+00 7.940000000000000000e+02 0.000000000000000000e+00 0.000000000000000000e+00 1.000000000000000000e+00
2.000000000000000000e+00 3.770000000000000000e+02 9.150000000000000355e+00 0.000000000000000000e+00 -4.174755393487866728e-02 4.425871179140503653e-01 9.080315602258985930e-01 1.751095274481892783e-01 1.692478294964683272e-02 0.000000000000000000e+00 0.000000000000000000e+00 7.940000000000000000e+02 0.000000000000000000e+00 0.000000000000000000e+00 1.000000000000000000e+00
2.000000000000000000e+00 3.770000000000000000e+02 9.160000000000000142e+00 0.000000000000000000e+00 -1.241900927108424701e-02 4.332391673296449031e-01 9.346235332632947257e-01 1.694549676124896542e-01 1.450858043238375389e-02 0.000000000000000000e+00 0.000000000000000000e+00 7.940000000000000000e+02 0.000000000000000000e+00 0.000000000000000000e+00 1.000000000000000000e+00
2.000000000000000000e+00 3.770000000000000000e+02 9.169999999999999929e+00 0.000000000000000000e+00 1.682794635891618484e-02 4.199255896133804455e-01 9.632118651404127929e-01 1.625691750853505979e-01 1.206632230618664980e-02 0.000000000000000000e+00 0.000000000000000000e+00 7.940000000000000000e+02 0.000000000000000000e+00 0.000000000000000000e+00 1.000000000000000000e+00
2.000000000000000000e+00 3.770000000000000000e+02 9.179999999999999716e+00 0.000000000000000000e+00 4.608099434402077033e-02 4.024866104733426098e-01 9.938594373840300422e-01 1.543915339141391785e-01 9.656805325438284904e-03 0.000000000000000000e+00 0.000000000000000000e+00 7.940000000000000000e+02 0.000000000000000000e+00 0.000000000000000000e+00 1.000000000000000000e+00
2.000000000000000000e+00 3.770000000000000000e+02 9.189999999999999503e+00 0.000000000000000000e+00 7.542783433780336777e-02 3.807129472806850545e-01 1.026633660927493530e+00 1.448500559423826217e-01 7.347519350745859712e-03 0.000000000000000000e+00 0.000000000000000000e+00 7.940000000000000000e+02 0.000000000000000000e+00 0.000000000000000000e+00 1.000000000000000000e+00
2.000000000000000000e+00 3.770000000000000000e+02 9.199999999999999289e+00 0.000000000000000000e+00 1.049564471791240156e-01 3.543432974995203155e-01 1.061606624384584974e+00 1.338607470946708844e-01 5.216691096591230536e-03 0.000000000000000000e+00 0.000000000000000000e+00 7.940000000000000000e+02 0.000000000000000000e+00 0.000000000000000000e+00 1.000000000000000000e+00
2.000000000000000000e+00 3.770000000000000000e+02 9.210000000000000853e+00 0.000000000000000000e+00 1.347553586557233563e-01 3.230612028335433927e-01 1.098855252612185085e+00 1.213268679728947697e-01 3.353260111672567295e-03 0.000000000000000000e+00 0.000000000000000000e+00 7.940000000000000000e+02 0.000000000000000000e+00 0.000000000000000000e+00 1.000000000000000000e+00
2.000000000000000000e+00 3.770000000000000000e+02 9.220000000000000639e+00 0.000000000000000000e+00 1.649139049015558856e-01 2.864912514564685875e-01 1.138461475910507614e+00 1.071380822548144429e-01 1.851577888379963427e-03 0.000000000000000000e+00 0.000000000000000000e+00 7.940000000000000000e+02 0.000000000000000000e+00 0.000000000000000000e+00 1.000000000000000000e+00
2.000000000000000000e+00 3.770000000000000000e+02 9.230000000000000426e+00 0.000000000000000000e+00 1.955225002235135845e-01 2.441945727498084917e-01 1.180512410233066856e+00 9.116948539827091080e-02 7.941844877683915116e-04 0.000000000000000000e+00 0.000000000000000000e+00 7.940000000000000000e+02 0.000000000000000000e+00 0.000000000000000000e+00 1.000000000000000000e+00
2.000000000000000000e+00 3.770000000000000000e+02 9.240000000000000213e+00 0.000000000000000000e+00 2.266729081604755835e-01 1.956635704810016085e-01 1.225100548802761091e+00 7.328050510067826706e-02 2.118754312605921654e-04 0.000000000000000000e+00 0.000000000000000000e+00 7.940000000000000000e+02 0.000000000000000000e+00 0.000000000000000000e+00 1.000000000000000000e+00
2.000000000000000000e+00 3.770000000000000000e+02 9.250000000000000000e+00 0.000000000000000000e+00 2.584585165873104495e-01 1.403158312155340925e-01 1.272323965555540060e+00 5.331366383449061969e-02 1.895681605044026137e-05 0.000000000000000000e+00 0.000000000000000000e+00 7.940000000000000000e+02 0.000000000000000000e+00 0.000000000000000000e+00 1.000000000000000000e+00
2.000000000000000000e+00 3.770000000000000000e+02 9.259999999999999787e+00 0.000000000000000000e+00 2.909746176885825708e-01 7.748713485880263929e-02 1.322286530859140052e+00 3.109319256518535898e-02 3.873008424290640804e-08 0.000000000000000000e+00 0.000000000000000000e+00 7.940000000000000000e+02 0.000000000000000000e+00 0.000000000000000000e+00 1.000000000000000000e+00
2.000000000000000000e+00 3.770000000000000000e+02 9.269999999999999574e+00 0.000000000000000000e+00 3.243186936413148813e-01 6.423483448257990419e-03 1.375098139981374867e+00 6.423483448257990419e-03 1.386922701820516801e-45 1.000000000000000000e+00 1.000000000000000000e+00 7.940000000000000000e+02 0.000000000000000000e+00 0.000000000000000000e+00 1.000000000000000000e+00
2.000000000000000000e+00 3.770000000000000000e+02 9.279999999999999361e+00 0.000000000000000000e+00 3.011135719909089903e-01 7.750501572395861183e-02 1.323480137913585652e+00 3.120692317437816221e-02 3.227970091901279351e-08 0.000000000000000000e+00 0.000000000000000000e+00 7.940000000000000000e+02 0.000000000000000000e+00 0.000000000000000000e+00 1.000000000000000000e+00
2.000000000000000000e+00 3.770000000000000000e+02 9.289999999999999147e+00 0.000000000000000000e+00 2.787668214358135499e-01 1.403122700070338069e-01 1.274713805065391448e+00 5.369429578858756630e-02 1.527424657033792164e-05 0.000000000000000000e+00 0.000000000000000000e+00 7.940000000000000000e+02 0.000000000000000000e+00 0.000000000000000000e+00 1.000000000000000000e+00
2.000000000000000000e+00 3.770000000000000000e+02 9.300000000000000711e+00 0.000000000000000000e+00 2.572114471697719007e-01 1.955989869368542911e-01 1.228691877344644467e+00 7.408355868037290459e-02 1.663990840221527510e-04 0.000000000000000000e+00 0.000000000000000000e+00 7.940000000000000000e+02 0.000000000000000000e+00 0.000000000000000000e+00 1.000000000000000000e+00
2.000000000000000000e+00 3.770000000000000000e+02 9.310000000000000497e+00 0.000000000000000000e+00 2.363828269060141152e-01 2.440286542879305798e-01 1.185313127121389254e+00 9.255419948152020237e-02 6.091075087177513087e-04 0.000000000000000000e+00 0.000000000000000000e+00 7.940000000000000000e+02 0.000000000000000000e+00 0.000000000000000000e+00 1.000000000000000000e+00
2.000000000000000000e+00 3.770000000000000000e+02 9.320000000000000284e+00 0.000000000000000000e+00 2.162185171418158636e-01 2.861824693893035287e-01 1.144482140572411488e+00 1.092688161041053402e-01 1.387196178231400387e-03 0.000000000000000000e+00 0.000000000000000000e+00 7.940000000000000000e+02 0.000000000000000000e+00 0.000000000000000000e+00 1.000000000000000000e+00
2.000000000000000000e+00 3.770000000000000000e+02 9.330000000000000071e+00 0.000000000000000000e+00 1.966580659549783672e-01 3.225663139883779840e-01 1.106109107813557868e+00 1.243745480974941670e-01 2.452997468677178827e-03 0.000000000000000000e+00 0.000000000000000000e+00 7.940000000000000000e+02 0.000000000000000000e+00 0.000000000000000000e+00 1.000000000000000000e+00
2.000000000000000000e+00 3.770000000000000000e+02 9.339999999999999858e+00 0.000000000000000000e+00 1.776428317709995153e-01 3.536168252635167875e-01 1.070109625358213190e+00 1.380043719246553113e-01 3.722871749004028064e-03 0.000000000000000000e+00 0.000000000000000000e+00 7.940000000000000000e+02 0.000000000000000000e+00 0.000000000000000000e+00 1.000000000000000000e+00
2.000000000000000000e+00 3.770000000000000000e+02 9.349999999999999645e+00 0.000000000000000000e+00 1.591158075576065700e-01 3.797066358427252375e-01 1.036404510467429319e+00 1.502782715601631292e-01 5.109114668533486919e-03 0.000000000000000000e+00 0.000000000000000000e+00 7.940000000000000000e+02 0.000000000000000000e+00 0.000000000000000000e+00 1.000000000000000000e+00
2.000000000000000000e+00 3.770000000000000000e+02 9.359999999999999432e+00 0.000000000000000000e+00 1.410214499195918403e-01 4.011488457131229257e-01 1.004919626983363345e+00 1.613042947147194650e-01 6.532654346955650559e-03 0.000000000000000000e+00 0.000000000000000000e+00 7.940000000000000000e+02 0.000000000000000000e+00 0.000000000000000000e+00 1.000000000000000000e+00
2.000000000000000000e+00 3.770000000000000000e+02 9.369999999999999218e+00 0.000000000000000000e+00 1.233055125815825104e-01 4.182007796879296246e-01 9.755857222629299441e-01 1.711795039841886301e-01 7.926235703856629455e-03 0.000000000000000000e+00 0.000000000000000000e+00 7.940000000000000000e+02 0.000000000000000000e+00 0.000000000000000000e+00 1.000000000000000000e+00
2.000000000000000000e+00 3.770000000000000000e+02 9.380000000000000782e+00 0.000000000000000000e+00 1.059148837595323273e-01 4.310670755237765439e-01 9.483382748530038153e-01 1.799908312961527035e-01 9.233703877872000143e-03 0.000000000000000000e+00 0.000000000000000000e+00 7.940000000000000000e+02 0.000000000000000000e+00 0.000000000000000000e+00 1.000000000000000000e+00
2.000000000000000000e+00 3.770000000000000000e+02 9.390000000000000568e+00 0.000000000000000000e+00 8.879742693338005255e-02 4.399021397483866003e-01 9.231173525721170225e-01 1.878158431757242230e-01 1.040799626239971576e-02 0.000000000000000000e+00 0.000000000000000000e+00 7.940000000000000000e+02 0.000000000000000000e+00 0.000000000000000000e+00 1.000000000000000000e+00
2.000000000000000000e+00 3.770000000000000000e+02 9.400000000000000355e+00 0.000000000000000000e+00 7.190182454351695673e-02 4.448120006706480223e-01 8.998674806865020193e-01 1.947234235672817282e-01 1.140894530624746855e-02 0.000000000000000000e+00 0.000000000000000000e+00 7.940000000000000000e+02 0.000000000000000000e+00 0.000000000000000000e+00 1.000000000000000000e+00
2.000000000000000000e+00 3.770000000000000000e+02 9.410000000000000142e+00 0.000000000000000000e+00 5.517742414246921967e-02 4.458555808107854679e-01 8.785375198905210903e-01 2.007743802230446128e-01 1.220132264287764057e-02 0.000000000000000000e+00 0.000000000000000000e+00 7.940000000000000000e+02 0.000000000000000000e+00 0.000000000000000000e+00 1.000000000000000000e+00
2.000000000000000000e+00 3.770000000000000000e+02 9.419999999999999929e+00 0.000000000000000000e+00 3.857408654056510011e-02 4.430454040208772204e-01 8.590805538230968930e-01 2.060219799965495036e-01 1.275328363173974799e-02 0.000000000000000000e+00 0.000000000000000000e+00 7.940000000000000000e+02 0.000000000000000000e+00 0.000000000000000000e+00 1.000000000000000000e+00
2.000000000000000000e+00 3.770000000000000000e+02 9.429999999999999716e+00 0.000000000000000000e+00 2.204203549033131176e-02 4.363477457817643845e-01 8.414537858727292319e-01 2.105124177532463059e-01 1.303528787057999655e-02 0.000000000000000000e+00 0.000000000000000000e+00 7.940000000000000000e+02 0.000000000000000000e+00 0.000000000000000000e+00 1.000000000000000000e+00
2.000000000000000000e+00 3.770000000000000000e+02 9.439999999999999503e+00 0.000000000000000000e+00 5.531708458977720178e-03 4.256822284800476641e-01 8.256184450441180767e-01 2.142852230260519353e-01 1.301958622912698094e-02 0.000000000000000000e+00 0.000000000000000000e+00 7.940000000000000000e+02 0.000000000000000000e+00 0.000000000000000000e+00 1.000000000000000000e+00
2.000000000000000000e+00 3.770000000000000000e+02 9.449999999999999289e+00 0.000000000000000000e+00 -1.100639195840803081e-02 4.109208568081469948e-01 8.115397006793351187e-01 2.173736079956714862e-01 1.268045318331818827e-02 0.000000000000000000e+00 0.000000000000000000e+00 7.940000000000000000e+02 0.000000000000000000e+00 0.000000000000000000e+00 1.000000000000000000e+00
2.000000000000000000e+00 3.770000000000000000e+02 9.460000000000000853e+00 0.000000000000000000e+00 -2.762184643041507015e-02 3.918864817114037780e-01 7.991865858459773486e-01 2.198047598589734086e-01 1.199552142577479247e-02 0.000000000000000000e+00 0.000000000000000000e+00 7.940000000000000000e+02 0.000000000000000000e+00 0.000000000000000000e+00 1.000000000000000000e+00
2.000000000000000000e+00 3.770000000000000000e+02 9.470000000000000639e+00 0.000000000000000000e+00 -4.436446753048562536e-02 3.683506744482781259e-01 7.885319292237832345e-01 2.216000801591509473e-01 1.094890528399599522e-02 0.000000000000000000e+00 0.000000000000000000e+00 7.940000000000000000e+02 0.000000000000000000e+00 0.000000000000000000e+00 1.000000000000000000e+00
2.000000000000000000e+00 3.770000000000000000e+02 9.480000000000000426e+00 0.000000000000000000e+00 -6.128444907333402414e-02 3.400309852505528085e-01 7.795522953398975607e-01 2.227753731845045493e-01 9.537411910329862685e-03 0.000000000000000000e+00 0.000000000000000000e+00 7.940000000000000000e+02 0.000000000000000000e+00 0.000000000000000000e+00 1.000000000000000000e+00
2.000000000000000000e+00 3.770000000000000000e+02 9.490000000000000213e+00 0.000000000000000000e+00 -7.843251659431449418e-02 3.065875536851247474e-01 7.722279330213259740e-01 2.233409850943286479e-01 7.782284641573621042e-03 0.000000000000000000e+00 0.000000000000000000e+00 7.940000000000000000e+02 0.000000000000000000e+00 0.000000000000000000e+00 1.000000000000000000e+00
2.000000000000000000e+00 3.770000000000000000e+02 9.500000000000000000e+00 0.000000000000000000e+00 -9.586007942286889350e-02 2.676190300388336385e-01 7.665427319512009285e-01 2.233018949966344979e-01 5.750986972938274683e-03 0.000000000000000000e+00 0.000000000000000000e+00 7.940000000000000000e+02 0.000000000000000000e+00 0.000000000000000000e+00 1.000000000000000000e+00
2.000000000000000000e+00 3.770000000000000000e+02 9.509999999999999787e+00 0.000000000000000000e+00 -1.136193848059671718e-01 2.226577587794684454e-01 7.624841872332989157e-01 2.226577587794695001e-01 3.596518016135228507e-03 1.000000000000000000e+00 0.000000000000000000e+00 7.940000000000000000e+02 0.000000000000000000e+00 0.000000000000000000e+00 1.000000000000000000e+00
2.000000000000000000e+00 3.770000000000000000e+02 9.519999999999999574e+00 0.000000000000000000e+00 -1.050308576310639980e-01 2.602702881678315427e-01 7.600433718868694344e-01 2.214029060816843919e-01 5.550015746927688259e-03 0.000000000000000000e+00 0.000000000000000000e+00 7.940000000000000000e+02 0.000000000000000000e+00 0.000000000000000000e+00 1.000000000000000000e+00
2.000000000000000000e+00 3.770000000000000000e+02 9.529999999999999361e+00 0.000000000000000000e+00 -9.680156669520112445e-02 2.777183972543989521e-01 7.592149172112753197e-01 2.195262903764791107e-01 6.430222067916262219e-03 0.000000000000000000e+00 0.000000000000000000e+00 7.940000000000000000e+02 0.000000000000000000e+00 0.000000000000000000e+00 1.000000000000000000e+00
2.000000000000000000e+00 3.770000000000000000e+02 9.539999999999999147e+00 0.000000000000000000e+00 -8.890684086104617967e-02 2.752114782351647859e-01 7.599970009772556434e-01 2.170113917283126859e-01 6.028463165424751552e-03 0.000000000000000000e+00 0.000000000000000000e+00 7.940000000000000000e+02 0.000000000000000000e+00 0.000000000000000000e+00 1.000000000000000000e+00
2.000000000000000000e+00 3.770000000000000000e+02 9.550000000000000711e+00 0.000000000000000000e+00 -8.132301200618430315e-02 2.527194459429624729e-01 7.623913434188377414e-01 2.138360713671404734e-01 4.493187021850600371e-03 0.000000000000000000e+00 0.000000000000000000e+00 7.940000000000000000e+02 0.000000000000000000e+00 0.000000000000000000e+00 1.000000000000000000e+00
2.000000000000000000e+00 3.770000000000000000e+02 9.560000000000000497e+00 0.000000000000000000e+00 -7.402734406688391000e-02 2.099723767997880297e-01 7.664032110170807544e-01 2.099723767997892787e-01 2.335136314298248694e-03 1.000000000000000000e+00 0.000000000000000000e+00 7.940000000000000000e+02 0.000000000000000000e+00 0.000000000000000000e+00 1.000000000000000000e+00
2.000000000000000000e+00 3.770000000000000000e+02 9.570000000000000284e+00 0.000000000000000000e+00 -5.949299004827260373e-02 2.380617955039659450e-01 7.720414280839764665e-01 2.053862957428569669e-01 3.296162019461278125e-03 0.000000000000000000e+00 0.000000000000000000e+00 7.940000000000000000e+02 0.000000000000000000e+00 0.000000000000000000e+00 1.000000000000000000e+00
2.000000000000000000e+00 3.770000000000000000e+02 9.580000000000000071e+00 0.000000000000000000e+00 -4.518135127391388617e-02 2.327186352728602969e-01 7.793183961719831743e-01 2.000374567109956536e-01 2.815372237347089912e-03 0.000000000000000000e+00 0.000000000000000000e+00 7.940000000000000000e+02 0.000000000000000000e+00 0.000000000000000000e+00 1.000000000000000000e+00
2.000000000000000000e+00 3.770000000000000000e+02 9.589999999999999858e+00 0.000000000000000000e+00 -3.104952193230990642e-02 1.938787736248434035e-01 7.882501213518869898e-01 1.938787736248444860e-01 1.314661505176622711e-03 1.000000000000000000e+00 0.000000000000000000e+00 7.940000000000000000e+02 0.000000000000000000e+00 0.000000000000000000e+00 1.000000000000000000e+00
2.000000000000000000e+00 3.770000000000000000e+02 9.599999999999999645e+00 0.000000000000000000e+00 -1.257667473566261018e-02 2.114738289777697011e-01 7.988562494189893615e-01 1.868560313100775527e-01 1.634604953843106501e-03 0.000000000000000000e+00 0.000000000000000000e+00 7.940000000000000000e+02 0.000000000000000000e+00 0.000000000000000000e+00 1.000000000000000000e+00
2.000000000000000000e+00 3.770000000000000000e+02 9.609999999999999432e+00 0.000000000000000000e+00 5.814110751432899349e-03 1.789074082386960529e-01 8.111601091050580914e-01 1.789074082386969133e-01 7.247829931426898187e-04 1.000000000000000000e+00 0.000000000000000000e+00 7.940000000000000000e+02 0.000000000000000000e+00 0.000000000000000000e+00 1.000000000000000000e+00
2.000000000000000000e+00 3.770000000000000000e+02 9.619999999999999218e+00 0.000000000000000000e+00 2.677592787701313370e-02 1.699629323112387957e-01 8.251887633910895969e-01 1.699629323112395729e-01 4.894853679959041554e-04 1.000000000000000000e+00 0.000000000000000000e+00 7.940000000000000000e+02 0.000000000000000000e+00 0.000000000000000000e+00 1.000000000000000000e+00
2.000000000000000000e+00 3.770000000000000000e+02 9.630000000000000782e+00 0.000000000000000000e+00 4.946270791227376507e-02 1.599438648891229608e-01 8.409730690337468006e-01 1.599438648891236270e-01 3.029284741201581158e-04 1.000000000000000000e+00 0.000000000000000000e+00 7.940000000000000000e+02 0.000000000000000000e+00 0.000000000000000000e+00 1.000000000000000000e+00
2.000000000000000000e+00 3.770000000000000000e+02 9.640000000000000568e+00 0.000000000000000000e+00 7.390798563714427727e-02 1.487620076547416514e-01 8.585477444364045807e-01 1.487620076547422066e-01 1.669092579077440137e-04 1.000000000000000000e+00 0.000000000000000000e+00 7.940000000000000000e+02 0.000000000000000000e+00 0.000000000000000000e+00 1.000000000000000000e+00
2.000000000000000000e+00 3.770000000000000000e+02 9.650000000000000355e+00 0.000000000000000000e+00 1.001492363044049483e-01 1.363189261975611133e-01 8.779514460140884768e-01 1.363189261975615296e-01 7.832483303490836522e-05 1.000000000000000000e+00 0.000000000000000000e+00 7.940000000000000000e+02 0.000000000000000000e+00 0.000000000000000000e+00 1.000000000000000000e+00
2.000000000000000000e+00 3.770000000000000000e+02 9.660000000000000142e+00 0.000000000000000000e+00 1.282279607845991931e-01 1.225050834914159781e-01 8.992268532202752906e-01 1.225050834914163389e-01 2.913055415920684510e-05 1.000000000000000000e+00 0.000000000000000000e+00 7.940000000000000000e+02 0.000000000000000000e+00 0.000000000000000000e+00 1.000000000000000000e+00
2.000000000000000000e+00 3.770000000000000000e+02 9.669999999999999929e+00 0.000000000000000000e+00 1.581897795595738621e-01 1.071988756349612215e-01 9.224207624225770896e-01 1.071988756349614852e-01 7.575915854892163585e-06 1.000000000000000000e+00 0.000000000000000000e+00 7.940000000000000000e+02 0.000000000000000000e+00 0.000000000000000000e+00 1.000000000000000000e+00
2.000000000000000000e+00 3.770000000000000000e+02 9.679999999999999716e+00 0.000000000000000000e+00 1.900845357711209160e-01 9.026556136685938425e-02 9.475841898337911129e-01 9.026556136685953691e-02 1.083878431658155732e-06 1.000000000000000000e+00 0.000000000000000000e+00 7.940000000000000000e+02 0.000000000000000000e+00 0.000000000000000000e+00 1.000000000000000000e+00
2.000000000000000000e+00 3.770000000000000000e+02 9.689999999999999503e+00 0.000000000000000000e+00 2.239664075511000607e-01 7.155607593217538920e-02 9.747724837247212504e-01 7.155607593217548634e-02 5.035615547897326669e-08 1.000000000000000000e+00 0.000000000000000000e+00 7.940000000000000000e+02 0.000000000000000000e+00 0.000000000000000000e+00 1.000000000000000000e+00
2.000000000000000000e+00 3.770000000000000000e+02 9.699999999999999289e+00 0.000000000000000000e+00 2.598940298798611548e-01 5.090571885838945931e-02 1.004045446165585220e+00 5.090571885838950095e-02 1.802321234375118253e-10 1.000000000000000000e+00 0.000000000000000000e+00 7.940000000000000000e+02 0.000000000000000000e+00 0.000000000000000000e+00 1.000000000000000000e+00
2.000000000000000000e+00 3.770000000000000000e+02 9.710000000000000853e+00 0.000000000000000000e+00 2.979306262407286909e-01 2.813270408945911516e-02 1.035467464563786910e+00 2.813270408945913598e-02 1.362656180107138194e-16 1.000000000000000000e+00 1.000000000000000000e+00 7.940000000000000000e+02 0.000000000000000000e+00 0.000000000000000000e+00 1.000000000000000000e+00
2.000000000000000000e+00 3.770000000000000000e+02 9.720000000000000639e+00 0.000000000000000000e+00 2.522660781063290059e-01 5.054653746164146366e-02 9.832295810338668174e-01 5.054653746164149142e-02 1.952914981692331179e-10 1.000000000000000000e+00 0.000000000000000000e+00 7.940000000000000000e+02 0.000000000000000000e+00 0.000000000000000000e+00 1.000000000000000000e+00
2.000000000000000000e+00 3.770000000000000000e+02 9.730000000000000426e+00 0.000000000000000000e+00 2.086624005375997126e-01 7.062129034198902366e-02 9.330949678804296710e-01 7.062129034198909305e-02 5.726300637010672832e-08 1.000000000000000000e+00 0.000000000000000000e+00 7.940000000000000000e+02 0.000000000000000000e+00 0.000000000000000000e+00 1.000000000000000000e+00
2.000000000000000000e+00 3.770000000000000000e+02 9.740000000000000213e+00 0.000000000000000000e+00 1.670081661087964853e-01 8.853368171599476644e-02 8.849533514074439111e-01 8.853368171599487746e-02 1.272051980159425095e-06 1.000000000000000000e+00 0.000000000000000000e+00 7.940000000000000000e+02 0.000000000000000000e+00 0.000000000000000000e+00 1.000000000000000000e+00
2.000000000000000000e+00 3.770000000000000000e+02 9.750000000000000000e+00 0.000000000000000000e+00 1.271963347236468589e-01 1.044413952000017021e-01 8.386988416190064299e-01 1.044413952000018408e-01 9.098548314544077989e-06 1.000000000000000000e+00 0.000000000000000000e+00 7.940000000000000000e+02 0.000000000000000000e+00 0.000000000000000000e+00 1.000000000000000000e+00
2.000000000000000000e+00 3.770000000000000000e+02 9.759999999999999787e+00 0.000000000000000000e+00 8.912402081977624513e-02 1.184844671374288838e-01 7.942296993087759605e-01 1.184844671374290781e-01 3.563209650679193810e-05 1.000000000000000000e+00 0.000000000000000000e+00 7.940000000000000000e+02 0.000000000000000000e+00 0.000000000000000000e+00 1.000000000000000000e+00
2.000000000000000000e+00 3.770000000000000000e+02 9.769999999999999574e+00 0.000000000000000000e+00 5.269226970265211696e-02 1.307865193452310004e-01 7.514481122792806556e-01 1.307865193452312780e-01 9.729984094222808924e-05 1.000000000000000000e+00 0.000000000000000000e+00 7.940000000000000000e+02 0.000000000000000000e+00 0.000000000000000000e+00 1.000000000000000000e+00
2.000000000000000000e+00 3.770000000000000000e+02 9.779999999999999361e+00 0.000000000000000000e+00 1.780584251681768815e-02 1.414558473625163737e-01 7.102599801988915829e-01 1.414558473625167345e-01 2.101960821641185584e-04 1.000000000000000000e+00 0.000000000000000000e+00 7.940000000000000000e+02 0.000000000000000000e+00 0.000000000000000000e+00 1.000000000000000000e+00
2.000000000000000000e+00 3.770000000000000000e+02 9.789999999999999147e+00 0.000000000000000000e+00 -1.562699061885461371e-02 1.505863737812263847e-01 6.705747076232350112e-01 1.505863737812268288e-01 3.862613525286106263e-04 1.000000000000000000e+00 0.000000000000000000e+00 7.940000000000000000e+02 0.000000000000000000e+00 0.000000000000000000e+00 1.000000000000000000e+00
2.000000000000000000e+00 3.770000000000000000e+02 9.800000000000000711e+00 0.000000000000000000e+00 -4.769464976711809689e-02 1.582584750510910576e-01 6.323050047257883222e-01 1.582584750510916127e-01 6.313725488525613258e-04 1.000000000000000000e+00 0.000000000000000000e+00 7.940000000000000000e+02 0.000000000000000000e+00 0.000000000000000000e+00 1.000000000000000000e+00
2.000000000000000000e+00 3.770000000000000000e+02 9.810000000000000497e+00 0.000000000000000000e+00 -7.848243705786614455e-02 1.645396890372632648e-01 5.953666952993552641e-01 1.645396890372639864e-01 9.450105482715128596e-04 1.000000000000000000e+00 0.000000000000000000e+00 7.940000000000000000e+02 0.000000000000000000e+00 0.000000000000000000e+00 1.000000000000000000e+00
2.000000000000000000e+00 3.770000000000000000e+02 9.820000000000000284e+00 0.000000000000000000e+00 -1.080727217254854600e-01 1.694853095592941394e-01 5.596785316061074766e-01 1.694853095592949721e-01 1.320840861552631529e-03 1.000000000000000000e+00 0.000000000000000000e+00 7.940000000000000000e+02 0.000000000000000000e+00 0.000000000000000000e+00 1.000000000000000000e+00
2.000000000000000000e+00 3.770000000000000000e+02 9.830000000000000071e+00 0.000000000000000000e+00 -1.357989524779357471e-01 1.977676042150633418e-01 5.251620156689489338e-01 1.731388731452054852e-01 2.777445951579096683e-03 0.000000000000000000e+00 0.000000000000000000e+00 7.940000000000000000e+02 0.000000000000000000e+00 0.000000000000000000e+00 1.000000000000000000e+00
2.000000000000000000e+00 3.770000000000000000e+02 9.839999999999999858e+00 0.000000000000000000e+00 -1.639766611825145826e-01 1.755325422855708306e-01 4.917412266111220731e-01 1.755325422855718576e-01 2.210465050115628660e-03 1.000000000000000000e+00 0.000000000000000000e+00 7.940000000000000000e+02 0.000000000000000000e+00 0.000000000000000000e+00 1.000000000000000000e+00
2.000000000000000000e+00 3.770000000000000000e+02 9.849999999999999645e+00 0.000000000000000000e+00 -1.508476329127216298e-01 2.213283034218265222e-01 4.593426536642795099e-01 1.766873885614297923e-01 4.355482323358177837e-03 0.000000000000000000e+00 0.000000000000000000e+00 7.940000000000000000e+02 0.000000000000000000e+00 0.000000000000000000e+00 1.000000000000000000e+00
2.000000000000000000e+00 3.770000000000000000e+02 9.859999999999999432e+00 0.000000000000000000e+00 -1.382151980326535856e-01 2.592733397955493402e-01 4.278950344777167070e-01 1.766135781383847692e-01 6.484779949456110498e-03 0.000000000000000000e+00 0.000000000000000000e+00 7.940000000000000000e+02 0.000000000000000000e+00 0.000000000000000000e+00 1.000000000000000000e+00
2.000000000000000000e+00 3.770000000000000000e+02 9.869999999999999218e+00 0.000000000000000000e+00 -1.260414849275869886e-01 2.898230242184272054e-01 3.973291983731140897e-01 1.753104612598416212e-01 8.304645630404533518e-03 0.000000000000000000e+00 0.000000000000000000e+00 7.940000000000000000e+02 0.000000000000000000e+00 0.000000000000000000e+00 1.000000000000000000e+00
2.000000000000000000e+00 3.770000000000000000e+02 9.880000000000000782e+00 0.000000000000000000e+00 -1.142899972152452426e-01 3.133439789689264621e-01 3.675779142000242805e-01 1.727665665271669870e-01 9.672936369454300520e-03 0.000000000000000000e+00 0.000000000000000000e+00 7.940000000000000000e+02 0.000000000000000000e+00 0.000000000000000000e+00 1.000000000000000000e+00
2.000000000000000000e+00 3.770000000000000000e+02 9.890000000000000568e+00 0.000000000000000000e+00 -1.029255043308722473e-01 3.301184755724403952e-01 3.385757424574501462e-01 1.689594999164326927e-01 1.053124095247939124e-02 0.000000000000000000e+00 0.000000000000000000e+00 7.940000000000000000e+02 0.000000000000000000e+00 0.000000000000000000e+00 1.000000000000000000e+00
2.000000000000000000e+00 3.770000000000000000e+02 9.900000000000000355e+00 0.000000000000000000e+00 -9.191393590718502371e-02 3.403478223004318681e-01 3.102588913562498441e-01 1.638557476427784099e-01 1.086698699846575661e-02 0.000000000000000000e+00 0.000000000000000000e+00 7.940000000000000000e+02 0.000000000000000000e+00 0.000000000000000000e+00 1.000000000000000000e+00
2.000000000000000000e+00 3.770000000000000000e+02 9.910000000000000142e+00 0.000000000000000000e+00 -8.122227963255874983e-02 3.441547800414497815e-01 2.825650765057698965e-01 1.574103811370018147e-01 1.069437120001609509e-02 0.000000000000000000e+00 0.000000000000000000e+00 7.940000000000000000e+02 0.000000000000000000e+00 0.000000000000000000e+00 1.000000000000000000e+00
2.000000000000000000e+00 3.770000000000000000e+02 9.919999999999999929e+00 0.000000000000000000e+00 -7.081848228122708533e-02 3.415850355365326330e-01 2.554333839160803921e-01 1.495666615372687747e-01 1.004611670937099327e-02 0.000000000000000000e+00 0.000000000000000000e+00 7.940000000000000000e+02 0.000000000000000000e+00 0.000000000000000000e+00 1.000000000000000000e+00
2.000000000000000000e+00 3.770000000000000000e+02 9.929999999999999716e+00 0.000000000000000000e+00 -6.067135361879044675e-02 3.326077496590817417e-01 2.288041360144771885e-01 1.402555402142677266e-01 8.971978609879964484e-03 0.000000000000000000e+00 0.000000000000000000e+00 7.940000000000000000e+02 0.000000000000000000e+00 0.000000000000000000e+00 1.000000000000000000e+00
2.000000000000000000e+00 3.770000000000000000e+02 9.939999999999999503e+00 0.000000000000000000e+00 -5.075047289494201419e-02 3.171151873190296566e-01 2.026187603815489957e-01 1.293950509329069853e-01 7.542308106715342464e-03 0.000000000000000000e+00 0.000000000000000000e+00 7.940000000000000000e+02 0.000000000000000000e+00 0.000000000000000000e+00 1.000000000000000000e+00
2.000000000000000000e+00 3.770000000000000000e+02 9.949999999999999289e+00 0.000000000000000000e+00 -4.102609764308236262e-02 2.949214245498377740e-01 1.768196609180863188e-01 1.168895882997253721e-01 5.856301831784354456e-03 0.000000000000000000e+00 0.000000000000000000e+00 7.940000000000000000e+02 0.000000000000000000e+00 0.000000000000000000e+00 1.000000000000000000e+00
2.000000000000000000e+00 3.770000000000000000e+02 9.960000000000000853e+00 0.000000000000000000e+00 -3.146907451340521383e-02 2.657601172622662822e-01 1.513500911594576892e-01 1.026290661441569690e-01 4.054865245153593117e-03 0.000000000000000000e+00 0.000000000000000000e+00 7.940000000000000000e+02 0.000000000000000000e+00 0.000000000000000000e+00 1.000000000000000000e+00
2.000000000000000000e+00 3.770000000000000000e+02 9.970000000000000639e+00 0.000000000000000000e+00 -2.205075187213566268e-02 2.292813048880541771e-01 1.261540294588017752e-01 8.648794842483918666e-02 2.335826049008360786e-03 0.000000000000000000e+00 0.000000000000000000e+00 7.940000000000000000e+02 0.000000000000000000e+00 0.000000000000000000e+00 1.000000000000000000e+00
2.000000000000000000e+00 3.770000000000000000e+02 9.980000000000000426e+00 0.000000000000000000e+00 -1.274289390489611110e-02 1.850472105545092893e-01 1.011760557644933584e-01 6.832414412998824571e-02 9.580773727757329120e-04 0.000000000000000000e+00 0.000000000000000000e+00 7.940000000000000000e+02 0.000000000000000000e+00 0.000000000000000000e+00 1.000000000000000000e+00
2.000000000000000000e+00 3.770000000000000000e+02 9.990000000000000213e+00 0.000000000000000000e+00 -3.517595966684904096e-03 1.325269873885191463e-01 7.636122972085010452e-02 4.797775644359798114e-02 1.801808731227306365e-04 0.000000000000000000e+00 0.000000000000000000e+00 7.940000000000000000e+02 0.000000000000000000e+00 0.000000000000000000e+00 1.000000000000000000e+00
2.000000000000000000e+00 3.770000000000000000e+02 1.000000000000000000e+01 0.000000000000000000e+00 5.652799075310535604e-03 7.109034790114797386e-02 5.165496982395504505e-02 2.526967516631428712e-02 2.102476532136682091e-06 0.000000000000000000e+00 0.000000000000000000e+00 7.940000000000000000e+02 0.000000000000000000e+00 0.000000000000000000e+00 1.000000000000000000e+00
