macrorep i x y cond_mean cond_var cond_mean_err cond_var_err cei lf hf maxcei x_star lf_next hf_next
0.000000000000000000e+00 3.000000000000000000e+01 1.000000000000000021e-02 0.000000000000000000e+00 -8.887279207471364406e-03 2.204315220771917855e-02 7.469854296824864071e-02 3.546479805874092756e-02 1.592720772841019409e-11 0.000000000000000000e+00 0.000000000000000000e+00 7.690000000000000000e+02 0.000000000000000000e+00 0.000000000000000000e+00 1.000000000000000000e+00
0.000000000000000000e+00 3.000000000000000000e+01 2.000000000000000042e-02 0.000000000000000000e+00 -1.377140665034180811e-02 4.301943152444034912e-02 7.366839860377287497e-02 6.725983130283298694e-02 4.080984237547341543e-08 0.000000000000000000e+00 0.000000000000000000e+00 7.690000000000000000e+02 0.000000000000000000e+00 0.000000000000000000e+00 1.000000000000000000e+00
0.000000000000000000e+00 3.000000000000000000e+01 2.999999999999999889e-02 0.000000000000000000e+00 -1.865927380883767098e-02 6.296096972704394445e-02 7.263218287543540819e-02 9.576070976251709055e-02 1.401794182092389415e-06 0.000000000000000000e+00 0.000000000000000000e+00 7.690000000000000000e+02 0.000000000000000000e+00 0.000000000000000000e+00 1.000000000000000000e+00
0.000000000000000000e+00 3.000000000000000000e+01 4.000000000000000083e-02 0.000000000000000000e+00 -2.355275233070429006e-02 8.189831356057004907e-02 7.158683771069782042e-02 1.213041280321327520e-01 1.081206428530496165e-05 0.000000000000000000e+00 0.000000000000000000e+00 7.690000000000000000e+02 0.000000000000000000e+00 0.000000000000000000e+00 1.000000000000000000e+00
0.000000000000000000e+00 3.000000000000000000e+01 5.000000000000000278e-02 0.000000000000000000e+00 -2.845371601237379339e-02 9.986047153017729716e-02 7.052927809429347661e-02 1.441918428054078383e-01 4.142653890970321873e-05 0.000000000000000000e+00 0.000000000000000000e+00 7.690000000000000000e+02 0.000000000000000000e+00 0.000000000000000000e+00 1.000000000000000000e+00
0.000000000000000000e+00 3.000000000000000000e+01 6.000000000000000472e-02 0.000000000000000000e+00 -3.336404151647373584e-02 1.168749583368026146e-01 6.945638296375225562e-02 1.646942376725130941e-01 1.078134247777934578e-04 0.000000000000000000e+00 0.000000000000000000e+00 7.690000000000000000e+02 0.000000000000000000e+00 0.000000000000000000e+00 1.000000000000000000e+00
0.000000000000000000e+00 3.000000000000000000e+01 6.999999999999999278e-02 0.000000000000000000e+00 -3.828560909043323551e-02 1.329678370245898911e-01 6.836498599854301528e-02 1.830535172915447040e-01 2.212167914183425267e-04 0.000000000000000000e+00 0.000000000000000000e+00 7.690000000000000000e+02 0.000000000000000000e+00 0.000000000000000000e+00 1.000000000000000000e+00
0.000000000000000000e+00 3.000000000000000000e+01 8.000000000000000167e-02 0.000000000000000000e+00 -4.322030328646180725e-02 1.481637589046488068e-01 6.725186627565085673e-02 1.994865686687204431e-01 3.878097152728273225e-04 0.000000000000000000e+00 0.000000000000000000e+00 7.690000000000000000e+02 0.000000000000000000e+00 0.000000000000000000e+00 1.000000000000000000e+00
0.000000000000000000e+00 3.000000000000000000e+01 8.999999999999999667e-02 0.000000000000000000e+00 -4.817001368317655463e-02 1.624860013163000327e-01 6.611373876401180349e-02 2.141875233489687613e-01 6.090141725181861046e-04 0.000000000000000000e+00 0.000000000000000000e+00 7.690000000000000000e+02 0.000000000000000000e+00 0.000000000000000000e+00 1.000000000000000000e+00
0.000000000000000000e+00 3.000000000000000000e+01 9.999999999999999167e-02 0.000000000000000000e+00 -5.313663560915407591e-02 1.759565032836502840e-01 6.494724462975240420e-02 2.273300507853022456e-01 8.826109842931797664e-04 0.000000000000000000e+00 0.000000000000000000e+00 7.690000000000000000e+02 0.000000000000000000e+00 0.000000000000000000e+00 1.000000000000000000e+00
0.000000000000000000e+00 3.000000000000000000e+01 1.100000000000000006e-01 0.000000000000000000e+00 -5.812207086868412254e-02 1.885958991221160230e-01 6.374894132362284027e-02 2.390694099796507599e-01 1.203923399719400780e-03 0.000000000000000000e+00 0.000000000000000000e+00 7.690000000000000000e+02 0.000000000000000000e+00 0.000000000000000000e+00 1.000000000000000000e+00
0.000000000000000000e+00 3.000000000000000000e+01 1.199999999999999956e-01 0.000000000000000000e+00 -6.312822847000289228e-02 2.004235500463745767e-01 6.251529242137000841e-02 2.495442836321751234e-01 1.566799617132191499e-03 0.000000000000000000e+00 0.000000000000000000e+00 7.690000000000000000e+02 0.000000000000000000e+00 0.000000000000000000e+00 1.000000000000000000e+00
0.000000000000000000e+00 3.000000000000000000e+01 1.300000000000000044e-01 0.000000000000000000e+00 -6.815702535628485881e-02 2.114575738281614659e-01 6.124265718706713851e-02 2.588784164667506382e-01 1.964339235669429126e-03 0.000000000000000000e+00 0.000000000000000000e+00 7.690000000000000000e+02 0.000000000000000000e+00 0.000000000000000000e+00 1.000000000000000000e+00
0.000000000000000000e+00 3.000000000000000000e+01 1.400000000000000133e-01 0.000000000000000000e+00 -7.321038713967310818e-02 2.217148725493423012e-01 5.992727982859968883e-02 2.671820770869468009e-01 2.389393121517412524e-03 0.000000000000000000e+00 0.000000000000000000e+00 7.690000000000000000e+02 0.000000000000000000e+00 0.000000000000000000e+00 1.000000000000000000e+00
0.000000000000000000e+00 3.000000000000000000e+01 1.500000000000000222e-01 0.000000000000000000e+00 -7.829024883862896467e-02 2.312111584927737107e-01 5.856527841359818187e-02 2.745533606321116094e-01 2.834887926030444510e-03 0.000000000000000000e+00 0.000000000000000000e+00 7.690000000000000000e+02 0.000000000000000000e+00 0.000000000000000000e+00 1.000000000000000000e+00
0.000000000000000000e+00 3.000000000000000000e+01 1.600000000000000033e-01 0.000000000000000000e+00 -8.339855561888366575e-02 2.399609782106121303e-01 5.715263341310684170e-02 2.810793476224653920e-01 3.294023976132928050e-03 0.000000000000000000e+00 0.000000000000000000e+00 7.690000000000000000e+02 0.000000000000000000e+00 0.000000000000000000e+00 1.000000000000000000e+00
0.000000000000000000e+00 3.000000000000000000e+01 1.700000000000000122e-01 0.000000000000000000e+00 -8.853726353827547080e-02 2.479777348069386878e-01 5.568517583917806379e-02 2.868371326831962165e-01 3.760385618426006354e-03 0.000000000000000000e+00 0.000000000000000000e+00 7.690000000000000000e+02 0.000000000000000000e+00 0.000000000000000000e+00 1.000000000000000000e+00
0.000000000000000000e+00 3.000000000000000000e+01 1.800000000000000211e-01 0.000000000000000000e+00 -9.370834029575758617e-02 2.552737084688340152e-01 5.415857494138468647e-02 2.918947353003722434e-01 4.227993023401144940e-03 0.000000000000000000e+00 0.000000000000000000e+00 7.690000000000000000e+02 0.000000000000000000e+00 0.000000000000000000e+00 1.000000000000000000e+00
0.000000000000000000e+00 3.000000000000000000e+01 1.900000000000000022e-01 0.000000000000000000e+00 -9.891376598486377458e-02 2.618600752773504459e-01 5.256832542593990742e-02 2.963119033678673908e-01 4.691316076283147396e-03 0.000000000000000000e+00 0.000000000000000000e+00 7.690000000000000000e+02 0.000000000000000000e+00 0.000000000000000000e+00 1.000000000000000000e+00
0.000000000000000000e+00 3.000000000000000000e+01 2.000000000000000111e-01 0.000000000000000000e+00 -1.041555338519197238e-01 2.677469243272006527e-01 5.090973415970607985e-02 3.001408190179873370e-01 5.145264635569149481e-03 0.000000000000000000e+00 0.000000000000000000e+00 7.690000000000000000e+02 0.000000000000000000e+00 0.000000000000000000e+00 1.000000000000000000e+00
0.000000000000000000e+00 3.000000000000000000e+01 2.100000000000000200e-01 0.000000000000000000e+00 -1.094356510592914139e-01 2.729432731813827839e-01 4.917790631985332478e-02 3.034267150741135621e-01 5.585164863748048880e-03 0.000000000000000000e+00 0.000000000000000000e+00 7.690000000000000000e+02 0.000000000000000000e+00 0.000000000000000000e+00 1.000000000000000000e+00
0.000000000000000000e+00 3.000000000000000000e+01 2.200000000000000011e-01 0.000000000000000000e+00 -1.147561394539614865e-01 2.774570816844165733e-01 4.736773094829300340e-02 3.062084094078151852e-01 6.006728127979327897e-03 0.000000000000000000e+00 0.000000000000000000e+00 7.690000000000000000e+02 0.000000000000000000e+00 0.000000000000000000e+00 1.000000000000000000e+00
0.000000000000000000e+00 3.000000000000000000e+01 2.300000000000000100e-01 0.000000000000000000e+00 -1.201190363417292267e-01 2.812952641553535527e-01 4.547386586825428317e-02 3.085187635130487438e-01 6.406016765356830484e-03 0.000000000000000000e+00 0.000000000000000000e+00 7.690000000000000000e+02 0.000000000000000000e+00 0.000000000000000000e+00 1.000000000000000000e+00
0.000000000000000000e+00 3.000000000000000000e+01 2.400000000000000189e-01 0.000000000000000000e+00 -1.255263952673295880e-01 2.844636999792323206e-01 4.349072191848980112e-02 3.103850707148024246e-01 6.779409517926354711e-03 0.000000000000000000e+00 0.000000000000000000e+00 7.690000000000000000e+02 0.000000000000000000e+00 0.000000000000000000e+00 1.000000000000000000e+00
0.000000000000000000e+00 3.000000000000000000e+01 2.500000000000000000e-01 0.000000000000000000e+00 -1.309802868007705623e-01 2.869672426132085508e-01 4.141244645858244838e-02 3.118293785982792499e-01 7.123568452727262190e-03 0.000000000000000000e+00 0.000000000000000000e+00 7.690000000000000000e+02 0.000000000000000000e+00 0.000000000000000000e+00 1.000000000000000000e+00
0.000000000000000000e+00 3.000000000000000000e+01 2.600000000000000089e-01 0.000000000000000000e+00 -1.364827993301896691e-01 2.888097270211533174e-01 3.923290609667432621e-02 3.128687494676333225e-01 7.435408539479645973e-03 0.000000000000000000e+00 0.000000000000000000e+00 7.690000000000000000e+02 0.000000000000000000e+00 0.000000000000000000e+00 1.000000000000000000e+00
0.000000000000000000e+00 3.000000000000000000e+01 2.700000000000000178e-01 0.000000000000000000e+00 -1.420360398615335695e-01 2.899939755481072967e-01 3.694566858864399561e-02 3.135154619111794605e-01 7.712070657472418211e-03 0.000000000000000000e+00 0.000000000000000000e+00 7.690000000000000000e+02 0.000000000000000000e+00 0.000000000000000000e+00 1.000000000000000000e+00
0.000000000000000000e+00 3.000000000000000000e+01 2.800000000000000266e-01 0.000000000000000000e+00 -1.476421348253666166e-01 2.905218022435911429e-01 3.454398385531308457e-02 3.137771558542675199e-01 7.950898571904993495e-03 0.000000000000000000e+00 0.000000000000000000e+00 7.690000000000000000e+02 0.000000000000000000e+00 0.000000000000000000e+00 1.000000000000000000e+00
0.000000000000000000e+00 3.000000000000000000e+01 2.900000000000000355e-01 0.000000000000000000e+00 -1.533032308911171371e-01 2.903940156403934658e-01 3.202076406166030204e-02 3.136569228133971321e-01 8.149420310753920094e-03 0.000000000000000000e+00 0.000000000000000000e+00 7.690000000000000000e+02 0.000000000000000000e+00 0.000000000000000000e+00 1.000000000000000000e+00
0.000000000000000000e+00 3.000000000000000000e+01 2.999999999999999889e-01 0.000000000000000000e+00 -1.590214957890740965e-01 2.896104199930931156e-01 2.936856269925273294e-02 3.131533424177896374e-01 8.305334355816804126e-03 0.000000000000000000e+00 0.000000000000000000e+00 7.690000000000000000e+02 0.000000000000000000e+00 0.000000000000000000e+00 1.000000000000000000e+00
0.000000000000000000e+00 3.000000000000000000e+01 3.099999999999999978e-01 0.000000000000000000e+00 -1.647991191404477584e-01 2.881698149782147556e-01 2.657955261016280157e-02 3.122604656298653136e-01 8.416501118114115554e-03 0.000000000000000000e+00 0.000000000000000000e+00 7.690000000000000000e+02 0.000000000000000000e+00 0.000000000000000000e+00 1.000000000000000000e+00
0.000000000000000000e+00 3.000000000000000000e+01 3.200000000000000067e-01 0.000000000000000000e+00 -1.706383132958132209e-01 2.860699938555533173e-01 2.364550288751505330e-02 3.109677444663987433e-01 8.480940289976306168e-03 0.000000000000000000e+00 0.000000000000000000e+00 7.690000000000000000e+02 0.000000000000000000e+00 0.000000000000000000e+00 1.000000000000000000e+00
0.000000000000000000e+00 3.000000000000000000e+01 3.300000000000000155e-01 0.000000000000000000e+00 -1.765413141822571030e-01 2.833077400878580843e-01 2.055775458449193849e-02 3.092599073901161622e-01 8.496834853211593375e-03 0.000000000000000000e+00 0.000000000000000000e+00 7.690000000000000000e+02 0.000000000000000000e+00 0.000000000000000000e+00 1.000000000000000000e+00
0.000000000000000000e+00 3.000000000000000000e+01 3.400000000000000244e-01 0.000000000000000000e+00 -1.825103821595522036e-01 2.798788224136928848e-01 1.730719516011109543e-02 3.071167788996763126e-01 8.462542780750106908e-03 0.000000000000000000e+00 0.000000000000000000e+00 7.690000000000000000e+02 0.000000000000000000e+00 0.000000000000000000e+00 1.000000000000000000e+00
0.000000000000000000e+00 3.000000000000000000e+01 3.500000000000000333e-01 0.000000000000000000e+00 -1.885478028856878707e-01 2.757779883659265963e-01 1.388423158635879867e-02 3.045130411867620346e-01 8.376617810619393922e-03 0.000000000000000000e+00 0.000000000000000000e+00 7.690000000000000000e+02 0.000000000000000000e+00 0.000000000000000000e+00 1.000000000000000000e+00
0.000000000000000000e+00 3.000000000000000000e+01 3.600000000000000422e-01 0.000000000000000000e+00 -1.946558881920873174e-01 2.709989562259252915e-01 1.027876203731348248e-02 3.014179350446263284e-01 8.237841115393489122e-03 0.000000000000000000e+00 0.000000000000000000e+00 7.690000000000000000e+02 0.000000000000000000e+00 0.000000000000000000e+00 1.000000000000000000e+00
0.000000000000000000e+00 3.000000000000000000e+01 3.699999999999999956e-01 0.000000000000000000e+00 -2.008369769688474749e-01 2.655344054011233301e-01 6.480146076708270808e-03 2.977948964947782495e-01 8.045266264311526361e-03 0.000000000000000000e+00 0.000000000000000000e+00 7.690000000000000000e+02 0.000000000000000000e+00 0.000000000000000000e+00 1.000000000000000000e+00
0.000000000000000000e+00 3.000000000000000000e+01 3.800000000000000044e-01 0.000000000000000000e+00 -2.070934360603398916e-01 2.593759652112295200e-01 2.477173255950829156e-03 2.936011248391082740e-01 7.798280614345537431e-03 0.000000000000000000e+00 0.000000000000000000e+00 7.690000000000000000e+02 0.000000000000000000e+00 0.000000000000000000e+00 1.000000000000000000e+00
0.000000000000000000e+00 3.000000000000000000e+01 3.900000000000000133e-01 0.000000000000000000e+00 -2.134276611715156813e-01 2.525142020658951991e-01 -1.741969970073475871e-03 2.887870770346410154e-01 7.496687214386753284e-03 0.000000000000000000e+00 0.000000000000000000e+00 7.690000000000000000e+02 0.000000000000000000e+00 0.000000000000000000e+00 1.000000000000000000e+00
0.000000000000000000e+00 3.000000000000000000e+01 4.000000000000000222e-01 0.000000000000000000e+00 -2.198420777852621022e-01 2.449386050142001725e-01 -6.189735107052452001e-03 2.832958824177252422e-01 7.140812513811191364e-03 0.000000000000000000e+00 0.000000000000000000e+00 7.690000000000000000e+02 0.000000000000000000e+00 0.000000000000000000e+00 1.000000000000000000e+00
0.000000000000000000e+00 3.000000000000000000e+01 4.100000000000000311e-01 0.000000000000000000e+00 -2.263391420911611274e-01 2.366375696438209886e-01 -1.087924836804265993e-02 2.770626708635116620e-01 6.731646682957757172e-03 0.000000000000000000e+00 0.000000000000000000e+00 7.690000000000000000e+02 0.000000000000000000e+00 0.000000000000000000e+00 1.000000000000000000e+00
0.000000000000000000e+00 3.000000000000000000e+01 4.200000000000000400e-01 0.000000000000000000e+00 -2.329213419260064144e-01 2.275983803052196996e-01 -1.582434941145671736e-02 2.700138064439484009e-01 6.271025208838706261e-03 0.000000000000000000e+00 0.000000000000000000e+00 7.690000000000000000e+02 0.000000000000000000e+00 0.000000000000000000e+00 1.000000000000000000e+00
0.000000000000000000e+00 3.000000000000000000e+01 4.299999999999999933e-01 0.000000000000000000e+00 -2.395911977264384984e-01 2.178071906336230268e-01 -2.103963218456549045e-02 2.620660175311219642e-01 5.761862589170111543e-03 0.000000000000000000e+00 0.000000000000000000e+00 7.690000000000000000e+02 0.000000000000000000e+00 0.000000000000000000e+00 1.000000000000000000e+00
0.000000000000000000e+00 3.000000000000000000e+01 4.400000000000000022e-01 0.000000000000000000e+00 -2.463512634940630275e-01 2.072490023389544911e-01 -2.654048799305218365e-02 2.531254130694396975e-01 5.208451204361742165e-03 0.000000000000000000e+00 0.000000000000000000e+00 7.690000000000000000e+02 0.000000000000000000e+00 0.000000000000000000e+00 1.000000000000000000e+00
0.000000000000000000e+00 3.000000000000000000e+01 4.500000000000000111e-01 0.000000000000000000e+00 -2.532041277734213836e-01 1.959076422312298893e-01 -3.234315092372480605e-02 2.430863733954011785e-01 4.616840185612099134e-03 0.000000000000000000e+00 0.000000000000000000e+00 7.690000000000000000e+02 0.000000000000000000e+00 0.000000000000000000e+00 1.000000000000000000e+00
0.000000000000000000e+00 3.000000000000000000e+01 4.600000000000000200e-01 0.000000000000000000e+00 -2.601524146431886120e-01 1.837657374462248749e-01 -3.846474575443874222e-02 2.318303025016800745e-01 3.995308774192615764e-03 0.000000000000000000e+00 0.000000000000000000e+00 7.690000000000000000e+02 0.000000000000000000e+00 0.000000000000000000e+00 1.000000000000000000e+00
0.000000000000000000e+00 3.000000000000000000e+01 4.700000000000000289e-01 0.000000000000000000e+00 -2.671987847209782441e-01 1.708046888334626701e-01 -4.492333849262009071e-02 2.192242270054112763e-01 3.354942663282237808e-03 0.000000000000000000e+00 0.000000000000000000e+00 7.690000000000000000e+02 0.000000000000000000e+00 0.000000000000000000e+00 1.000000000000000000e+00
0.000000000000000000e+00 3.000000000000000000e+01 4.800000000000000377e-01 0.000000000000000000e+00 -2.743459361821375952e-01 1.570046424657584871e-01 -5.173798969153906024e-02 2.051192252696198981e-01 2.710301914848868565e-03 0.000000000000000000e+00 0.000000000000000000e+00 7.690000000000000000e+02 0.000000000000000000e+00 0.000000000000000000e+00 1.000000000000000000e+00
0.000000000000000000e+00 3.000000000000000000e+01 4.899999999999999911e-01 0.000000000000000000e+00 -2.815966057929257804e-01 1.423444592266784048e-01 -5.892881070168037860e-02 1.893486681202505850e-01 2.080116946593133648e-03 0.000000000000000000e+00 0.000000000000000000e+00 7.690000000000000000e+02 0.000000000000000000e+00 0.000000000000000000e+00 1.000000000000000000e+00
0.000000000000000000e+00 3.000000000000000000e+01 5.000000000000000000e-01 0.000000000000000000e+00 -2.889535699584679374e-01 1.268016824293262124e-01 -6.651702302321854665e-02 1.717262503755375702e-01 1.487824751200697571e-03 0.000000000000000000e+00 0.000000000000000000e+00 7.690000000000000000e+02 0.000000000000000000e+00 0.000000000000000000e+00 1.000000000000000000e+00
0.000000000000000000e+00 3.000000000000000000e+01 5.100000000000000089e-01 0.000000000000000000e+00 -2.964196457858878642e-01 1.103525034168560404e-01 -7.452502093475960043e-02 1.520437899332263698e-01 9.614765891426940020e-04 0.000000000000000000e+00 0.000000000000000000e+00 7.690000000000000000e+02 0.000000000000000000e+00 0.000000000000000000e+00 1.000000000000000000e+00
0.000000000000000000e+00 3.000000000000000000e+01 5.200000000000000178e-01 0.000000000000000000e+00 -3.039976921630267448e-01 9.297172509201739876e-02 -8.297643758317740925e-02 1.300687684152043722e-01 5.319508846686081191e-04 0.000000000000000000e+00 0.000000000000000000e+00 7.690000000000000000e+02 0.000000000000000000e+00 0.000000000000000000e+00 1.000000000000000000e+00
0.000000000000000000e+00 3.000000000000000000e+01 5.300000000000000266e-01 0.000000000000000000e+00 -3.116906108531601327e-01 7.463272331986683938e-02 -9.189621472959047521e-02 1.055415843159923789e-01 2.272897610517523106e-04 0.000000000000000000e+00 0.000000000000000000e+00 7.690000000000000000e+02 0.000000000000000000e+00 0.000000000000000000e+00 1.000000000000000000e+00
0.000000000000000000e+00 3.000000000000000000e+01 5.400000000000000355e-01 0.000000000000000000e+00 -3.195013476061324131e-01 5.530740614452143988e-02 -1.013106763573106694e-01 7.817248620521753677e-02 5.971999735466702267e-05 0.000000000000000000e+00 0.000000000000000000e+00 7.690000000000000000e+02 0.000000000000000000e+00 0.000000000000000000e+00 1.000000000000000000e+00
0.000000000000000000e+00 3.000000000000000000e+01 5.500000000000000444e-01 0.000000000000000000e+00 -3.274328932863347363e-01 3.496617075748281733e-02 -1.112476063589969699e-01 4.763814975451283185e-02 5.120858807126072950e-06 0.000000000000000000e+00 0.000000000000000000e+00 7.690000000000000000e+02 0.000000000000000000e+00 0.000000000000000000e+00 1.000000000000000000e+00
0.000000000000000000e+00 3.000000000000000000e+01 5.600000000000000533e-01 0.000000000000000000e+00 -3.354882850179580212e-01 1.357785815161437551e-02 -1.217363305322834710e-01 1.357785815161437031e-02 9.102709476138371057e-09 1.000000000000000000e+00 1.000000000000000000e+00 7.690000000000000000e+02 0.000000000000000000e+00 0.000000000000000000e+00 1.000000000000000000e+00
0.000000000000000000e+00 3.000000000000000000e+01 5.700000000000000622e-01 0.000000000000000000e+00 -3.352098254836142210e-01 3.515381350242670344e-02 -1.115631541158891016e-01 4.765352918583794228e-02 6.140206335910426477e-06 0.000000000000000000e+00 0.000000000000000000e+00 7.690000000000000000e+02 0.000000000000000000e+00 0.000000000000000000e+00 1.000000000000000000e+00
0.000000000000000000e+00 3.000000000000000000e+01 5.800000000000000711e-01 0.000000000000000000e+00 -3.350581899207413228e-01 5.585266908068919900e-02 -1.019427031134061135e-01 7.822094348621862203e-02 7.792736940504939747e-05 0.000000000000000000e+00 0.000000000000000000e+00 7.690000000000000000e+02 0.000000000000000000e+00 0.000000000000000000e+00 1.000000000000000000e+00
0.000000000000000000e+00 3.000000000000000000e+01 5.899999999999999689e-01 0.000000000000000000e+00 -3.350333202654947051e-01 7.570613170147037774e-02 -9.284658571778772740e-02 1.056412086295785008e-01 3.141940595098829773e-04 0.000000000000000000e+00 0.000000000000000000e+00 7.690000000000000000e+02 0.000000000000000000e+00 0.000000000000000000e+00 1.000000000000000000e+00
0.000000000000000000e+00 3.000000000000000000e+01 5.999999999999999778e-01 0.000000000000000000e+00 -3.351352069948590473e-01 9.474461319432316009e-02 -8.424795753162411804e-02 1.302382534050665341e-01 7.703065572500040689e-04 0.000000000000000000e+00 0.000000000000000000e+00 7.690000000000000000e+02 0.000000000000000000e+00 0.000000000000000000e+00 1.000000000000000000e+00
0.000000000000000000e+00 3.000000000000000000e+01 6.099999999999999867e-01 0.000000000000000000e+00 -3.353638891230015240e-01 1.129972769885780326e-01 -7.612144234414650046e-02 1.523026545408473764e-01 1.450289618663995472e-03 0.000000000000000000e+00 0.000000000000000000e+00 7.690000000000000000e+02 0.000000000000000000e+00 0.000000000000000000e+00 1.000000000000000000e+00
0.000000000000000000e+00 3.000000000000000000e+01 6.199999999999999956e-01 0.000000000000000000e+00 -3.357194542162115214e-01 1.304920827863182697e-01 -6.844305724113328160e-02 1.720950694268421066e-01 2.330461966010447666e-03 0.000000000000000000e+00 0.000000000000000000e+00 7.690000000000000000e+02 0.000000000000000000e+00 0.000000000000000000e+00 1.000000000000000000e+00
0.000000000000000000e+00 3.000000000000000000e+01 6.300000000000000044e-01 0.000000000000000000e+00 -3.362020384264308714e-01 1.472558293914676686e-01 -6.119014182670259872e-02 1.898493153859261151e-01 3.377431579033300657e-03 0.000000000000000000e+00 0.000000000000000000e+00 7.690000000000000000e+02 0.000000000000000000e+00 0.000000000000000000e+00 1.000000000000000000e+00
0.000000000000000000e+00 3.000000000000000000e+01 6.400000000000000133e-01 0.000000000000000000e+00 -3.368118265433888703e-01 1.633141957605972472e-01 -5.434129134811266360e-02 2.057751318704974519e-01 4.557291574968876102e-03 0.000000000000000000e+00 0.000000000000000000e+00 7.690000000000000000e+02 0.000000000000000000e+00 0.000000000000000000e+00 1.000000000000000000e+00
0.000000000000000000e+00 3.000000000000000000e+01 6.500000000000000222e-01 0.000000000000000000e+00 -3.375490520653613435e-01 1.786917803383332448e-01 -4.787629352620612067e-02 2.200606582155729962e-01 5.839455926034801264e-03 0.000000000000000000e+00 0.000000000000000000e+00 7.690000000000000000e+02 0.000000000000000000e+00 0.000000000000000000e+00 1.000000000000000000e+00
0.000000000000000000e+00 3.000000000000000000e+01 6.600000000000000311e-01 0.000000000000000000e+00 -3.384139972885812364e-01 1.934121387376208090e-01 -4.177606890507488957e-02 2.328746562193015346e-01 7.197839224650837142e-03 0.000000000000000000e+00 0.000000000000000000e+00 7.690000000000000000e+02 0.000000000000000000e+00 0.000000000000000000e+00 1.000000000000000000e+00
0.000000000000000000e+00 3.000000000000000000e+01 6.700000000000000400e-01 0.000000000000000000e+00 -3.394069934153347012e-01 2.074978198225622128e-01 -3.602261454490449100e-02 2.443685038073087346e-01 8.610856517813188227e-03 0.000000000000000000e+00 0.000000000000000000e+00 7.690000000000000000e+02 0.000000000000000000e+00 0.000000000000000000e+00 1.000000000000000000e+00
0.000000000000000000e+00 3.000000000000000000e+01 6.800000000000000488e-01 0.000000000000000000e+00 -3.405284206807839831e-01 2.209704002491026942e-01 -3.059895089182528005e-02 2.546779833329884668e-01 1.006096268802122301e-02 0.000000000000000000e+00 0.000000000000000000e+00 7.690000000000000000e+02 0.000000000000000000e+00 0.000000000000000000e+00 1.000000000000000000e+00
0.000000000000000000e+00 3.000000000000000000e+01 6.900000000000000577e-01 0.000000000000000000e+00 -3.417787084985657864e-01 2.338505175164735661e-01 -2.548907166797295676e-02 2.639248856397933829e-01 1.153406111401578116e-02 0.000000000000000000e+00 0.000000000000000000e+00 7.690000000000000000e+02 0.000000000000000000e+00 0.000000000000000000e+00 1.000000000000000000e+00
0.000000000000000000e+00 3.000000000000000000e+01 7.000000000000000666e-01 0.000000000000000000e+00 -3.431583356252216332e-01 2.461579015800198222e-01 -2.067789663387442634e-02 2.722184488350856135e-01 1.301892299246914381e-02 0.000000000000000000e+00 0.000000000000000000e+00 7.690000000000000000e+02 0.000000000000000000e+00 0.000000000000000000e+00 1.000000000000000000e+00
0.000000000000000000e+00 3.000000000000000000e+01 7.100000000000000755e-01 0.000000000000000000e+00 -3.446678303435210533e-01 2.579114050738405273e-01 -1.615122708375160698e-02 2.796566487724729821e-01 1.450667079900645751e-02 0.000000000000000000e+00 0.000000000000000000e+00 7.690000000000000000e+02 0.000000000000000000e+00 0.000000000000000000e+00 1.000000000000000000e+00
0.000000000000000000e+00 3.000000000000000000e+01 7.199999999999999734e-01 0.000000000000000000e+00 -3.463077706647509912e-01 2.691290321895332682e-01 -1.189570394240116458e-02 2.863273564877229505e-01 1.599033979723338966e-02 0.000000000000000000e+00 0.000000000000000000e+00 7.690000000000000000e+02 0.000000000000000000e+00 0.000000000000000000e+00 1.000000000000000000e+00
0.000000000000000000e+00 3.000000000000000000e+01 7.299999999999999822e-01 0.000000000000000000e+00 -3.480787845500457611e-01 2.798279662552835001e-01 -7.898768339986150799e-03 2.923093762615994184e-01 1.746451475892445149e-02 0.000000000000000000e+00 0.000000000000000000e+00 7.690000000000000000e+02 0.000000000000000000e+00 0.000000000000000000e+00 1.000000000000000000e+00
0.000000000000000000e+00 3.000000000000000000e+01 7.399999999999999911e-01 0.000000000000000000e+00 -3.499815501508439786e-01 2.900245960575423831e-01 -4.148624548388102351e-03 2.976733765727577752e-01 1.892503288749797924e-02 0.000000000000000000e+00 0.000000000000000000e+00 7.690000000000000000e+02 0.000000000000000000e+00 0.000000000000000000e+00 1.000000000000000000e+00
0.000000000000000000e+00 3.000000000000000000e+01 7.500000000000000000e-01 0.000000000000000000e+00 -3.520167960685643971e-01 2.997345409456136922e-01 -6.342051697374034847e-04 3.024827249384960393e-01 2.036874250785469798e-02 0.000000000000000000e+00 0.000000000000000000e+00 7.690000000000000000e+02 0.000000000000000000e+00 0.000000000000000000e+00 1.000000000000000000e+00
0.000000000000000000e+00 3.000000000000000000e+01 7.600000000000000089e-01 0.000000000000000000e+00 -3.541853016336000137e-01 3.089726747576049259e-01 2.654861525612964290e-03 3.067942365057343967e-01 2.179330764571624224e-02 0.000000000000000000e+00 0.000000000000000000e+00 7.690000000000000000e+02 0.000000000000000000e+00 0.000000000000000000e+00 1.000000000000000000e+00
0.000000000000000000e+00 3.000000000000000000e+01 7.700000000000000178e-01 0.000000000000000000e+00 -3.564878972037365812e-01 3.177531486043957409e-01 5.728282208062832059e-03 3.106588452356903174e-01 2.319704989120680017e-02 0.000000000000000000e+00 0.000000000000000000e+00 7.690000000000000000e+02 0.000000000000000000e+00 0.000000000000000000e+00 1.000000000000000000e+00
0.000000000000000000e+00 3.000000000000000000e+01 7.800000000000000266e-01 0.000000000000000000e+00 -3.589254644821112117e-01 3.260894125465174653e-01 8.595127135021904397e-03 3.141222056112753513e-01 2.457882035220911032e-02 0.000000000000000000e+00 0.000000000000000000e+00 7.690000000000000000e+02 0.000000000000000000e+00 0.000000000000000000e+00 1.000000000000000000e+00
0.000000000000000000e+00 3.000000000000000000e+01 7.900000000000000355e-01 0.000000000000000000e+00 -3.614989368548314208e-01 3.339942361971590112e-01 1.126385691898941499e-02 3.172252319754760297e-01 2.593789581523048282e-02 0.000000000000000000e+00 0.000000000000000000e+00 7.690000000000000000e+02 0.000000000000000000e+00 0.000000000000000000e+00 1.000000000000000000e+00
0.000000000000000000e+00 3.000000000000000000e+01 8.000000000000000444e-01 0.000000000000000000e+00 -3.642092997483843964e-01 3.414797282828481162e-01 1.374234749645387305e-02 3.200045818721779511e-01 2.727389436315846849e-02 0.000000000000000000e+00 0.000000000000000000e+00 7.690000000000000000e+02 0.000000000000000000e+00 0.000000000000000000e+00 1.000000000000000000e+00
0.000000000000000000e+00 3.000000000000000000e+01 8.100000000000000533e-01 0.000000000000000000e+00 -3.670575910069738268e-01 3.485573551917802160e-01 1.603791337130132388e-02 3.224930890993753518e-01 2.858670663808447754e-02 0.000000000000000000e+00 0.000000000000000000e+00 7.690000000000000000e+02 0.000000000000000000e+00 0.000000000000000000e+00 1.000000000000000000e+00
0.000000000000000000e+00 3.000000000000000000e+01 8.200000000000000622e-01 0.000000000000000000e+00 -3.700449012899280077e-01 3.552379585382015037e-01 1.815732920132745454e-02 3.247201515906284475e-01 2.987643969965186885e-02 0.000000000000000000e+00 0.000000000000000000e+00 7.690000000000000000e+02 0.000000000000000000e+00 0.000000000000000000e+00 1.000000000000000000e+00
0.000000000000000000e+00 3.000000000000000000e+01 8.300000000000000711e-01 0.000000000000000000e+00 -3.731723744893321038e-01 3.615317717697564825e-01 2.010684979155986235e-02 3.267120787070023624e-01 3.114337104085559971e-02 0.000000000000000000e+00 0.000000000000000000e+00 7.690000000000000000e+02 0.000000000000000000e+00 0.000000000000000000e+00 1.000000000000000000e+00
0.000000000000000000e+00 3.000000000000000000e+01 8.400000000000000799e-01 0.000000000000000000e+00 -3.764412081680438837e-01 3.674484358432340558e-01 2.189222855339451046e-02 3.284924020422109181e-01 3.238791081045044873e-02 0.000000000000000000e+00 0.000000000000000000e+00 7.690000000000000000e+02 0.000000000000000000e+00 0.000000000000000000e+00 1.000000000000000000e+00
0.000000000000000000e+00 3.000000000000000000e+01 8.499999999999999778e-01 0.000000000000000000e+00 -3.798526540182607936e-01 3.729970139927284989e-01 2.351873448402273109e-02 3.300821534126588963e-01 3.361057067807768362e-02 0.000000000000000000e+00 0.000000000000000000e+00 7.690000000000000000e+02 0.000000000000000000e+00 0.000000000000000000e+00 1.000000000000000000e+00
0.000000000000000000e+00 3.000000000000000000e+01 8.599999999999999867e-01 0.000000000000000000e+00 -3.834080183408143383e-01 3.781860056128377723e-01 2.499116771625860267e-02 3.315001133164117708e-01 3.481193808517171751e-02 0.000000000000000000e+00 0.000000000000000000e+00 7.690000000000000000e+02 0.000000000000000000e+00 0.000000000000000000e+00 1.000000000000000000e+00
0.000000000000000000e+00 3.000000000000000000e+01 8.699999999999999956e-01 0.000000000000000000e+00 -3.871086625453751817e-01 3.830233592781616125e-01 2.631387368465691601e-02 3.327630327962575185e-01 3.599265486824122784e-02 0.000000000000000000e+00 0.000000000000000000e+00 7.690000000000000000e+02 0.000000000000000000e+00 0.000000000000000000e+00 1.000000000000000000e+00
0.000000000000000000e+00 3.000000000000000000e+01 8.800000000000000044e-01 0.000000000000000000e+00 -3.909560036717600329e-01 3.875164849190465555e-01 2.749075594972903713e-02 3.338858313278385559e-01 3.715339943455678307e-02 0.000000000000000000e+00 0.000000000000000000e+00 7.690000000000000000e+02 0.000000000000000000e+00 0.000000000000000000e+00 1.000000000000000000e+00
0.000000000000000000e+00 3.000000000000000000e+01 8.900000000000000133e-01 0.000000000000000000e+00 -3.949515149325399377e-01 3.916722651722272519e-01 2.852528771810301095e-02 3.348817730705961337e-01 3.829487182414781365e-02 0.000000000000000000e+00 0.000000000000000000e+00 7.690000000000000000e+02 0.000000000000000000e+00 0.000000000000000000e+00 1.000000000000000000e+00
0.000000000000000000e+00 3.000000000000000000e+01 9.000000000000000222e-01 0.000000000000000000e+00 -3.990967262771593638e-01 3.954970659237527220e-01 2.942052209262649431e-02 3.357626235636710921e-01 3.941778111464366852e-02 0.000000000000000000e+00 0.000000000000000000e+00 7.690000000000000000e+02 0.000000000000000000e+00 0.000000000000000000e+00 1.000000000000000000e+00
0.000000000000000000e+00 3.000000000000000000e+01 9.100000000000000311e-01 0.000000000000000000e+00 -4.033932249777791301e-01 3.989967460603446869e-01 3.017910108266234903e-02 3.365387887178798443e-01 4.052283472338949477e-02 0.000000000000000000e+00 0.000000000000000000e+00 7.690000000000000000e+02 0.000000000000000000e+00 0.000000000000000000e+00 1.000000000000000000e+00
0.000000000000000000e+00 3.000000000000000000e+01 9.200000000000000400e-01 0.000000000000000000e+00 -4.078426562370705555e-01 4.021766664441276395e-01 3.080326340116791572e-02 3.372194377457470305e-01 4.161072923954807490e-02 0.000000000000000000e+00 0.000000000000000000e+00 7.690000000000000000e+02 0.000000000000000000e+00 0.000000000000000000e+00 1.000000000000000000e+00
0.000000000000000000e+00 3.000000000000000000e+01 9.300000000000000488e-01 0.000000000000000000e+00 -4.124467238181913076e-01 4.050416981244773229e-01 3.129485107156897150e-02 3.378126114818261749e-01 4.268214248155753621e-02 0.000000000000000000e+00 0.000000000000000000e+00 7.690000000000000000e+02 0.000000000000000000e+00 0.000000000000000000e+00 1.000000000000000000e+00
0.000000000000000000e+00 3.000000000000000000e+01 9.400000000000000577e-01 0.000000000000000000e+00 -4.172071906971856481e-01 4.075962297995663342e-01 3.165531486392619831e-02 3.383253173729483532e-01 4.373772652547723572e-02 0.000000000000000000e+00 0.000000000000000000e+00 7.690000000000000000e+02 0.000000000000000000e+00 0.000000000000000000e+00 1.000000000000000000e+00
0.000000000000000000e+00 3.000000000000000000e+01 9.500000000000000666e-01 0.000000000000000000e+00 -4.221258797380577077e-01 4.098441745390379309e-01 3.188571857643755780e-02 3.387636122605636180e-01 4.477810148988722871e-02 0.000000000000000000e+00 0.000000000000000000e+00 7.690000000000000000e+02 0.000000000000000000e+00 0.000000000000000000e+00 1.000000000000000000e+00
0.000000000000000000e+00 3.000000000000000000e+01 9.600000000000000755e-01 0.000000000000000000e+00 -4.272046743907777500e-01 4.117889757781034166e-01 3.198674217491198624e-02 3.391326739331254059e-01 4.580384989502360449e-02 0.000000000000000000e+00 0.000000000000000000e+00 7.690000000000000000e+02 0.000000000000000000e+00 0.000000000000000000e+00 1.000000000000000000e+00
0.000000000000000000e+00 3.000000000000000000e+01 9.699999999999999734e-01 0.000000000000000000e+00 -4.324455194124867119e-01 4.134336125922485339e-01 3.195868379947976873e-02 3.394368622937957714e-01 4.681551143923644298e-02 0.000000000000000000e+00 0.000000000000000000e+00 7.690000000000000000e+02 0.000000000000000000e+00 0.000000000000000000e+00 1.000000000000000000e+00
0.000000000000000000e+00 3.000000000000000000e+01 9.799999999999999822e-01 0.000000000000000000e+00 -4.378504216121771875e-01 4.147806042606250188e-01 3.180146064446150167e-02 3.396797708660812543e-01 4.781357805583870413e-02 0.000000000000000000e+00 0.000000000000000000e+00 7.690000000000000000e+02 0.000000000000000000e+00 0.000000000000000000e+00 1.000000000000000000e+00
0.000000000000000000e+00 3.000000000000000000e+01 9.899999999999999911e-01 0.000000000000000000e+00 -4.434214506191348493e-01 4.158320141251196089e-01 3.151460871399260760e-02 3.398642692458551662e-01 4.879848912888128110e-02 0.000000000000000000e+00 0.000000000000000000e+00 7.690000000000000000e+02 0.000000000000000000e+00 0.000000000000000000e+00 1.000000000000000000e+00
0.000000000000000000e+00 3.000000000000000000e+01 1.000000000000000000e+00 0.000000000000000000e+00 -4.491607396754350168e-01 4.165894527510131118e-01 3.109728145268200045e-02 3.399925370012742420e-01 4.977062675804705405e-02 0.000000000000000000e+00 0.000000000000000000e+00 7.690000000000000000e+02 0.000000000000000000e+00 0.000000000000000000e+00 1.000000000000000000e+00
0.000000000000000000e+00 3.000000000000000000e+01 1.010000000000000009e+00 0.000000000000000000e+00 -4.550704864527969629e-01 4.170540803940664398e-01 3.054824724726377949e-02 3.400660894210666974e-01 5.073031097125736688e-02 0.000000000000000000e+00 0.000000000000000000e+00 7.690000000000000000e+02 0.000000000000000000e+00 0.000000000000000000e+00 1.000000000000000000e+00
0.000000000000000000e+00 3.000000000000000000e+01 1.020000000000000018e+00 0.000000000000000000e+00 -4.611529538941100403e-01 4.172266087778186416e-01 2.986588579186888470e-02 3.400857954153672646e-01 5.167779478911788127e-02 0.000000000000000000e+00 0.000000000000000000e+00 7.690000000000000000e+02 0.000000000000000000e+00 0.000000000000000000e+00 1.000000000000000000e+00
0.000000000000000000e+00 3.000000000000000000e+01 1.030000000000000027e+00 0.000000000000000000e+00 -4.674104710799536488e-01 4.171073021838164196e-01 2.904818330618983563e-02 3.400518877805713269e-01 5.261325904828322020e-02 0.000000000000000000e+00 0.000000000000000000e+00 7.690000000000000000e+02 0.000000000000000000e+00 0.000000000000000000e+00 1.000000000000000000e+00
0.000000000000000000e+00 3.000000000000000000e+01 1.040000000000000036e+00 0.000000000000000000e+00 -4.738454341204413334e-01 4.166959778564429118e-01 2.809272659242653680e-02 3.399639659494693156e-01 5.353680689137788051e-02 0.000000000000000000e+00 0.000000000000000000e+00 7.690000000000000000e+02 0.000000000000000000e+00 0.000000000000000000e+00 1.000000000000000000e+00
0.000000000000000000e+00 3.000000000000000000e+01 1.050000000000000044e+00 0.000000000000000000e+00 -4.804603070727323511e-01 4.159920057229713475e-01 2.699669591347396425e-02 3.398209912591549364e-01 5.444845782936319489e-02 0.000000000000000000e+00 0.000000000000000000e+00 7.690000000000000000e+02 0.000000000000000000e+00 0.000000000000000000e+00 1.000000000000000000e+00
0.000000000000000000e+00 3.000000000000000000e+01 1.060000000000000053e+00 0.000000000000000000e+00 -4.872576228845617585e-01 4.149943074284094813e-01 2.575685667133391366e-02 3.396212746807997784e-01 5.534814127818825369e-02 0.000000000000000000e+00 0.000000000000000000e+00 7.690000000000000000e+02 0.000000000000000000e+00 0.000000000000000000e+00 1.000000000000000000e+00
0.000000000000000000e+00 3.000000000000000000e+01 1.070000000000000062e+00 0.000000000000000000e+00 -4.942399843641483992e-01 4.137013546836590949e-01 2.436954986119228145e-02 3.393624568663423657e-01 5.623568946513943234e-02 0.000000000000000000e+00 0.000000000000000000e+00 7.690000000000000000e+02 0.000000000000000000e+00 0.000000000000000000e+00 1.000000000000000000e+00
0.000000000000000000e+00 3.000000000000000000e+01 1.080000000000000071e+00 0.000000000000000000e+00 -5.014100651768550465e-01 4.121111669244608700e-01 2.283068127298988614e-02 3.390414802763755953e-01 5.711082959132779413e-02 0.000000000000000000e+00 0.000000000000000000e+00 7.690000000000000000e+02 0.000000000000000000e+00 0.000000000000000000e+00 1.000000000000000000e+00
0.000000000000000000e+00 3.000000000000000000e+01 1.090000000000000080e+00 0.000000000000000000e+00 -5.087706108689810103e-01 4.102213082775357234e-01 2.113570940861859981e-02 3.386545530599600062e-01 5.797317512497784930e-02 0.000000000000000000e+00 0.000000000000000000e+00 7.690000000000000000e+02 0.000000000000000000e+00 0.000000000000000000e+00 1.000000000000000000e+00
0.000000000000000000e+00 3.000000000000000000e+01 1.100000000000000089e+00 0.000000000000000000e+00 -5.163244399190777267e-01 4.080288838292792652e-01 1.927963207908434118e-02 3.381971042596652044e-01 5.882221608522096579e-02 0.000000000000000000e+00 0.000000000000000000e+00 7.690000000000000000e+02 0.000000000000000000e+00 0.000000000000000000e+00 1.000000000000000000e+00
0.000000000000000000e+00 3.000000000000000000e+01 1.110000000000000098e+00 0.000000000000000000e+00 -5.240744448171930081e-01 4.055305351912875111e-01 1.725697164208209178e-02 3.376637298126491937e-01 5.965730815746649041e-02 0.000000000000000000e+00 0.000000000000000000e+00 7.690000000000000000e+02 0.000000000000000000e+00 0.000000000000000000e+00 1.000000000000000000e+00
0.000000000000000000e+00 3.000000000000000000e+01 1.120000000000000107e+00 0.000000000000000000e+00 -5.320235931724541789e-01 4.027224353559303860e-01 1.506175883641672902e-02 3.370481287098636702e-01 6.047766045845930083e-02 0.000000000000000000e+00 0.000000000000000000e+00 7.690000000000000000e+02 0.000000000000000000e+00 0.000000000000000000e+00 1.000000000000000000e+00
0.000000000000000000e+00 3.000000000000000000e+01 1.130000000000000115e+00 0.000000000000000000e+00 -5.401749288494172019e-01 3.996002828340826096e-01 1.268751516556150538e-02 3.363430285592003965e-01 6.128232174099318419e-02 0.000000000000000000e+00 0.000000000000000000e+00 7.690000000000000000e+02 0.000000000000000000e+00 0.000000000000000000e+00 1.000000000000000000e+00
0.000000000000000000e+00 3.000000000000000000e+01 1.140000000000000124e+00 0.000000000000000000e+00 -5.485315731336130041e-01 3.961592950660388635e-01 1.012723377836484417e-02 3.355400996732245122e-01 6.207016479384701302e-02 0.000000000000000000e+00 0.000000000000000000e+00 7.690000000000000000e+02 0.000000000000000000e+00 0.000000000000000000e+00 1.000000000000000000e+00
0.000000000000000000e+00 3.000000000000000000e+01 1.150000000000000133e+00 0.000000000000000000e+00 -5.570967259267427529e-01 3.923942010955191462e-01 7.373358790480802338e-03 3.346298566665667495e-01 6.283986875045537157e-02 0.000000000000000000e+00 0.000000000000000000e+00 7.690000000000000000e+02 0.000000000000000000e+00 0.000000000000000000e+00 1.000000000000000000e+00
0.000000000000000000e+00 3.000000000000000000e+01 1.160000000000000142e+00 0.000000000000000000e+00 -5.658736669719731660e-01 3.882992334955371883e-01 4.417762985496440087e-03 3.336015464005013254e-01 6.358989896831424016e-02 0.000000000000000000e+00 0.000000000000000000e+00 7.690000000000000000e+02 0.000000000000000000e+00 0.000000000000000000e+00 1.000000000000000000e+00
0.000000000000000000e+00 3.000000000000000000e+01 1.169999999999999929e+00 0.000000000000000000e+00 -5.748657571098069186e-01 3.838681195337716456e-01 1.251723829948162003e-03 3.324430209509434686e-01 6.431848407786749933e-02 0.000000000000000000e+00 0.000000000000000000e+00 7.690000000000000000e+02 0.000000000000000000e+00 0.000000000000000000e+00 1.000000000000000000e+00
0.000000000000000000e+00 3.000000000000000000e+01 1.179999999999999938e+00 0.000000000000000000e+00 -5.840764395650059893e-01 3.790940715639004033e-01 -2.134102268557341864e-03 3.311405940991744012e-01 6.502358972160834916e-02 0.000000000000000000e+00 0.000000000000000000e+00 7.690000000000000000e+02 0.000000000000000000e+00 0.000000000000000000e+00 1.000000000000000000e+00
0.000000000000000000e+00 3.000000000000000000e+01 1.189999999999999947e+00 0.000000000000000000e+00 -5.935092412650604388e-01 3.739697766281834257e-01 -5.749707536087042548e-03 3.296788796499535157e-01 6.570288840749420600e-02 0.000000000000000000e+00 0.000000000000000000e+00 7.690000000000000000e+02 0.000000000000000000e+00 0.000000000000000000e+00 1.000000000000000000e+00
0.000000000000000000e+00 3.000000000000000000e+01 1.199999999999999956e+00 0.000000000000000000e+00 -6.031677741907099932e-01 3.684873852553655071e-01 -9.605762321368602197e-03 3.280406096669883920e-01 6.635372478039902600e-02 0.000000000000000000e+00 0.000000000000000000e+00 7.690000000000000000e+02 0.000000000000000000e+00 0.000000000000000000e+00 1.000000000000000000e+00
0.000000000000000000e+00 3.000000000000000000e+01 1.209999999999999964e+00 0.000000000000000000e+00 -6.130557367590324658e-01 3.626384994367385928e-01 -1.371364658604803943e-02 3.262064304784921265e-01 6.697307546448628968e-02 0.000000000000000000e+00 0.000000000000000000e+00 7.690000000000000000e+02 0.000000000000000000e+00 0.000000000000000000e+00 1.000000000000000000e+00
0.000000000000000000e+00 3.000000000000000000e+01 1.219999999999999973e+00 0.000000000000000000e+00 -6.231769152396311462e-01 3.564141597619474022e-01 -1.808548348915225978e-02 3.241546740429456230e-01 6.755750243912561626e-02 0.000000000000000000e+00 0.000000000000000000e+00 7.690000000000000000e+02 0.000000000000000000e+00 0.000000000000000000e+00 1.000000000000000000e+00
0.000000000000000000e+00 3.000000000000000000e+01 1.229999999999999982e+00 0.000000000000000000e+00 -6.335351852044620591e-01 3.498048316948313419e-01 -2.273417516487033496e-02 3.218611019740919565e-01 6.810309866925719213e-02 0.000000000000000000e+00 0.000000000000000000e+00 7.690000000000000000e+02 0.000000000000000000e+00 0.000000000000000000e+00 1.000000000000000000e+00
0.000000000000000000e+00 3.000000000000000000e+01 1.239999999999999991e+00 0.000000000000000000e+00 -6.441345130118562023e-01 3.428003909682804662e-01 -2.767344079924079214e-02 3.192986192012162716e-01 6.860542440164894840e-02 0.000000000000000000e+00 0.000000000000000000e+00 7.690000000000000000e+02 0.000000000000000000e+00 0.000000000000000000e+00 1.000000000000000000e+00
0.000000000000000000e+00 3.000000000000000000e+01 1.250000000000000000e+00 0.000000000000000000e+00 -6.549789573253058661e-01 3.353901080757312747e-01 -3.291785711811652526e-02 3.164369538820335226e-01 6.905943213898055322e-02 0.000000000000000000e+00 0.000000000000000000e+00 7.690000000000000000e+02 0.000000000000000000e+00 0.000000000000000000e+00 1.000000000000000000e+00
0.000000000000000000e+00 3.000000000000000000e+01 1.260000000000000009e+00 0.000000000000000000e+00 -6.660726706675970110e-01 3.275626318355504552e-01 -3.848290140589515074e-02 3.132422997868463121e-01 6.945937778329307200e-02 0.000000000000000000e+00 0.000000000000000000e+00 7.690000000000000000e+02 0.000000000000000000e+00 0.000000000000000000e+00 1.000000000000000000e+00
0.000000000000000000e+00 3.000000000000000000e+01 1.270000000000000018e+00 0.000000000000000000e+00 -6.774199010108801211e-01 3.193059720031244386e-01 -4.438499718197153054e-02 3.096769169292838408e-01 6.979871475587394458e-02 0.000000000000000000e+00 0.000000000000000000e+00 7.690000000000000000e+02 0.000000000000000000e+00 0.000000000000000000e+00 1.000000000000000000e+00
0.000000000000000000e+00 3.000000000000000000e+01 1.280000000000000027e+00 0.000000000000000000e+00 -6.890249934032914858e-01 3.106074809040250684e-01 -5.064156266971200915e-02 3.056986857256778767e-01 7.006996699098223813e-02 0.000000000000000000e+00 0.000000000000000000e+00 7.690000000000000000e+02 0.000000000000000000e+00 0.000000000000000000e+00 1.000000000000000000e+00
0.000000000000000000e+00 3.000000000000000000e+01 1.290000000000000036e+00 0.000000000000000000e+00 -7.008923916327465253e-01 3.014538340601130573e-01 -5.727106220099234535e-02 3.012606094161504044e-01 7.026457547812005322e-02 0.000000000000000000e+00 0.000000000000000000e+00 7.690000000000000000e+02 0.000000000000000000e+00 0.000000000000000000e+00 1.000000000000000000e+00
0.000000000000000000e+00 3.000000000000000000e+01 1.300000000000000044e+00 0.000000000000000000e+00 -7.130266399285416501e-01 2.918310097789051927e-01 -6.429306070800341888e-02 2.963102588692696493e-01 7.037271136392550530e-02 0.000000000000000000e+00 0.000000000000000000e+00 7.690000000000000000e+02 0.000000000000000000e+00 0.000000000000000000e+00 1.000000000000000000e+00
0.000000000000000000e+00 3.000000000000000000e+01 1.310000000000000053e+00 0.000000000000000000e+00 -7.254323847014175763e-01 2.817242676749356356e-01 -7.172828146314103037e-02 2.907891532114869060e-01 7.038304633092699880e-02 0.000000000000000000e+00 0.000000000000000000e+00 7.690000000000000000e+02 0.000000000000000000e+00 0.000000000000000000e+00 1.000000000000000000e+00
0.000000000000000000e+00 3.000000000000000000e+01 1.320000000000000062e+00 0.000000000000000000e+00 -7.381143763227492327e-01 2.711181260902148504e-01 -7.959866723738087679e-02 2.846320689644319391e-01 7.028246776146651609e-02 0.000000000000000000e+00 0.000000000000000000e+00 7.690000000000000000e+02 0.000000000000000000e+00 0.000000000000000000e+00 1.000000000000000000e+00
0.000000000000000000e+00 3.000000000000000000e+01 1.330000000000000071e+00 0.000000000000000000e+00 -7.510774709435436014e-01 2.599963383791955018e-01 -8.792744505762947749e-02 2.777662695285711414e-01 7.005572163425344279e-02 0.000000000000000000e+00 0.000000000000000000e+00 7.690000000000000000e+02 0.000000000000000000e+00 0.000000000000000000e+00 1.000000000000000000e+00
0.000000000000000000e+00 3.000000000000000000e+01 1.340000000000000080e+00 0.000000000000000000e+00 -7.643266323539434914e-01 2.483418680219188490e-01 -9.673919475416165037e-02 2.701106459107503466e-01 6.968495950465766753e-02 0.000000000000000000e+00 0.000000000000000000e+00 7.690000000000000000e+02 0.000000000000000000e+00 0.000000000000000000e+00 1.000000000000000000e+00
0.000000000000000000e+00 3.000000000000000000e+01 1.350000000000000089e+00 0.000000000000000000e+00 -7.778669338839465652e-01 2.361368625272196875e-01 -1.060599215004423279e-01 2.615747585446220880e-01 6.914915619400854863e-02 0.000000000000000000e+00 0.000000000000000000e+00 7.690000000000000000e+02 0.000000000000000000e+00 0.000000000000000000e+00 1.000000000000000000e+00
0.000000000000000000e+00 3.000000000000000000e+01 1.360000000000000098e+00 0.000000000000000000e+00 -7.917035603460712556e-01 2.233626260860147317e-01 -1.159171325594103852e-01 2.520577688845206388e-01 6.842335016317427354e-02 0.000000000000000000e+00 0.000000000000000000e+00 7.690000000000000000e+02 0.000000000000000000e+00 0.000000000000000000e+00 1.000000000000000000e+00
0.000000000000000000e+00 3.000000000000000000e+01 1.370000000000000107e+00 0.000000000000000000e+00 -8.058418100207085377e-01 2.099995909327843913e-01 -1.263399184627192473e-01 2.414472481511902580e-01 6.747763594525167663e-02 0.000000000000000000e+00 0.000000000000000000e+00 7.690000000000000000e+02 0.000000000000000000e+00 0.000000000000000000e+00 1.000000000000000000e+00
0.000000000000000000e+00 3.000000000000000000e+01 1.380000000000000115e+00 0.000000000000000000e+00 -8.202870966849250545e-01 1.960272873713776176e-01 -1.373590388625079706e-01 2.296178491565049051e-01 6.627580219873710488e-02 0.000000000000000000e+00 0.000000000000000000e+00 7.690000000000000000e+02 0.000000000000000000e+00 0.000000000000000000e+00 1.000000000000000000e+00
0.000000000000000000e+00 3.000000000000000000e+01 1.390000000000000124e+00 0.000000000000000000e+00 -8.350449516854897558e-01 1.814243124192272405e-01 -1.490070133090696525e-01 2.164298255168074780e-01 6.477345044264906648e-02 0.000000000000000000e+00 0.000000000000000000e+00 7.690000000000000000e+02 0.000000000000000000e+00 0.000000000000000000e+00 1.000000000000000000e+00
0.000000000000000000e+00 3.000000000000000000e+01 1.400000000000000133e+00 0.000000000000000000e+00 -8.501210260569221910e-01 1.661682970219425792e-01 -1.613182172223183719e-01 2.017273807616208892e-01 6.291533061450427233e-02 0.000000000000000000e+00 0.000000000000000000e+00 7.690000000000000000e+02 0.000000000000000000e+00 0.000000000000000000e+00 1.000000000000000000e+00
0.000000000000000000e+00 3.000000000000000000e+01 1.410000000000000142e+00 0.000000000000000000e+00 -8.655210926853686981e-01 1.502358717880585004e-01 -1.743289833402858757e-01 1.853368278349602771e-01 6.063145553874187133e-02 0.000000000000000000e+00 0.000000000000000000e+00 7.690000000000000000e+02 0.000000000000000000e+00 0.000000000000000000e+00 1.000000000000000000e+00
0.000000000000000000e+00 3.000000000000000000e+01 1.419999999999999929e+00 0.000000000000000000e+00 -8.812510485191403786e-01 1.336026311914544629e-01 -1.880777089440412164e-01 1.670645372465469902e-01 5.783123570232807931e-02 0.000000000000000000e+00 0.000000000000000000e+00 7.690000000000000000e+02 0.000000000000000000e+00 0.000000000000000000e+00 1.000000000000000000e+00
0.000000000000000000e+00 3.000000000000000000e+01 1.429999999999999938e+00 0.000000000000000000e+00 -8.973169168267537410e-01 1.162430961866057905e-01 -2.026049691754756299e-01 1.466946496334487204e-01 5.439425219601626976e-02 0.000000000000000000e+00 0.000000000000000000e+00 7.690000000000000000e+02 0.000000000000000000e+00 0.000000000000000000e+00 1.000000000000000000e+00
0.000000000000000000e+00 3.000000000000000000e+01 1.439999999999999947e+00 0.000000000000000000e+00 -9.137248495033444273e-01 9.813067517940270157e-02 -2.179536367823743104e-01 1.239865257095346118e-01 5.015499427694346257e-02 0.000000000000000000e+00 0.000000000000000000e+00 7.690000000000000000e+02 0.000000000000000000e+00 0.000000000000000000e+00 1.000000000000000000e+00
0.000000000000000000e+00 3.000000000000000000e+01 1.449999999999999956e+00 0.000000000000000000e+00 -9.304811294263319876e-01 7.923762329375058644e-02 -2.341690086441673146e-01 9.867190347777231307e-02 4.487600949436111597e-02 0.000000000000000000e+00 0.000000000000000000e+00 7.690000000000000000e+02 0.000000000000000000e+00 0.000000000000000000e+00 1.000000000000000000e+00
0.000000000000000000e+00 3.000000000000000000e+01 1.459999999999999964e+00 0.000000000000000000e+00 -9.475921728612410888e-01 5.953499987155586037e-02 -2.512989394517599617e-01 7.045172912214557603e-02 3.819696052756004628e-02 0.000000000000000000e+00 0.000000000000000000e+00 7.690000000000000000e+02 0.000000000000000000e+00 0.000000000000000000e+00 1.000000000000000000e+00
0.000000000000000000e+00 3.000000000000000000e+01 1.469999999999999973e+00 0.000000000000000000e+00 -9.650645319185989779e-01 3.899262414099522595e-02 -2.693939829359588423e-01 3.899262414099522595e-02 2.952930796511250150e-02 1.000000000000000000e+00 1.000000000000000000e+00 7.690000000000000000e+02 0.000000000000000000e+00 0.000000000000000000e+00 1.000000000000000000e+00
0.000000000000000000e+00 3.000000000000000000e+01 1.479999999999999982e+00 0.000000000000000000e+00 -9.703335687839894641e-01 5.379913984284911965e-02 -2.713154428284250130e-01 6.642196938978467413e-02 4.042074884083776687e-02 0.000000000000000000e+00 0.000000000000000000e+00 7.690000000000000000e+02 0.000000000000000000e+00 0.000000000000000000e+00 1.000000000000000000e+00
0.000000000000000000e+00 3.000000000000000000e+01 1.489999999999999991e+00 0.000000000000000000e+00 -9.759726293404040742e-01 6.565745274910628204e-02 -2.742610879608808894e-01 8.823349090409868256e-02 4.930942122576299075e-02 0.000000000000000000e+00 0.000000000000000000e+00 7.690000000000000000e+02 0.000000000000000000e+00 0.000000000000000000e+00 1.000000000000000000e+00
0.000000000000000000e+00 3.000000000000000000e+01 1.500000000000000000e+00 0.000000000000000000e+00 -9.819838728803598205e-01 7.458572759998251256e-02 -2.782396115004357462e-01 1.046848586851823054e-01 5.642441615659855858e-02 0.000000000000000000e+00 0.000000000000000000e+00 7.690000000000000000e+02 0.000000000000000000e+00 0.000000000000000000e+00 1.000000000000000000e+00
0.000000000000000000e+00 3.000000000000000000e+01 1.510000000000000009e+00 0.000000000000000000e+00 -9.883696012115880114e-01 8.059764085978797510e-02 -2.832627548376580595e-01 1.159704206584589031e-01 6.192453795878600370e-02 0.000000000000000000e+00 0.000000000000000000e+00 7.690000000000000000e+02 0.000000000000000000e+00 0.000000000000000000e+00 1.000000000000000000e+00
0.000000000000000000e+00 3.000000000000000000e+01 1.520000000000000018e+00 0.000000000000000000e+00 -9.951322595384378689e-01 8.370240166673882654e-02 -2.893453422376849327e-01 1.222234985991102890e-01 6.589847178065195987e-02 0.000000000000000000e+00 0.000000000000000000e+00 7.690000000000000000e+02 0.000000000000000000e+00 0.000000000000000000e+00 1.000000000000000000e+00
0.000000000000000000e+00 3.000000000000000000e+01 1.530000000000000027e+00 0.000000000000000000e+00 -1.002274437398186224e+00 8.390476593965218166e-02 -2.965053245894885281e-01 1.235179631263729899e-01 6.837183972028174073e-02 0.000000000000000000e+00 0.000000000000000000e+00 7.690000000000000000e+02 0.000000000000000000e+00 0.000000000000000000e+00 1.000000000000000000e+00
0.000000000000000000e+00 3.000000000000000000e+01 1.540000000000000036e+00 0.000000000000000000e+00 -1.009798869652614783e+00 8.120504366313348321e-02 -3.047638323824127804e-01 1.198691063727161249e-01 6.930761816297395517e-02 0.000000000000000000e+00 0.000000000000000000e+00 7.690000000000000000e+02 0.000000000000000000e+00 0.000000000000000000e+00 1.000000000000000000e+00
0.000000000000000000e+00 3.000000000000000000e+01 1.550000000000000044e+00 0.000000000000000000e+00 -1.017708437535236987e+00 7.559909936241526740e-02 -3.141452380663242172e-01 1.112338226371624161e-01 6.859627894364719869e-02 0.000000000000000000e+00 0.000000000000000000e+00 7.690000000000000000e+02 0.000000000000000000e+00 0.000000000000000000e+00 1.000000000000000000e+00
0.000000000000000000e+00 3.000000000000000000e+01 1.560000000000000053e+00 0.000000000000000000e+00 -1.026006169754569708e+00 6.707834576857558961e-02 -3.246772279794138960e-01 9.751009915689599905e-02 6.602961559716438722e-02 0.000000000000000000e+00 0.000000000000000000e+00 7.690000000000000000e+02 0.000000000000000000e+00 0.000000000000000000e+00 1.000000000000000000e+00
0.000000000000000000e+00 3.000000000000000000e+01 1.570000000000000062e+00 0.000000000000000000e+00 -1.034695243653878993e+00 5.562973066443156756e-02 -3.363908840559234337e-01 7.853581098139814087e-02 6.124223427444073359e-02 0.000000000000000000e+00 0.000000000000000000e+00 7.690000000000000000e+02 0.000000000000000000e+00 0.000000000000000000e+00 1.000000000000000000e+00
0.000000000000000000e+00 3.000000000000000000e+01 1.580000000000000071e+00 0.000000000000000000e+00 -1.043778986427837729e+00 4.123571689095891640e-02 -3.493207755549292415e-01 5.408680571237811652e-02 5.357345659755357453e-02 0.000000000000000000e+00 0.000000000000000000e+00 7.690000000000000000e+02 0.000000000000000000e+00 0.000000000000000000e+00 1.000000000000000000e+00
0.000000000000000000e+00 3.000000000000000000e+01 1.590000000000000080e+00 0.000000000000000000e+00 -1.053260876396566292e+00 2.387425548361057220e-02 -3.635050610808961968e-01 2.387425548361058261e-02 4.167710942525205964e-02 1.000000000000000000e+00 1.000000000000000000e+00 7.690000000000000000e+02 0.000000000000000000e+00 0.000000000000000000e+00 1.000000000000000000e+00
0.000000000000000000e+00 3.000000000000000000e+01 1.600000000000000089e+00 0.000000000000000000e+00 -1.003938084815855225e+00 3.617565348640530698e-02 -3.142761817325169238e-01 4.823502541506544811e-02 3.723782540865864382e-02 0.000000000000000000e+00 0.000000000000000000e+00 7.690000000000000000e+02 0.000000000000000000e+00 0.000000000000000000e+00 1.000000000000000000e+00
0.000000000000000000e+00 3.000000000000000000e+01 1.610000000000000098e+00 0.000000000000000000e+00 -9.549981846688107012e-01 4.291539614042468032e-02 -2.661982730533388741e-01 6.211869691586095060e-02 2.982354117133260291e-02 0.000000000000000000e+00 0.000000000000000000e+00 7.690000000000000000e+02 0.000000000000000000e+00 0.000000000000000000e+00 1.000000000000000000e+00
0.000000000000000000e+00 3.000000000000000000e+01 1.620000000000000107e+00 0.000000000000000000e+00 -9.064224360325180418e-01 4.410380748378434773e-02 -2.191294478588541594e-01 6.568928447946323357e-02 2.111775953844335224e-02 0.000000000000000000e+00 0.000000000000000000e+00 7.690000000000000000e+02 0.000000000000000000e+00 0.000000000000000000e+00 1.000000000000000000e+00
0.000000000000000000e+00 3.000000000000000000e+01 1.630000000000000115e+00 0.000000000000000000e+00 -8.581922384238901413e-01 3.974270794266907686e-02 -1.729307969646075860e-01 5.898896917523759748e-02 1.235567266987437282e-02 0.000000000000000000e+00 0.000000000000000000e+00 7.690000000000000000e+02 0.000000000000000000e+00 0.000000000000000000e+00 1.000000000000000000e+00
0.000000000000000000e+00 3.000000000000000000e+01 1.640000000000000124e+00 0.000000000000000000e+00 -8.102891236772250538e-01 2.982541711988866140e-02 -1.274659792383927570e-01 4.193859695372224167e-02 4.915408228198463181e-03 0.000000000000000000e+00 0.000000000000000000e+00 7.690000000000000000e+02 0.000000000000000000e+00 0.000000000000000000e+00 1.000000000000000000e+00
0.000000000000000000e+00 3.000000000000000000e+01 1.650000000000000133e+00 0.000000000000000000e+00 -7.626947488724303836e-01 1.433674356174606881e-02 -8.260081923126530445e-02 1.433674356174606881e-02 6.130777786428247625e-04 1.000000000000000000e+00 1.000000000000000000e+00 7.690000000000000000e+02 0.000000000000000000e+00 0.000000000000000000e+00 1.000000000000000000e+00
0.000000000000000000e+00 3.000000000000000000e+01 1.660000000000000142e+00 0.000000000000000000e+00 -7.993070454832299498e-01 3.127063933768132326e-02 -1.207515918083064965e-01 4.289848096606806854e-02 4.701288641088218617e-03 0.000000000000000000e+00 0.000000000000000000e+00 7.690000000000000000e+02 0.000000000000000000e+00 0.000000000000000000e+00 1.000000000000000000e+00
0.000000000000000000e+00 3.000000000000000000e+01 1.670000000000000151e+00 0.000000000000000000e+00 -8.362238768107528308e-01 4.466045687710114981e-02 -1.594822066516767556e-01 6.194968320743734352e-02 1.193865578720428727e-02 0.000000000000000000e+00 0.000000000000000000e+00 7.690000000000000000e+02 0.000000000000000000e+00 0.000000000000000000e+00 1.000000000000000000e+00
0.000000000000000000e+00 3.000000000000000000e+01 1.679999999999999938e+00 0.000000000000000000e+00 -8.734593789396919439e-01 5.452670690181422170e-02 -1.989069652783379827e-01 7.171541130702249744e-02 2.095008829045838517e-02 0.000000000000000000e+00 0.000000000000000000e+00 7.690000000000000000e+02 0.000000000000000000e+00 0.000000000000000000e+00 1.000000000000000000e+00
0.000000000000000000e+00 3.000000000000000000e+01 1.689999999999999947e+00 0.000000000000000000e+00 -9.110278099792273876e-01 6.088450268046334546e-02 -2.391422177574821506e-01 7.231103251097950602e-02 3.081953782058760583e-02 0.000000000000000000e+00 0.000000000000000000e+00 7.690000000000000000e+02 0.000000000000000000e+00 0.000000000000000000e+00 1.000000000000000000e+00
0.000000000000000000e+00 3.000000000000000000e+01 1.699999999999999956e+00 0.000000000000000000e+00 -9.489435555227018204e-01 6.374358317925538087e-02 -2.803067060820342293e-01 6.374358317925535311e-02 4.096822682468690552e-02 1.000000000000000000e+00 0.000000000000000000e+00 7.690000000000000000e+02 0.000000000000000000e+00 0.000000000000000000e+00 1.000000000000000000e+00
0.000000000000000000e+00 3.000000000000000000e+01 1.709999999999999964e+00 0.000000000000000000e+00 -9.888349037454655654e-01 3.857482915465921397e-02 -3.225219145991826686e-01 4.591185190949446243e-02 3.498500576485145258e-02 0.000000000000000000e+00 0.000000000000000000e+00 7.690000000000000000e+02 0.000000000000000000e+00 0.000000000000000000e+00 1.000000000000000000e+00
0.000000000000000000e+00 3.000000000000000000e+01 1.719999999999999973e+00 0.000000000000000000e+00 -1.029103360136131462e+00 1.860518387803106535e-02 -3.659124285341267546e-01 1.860518387803105841e-02 2.931872675289787233e-02 1.000000000000000000e+00 1.000000000000000000e+00 7.690000000000000000e+02 0.000000000000000000e+00 0.000000000000000000e+00 1.000000000000000000e+00
0.000000000000000000e+00 3.000000000000000000e+01 1.729999999999999982e+00 0.000000000000000000e+00 -1.010559498449634219e+00 3.997047764091259114e-02 -3.429638065627047538e-01 5.216316513268474259e-02 4.198827026526701089e-02 0.000000000000000000e+00 0.000000000000000000e+00 7.690000000000000000e+02 0.000000000000000000e+00 0.000000000000000000e+00 1.000000000000000000e+00
0.000000000000000000e+00 3.000000000000000000e+01 1.739999999999999991e+00 0.000000000000000000e+00 -9.924010636490768755e-01 6.046082923457493652e-02 -3.212508179762548766e-01 8.226605970212377827e-02 5.084026052592727218e-02 0.000000000000000000e+00 0.000000000000000000e+00 7.690000000000000000e+02 0.000000000000000000e+00 0.000000000000000000e+00 1.000000000000000000e+00
0.000000000000000000e+00 3.000000000000000000e+01 1.750000000000000000e+00 0.000000000000000000e+00 -9.746211025599046396e-01 8.010762608457951128e-02 -3.007093835562251183e-01 1.092694875680214478e-01 5.742548295246161644e-02 0.000000000000000000e+00 0.000000000000000000e+00 7.690000000000000000e+02 0.000000000000000000e+00 0.000000000000000000e+00 1.000000000000000000e+00
0.000000000000000000e+00 3.000000000000000000e+01 1.760000000000000009e+00 0.000000000000000000e+00 -9.572128069316052645e-01 9.894096344677545674e-02 -2.812788815664442055e-01 1.334924532201497427e-01 6.248809790982144674e-02 0.000000000000000000e+00 0.000000000000000000e+00 7.690000000000000000e+02 0.000000000000000000e+00 0.000000000000000000e+00 1.000000000000000000e+00
0.000000000000000000e+00 3.000000000000000000e+01 1.770000000000000018e+00 0.000000000000000000e+00 -9.401695108307143167e-01 1.169896905076603794e-01 -2.629019688466824878e-01 1.552211142099498564e-01 6.645169430655473164e-02 0.000000000000000000e+00 0.000000000000000000e+00 7.690000000000000000e+02 0.000000000000000000e+00 0.000000000000000000e+00 1.000000000000000000e+00
0.000000000000000000e+00 3.000000000000000000e+01 1.780000000000000027e+00 0.000000000000000000e+00 -9.234846880883140763e-01 1.342814545759939138e-01 -2.455244115819221473e-01 1.747121616674110200e-01 6.958389887599142343e-02 0.000000000000000000e+00 0.000000000000000000e+00 7.690000000000000000e+02 0.000000000000000000e+00 0.000000000000000000e+00 1.000000000000000000e+00
0.000000000000000000e+00 3.000000000000000000e+01 1.790000000000000036e+00 0.000000000000000000e+00 -9.071519498010546245e-01 1.508427434333565742e-01 -2.290949252479053955e-01 1.921958527169312092e-01 7.206613066973265036e-02 0.000000000000000000e+00 0.000000000000000000e+00 7.690000000000000000e+02 0.000000000000000000e+00 0.000000000000000000e+00 1.000000000000000000e+00
0.000000000000000000e+00 3.000000000000000000e+01 1.800000000000000044e+00 0.000000000000000000e+00 -8.911650418847305577e-01 1.666989259085278063e-01 -2.135650232606086940e-01 2.078787306155473469e-01 7.402776145301759314e-02 0.000000000000000000e+00 0.000000000000000000e+00 7.690000000000000000e+02 0.000000000000000000e+00 0.000000000000000000e+00 1.000000000000000000e+00
0.000000000000000000e+00 3.000000000000000000e+01 1.810000000000000053e+00 0.000000000000000000e+00 -8.755178426794882895e-01 1.818742907378356199e-01 -1.988888738829787395e-01 2.219460647478371795e-01 7.556463444832645093e-02 0.000000000000000000e+00 0.000000000000000000e+00 7.690000000000000000e+02 0.000000000000000000e+00 0.000000000000000000e+00 1.000000000000000000e+00
0.000000000000000000e+00 3.000000000000000000e+01 1.820000000000000062e+00 0.000000000000000000e+00 -8.602043606057357961e-01 1.963920837710044498e-01 -1.850231649666336520e-01 2.345640393023269987e-01 7.674989229572183602e-02 0.000000000000000000e+00 0.000000000000000000e+00 7.690000000000000000e+02 0.000000000000000000e+00 0.000000000000000000e+00 1.000000000000000000e+00
0.000000000000000000e+00 3.000000000000000000e+01 1.830000000000000071e+00 0.000000000000000000e+00 -8.452187318698660690e-01 2.102745435794939333e-01 -1.719269761293563681e-01 2.458817164852931392e-01 7.764069049729527272e-02 0.000000000000000000e+00 0.000000000000000000e+00 7.690000000000000000e+02 0.000000000000000000e+00 0.000000000000000000e+00 1.000000000000000000e+00
0.000000000000000000e+00 3.000000000000000000e+01 1.840000000000000080e+00 0.000000000000000000e+00 -8.305552182189099852e-01 2.235429355218730707e-01 -1.595616579911519894e-01 2.560327974643460403e-01 7.828255951089814479e-02 0.000000000000000000e+00 0.000000000000000000e+00 7.690000000000000000e+02 0.000000000000000000e+00 0.000000000000000000e+00 1.000000000000000000e+00
0.000000000000000000e+00 3.000000000000000000e+01 1.850000000000000089e+00 0.000000000000000000e+00 -8.162082047432607235e-01 2.362175843184137480e-01 -1.478907181124703707e-01 2.651372018446720991e-01 7.871234983569604104e-02 0.000000000000000000e+00 0.000000000000000000e+00 7.690000000000000000e+02 0.000000000000000000e+00 0.000000000000000000e+00 1.000000000000000000e+00
0.000000000000000000e+00 3.000000000000000000e+01 1.860000000000000098e+00 0.000000000000000000e+00 -8.021721977266302872e-01 2.483179051847992647e-01 -1.368797132979762965e-01 2.733024843370453483e-01 7.896028500675671136e-02 0.000000000000000000e+00 0.000000000000000000e+00 7.690000000000000000e+02 0.000000000000000000e+00 0.000000000000000000e+00 1.000000000000000000e+00
0.000000000000000000e+00 3.000000000000000000e+01 1.870000000000000107e+00 0.000000000000000000e+00 -7.884418225424104643e-01 2.598624335726410495e-01 -1.264961479480347650e-01 2.806251053533904694e-01 7.905143200184946983e-02 0.000000000000000000e+00 0.000000000000000000e+00 7.690000000000000000e+02 0.000000000000000000e+00 0.000000000000000000e+00 1.000000000000000000e+00
0.000000000000000000e+00 3.000000000000000000e+01 1.880000000000000115e+00 0.000000000000000000e+00 -7.750118215956370848e-01 2.708688535623587357e-01 -1.167093781579265910e-01 2.871915705400541752e-01 7.900677913012986442e-02 0.000000000000000000e+00 0.000000000000000000e+00 7.690000000000000000e+02 0.000000000000000000e+00 0.000000000000000000e+00 1.000000000000000000e+00
0.000000000000000000e+00 3.000000000000000000e+01 1.890000000000000124e+00 0.000000000000000000e+00 -7.618770523097684322e-01 2.813540249519188019e-01 -1.074905212817736377e-01 2.930794527106393432e-01 7.884404225612137718e-02 0.000000000000000000e+00 0.000000000000000000e+00 7.690000000000000000e+02 0.000000000000000000e+00 0.000000000000000000e+00 1.000000000000000000e+00
0.000000000000000000e+00 3.000000000000000000e+01 1.900000000000000133e+00 0.000000000000000000e+00 -7.490324851575026477e-01 2.913340090829230067e-01 -9.881237069427820097e-02 2.983583082509865259e-01 7.857827854730152495e-02 0.000000000000000000e+00 0.000000000000000000e+00 7.690000000000000000e+02 0.000000000000000000e+00 0.000000000000000000e+00 1.000000000000000000e+00
0.000000000000000000e+00 3.000000000000000000e+01 1.910000000000000142e+00 0.000000000000000000e+00 -7.364732017348877280e-01 3.008240934436112179e-01 -9.064931549872229377e-02 3.030904988222372642e-01 7.822236101379595463e-02 0.000000000000000000e+00 0.000000000000000000e+00 7.690000000000000000e+02 0.000000000000000000e+00 0.000000000000000000e+00 1.000000000000000000e+00
0.000000000000000000e+00 3.000000000000000000e+01 1.920000000000000151e+00 0.000000000000000000e+00 -7.241943928779794870e-01 3.098388150864627155e-01 -8.297726494427051791e-02 3.073319280691503286e-01 7.778735051228159725e-02 0.000000000000000000e+00 0.000000000000000000e+00 7.690000000000000000e+02 0.000000000000000000e+00 0.000000000000000000e+00 1.000000000000000000e+00
0.000000000000000000e+00 3.000000000000000000e+01 1.929999999999999938e+00 0.000000000000000000e+00 -7.121913568213316115e-01 3.183919828962709087e-01 -7.577357732951614522e-02 3.111327020367632978e-01 7.728279098532224445e-02 0.000000000000000000e+00 0.000000000000000000e+00 7.690000000000000000e+02 0.000000000000000000e+00 0.000000000000000000e+00 1.000000000000000000e+00
0.000000000000000000e+00 3.000000000000000000e+01 1.939999999999999947e+00 0.000000000000000000e+00 -7.004594973976088212e-01 3.264966987427964651e-01 -6.901699318245202441e-02 3.145377210972177817e-01 7.671694638313576731e-02 0.000000000000000000e+00 0.000000000000000000e+00 7.690000000000000000e+02 0.000000000000000000e+00 0.000000000000000000e+00 1.000000000000000000e+00
0.000000000000000000e+00 3.000000000000000000e+01 1.949999999999999956e+00 0.000000000000000000e+00 -6.889943222776365728e-01 3.341653775504087598e-01 -6.268757251966666777e-02 3.175872103794653567e-01 7.609699269263309196e-02 0.000000000000000000e+00 0.000000000000000000e+00 7.690000000000000000e+02 0.000000000000000000e+00 0.000000000000000000e+00 1.000000000000000000e+00
0.000000000000000000e+00 3.000000000000000000e+01 1.959999999999999964e+00 0.000000000000000000e+00 -6.777914412502104025e-01 3.414097663154503359e-01 -5.676663599960640738e-02 3.203171949680763686e-01 7.542917499119891622e-02 0.000000000000000000e+00 0.000000000000000000e+00 7.690000000000000000e+02 0.000000000000000000e+00 0.000000000000000000e+00 1.000000000000000000e+00
0.000000000000000000e+00 3.000000000000000000e+01 1.969999999999999973e+00 0.000000000000000000e+00 -6.668465645410104337e-01 3.482409621004611822e-01 -5.123670979623420885e-02 3.227599254849008448e-01 7.471893695220278853e-02 0.000000000000000000e+00 0.000000000000000000e+00 7.690000000000000000e+02 0.000000000000000000e+00 0.000000000000000000e+00 1.000000000000000000e+00
0.000000000000000000e+00 3.000000000000000000e+01 1.979999999999999982e+00 0.000000000000000000e+00 -6.561555011699730100e-01 3.546694290328240018e-01 -4.608147403039802859e-02 3.249442590811885689e-01 7.397102843384537052e-02 0.000000000000000000e+00 0.000000000000000000e+00 7.690000000000000000e+02 0.000000000000000000e+00 0.000000000000000000e+00 1.000000000000000000e+00
0.000000000000000000e+00 3.000000000000000000e+01 1.989999999999999991e+00 0.000000000000000000e+00 -6.457141573464922901e-01 3.607050143338709769e-01 -4.128571460671841276e-02 3.268960003410029125e-01 7.318959547065104210e-02 0.000000000000000000e+00 0.000000000000000000e+00 7.690000000000000000e+02 0.000000000000000000e+00 0.000000000000000000e+00 1.000000000000000000e+00
0.000000000000000000e+00 3.000000000000000000e+01 2.000000000000000000e+00 0.000000000000000000e+00 -6.355185349018395158e-01 3.663569634030036659e-01 -3.683527831385779994e-02 3.286382061231936103e-01 7.237825601547456800e-02 0.000000000000000000e+00 0.000000000000000000e+00 7.690000000000000000e+02 0.000000000000000000e+00 0.000000000000000000e+00 1.000000000000000000e+00
0.000000000000000000e+00 3.000000000000000000e+01 2.009999999999999787e+00 0.000000000000000000e+00 -6.255647297581945487e-01 3.716339339799324404e-01 -3.271703105566324543e-02 3.301914579431659003e-01 7.154016405231618247e-02 0.000000000000000000e+00 0.000000000000000000e+00 7.690000000000000000e+02 0.000000000000000000e+00 0.000000000000000000e+00 1.000000000000000000e+00
0.000000000000000000e+00 3.000000000000000000e+01 2.020000000000000018e+00 0.000000000000000000e+00 -6.158489304337082526e-01 3.765440094067328269e-01 -2.891881908991460193e-02 3.315741051122289007e-01 7.067806414942626181e-02 0.000000000000000000e+00 0.000000000000000000e+00 7.690000000000000000e+02 0.000000000000000000e+00 0.000000000000000000e+00 1.000000000000000000e+00
0.000000000000000000e+00 3.000000000000000000e+01 2.029999999999999805e+00 0.000000000000000000e+00 -6.063674165830215124e-01 3.810947110100282864e-01 -2.542943316028624390e-02 3.328024815068403308e-01 6.979433810098747970e-02 0.000000000000000000e+00 0.000000000000000000e+00 7.690000000000000000e+02 0.000000000000000000e+00 0.000000000000000000e+00 1.000000000000000000e+00
0.000000000000000000e+00 3.000000000000000000e+01 2.040000000000000036e+00 0.000000000000000000e+00 -5.971165575726811170e-01 3.852930096222698664e-01 -2.223857541566903739e-02 3.338910985285510336e-01 6.889104498062480209e-02 0.000000000000000000e+00 0.000000000000000000e+00 7.690000000000000000e+02 0.000000000000000000e+00 0.000000000000000000e+00 1.000000000000000000e+00
0.000000000000000000e+00 3.000000000000000000e+01 2.049999999999999822e+00 0.000000000000000000e+00 -5.880928110909080520e-01 3.891453362597617205e-01 -1.933682901922492703e-02 3.348528165341755902e-01 6.796995567699640195e-02 0.000000000000000000e+00 0.000000000000000000e+00 7.690000000000000000e+02 0.000000000000000000e+00 0.000000000000000000e+00 1.000000000000000000e+00
0.000000000000000000e+00 3.000000000000000000e+01 2.059999999999999609e+00 0.000000000000000000e+00 -5.792927217911860716e-01 3.926575919737866349e-01 -1.671563035748446779e-02 3.356989967613765447e-01 6.703258278324009112e-02 0.000000000000000000e+00 0.000000000000000000e+00 7.690000000000000000e+02 0.000000000000000000e+00 0.000000000000000000e+00 1.000000000000000000e+00
0.000000000000000000e+00 3.000000000000000000e+01 2.069999999999999840e+00 0.000000000000000000e+00 -5.707129199691510779e-01 3.958351568899270423e-01 -1.436724376747131049e-02 3.364396355444331244e-01 6.608020655521196218e-02 0.000000000000000000e+00 0.000000000000000000e+00 7.690000000000000000e+02 0.000000000000000000e+00 0.000000000000000000e+00 1.000000000000000000e+00
0.000000000000000000e+00 3.000000000000000000e+01 2.079999999999999627e+00 0.000000000000000000e+00 -5.623501202722727133e-01 3.986828984494174555e-01 -1.228473870726824735e-02 3.370834824057492018e-01 6.511389752869041481e-02 0.000000000000000000e+00 0.000000000000000000e+00 7.690000000000000000e+02 0.000000000000000000e+00 0.000000000000000000e+00 1.000000000000000000e+00
0.000000000000000000e+00 3.000000000000000000e+01 2.089999999999999858e+00 0.000000000000000000e+00 -5.542011204418378911e-01 4.012051788651660456e-01 -1.046196930265083647e-02 3.376381434181723318e-01 6.413453628588998423e-02 0.000000000000000000e+00 0.000000000000000000e+00 7.690000000000000000e+02 0.000000000000000000e+00 0.000000000000000000e+00 1.000000000000000000e+00
0.000000000000000000e+00 3.000000000000000000e+01 2.099999999999999645e+00 0.000000000000000000e+00 -5.462628000867507660e-01 4.034058618038570687e-01 -8.893556209426833892e-03 3.381101710591934983e-01 6.314283078131839588e-02 0.000000000000000000e+00 0.000000000000000000e+00 7.690000000000000000e+02 0.000000000000000000e+00 0.000000000000000000e+00 1.000000000000000000e+00
0.000000000000000000e+00 3.000000000000000000e+01 2.109999999999999876e+00 0.000000000000000000e+00 -5.385321194886815155e-01 4.052883183043721194e-01 -7.574870737953653954e-03 3.385051416185164697e-01 6.213933157213552549e-02 0.000000000000000000e+00 0.000000000000000000e+00 7.690000000000000000e+02 0.000000000000000000e+00 0.000000000000000000e+00 1.000000000000000000e+00
0.000000000000000000e+00 3.000000000000000000e+01 2.119999999999999662e+00 0.000000000000000000e+00 -5.310061184381070776e-01 4.068554319415983445e-01 -6.502021192982071485e-03 3.388277210734530476e-01 6.112444524558596770e-02 0.000000000000000000e+00 0.000000000000000000e+00 7.690000000000000000e+02 0.000000000000000000e+00 0.000000000000000000e+00 1.000000000000000000e+00
0.000000000000000000e+00 3.000000000000000000e+01 2.129999999999999893e+00 0.000000000000000000e+00 -5.236819151007954254e-01 4.081096032435310161e-01 -5.671841388512760540e-03 3.390817202103571515e-01 6.009844629336502653e-02 0.000000000000000000e+00 0.000000000000000000e+00 7.690000000000000000e+02 0.000000000000000000e+00 0.000000000000000000e+00 1.000000000000000000e+00
0.000000000000000000e+00 3.000000000000000000e+01 2.139999999999999680e+00 0.000000000000000000e+00 -5.165567049143030554e-01 4.090527533684384376e-01 -5.081881303770519054e-03 3.392701396432797334e-01 5.906148764809275586e-02 0.000000000000000000e+00 0.000000000000000000e+00 7.690000000000000000e+02 0.000000000000000000e+00 0.000000000000000000e+00 1.000000000000000000e+00
0.000000000000000000e+00 3.000000000000000000e+01 2.149999999999999911e+00 0.000000000000000000e+00 -5.096277595140593641e-01 4.096863270477197894e-01 -4.730399852720335030e-03 3.393952052616655557e-01 5.801361006896302297e-02 0.000000000000000000e+00 0.000000000000000000e+00 7.690000000000000000e+02 0.000000000000000000e+00 0.000000000000000000e+00 1.000000000000000000e+00
0.000000000000000000e+00 3.000000000000000000e+01 2.159999999999999698e+00 0.000000000000000000e+00 -5.028924256886296851e-01 4.100112947989683065e-01 -4.616359745786446922e-03 3.394583945258570767e-01 5.695475054100916645e-02 0.000000000000000000e+00 0.000000000000000000e+00 7.690000000000000000e+02 0.000000000000000000e+00 0.000000000000000000e+00 1.000000000000000000e+00
0.000000000000000000e+00 3.000000000000000000e+01 2.169999999999999929e+00 0.000000000000000000e+00 -4.963481243637553608e-01 4.100281544126218591e-01 -4.739424428610763962e-03 3.394604539210445693e-01 5.588474983442479060e-02 0.000000000000000000e+00 0.000000000000000000e+00 7.690000000000000000e+02 0.000000000000000000e+00 0.000000000000000000e+00 1.000000000000000000e+00
0.000000000000000000e+00 3.000000000000000000e+01 2.179999999999999716e+00 0.000000000000000000e+00 -4.899923496147820523e-01 4.097369317144872181e-01 -5.099957088815998407e-03 3.394014077758541470e-01 5.480335935637449529e-02 0.000000000000000000e+00 0.000000000000000000e+00 7.690000000000000000e+02 0.000000000000000000e+00 0.000000000000000000e+00 1.000000000000000000e+00
0.000000000000000000e+00 3.000000000000000000e+01 2.189999999999999947e+00 0.000000000000000000e+00 -4.838226677070981974e-01 4.091371806053012983e-01 -5.699021727842423779e-03 3.392805585497548626e-01 5.371024741724628182e-02 0.000000000000000000e+00 0.000000000000000000e+00 7.690000000000000000e+02 0.000000000000000000e+00 0.000000000000000000e+00 1.000000000000000000e+00
0.000000000000000000e+00 3.000000000000000000e+01 2.199999999999999734e+00 0.000000000000000000e+00 -4.778367161642175232e-01 4.082279823773876659e-01 -6.538386301021409386e-03 3.390964785926753877e-01 5.260500502601671291e-02 0.000000000000000000e+00 0.000000000000000000e+00 7.690000000000000000e+02 0.000000000000000000e+00 0.000000000000000000e+00 1.000000000000000000e+00
0.000000000000000000e+00 3.000000000000000000e+01 2.209999999999999964e+00 0.000000000000000000e+00 -4.720322028631452338e-01 4.070079443073678638e-01 -7.620527935152623944e-03 3.388469932794878625e-01 5.148715132514633530e-02 0.000000000000000000e+00 0.000000000000000000e+00 7.690000000000000000e+02 0.000000000000000000e+00 0.000000000000000000e+00 1.000000000000000000e+00
0.000000000000000000e+00 3.000000000000000000e+01 2.219999999999999751e+00 0.000000000000000000e+00 -4.664069051566855917e-01 4.054751975227665617e-01 -8.948640238983326944e-03 3.385291553201132397e-01 5.035613877410098638e-02 0.000000000000000000e+00 0.000000000000000000e+00 7.690000000000000000e+02 0.000000000000000000e+00 0.000000000000000000e+00 1.000000000000000000e+00
0.000000000000000000e+00 3.000000000000000000e+01 2.229999999999999982e+00 0.000000000000000000e+00 -4.609586690223523298e-01 4.036273941392446996e-01 -1.052664272816379587e-02 3.381392099417663832e-01 4.921135819227663577e-02 0.000000000000000000e+00 0.000000000000000000e+00 7.690000000000000000e+02 0.000000000000000000e+00 0.000000000000000000e+00 1.000000000000000000e+00
0.000000000000000000e+00 3.000000000000000000e+01 2.239999999999999769e+00 0.000000000000000000e+00 -4.556854082375568216e-01 4.014617036640755199e-01 -1.235919239249426427e-02 3.376725505320173903e-01 4.805214377694667915e-02 0.000000000000000000e+00 0.000000000000000000e+00 7.690000000000000000e+02 0.000000000000000000e+00 0.000000000000000000e+00 1.000000000000000000e+00
0.000000000000000000e+00 3.000000000000000000e+01 2.250000000000000000e+00 0.000000000000000000e+00 -4.505851035807573735e-01 3.989748086603539523e-01 -1.445169743960035558e-02 3.371236642186619115e-01 4.687777822015873341e-02 0.000000000000000000e+00 0.000000000000000000e+00 7.690000000000000000e+02 0.000000000000000000e+00 0.000000000000000000e+00 1.000000000000000000e+00
0.000000000000000000e+00 3.000000000000000000e+01 2.259999999999999787e+00 0.000000000000000000e+00 -4.456558020582655488e-01 3.961628996652971080e-01 -1.681033325559717906e-02 3.364860667435086716e-01 4.568749806073389708e-02 0.000000000000000000e+00 0.000000000000000000e+00 7.690000000000000000e+02 0.000000000000000000e+00 0.000000000000000000e+00 1.000000000000000000e+00
0.000000000000000000e+00 3.000000000000000000e+01 2.270000000000000018e+00 0.000000000000000000e+00 -4.408956161564107634e-01 3.930216693548521101e-01 -1.944206062984533967e-02 3.357522258607161803e-01 4.448049942430454262e-02 0.000000000000000000e+00 0.000000000000000000e+00 7.690000000000000000e+02 0.000000000000000000e+00 0.000000000000000000e+00 1.000000000000000000e+00
0.000000000000000000e+00 3.000000000000000000e+01 2.279999999999999805e+00 0.000000000000000000e+00 -4.363027231187798782e-01 3.895463059456734101e-01 -2.235464629758314448e-02 3.349134723547485537e-01 4.325594432651089227e-02 0.000000000000000000e+00 0.000000000000000000e+00 7.690000000000000000e+02 0.000000000000000000e+00 0.000000000000000000e+00 1.000000000000000000e+00
0.000000000000000000e+00 3.000000000000000000e+01 2.290000000000000036e+00 0.000000000000000000e+00 -4.318753642482519584e-01 3.857314858243615641e-01 -2.555668586106088491e-02 3.339598976267585395e-01 4.201296774318692695e-02 0.000000000000000000e+00 0.000000000000000000e+00 7.690000000000000000e+02 0.000000000000000000e+00 0.000000000000000000e+00 1.000000000000000000e+00
0.000000000000000000e+00 3.000000000000000000e+01 2.299999999999999822e+00 0.000000000000000000e+00 -4.276118442335636316e-01 3.815713653926726123e-01 -2.905762915682152947e-02 3.328802366395414158e-01 4.075068568806501645e-02 0.000000000000000000e+00 0.000000000000000000e+00 7.690000000000000000e+02 0.000000000000000000e+00 0.000000000000000000e+00 1.000000000000000000e+00
0.000000000000000000e+00 3.000000000000000000e+01 2.310000000000000053e+00 0.000000000000000000e+00 -4.235105305001452547e-01 3.770595721162078306e-01 -3.286780814399145600e-02 3.316617348382288610e-01 3.946820458511698937e-02 0.000000000000000000e+00 0.000000000000000000e+00 7.690000000000000000e+02 0.000000000000000000e+00 0.000000000000000000e+00 1.000000000000000000e+00
0.000000000000000000e+00 3.000000000000000000e+01 2.319999999999999840e+00 0.000000000000000000e+00 -4.195698525849804184e-01 3.721891947628703234e-01 -3.699846739588538713e-02 3.302899974745931444e-01 3.816463228157337961e-02 0.000000000000000000e+00 0.000000000000000000e+00 7.690000000000000000e+02 0.000000000000000000e+00 0.000000000000000000e+00 1.000000000000000000e+00
0.000000000000000000e+00 3.000000000000000000e+01 2.329999999999999627e+00 0.000000000000000000e+00 -4.157883015352484279e-01 3.669527728161364744e-01 -4.146179728491160288e-02 3.287488195549584380e-01 3.683909112211807002e-02 0.000000000000000000e+00 0.000000000000000000e+00 7.690000000000000000e+02 0.000000000000000000e+00 0.000000000000000000e+00 1.000000000000000000e+00
0.000000000000000000e+00 3.000000000000000000e+01 2.339999999999999858e+00 0.000000000000000000e+00 -4.121644293305211648e-01 3.613422850469266701e-01 -4.627096995871299301e-02 3.270199944028115424e-01 3.549073359884841183e-02 0.000000000000000000e+00 0.000000000000000000e+00 7.690000000000000000e+02 0.000000000000000000e+00 0.000000000000000000e+00 1.000000000000000000e+00
0.000000000000000000e+00 3.000000000000000000e+01 2.349999999999999645e+00 0.000000000000000000e+00 -4.086968483282908959e-01 3.553491372265656922e-01 -5.144017821371615895e-02 3.250830985745699064e-01 3.411876121067590473e-02 0.000000000000000000e+00 0.000000000000000000e+00 7.690000000000000000e+02 0.000000000000000000e+00 0.000000000000000000e+00 1.000000000000000000e+00
0.000000000000000000e+00 3.000000000000000000e+01 2.359999999999999876e+00 0.000000000000000000e+00 -4.053842307326182559e-01 3.489641489620172732e-01 -5.698467738081178235e-02 3.229152505876118906e-01 3.272244731687640185e-02 0.000000000000000000e+00 0.000000000000000000e+00 7.690000000000000000e+02 0.000000000000000000e+00 0.000000000000000000e+00 1.000000000000000000e+00
0.000000000000000000e+00 3.000000000000000000e+01 2.369999999999999662e+00 0.000000000000000000e+00 -4.022253080856968421e-01 3.421775396332201180e-01 -6.292083034677972697e-02 3.204908406103109675e-01 3.130116496151612304e-02 0.000000000000000000e+00 0.000000000000000000e+00 7.690000000000000000e+02 0.000000000000000000e+00 0.000000000000000000e+00 1.000000000000000000e+00
0.000000000000000000e+00 3.000000000000000000e+01 2.379999999999999893e+00 0.000000000000000000e+00 -3.992188707821388571e-01 3.349789134109878996e-01 -6.926615584432446737e-02 3.177812279207690715e-01 2.985442089028965407e-02 0.000000000000000000e+00 0.000000000000000000e+00 7.690000000000000000e+02 0.000000000000000000e+00 0.000000000000000000e+00 1.000000000000000000e+00
0.000000000000000000e+00 3.000000000000000000e+01 2.389999999999999680e+00 0.000000000000000000e+00 -3.963637676057965575e-01 3.273572433325254161e-01 -7.603938015323588595e-02 3.147544025601839990e-01 2.838189729425359686e-02 0.000000000000000000e+00 0.000000000000000000e+00 7.690000000000000000e+02 0.000000000000000000e+00 0.000000000000000000e+00 1.000000000000000000e+00
0.000000000000000000e+00 3.000000000000000000e+01 2.399999999999999911e+00 0.000000000000000000e+00 -3.936589052889420404e-01 3.193008544101610391e-01 -8.326049236525343011e-02 3.113746071837999452e-01 2.688350321598358128e-02 0.000000000000000000e+00 0.000000000000000000e+00 7.690000000000000000e+02 0.000000000000000000e+00 0.000000000000000000e+00 1.000000000000000000e+00
0.000000000000000000e+00 3.000000000000000000e+01 2.409999999999999698e+00 0.000000000000000000e+00 -3.911032480936363354e-01 3.107974057474273133e-01 -9.095080337573271945e-02 3.076019146421850592e-01 2.535943806861738758e-02 0.000000000000000000e+00 0.000000000000000000e+00 7.690000000000000000e+02 0.000000000000000000e+00 0.000000000000000000e+00 1.000000000000000000e+00
0.000000000000000000e+00 3.000000000000000000e+01 2.419999999999999929e+00 0.000000000000000000e+00 -3.886958174151276535e-01 3.018338716350926210e-01 -9.913300877620931373e-02 3.033917563025982367e-01 2.381027038009671248e-02 0.000000000000000000e+00 0.000000000000000000e+00 7.690000000000000000e+02 0.000000000000000000e+00 0.000000000000000000e+00 1.000000000000000000e+00
0.000000000000000000e+00 3.000000000000000000e+01 2.429999999999999716e+00 0.000000000000000000e+00 -3.864356914071267468e-01 2.923965215981850774e-01 -1.078312558334680316e-01 2.986943955382806437e-01 2.223703572516891325e-02 0.000000000000000000e+00 0.000000000000000000e+00 7.690000000000000000e+02 0.000000000000000000e+00 0.000000000000000000e+00 1.000000000000000000e+00
0.000000000000000000e+00 3.000000000000000000e+01 2.439999999999999947e+00 0.000000000000000000e+00 -3.843220046288168823e-01 2.824708993634476584e-01 -1.170712147527865066e-01 2.934543401657456752e-01 2.064135889688301084e-02 0.000000000000000000e+00 0.000000000000000000e+00 7.690000000000000000e+02 0.000000000000000000e+00 0.000000000000000000e+00 1.000000000000000000e+00
0.000000000000000000e+00 3.000000000000000000e+01 2.449999999999999734e+00 0.000000000000000000e+00 -3.823539477134609843e-01 2.720418007150019468e-01 -1.268801544356632227e-01 2.876096868889084779e-01 1.902560675517039890e-02 0.000000000000000000e+00 0.000000000000000000e+00 7.690000000000000000e+02 0.000000000000000000e+00 0.000000000000000000e+00 1.000000000000000000e+00
0.000000000000000000e+00 3.000000000000000000e+01 2.459999999999999964e+00 0.000000000000000000e+00 -3.805307670584817670e-01 2.610932502043057934e-01 -1.372870229556074073e-01 2.810913900056555281e-01 1.739307993040678513e-02 0.000000000000000000e+00 0.000000000000000000e+00 7.690000000000000000e+02 0.000000000000000000e+00 0.000000000000000000e+00 1.000000000000000000e+00
0.000000000000000000e+00 3.000000000000000000e+01 2.469999999999999751e+00 0.000000000000000000e+00 -3.788517645368941200e-01 2.496084766787223519e-01 -1.483225329894887201e-01 2.738224457377348431e-01 1.574825369214295084e-02 0.000000000000000000e+00 0.000000000000000000e+00 7.690000000000000000e+02 0.000000000000000000e+00 0.000000000000000000e+00 1.000000000000000000e+00
0.000000000000000000e+00 3.000000000000000000e+01 2.479999999999999982e+00 0.000000000000000000e+00 -3.773162972299807794e-01 2.375698875912189700e-01 -1.600192524565725583e-01 2.657169825480629743e-01 1.409708078601414061e-02 0.000000000000000000e+00 0.000000000000000000e+00 7.690000000000000000e+02 0.000000000000000000e+00 0.000000000000000000e+00 1.000000000000000000e+00
0.000000000000000000e+00 3.000000000000000000e+01 2.489999999999999769e+00 0.000000000000000000e+00 -3.759237771811075879e-01 2.249590420518423062e-01 -1.724117006327333945e-01 2.566792466989281096e-01 1.244737168284872769e-02 0.000000000000000000e+00 0.000000000000000000e+00 7.690000000000000000e+02 0.000000000000000000e+00 0.000000000000000000e+00 1.000000000000000000e+00
0.000000000000000000e+00 3.000000000000000000e+01 2.500000000000000000e+00 0.000000000000000000e+00 -3.746736711705848655e-01 2.117566225796878865e-01 -1.855364500234978620e-01 2.466024710670021158e-01 1.080926983027134108e-02 0.000000000000000000e+00 0.000000000000000000e+00 7.690000000000000000e+02 0.000000000000000000e+00 0.000000000000000000e+00 1.000000000000000000e+00
0.000000000000000000e+00 3.000000000000000000e+01 2.509999999999999787e+00 0.000000000000000000e+00 -3.735655005114881799e-01 1.979424055120958814e-01 -1.994322342965645645e-01 2.353676138519262273e-01 9.195839522130738741e-03 0.000000000000000000e+00 0.000000000000000000e+00 7.690000000000000000e+02 0.000000000000000000e+00 0.000000000000000000e+00 1.000000000000000000e+00
0.000000000000000000e+00 3.000000000000000000e+01 2.520000000000000018e+00 0.000000000000000000e+00 -3.725988408663615803e-01 1.834952300257432778e-01 -2.141400625923306766e-01 2.228419522782308648e-01 7.623778071160262904e-03 0.000000000000000000e+00 0.000000000000000000e+00 7.690000000000000000e+02 0.000000000000000000e+00 0.000000000000000000e+00 1.000000000000000000e+00
0.000000000000000000e+00 3.000000000000000000e+01 2.529999999999999805e+00 0.000000000000000000e+00 -3.717733220847312947e-01 1.683929657221800991e-01 -2.297033405497777292e-01 2.088775146773109714e-01 6.114243327384649013e-03 0.000000000000000000e+00 0.000000000000000000e+00 7.690000000000000000e+02 0.000000000000000000e+00 0.000000000000000000e+00 1.000000000000000000e+00
0.000000000000000000e+00 3.000000000000000000e+01 2.540000000000000036e+00 0.000000000000000000e+00 -3.710886280613682198e-01 1.526124787281550876e-01 -2.461679984048865399e-01 1.933093324268879143e-01 4.693732502957341512e-03 0.000000000000000000e+00 0.000000000000000000e+00 7.690000000000000000e+02 0.000000000000000000e+00 0.000000000000000000e+00 1.000000000000000000e+00
0.000000000000000000e+00 3.000000000000000000e+01 2.549999999999999822e+00 0.000000000000000000e+00 -3.705444966152468544e-01 1.361295962588050246e-01 -2.635826265396249424e-01 1.759534910972776200e-01 3.394814721666465640e-03 0.000000000000000000e+00 0.000000000000000000e+00 7.690000000000000000e+02 0.000000000000000000e+00 0.000000000000000000e+00 1.000000000000000000e+00
0.000000000000000000e+00 3.000000000000000000e+01 2.560000000000000053e+00 0.000000000000000000e+00 -3.701407193891509961e-01 1.189190695894226241e-01 -2.819986188815404304e-01 1.566049577817167082e-01 2.256211147606303202e-03 0.000000000000000000e+00 0.000000000000000000e+00 7.690000000000000000e+02 0.000000000000000000e+00 0.000000000000000000e+00 1.000000000000000000e+00
0.000000000000000000e+00 3.000000000000000000e+01 2.569999999999999840e+00 0.000000000000000000e+00 -3.698771417698902275e-01 1.009545353790842342e-01 -3.014703245771557238e-01 1.350351589439557076e-01 1.321031843356700736e-03 0.000000000000000000e+00 0.000000000000000000e+00 7.690000000000000000e+02 0.000000000000000000e+00 0.000000000000000000e+00 1.000000000000000000e+00
0.000000000000000000e+00 3.000000000000000000e+01 2.579999999999999627e+00 0.000000000000000000e+00 -3.697536628290964966e-01 8.220847528689198547e-02 -3.220552083867862514e-01 1.109892801690656600e-01 6.305666356371773806e-04 0.000000000000000000e+00 0.000000000000000000e+00 7.690000000000000000e+02 0.000000000000000000e+00 0.000000000000000000e+00 1.000000000000000000e+00
0.000000000000000000e+00 3.000000000000000000e+01 2.589999999999999858e+00 0.000000000000000000e+00 -3.697702352845761431e-01 6.265217381896946713e-02 -3.438140202741347684e-01 8.418325591811579023e-02 2.087072433054068879e-04 0.000000000000000000e+00 0.000000000000000000e+00 7.690000000000000000e+02 0.000000000000000000e+00 0.000000000000000000e+00 1.000000000000000000e+00
0.000000000000000000e+00 3.000000000000000000e+01 2.599999999999999645e+00 0.000000000000000000e+00 -3.699268654822051028e-01 4.225567434164078512e-02 -3.668109746911554225e-01 5.430041372524516824e-02 3.180028800515630454e-05 0.000000000000000000e+00 0.000000000000000000e+00 7.690000000000000000e+02 0.000000000000000000e+00 0.000000000000000000e+00 1.000000000000000000e+00
0.000000000000000000e+00 3.000000000000000000e+01 2.609999999999999876e+00 0.000000000000000000e+00 -3.702236133983590749e-01 2.098773319341328339e-02 -3.911139400872902794e-01 2.098773319341326951e-02 5.158946049794452878e-07 1.000000000000000000e+00 1.000000000000000000e+00 7.690000000000000000e+02 0.000000000000000000e+00 0.000000000000000000e+00 1.000000000000000000e+00
0.000000000000000000e+00 3.000000000000000000e+01 2.619999999999999662e+00 0.000000000000000000e+00 -3.565214844535882222e-01 4.226995994454648548e-02 -3.666281637579309471e-01 5.430062601368425279e-02 2.559452044031626256e-05 0.000000000000000000e+00 0.000000000000000000e+00 7.690000000000000000e+02 0.000000000000000000e+00 0.000000000000000000e+00 1.000000000000000000e+00
0.000000000000000000e+00 3.000000000000000000e+01 2.629999999999999893e+00 0.000000000000000000e+00 -3.429543400781866480e-01 6.269041256684540486e-02 -3.434478588973508550e-01 8.418387641633798268e-02 1.499614191172262724e-04 0.000000000000000000e+00 0.000000000000000000e+00 7.690000000000000000e+02 0.000000000000000000e+00 0.000000000000000000e+00 1.000000000000000000e+00
0.000000000000000000e+00 3.000000000000000000e+01 2.639999999999999680e+00 0.000000000000000000e+00 -3.295169851810527128e-01 8.228037141358673923e-02 -3.215046159535739356e-01 1.109905096207936398e-01 4.189697930855949652e-04 0.000000000000000000e+00 0.000000000000000000e+00 7.690000000000000000e+02 0.000000000000000000e+00 0.000000000000000000e+00 1.000000000000000000e+00
0.000000000000000000e+00 3.000000000000000000e+01 2.649999999999999911e+00 0.000000000000000000e+00 -3.162042743696906744e-01 1.010698446753201113e-01 -3.007336761830151639e-01 1.350372052867730155e-01 8.250614489662480566e-04 0.000000000000000000e+00 0.000000000000000000e+00 7.690000000000000000e+02 0.000000000000000000e+00 0.000000000000000000e+00 1.000000000000000000e+00
0.000000000000000000e+00 3.000000000000000000e+01 2.659999999999999698e+00 0.000000000000000000e+00 -3.030111099799526198e-01 1.190876143468613257e-01 -2.810737405349340579e-01 1.566080386035343941e-01 1.336554747086052958e-03 0.000000000000000000e+00 0.000000000000000000e+00 7.690000000000000000e+02 0.000000000000000000e+00 0.000000000000000000e+00 1.000000000000000000e+00
0.000000000000000000e+00 3.000000000000000000e+01 2.669999999999999929e+00 0.000000000000000000e+00 -2.899324401240552240e-01 1.363612803159800491e-01 -2.624667887461087368e-01 1.759578362068051072e-01 1.917966650229249032e-03 0.000000000000000000e+00 0.000000000000000000e+00 7.690000000000000000e+02 0.000000000000000000e+00 0.000000000000000000e+00 1.000000000000000000e+00
0.000000000000000000e+00 3.000000000000000000e+01 2.679999999999999716e+00 0.000000000000000000e+00 -2.769632567561264302e-01 1.529173026413190861e-01 -2.448579081118457956e-01 1.933151865684739623e-01 2.538120675010999833e-03 0.000000000000000000e+00 0.000000000000000000e+00 7.690000000000000000e+02 0.000000000000000000e+00 0.000000000000000000e+00 1.000000000000000000e+00
0.000000000000000000e+00 3.000000000000000000e+01 2.689999999999999947e+00 0.000000000000000000e+00 -2.640985937545381468e-01 1.687810420843058046e-01 -2.281951314279931087e-01 2.088851404222260844e-01 3.172181867928454413e-03 0.000000000000000000e+00 0.000000000000000000e+00 7.690000000000000000e+02 0.000000000000000000e+00 0.000000000000000000e+00 1.000000000000000000e+00
0.000000000000000000e+00 3.000000000000000000e+01 2.699999999999999734e+00 0.000000000000000000e+00 -2.513335250202945459e-01 1.839767989571438889e-01 -2.124292836256947703e-01 2.228516331265484041e-01 3.801360995551263111e-03 0.000000000000000000e+00 0.000000000000000000e+00 7.690000000000000000e+02 0.000000000000000000e+00 0.000000000000000000e+00 1.000000000000000000e+00
0.000000000000000000e+00 3.000000000000000000e+01 2.709999999999999964e+00 0.000000000000000000e+00 -2.386631625907442711e-01 1.985278503463938360e-01 -1.975138366462746153e-01 2.353796575816450298e-01 4.411923458261066133e-03 0.000000000000000000e+00 0.000000000000000000e+00 7.690000000000000000e+02 0.000000000000000000e+00 0.000000000000000000e+00 1.000000000000000000e+00
0.000000000000000000e+00 3.000000000000000000e+01 2.719999999999999751e+00 0.000000000000000000e+00 -2.260826547678962406e-01 2.124564857691597641e-01 -1.834047721279584431e-01 2.466172133699763847e-01 4.994128168628597653e-03 0.000000000000000000e+00 0.000000000000000000e+00 7.690000000000000000e+02 0.000000000000000000e+00 0.000000000000000000e+00 1.000000000000000000e+00
0.000000000000000000e+00 3.000000000000000000e+01 2.729999999999999982e+00 0.000000000000000000e+00 -2.135871842606213988e-01 2.257840413165042026e-01 -1.700604514991957972e-01 2.566970551465566075e-01 5.541301699051131430e-03 0.000000000000000000e+00 0.000000000000000000e+00 7.690000000000000000e+02 0.000000000000000000e+00 0.000000000000000000e+00 1.000000000000000000e+00
0.000000000000000000e+00 3.000000000000000000e+01 2.739999999999999769e+00 0.000000000000000000e+00 -2.011719663400304281e-01 2.385309323363898892e-01 -1.574414930952013070e-01 2.657382609335869894e-01 6.049091087708177022e-03 0.000000000000000000e+00 0.000000000000000000e+00 7.690000000000000000e+02 0.000000000000000000e+00 0.000000000000000000e+00 1.000000000000000000e+00
0.000000000000000000e+00 3.000000000000000000e+01 2.750000000000000000e+00 0.000000000000000000e+00 -1.888322470073182935e-01 2.507166847062126114e-01 -1.455106559350638762e-01 2.738476388464421984e-01 6.514882065862863392e-03 0.000000000000000000e+00 0.000000000000000000e+00 7.690000000000000000e+02 0.000000000000000000e+00 0.000000000000000000e+00 1.000000000000000000e+00
0.000000000000000000e+00 3.000000000000000000e+01 2.759999999999999787e+00 0.000000000000000000e+00 -1.765633011733780677e-01 2.623599647428326853e-01 -1.342327298164269489e-01 2.811209888693430026e-01 6.937353960326006486e-03 0.000000000000000000e+00 0.000000000000000000e+00 7.690000000000000000e+02 0.000000000000000000e+00 0.000000000000000000e+00 1.000000000000000000e+00
0.000000000000000000e+00 3.000000000000000000e+01 2.770000000000000018e+00 0.000000000000000000e+00 -1.643604308494833466e-01 2.734786077959153183e-01 -1.235744314033880853e-01 2.876442345866770389e-01 7.316142062099802168e-03 0.000000000000000000e+00 0.000000000000000000e+00 7.690000000000000000e+02 0.000000000000000000e+00 0.000000000000000000e+00 1.000000000000000000e+00
0.000000000000000000e+00 3.000000000000000000e+01 2.779999999999999805e+00 0.000000000000000000e+00 -1.522189633483475579e-01 2.840896455683858957e-01 -1.135043060009529037e-01 2.934944382396547091e-01 7.651582514752945652e-03 0.000000000000000000e+00 0.000000000000000000e+00 7.690000000000000000e+02 0.000000000000000000e+00 0.000000000000000000e+00 1.000000000000000000e+00
0.000000000000000000e+00 3.000000000000000000e+01 2.790000000000000036e+00 0.000000000000000000e+00 -1.401342494948733808e-01 2.942093322058448868e-01 -1.039926347261615758e-01 2.987407110996544990e-01 7.944519854439925644e-03 0.000000000000000000e+00 0.000000000000000000e+00 7.690000000000000000e+02 0.000000000000000000e+00 0.000000000000000000e+00 1.000000000000000000e+00
0.000000000000000000e+00 3.000000000000000000e+01 2.799999999999999822e+00 0.000000000000000000e+00 -1.281016618459031864e-01 3.038531691949107882e-01 -9.501134680193118465e-02 3.034450299129331508e-01 8.196161890557260299e-03 0.000000000000000000e+00 0.000000000000000000e+00 7.690000000000000000e+02 0.000000000000000000e+00 0.000000000000000000e+00 1.000000000000000000e+00
0.000000000000000000e+00 3.000000000000000000e+01 2.810000000000000053e+00 0.000000000000000000e+00 -1.161165929182929463e-01 3.130359291086277640e-01 -8.653393671477682680e-02 3.076629690617580515e-01 8.407970316083618334e-03 0.000000000000000000e+00 0.000000000000000000e+00 7.690000000000000000e+02 0.000000000000000000e+00 0.000000000000000000e+00 1.000000000000000000e+00
0.000000000000000000e+00 3.000000000000000000e+01 2.819999999999999840e+00 0.000000000000000000e+00 -1.041744534246276249e-01 3.217716782353133298e-01 -7.853538599192738667e-02 3.114443570913328907e-01 8.581578307027278030e-03 0.000000000000000000e+00 0.000000000000000000e+00 7.690000000000000000e+02 0.000000000000000000e+00 0.000000000000000000e+00 1.000000000000000000e+00
0.000000000000000000e+00 3.000000000000000000e+01 2.829999999999999627e+00 0.000000000000000000e+00 -9.227067051590527591e-02 3.300737981255078557e-01 -7.099208936698528372e-02 3.148338653583826474e-01 8.718728547516541028e-03 0.000000000000000000e+00 0.000000000000000000e+00 7.690000000000000000e+02 0.000000000000000000e+00 0.000000000000000000e+00 1.000000000000000000e+00
0.000000000000000000e+00 3.000000000000000000e+01 2.839999999999999858e+00 0.000000000000000000e+00 -8.040068603051468699e-02 3.379550060900322617e-01 -6.388178511623121558e-02 3.178715357553915655e-01 8.821226750268480743e-03 0.000000000000000000e+00 0.000000000000000000e+00 7.690000000000000000e+02 0.000000000000000000e+00 0.000000000000000000e+00 1.000000000000000000e+00
0.000000000000000000e+00 3.000000000000000000e+01 2.849999999999999645e+00 0.000000000000000000e+00 -6.855995474883792851e-02 3.454273746805551770e-01 -5.718348935998213145e-02 3.205932537447501729e-01 8.890906961621619642e-03 0.000000000000000000e+00 0.000000000000000000e+00 7.690000000000000000e+02 0.000000000000000000e+00 0.000000000000000000e+00 1.000000000000000000e+00
0.000000000000000000e+00 3.000000000000000000e+01 2.859999999999999876e+00 0.000000000000000000e+00 -5.674394265280767458e-02 3.525023501825070849e-01 -5.087743413511400248e-02 3.230311722909932071e-01 8.929605849941589513e-03 0.000000000000000000e+00 0.000000000000000000e+00 7.690000000000000000e+02 0.000000000000000000e+00 0.000000000000000000e+00 1.000000000000000000e+00
0.000000000000000000e+00 3.000000000000000000e+01 2.869999999999999662e+00 0.000000000000000000e+00 -4.494812518975484228e-02 3.591907701486692361e-01 -4.494500905598840246e-02 3.252140916992457553e-01 8.939143855546206885e-03 0.000000000000000000e+00 0.000000000000000000e+00 7.690000000000000000e+02 0.000000000000000000e+00 0.000000000000000000e+00 1.000000000000000000e+00
0.000000000000000000e+00 3.000000000000000000e+01 2.879999999999999893e+00 0.000000000000000000e+00 -3.316798553987988785e-02 3.655028800003004563e-01 -3.936870639161398067e-02 3.271677998470874926e-01 8.921311588943790782e-03 0.000000000000000000e+00 0.000000000000000000e+00 7.690000000000000000e+02 0.000000000000000000e+00 0.000000000000000000e+00 1.000000000000000000e+00
0.000000000000000000e+00 3.000000000000000000e+01 2.889999999999999680e+00 0.000000000000000000e+00 -2.139901288668540069e-02 3.714483487212248414e-01 -3.413206939695449804e-02 3.289153768291627755e-01 8.877860246289837054e-03 0.000000000000000000e+00 0.000000000000000000e+00 7.690000000000000000e+02 0.000000000000000000e+00 0.000000000000000000e+00 1.000000000000000000e+00
0.000000000000000000e+00 3.000000000000000000e+01 2.899999999999999911e+00 0.000000000000000000e+00 -9.636700689707608514e-03 3.770362836689242214e-01 -2.921964374589895719e-02 3.304774676134467071e-01 8.810495099099056870e-03 0.000000000000000000e+00 0.000000000000000000e+00 7.690000000000000000e+02 0.000000000000000000e+00 0.000000000000000000e+00 1.000000000000000000e+00
0.000000000000000000e+00 3.000000000000000000e+01 2.909999999999999698e+00 0.000000000000000000e+00 2.123455041114954110e-03 3.822752445253260745e-01 -2.461693192256364515e-02 3.318725259301872343e-01 8.720871333370752709e-03 0.000000000000000000e+00 0.000000000000000000e+00 7.690000000000000000e+02 0.000000000000000000e+00 0.000000000000000000e+00 1.000000000000000000e+00
0.000000000000000000e+00 3.000000000000000000e+01 2.919999999999999929e+00 0.000000000000000000e+00 1.388595747009600812e-02 3.871732564086496908e-01 -2.031035043632561932e-02 3.331170322747034063e-01 8.610591679056985026e-03 0.000000000000000000e+00 0.000000000000000000e+00 7.690000000000000000e+02 0.000000000000000000e+00 0.000000000000000000e+00 1.000000000000000000e+00
0.000000000000000000e+00 3.000000000000000000e+01 2.929999999999999716e+00 0.000000000000000000e+00 2.565531066014005435e-02 3.917378221664032378e-01 -1.628718973432115302e-02 3.342256885994073778e-01 8.481205397270312474e-03 0.000000000000000000e+00 0.000000000000000000e+00 7.690000000000000000e+02 0.000000000000000000e+00 0.000000000000000000e+00 1.000000000000000000e+00
0.000000000000000000e+00 3.000000000000000000e+01 2.939999999999999947e+00 0.000000000000000000e+00 3.743602129742489015e-02 3.959759338683556673e-01 -1.253557669310312317e-02 3.352115919950444112e-01 8.334208289455267982e-03 0.000000000000000000e+00 0.000000000000000000e+00 7.690000000000000000e+02 0.000000000000000000e+00 0.000000000000000000e+00 1.000000000000000000e+00
0.000000000000000000e+00 3.000000000000000000e+01 2.949999999999999734e+00 0.000000000000000000e+00 4.923260041708878154e-02 3.998940835170943231e-01 -9.044439578762844545e-03 3.360863894129295648e-01 8.171043467124126936e-03 0.000000000000000000e+00 0.000000000000000000e+00 7.690000000000000000e+02 0.000000000000000000e+00 0.000000000000000000e+00 1.000000000000000000e+00
0.000000000000000000e+00 3.000000000000000000e+01 2.959999999999999964e+00 0.000000000000000000e+00 6.104956513058255874e-02 4.034982729925715716e-01 -5.803475372107180785e-03 3.368604152559884768e-01 7.993102678045940768e-03 0.000000000000000000e+00 0.000000000000000000e+00 7.690000000000000000e+02 0.000000000000000000e+00 0.000000000000000000e+00 1.000000000000000000e+00
0.000000000000000000e+00 3.000000000000000000e+01 2.969999999999999751e+00 0.000000000000000000e+00 7.289144035534890487e-02 4.067940232458724936e-01 -2.803119362461262143e-03 3.375428134640338085e-01 7.801728029006679832e-03 0.000000000000000000e+00 0.000000000000000000e+00 7.690000000000000000e+02 0.000000000000000000e+00 0.000000000000000000e+00 1.000000000000000000e+00
0.000000000000000000e+00 3.000000000000000000e+01 2.979999999999999982e+00 0.000000000000000000e+00 8.476276054749028177e-02 4.097863827562912564e-01 -3.451692036164633048e-05 3.381416455355262252e-01 7.598213979455967215e-03 0.000000000000000000e+00 0.000000000000000000e+00 7.690000000000000000e+02 0.000000000000000000e+00 0.000000000000000000e+00 1.000000000000000000e+00
0.000000000000000000e+00 3.000000000000000000e+01 2.989999999999999769e+00 0.000000000000000000e+00 9.666807143808965608e-02 4.124799352646655870e-01 2.510502634163483404e-03 3.386639857619362926e-01 7.383809506812145929e-03 0.000000000000000000e+00 0.000000000000000000e+00 7.690000000000000000e+02 0.000000000000000000e+00 0.000000000000000000e+00 1.000000000000000000e+00
0.000000000000000000e+00 3.000000000000000000e+01 3.000000000000000000e+00 0.000000000000000000e+00 1.086119317738484941e-01 4.148788067948203651e-01 4.839450144847323720e-03 3.391160047997540117e-01 7.159720364655237923e-03 0.000000000000000000e+00 0.000000000000000000e+00 7.690000000000000000e+02 0.000000000000000000e+00 0.000000000000000000e+00 1.000000000000000000e+00
0.000000000000000000e+00 3.000000000000000000e+01 3.009999999999999787e+00 0.000000000000000000e+00 1.205989150627087420e-01 4.169866719738717364e-01 6.959198785133458021e-03 3.395030425674240848e-01 6.927111370821269209e-03 0.000000000000000000e+00 0.000000000000000000e+00 7.690000000000000000e+02 0.000000000000000000e+00 0.000000000000000000e+00 1.000000000000000000e+00
0.000000000000000000e+00 3.000000000000000000e+01 3.020000000000000018e+00 0.000000000000000000e+00 1.326336113251267435e-01 4.188067596610757226e-01 8.876004342236759603e-03 3.398296713283717185e-01 6.687108674537645125e-03 0.000000000000000000e+00 0.000000000000000000e+00 7.690000000000000000e+02 0.000000000000000000e+00 0.000000000000000000e+00 1.000000000000000000e+00
0.000000000000000000e+00 3.000000000000000000e+01 3.029999999999999805e+00 0.000000000000000000e+00 1.447206288516709183e-01 4.203418578938422634e-01 1.059552367917852844e-02 3.400997497053523944e-01 6.440801960986307362e-03 0.000000000000000000e+00 0.000000000000000000e+00 7.690000000000000000e+02 0.000000000000000000e+00 0.000000000000000000e+00 1.000000000000000000e+00
0.000000000000000000e+00 3.000000000000000000e+01 3.040000000000000036e+00 0.000000000000000000e+00 1.568645959676142065e-01 4.215943181584945743e-01 1.212283142928052837e-02 3.403164682642187966e-01 6.189246558653715979e-03 0.000000000000000000e+00 0.000000000000000000e+00 7.690000000000000000e+02 0.000000000000000000e+00 0.000000000000000000e+00 1.000000000000000000e+00
0.000000000000000000e+00 3.000000000000000000e+01 3.049999999999999822e+00 0.000000000000000000e+00 1.690701628051994865e-01 4.225660589923078136e-01 1.346243497238710368e-02 3.404823872056099709e-01 5.933465419986839323e-03 0.000000000000000000e+00 0.000000000000000000e+00 7.690000000000000000e+02 0.000000000000000000e+00 0.000000000000000000e+00 1.000000000000000000e+00
0.000000000000000000e+00 3.000000000000000000e+01 3.060000000000000053e+00 0.000000000000000000e+00 1.813420030842542441e-01 4.232585689223551939e-01 1.461828773701272233e-02 3.405994666098355328e-01 5.674450949589019549e-03 0.000000000000000000e+00 0.000000000000000000e+00 7.690000000000000000e+02 0.000000000000000000e+00 0.000000000000000000e+00 1.000000000000000000e+00
0.000000000000000000e+00 3.000000000000000000e+01 3.069999999999999840e+00 0.000000000000000000e+00 1.936848159018373372e-01 4.236729087456551635e-01 1.559380086767227919e-02 3.406690895922462881e-01 5.413166656738556404e-03 0.000000000000000000e+00 0.000000000000000000e+00 7.690000000000000000e+02 0.000000000000000000e+00 0.000000000000000000e+00 1.000000000000000000e+00
0.000000000000000000e+00 3.000000000000000000e+01 3.080000000000000071e+00 0.000000000000000000e+00 2.061033275316039304e-01 4.238097131541165297e-01 1.639185329182667183e-02 3.406920786426424486e-01 5.150548610626526358e-03 0.000000000000000000e+00 0.000000000000000000e+00 7.690000000000000000e+02 0.000000000000000000e+00 0.000000000000000000e+00 1.000000000000000000e+00
0.000000000000000000e+00 3.000000000000000000e+01 3.089999999999999858e+00 0.000000000000000000e+00 2.186022932335763280e-01 4.236691917067684221e-01 1.701480021615323079e-02 3.406687053417399302e-01 4.887506677564854712e-03 0.000000000000000000e+00 0.000000000000000000e+00 7.690000000000000000e+02 0.000000000000000000e+00 0.000000000000000000e+00 1.000000000000000000e+00
0.000000000000000000e+00 3.000000000000000000e+01 3.099999999999999645e+00 0.000000000000000000e+00 2.311864990750137627e-01 4.232511291507660145e-01 1.746448007721500273e-02 3.405986935694862994e-01 4.624925519660570000e-03 0.000000000000000000e+00 0.000000000000000000e+00 7.690000000000000000e+02 0.000000000000000000e+00 0.000000000000000000e+00 1.000000000000000000e+00
0.000000000000000000e+00 3.000000000000000000e+01 3.109999999999999876e+00 0.000000000000000000e+00 2.438607637630795244e-01 4.225548850916633903e-01 1.774221996704175575e-02 3.404812162431201661e-01 4.363665334216455804e-03 0.000000000000000000e+00 0.000000000000000000e+00 7.690000000000000000e+02 0.000000000000000000e+00 0.000000000000000000e+00 1.000000000000000000e+00
0.000000000000000000e+00 3.000000000000000000e+01 3.119999999999999662e+00 0.000000000000000000e+00 2.566299404900061476e-01 4.215793930124480671e-01 1.784883954963458613e-02 3.403148855464448452e-01 4.104562312507810395e-03 0.000000000000000000e+00 0.000000000000000000e+00 7.690000000000000000e+02 0.000000000000000000e+00 0.000000000000000000e+00 1.000000000000000000e+00
0.000000000000000000e+00 3.000000000000000000e+01 3.129999999999999893e+00 0.000000000000000000e+00 2.694989187914655360e-01 4.203231586398322173e-01 1.778465347995256823e-02 3.400977365348880066e-01 3.848428795711872352e-03 0.000000000000000000e+00 0.000000000000000000e+00 7.690000000000000000e+02 0.000000000000000000e+00 0.000000000000000000e+00 1.000000000000000000e+00
0.000000000000000000e+00 3.000000000000000000e+01 3.139999999999999680e+00 0.000000000000000000e+00 2.824726264188555103e-01 4.187842576553064133e-01 1.754947233252021621e-02 3.398272039226649111e-01 3.596053104732870043e-03 0.000000000000000000e+00 0.000000000000000000e+00 7.690000000000000000e+02 0.000000000000000000e+00 0.000000000000000000e+00 1.000000000000000000e+00
0.000000000000000000e+00 3.000000000000000000e+01 3.149999999999999911e+00 0.000000000000000000e+00 2.955560312262200950e-01 4.169603327474362131e-01 1.714260204239638485e-02 3.395000917778238092e-01 3.348199019587255049e-03 0.000000000000000000e+00 0.000000000000000000e+00 7.690000000000000000e+02 0.000000000000000000e+00 0.000000000000000000e+00 1.000000000000000000e+00
0.000000000000000000e+00 3.000000000000000000e+01 3.159999999999999698e+00 0.000000000000000000e+00 3.087541430725252445e-01 4.148485900008995753e-01 1.656284185685466537e-02 3.391125357671627150e-01 3.105604883024547236e-03 0.000000000000000000e+00 0.000000000000000000e+00 7.690000000000000000e+02 0.000000000000000000e+00 0.000000000000000000e+00 1.000000000000000000e+00
0.000000000000000000e+00 3.000000000000000000e+01 3.169999999999999929e+00 0.000000000000000000e+00 3.220720157400199235e-01 4.124457946167245925e-01 1.580848079173047260e-02 3.386599575050022737e-01 2.868982302310214144e-03 0.000000000000000000e+00 0.000000000000000000e+00 7.690000000000000000e+02 0.000000000000000000e+00 0.000000000000000000e+00 1.000000000000000000e+00
0.000000000000000000e+00 3.000000000000000000e+01 3.179999999999999716e+00 0.000000000000000000e+00 3.355147488694147917e-01 4.097482659571775043e-01 1.487729258197666160e-02 3.381370104665119003e-01 2.639014422781936486e-03 0.000000000000000000e+00 0.000000000000000000e+00 7.690000000000000000e+02 0.000000000000000000e+00 0.000000000000000000e+00 1.000000000000000000e+00
0.000000000000000000e+00 3.000000000000000000e+01 3.189999999999999947e+00 0.000000000000000000e+00 3.490874899126224506e-01 4.067518719077056200e-01 1.376652911152581593e-02 3.375375168266380177e-01 2.416353747143055314e-03 0.000000000000000000e+00 0.000000000000000000e+00 7.690000000000000000e+02 0.000000000000000000e+00 0.000000000000000000e+00 1.000000000000000000e+00
0.000000000000000000e+00 3.000000000000000000e+01 3.199999999999999734e+00 0.000000000000000000e+00 3.627954361038039921e-01 4.034520225473044452e-01 1.247291230306955823e-02 3.368543944784845312e-01 2.201619475771044235e-03 0.000000000000000000e+00 0.000000000000000000e+00 7.690000000000000000e+02 0.000000000000000000e+00 0.000000000000000000e+00 1.000000000000000000e+00
0.000000000000000000e+00 3.000000000000000000e+01 3.209999999999999964e+00 0.000000000000000000e+00 3.766438364494791302e-01 3.998436631176066069e-01 1.099262444381990389e-02 3.360795733689751486e-01 1.995394345960868621e-03 0.000000000000000000e+00 0.000000000000000000e+00 7.690000000000000000e+02 0.000000000000000000e+00 0.000000000000000000e+00 1.000000000000000000e+00
0.000000000000000000e+00 3.000000000000000000e+01 3.219999999999999751e+00 0.000000000000000000e+00 3.906379937384601431e-01 3.959212662799286853e-01 9.321296918702259848e-03 3.352039001634317117e-01 1.798220952451653684e-03 0.000000000000000000e+00 0.000000000000000000e+00 7.690000000000000000e+02 0.000000000000000000e+00 0.000000000000000000e+00 1.000000000000000000e+00
0.000000000000000000e+00 3.000000000000000000e+01 3.229999999999999982e+00 0.000000000000000000e+00 4.047832665723800072e-01 3.916788236484118890e-01 7.453997317729527117e-03 3.342170301128276066e-01 1.610597538362585485e-03 0.000000000000000000e+00 0.000000000000000000e+00 7.690000000000000000e+02 0.000000000000000000e+00 0.000000000000000000e+00 1.000000000000000000e+00
0.000000000000000000e+00 3.000000000000000000e+01 3.239999999999999769e+00 0.000000000000000000e+00 4.190850714175926583e-01 3.871098365862857826e-01 5.385214879508493091e-03 3.331073048462874220e-01 1.432973255485619352e-03 0.000000000000000000e+00 0.000000000000000000e+00 7.690000000000000000e+02 0.000000000000000000e+00 0.000000000000000000e+00 1.000000000000000000e+00
0.000000000000000000e+00 3.000000000000000000e+01 3.250000000000000000e+00 0.000000000000000000e+00 4.335488846792306949e-01 3.822073062511612829e-01 3.108844227919821401e-03 3.318616146451413562e-01 1.265742906587112929e-03 0.000000000000000000e+00 0.000000000000000000e+00 7.690000000000000000e+02 0.000000000000000000e+00 0.000000000000000000e+00 1.000000000000000000e+00
0.000000000000000000e+00 3.000000000000000000e+01 3.259999999999999787e+00 0.000000000000000000e+00 4.481802447982133342e-01 3.769637228740993495e-01 6.181673539750881519e-04 3.304652435715091929e-01 1.109241200957278989e-03 0.000000000000000000e+00 0.000000000000000000e+00 7.690000000000000000e+02 0.000000000000000000e+00 0.000000000000000000e+00 1.000000000000000000e+00
0.000000000000000000e+00 3.000000000000000000e+01 3.270000000000000018e+00 0.000000000000000000e+00 4.629847543720112535e-01 3.713710542560338945e-01 -2.094166210323780697e-03 3.289016956218431820e-01 9.637365790838136465e-04 0.000000000000000000e+00 0.000000000000000000e+00 7.690000000000000000e+02 0.000000000000000000e+00 0.000000000000000000e+00 1.000000000000000000e+00
0.000000000000000000e+00 3.000000000000000000e+01 3.279999999999999805e+00 0.000000000000000000e+00 4.779680822999756162e-01 3.654207334639313909e-01 -5.036161084633894447e-03 3.271524998516990301e-01 8.294246943387597118e-04 0.000000000000000000e+00 0.000000000000000000e+00 7.690000000000000000e+02 0.000000000000000000e+00 0.000000000000000000e+00 1.000000000000000000e+00
0.000000000000000000e+00 3.000000000000000000e+01 3.290000000000000036e+00 0.000000000000000000e+00 4.931359659540575091e-01 3.591036457078348176e-01 -8.216499663448270652e-03 3.251969921695791466e-01 7.064216803921745044e-04 0.000000000000000000e+00 0.000000000000000000e+00 7.690000000000000000e+02 0.000000000000000000e+00 0.000000000000000000e+00 1.000000000000000000e+00
0.000000000000000000e+00 3.000000000000000000e+01 3.299999999999999822e+00 0.000000000000000000e+00 5.084942133757446303e-01 3.524101143786916301e-01 -1.164456773951717816e-02 3.230120712220749257e-01 5.947573841677336604e-04 0.000000000000000000e+00 0.000000000000000000e+00 7.690000000000000000e+02 0.000000000000000000e+00 0.000000000000000000e+00 1.000000000000000000e+00
0.000000000000000000e+00 3.000000000000000000e+01 3.310000000000000053e+00 0.000000000000000000e+00 5.240487055000592198e-01 3.453298862255820834e-01 -1.533048220313339149e-02 3.205719254864597967e-01 4.943688068484363915e-04 0.000000000000000000e+00 0.000000000000000000e+00 7.690000000000000000e+02 0.000000000000000000e+00 0.000000000000000000e+00 1.000000000000000000e+00
0.000000000000000000e+00 3.000000000000000000e+01 3.319999999999999840e+00 0.000000000000000000e+00 5.398053984074699940e-01 3.378521156496345212e-01 -1.928512089902745252e-02 3.178477283467490144e-01 4.050940706016459975e-04 0.000000000000000000e+00 0.000000000000000000e+00 7.690000000000000000e+02 0.000000000000000000e+00 0.000000000000000000e+00 1.000000000000000000e+00
0.000000000000000000e+00 3.000000000000000000e+01 3.330000000000000071e+00 0.000000000000000000e+00 5.557703256045756213e-01 3.299653480905778147e-01 -2.352015472898603965e-02 3.148072975510114446e-01 3.266673162824408790e-04 0.000000000000000000e+00 0.000000000000000000e+00 7.690000000000000000e+02 0.000000000000000000e+00 0.000000000000000000e+00 1.000000000000000000e+00
0.000000000000000000e+00 3.000000000000000000e+01 3.339999999999999858e+00 0.000000000000000000e+00 5.719496003344379798e-01 3.216575024804732563e-01 -2.804808209493507565e-02 3.114147150269377384e-01 2.587150357031219559e-04 0.000000000000000000e+00 0.000000000000000000e+00 7.690000000000000000e+02 0.000000000000000000e+00 0.000000000000000000e+00 1.000000000000000000e+00
0.000000000000000000e+00 3.000000000000000000e+01 3.349999999999999645e+00 0.000000000000000000e+00 5.883494179174464378e-01 3.129158527377567389e-01 -3.288226578413505630e-02 3.076299025643661755e-01 2.007544466890625115e-04 0.000000000000000000e+00 0.000000000000000000e+00 7.690000000000000000e+02 0.000000000000000000e+00 0.000000000000000000e+00 1.000000000000000000e+00
0.000000000000000000e+00 3.000000000000000000e+01 3.359999999999999876e+00 0.000000000000000000e+00 6.049760581236129919e-01 3.037270082732365095e-01 -3.803697240534446855e-02 3.034081483520961742e-01 1.521946213434038388e-04 0.000000000000000000e+00 0.000000000000000000e+00 7.690000000000000000e+02 0.000000000000000000e+00 0.000000000000000000e+00 1.000000000000000000e+00
0.000000000000000000e+00 3.000000000000000000e+01 3.369999999999999662e+00 0.000000000000000000e+00 6.218358875772020955e-01 2.940768934781898825e-01 -4.352741449233488158e-02 2.986995787757436571e-01 1.123411625890769275e-04 0.000000000000000000e+00 0.000000000000000000e+00 7.690000000000000000e+02 0.000000000000000000e+00 0.000000000000000000e+00 1.000000000000000000e+00
0.000000000000000000e+00 3.000000000000000000e+01 3.379999999999999893e+00 0.000000000000000000e+00 6.389353621946209927e-01 2.839507261631358803e-01 -4.936979539901303893e-02 2.934485692367310716e-01 8.040526702402786205e-05 0.000000000000000000e+00 0.000000000000000000e+00 7.690000000000000000e+02 0.000000000000000000e+00 0.000000000000000000e+00 1.000000000000000000e+00
0.000000000000000000e+00 3.000000000000000000e+01 3.389999999999999680e+00 0.000000000000000000e+00 6.562810296564994816e-01 2.733329949142576099e-01 -5.558135711864456430e-02 2.875930870321328214e-01 5.551797746934465910e-05 0.000000000000000000e+00 0.000000000000000000e+00 7.690000000000000000e+02 0.000000000000000000e+00 0.000000000000000000e+00 1.000000000000000000e+00
0.000000000000000000e+00 3.000000000000000000e+01 3.399999999999999911e+00 0.000000000000000000e+00 6.738795319149085694e-01 2.622074353327875640e-01 -6.218043116830265782e-02 2.810639585324998801e-01 3.675026632470978875e-05 0.000000000000000000e+00 0.000000000000000000e+00 7.690000000000000000e+02 0.000000000000000000e+00 0.000000000000000000e+00 1.000000000000000000e+00
0.000000000000000000e+00 3.000000000000000000e+01 3.409999999999999698e+00 0.000000000000000000e+00 6.917376077366773623e-01 2.505570051209594640e-01 -6.918649268871171487e-02 2.737840520004831135e-01 2.313923721500158511e-05 0.000000000000000000e+00 0.000000000000000000e+00 7.690000000000000000e+02 0.000000000000000000e+00 0.000000000000000000e+00 1.000000000000000000e+00
0.000000000000000000e+00 3.000000000000000000e+01 3.419999999999999929e+00 0.000000000000000000e+00 7.098620952837821907e-01 2.383638579763631693e-01 -7.662021791914522262e-02 2.656673663964971288e-01 1.372011627477799775e-05 0.000000000000000000e+00 0.000000000000000000e+00 7.690000000000000000e+02 0.000000000000000000e+00 0.000000000000000000e+00 1.000000000000000000e+00
0.000000000000000000e+00 3.000000000000000000e+01 3.429999999999999716e+00 0.000000000000000000e+00 7.282599347317950667e-01 2.256093162547127273e-01 -8.450354521699704469e-02 2.566180154070487607e-01 7.562765923854850199e-06 0.000000000000000000e+00 0.000000000000000000e+00 7.690000000000000000e+02 0.000000000000000000e+00 0.000000000000000000e+00 1.000000000000000000e+00
0.000000000000000000e+00 3.000000000000000000e+01 3.439999999999999947e+00 0.000000000000000000e+00 7.469381709273954506e-01 2.122738423591529200e-01 -9.285973980210668333e-02 2.465290946935670413e-01 3.810184456970062690e-06 0.000000000000000000e+00 0.000000000000000000e+00 7.690000000000000000e+02 0.000000000000000000e+00 0.000000000000000000e+00 1.000000000000000000e+00
0.000000000000000000e+00 3.000000000000000000e+01 3.449999999999999734e+00 0.000000000000000000e+00 7.659039560859626228e-01 1.983370088122776709e-01 -1.017134624169117596e-01 2.352814189799994349e-01 1.714966936705133766e-06 0.000000000000000000e+00 0.000000000000000000e+00 7.690000000000000000e+02 0.000000000000000000e+00 0.000000000000000000e+00 1.000000000000000000e+00
0.000000000000000000e+00 3.000000000000000000e+01 3.459999999999999964e+00 0.000000000000000000e+00 7.851645525302808348e-01 1.837774669650158177e-01 -1.110908421050571249e-01 2.227421140597842797e-01 6.683312553299688871e-07 0.000000000000000000e+00 0.000000000000000000e+00 7.690000000000000000e+02 0.000000000000000000e+00 0.000000000000000000e+00 1.000000000000000000e+00
0.000000000000000000e+00 3.000000000000000000e+01 3.469999999999999751e+00 0.000000000000000000e+00 8.047273354714062910e-01 1.685729142944533132e-01 -1.210195533232436005e-01 2.087630470888977852e-01 2.157104894047129156e-07 0.000000000000000000e+00 0.000000000000000000e+00 7.690000000000000000e+02 0.000000000000000000e+00 0.000000000000000000e+00 1.000000000000000000e+00
0.000000000000000000e+00 3.000000000000000000e+01 3.479999999999999982e+00 0.000000000000000000e+00 8.245997958327615507e-01 1.527000602404959273e-01 -1.315288976138894450e-01 1.931790766212730381e-01 5.402983747450293936e-08 0.000000000000000000e+00 0.000000000000000000e+00 7.690000000000000000e+02 0.000000000000000000e+00 0.000000000000000000e+00 1.000000000000000000e+00
0.000000000000000000e+00 3.000000000000000000e+01 3.489999999999999769e+00 0.000000000000000000e+00 8.447895431185382664e-01 1.361345905290430869e-01 -1.426498900796350222e-01 1.758061017134174009e-01 9.507850790234802253e-09 0.000000000000000000e+00 0.000000000000000000e+00 7.690000000000000000e+02 0.000000000000000000e+00 0.000000000000000000e+00 1.000000000000000000e+00
0.000000000000000000e+00 3.000000000000000000e+01 3.500000000000000000e+00 0.000000000000000000e+00 8.653043083275052672e-01 1.188511299270207378e-01 -1.544153509148949166e-01 1.564388870513616359e-01 1.001454281396629665e-09 0.000000000000000000e+00 0.000000000000000000e+00 7.690000000000000000e+02 0.000000000000000000e+00 0.000000000000000000e+00 1.000000000000000000e+00
0.000000000000000000e+00 3.000000000000000000e+01 3.509999999999999787e+00 0.000000000000000000e+00 8.861519469133412041e-01 1.008232033722216564e-01 -1.668600022645837511e-01 1.348486384071188871e-01 4.790141544990685037e-11 0.000000000000000000e+00 0.000000000000000000e+00 7.690000000000000000e+02 0.000000000000000000e+00 0.000000000000000000e+00 1.000000000000000000e+00
0.000000000000000000e+00 3.000000000000000000e+01 3.520000000000000018e+00 0.000000000000000000e+00 9.073404417926209664e-01 8.202319541841117390e-02 -1.800205706958651064e-01 1.107802997823541524e-01 6.179902673786688691e-13 0.000000000000000000e+00 0.000000000000000000e+00 7.690000000000000000e+02 0.000000000000000000e+00 0.000000000000000000e+00 1.000000000000000000e+00
0.000000000000000000e+00 3.000000000000000000e+01 3.529999999999999805e+00 0.000000000000000000e+00 9.288779064016102760e-01 6.242230793357538693e-02 -1.939358955853369426e-01 8.394954030912038512e-02 7.039333834475191391e-16 0.000000000000000000e+00 0.000000000000000000e+00 7.690000000000000000e+02 0.000000000000000000e+00 0.000000000000000000e+00 1.000000000000000000e+00
0.000000000000000000e+00 3.000000000000000000e+01 3.540000000000000036e+00 0.000000000000000000e+00 9.507725878030403033e-01 4.199051598651415418e-02 -2.086470437415257895e-01 5.403939531247112238e-02 3.841340714941561774e-21 0.000000000000000000e+00 0.000000000000000000e+00 7.690000000000000000e+02 0.000000000000000000e+00 0.000000000000000000e+00 1.000000000000000000e+00
0.000000000000000000e+00 3.000000000000000000e+01 3.549999999999999822e+00 0.000000000000000000e+00 9.730328698440473545e-01 2.069652185420428961e-02 -2.241974306009616169e-01 2.069652185420428961e-02 2.023265838376439280e-33 1.000000000000000000e+00 1.000000000000000000e+00 7.690000000000000000e+02 0.000000000000000000e+00 0.000000000000000000e+00 1.000000000000000000e+00
0.000000000000000000e+00 3.000000000000000000e+01 3.560000000000000053e+00 0.000000000000000000e+00 9.628359837876582228e-01 4.197284310110291350e-02 -2.088464129351143839e-01 5.403911775932181139e-02 2.350217229533145058e-21 0.000000000000000000e+00 0.000000000000000000e+00 7.690000000000000000e+02 0.000000000000000000e+00 0.000000000000000000e+00 1.000000000000000000e+00
0.000000000000000000e+00 3.000000000000000000e+01 3.569999999999999840e+00 0.000000000000000000e+00 9.530093176510276987e-01 6.237454851484661167e-02 -1.943352223494701214e-01 8.394872699974741115e-02 3.447136144543947820e-16 0.000000000000000000e+00 0.000000000000000000e+00 7.690000000000000000e+02 0.000000000000000000e+00 0.000000000000000000e+00 1.000000000000000000e+00
0.000000000000000000e+00 3.000000000000000000e+01 3.580000000000000071e+00 0.000000000000000000e+00 9.435491086360021651e-01 8.193288973145892995e-02 -1.806210335208685847e-01 1.107786861845370535e-01 2.643792459091626312e-13 0.000000000000000000e+00 0.000000000000000000e+00 7.690000000000000000e+02 0.000000000000000000e+00 0.000000000000000000e+00 1.000000000000000000e+00
0.000000000000000000e+00 3.000000000000000000e+01 3.589999999999999858e+00 0.000000000000000000e+00 9.344517342671133653e-01 1.006778265091331365e-01 -1.676633732321055059e-01 1.348459505344446197e-01 1.861784486085674325e-11 0.000000000000000000e+00 0.000000000000000000e+00 7.690000000000000000e+02 0.000000000000000000e+00 0.000000000000000000e+00 1.000000000000000000e+00
0.000000000000000000e+00 3.000000000000000000e+01 3.599999999999999645e+00 0.000000000000000000e+00 9.257137110044708628e-01 1.186380726210357339e-01 -1.554240009276598999e-01 1.564348382264911519e-01 3.610493299493627146e-10 0.000000000000000000e+00 0.000000000000000000e+00 7.690000000000000000e+02 0.000000000000000000e+00 0.000000000000000000e+00 1.000000000000000000e+00
0.000000000000000000e+00 3.000000000000000000e+01 3.609999999999999876e+00 0.000000000000000000e+00 9.173316929098549455e-01 1.358411398394916425e-01 -1.438667958584365913e-01 1.758003891814285957e-01 3.218674098421396189e-09 0.000000000000000000e+00 0.000000000000000000e+00 7.690000000000000000e+02 0.000000000000000000e+00 0.000000000000000000e+00 1.000000000000000000e+00
0.000000000000000000e+00 3.000000000000000000e+01 3.619999999999999662e+00 0.000000000000000000e+00 9.093024703655000485e-01 1.523133800789264469e-01 -1.329576504824666605e-01 1.931713779730707403e-01 1.730728585301351495e-08 0.000000000000000000e+00 0.000000000000000000e+00 7.690000000000000000e+02 0.000000000000000000e+00 0.000000000000000000e+00 1.000000000000000000e+00
0.000000000000000000e+00 3.000000000000000000e+01 3.629999999999999893e+00 0.000000000000000000e+00 9.016229688450773105e-01 1.680800257621213600e-01 -1.226643698069705968e-01 2.087530164524400156e-01 6.571586299165302992e-08 0.000000000000000000e+00 0.000000000000000000e+00 7.690000000000000000e+02 0.000000000000000000e+00 0.000000000000000000e+00 1.000000000000000000e+00
0.000000000000000000e+00 3.000000000000000000e+01 3.639999999999999680e+00 0.000000000000000000e+00 8.942902477364048641e-01 1.831652284716135948e-01 -1.129565763747228113e-01 2.227293780141295643e-01 1.943074208423143474e-07 0.000000000000000000e+00 0.000000000000000000e+00 7.690000000000000000e+02 0.000000000000000000e+00 0.000000000000000000e+00 1.000000000000000000e+00
0.000000000000000000e+00 3.000000000000000000e+01 3.649999999999999911e+00 0.000000000000000000e+00 8.873014992154395486e-01 1.975920959454506298e-01 -1.038056206143146976e-01 2.352655721439052272e-01 4.769596083670895323e-07 0.000000000000000000e+00 0.000000000000000000e+00 7.690000000000000000e+02 0.000000000000000000e+00 0.000000000000000000e+00 1.000000000000000000e+00
0.000000000000000000e+00 3.000000000000000000e+01 3.659999999999999698e+00 0.000000000000000000e+00 8.806540471711112872e-01 2.113827274739665807e-01 -9.518449628974148813e-02 2.465096949365262746e-01 1.015334833639130281e-06 0.000000000000000000e+00 0.000000000000000000e+00 7.690000000000000000e+02 0.000000000000000000e+00 0.000000000000000000e+00 1.000000000000000000e+00
0.000000000000000000e+00 3.000000000000000000e+01 3.669999999999999929e+00 0.000000000000000000e+00 8.743453461805947846e-01 2.245582477518046904e-01 -8.706776079978981175e-02 2.565945786261893402e-01 1.933130857294194645e-06 0.000000000000000000e+00 0.000000000000000000e+00 7.690000000000000000e+02 0.000000000000000000e+00 0.000000000000000000e+00 1.000000000000000000e+00
0.000000000000000000e+00 3.000000000000000000e+01 3.679999999999999716e+00 0.000000000000000000e+00 8.683729805346245278e-01 2.371388392370385456e-01 -7.943146009201215718e-02 2.656393607976412219e-01 3.366399595525723686e-06 0.000000000000000000e+00 0.000000000000000000e+00 7.690000000000000000e+02 0.000000000000000000e+00 0.000000000000000000e+00 1.000000000000000000e+00
0.000000000000000000e+00 3.000000000000000000e+01 3.689999999999999947e+00 0.000000000000000000e+00 8.627346633124775011e-01 2.491437730669620321e-01 -7.225305796969683225e-02 2.737508918158075288e-01 5.452106121201088520e-06 0.000000000000000000e+00 0.000000000000000000e+00 7.690000000000000000e+02 0.000000000000000000e+00 0.000000000000000000e+00 1.000000000000000000e+00
0.000000000000000000e+00 3.000000000000000000e+01 3.699999999999999734e+00 0.000000000000000000e+00 8.574282355062724514e-01 2.605914385779043441e-01 -6.551136958320333270e-02 2.810249971005778780e-01 8.316892713864927449e-06 0.000000000000000000e+00 0.000000000000000000e+00 7.690000000000000000e+02 0.000000000000000000e+00 0.000000000000000000e+00 1.000000000000000000e+00
0.000000000000000000e+00 3.000000000000000000e+01 3.709999999999999964e+00 0.000000000000000000e+00 8.524516651942498635e-01 2.714993714742885422e-01 -5.918649890938354474e-02 2.875476091586121052e-01 1.206743573809040352e-05 0.000000000000000000e+00 0.000000000000000000e+00 7.690000000000000000e+02 0.000000000000000000e+00 0.000000000000000000e+00 1.000000000000000000e+00
0.000000000000000000e+00 3.000000000000000000e+01 3.719999999999999751e+00 0.000000000000000000e+00 8.478030467627128974e-01 2.818842806900855313e-01 -5.325978003457917942e-02 2.933957827453983480e-01 1.678315300490082788e-05 0.000000000000000000e+00 0.000000000000000000e+00 7.690000000000000000e+02 0.000000000000000000e+00 0.000000000000000000e+00 1.000000000000000000e+00
0.000000000000000000e+00 3.000000000000000000e+01 3.729999999999999982e+00 0.000000000000000000e+00 8.434806001763367478e-01 2.917620739838069910e-01 -4.771372206790870651e-02 2.986386051501658256e-01 2.251149985361061224e-05 0.000000000000000000e+00 0.000000000000000000e+00 7.690000000000000000e+02 0.000000000000000000e+00 0.000000000000000000e+00 1.000000000000000000e+00
0.000000000000000000e+00 3.000000000000000000e+01 3.739999999999999769e+00 0.000000000000000000e+00 8.394826702965615395e-01 3.011478823062472276e-01 -4.253195752227412196e-02 3.033380123572833043e-01 2.926573395234383220e-05 0.000000000000000000e+00 0.000000000000000000e+00 7.690000000000000000e+02 0.000000000000000000e+00 0.000000000000000000e+00 1.000000000000000000e+00
0.000000000000000000e+00 3.000000000000000000e+01 3.750000000000000000e+00 0.000000000000000000e+00 8.358077262478128544e-01 3.100560829782981198e-01 -3.769919401074840748e-02 3.075495207258506225e-01 3.702482088059903982e-05 0.000000000000000000e+00 0.000000000000000000e+00 7.690000000000000000e+02 0.000000000000000000e+00 0.000000000000000000e+00 1.000000000000000000e+00
0.000000000000000000e+00 3.000000000000000000e+01 3.759999999999999787e+00 0.000000000000000000e+00 8.324543608313020870e-01 3.185003217143440035e-01 -3.320116911579137908e-02 3.113228828311691565e-01 4.573506027156799131e-05 0.000000000000000000e+00 0.000000000000000000e+00 7.690000000000000000e+02 0.000000000000000000e+00 0.000000000000000000e+00 1.000000000000000000e+00
0.000000000000000000e+00 3.000000000000000000e+01 3.770000000000000018e+00 0.000000000000000000e+00 8.294212899861871380e-01 3.264935335249694592e-01 -2.902460829810371568e-02 3.147026752158578744e-01 5.531299803944542820e-05 0.000000000000000000e+00 0.000000000000000000e+00 7.690000000000000000e+02 0.000000000000000000e+00 0.000000000000000000e+00 1.000000000000000000e+00
0.000000000000000000e+00 3.000000000000000000e+01 3.779999999999999805e+00 0.000000000000000000e+00 8.267073522978823918e-01 3.340479625310019962e-01 -2.515718572090032412e-02 3.177288249940067311e-01 6.564922243270363868e-05 0.000000000000000000e+00 0.000000000000000000e+00 7.690000000000000000e+02 0.000000000000000000e+00 0.000000000000000000e+00 1.000000000000000000e+00
0.000000000000000000e+00 3.000000000000000000e+01 3.790000000000000036e+00 0.000000000000000000e+00 8.243115085533345709e-01 3.411751807192372477e-01 -2.158748787398792612e-02 3.204370815293905439e-01 7.661269721506822235e-05 0.000000000000000000e+00 0.000000000000000000e+00 7.690000000000000000e+02 0.000000000000000000e+00 0.000000000000000000e+00 1.000000000000000000e+00
0.000000000000000000e+00 3.000000000000000000e+01 3.799999999999999822e+00 0.000000000000000000e+00 8.222328413430891603e-01 3.478861056685818576e-01 -1.830497989029439276e-02 3.228594387599100224e-01 8.805534884020831642e-05 0.000000000000000000e+00 0.000000000000000000e+00 7.690000000000000000e+02 0.000000000000000000e+00 0.000000000000000000e+00 1.000000000000000000e+00
0.000000000000000000e+00 3.000000000000000000e+01 3.810000000000000053e+00 0.000000000000000000e+00 8.204705547099991891e-01 3.541910172737618989e-01 -1.529997445544339918e-02 3.250245131573776813e-01 9.981668679135162134e-05 0.000000000000000000e+00 0.000000000000000000e+00 7.690000000000000000e+02 0.000000000000000000e+00 0.000000000000000000e+00 1.000000000000000000e+00
0.000000000000000000e+00 3.000000000000000000e+01 3.819999999999999840e+00 0.000000000000000000e+00 8.190239738444399231e-01 3.600995734922208258e-01 -1.256360321862076690e-02 3.269578817876724885e-01 1.117282923400050258e-04 0.000000000000000000e+00 0.000000000000000000e+00 7.690000000000000000e+02 0.000000000000000000e+00 0.000000000000000000e+00 1.000000000000000000e+00
0.000000000000000000e+00 3.000000000000000000e+01 3.830000000000000071e+00 0.000000000000000000e+00 8.178925448259127817e-01 3.656208251383202823e-01 -1.008779062036001262e-02 3.286823844649287563e-01 1.236180586934153974e-04 0.000000000000000000e+00 0.000000000000000000e+00 7.690000000000000000e+02 0.000000000000000000e+00 0.000000000000000000e+00 1.000000000000000000e+00
0.000000000000000000e+00 3.000000000000000000e+01 3.839999999999999858e+00 0.000000000000000000e+00 8.170758344109385618e-01 3.707632297475130234e-01 -7.865230060008401858e-03 3.302183935692532546e-01 1.353141044177564364e-04 0.000000000000000000e+00 0.000000000000000000e+00 7.690000000000000000e+02 0.000000000000000000e+00 0.000000000000000000e+00 1.000000000000000000e+00
0.000000000000000000e+00 3.000000000000000000e+01 3.849999999999999645e+00 0.000000000000000000e+00 8.165735298671624731e-01 3.755346645317220733e-01 -5.889362332538755629e-03 3.315840547154560447e-01 1.466483126686282754e-04 0.000000000000000000e+00 0.000000000000000000e+00 7.690000000000000000e+02 0.000000000000000000e+00 0.000000000000000000e+00 1.000000000000000000e+00
0.000000000000000000e+00 3.000000000000000000e+01 3.859999999999999876e+00 0.000000000000000000e+00 8.163854388536030404e-01 3.799424384457706916e-01 -4.154356271069817308e-03 3.327955011159320908e-01 1.574594721200043169e-04 0.000000000000000000e+00 0.000000000000000000e+00 7.690000000000000000e+02 0.000000000000000000e+00 0.000000000000000000e+00 1.000000000000000000e+00
0.000000000000000000e+00 3.000000000000000000e+01 3.869999999999999662e+00 0.000000000000000000e+00 8.165114893470016844e-01 3.839933033833487497e-01 -2.655091537967751991e-03 3.338670441700630764e-01 1.675960127042132233e-04 0.000000000000000000e+00 0.000000000000000000e+00 7.690000000000000000e+02 0.000000000000000000e+00 0.000000000000000000e+00 1.000000000000000000e+00
0.000000000000000000e+00 3.000000000000000000e+01 3.879999999999999893e+00 0.000000000000000000e+00 8.169517296142426721e-01 3.876934645196621343e-01 -1.387143513741903589e-03 3.348113425316672220e-01 1.769183414949658528e-04 0.000000000000000000e+00 0.000000000000000000e+00 7.690000000000000000e+02 0.000000000000000000e+00 0.000000000000000000e+00 1.000000000000000000e+00
0.000000000000000000e+00 3.000000000000000000e+01 3.889999999999999680e+00 0.000000000000000000e+00 8.177063282308377756e-01 3.910485898166151109e-01 -3.467702391390103944e-04 3.356395516517682864e-01 1.853007923157856847e-04 0.000000000000000000e+00 0.000000000000000000e+00 7.690000000000000000e+02 0.000000000000000000e+00 0.000000000000000000e+00 1.000000000000000000e+00
0.000000000000000000e+00 3.000000000000000000e+01 3.899999999999999911e+00 0.000000000000000000e+00 8.187755741454735281e-01 3.940638187050776731e-01 4.690986281005032899e-04 3.363614555633080982e-01 1.926332078327659680e-04 0.000000000000000000e+00 0.000000000000000000e+00 7.690000000000000000e+02 0.000000000000000000e+00 0.000000000000000000e+00 1.000000000000000000e+00
0.000000000000000000e+00 3.000000000000000000e+01 3.909999999999999698e+00 0.000000000000000000e+00 8.201598767906576049e-01 3.967437699575407928e-01 1.062870874414964528e-03 3.369855824646366127e-01 1.988221757409265600e-04 0.000000000000000000e+00 0.000000000000000000e+00 7.690000000000000000e+02 0.000000000000000000e+00 0.000000000000000000e+00 1.000000000000000000e+00
0.000000000000000000e+00 3.000000000000000000e+01 3.919999999999999929e+00 0.000000000000000000e+00 8.218597662394954151e-01 3.990925487632236979e-01 1.436298836263755208e-03 3.375193054672230297e-01 2.037919417880013594e-04 0.000000000000000000e+00 0.000000000000000000e+00 7.690000000000000000e+02 0.000000000000000000e+00 0.000000000000000000e+00 1.000000000000000000e+00
0.000000000000000000e+00 3.000000000000000000e+01 3.929999999999999716e+00 0.000000000000000000e+00 8.238758934086652941e-01 4.011137530164607390e-01 1.590484571610262243e-03 3.379689296977705926e-01 2.074850222846258418e-04 0.000000000000000000e+00 0.000000000000000000e+00 7.690000000000000000e+02 0.000000000000000000e+00 0.000000000000000000e+00 1.000000000000000000e+00
0.000000000000000000e+00 3.000000000000000000e+01 3.939999999999999947e+00 0.000000000000000000e+00 8.262090303076651265e-01 4.028104788280123527e-01 1.525883112307585554e-03 3.383397667837132472e-01 2.098625378115846589e-04 0.000000000000000000e+00 0.000000000000000000e+00 7.690000000000000000e+02 0.000000000000000000e+00 0.000000000000000000e+00 1.000000000000000000e+00
0.000000000000000000e+00 3.000000000000000000e+01 3.949999999999999734e+00 0.000000000000000000e+00 8.288600703344277676e-01 4.041853252677315989e-01 1.242303806985298187e-03 3.386361976020261233e-01 2.109042883507912004e-04 0.000000000000000000e+00 0.000000000000000000e+00 7.690000000000000000e+02 0.000000000000000000e+00 0.000000000000000000e+00 1.000000000000000000e+00
0.000000000000000000e+00 3.000000000000000000e+01 3.959999999999999964e+00 0.000000000000000000e+00 8.318300286174188374e-01 4.052403983458586212e-01 7.389097584005605013e-04 3.388617240326341484e-01 2.106085882704862924e-04 0.000000000000000000e+00 0.000000000000000000e+00 7.690000000000000000e+02 0.000000000000000000e+00 0.000000000000000000e+00 1.000000000000000000e+00
0.000000000000000000e+00 3.000000000000000000e+01 3.969999999999999751e+00 0.000000000000000000e+00 8.351200424043470072e-01 4.059773142390393774e-01 1.421535359275027943e-05 3.390190103278047928e-01 2.089918776649059805e-04 0.000000000000000000e+00 0.000000000000000000e+00 7.690000000000000000e+02 0.000000000000000000e+00 0.000000000000000000e+00 1.000000000000000000e+00
0.000000000000000000e+00 3.000000000000000000e+01 3.979999999999999982e+00 0.000000000000000000e+00 8.387313714976342149e-01 4.063972017660070768e-01 -9.339181204468527397e-04 3.391099145862431774e-01 2.060881246244150589e-04 0.000000000000000000e+00 0.000000000000000000e+00 7.690000000000000000e+02 0.000000000000000000e+00 0.000000000000000000e+00 1.000000000000000000e+00
0.000000000000000000e+00 3.000000000000000000e+01 3.989999999999999769e+00 0.000000000000000000e+00 8.426653987368171173e-01 4.065007041167259527e-01 -2.108288788529991131e-03 3.391355107037049565e-01 2.019480312033901034e-04 0.000000000000000000e+00 0.000000000000000000e+00 7.690000000000000000e+02 0.000000000000000000e+00 0.000000000000000000e+00 1.000000000000000000e+00
0.000000000000000000e+00 3.000000000000000000e+01 4.000000000000000000e+00 0.000000000000000000e+00 8.469236305280586352e-01 4.062879798376372031e-01 -3.512362445077382711e-03 3.390961010594447655e-01 1.966380542489016593e-04 0.000000000000000000e+00 0.000000000000000000e+00 7.690000000000000000e+02 0.000000000000000000e+00 0.000000000000000000e+00 1.000000000000000000e+00
0.000000000000000000e+00 3.000000000000000000e+01 4.009999999999999787e+00 0.000000000000000000e+00 8.515076974209775384e-01 4.057587030745236079e-01 -5.150282782346957133e-03 3.389912200883676285e-01 1.902392509296893866e-04 0.000000000000000000e+00 0.000000000000000000e+00 7.690000000000000000e+02 0.000000000000000000e+00 0.000000000000000000e+00 1.000000000000000000e+00
0.000000000000000000e+00 3.000000000000000000e+01 4.019999999999999574e+00 0.000000000000000000e+00 8.564193547330130052e-01 4.049120630733613613e-01 -7.026883619269008729e-03 3.388196287810845142e-01 1.828459578281311018e-04 0.000000000000000000e+00 0.000000000000000000e+00 7.690000000000000000e+02 0.000000000000000000e+00 0.000000000000000000e+00 1.000000000000000000e+00
0.000000000000000000e+00 3.000000000000000000e+01 4.030000000000000249e+00 0.000000000000000000e+00 8.616604832215660759e-01 4.037467629383948431e-01 -9.147703166978535250e-03 3.385793000468977909e-01 1.745643118925958338e-04 0.000000000000000000e+00 0.000000000000000000e+00 7.690000000000000000e+02 0.000000000000000000e+00 0.000000000000000000e+00 1.000000000000000000e+00
0.000000000000000000e+00 3.000000000000000000e+01 4.040000000000000036e+00 0.000000000000000000e+00 8.672330898041741287e-01 4.022610176455326259e-01 -1.151900037314490532e-02 3.382673947668032310e-01 1.655106214562237273e-04 0.000000000000000000e+00 0.000000000000000000e+00 7.690000000000000000e+02 0.000000000000000000e+00 0.000000000000000000e+00 1.000000000000000000e+00
0.000000000000000000e+00 3.000000000000000000e+01 4.049999999999999822e+00 0.000000000000000000e+00 8.731393083269927136e-01 4.004525513080202104e-01 -1.414777339333386785e-02 3.378802282536115253e-01 1.558095959761775055e-04 0.000000000000000000e+00 0.000000000000000000e+00 7.690000000000000000e+02 0.000000000000000000e+00 0.000000000000000000e+00 1.000000000000000000e+00
0.000000000000000000e+00 3.000000000000000000e+01 4.059999999999999609e+00 0.000000000000000000e+00 8.793814003818823943e-01 3.983185936902035595e-01 -1.704178024391493629e-02 3.374132267229640325e-01 1.455924442030269526e-04 0.000000000000000000e+00 0.000000000000000000e+00 7.690000000000000000e+02 0.000000000000000000e+00 0.000000000000000000e+00 1.000000000000000000e+00
0.000000000000000000e+00 3.000000000000000000e+01 4.070000000000000284e+00 0.000000000000000000e+00 8.859617561724107970e-01 3.958558759640403157e-01 -2.020956169746447595e-02 3.368608732610178236e-01 1.349948522246274991e-04 0.000000000000000000e+00 0.000000000000000000e+00 7.690000000000000000e+02 0.000000000000000000e+00 0.000000000000000000e+00 1.000000000000000000e+00
0.000000000000000000e+00 3.000000000000000000e+01 4.080000000000000071e+00 0.000000000000000000e+00 8.928828954291027076e-01 3.930606257018616212e-01 -2.366046648823334764e-02 3.362166426504862304e-01 1.241548553160345958e-04 0.000000000000000000e+00 0.000000000000000000e+00 7.690000000000000000e+02 0.000000000000000000e+00 0.000000000000000000e+00 1.000000000000000000e+00
0.000000000000000000e+00 3.000000000000000000e+01 4.089999999999999858e+00 0.000000000000000000e+00 9.001474683742872740e-01 3.899285610977095695e-01 -2.740467890206543800e-02 3.354729242851075544e-01 1.132106208386991168e-04 0.000000000000000000e+00 0.000000000000000000e+00 7.690000000000000000e+02 0.000000000000000000e+00 0.000000000000000000e+00 1.000000000000000000e+00
0.000000000000000000e+00 3.000000000000000000e+01 4.099999999999999645e+00 0.000000000000000000e+00 9.077582567369131272e-01 3.864548844084039758e-01 -3.145324883219023648e-02 3.346209322618898252e-01 1.022981636330205606e-04 0.000000000000000000e+00 0.000000000000000000e+00 7.690000000000000000e+02 0.000000000000000000e+00 0.000000000000000000e+00 1.000000000000000000e+00
0.000000000000000000e+00 3.000000000000000000e+01 4.109999999999999432e+00 0.000000000000000000e+00 9.157181748177209979e-01 3.826342746042875609e-01 -3.581812438958942302e-02 3.336506015890104426e-01 9.154902048776492746e-05 0.000000000000000000e+00 0.000000000000000000e+00 7.690000000000000000e+02 0.000000000000000000e+00 0.000000000000000000e+00 1.000000000000000000e+00
0.000000000000000000e+00 3.000000000000000000e+01 4.120000000000000107e+00 0.000000000000000000e+00 9.240302706051779502e-01 3.784608792183949411e-01 -4.051218716417780141e-02 3.325504692832230158e-01 8.108791636812252845e-05 0.000000000000000000e+00 0.000000000000000000e+00 7.690000000000000000e+02 0.000000000000000000e+00 0.000000000000000000e+00 1.000000000000000000e+00
0.000000000000000000e+00 3.000000000000000000e+01 4.129999999999999893e+00 0.000000000000000000e+00 9.326977269426054429e-01 3.739283053815540825e-01 -4.554929024086040723e-02 3.313075389521203395e-01 7.103046211475881524e-05 0.000000000000000000e+00 0.000000000000000000e+00 7.690000000000000000e+02 0.000000000000000000e+00 0.000000000000000000e+00 1.000000000000000000e+00
0.000000000000000000e+00 3.000000000000000000e+01 4.139999999999999680e+00 0.000000000000000000e+00 9.417238627469427525e-01 3.690296100296967530e-01 -5.094429908265879492e-02 3.299071272614951811e-01 6.148093119164282482e-05 0.000000000000000000e+00 0.000000000000000000e+00 7.690000000000000000e+02 0.000000000000000000e+00 0.000000000000000000e+00 1.000000000000000000e+00
0.000000000000000000e+00 3.000000000000000000e+01 4.149999999999999467e+00 0.000000000000000000e+00 9.511121342796189371e-01 3.637572892683675896e-01 -5.671313540156064370e-02 3.283326904740464514e-01 5.253017155863845718e-05 0.000000000000000000e+00 0.000000000000000000e+00 7.690000000000000000e+02 0.000000000000000000e+00 0.000000000000000000e+00 1.000000000000000000e+00
0.000000000000000000e+00 3.000000000000000000e+01 4.160000000000000142e+00 0.000000000000000000e+00 9.608661364700120666e-01 3.581032668781486406e-01 -6.287282414656350515e-02 3.265656290102486592e-01 4.425371752871175117e-05 0.000000000000000000e+00 0.000000000000000000e+00 7.690000000000000000e+02 0.000000000000000000e+00 0.000000000000000000e+00 1.000000000000000000e+00
0.000000000000000000e+00 3.000000000000000000e+01 4.169999999999999929e+00 0.000000000000000000e+00 9.709896042920110881e-01 3.520588819433844163e-01 -6.944154374758429449e-02 3.245850677225663450e-01 3.671017499592759900e-05 0.000000000000000000e+00 0.000000000000000000e+00 7.690000000000000000e+02 0.000000000000000000e+00 0.000000000000000000e+00 1.000000000000000000e+00
0.000000000000000000e+00 3.000000000000000000e+01 4.179999999999999716e+00 0.000000000000000000e+00 9.814864141941994635e-01 3.456148755852636589e-01 -7.643867976351301219e-02 3.223676092872907462e-01 2.993996088985676320e-05 0.000000000000000000e+00 0.000000000000000000e+00 7.690000000000000000e+02 0.000000000000000000e+00 0.000000000000000000e+00 1.000000000000000000e+00
0.000000000000000000e+00 3.000000000000000000e+01 4.189999999999999503e+00 0.000000000000000000e+00 9.923605855842144718e-01 3.387613767789307562e-01 -8.388488209273733953e-02 3.198870578006922649e-01 2.396448300719296060e-05 0.000000000000000000e+00 0.000000000000000000e+00 7.690000000000000000e+02 0.000000000000000000e+00 0.000000000000000000e+00 1.000000000000000000e+00
0.000000000000000000e+00 3.000000000000000000e+01 4.200000000000000178e+00 0.000000000000000000e+00 1.003616282367846724e+00 3.314878872329031223e-01 -9.180212591497696750e-02 3.171141093142028633e-01 1.878584799652304859e-05 0.000000000000000000e+00 0.000000000000000000e+00 7.690000000000000000e+02 0.000000000000000000e+00 0.000000000000000000e+00 1.000000000000000000e+00
0.000000000000000000e+00 3.000000000000000000e+01 4.209999999999999964e+00 0.000000000000000000e+00 1.015257814543470527e+00 3.237832653076306300e-01 -1.002137765442785156e-01 3.140160056527687704e-01 1.438718131663638397e-05 0.000000000000000000e+00 0.000000000000000000e+00 7.690000000000000000e+02 0.000000000000000000e+00 0.000000000000000000e+00 1.000000000000000000e+00
0.000000000000000000e+00 3.000000000000000000e+01 4.219999999999999751e+00 0.000000000000000000e+00 1.027289639852416059e+00 3.156357089485685719e-01 -1.091446583845656904e-01 3.105561474267609090e-01 1.073363113903298390e-05 0.000000000000000000e+00 0.000000000000000000e+00 7.690000000000000000e+02 0.000000000000000000e+00 0.000000000000000000e+00 1.000000000000000000e+00
0.000000000000000000e+00 3.000000000000000000e+01 4.229999999999999538e+00 0.000000000000000000e+00 1.039716365485914729e+00 3.070327376076131820e-01 -1.186211281912445126e-01 3.066936616657715553e-01 7.774105814064891139e-06 0.000000000000000000e+00 0.000000000000000000e+00 7.690000000000000000e+02 0.000000000000000000e+00 0.000000000000000000e+00 1.000000000000000000e+00
0.000000000000000000e+00 3.000000000000000000e+01 4.240000000000000213e+00 0.000000000000000000e+00 1.052542749849270542e+00 2.979611731252125861e-01 -1.286711528550737726e-01 3.023829189665428463e-01 5.443759036906511105e-06 0.000000000000000000e+00 0.000000000000000000e+00 7.690000000000000000e+02 0.000000000000000000e+00 0.000000000000000000e+00 1.000000000000000000e+00
0.000000000000000000e+00 3.000000000000000000e+01 4.250000000000000000e+00 0.000000000000000000e+00 1.065773704383935483e+00 2.884071195438663304e-01 -1.393243919378554796e-01 2.975729944508654912e-01 3.667186103780827478e-06 0.000000000000000000e+00 0.000000000000000000e+00 7.690000000000000000e+02 0.000000000000000000e+00 0.000000000000000000e+00 1.000000000000000000e+00
0.000000000000000000e+00 3.000000000000000000e+01 4.259999999999999787e+00 0.000000000000000000e+00 1.079414295448184680e+00 2.783559418220903914e-01 -1.506122852035243209e-01 2.922070661654828094e-01 2.362227887051496277e-06 0.000000000000000000e+00 0.000000000000000000e+00 7.690000000000000000e+02 0.000000000000000000e+00 0.000000000000000000e+00 1.000000000000000000e+00
0.000000000000000000e+00 3.000000000000000000e+01 4.269999999999999574e+00 0.000000000000000000e+00 1.093469746257109687e+00 2.677922434162430809e-01 -1.625681454029568040e-01 2.862217438170093775e-01 1.444198319741937353e-06 0.000000000000000000e+00 0.000000000000000000e+00 7.690000000000000000e+02 0.000000000000000000e+00 0.000000000000000000e+00 1.000000000000000000e+00
0.000000000000000000e+00 3.000000000000000000e+01 4.280000000000000249e+00 0.000000000000000000e+00 1.107945438882678824e+00 2.566998426958702617e-01 -1.752272565863261244e-01 2.795463199118863873e-01 8.302626489565597550e-07 0.000000000000000000e+00 0.000000000000000000e+00 7.690000000000000000e+02 0.000000000000000000e+00 0.000000000000000000e+00 1.000000000000000000e+00
0.000000000000000000e+00 3.000000000000000000e+01 4.290000000000000036e+00 0.000000000000000000e+00 1.122846916314623078e+00 2.450617481564425770e-01 -1.886269782331423672e-01 2.721019344547294661e-01 4.436102666323592746e-07 0.000000000000000000e+00 0.000000000000000000e+00 7.690000000000000000e+02 0.000000000000000000e+00 0.000000000000000000e+00 1.000000000000000000e+00
0.000000000000000000e+00 3.000000000000000000e+01 4.299999999999999822e+00 0.000000000000000000e+00 1.138179884582940504e+00 2.328601323915165111e-01 -2.028068555072839729e-01 2.638006433372488968e-01 2.170081655784994383e-07 0.000000000000000000e+00 0.000000000000000000e+00 7.690000000000000000e+02 0.000000000000000000e+00 0.000000000000000000e+00 1.000000000000000000e+00
0.000000000000000000e+00 3.000000000000000000e+01 4.309999999999999609e+00 0.000000000000000000e+00 1.153950214942835562e+00 2.200763047844472853e-01 -2.178087359624062691e-01 2.545443794121724501e-01 9.531695655109599877e-08 0.000000000000000000e+00 0.000000000000000000e+00 7.690000000000000000e+02 0.000000000000000000e+00 0.000000000000000000e+00 1.000000000000000000e+00
0.000000000000000000e+00 3.000000000000000000e+01 4.320000000000000284e+00 0.000000000000000000e+00 1.170163946122920073e+00 2.066906828778246608e-01 -2.336768930421464774e-01 2.442237939788361178e-01 3.663145614317119183e-08 0.000000000000000000e+00 0.000000000000000000e+00 7.690000000000000000e+02 0.000000000000000000e+00 0.000000000000000000e+00 1.000000000000000000e+00
0.000000000000000000e+00 3.000000000000000000e+01 4.330000000000000071e+00 0.000000000000000000e+00 1.186827286637546885e+00 1.926827623767727315e-01 -2.504581567395977038e-01 2.327169649943547358e-01 1.189341984490758004e-08 0.000000000000000000e+00 0.000000000000000000e+00 7.690000000000000000e+02 0.000000000000000000e+00 0.000000000000000000e+00 1.000000000000000000e+00
0.000000000000000000e+00 3.000000000000000000e+01 4.339999999999999858e+00 0.000000000000000000e+00 1.203946617164154409e+00 1.780310857401659619e-01 -2.682020518016534627e-01 2.198879567498502330e-01 3.107122355054382333e-09 0.000000000000000000e+00 0.000000000000000000e+00 7.690000000000000000e+02 0.000000000000000000e+00 0.000000000000000000e+00 1.000000000000000000e+00
0.000000000000000000e+00 3.000000000000000000e+01 4.349999999999999645e+00 0.000000000000000000e+00 1.221528492986538650e+00 1.627132093116483713e-01 -2.869609438860915018e-01 2.055852139964985392e-01 6.090522753020453960e-10 0.000000000000000000e+00 0.000000000000000000e+00 7.690000000000000000e+02 0.000000000000000000e+00 0.000000000000000000e+00 1.000000000000000000e+00
0.000000000000000000e+00 3.000000000000000000e+01 4.360000000000000320e+00 0.000000000000000000e+00 1.239579646504983979e+00 1.467056689401066427e-01 -3.067901941027326718e-01 1.896397715504337389e-01 8.073083342907409150e-11 0.000000000000000000e+00 0.000000000000000000e+00 7.690000000000000000e+02 0.000000000000000000e+00 0.000000000000000000e+00 1.000000000000000000e+00
0.000000000000000000e+00 3.000000000000000000e+01 4.370000000000000107e+00 0.000000000000000000e+00 1.258106989814210541e+00 1.299839440369340571e-01 -3.277483223947572633e-01 1.718632582257101360e-01 6.154994934179526811e-12 0.000000000000000000e+00 0.000000000000000000e+00 7.690000000000000000e+02 0.000000000000000000e+00 0.000000000000000000e+00 1.000000000000000000e+00
0.000000000000000000e+00 3.000000000000000000e+01 4.379999999999999893e+00 0.000000000000000000e+00 1.277117617350136181e+00 1.125224200150281434e-01 -3.498971802423485045e-01 1.520456715148223448e-01 2.067261295991917104e-13 0.000000000000000000e+00 0.000000000000000000e+00 7.690000000000000000e+02 0.000000000000000000e+00 0.000000000000000000e+00 1.000000000000000000e+00
0.000000000000000000e+00 3.000000000000000000e+01 4.389999999999999680e+00 0.000000000000000000e+00 1.296618808606457174e+00 9.429434905198479100e-02 -3.733021331983430446e-01 1.299528967280126068e-01 1.905232861105823517e-15 0.000000000000000000e+00 0.000000000000000000e+00 7.690000000000000000e+02 0.000000000000000000e+00 0.000000000000000000e+00 1.000000000000000000e+00
0.000000000000000000e+00 3.000000000000000000e+01 4.399999999999999467e+00 0.000000000000000000e+00 1.316618030922088733e+00 7.527180911738559632e-02 -3.980322537945896189e-01 1.053239412837645023e-01 1.901555875366117478e-18 0.000000000000000000e+00 0.000000000000000000e+00 7.690000000000000000e+02 0.000000000000000000e+00 0.000000000000000000e+00 1.000000000000000000e+00
0.000000000000000000e+00 3.000000000000000000e+01 4.410000000000000142e+00 0.000000000000000000e+00 1.337122942340537524e+00 5.542566120141629443e-02 -4.241605253883170557e-01 7.786785147782503136e-02 2.481506963675427100e-23 0.000000000000000000e+00 0.000000000000000000e+00 7.690000000000000000e+02 0.000000000000000000e+00 0.000000000000000000e+00 1.000000000000000000e+00
0.000000000000000000e+00 3.000000000000000000e+01 4.419999999999999929e+00 0.000000000000000000e+00 1.358141394542297986e+00 3.472550467929764323e-02 -4.517640575501021827e-01 4.726027530706426727e-02 9.677963332168062218e-33 0.000000000000000000e+00 0.000000000000000000e+00 7.690000000000000000e+02 0.000000000000000000e+00 0.000000000000000000e+00 1.000000000000000000e+00
0.000000000000000000e+00 3.000000000000000000e+01 4.429999999999999716e+00 0.000000000000000000e+00 1.379681435851393134e+00 1.313963074315595281e-02 -4.809243136290904941e-01 1.313963074315594760e-02 1.056102238303352421e-58 1.000000000000000000e+00 1.000000000000000000e+00 7.690000000000000000e+02 0.000000000000000000e+00 0.000000000000000000e+00 1.000000000000000000e+00
0.000000000000000000e+00 3.000000000000000000e+01 4.439999999999999503e+00 0.000000000000000000e+00 1.355898812908872708e+00 3.477091964831002108e-02 -4.515342205856044400e-01 4.726071314319628403e-02 1.166406365648699119e-32 0.000000000000000000e+00 0.000000000000000000e+00 7.690000000000000000e+02 0.000000000000000000e+00 0.000000000000000000e+00 1.000000000000000000e+00
0.000000000000000000e+00 3.000000000000000000e+01 4.450000000000000178e+00 0.000000000000000000e+00 1.332636920350909859e+00 5.555720441478180505e-02 -4.237001731660954285e-01 7.786923833460322741e-02 3.212111224035996108e-23 0.000000000000000000e+00 0.000000000000000000e+00 7.690000000000000000e+02 0.000000000000000000e+00 0.000000000000000000e+00 1.000000000000000000e+00
0.000000000000000000e+00 3.000000000000000000e+01 4.459999999999999964e+00 0.000000000000000000e+00 1.309886850801885716e+00 7.553032578297166899e-02 -3.973400277264174107e-01 1.053267995569406867e-01 2.564446436482970287e-18 0.000000000000000000e+00 0.000000000000000000e+00 7.690000000000000000e+02 0.000000000000000000e+00 0.000000000000000000e+00 1.000000000000000000e+00
0.000000000000000000e+00 3.000000000000000000e+01 4.469999999999999751e+00 0.000000000000000000e+00 1.287639892871944580e+00 9.472087887748287249e-02 -3.723759903915372371e-01 1.299577661958886410e-01 2.644224269524411756e-15 0.000000000000000000e+00 0.000000000000000000e+00 7.690000000000000000e+02 0.000000000000000000e+00 0.000000000000000000e+00 1.000000000000000000e+00
0.000000000000000000e+00 3.000000000000000000e+01 4.479999999999999538e+00 0.000000000000000000e+00 1.265887527821255798e+00 1.131582600731888683e-01 -3.487343874707992120e-01 1.520531157149109525e-01 2.934675711557061480e-13 0.000000000000000000e+00 0.000000000000000000e+00 7.690000000000000000e+02 0.000000000000000000e+00 0.000000000000000000e+00 1.000000000000000000e+00
0.000000000000000000e+00 3.000000000000000000e+01 4.490000000000000213e+00 0.000000000000000000e+00 1.244621426298042177e+00 1.308707120250378886e-01 -3.263454480326503093e-01 1.718738711120751661e-01 8.906982624588985323e-12 0.000000000000000000e+00 0.000000000000000000e+00 7.690000000000000000e+02 0.000000000000000000e+00 0.000000000000000000e+00 1.000000000000000000e+00
0.000000000000000000e+00 3.000000000000000000e+01 4.500000000000000000e+00 0.000000000000000000e+00 1.223833445149129728e+00 1.478853669305721930e-01 -3.051430979971591073e-01 1.896541845103547341e-01 1.188503098230414518e-10 0.000000000000000000e+00 0.000000000000000000e+00 7.690000000000000000e+02 0.000000000000000000e+00 0.000000000000000000e+00 1.000000000000000000e+00
0.000000000000000000e+00 3.000000000000000000e+01 4.509999999999999787e+00 0.000000000000000000e+00 1.203515624301794595e+00 1.642282880914319454e-01 -2.850647651386586379e-01 2.056041033093529702e-01 9.110233370124709680e-10 0.000000000000000000e+00 0.000000000000000000e+00 7.690000000000000000e+02 0.000000000000000000e+00 0.000000000000000000e+00 1.000000000000000000e+00
0.000000000000000000e+00 3.000000000000000000e+01 4.519999999999999574e+00 0.000000000000000000e+00 1.183660183715714354e+00 1.799245098375088781e-01 -2.660511944230350423e-01 2.199120515763271777e-01 4.718552502744276297e-09 0.000000000000000000e+00 0.000000000000000000e+00 7.690000000000000000e+02 0.000000000000000000e+00 0.000000000000000000e+00 1.000000000000000000e+00
0.000000000000000000e+00 3.000000000000000000e+01 4.530000000000000249e+00 0.000000000000000000e+00 1.164259520403860160e+00 1.949980758749052800e-01 -2.480462731346898819e-01 2.327470559903810354e-01 1.832853835540387743e-08 0.000000000000000000e+00 0.000000000000000000e+00 7.690000000000000000e+02 0.000000000000000000e+00 0.000000000000000000e+00 1.000000000000000000e+00
0.000000000000000000e+00 3.000000000000000000e+01 4.540000000000000036e+00 0.000000000000000000e+00 1.145306205521182230e+00 2.094720761164409473e-01 -2.309968652770900965e-01 2.442607426359753586e-01 5.727074768937718553e-08 0.000000000000000000e+00 0.000000000000000000e+00 7.690000000000000000e+02 0.000000000000000000e+00 0.000000000000000000e+00 1.000000000000000000e+00
0.000000000000000000e+00 3.000000000000000000e+01 4.549999999999999822e+00 0.000000000000000000e+00 1.126792981519978643e+00 2.233686820511251725e-01 -2.148526547581908475e-01 2.545891282348395901e-01 1.511678439331967984e-07 0.000000000000000000e+00 0.000000000000000000e+00 7.690000000000000000e+02 0.000000000000000000e+00 0.000000000000000000e+00 1.000000000000000000e+00
0.000000000000000000e+00 3.000000000000000000e+01 4.559999999999999609e+00 0.000000000000000000e+00 1.108712759370854339e+00 2.367091807067741305e-01 -1.995659968979391075e-01 2.638542269769681425e-01 3.491230216306441325e-07 0.000000000000000000e+00 0.000000000000000000e+00 7.690000000000000000e+02 0.000000000000000000e+00 0.000000000000000000e+00 1.000000000000000000e+00
0.000000000000000000e+00 3.000000000000000000e+01 4.570000000000000284e+00 0.000000000000000000e+00 1.091058615848214064e+00 2.495140072577958223e-01 -1.850917778196312924e-01 2.721654919329712374e-01 7.240331525671937535e-07 0.000000000000000000e+00 0.000000000000000000e+00 7.690000000000000000e+02 0.000000000000000000e+00 0.000000000000000000e+00 1.000000000000000000e+00
0.000000000000000000e+00 3.000000000000000000e+01 4.580000000000000071e+00 0.000000000000000000e+00 1.073823790879238516e+00 2.618027763280958431e-01 -1.713872813101584291e-01 2.796211080758758127e-01 1.374989785737383758e-06 0.000000000000000000e+00 0.000000000000000000e+00 7.690000000000000000e+02 0.000000000000000000e+00 0.000000000000000000e+00 1.000000000000000000e+00
0.000000000000000000e+00 3.000000000000000000e+01 4.589999999999999858e+00 0.000000000000000000e+00 1.057001684955338749e+00 2.735943120370490367e-01 -1.584120627562201344e-01 2.863091521874674417e-01 2.427375026146804022e-06 0.000000000000000000e+00 0.000000000000000000e+00 7.690000000000000000e+02 0.000000000000000000e+00 0.000000000000000000e+00 1.000000000000000000e+00
0.000000000000000000e+00 3.000000000000000000e+01 4.599999999999999645e+00 0.000000000000000000e+00 1.040585856605092063e+00 2.849066768345665523e-01 -1.461278297844671170e-01 2.923086333517032065e-01 4.030692592912275265e-06 0.000000000000000000e+00 0.000000000000000000e+00 7.690000000000000000e+02 0.000000000000000000e+00 0.000000000000000000e+00 1.000000000000000000e+00
0.000000000000000000e+00 3.000000000000000000e+01 4.610000000000000320e+00 0.000000000000000000e+00 1.024570019927689257e+00 2.957571991694250557e-01 -1.344983292533197816e-01 2.976904263270470641e-01 6.354491645964161482e-06 0.000000000000000000e+00 0.000000000000000000e+00 7.690000000000000000e+02 0.000000000000000000e+00 0.000000000000000000e+00 1.000000000000000000e+00
0.000000000000000000e+00 3.000000000000000000e+01 4.620000000000000107e+00 0.000000000000000000e+00 1.008948042185961125e+00 3.061625000332424684e-01 -1.234892402629525487e-01 3.025181088241026273e-01 9.582913561153975912e-06 0.000000000000000000e+00 0.000000000000000000e+00 7.690000000000000000e+02 0.000000000000000000e+00 0.000000000000000000e+00 1.000000000000000000e+00
0.000000000000000000e+00 3.000000000000000000e+01 4.629999999999999893e+00 0.000000000000000000e+00 9.937139414580440366e-01 3.161385184207603505e-01 -1.130680728676972113e-01 3.068487125797070836e-01 1.390843834856944107e-05 0.000000000000000000e+00 0.000000000000000000e+00 7.690000000000000000e+02 0.000000000000000000e+00 0.000000000000000000e+00 1.000000000000000000e+00
0.000000000000000000e+00 3.000000000000000000e+01 4.639999999999999680e+00 0.000000000000000000e+00 9.788618843468032127e-01 3.257005357454339500e-01 -1.032040721919439685e-01 3.107333971002879669e-01 1.952536555221816164e-05 0.000000000000000000e+00 0.000000000000000000e+00 7.690000000000000000e+02 0.000000000000000000e+00 0.000000000000000000e+00 1.000000000000000000e+00
0.000000000000000000e+00 3.000000000000000000e+01 4.649999999999999467e+00 0.000000000000000000e+00 9.643861837461233932e-01 3.348631992477272279e-01 -9.386812766657057217e-02 3.142180540337335404e-01 2.662347269577540433e-05 0.000000000000000000e+00 0.000000000000000000e+00 7.690000000000000000e+02 0.000000000000000000e+00 0.000000000000000000e+00 1.000000000000000000e+00
0.000000000000000000e+00 3.000000000000000000e+01 4.660000000000000142e+00 0.000000000000000000e+00 9.502812966632202540e-01 3.436405444319758362e-01 -8.503268711803571578e-02 3.173438493095181445e-01 3.538218327111923578e-05 0.000000000000000000e+00 0.000000000000000000e+00 7.690000000000000000e+02 0.000000000000000000e+00 0.000000000000000000e+00 1.000000000000000000e+00
0.000000000000000000e+00 3.000000000000000000e+01 4.669999999999999929e+00 0.000000000000000000e+00 9.365418220961329032e-01 3.520460165661796204e-01 -7.667167545659964167e-02 3.201477094516385624e-01 4.596546655378553909e-05 0.000000000000000000e+00 0.000000000000000000e+00 7.690000000000000000e+02 0.000000000000000000e+00 0.000000000000000000e+00 1.000000000000000000e+00
0.000000000000000000e+00 3.000000000000000000e+01 4.679999999999999716e+00 0.000000000000000000e+00 9.231624989655886626e-01 3.600924912776664599e-01 -6.876041772370283800e-02 3.226627578094142801e-01 5.851759497152897622e-05 0.000000000000000000e+00 0.000000000000000000e+00 7.690000000000000000e+02 0.000000000000000000e+00 0.000000000000000000e+00 1.000000000000000000e+00
0.000000000000000000e+00 3.000000000000000000e+01 4.689999999999999503e+00 0.000000000000000000e+00 9.101382041004451029e-01 3.677922942761668312e-01 -6.127556627140323675e-02 3.249187058595552346e-01 7.315980655858949754e-05 0.000000000000000000e+00 0.000000000000000000e+00 7.690000000000000000e+02 0.000000000000000000e+00 0.000000000000000000e+00 1.000000000000000000e+00
0.000000000000000000e+00 3.000000000000000000e+01 4.700000000000000178e+00 0.000000000000000000e+00 8.974639502759426124e-01 3.751572202345226925e-01 -5.419503185896221154e-02 3.269422042021354891e-01 8.998786109917799626e-05 0.000000000000000000e+00 0.000000000000000000e+00 7.690000000000000000e+02 0.000000000000000000e+00 0.000000000000000000e+00 1.000000000000000000e+00
0.000000000000000000e+00 3.000000000000000000e+01 4.709999999999999964e+00 0.000000000000000000e+00 8.851348843040079961e-01 3.821985508559411215e-01 -4.749791846323335454e-02 3.287571573969593208e-01 1.090704373269762387e-04 0.000000000000000000e+00 0.000000000000000000e+00 7.690000000000000000e+02 0.000000000000000000e+00 0.000000000000000000e+00 1.000000000000000000e+00
0.000000000000000000e+00 3.000000000000000000e+01 4.719999999999999751e+00 0.000000000000000000e+00 8.731462851748882370e-01 3.889270721554743959e-01 -4.116446161046648233e-02 3.303850063596296405e-01 1.304482922620780593e-04 0.000000000000000000e+00 0.000000000000000000e+00 7.690000000000000000e+02 0.000000000000000000e+00 0.000000000000000000e+00 1.000000000000000000e+00
0.000000000000000000e+00 3.000000000000000000e+01 4.729999999999999538e+00 0.000000000000000000e+00 8.614935622493934408e-01 3.953530909822010608e-01 -3.517597004753256207e-02 3.318449816534050356e-01 1.541340893547766145e-04 0.000000000000000000e+00 0.000000000000000000e+00 7.690000000000000000e+02 0.000000000000000000e+00 0.000000000000000000e+00 1.000000000000000000e+00
0.000000000000000000e+00 3.000000000000000000e+01 4.740000000000000213e+00 0.000000000000000000e+00 8.501722535010648452e-01 4.014864508074083016e-01 -2.951477058042921431e-02 3.331543306690971651e-01 1.801127966304734603e-04 0.000000000000000000e+00 0.000000000000000000e+00 7.690000000000000000e+02 0.000000000000000000e+00 0.000000000000000000e+00 1.000000000000000000e+00
0.000000000000000000e+00 3.000000000000000000e+01 4.750000000000000000e+00 0.000000000000000000e+00 8.391780238075869924e-01 4.073365468029693792e-01 -2.416415591727560930e-02 3.343285213768012465e-01 2.083425569324118959e-04 0.000000000000000000e+00 0.000000000000000000e+00 7.690000000000000000e+02 0.000000000000000000e+00 0.000000000000000000e+00 1.000000000000000000e+00
0.000000000000000000e+00 3.000000000000000000e+01 4.759999999999999787e+00 0.000000000000000000e+00 8.285066632907960305e-01 4.129123402330054371e-01 -1.910833536187057924e-02 3.353814250564692845e-01 2.387559375407960829e-04 0.000000000000000000e+00 0.000000000000000000e+00 7.690000000000000000e+02 0.000000000000000000e+00 0.000000000000000000e+00 1.000000000000000000e+00
0.000000000000000000e+00 3.000000000000000000e+01 4.769999999999999574e+00 0.000000000000000000e+00 8.181540857046460946e-01 4.182223721808862593e-01 -1.433238821230152504e-02 3.363254801660183757e-01 2.712614742676005240e-04 0.000000000000000000e+00 0.000000000000000000e+00 7.690000000000000000e+02 0.000000000000000000e+00 0.000000000000000000e+00 1.000000000000000000e+00
0.000000000000000000e+00 3.000000000000000000e+01 4.780000000000000249e+00 0.000000000000000000e+00 8.081163268705144898e-01 4.232747766325877237e-01 -9.822219727074366080e-03 3.371718392828184641e-01 3.057454343547557837e-04 0.000000000000000000e+00 0.000000000000000000e+00 7.690000000000000000e+02 0.000000000000000000e+00 0.000000000000000000e+00 1.000000000000000000e+00
0.000000000000000000e+00 3.000000000000000000e+01 4.790000000000000036e+00 0.000000000000000000e+00 7.983895431592519243e-01 4.280772929364514146e-01 -5.564519528811859295e-03 3.379305008544579159e-01 3.420737322513993026e-04 0.000000000000000000e+00 0.000000000000000000e+00 7.690000000000000000e+02 0.000000000000000000e+00 0.000000000000000000e+00 1.000000000000000000e+00
0.000000000000000000e+00 3.000000000000000000e+01 4.799999999999999822e+00 0.000000000000000000e+00 7.889700100193899335e-01 4.326372776584351820e-01 -1.546722322762178470e-03 3.386104273152160671e-01 3.800939420021695950e-04 0.000000000000000000e+00 0.000000000000000000e+00 7.690000000000000000e+02 0.000000000000000000e+00 0.000000000000000000e+00 1.000000000000000000e+00
0.000000000000000000e+00 3.000000000000000000e+01 4.809999999999999609e+00 0.000000000000000000e+00 7.798541205509470498e-01 4.369617158510092914e-01 2.243029185810568871e-03 3.392196509636136725e-01 4.196373591422667554e-04 0.000000000000000000e+00 0.000000000000000000e+00 7.690000000000000000e+02 0.000000000000000000e+00 0.000000000000000000e+00 1.000000000000000000e+00
0.000000000000000000e+00 3.000000000000000000e+01 4.820000000000000284e+00 0.000000000000000000e+00 7.710383841242849368e-01 4.410572317529650732e-01 5.815919284790430077e-03 3.397653688518203485e-01 4.605210734276651841e-04 0.000000000000000000e+00 0.000000000000000000e+00 7.690000000000000000e+02 0.000000000000000000e+00 0.000000000000000000e+00 1.000000000000000000e+00
0.000000000000000000e+00 3.000000000000000000e+01 4.830000000000000071e+00 0.000000000000000000e+00 7.625194250434874643e-01 4.449300989365206349e-01 9.182492262201344402e-03 3.402540278078963754e-01 5.025500213036125652e-04 0.000000000000000000e+00 0.000000000000000000e+00 7.690000000000000000e+02 0.000000000000000000e+00 0.000000000000000000e+00 1.000000000000000000e+00
0.000000000000000000e+00 3.000000000000000000e+01 4.839999999999999858e+00 0.000000000000000000e+00 7.542939812537485800e-01 4.485862499172739160e-01 1.235268352443531781e-02 3.406914005952749180e-01 5.455189936897017478e-04 0.000000000000000000e+00 0.000000000000000000e+00 7.690000000000000000e+02 0.000000000000000000e+00 0.000000000000000000e+00 1.000000000000000000e+00
0.000000000000000000e+00 3.000000000000000000e+01 4.849999999999999645e+00 0.000000000000000000e+00 7.463589030922758161e-01 4.520312852417180949e-01 1.533584891755358087e-02 3.410826541091949715e-01 5.892145804436187476e-04 0.000000000000000000e+00 0.000000000000000000e+00 7.690000000000000000e+02 0.000000000000000000e+00 0.000000000000000000e+00 1.000000000000000000e+00
0.000000000000000000e+00 3.000000000000000000e+01 4.860000000000000320e+00 0.000000000000000000e+00 7.387111520822305932e-01 4.552704820662402674e-01 1.814079233819346215e-02 3.414324104157217543e-01 6.334170378059240242e-04 0.000000000000000000e+00 0.000000000000000000e+00 7.690000000000000000e+02 0.000000000000000000e+00 0.000000000000000000e+00 1.000000000000000000e+00
0.000000000000000000e+00 3.000000000000000000e+01 4.870000000000000107e+00 0.000000000000000000e+00 7.313477997692444665e-01 4.583088022407508233e-01 2.077579171556598325e-02 3.417448013544372998e-01 6.779020692887832364e-04 0.000000000000000000e+00 0.000000000000000000e+00 7.690000000000000000e+02 0.000000000000000000e+00 0.000000000000000000e+00 1.000000000000000000e+00
0.000000000000000000e+00 3.000000000000000000e+01 4.879999999999999893e+00 0.000000000000000000e+00 7.242660266000626734e-01 4.611508999093172911e-01 2.324862344122194391e-02 3.420235173498502035e-01 7.224425139301954985e-04 0.000000000000000000e+00 0.000000000000000000e+00 7.690000000000000000e+02 0.000000000000000000e+00 0.000000000000000000e+00 1.000000000000000000e+00
0.000000000000000000e+00 3.000000000000000000e+01 4.889999999999999680e+00 0.000000000000000000e+00 7.174631208428895457e-01 4.638011286394507771e-01 2.556658531868391537e-02 3.422718510081567134e-01 7.668099386704896672e-04 0.000000000000000000e+00 0.000000000000000000e+00 7.690000000000000000e+02 0.000000000000000000e+00 0.000000000000000000e+00 1.000000000000000000e+00
0.000000000000000000e+00 3.000000000000000000e+01 4.899999999999999467e+00 0.000000000000000000e+00 7.109364775490206734e-01 4.662635480909688712e-01 2.773651810067227774e-02 3.424927360143818489e-01 8.107761338985155705e-04 0.000000000000000000e+00 0.000000000000000000e+00 7.690000000000000000e+02 0.000000000000000000e+00 0.000000000000000000e+00 1.000000000000000000e+00
0.000000000000000000e+00 3.000000000000000000e+01 4.910000000000000142e+00 0.000000000000000000e+00 7.046835975553634723e-01 4.685419302346384707e-01 2.976482567748647834e-02 3.426887817894134214e-01 8.541145130343116496e-04 0.000000000000000000e+00 0.000000000000000000e+00 7.690000000000000000e+02 0.000000000000000000e+00 0.000000000000000000e+00 1.000000000000000000e+00
0.000000000000000000e+00 3.000000000000000000e+01 4.919999999999999929e+00 0.000000000000000000e+00 6.987020865274641279e-01 4.706397651301408858e-01 3.165749397612080407e-02 3.428623043163460116e-01 8.966014184320029307e-04 0.000000000000000000e+00 0.000000000000000000e+00 7.690000000000000000e+02 0.000000000000000000e+00 0.000000000000000000e+00 1.000000000000000000e+00
0.000000000000000000e+00 3.000000000000000000e+01 4.929999999999999716e+00 0.000000000000000000e+00 6.929896540426768725e-01 4.725602662721939962e-01 3.342010862588973980e-02 3.430153535003043763e-01 9.380173369611752993e-04 0.000000000000000000e+00 0.000000000000000000e+00 7.690000000000000000e+02 0.000000000000000000e+00 0.000000000000000000e+00 1.000000000000000000e+00
0.000000000000000000e+00 3.000000000000000000e+01 4.939999999999999503e+00 0.000000000000000000e+00 6.875441127131222130e-01 4.743063755130331183e-01 3.505787144269795208e-02 3.431497373849591859e-01 9.781480294125191599e-04 0.000000000000000000e+00 0.000000000000000000e+00 7.690000000000000000e+02 0.000000000000000000e+00 0.000000000000000000e+00 1.000000000000000000e+00
0.000000000000000000e+00 3.000000000000000000e+01 4.950000000000000178e+00 0.000000000000000000e+00 6.823633773480979325e-01 4.758807675687832806e-01 3.657561578060244262e-02 3.432670435118170271e-01 1.016785578420444439e-03 0.000000000000000000e+00 0.000000000000000000e+00 7.690000000000000000e+02 0.000000000000000000e+00 0.000000000000000000e+00 1.000000000000000000e+00
0.000000000000000000e+00 3.000000000000000000e+01 4.959999999999999964e+00 0.000000000000000000e+00 6.774454641556244550e-01 4.772858541166300483e-01 3.797782079597304683e-02 3.433686576746124985e-01 1.053729359942736851e-03 0.000000000000000000e+00 0.000000000000000000e+00 7.690000000000000000e+02 0.000000000000000000e+00 0.000000000000000000e+00 1.000000000000000000e+00
0.000000000000000000e+00 3.000000000000000000e+01 4.969999999999999751e+00 0.000000000000000000e+00 6.727884899828177057e-01 4.785237874890614362e-01 3.926862466634699345e-02 3.434557802903559498e-01 1.088786943519728934e-03 0.000000000000000000e+00 0.000000000000000000e+00 7.690000000000000000e+02 0.000000000000000000e+00 0.000000000000000000e+00 1.000000000000000000e+00
0.000000000000000000e+00 3.000000000000000000e+01 4.979999999999999538e+00 0.000000000000000000e+00 6.683906715947965926e-01 4.795964639708432675e-01 4.045183680298927026e-02 3.435294405804385498e-01 1.121774926582854576e-03 0.000000000000000000e+00 0.000000000000000000e+00 7.690000000000000000e+02 0.000000000000000000e+00 0.000000000000000000e+00 1.000000000000000000e+00
0.000000000000000000e+00 3.000000000000000000e+01 4.990000000000000213e+00 0.000000000000000000e+00 6.642503249918524366e-01 4.805055267037766642e-01 4.153094909320019512e-02 3.435905087293187332e-01 1.152519708017522501e-03 0.000000000000000000e+00 0.000000000000000000e+00 7.690000000000000000e+02 0.000000000000000000e+00 0.000000000000000000e+00 1.000000000000000000e+00
0.000000000000000000e+00 3.000000000000000000e+01 5.000000000000000000e+00 0.000000000000000000e+00 6.603658647646170055e-01 4.812523682036870531e-01 4.250914620554861745e-02 3.436397061644299589e-01 1.180858206030090465e-03 0.000000000000000000e+00 0.000000000000000000e+00 7.690000000000000000e+02 0.000000000000000000e+00 0.000000000000000000e+00 1.000000000000000000e+00
0.000000000000000000e+00 3.000000000000000000e+01 5.009999999999999787e+00 0.000000000000000000e+00 6.567358034869816841e-01 4.818381324935001597e-01 4.338931498844324913e-02 3.436776140787520806e-01 1.206638525137688003e-03 0.000000000000000000e+00 0.000000000000000000e+00 7.690000000000000000e+02 0.000000000000000000e+00 0.000000000000000000e+00 1.000000000000000000e+00
0.000000000000000000e+00 3.000000000000000000e+01 5.019999999999999574e+00 0.000000000000000000e+00 6.533587511465371866e-01 4.822637168556743736e-01 4.417405298977931938e-02 3.437046802967209103e-01 1.229720576806977300e-03 0.000000000000000000e+00 0.000000000000000000e+00 7.690000000000000000e+02 0.000000000000000000e+00 0.000000000000000000e+00 1.000000000000000000e+00
0.000000000000000000e+00 3.000000000000000000e+01 5.030000000000000249e+00 0.000000000000000000e+00 6.502334146123137648e-01 4.825297732066703982e-01 4.486567612280356609e-02 3.437212245645960840e-01 1.249976657922194020e-03 0.000000000000000000e+00 0.000000000000000000e+00 7.690000000000000000e+02 0.000000000000000000e+00 0.000000000000000000e+00 1.000000000000000000e+00
0.000000000000000000e+00 3.000000000000000000e+01 5.040000000000000036e+00 0.000000000000000000e+00 6.473585971396190741e-01 4.826367090955663297e-01 4.546622550082107111e-02 3.437274423277765223e-01 1.267291990872526641e-03 0.000000000000000000e+00 0.000000000000000000e+00 7.690000000000000000e+02 0.000000000000000000e+00 0.000000000000000000e+00 1.000000000000000000e+00
0.000000000000000000e+00 3.000000000000000000e+01 5.049999999999999822e+00 0.000000000000000000e+00 6.447331979117851830e-01 4.825846883283491651e-01 4.597747346091440868e-02 3.437234070396912866e-01 1.281565228618556512e-03 0.000000000000000000e+00 0.000000000000000000e+00 7.690000000000000000e+02 0.000000000000000000e+00 0.000000000000000000e+00 1.000000000000000000e+00
0.000000000000000000e+00 3.000000000000000000e+01 5.059999999999999609e+00 0.000000000000000000e+00 6.423562116186454229e-01 4.823736312188321995e-01 4.640092879445233132e-02 3.437090710295402363e-01 1.292708927630035337e-03 0.000000000000000000e+00 0.000000000000000000e+00 7.690000000000000000e+02 0.000000000000000000e+00 0.000000000000000000e+00 1.000000000000000000e+00
0.000000000000000000e+00 3.000000000000000000e+01 5.070000000000000284e+00 0.000000000000000000e+00 6.402267280715855380e-01 4.820032144665946094e-01 4.673784119982421492e-02 3.436842649391353421e-01 1.300649991084904325e-03 0.000000000000000000e+00 0.000000000000000000e+00 7.690000000000000000e+02 0.000000000000000000e+00 0.000000000000000000e+00 1.000000000000000000e+00
0.000000000000000000e+00 3.000000000000000000e+01 5.080000000000000071e+00 0.000000000000000000e+00 6.383439318550164776e-01 4.814728706617413256e-01 4.698920497054107082e-02 3.436486957221920879e-01 1.305330084180978539e-03 0.000000000000000000e+00 0.000000000000000000e+00 7.690000000000000000e+02 0.000000000000000000e+00 0.000000000000000000e+00 1.000000000000000000e+00
0.000000000000000000e+00 3.000000000000000000e+01 5.089999999999999858e+00 0.000000000000000000e+00 6.367071020141370497e-01 4.807817874157385707e-01 4.715576192958763346e-02 3.436019431824318682e-01 1.306706022836758019e-03 0.000000000000000000e+00 0.000000000000000000e+00 7.690000000000000000e+02 0.000000000000000000e+00 0.000000000000000000e+00 1.000000000000000000e+00
0.000000000000000000e+00 3.000000000000000000e+01 5.099999999999999645e+00 0.000000000000000000e+00 6.353156117788690826e-01 4.799289061169829673e-01 4.723800361868497888e-02 3.435434550096007067e-01 1.304750136442911143e-03 0.000000000000000000e+00 0.000000000000000000e+00 7.690000000000000000e+02 0.000000000000000000e+00 0.000000000000000000e+00 1.000000000000000000e+00
0.000000000000000000e+00 3.000000000000000000e+01 5.110000000000000320e+00 0.000000000000000000e+00 6.341689283238562957e-01 4.789129203092071241e-01 4.723617274892508849e-02 3.434725402547637585e-01 1.299450604667523254e-03 0.000000000000000000e+00 0.000000000000000000e+00 7.690000000000000000e+02 0.000000000000000000e+00 0.000000000000000000e+00 1.000000000000000000e+00
0.000000000000000000e+00 3.000000000000000000e+01 5.120000000000000107e+00 0.000000000000000000e+00 6.332666125644356159e-01 4.777322736902273048e-01 4.715026391705805231e-02 3.433883611677915337e-01 1.290811767611421690e-03 0.000000000000000000e+00 0.000000000000000000e+00 7.690000000000000000e+02 0.000000000000000000e+00 0.000000000000000000e+00 1.000000000000000000e+00
0.000000000000000000e+00 3.000000000000000000e+01 5.129999999999999893e+00 0.000000000000000000e+00 6.326083189885051139e-01 4.763851577279796801e-01 4.698002358954606744e-02 3.432899233006154183e-01 1.278854407849612865e-03 0.000000000000000000e+00 0.000000000000000000e+00 7.690000000000000000e+02 0.000000000000000000e+00 0.000000000000000000e+00 1.000000000000000000e+00
0.000000000000000000e+00 3.000000000000000000e+01 5.139999999999999680e+00 0.000000000000000000e+00 6.321937955242207252e-01 4.748695088901818684e-01 4.672494935433702673e-02 3.431760637593336272e-01 1.263616002073289848e-03 0.000000000000000000e+00 0.000000000000000000e+00 7.690000000000000000e+02 0.000000000000000000e+00 0.000000000000000000e+00 1.000000000000000000e+00
0.000000000000000000e+00 3.000000000000000000e+01 5.149999999999999467e+00 0.000000000000000000e+00 6.320228834434743481e-01 4.731830054833844335e-01 4.638428843814963731e-02 3.430454374663858830e-01 1.245150939158968031e-03 0.000000000000000000e+00 0.000000000000000000e+00 7.690000000000000000e+02 0.000000000000000000e+00 0.000000000000000000e+00 1.000000000000000000e+00
0.000000000000000000e+00 3.000000000000000000e+01 5.160000000000000142e+00 0.000000000000000000e+00 6.320955173011137962e-01 4.713230640965660467e-01 4.595703548489420837e-02 3.428965012705050275e-01 1.223530700527619003e-03 0.000000000000000000e+00 0.000000000000000000e+00 7.690000000000000000e+02 0.000000000000000000e+00 0.000000000000000000e+00 1.000000000000000000e+00
0.000000000000000000e+00 3.000000000000000000e+01 5.169999999999999929e+00 0.000000000000000000e+00 6.324117249098825111e-01 4.692868356438258393e-01 4.544192958867288717e-02 3.427274957167279479e-01 1.198843997610594611e-03 0.000000000000000000e+00 0.000000000000000000e+00 7.690000000000000000e+02 0.000000000000000000e+00 0.000000000000000000e+00 1.000000000000000000e+00
0.000000000000000000e+00 3.000000000000000000e+01 5.179999999999999716e+00 0.000000000000000000e+00 6.329716273510700431e-01 4.670712010001114023e-01 4.483745057260309086e-02 3.425364242611079191e-01 1.171196860102901444e-03 0.000000000000000000e+00 0.000000000000000000e+00 7.690000000000000000e+02 0.000000000000000000e+00 0.000000000000000000e+00 1.000000000000000000e+00
0.000000000000000000e+00 3.000000000000000000e+01 5.189999999999999503e+00 0.000000000000000000e+00 6.337754390208756305e-01 4.646727662232965628e-01 4.414181450248216149e-02 3.423210296845790035e-01 1.140712667449975820e-03 0.000000000000000000e+00 0.000000000000000000e+00 7.690000000000000000e+02 0.000000000000000000e+00 0.000000000000000000e+00 1.000000000000000000e+00
0.000000000000000000e+00 3.000000000000000000e+01 5.200000000000000178e+00 0.000000000000000000e+00 6.348234677125044190e-01 4.620878573552909541e-01 4.335296842205341172e-02 3.420787674273426116e-01 1.107532114676205645e-03 0.000000000000000000e+00 0.000000000000000000e+00 7.690000000000000000e+02 0.000000000000000000e+00 0.000000000000000000e+00 1.000000000000000000e+00
0.000000000000000000e+00 3.000000000000000000e+01 5.209999999999999964e+00 0.000000000000000000e+00 6.361161147340269606e-01 4.593125147942150321e-01 4.246858429433609389e-02 3.418067755287562681e-01 1.071813102216200367e-03 0.000000000000000000e+00 0.000000000000000000e+00 7.690000000000000000e+02 0.000000000000000000e+00 0.000000000000000000e+00 1.000000000000000000e+00
0.000000000000000000e+00 3.000000000000000000e+01 5.219999999999999751e+00 0.000000000000000000e+00 6.376538750620466267e-01 4.563424872290241519e-01 4.148605213113912282e-02 3.415018408176157538e-01 1.033730537852547288e-03 0.000000000000000000e+00 0.000000000000000000e+00 7.690000000000000000e+02 0.000000000000000000e+00 0.000000000000000000e+00 1.000000000000000000e+00
0.000000000000000000e+00 3.000000000000000000e+01 5.229999999999999538e+00 0.000000000000000000e+00 6.394373375312343288e-01 4.531732251272861944e-01 4.040247229048232747e-02 3.411603609534176740e-01 9.934760371964872910e-04 0.000000000000000000e+00 0.000000000000000000e+00 7.690000000000000000e+02 0.000000000000000000e+00 0.000000000000000000e+00 1.000000000000000000e+00
0.000000000000000000e+00 3.000000000000000000e+01 5.240000000000000213e+00 0.000000000000000000e+00 6.414671850598041569e-01 4.497998737661405566e-01 3.921464691919355344e-02 3.407783018701763256e-01 9.512575073794687919e-04 0.000000000000000000e+00 0.000000000000000000e+00 7.690000000000000000e+02 0.000000000000000000e+00 0.000000000000000000e+00 1.000000000000000000e+00
0.000000000000000000e+00 3.000000000000000000e+01 5.250000000000000000e+00 0.000000000000000000e+00 6.437441949110133121e-01 4.462172657957610977e-01 3.791907051542698498e-02 3.403511501200611744e-01 9.072985967669032134e-04 0.000000000000000000e+00 0.000000000000000000e+00 7.690000000000000000e+02 0.000000000000000000e+00 0.000000000000000000e+00 1.000000000000000000e+00
0.000000000000000000e+00 3.000000000000000000e+01 5.259999999999999787e+00 0.000000000000000000e+00 6.462692389907906954e-01 4.424199133239334336e-01 3.651191958325076398e-02 3.398738595538661755e-01 8.618379915873259842e-04 0.000000000000000000e+00 0.000000000000000000e+00 7.690000000000000000e+02 0.000000000000000000e+00 0.000000000000000000e+00 1.000000000000000000e+00
0.000000000000000000e+00 3.000000000000000000e+01 5.269999999999999574e+00 0.000000000000000000e+00 6.490432841816038412e-01 4.384019995096191114e-01 3.498904134877292571e-02 3.393407917084185765e-01 8.151285384280860039e-04 0.000000000000000000e+00 0.000000000000000000e+00 7.690000000000000000e+02 0.000000000000000000e+00 0.000000000000000000e+00 1.000000000000000000e+00
0.000000000000000000e+00 3.000000000000000000e+01 5.280000000000000249e+00 0.000000000000000000e+00 6.520673927126944269e-01 4.341573696526325743e-01 3.334594150450437278e-02 3.387456491967021366e-01 7.674361696410249983e-04 0.000000000000000000e+00 0.000000000000000000e+00 7.690000000000000000e+02 0.000000000000000000e+00 0.000000000000000000e+00 1.000000000000000000e+00
0.000000000000000000e+00 3.000000000000000000e+01 5.290000000000000036e+00 0.000000000000000000e+00 6.553427225668251310e-01 4.296795217657791710e-01 3.157777094579027749e-02 3.380814013137914964e-01 7.190386069098417959e-04 0.000000000000000000e+00 0.000000000000000000e+00 7.690000000000000000e+02 0.000000000000000000e+00 0.000000000000000000e+00 1.000000000000000000e+00
0.000000000000000000e+00 3.000000000000000000e+01 5.299999999999999822e+00 0.000000000000000000e+00 6.588705279236898305e-01 4.249615966150152024e-01 2.967931146016683508e-02 3.373402009797523138e-01 6.702238166684422460e-04 0.000000000000000000e+00 0.000000000000000000e+00 7.690000000000000000e+02 0.000000000000000000e+00 0.000000000000000000e+00 1.000000000000000000e+00
0.000000000000000000e+00 3.000000000000000000e+01 5.309999999999999609e+00 0.000000000000000000e+00 6.626521596401605541e-01 4.199963672123702696e-01 2.764496032740933196e-02 3.365132920383083204e-01 6.212881898805559452e-04 0.000000000000000000e+00 0.000000000000000000e+00 7.690000000000000000e+02 0.000000000000000000e+00 0.000000000000000000e+00 1.000000000000000000e+00
0.000000000000000000e+00 3.000000000000000000e+01 5.320000000000000284e+00 0.000000000000000000e+00 6.666890657675546006e-01 4.147762277455398494e-01 2.546871378482393200e-02 3.355909058161541392e-01 5.725344181021566059e-04 0.000000000000000000e+00 0.000000000000000000e+00 7.690000000000000000e+02 0.000000000000000000e+00 0.000000000000000000e+00 1.000000000000000000e+00
0.000000000000000000e+00 3.000000000000000000e+01 5.330000000000000071e+00 0.000000000000000000e+00 6.709827921061167766e-01 4.092931819271897198e-01 2.314414930898549272e-02 3.345621457209153604e-01 5.242690380207843878e-04 0.000000000000000000e+00 0.000000000000000000e+00 7.690000000000000000e+02 0.000000000000000000e+00 0.000000000000000000e+00 1.000000000000000000e+00
0.000000000000000000e+00 3.000000000000000000e+01 5.339999999999999858e+00 0.000000000000000000e+00 6.755349827969338028e-01 4.035388307461215129e-01 2.066440666163192608e-02 3.334148585144578458e-01 4.767996181533097622e-04 0.000000000000000000e+00 0.000000000000000000e+00 7.690000000000000000e+02 0.000000000000000000e+00 0.000000000000000000e+00 1.000000000000000000e+00
0.000000000000000000e+00 3.000000000000000000e+01 5.349999999999999645e+00 0.000000000000000000e+00 6.803473809515033777e-01 3.975043596015456759e-01 1.802216764377738423e-02 3.321354907408379242e-01 4.304315645392922662e-04 0.000000000000000000e+00 0.000000000000000000e+00 7.690000000000000000e+02 0.000000000000000000e+00 0.000000000000000000e+00 1.000000000000000000e+00
0.000000000000000000e+00 3.000000000000000000e+01 5.360000000000000320e+00 0.000000000000000000e+00 6.854218293192009259e-01 3.911805248007425018e-01 1.520963449829516173e-02 3.307089286128031547e-01 3.854645276625567364e-04 0.000000000000000000e+00 0.000000000000000000e+00 7.690000000000000000e+02 0.000000000000000000e+00 0.000000000000000000e+00 1.000000000000000000e+00
0.000000000000000000e+00 3.000000000000000000e+01 5.370000000000000107e+00 0.000000000000000000e+00 6.907602709929011597e-01 3.845576393994358799e-01 1.221850689723194550e-02 3.291183194653494737e-01 3.421884011819351090e-04 0.000000000000000000e+00 0.000000000000000000e+00 7.690000000000000000e+02 0.000000000000000000e+00 0.000000000000000000e+00 1.000000000000000000e+00
0.000000000000000000e+00 3.000000000000000000e+01 5.379999999999999893e+00 0.000000000000000000e+00 6.963647501530202399e-01 3.776255583631898949e-01 9.039957445938537339e-03 3.273448726670789011e-01 3.008789152215440334e-04 0.000000000000000000e+00 0.000000000000000000e+00 7.690000000000000000e+02 0.000000000000000000e+00 0.000000000000000000e+00 1.000000000000000000e+00
0.000000000000000000e+00 3.000000000000000000e+01 5.389999999999999680e+00 0.000000000000000000e+00 7.022374128502675283e-01 3.703736630270917374e-01 5.664605631725175283e-03 3.253676376374269319e-01 2.617928439957394569e-04 0.000000000000000000e+00 0.000000000000000000e+00 7.690000000000000000e+02 0.000000000000000000e+00 0.000000000000000000e+00 1.000000000000000000e+00
0.000000000000000000e+00 3.000000000000000000e+01 5.399999999999999467e+00 0.000000000000000000e+00 7.083805078274054701e-01 3.627908448299240751e-01 2.082490140158696490e-03 3.231632563473713637e-01 2.251628706172407318e-04 0.000000000000000000e+00 0.000000000000000000e+00 7.690000000000000000e+02 0.000000000000000000e+00 0.000000000000000000e+00 1.000000000000000000e+00
0.000000000000000000e+00 3.000000000000000000e+01 5.410000000000000142e+00 0.000000000000000000e+00 7.147963873803312440e-01 3.548654882979057068e-01 -1.716960542698209302e-03 3.207056873797934915e-01 1.911921823699344429e-04 0.000000000000000000e+00 0.000000000000000000e+00 7.690000000000000000e+02 0.000000000000000000e+00 0.000000000000000000e+00 1.000000000000000000e+00
0.000000000000000000e+00 3.000000000000000000e+01 5.419999999999999929e+00 0.000000000000000000e+00 7.214875082588116939e-01 3.465854532519350162e-01 -5.744959328864360226e-03 3.179658982896832464e-01 1.600489088596673045e-04 0.000000000000000000e+00 0.000000000000000000e+00 7.690000000000000000e+02 0.000000000000000000e+00 0.000000000000000000e+00 1.000000000000000000e+00
0.000000000000000000e+00 3.000000000000000000e+01 5.429999999999999716e+00 0.000000000000000000e+00 7.284564326072130447e-01 3.379380562110838038e-01 -1.001339361990670473e-02 3.149115226298954684e-01 1.318605644741940863e-04 0.000000000000000000e+00 0.000000000000000000e+00 7.690000000000000000e+02 0.000000000000000000e+00 0.000000000000000000e+00 1.000000000000000000e+00
0.000000000000000000e+00 3.000000000000000000e+01 5.439999999999999503e+00 0.000000000000000000e+00 7.357058289455918887e-01 3.289100509638522851e-01 -1.453486038895597521e-02 3.115064775907304129e-01 1.067087162084136027e-04 0.000000000000000000e+00 0.000000000000000000e+00 7.690000000000000000e+02 0.000000000000000000e+00 0.000000000000000000e+00 1.000000000000000000e+00
0.000000000000000000e+00 3.000000000000000000e+01 5.450000000000000178e+00 0.000000000000000000e+00 7.432384731915155918e-01 3.194876082774246173e-01 -1.932270335680472129e-02 3.077105377363370531e-01 8.462416788313636973e-05 0.000000000000000000e+00 0.000000000000000000e+00 7.690000000000000000e+02 0.000000000000000000e+00 0.000000000000000000e+00 1.000000000000000000e+00
0.000000000000000000e+00 3.000000000000000000e+01 5.459999999999999964e+00 0.000000000000000000e+00 7.510572497230084688e-01 3.096562947138445931e-01 -2.439105237180196062e-02 3.034788598022805095e-01 6.558303005606161504e-05 0.000000000000000000e+00 0.000000000000000000e+00 7.690000000000000000e+02 0.000000000000000000e+00 0.000000000000000000e+00 1.000000000000000000e+00
0.000000000000000000e+00 3.000000000000000000e+01 5.469999999999999751e+00 0.000000000000000000e+00 7.591651524830299591e-01 2.994010505206605166e-01 -2.975486510976171894e-02 2.987614529404745700e-01 4.950412646503225909e-05 0.000000000000000000e+00 0.000000000000000000e+00 7.690000000000000000e+02 0.000000000000000000e+00 0.000000000000000000e+00 1.000000000000000000e+00
0.000000000000000000e+00 3.000000000000000000e+01 5.479999999999999538e+00 0.000000000000000000e+00 7.675652861259069093e-01 2.887061665621724615e-01 -3.542997121695036500e-02 2.935025881532358216e-01 3.624826298429526580e-05 0.000000000000000000e+00 0.000000000000000000e+00 7.690000000000000000e+02 0.000000000000000000e+00 0.000000000000000000e+00 1.000000000000000000e+00
0.000000000000000000e+00 3.000000000000000000e+01 5.490000000000000213e+00 0.000000000000000000e+00 7.762608672061571680e-01 2.775552602559435700e-01 -4.143311902642671241e-02 2.876401399398102465e-01 2.561993735982495907e-05 0.000000000000000000e+00 0.000000000000000000e+00 7.690000000000000000e+02 0.000000000000000000e+00 0.000000000000000000e+00 1.000000000000000000e+00
0.000000000000000000e+00 3.000000000000000000e+01 5.500000000000000000e+00 0.000000000000000000e+00 7.852552254101643481e-01 2.659312504777177066e-01 -4.778202498560436828e-02 2.811048523779343111e-01 1.737207178241999663e-05 0.000000000000000000e+00 0.000000000000000000e+00 7.690000000000000000e+02 0.000000000000000000e+00 0.000000000000000000e+00 1.000000000000000000e+00
0.000000000000000000e+00 3.000000000000000000e+01 5.509999999999999787e+00 0.000000000000000000e+00 7.945518048311719372e-01 2.538163313962981116e-01 -5.449542594090620029e-02 2.738195209702918298e-01 1.121426888336373990e-05 0.000000000000000000e+00 0.000000000000000000e+00 7.690000000000000000e+02 0.000000000000000000e+00 0.000000000000000000e+00 1.000000000000000000e+00
0.000000000000000000e+00 3.000000000000000000e+01 5.519999999999999574e+00 0.000000000000000000e+00 8.041541652880840330e-01 2.411919451983103591e-01 -6.159313443381297937e-02 2.656980805906311582e-01 6.824877233966512424e-06 0.000000000000000000e+00 0.000000000000000000e+00 7.690000000000000000e+02 0.000000000000000000e+00 0.000000000000000000e+00 1.000000000000000000e+00
0.000000000000000000e+00 3.000000000000000000e+01 5.530000000000000249e+00 0.000000000000000000e+00 8.140659836885817402e-01 2.280387536610676835e-01 -6.909609717149617358e-02 2.566445887550055649e-01 3.866751670269450705e-06 0.000000000000000000e+00 0.000000000000000000e+00 7.690000000000000000e+02 0.000000000000000000e+00 0.000000000000000000e+00 1.000000000000000000e+00
0.000000000000000000e+00 3.000000000000000000e+01 5.540000000000000036e+00 0.000000000000000000e+00 8.242910554370734832e-01 2.143366085299937829e-01 -7.702645684459191733e-02 2.465520922070349452e-01 2.005964536731597643e-06 0.000000000000000000e+00 0.000000000000000000e+00 7.690000000000000000e+02 0.000000000000000000e+00 0.000000000000000000e+00 1.000000000000000000e+00
0.000000000000000000e+00 3.000000000000000000e+01 5.549999999999999822e+00 0.000000000000000000e+00 8.348332958880204657e-01 2.000645206552261468e-01 -8.540761747455327679e-02 2.353013634276132082e-01 9.318701880288780923e-07 0.000000000000000000e+00 0.000000000000000000e+00 7.690000000000000000e+02 0.000000000000000000e+00 0.000000000000000000e+00 1.000000000000000000e+00
0.000000000000000000e+00 3.000000000000000000e+01 5.559999999999999609e+00 0.000000000000000000e+00 8.456967418451922791e-01 1.852006278401240325e-01 -9.426431348343330963e-02 2.227594921428424357e-01 3.759570692746863212e-07 0.000000000000000000e+00 0.000000000000000000e+00 7.690000000000000000e+02 0.000000000000000000e+00 0.000000000000000000e+00 1.000000000000000000e+00
0.000000000000000000e+00 3.000000000000000000e+01 5.570000000000000284e+00 0.000000000000000000e+00 8.568855531074278664e-01 1.697221613524305950e-01 -1.036226826899362685e-01 2.087783151909989310e-01 1.261344712555576200e-07 0.000000000000000000e+00 0.000000000000000000e+00 7.690000000000000000e+02 0.000000000000000000e+00 0.000000000000000000e+00 1.000000000000000000e+00
0.000000000000000000e+00 3.000000000000000000e+01 5.580000000000000071e+00 0.000000000000000000e+00 8.684040140614944780e-01 1.536054110467896527e-01 -1.135103434471639028e-01 1.931926661997954708e-01 3.302440364465745110e-08 0.000000000000000000e+00 0.000000000000000000e+00 7.690000000000000000e+02 0.000000000000000000e+00 0.000000000000000000e+00 1.000000000000000000e+00
0.000000000000000000e+00 3.000000000000000000e+01 5.589999999999999858e+00 0.000000000000000000e+00 8.802565353226513567e-01 1.368256890451919061e-01 -1.239564761497040091e-01 1.758184243965323912e-01 6.122760042628135025e-09 0.000000000000000000e+00 0.000000000000000000e+00 7.690000000000000000e+02 0.000000000000000000e+00 0.000000000000000000e+00 1.000000000000000000e+00
0.000000000000000000e+00 3.000000000000000000e+01 5.599999999999999645e+00 0.000000000000000000e+00 8.924476554235499792e-01 1.193572919197161963e-01 -1.349919093506046497e-01 1.564503395007953712e-01 6.873919098136863249e-10 0.000000000000000000e+00 0.000000000000000000e+00 7.690000000000000000e+02 0.000000000000000000e+00 0.000000000000000000e+00 1.000000000000000000e+00
0.000000000000000000e+00 3.000000000000000000e+01 5.610000000000000320e+00 0.000000000000000000e+00 9.049820425521154510e-01 1.011734613196360044e-01 -1.466492107423822966e-01 1.348596070041082895e-01 3.568443763336901116e-11 0.000000000000000000e+00 0.000000000000000000e+00 7.690000000000000000e+02 0.000000000000000000e+00 0.000000000000000000e+00 1.000000000000000000e+00
0.000000000000000000e+00 3.000000000000000000e+01 5.620000000000000107e+00 0.000000000000000000e+00 9.178644963390761857e-01 8.224634298257954557e-02 -1.589627832705659827e-01 1.107911651921541507e-01 5.150305211251257124e-13 0.000000000000000000e+00 0.000000000000000000e+00 7.690000000000000000e+02 0.000000000000000000e+00 0.000000000000000000e+00 1.000000000000000000e+00
0.000000000000000000e+00 3.000000000000000000e+01 5.629999999999999893e+00 0.000000000000000000e+00 9.310999496958231036e-01 6.254694406695590625e-02 -1.719689666634270087e-01 8.396068197798613186e-02 6.945777698216187736e-16 0.000000000000000000e+00 0.000000000000000000e+00 7.690000000000000000e+02 0.000000000000000000e+00 0.000000000000000000e+00 1.000000000000000000e+00
0.000000000000000000e+00 3.000000000000000000e+01 5.639999999999999680e+00 0.000000000000000000e+00 9.446934707033065592e-01 4.204508874028885929e-02 -1.857061446775285785e-01 5.405119595023901574e-02 5.089751303852138182e-21 0.000000000000000000e+00 0.000000000000000000e+00 7.690000000000000000e+02 0.000000000000000000e+00 0.000000000000000000e+00 1.000000000000000000e+00
0.000000000000000000e+00 3.000000000000000000e+01 5.649999999999999467e+00 0.000000000000000000e+00 9.586502645526908672e-01 2.070937195542755030e-02 -2.002148583755966882e-01 2.070937195542755724e-02 5.289542704366250999e-33 1.000000000000000000e+00 1.000000000000000000e+00 7.690000000000000000e+02 0.000000000000000000e+00 0.000000000000000000e+00 1.000000000000000000e+00
0.000000000000000000e+00 3.000000000000000000e+01 5.660000000000000142e+00 0.000000000000000000e+00 9.370380489428336013e-01 4.194905182903096996e-02 -1.858903725341909119e-01 5.404968421687654512e-02 6.390201201383879705e-21 0.000000000000000000e+00 0.000000000000000000e+00 7.690000000000000000e+02 0.000000000000000000e+00 0.000000000000000000e+00 1.000000000000000000e+00
0.000000000000000000e+00 3.000000000000000000e+01 5.669999999999999929e+00 0.000000000000000000e+00 9.157861747832469757e-01 6.228913083034615106e-02 -1.723379660687009984e-01 8.395625267065688624e-02 9.697867317234971171e-16 0.000000000000000000e+00 0.000000000000000000e+00 7.690000000000000000e+02 0.000000000000000000e+00 0.000000000000000000e+00 1.000000000000000000e+00
0.000000000000000000e+00 3.000000000000000000e+01 5.679999999999999716e+00 0.000000000000000000e+00 8.948865043686564658e-01 8.176076619514079102e-02 -1.595176432128901090e-01 1.107823780035484401e-01 7.667449403262366879e-13 0.000000000000000000e+00 0.000000000000000000e+00 7.690000000000000000e+02 0.000000000000000000e+00 0.000000000000000000e+00 1.000000000000000000e+00
0.000000000000000000e+00 3.000000000000000000e+01 5.689999999999999503e+00 0.000000000000000000e+00 8.743310348586126324e-01 1.003937848642937752e-01 -1.473915687204992164e-01 1.348449701451674698e-01 5.555177369717319205e-11 0.000000000000000000e+00 0.000000000000000000e+00 7.690000000000000000e+02 0.000000000000000000e+00 0.000000000000000000e+00 1.000000000000000000e+00
0.000000000000000000e+00 3.000000000000000000e+01 5.700000000000000178e+00 0.000000000000000000e+00 8.541118952130654085e-01 1.182167291731471143e-01 -1.359239562061359263e-01 1.564282920774897889e-01 1.107181863128425521e-09 0.000000000000000000e+00 0.000000000000000000e+00 7.690000000000000000e+02 0.000000000000000000e+00 0.000000000000000000e+00 1.000000000000000000e+00
0.000000000000000000e+00 3.000000000000000000e+01 5.709999999999999964e+00 0.000000000000000000e+00 8.342213431784093469e-01 1.352569005730801244e-01 -1.250809625327464480e-01 1.757873179702689748e-01 1.013852007053745105e-08 0.000000000000000000e+00 0.000000000000000000e+00 7.690000000000000000e+02 0.000000000000000000e+00 0.000000000000000000e+00 1.000000000000000000e+00
0.000000000000000000e+00 3.000000000000000000e+01 5.719999999999999751e+00 0.000000000000000000e+00 8.146517623228427540e-01 1.515404014522790388e-01 -1.148305879339885649e-01 1.931507453136191987e-01 5.598429325226002808e-08 0.000000000000000000e+00 0.000000000000000000e+00 7.690000000000000000e+02 0.000000000000000000e+00 0.000000000000000000e+00 1.000000000000000000e+00
0.000000000000000000e+00 3.000000000000000000e+01 5.729999999999999538e+00 0.000000000000000000e+00 7.953956591199056181e-01 1.670921751197635141e-01 -1.051425815767474681e-01 2.087236966315348663e-01 2.182868377714544130e-07 0.000000000000000000e+00 0.000000000000000000e+00 7.690000000000000000e+02 0.000000000000000000e+00 0.000000000000000000e+00 1.000000000000000000e+00
0.000000000000000000e+00 3.000000000000000000e+01 5.740000000000000213e+00 0.000000000000000000e+00 7.764456600790800023e-01 1.819360440139191348e-01 -9.598835228509039474e-02 2.226901426929899508e-01 6.628363448502910040e-07 0.000000000000000000e+00 0.000000000000000000e+00 7.690000000000000000e+02 0.000000000000000000e+00 0.000000000000000000e+00 1.000000000000000000e+00
0.000000000000000000e+00 3.000000000000000000e+01 5.750000000000000000e+00 0.000000000000000000e+00 7.577945089223563357e-01 1.960947461940626413e-01 -8.734088416219037976e-02 2.352150758471738545e-01 1.671247095453681471e-06 0.000000000000000000e+00 0.000000000000000000e+00 7.690000000000000000e+02 0.000000000000000000e+00 0.000000000000000000e+00 1.000000000000000000e+00
0.000000000000000000e+00 3.000000000000000000e+01 5.759999999999999787e+00 0.000000000000000000e+00 7.394350638056784719e-01 2.095899701709398877e-01 -7.917465686120236934e-02 2.464464591575212526e-01 3.655325900627073637e-06 0.000000000000000000e+00 0.000000000000000000e+00 7.690000000000000000e+02 0.000000000000000000e+00 0.000000000000000000e+00 1.000000000000000000e+00
0.000000000000000000e+00 3.000000000000000000e+01 5.769999999999999574e+00 0.000000000000000000e+00 7.213602945842118030e-01 2.224423881295093386e-01 -7.146557026979580285e-02 2.565169743605934527e-01 7.152832922653647846e-06 0.000000000000000000e+00 0.000000000000000000e+00 7.690000000000000000e+02 0.000000000000000000e+00 0.000000000000000000e+00 1.000000000000000000e+00
0.000000000000000000e+00 3.000000000000000000e+01 5.780000000000000249e+00 0.000000000000000000e+00 7.035632801203796083e-01 2.346716875949029779e-01 -6.419087338607326609e-02 2.655455892992899525e-01 1.280699201403366150e-05 0.000000000000000000e+00 0.000000000000000000e+00 7.690000000000000000e+02 0.000000000000000000e+00 0.000000000000000000e+00 1.000000000000000000e+00
0.000000000000000000e+00 3.000000000000000000e+01 5.790000000000000036e+00 0.000000000000000000e+00 6.860372056336414559e-01 2.462966015900695804e-01 -5.732909717597453603e-02 2.736389633472344207e-01 2.133509434311923894e-05 0.000000000000000000e+00 0.000000000000000000e+00 7.690000000000000000e+02 0.000000000000000000e+00 0.000000000000000000e+00 1.000000000000000000e+00
0.000000000000000000e+00 3.000000000000000000e+01 5.799999999999999822e+00 0.000000000000000000e+00 6.687753600909980278e-01 2.573349373312990296e-01 -5.085999121401488243e-02 2.808927074272888347e-01 3.349206160494996604e-05 0.000000000000000000e+00 0.000000000000000000e+00 7.690000000000000000e+02 0.000000000000000000e+00 0.000000000000000000e+00 1.000000000000000000e+00
0.000000000000000000e+00 3.000000000000000000e+01 5.809999999999999609e+00 0.000000000000000000e+00 6.517711336372212783e-01 2.678036035055807451e-01 -4.476446392037219946e-02 2.873925135094018146e-01 5.003389056265964124e-05 0.000000000000000000e+00 0.000000000000000000e+00 7.690000000000000000e+02 0.000000000000000000e+00 0.000000000000000000e+00 1.000000000000000000e+00
0.000000000000000000e+00 3.000000000000000000e+01 5.820000000000000284e+00 0.000000000000000000e+00 6.350180150638291554e-01 2.777186361715821006e-01 -3.902452621795168830e-02 2.932151669310920639e-01 7.168440973577658477e-05 0.000000000000000000e+00 0.000000000000000000e+00 7.690000000000000000e+02 0.000000000000000000e+00 0.000000000000000000e+00 1.000000000000000000e+00
0.000000000000000000e+00 3.000000000000000000e+01 5.830000000000000071e+00 0.000000000000000000e+00 6.185095893158312208e-01 2.870952233239220663e-01 -3.362323844314860088e-02 2.984294534995958759e-01 9.910731717636457085e-05 0.000000000000000000e+00 0.000000000000000000e+00 7.690000000000000000e+02 0.000000000000000000e+00 0.000000000000000000e+00 1.000000000000000000e+00
0.000000000000000000e+00 3.000000000000000000e+01 5.839999999999999858e+00 0.000000000000000000e+00 6.022395350352964805e-01 2.959477281583671737e-01 -2.854466035363260878e-02 3.030969720917142118e-01 1.328842976166197138e-04 0.000000000000000000e+00 0.000000000000000000e+00 7.690000000000000000e+02 0.000000000000000000e+00 0.000000000000000000e+00 1.000000000000000000e+00
0.000000000000000000e+00 3.000000000000000000e+01 5.849999999999999645e+00 0.000000000000000000e+00 5.862016221407959637e-01 3.042897110735883759e-01 -2.377380408561716174e-02 3.072728623509904389e-01 1.734992001441401123e-04 0.000000000000000000e+00 0.000000000000000000e+00 7.690000000000000000e+02 0.000000000000000000e+00 0.000000000000000000e+00 1.000000000000000000e+00
0.000000000000000000e+00 3.000000000000000000e+01 5.860000000000000320e+00 0.000000000000000000e+00 5.703897094417988978e-01 3.121339504431825396e-01 -1.929658992178182042e-02 3.110064560788583510e-01 2.213277565257733455e-04 0.000000000000000000e+00 0.000000000000000000e+00 7.690000000000000000e+02 0.000000000000000000e+00 0.000000000000000000e+00 1.000000000000000000e+00
0.000000000000000000e+00 3.000000000000000000e+01 5.870000000000000107e+00 0.000000000000000000e+00 5.547977422871058772e-01 3.194924621897735628e-01 -1.509980473930999656e-02 3.143418600149541775e-01 2.766320624875929710e-04 0.000000000000000000e+00 0.000000000000000000e+00 7.690000000000000000e+02 0.000000000000000000e+00 0.000000000000000000e+00 1.000000000000000000e+00
0.000000000000000000e+00 3.000000000000000000e+01 5.879999999999999893e+00 0.000000000000000000e+00 5.394197502464203042e-01 3.263765181911837399e-01 -1.117106301541405389e-02 3.173184768912608589e-01 3.395589550953389754e-04 0.000000000000000000e+00 0.000000000000000000e+00 7.690000000000000000e+02 0.000000000000000000e+00 0.000000000000000000e+00 1.000000000000000000e+00
0.000000000000000000e+00 3.000000000000000000e+01 5.889999999999999680e+00 0.000000000000000000e+00 5.242498448241676989e-01 3.327966635468621592e-01 -7.498770275268171193e-03 3.199714709155447312e-01 4.101414366721898783e-04 0.000000000000000000e+00 0.000000000000000000e+00 7.690000000000000000e+02 0.000000000000000000e+00 0.000000000000000000e+00 1.000000000000000000e+00
0.000000000000000000e+00 3.000000000000000000e+01 5.899999999999999467e+00 0.000000000000000000e+00 5.092822172046908014e-01 3.387627327310259173e-01 -4.072088874475923714e-03 3.223321831830650575e-01 4.883023730865264367e-04 0.000000000000000000e+00 0.000000000000000000e+00 7.690000000000000000e+02 0.000000000000000000e+00 0.000000000000000000e+00 1.000000000000000000e+00
0.000000000000000000e+00 3.000000000000000000e+01 5.910000000000000142e+00 0.000000000000000000e+00 4.945111360279549895e-01 3.442838646572532468e-01 -8.809060150907765951e-04 3.244285019240179535e-01 5.738597998705113196e-04 0.000000000000000000e+00 0.000000000000000000e+00 7.690000000000000000e+02 0.000000000000000000e+00 0.000000000000000000e+00 1.000000000000000000e+00
0.000000000000000000e+00 3.000000000000000000e+01 5.919999999999999929e+00 0.000000000000000000e+00 4.799309451949126393e-01 3.493685166776090978e-01 2.084196099201754415e-03 3.262851919606206685e-01 6.665332830925515400e-04 0.000000000000000000e+00 0.000000000000000000e+00 7.690000000000000000e+02 0.000000000000000000e+00 0.000000000000000000e+00 1.000000000000000000e+00
0.000000000000000000e+00 3.000000000000000000e+01 5.929999999999999716e+00 0.000000000000000000e+00 4.655360617016856550e-01 3.540244775377408004e-01 4.831968056818097823e-03 3.279241872658760215e-01 7.659508911471383380e-04 0.000000000000000000e+00 0.000000000000000000e+00 7.690000000000000000e+02 0.000000000000000000e+00 0.000000000000000000e+00 1.000000000000000000e+00
0.000000000000000000e+00 3.000000000000000000e+01 5.939999999999999503e+00 0.000000000000000000e+00 4.513209735017394975e-01 3.582588793077959299e-01 7.370519062951413902e-03 3.293648500801515389e-01 8.716564322854931587e-04 0.000000000000000000e+00 0.000000000000000000e+00 7.690000000000000000e+02 0.000000000000000000e+00 0.000000000000000000e+00 1.000000000000000000e+00
0.000000000000000000e+00 3.000000000000000000e+01 5.950000000000000178e+00 0.000000000000000000e+00 4.372802373952250354e-01 3.620782083074333135e-01 9.707340871400557680e-03 3.306241996466441346e-01 9.831166981067434446e-04 0.000000000000000000e+00 0.000000000000000000e+00 7.690000000000000000e+02 0.000000000000000000e+00 0.000000000000000000e+00 1.000000000000000000e+00
0.000000000000000000e+00 3.000000000000000000e+01 5.959999999999999964e+00 0.000000000000000000e+00 4.234084769446850305e-01 3.654883150416634585e-01 1.184932989418105431e-02 3.317171132678911616e-01 1.099728524919697456e-03 0.000000000000000000e+00 0.000000000000000000e+00 7.690000000000000000e+02 0.000000000000000000e+00 0.000000000000000000e+00 1.000000000000000000e+00
0.000000000000000000e+00 3.000000000000000000e+01 5.969999999999999751e+00 0.000000000000000000e+00 4.097003804163245611e-01 3.684944231627405031e-01 1.380280755416755933e-02 3.326565020585054433e-01 1.220825543688018253e-03 0.000000000000000000e+00 0.000000000000000000e+00 7.690000000000000000e+02 0.000000000000000000e+00 0.000000000000000000e+00 1.000000000000000000e+00
0.000000000000000000e+00 3.000000000000000000e+01 5.979999999999999538e+00 0.000000000000000000e+00 3.961506987460571283e-01 3.711011374718278244e-01 1.557353894083235435e-02 3.334534634703855138e-01 1.345684536636831963e-03 0.000000000000000000e+00 0.000000000000000000e+00 7.690000000000000000e+02 0.000000000000000000e+00 0.000000000000000000e+00 1.000000000000000000e+00
0.000000000000000000e+00 3.000000000000000000e+01 5.990000000000000213e+00 0.000000000000000000e+00 3.827542435295491208e-01 3.733124509727047124e-01 1.716674982413658040e-02 3.341174123922575068e-01 1.473531356216627522e-03 0.000000000000000000e+00 0.000000000000000000e+00 7.690000000000000000e+02 0.000000000000000000e+00 0.000000000000000000e+00 1.000000000000000000e+00
0.000000000000000000e+00 3.000000000000000000e+01 6.000000000000000000e+00 0.000000000000000000e+00 3.695058850354905888e-01 3.751317509883062562e-01 1.858714207678584251e-02 3.346561923722846110e-01 1.603546391691796150e-03 0.000000000000000000e+00 0.000000000000000000e+00 7.690000000000000000e+02 0.000000000000000000e+00 0.000000000000000000e+00 1.000000000000000000e+00
0.000000000000000000e+00 3.000000000000000000e+01 6.009999999999999787e+00 0.000000000000000000e+00 3.564005502413337134e-01 3.765618243494755490e-01 1.983890755036357700e-02 3.350761682776789985e-01 1.734869591738850622e-03 0.000000000000000000e+00 0.000000000000000000e+00 7.690000000000000000e+02 0.000000000000000000e+00 0.000000000000000000e+00 1.000000000000000000e+00
0.000000000000000000e+00 3.000000000000000000e+01 6.019999999999999574e+00 0.000000000000000000e+00 3.434332208907465711e-01 3.776048616638737476e-01 2.092574044629388896e-02 3.353823014859396157e-01 1.866605069531523248e-03 0.000000000000000000e+00 0.000000000000000000e+00 7.690000000000000000e+02 0.000000000000000000e+00 0.000000000000000000e+00 1.000000000000000000e+00
0.000000000000000000e+00 3.000000000000000000e+01 6.030000000000000249e+00 0.000000000000000000e+00 3.305989315720358479e-01 3.782624606715834226e-01 2.185084821814262807e-02 3.355782084959936795e-01 1.997825331104426810e-03 0.000000000000000000e+00 0.000000000000000000e+00 7.690000000000000000e+02 0.000000000000000000e+00 0.000000000000000000e+00 1.000000000000000000e+00
0.000000000000000000e+00 3.000000000000000000e+01 6.040000000000000036e+00 0.000000000000000000e+00 3.178927678168076421e-01 3.785356286925535274e-01 2.261696103743186803e-02 3.356662036516383507e-01 2.127575179404241068e-03 0.000000000000000000e+00 0.000000000000000000e+00 7.690000000000000000e+02 0.000000000000000000e+00 0.000000000000000000e+00 1.000000000000000000e+00
0.000000000000000000e+00 3.000000000000000000e+01 6.049999999999999822e+00 0.000000000000000000e+00 3.053098642181317768e-01 3.784247841696239956e-01 2.322633985090261088e-02 3.356473264819982982e-01 2.254875356285370933e-03 0.000000000000000000e+00 0.000000000000000000e+00 7.690000000000000000e+02 0.000000000000000000e+00 0.000000000000000000e+00 1.000000000000000000e+00
0.000000000000000000e+00 3.000000000000000000e+01 6.059999999999999609e+00 0.000000000000000000e+00 2.928454025674961381e-01 3.779297573095050100e-01 2.368078305300497233e-02 3.355213539819831281e-01 2.378725993594000415e-03 0.000000000000000000e+00 0.000000000000000000e+00 7.690000000000000000e+02 0.000000000000000000e+00 0.000000000000000000e+00 1.000000000000000000e+00
0.000000000000000000e+00 3.000000000000000000e+01 6.070000000000000284e+00 0.000000000000000000e+00 2.804946100098315021e-01 3.770497898226841671e-01 2.398163179330717321e-02 3.352867979778210716e-01 2.498109953123536786e-03 0.000000000000000000e+00 0.000000000000000000e+00 7.690000000000000000e+02 0.000000000000000000e+00 0.000000000000000000e+00 1.000000000000000000e+00
0.000000000000000000e+00 3.000000000000000000e+01 6.080000000000000071e+00 0.000000000000000000e+00 2.682527572159041918e-01 3.757835337618664617e-01 2.412977393448662022e-02 3.349408875465467728e-01 2.611996144264893543e-03 0.000000000000000000e+00 0.000000000000000000e+00 7.690000000000000000e+02 0.000000000000000000e+00 0.000000000000000000e+00 1.000000000000000000e+00
0.000000000000000000e+00 3.000000000000000000e+01 6.089999999999999858e+00 0.000000000000000000e+00 2.561151565713745137e-01 3.741290494571711811e-01 2.412564667258398909e-02 3.344795362817530870e-01 2.719342918228149358e-03 0.000000000000000000e+00 0.000000000000000000e+00 7.690000000000000000e+02 0.000000000000000000e+00 0.000000000000000000e+00 1.000000000000000000e+00
0.000000000000000000e+00 3.000000000000000000e+01 6.099999999999999645e+00 0.000000000000000000e+00 2.440771603818305546e-01 3.720838025449135777e-01 2.396923782725311758e-02 3.338972940189068317e-01 2.819101649382479285e-03 0.000000000000000000e+00 0.000000000000000000e+00 7.690000000000000000e+02 0.000000000000000000e+00 0.000000000000000000e+00 1.000000000000000000e+00
0.000000000000000000e+00 3.000000000000000000e+01 6.110000000000000320e+00 0.000000000000000000e+00 2.321341590931055299e-01 3.696446600854308429e-01 2.366008580581440562e-02 3.331872824499314545e-01 2.910220628168150997e-03 0.000000000000000000e+00 0.000000000000000000e+00 7.690000000000000000e+02 0.000000000000000000e+00 0.000000000000000000e+00 1.000000000000000000e+00
0.000000000000000000e+00 3.000000000000000000e+01 6.120000000000000107e+00 0.000000000000000000e+00 2.202815795262013376e-01 3.668078857639979762e-01 2.319727824100580038e-02 3.323411138664436604e-01 2.991649406838655517e-03 0.000000000000000000e+00 0.000000000000000000e+00 7.690000000000000000e+02 0.000000000000000000e+00 0.000000000000000000e+00 1.000000000000000000e+00
0.000000000000000000e+00 3.000000000000000000e+01 6.129999999999999893e+00 0.000000000000000000e+00 2.085148831261404712e-01 3.635691341674849864e-01 2.257944929841097792e-02 3.313487920717169133e-01 3.062343759725406206e-03 0.000000000000000000e+00 0.000000000000000000e+00 7.690000000000000000e+02 0.000000000000000000e+00 0.000000000000000000e+00 1.000000000000000000e+00
0.000000000000000000e+00 3.000000000000000000e+01 6.139999999999999680e+00 0.000000000000000000e+00 1.968295642240749932e-01 3.599234441279892671e-01 2.180477564561843218e-02 3.301985942907985638e-01 3.121271444598561207e-03 0.000000000000000000e+00 0.000000000000000000e+00 7.690000000000000000e+02 0.000000000000000000e+00 0.000000000000000000e+00 1.000000000000000000e+00
0.000000000000000000e+00 3.000000000000000000e+01 6.150000000000000355e+00 0.000000000000000000e+00 1.852211483119901581e-01 3.558652311232436416e-01 2.087097107121574369e-02 3.288769326837279183e-01 3.167418981957260266e-03 0.000000000000000000e+00 0.000000000000000000e+00 7.690000000000000000e+02 0.000000000000000000e+00 0.000000000000000000e+00 1.000000000000000000e+00
0.000000000000000000e+00 3.000000000000000000e+01 6.160000000000000142e+00 0.000000000000000000e+00 1.736851903293380461e-01 3.513882787221625503e-01 1.977527973773862691e-02 3.273681938258422575e-01 3.199799705777162107e-03 0.000000000000000000e+00 0.000000000000000000e+00 7.690000000000000000e+02 0.000000000000000000e+00 0.000000000000000000e+00 1.000000000000000000e+00
0.000000000000000000e+00 3.000000000000000000e+01 6.169999999999999929e+00 0.000000000000000000e+00 1.622172729609486774e-01 3.464857290624204778e-01 1.851446804866286461e-02 3.256545542588774600e-01 3.217463383556079526e-03 0.000000000000000000e+00 0.000000000000000000e+00 7.690000000000000000e+02 0.000000000000000000e+00 0.000000000000000000e+00 1.000000000000000000e+00
0.000000000000000000e+00 3.000000000000000000e+01 6.179999999999999716e+00 0.000000000000000000e+00 1.508130049455643773e-01 3.411500723454762296e-01 1.708481510543708587e-02 3.237157699338768513e-01 3.219507756721747688e-03 0.000000000000000000e+00 0.000000000000000000e+00 7.690000000000000000e+02 0.000000000000000000e+00 0.000000000000000000e+00 1.000000000000000000e+00
0.000000000000000000e+00 3.000000000000000000e+01 6.189999999999999503e+00 0.000000000000000000e+00 1.394680193943506341e-01 3.353731353329524323e-01 1.548210172639324228e-02 3.215289370584982209e-01 3.205092415942044359e-03 0.000000000000000000e+00 0.000000000000000000e+00 7.690000000000000000e+02 0.000000000000000000e+00 0.000000000000000000e+00 1.000000000000000000e+00
0.000000000000000000e+00 3.000000000000000000e+01 6.200000000000000178e+00 0.000000000000000000e+00 1.281779721187403243e-01 3.291460688267449086e-01 1.370159799512746246e-02 3.190682215234907915e-01 3.173455500861632056e-03 0.000000000000000000e+00 0.000000000000000000e+00 7.690000000000000000e+02 0.000000000000000000e+00 0.000000000000000000e+00 1.000000000000000000e+00
0.000000000000000000e+00 3.000000000000000000e+01 6.209999999999999964e+00 0.000000000000000000e+00 1.169385399669694986e-01 3.224593341136930413e-01 1.173804930160413096e-02 3.163045537119299477e-01 3.123933801196559362e-03 0.000000000000000000e+00 0.000000000000000000e+00 7.690000000000000000e+02 0.000000000000000000e+00 0.000000000000000000e+00 1.000000000000000000e+00
0.000000000000000000e+00 3.000000000000000000e+01 6.219999999999999751e+00 0.000000000000000000e+00 1.057454191686688222e-01 3.153026883540336334e-01 9.585660834788012341e-03 3.132052850858409454e-01 3.055986936042680985e-03 0.000000000000000000e+00 0.000000000000000000e+00 7.690000000000000000e+02 0.000000000000000000e+00 0.000000000000000000e+00 1.000000000000000000e+00
0.000000000000000000e+00 3.000000000000000000e+01 6.229999999999999538e+00 0.000000000000000000e+00 9.459432368687663295e-02 3.076651688912686589e-01 7.238080481038661196e-03 3.097338024933065648e-01 2.969226399124211269e-03 0.000000000000000000e+00 0.000000000000000000e+00 7.690000000000000000e+02 0.000000000000000000e+00 0.000000000000000000e+00 1.000000000000000000e+00
0.000000000000000000e+00 3.000000000000000000e+01 6.240000000000000213e+00 0.000000000000000000e+00 8.348098357684181903e-02 2.995350764594038595e-01 4.688380077797649204e-03 3.058490956396828220e-01 2.863450374795798586e-03 0.000000000000000000e+00 0.000000000000000000e+00 7.690000000000000000e+02 0.000000000000000000e+00 0.000000000000000000e+00 1.000000000000000000e+00
0.000000000000000000e+00 3.000000000000000000e+01 6.250000000000000000e+00 0.000000000000000000e+00 7.240114335098983556e-02 2.908999572618390372e-01 1.929034967244114274e-03 3.015052726132499417e-01 2.738685342471645912e-03 0.000000000000000000e+00 0.000000000000000000e+00 7.690000000000000000e+02 0.000000000000000000e+00 0.000000000000000000e+00 1.000000000000000000e+00
0.000000000000000000e+00 3.000000000000000000e+01 6.259999999999999787e+00 0.000000000000000000e+00 6.135056034942311387e-02 2.817465838944570033e-01 -1.048098210422301890e-03 2.966510177419721117e-01 2.595235575209225293e-03 0.000000000000000000e+00 0.000000000000000000e+00 7.690000000000000000e+02 0.000000000000000000e+00 0.000000000000000000e+00 1.000000000000000000e+00
0.000000000000000000e+00 3.000000000000000000e+01 6.269999999999999574e+00 0.000000000000000000e+00 5.032500311533466553e-02 2.720609350836898366e-01 -4.251805549607245993e-03 2.912289853767662251e-01 2.433741663181814702e-03 0.000000000000000000e+00 0.000000000000000000e+00 7.690000000000000000e+02 0.000000000000000000e+00 0.000000000000000000e+00 1.000000000000000000e+00
0.000000000000000000e+00 3.000000000000000000e+01 6.280000000000000249e+00 0.000000000000000000e+00 3.932024977471086646e-02 2.618281742085222241e-01 -7.691541808781607314e-03 2.851751224397500173e-01 2.255249085971357606e-03 0.000000000000000000e+00 0.000000000000000000e+00 7.690000000000000000e+02 0.000000000000000000e+00 0.000000000000000000e+00 1.000000000000000000e+00
0.000000000000000000e+00 3.000000000000000000e+01 6.290000000000000036e+00 0.000000000000000000e+00 2.833208641970388908e-02 2.510326265735352558e-01 -1.137745831329771418e-02 2.784179117344041665e-01 2.061287497872123925e-03 0.000000000000000000e+00 0.000000000000000000e+00 7.690000000000000000e+02 0.000000000000000000e+00 0.000000000000000000e+00 1.000000000000000000e+00
0.000000000000000000e+00 3.000000000000000000e+01 6.299999999999999822e+00 0.000000000000000000e+00 1.735630549505476350e-02 2.396577553981745767e-01 -1.532043291390913775e-02 2.708775270785106493e-01 1.853960567251461064e-03 0.000000000000000000e+00 0.000000000000000000e+00 7.690000000000000000e+02 0.000000000000000000e+00 0.000000000000000000e+00 1.000000000000000000e+00
0.000000000000000000e+00 3.000000000000000000e+01 6.309999999999999609e+00 0.000000000000000000e+00 6.388704186948076201e-03 2.276861364854635139e-01 -1.953210208940699133e-02 2.624648902790419069e-01 1.636044562686806564e-03 0.000000000000000000e+00 0.000000000000000000e+00 7.690000000000000000e+02 0.000000000000000000e+00 0.000000000000000000e+00 1.000000000000000000e+00
0.000000000000000000e+00 3.000000000000000000e+01 6.320000000000000284e+00 0.000000000000000000e+00 -4.574917186316682961e-03 2.150994315313590755e-01 -2.402489528811396768e-02 2.530806188085952813e-01 1.411090789957443470e-03 0.000000000000000000e+00 0.000000000000000000e+00 7.690000000000000000e+02 0.000000000000000000e+00 0.000000000000000000e+00 1.000000000000000000e+00
0.000000000000000000e+00 3.000000000000000000e+01 6.330000000000000071e+00 0.000000000000000000e+00 -1.553875678245504599e-02 2.018783600338648065e-01 -2.881207160958436375e-02 2.426138517517647808e-01 1.183521424601237729e-03 0.000000000000000000e+00 0.000000000000000000e+00 7.690000000000000000e+02 0.000000000000000000e+00 0.000000000000000000e+00 1.000000000000000000e+00
0.000000000000000000e+00 3.000000000000000000e+01 6.339999999999999858e+00 0.000000000000000000e+00 -2.650701284274382952e-02 1.880026697588706996e-01 -3.390775893476509484e-02 2.309409401517917848e-01 9.586985714376055831e-04 0.000000000000000000e+00 0.000000000000000000e+00 7.690000000000000000e+02 0.000000000000000000e+00 0.000000000000000000e+00 1.000000000000000000e+00
0.000000000000000000e+00 3.000000000000000000e+01 6.349999999999999645e+00 0.000000000000000000e+00 -3.748388529959940929e-02 1.734511057174798754e-01 -3.932699562009808747e-02 2.179239862859280452e-01 7.429298951972442694e-04 0.000000000000000000e+00 0.000000000000000000e+00 7.690000000000000000e+02 0.000000000000000000e+00 0.000000000000000000e+00 1.000000000000000000e+00
0.000000000000000000e+00 3.000000000000000000e+01 6.360000000000000320e+00 0.000000000000000000e+00 -4.847357738480326250e-02 1.582013776072996869e-01 -4.508577487861173405e-02 2.034092146132684131e-01 5.433472367566607314e-04 0.000000000000000000e+00 0.000000000000000000e+00 7.690000000000000000e+02 0.000000000000000000e+00 0.000000000000000000e+00 1.000000000000000000e+00
0.000000000000000000e+00 3.000000000000000000e+01 6.370000000000000107e+00 0.000000000000000000e+00 -5.948029723899152243e-02 1.422301256678253079e-01 -5.120109197897804165e-02 1.872251551502766009e-01 3.675534803234663944e-04 0.000000000000000000e+00 0.000000000000000000e+00 7.690000000000000000e+02 0.000000000000000000e+00 0.000000000000000000e+00 1.000000000000000000e+00
0.000000000000000000e+00 3.000000000000000000e+01 6.379999999999999893e+00 0.000000000000000000e+00 -7.050825952302348931e-02 1.255128848976104494e-01 -5.769099440182959282e-02 1.691806178133427874e-01 2.228786314458926741e-04 0.000000000000000000e+00 0.000000000000000000e+00 7.690000000000000000e+02 0.000000000000000000e+00 0.000000000000000000e+00 1.000000000000000000e+00
0.000000000000000000e+00 3.000000000000000000e+01 6.389999999999999680e+00 0.000000000000000000e+00 -8.156168703184744906e-02 1.080240475784142312e-01 -6.457463510135694196e-02 1.490624337983088576e-01 1.150423649173718064e-04 0.000000000000000000e+00 0.000000000000000000e+00 7.690000000000000000e+02 0.000000000000000000e+00 0.000000000000000000e+00 1.000000000000000000e+00
0.000000000000000000e+00 3.000000000000000000e+01 6.400000000000000355e+00 0.000000000000000000e+00 -9.264481231148079254e-02 8.973682404891708542e-02 -7.187232902937162882e-02 1.266329373147897230e-01 4.608721014710153753e-05 0.000000000000000000e+00 0.000000000000000000e+00 7.690000000000000000e+02 0.000000000000000000e+00 0.000000000000000000e+00 1.000000000000000000e+00
0.000000000000000000e+00 3.000000000000000000e+01 6.410000000000000142e+00 0.000000000000000000e+00 -1.037618792797241341e-01 7.062320166791899445e-02 -7.960561308864860797e-02 1.016271579258059971e-01 1.192399276503643894e-05 0.000000000000000000e+00 0.000000000000000000e+00 7.690000000000000000e+02 0.000000000000000000e+00 0.000000000000000000e+00 1.000000000000000000e+00
0.000000000000000000e+00 3.000000000000000000e+01 6.419999999999999929e+00 0.000000000000000000e+00 -1.149171448512298077e-01 5.065390190415849925e-02 -8.779730969248150663e-02 7.374969032448513984e-02 1.296902959585394277e-06 0.000000000000000000e+00 0.000000000000000000e+00 7.690000000000000000e+02 0.000000000000000000e+00 0.000000000000000000e+00 1.000000000000000000e+00
0.000000000000000000e+00 3.000000000000000000e+01 6.429999999999999716e+00 0.000000000000000000e+00 -1.261148805675473827e-01 2.979833548702287560e-02 -9.647159411802758155e-02 4.267120456899687470e-02 1.600962371690560956e-08 0.000000000000000000e+00 0.000000000000000000e+00 7.690000000000000000e+02 0.000000000000000000e+00 0.000000000000000000e+00 1.000000000000000000e+00
0.000000000000000000e+00 3.000000000000000000e+01 6.439999999999999503e+00 0.000000000000000000e+00 -1.373593742327693379e-01 8.024555549448026195e-03 -1.056540658522147902e-01 8.024555549448024461e-03 1.997956260284063478e-14 1.000000000000000000e+00 1.000000000000000000e+00 7.690000000000000000e+02 0.000000000000000000e+00 0.000000000000000000e+00 1.000000000000000000e+00
0.000000000000000000e+00 3.000000000000000000e+01 6.450000000000000178e+00 0.000000000000000000e+00 -1.378464413421501278e-01 2.985164554393258257e-02 -9.592694014623290300e-02 4.267219302016398569e-02 2.201726526006909149e-08 0.000000000000000000e+00 0.000000000000000000e+00 7.690000000000000000e+02 0.000000000000000000e+00 0.000000000000000000e+00 1.000000000000000000e+00
0.000000000000000000e+00 3.000000000000000000e+01 6.459999999999999964e+00 0.000000000000000000e+00 -1.383847586152524844e-01 5.082174975825109325e-02 -8.670639436993757276e-02 7.375305235471285581e-02 2.017818212000564943e-06 0.000000000000000000e+00 0.000000000000000000e+00 7.690000000000000000e+02 0.000000000000000000e+00 0.000000000000000000e+00 1.000000000000000000e+00
0.000000000000000000e+00 3.000000000000000000e+01 6.469999999999999751e+00 0.000000000000000000e+00 -1.389745321829463087e-01 7.096699051017017756e-02 -7.796521691376095964e-02 1.016343067032196290e-01 2.005530934191568663e-05 0.000000000000000000e+00 0.000000000000000000e+00 7.690000000000000000e+02 0.000000000000000000e+00 0.000000000000000000e+00 1.000000000000000000e+00
0.000000000000000000e+00 3.000000000000000000e+01 6.479999999999999538e+00 0.000000000000000000e+00 -1.396159878795952269e-01 9.031822657932708776e-02 -6.967761087653553953e-02 1.266453307421816776e-01 8.231560911930297080e-05 0.000000000000000000e+00 0.000000000000000000e+00 7.690000000000000000e+02 0.000000000000000000e+00 0.000000000000000000e+00 1.000000000000000000e+00
0.000000000000000000e+00 3.000000000000000000e+01 6.490000000000000213e+00 0.000000000000000000e+00 -1.403093713295316125e-01 1.089051004771674630e-01 -6.181911793386149490e-02 1.490815917360458487e-01 2.162920083241441985e-04 0.000000000000000000e+00 0.000000000000000000e+00 7.690000000000000000e+02 0.000000000000000000e+00 0.000000000000000000e+00 1.000000000000000000e+00
0.000000000000000000e+00 3.000000000000000000e+01 6.500000000000000000e+00 0.000000000000000000e+00 -1.410549480411109613e-01 1.267560838537858114e-01 -5.436654615687303016e-02 1.692081400342079489e-01 4.389384814638265346e-04 0.000000000000000000e+00 0.000000000000000000e+00 7.690000000000000000e+02 0.000000000000000000e+00 0.000000000000000000e+00 1.000000000000000000e+00
0.000000000000000000e+00 3.000000000000000000e+01 6.509999999999999787e+00 0.000000000000000000e+00 -1.418530035083792884e-01 1.438985211112228935e-01 -4.729790156838128978e-02 1.872627402383552353e-01 7.560236875695843656e-04 0.000000000000000000e+00 0.000000000000000000e+00 7.690000000000000000e+02 0.000000000000000000e+00 0.000000000000000000e+00 1.000000000000000000e+00
0.000000000000000000e+00 3.000000000000000000e+01 6.519999999999999574e+00 0.000000000000000000e+00 -1.427038433203935419e-01 1.603586712900275102e-01 -4.059232323440420398e-02 2.034586800301392273e-01 1.165164295486955867e-03 0.000000000000000000e+00 0.000000000000000000e+00 7.690000000000000000e+02 0.000000000000000000e+00 0.000000000000000000e+00 1.000000000000000000e+00
0.000000000000000000e+00 3.000000000000000000e+01 6.530000000000000249e+00 0.000000000000000000e+00 -1.436077932782371946e-01 1.761617482932458234e-01 -3.423002169952577001e-02 2.179872898412117677e-01 1.659096627496138912e-03 0.000000000000000000e+00 0.000000000000000000e+00 7.690000000000000000e+02 0.000000000000000000e+00 0.000000000000000000e+00 1.000000000000000000e+00
0.000000000000000000e+00 3.000000000000000000e+01 6.540000000000000036e+00 0.000000000000000000e+00 -1.445651995197747841e-01 1.913319595094537806e-01 -2.819222058439471712e-02 2.310202031316982429e-01 2.228140441075589229e-03 0.000000000000000000e+00 0.000000000000000000e+00 7.690000000000000000e+02 0.000000000000000000e+00 0.000000000000000000e+00 1.000000000000000000e+00
0.000000000000000000e+00 3.000000000000000000e+01 6.549999999999999822e+00 0.000000000000000000e+00 -1.455764286521941120e-01 2.058925428939943347e-01 -2.246110117300663400e-02 2.427113839788679062e-01 2.861802602175781557e-03 0.000000000000000000e+00 0.000000000000000000e+00 7.690000000000000000e+02 0.000000000000000000e+00 0.000000000000000000e+00 1.000000000000000000e+00
0.000000000000000000e+00 3.000000000000000000e+01 6.559999999999999609e+00 0.000000000000000000e+00 -1.466418678923864516e-01 2.198658025652242276e-01 -1.701974982623488675e-02 2.531989459288788713e-01 3.549729432457609385e-03 0.000000000000000000e+00 0.000000000000000000e+00 7.690000000000000000e+02 0.000000000000000000e+00 0.000000000000000000e+00 1.000000000000000000e+00
0.000000000000000000e+00 3.000000000000000000e+01 6.570000000000000284e+00 0.000000000000000000e+00 -1.477619252152183038e-01 2.332731429702938619e-01 -1.185210806641853742e-02 2.626067835985712029e-01 4.282224110249855525e-03 0.000000000000000000e+00 0.000000000000000000e+00 7.690000000000000000e+02 0.000000000000000000e+00 0.000000000000000000e+00 1.000000000000000000e+00
0.000000000000000000e+00 3.000000000000000000e+01 6.580000000000000071e+00 0.000000000000000000e+00 -1.489370295097521002e-01 2.461351016727983954e-01 -6.942925185696363632e-03 2.710460363022047514e-01 5.050492312102576598e-03 0.000000000000000000e+00 0.000000000000000000e+00 7.690000000000000000e+02 0.000000000000000000e+00 0.000000000000000000e+00 1.000000000000000000e+00
0.000000000000000000e+00 3.000000000000000000e+01 6.589999999999999858e+00 0.000000000000000000e+00 -1.501676307434751112e-01 2.584713808125231327e-01 -2.277713238225537173e-03 2.786164009936679675e-01 5.846725934668898367e-03 0.000000000000000000e+00 0.000000000000000000e+00 7.690000000000000000e+02 0.000000000000000000e+00 0.000000000000000000e+00 1.000000000000000000e+00
0.000000000000000000e+00 3.000000000000000000e+01 6.599999999999999645e+00 0.000000000000000000e+00 -1.514542001345996480e-01 2.703008772854743613e-01 2.157295716541732244e-03 2.854073100345775327e-01 6.664094833122871653e-03 0.000000000000000000e+00 0.000000000000000000e+00 7.690000000000000000e+02 0.000000000000000000e+00 0.000000000000000000e+00 1.000000000000000000e+00
0.000000000000000000e+00 3.000000000000000000e+01 6.610000000000000320e+00 0.000000000000000000e+00 -1.527972303325006997e-01 2.816417116904269546e-01 6.375190245707207382e-03 2.914989877018080988e-01 7.496689634347977749e-03 0.000000000000000000e+00 0.000000000000000000e+00 7.690000000000000000e+02 0.000000000000000000e+00 0.000000000000000000e+00 1.000000000000000000e+00
0.000000000000000000e+00 3.000000000000000000e+01 6.620000000000000107e+00 0.000000000000000000e+00 -1.541972356063594229e-01 2.925112560863257216e-01 1.038841816981332655e-02 2.969633979154866488e-01 8.339441450514829823e-03 0.000000000000000000e+00 0.000000000000000000e+00 7.690000000000000000e+02 0.000000000000000000e+00 0.000000000000000000e+00 1.000000000000000000e+00
0.000000000000000000e+00 3.000000000000000000e+01 6.629999999999999893e+00 0.000000000000000000e+00 -1.556547520420860087e-01 3.029261606030647647e-01 1.420882329876328037e-02 3.018650943834155220e-01 9.188033565597483743e-03 0.000000000000000000e+00 0.000000000000000000e+00 7.690000000000000000e+02 0.000000000000000000e+00 0.000000000000000000e+00 1.000000000000000000e+00
0.000000000000000000e+00 3.000000000000000000e+01 6.639999999999999680e+00 0.000000000000000000e+00 -1.571703377475958396e-01 3.129023789464043248e-01 1.784768038518916300e-02 3.062619832050918478e-01 1.003881357490383347e-02 0.000000000000000000e+00 0.000000000000000000e+00 7.690000000000000000e+02 0.000000000000000000e+00 0.000000000000000000e+00 1.000000000000000000e+00
0.000000000000000000e+00 3.000000000000000000e+01 6.650000000000000355e+00 0.000000000000000000e+00 -1.587445730665187626e-01 3.224551928360946951e-01 2.131572839842225953e-02 3.102060069443308143e-01 1.088871047478792708e-02 0.000000000000000000e+00 0.000000000000000000e+00 7.690000000000000000e+02 0.000000000000000000e+00 0.000000000000000000e+00 1.000000000000000000e+00
0.000000000000000000e+00 3.000000000000000000e+01 6.660000000000000142e+00 0.000000000000000000e+00 -1.603780608004223007e-01 3.315992354146413135e-01 2.462320221726355118e-02 3.137437582517700330e-01 1.173515883166071500e-02 0.000000000000000000e+00 0.000000000000000000e+00 7.690000000000000000e+02 0.000000000000000000e+00 0.000000000000000000e+00 1.000000000000000000e+00
0.000000000000000000e+00 3.000000000000000000e+01 6.669999999999999929e+00 0.000000000000000000e+00 -1.620714264396348470e-01 3.403485136625716834e-01 2.777986283508571824e-02 3.169170302862773791e-01 1.257603078163499477e-02 0.000000000000000000e+00 0.000000000000000000e+00 7.690000000000000000e+02 0.000000000000000000e+00 0.000000000000000000e+00 1.000000000000000000e+00
0.000000000000000000e+00 3.000000000000000000e+01 6.679999999999999716e+00 0.000000000000000000e+00 -1.638253184027566589e-01 3.487164298545351038e-01 3.079502616640775875e-02 3.197633104376502167e-01 1.340957583681352122e-02 0.000000000000000000e+00 0.000000000000000000e+00 7.690000000000000000e+02 0.000000000000000000e+00 0.000000000000000000e+00 1.000000000000000000e+00
0.000000000000000000e+00 3.000000000000000000e+01 6.689999999999999503e+00 0.000000000000000000e+00 -1.656404082849501080e-01 3.567158020891071923e-01 3.367759053995624668e-02 3.223162231831934732e-01 1.423436806200582827e-02 0.000000000000000000e+00 0.000000000000000000e+00 7.690000000000000000e+02 0.000000000000000000e+00 0.000000000000000000e+00 1.000000000000000000e+00
0.000000000000000000e+00 3.000000000000000000e+01 6.700000000000000178e+00 0.000000000000000000e+00 -1.675173911151051909e-01 3.643588839237442700e-01 3.643606295935011841e-02 3.246059273098537701e-01 1.504925998945468718e-02 0.000000000000000000e+00 0.000000000000000000e+00 7.690000000000000000e+02 0.000000000000000000e+00 0.000000000000000000e+00 1.000000000000000000e+00
0.000000000000000000e+00 3.000000000000000000e+01 6.709999999999999964e+00 0.000000000000000000e+00 -1.694569856219778625e-01 3.716573831449647147e-01 3.907858420890970158e-02 3.266594721944831581e-01 1.585334256890071070e-02 0.000000000000000000e+00 0.000000000000000000e+00 7.690000000000000000e+02 0.000000000000000000e+00 0.000000000000000000e+00 1.000000000000000000e+00
0.000000000000000000e+00 3.000000000000000000e+01 6.719999999999999751e+00 0.000000000000000000e+00 -1.714599345094035554e-01 3.786224797025111721e-01 4.161295287868192749e-02 3.285011173511480642e-01 1.664591045116588230e-02 0.000000000000000000e+00 0.000000000000000000e+00 7.690000000000000000e+02 0.000000000000000000e+00 0.000000000000000000e+00 1.000000000000000000e+00
0.000000000000000000e+00 3.000000000000000000e+01 6.729999999999999538e+00 0.000000000000000000e+00 -1.735270047406911598e-01 3.852648428349618182e-01 4.404664837958415652e-02 3.301526190204434608e-01 1.742643194222663616e-02 0.000000000000000000e+00 0.000000000000000000e+00 7.690000000000000000e+02 0.000000000000000000e+00 0.000000000000000000e+00 1.000000000000000000e+00
0.000000000000000000e+00 3.000000000000000000e+01 6.740000000000000213e+00 0.000000000000000000e+00 -1.756589878323063236e-01 3.915946474130323485e-01 4.638685301658884708e-02 3.316334871864344835e-01 1.819452302169276281e-02 0.000000000000000000e+00 0.000000000000000000e+00 7.690000000000000000e+02 0.000000000000000000e+00 0.000000000000000000e+00 1.000000000000000000e+00
0.000000000000000000e+00 3.000000000000000000e+01 6.750000000000000000e+00 0.000000000000000000e+00 -1.778567001569566486e-01 3.976215895255924559e-01 4.864047318509127915e-02 3.329612160574885182e-01 1.894992488310537349e-02 0.000000000000000000e+00 0.000000000000000000e+00 7.690000000000000000e+02 0.000000000000000000e+00 0.000000000000000000e+00 1.000000000000000000e+00
0.000000000000000000e+00 3.000000000000000000e+01 6.759999999999999787e+00 0.000000000000000000e+00 -1.801209832561946333e-01 4.033549013322780263e-01 5.081415975301487031e-02 3.341514907337774232e-01 1.969248451696715974e-02 0.000000000000000000e+00 0.000000000000000000e+00 7.690000000000000000e+02 0.000000000000000000e+00 0.000000000000000000e+00 1.000000000000000000e+00
0.000000000000000000e+00 3.000000000000000000e+01 6.769999999999999574e+00 0.000000000000000000e+00 -1.824527041626585744e-01 4.088033652054526845e-01 5.291432768880557219e-02 3.352183725029156403e-01 2.042213791738568818e-02 0.000000000000000000e+00 0.000000000000000000e+00 7.690000000000000000e+02 0.000000000000000000e+00 0.000000000000000000e+00 1.000000000000000000e+00
0.000000000000000000e+00 3.000000000000000000e+01 6.780000000000000249e+00 0.000000000000000000e+00 -1.848527557320737147e-01 4.139753271831752568e-01 5.494717499324148352e-02 3.361744649527182438e-01 2.113889554796473391e-02 0.000000000000000000e+00 0.000000000000000000e+00 7.690000000000000000e+02 0.000000000000000000e+00 0.000000000000000000e+00 1.000000000000000000e+00
0.000000000000000000e+00 3.000000000000000000e+01 6.790000000000000036e+00 0.000000000000000000e+00 -1.873220569851423711e-01 4.188787097537858273e-01 5.691870099092895957e-02 3.370310628634493044e-01 2.184282975149652584e-02 0.000000000000000000e+00 0.000000000000000000e+00 7.690000000000000000e+02 0.000000000000000000e+00 0.000000000000000000e+00 1.000000000000000000e+00
0.000000000000000000e+00 3.000000000000000000e+01 6.799999999999999822e+00 0.000000000000000000e+00 -1.898615534594524645e-01 4.235210239916906705e-01 5.883472403546697455e-02 3.377982856384974530e-01 2.253406383108481903e-02 0.000000000000000000e+00 0.000000000000000000e+00 7.690000000000000000e+02 0.000000000000000000e+00 0.000000000000000000e+00 1.000000000000000000e+00
0.000000000000000000e+00 3.000000000000000000e+01 6.809999999999999609e+00 0.000000000000000000e+00 -1.924722175715399275e-01 4.279093810629387429e-01 6.070089868053125254e-02 3.384851968497583630e-01 2.321276256788881720e-02 0.000000000000000000e+00 0.000000000000000000e+00 7.690000000000000000e+02 0.000000000000000000e+00 0.000000000000000000e+00 1.000000000000000000e+00
0.000000000000000000e+00 3.000000000000000000e+01 6.820000000000000284e+00 0.000000000000000000e+00 -1.951550489892435736e-01 4.320505031182098610e-01 6.252273236755305497e-02 3.390999113099720241e-01 2.387912397319545688e-02 0.000000000000000000e+00 0.000000000000000000e+00 7.690000000000000000e+02 0.000000000000000000e+00 0.000000000000000000e+00 1.000000000000000000e+00
0.000000000000000000e+00 3.000000000000000000e+01 6.830000000000000071e+00 0.000000000000000000e+00 -1.979110750144953135e-01 4.359507335899078240e-01 6.430560167924143089e-02 3.396496909369107753e-01 2.453337210055310524e-02 0.000000000000000000e+00 0.000000000000000000e+00 7.690000000000000000e+02 0.000000000000000000e+00 0.000000000000000000e+00 1.000000000000000000e+00
0.000000000000000000e+00 3.000000000000000000e+01 6.839999999999999858e+00 0.000000000000000000e+00 -2.007413509766910464e-01 4.396160469091224265e-01 6.605476820691619233e-02 3.401410305419097502e-01 2.517575076775729892e-02 0.000000000000000000e+00 0.000000000000000000e+00 7.690000000000000000e+02 0.000000000000000000e+00 0.000000000000000000e+00 1.000000000000000000e+00
0.000000000000000000e+00 3.000000000000000000e+01 6.849999999999999645e+00 0.000000000000000000e+00 -2.036469606367948271e-01 4.430520576573521163e-01 6.777539407847901765e-02 3.405797345561976108e-01 2.580651805909735252e-02 0.000000000000000000e+00 0.000000000000000000e+00 7.690000000000000000e+02 0.000000000000000000e+00 0.000000000000000000e+00 1.000000000000000000e+00
0.000000000000000000e+00 3.000000000000000000e+01 6.860000000000000320e+00 0.000000000000000000e+00 -2.066290166023290187e-01 4.462640291670053050e-01 6.947255719284885223e-02 3.409709856014376261e-01 2.642594149589400088e-02 0.000000000000000000e+00 0.000000000000000000e+00 7.690000000000000000e+02 0.000000000000000000e+00 0.000000000000000000e+00 1.000000000000000000e+00
0.000000000000000000e+00 3.000000000000000000e+01 6.870000000000000107e+00 0.000000000000000000e+00 -2.096886607534109437e-01 4.492568815838489660e-01 7.115126620582135075e-02 3.413194057145314542e-01 2.703429377841909398e-02 0.000000000000000000e+00 0.000000000000000000e+00 7.690000000000000000e+02 0.000000000000000000e+00 0.000000000000000000e+00 1.000000000000000000e+00
0.000000000000000000e+00 3.000000000000000000e+01 6.879999999999999893e+00 0.000000000000000000e+00 -2.128270646799982346e-01 4.520351994037625776e-01 7.281647531157844910e-02 3.416291109499646761e-01 2.763184901513322800e-02 0.000000000000000000e+00 0.000000000000000000e+00 7.690000000000000000e+02 0.000000000000000000e+00 0.000000000000000000e+00 1.000000000000000000e+00
0.000000000000000000e+00 3.000000000000000000e+01 6.889999999999999680e+00 0.000000000000000000e+00 -2.160454301305104741e-01 4.546032384953370142e-01 7.447309886347126817e-02 3.419037600047405978e-01 2.821887936613239056e-02 0.000000000000000000e+00 0.000000000000000000e+00 7.690000000000000000e+02 0.000000000000000000e+00 0.000000000000000000e+00 1.000000000000000000e+00
0.000000000000000000e+00 3.000000000000000000e+01 6.900000000000000355e+00 0.000000000000000000e+00 -2.193449894719994298e-01 4.569649326190766137e-01 7.612602587722502867e-02 3.421465974403282706e-01 2.879565203702581788e-02 0.000000000000000000e+00 0.000000000000000000e+00 7.690000000000000000e+02 0.000000000000000000e+00 0.000000000000000000e+00 1.000000000000000000e+00
0.000000000000000000e+00 3.000000000000000000e+01 6.910000000000000142e+00 0.000000000000000000e+00 -2.227270061620430786e-01 4.591238994531928741e-01 7.778013445936765580e-02 3.423604920122289008e-01 2.936242656740661872e-02 0.000000000000000000e+00 0.000000000000000000e+00 7.690000000000000000e+02 0.000000000000000000e+00 0.000000000000000000e+00 1.000000000000000000e+00
0.000000000000000000e+00 3.000000000000000000e+01 6.919999999999999929e+00 0.000000000000000000e+00 -2.261927752325455232e-01 4.610834461352179003e-01 7.944030620346341498e-02 3.425479705599648317e-01 2.991945236482861092e-02 0.000000000000000000e+00 0.000000000000000000e+00 7.690000000000000000e+02 0.000000000000000000e+00 0.000000000000000000e+00 1.000000000000000000e+00
0.000000000000000000e+00 3.000000000000000000e+01 6.929999999999999716e+00 0.000000000000000000e+00 -2.297436237856262664e-01 4.628465743279260303e-01 8.111144059663726036e-02 3.427112478578511756e-01 3.046696644092145023e-02 0.000000000000000000e+00 0.000000000000000000e+00 7.690000000000000000e+02 0.000000000000000000e+00 0.000000000000000000e+00 1.000000000000000000e+00
0.000000000000000000e+00 3.000000000000000000e+01 6.939999999999999503e+00 0.000000000000000000e+00 -2.333809115017908553e-01 4.644159848173263216e-01 8.279846947890670550e-02 3.428522527791914021e-01 3.100519131111895144e-02 0.000000000000000000e+00 0.000000000000000000e+00 7.690000000000000000e+02 0.000000000000000000e+00 0.000000000000000000e+00 1.000000000000000000e+00
0.000000000000000000e+00 3.000000000000000000e+01 6.950000000000000178e+00 0.000000000000000000e+00 -2.371060311605752702e-01 4.657940816497667669e-01 8.450637159799317955e-02 3.429726510829849695e-01 3.153433302355239387e-02 0.000000000000000000e+00 0.000000000000000000e+00 7.690000000000000000e+02 0.000000000000000000e+00 0.000000000000000000e+00 1.000000000000000000e+00
0.000000000000000000e+00 3.000000000000000000e+01 6.959999999999999964e+00 0.000000000000000000e+00 -2.409204091738652020e-01 4.669829758144870557e-01 8.624018730256720333e-02 3.430738650923407795e-01 3.205457928607079177e-02 0.000000000000000000e+00 0.000000000000000000e+00 7.690000000000000000e+02 0.000000000000000000e+00 0.000000000000000000e+00 1.000000000000000000e+00
0.000000000000000000e+00 3.000000000000000000e+01 6.969999999999999751e+00 0.000000000000000000e+00 -2.448255061320933623e-01 4.679844884772656477e-01 8.800503341728975470e-02 3.431570904970642211e-01 3.256609766319217003e-02 0.000000000000000000e+00 0.000000000000000000e+00 7.690000000000000000e+02 0.000000000000000000e+00 0.000000000000000000e+00 1.000000000000000000e+00
0.000000000000000000e+00 3.000000000000000000e+01 6.979999999999999538e+00 0.000000000000000000e+00 -2.488228173635247675e-01 4.688001537701057542e-01 8.980611834354904066e-02 3.432233104789165767e-01 3.306903381711168155e-02 0.000000000000000000e+00 0.000000000000000000e+00 7.690000000000000000e+02 0.000000000000000000e+00 0.000000000000000000e+00 1.000000000000000000e+00
0.000000000000000000e+00 3.000000000000000000e+01 6.990000000000000213e+00 0.000000000000000000e+00 -2.529138735068430788e-01 4.694312211412446367e-01 9.164875743045794443e-02 3.432733073264146451e-01 3.356350976877493786e-02 0.000000000000000000e+00 0.000000000000000000e+00 7.690000000000000000e+02 0.000000000000000000e+00 0.000000000000000000e+00 1.000000000000000000e+00
0.000000000000000000e+00 3.000000000000000000e+01 7.000000000000000000e+00 0.000000000000000000e+00 -2.571002410972585972e-01 4.698786572690736851e-01 9.353838866147472231e-02 3.433076716763802105e-01 3.404962215649764978e-02 0.000000000000000000e+00 0.000000000000000000e+00 7.690000000000000000e+02 0.000000000000000000e+00 0.000000000000000000e+00 1.000000000000000000e+00
0.000000000000000000e+00 3.000000000000000000e+01 7.009999999999999787e+00 0.000000000000000000e+00 -2.613835231663609870e-01 4.701431475429141971e-01 9.548058870294140466e-02 3.433268094914190272e-01 3.452744047072667244e-02 0.000000000000000000e+00 0.000000000000000000e+00 7.690000000000000000e+02 0.000000000000000000e+00 0.000000000000000000e+00 1.000000000000000000e+00
0.000000000000000000e+00 3.000000000000000000e+01 7.019999999999999574e+00 0.000000000000000000e+00 -2.657653598559478469e-01 4.702250971129031676e-01 9.748108936190214013e-02 3.433309468557505517e-01 3.499700524431502424e-02 0.000000000000000000e+00 0.000000000000000000e+00 7.690000000000000000e+02 0.000000000000000000e+00 0.000000000000000000e+00 1.000000000000000000e+00
0.000000000000000000e+00 3.000000000000000000e+01 7.030000000000000249e+00 0.000000000000000000e+00 -2.702474290460626372e-01 4.701246315106132889e-01 9.954579450177161726e-02 3.433201326460509351e-01 3.545832617815300458e-02 0.000000000000000000e+00 0.000000000000000000e+00 7.690000000000000000e+02 0.000000000000000000e+00 0.000000000000000000e+00 1.000000000000000000e+00
0.000000000000000000e+00 3.000000000000000000e+01 7.040000000000000036e+00 0.000000000000000000e+00 -2.748314469974837970e-01 4.698415968413384713e-01 1.016807974657751024e-01 3.432942391088563139e-01 3.591138018216644134e-02 0.000000000000000000e+00 0.000000000000000000e+00 7.690000000000000000e+02 0.000000000000000000e+00 0.000000000000000000e+00 1.000000000000000000e+00
0.000000000000000000e+00 3.000000000000000000e+01 7.049999999999999822e+00 0.000000000000000000e+00 -2.795191690089101066e-01 4.693755595483605214e-01 1.038923990595798930e-01 3.432529603513495564e-01 3.635610931159172221e-02 0.000000000000000000e+00 0.000000000000000000e+00 7.690000000000000000e+02 0.000000000000000000e+00 0.000000000000000000e+00 1.000000000000000000e+00
0.000000000000000000e+00 3.000000000000000000e+01 7.059999999999999609e+00 0.000000000000000000e+00 -2.843123900890947575e-01 4.687258057488162266e-01 1.061871261461885263e-01 3.431958087277012237e-01 3.679241857803894344e-02 0.000000000000000000e+00 0.000000000000000000e+00 7.690000000000000000e+02 0.000000000000000000e+00 0.000000000000000000e+00 1.000000000000000000e+00
0.000000000000000000e+00 3.000000000000000000e+01 7.070000000000000284e+00 0.000000000000000000e+00 -2.892129456441844271e-01 4.678913401401644800e-01 1.085717509079707904e-01 3.431221090782751171e-01 3.722017361419116543e-02 0.000000000000000000e+00 0.000000000000000000e+00 7.690000000000000000e+02 0.000000000000000000e+00 0.000000000000000000e+00 1.000000000000000000e+00
0.000000000000000000e+00 3.000000000000000000e+01 7.080000000000000071e+00 0.000000000000000000e+00 -2.942227121805282009e-01 4.668708844755655174e-01 1.110533108326804547e-01 3.430309907536416847e-01 3.763919817002756019e-02 0.000000000000000000e+00 0.000000000000000000e+00 7.690000000000000000e+02 0.000000000000000000e+00 0.000000000000000000e+00 1.000000000000000000e+00
0.000000000000000000e+00 3.000000000000000000e+01 7.089999999999999858e+00 0.000000000000000000e+00 -2.993436080232232954e-01 4.656628756058427965e-01 1.136391294824394549e-01 3.429213773291779344e-01 3.804927141720239325e-02 0.000000000000000000e+00 0.000000000000000000e+00 7.690000000000000000e+02 0.000000000000000000e+00 0.000000000000000000e+00 1.000000000000000000e+00
0.000000000000000000e+00 3.000000000000000000e+01 7.099999999999999645e+00 0.000000000000000000e+00 -3.045775940506748047e-01 4.642654630850296393e-01 1.163368381069826707e-01 3.427919738887454937e-01 3.845012503663688963e-02 0.000000000000000000e+00 0.000000000000000000e+00 7.690000000000000000e+02 0.000000000000000000e+00 0.000000000000000000e+00 1.000000000000000000e+00
0.000000000000000000e+00 3.000000000000000000e+01 7.110000000000000320e+00 0.000000000000000000e+00 -3.099266744454494682e-01 4.626765063358258545e-01 1.191543981649482720e-01 3.426412517272220404e-01 3.884144006246187386e-02 0.000000000000000000e+00 0.000000000000000000e+00 7.690000000000000000e+02 0.000000000000000000e+00 0.000000000000000000e+00 1.000000000000000000e+00
0.000000000000000000e+00 3.000000000000000000e+01 7.120000000000000107e+00 0.000000000000000000e+00 -3.153928974617112302e-01 4.608935713706329151e-01 1.221001248196781908e-01 3.424674302911729362e-01 3.922284345315489584e-02 0.000000000000000000e+00 0.000000000000000000e+00 7.690000000000000000e+02 0.000000000000000000e+00 0.000000000000000000e+00 1.000000000000000000e+00
0.000000000000000000e+00 3.000000000000000000e+01 7.129999999999999893e+00 0.000000000000000000e+00 -3.209783562095330223e-01 4.589139270631321099e-01 1.251827114788694739e-01 3.422684561443165019e-01 3.959390435800376473e-02 0.000000000000000000e+00 0.000000000000000000e+00 7.690000000000000000e+02 0.000000000000000000e+00 0.000000000000000000e+00 1.000000000000000000e+00
0.000000000000000000e+00 3.000000000000000000e+01 7.139999999999999680e+00 0.000000000000000000e+00 -3.266851894563838621e-01 4.567345409647077248e-01 1.284112554504976689e-01 3.420419787092920383e-01 3.995413004385281464e-02 0.000000000000000000e+00 0.000000000000000000e+00 7.690000000000000000e+02 0.000000000000000000e+00 0.000000000000000000e+00 1.000000000000000000e+00
0.000000000000000000e+00 3.000000000000000000e+01 7.150000000000000355e+00 0.000000000000000000e+00 -3.325155824460998000e-01 4.543520746592945025e-01 1.317952847907277736e-01 3.417853224991589944e-01 4.030296144338524345e-02 0.000000000000000000e+00 0.000000000000000000e+00 7.690000000000000000e+02 0.000000000000000000e+00 0.000000000000000000e+00 1.000000000000000000e+00
0.000000000000000000e+00 3.000000000000000000e+01 7.160000000000000142e+00 0.000000000000000000e+00 -3.384717677356509080e-01 4.517628786495443971e-01 1.353447864230465369e-01 3.414954555105819689e-01 4.063976828189325152e-02 0.000000000000000000e+00 0.000000000000000000e+00 7.690000000000000000e+02 0.000000000000000000e+00 0.000000000000000000e+00 1.000000000000000000e+00
0.000000000000000000e+00 3.000000000000000000e+01 7.169999999999999929e+00 0.000000000000000000e+00 -3.445560260500256100e-01 4.489629867664701734e-01 1.390702356116001459e-01 3.411689534053156669e-01 4.096384373450204230e-02 0.000000000000000000e+00 0.000000000000000000e+00 7.690000000000000000e+02 0.000000000000000000e+00 0.000000000000000000e+00 1.000000000000000000e+00
0.000000000000000000e+00 3.000000000000000000e+01 7.179999999999999716e+00 0.000000000000000000e+00 -3.507706871555590356e-01 4.459481100940100307e-01 1.429826268757201646e-01 3.408019590568494017e-01 4.127439856004139207e-02 0.000000000000000000e+00 0.000000000000000000e+00 7.690000000000000000e+02 0.000000000000000000e+00 0.000000000000000000e+00 1.000000000000000000e+00
0.000000000000000000e+00 3.000000000000000000e+01 7.189999999999999503e+00 0.000000000000000000e+00 -3.571181307520401305e-01 4.427136303992023625e-01 1.470935064368709966e-01 3.403901369843152502e-01 4.157055465106768155e-02 0.000000000000000000e+00 0.000000000000000000e+00 7.690000000000000000e+02 0.000000000000000000e+00 0.000000000000000000e+00 1.000000000000000000e+00
0.000000000000000000e+00 3.000000000000000000e+01 7.200000000000000178e+00 0.000000000000000000e+00 -3.636007873839398608e-01 4.392545930579061508e-01 1.514150062937774099e-01 3.399286221353656767e-01 4.185133793179633688e-02 0.000000000000000000e+00 0.000000000000000000e+00 7.690000000000000000e+02 0.000000000000000000e+00 0.000000000000000000e+00 1.000000000000000000e+00
0.000000000000000000e+00 3.000000000000000000e+01 7.209999999999999964e+00 0.000000000000000000e+00 -3.702211393711075105e-01 4.355656994652362113e-01 1.559598800262931850e-01 3.394119624129693369e-01 4.211567052672229861e-02 0.000000000000000000e+00 0.000000000000000000e+00 7.690000000000000000e+02 0.000000000000000000e+00 0.000000000000000000e+00 1.000000000000000000e+00
0.000000000000000000e+00 3.000000000000000000e+01 7.219999999999999751e+00 0.000000000000000000e+00 -3.769817217592939529e-01 4.316412989190793748e-01 1.607415404336762776e-01 3.388340542671638977e-01 4.236236211227248361e-02 0.000000000000000000e+00 0.000000000000000000e+00 7.690000000000000000e+02 0.000000000000000000e+00 0.000000000000000000e+00 1.000000000000000000e+00
0.000000000000000000e+00 3.000000000000000000e+01 7.229999999999999538e+00 0.000000000000000000e+00 -3.838851232908632727e-01 4.274753799642663776e-01 1.657740991183467849e-01 3.381880705908836271e-01 4.259010035171710562e-02 0.000000000000000000e+00 0.000000000000000000e+00 7.690000000000000000e+02 0.000000000000000000e+00 0.000000000000000000e+00 1.000000000000000000e+00
0.000000000000000000e+00 3.000000000000000000e+01 7.240000000000000213e+00 0.000000000000000000e+00 -3.909339873960669953e-01 4.230615611841342383e-01 1.710724081319487944e-01 3.374663800680569592e-01 4.279744029943279016e-02 0.000000000000000000e+00 0.000000000000000000e+00 7.690000000000000000e+02 0.000000000000000000e+00 0.000000000000000000e+00 1.000000000000000000e+00
0.000000000000000000e+00 3.000000000000000000e+01 7.250000000000000000e+00 0.000000000000000000e+00 -3.981310132052581774e-01 4.183930814253771224e-01 1.766521038066199423e-01 3.366604570211981229e-01 4.298279264413985834e-02 0.000000000000000000e+00 0.000000000000000000e+00 7.690000000000000000e+02 0.000000000000000000e+00 0.000000000000000000e+00 1.000000000000000000e+00
0.000000000000000000e+00 3.000000000000000000e+01 7.259999999999999787e+00 0.000000000000000000e+00 -4.054789565824349906e-01 4.134627894412127302e-01 1.825296529008244850e-01 3.357607806934739259e-01 4.314441064146001814e-02 0.000000000000000000e+00 0.000000000000000000e+00 7.690000000000000000e+02 0.000000000000000000e+00 0.000000000000000000e+00 1.000000000000000000e+00
0.000000000000000000e+00 3.000000000000000000e+01 7.269999999999999574e+00 0.000000000000000000e+00 -4.129806311805072627e-01 4.082631329369942330e-01 1.887224011959346970e-01 3.347567227754231767e-01 4.328037556357776372e-02 0.000000000000000000e+00 0.000000000000000000e+00 7.690000000000000000e+02 0.000000000000000000e+00 0.000000000000000000e+00 1.000000000000000000e+00
0.000000000000000000e+00 3.000000000000000000e+01 7.280000000000000249e+00 0.000000000000000000e+00 -4.206389095186931493e-01 4.027861470014937884e-01 1.952486246869781783e-01 3.336364218476196575e-01 4.338858046729968110e-02 0.000000000000000000e+00 0.000000000000000000e+00 7.690000000000000000e+02 0.000000000000000000e+00 0.000000000000000000e+00 1.000000000000000000e+00
0.000000000000000000e+00 3.000000000000000000e+01 7.290000000000000036e+00 0.000000000000000000e+00 -4.284567240824551648e-01 3.970234419061329234e-01 2.021275835186253922e-01 3.323866432560175777e-01 4.346671205067159649e-02 0.000000000000000000e+00 0.000000000000000000e+00 7.690000000000000000e+02 0.000000000000000000e+00 0.000000000000000000e+00 1.000000000000000000e+00
0.000000000000000000e+00 3.000000000000000000e+01 7.299999999999999822e+00 0.000000000000000000e+00 -4.364370684463989569e-01 3.909661902534706246e-01 2.093795788255924661e-01 3.309926227646122765e-01 4.351223033164898502e-02 0.000000000000000000e+00 0.000000000000000000e+00 7.690000000000000000e+02 0.000000000000000000e+00 0.000000000000000000e+00 1.000000000000000000e+00
0.000000000000000000e+00 3.000000000000000000e+01 7.309999999999999609e+00 0.000000000000000000e+00 -4.445829984205642016e-01 3.846051134552663786e-01 2.170260126452066562e-01 3.294378921384154002e-01 4.352234583910725985e-02 0.000000000000000000e+00 0.000000000000000000e+00 7.690000000000000000e+02 0.000000000000000000e+00 0.000000000000000000e+00 1.000000000000000000e+00
0.000000000000000000e+00 3.000000000000000000e+01 7.320000000000000284e+00 0.000000000000000000e+00 -4.528976332205467137e-01 3.779304675193984053e-01 2.250894510789477887e-01 3.277040845962681526e-01 4.349399395548315950e-02 0.000000000000000000e+00 0.000000000000000000e+00 7.690000000000000000e+02 0.000000000000000000e+00 0.000000000000000000e+00 1.000000000000000000e+00
0.000000000000000000e+00 3.000000000000000000e+01 7.330000000000000071e+00 0.000000000000000000e+00 -4.613841566618986367e-01 3.709320281238729922e-01 2.335936908893673780e-01 3.257707178352167166e-01 4.342380599020061183e-02 0.000000000000000000e+00 0.000000000000000000e+00 7.690000000000000000e+02 0.000000000000000000e+00 0.000000000000000000e+00 1.000000000000000000e+00
0.000000000000000000e+00 3.000000000000000000e+01 7.339999999999999858e+00 0.000000000000000000e+00 -4.700458183792661226e-01 3.635990749550551682e-01 2.425638297289264556e-01 3.236149520632088383e-01 4.330807649212509158e-02 0.000000000000000000e+00 0.000000000000000000e+00 7.690000000000000000e+02 0.000000000000000000e+00 0.000000000000000000e+00 1.000000000000000000e+00
0.000000000000000000e+00 3.000000000000000000e+01 7.349999999999999645e+00 0.000000000000000000e+00 -4.788859350707302953e-01 3.559203752861327952e-01 2.520263402080099580e-01 3.212113201816384489e-01 4.314272622592253692e-02 0.000000000000000000e+00 0.000000000000000000e+00 7.690000000000000000e+02 0.000000000000000000e+00 0.000000000000000000e+00 1.000000000000000000e+00
0.000000000000000000e+00 3.000000000000000000e+01 7.360000000000000320e+00 0.000000000000000000e+00 -4.879078917678266181e-01 3.478841667706590868e-01 2.620091480207077383e-01 3.185314269302521595e-01 4.292326013959259223e-02 0.000000000000000000e+00 0.000000000000000000e+00 7.690000000000000000e+02 0.000000000000000000e+00 0.000000000000000000e+00 1.000000000000000000e+00
0.000000000000000000e+00 3.000000000000000000e+01 7.370000000000000107e+00 0.000000000000000000e+00 -4.971151431317324954e-01 3.394781394248145290e-01 2.725417143589255464e-01 3.155436134402743731e-01 4.264471953704178364e-02 0.000000000000000000e+00 0.000000000000000000e+00 7.690000000000000000e+02 0.000000000000000000e+00 0.000000000000000000e+00 1.000000000000000000e+00
0.000000000000000000e+00 3.000000000000000000e+01 7.379999999999999893e+00 0.000000000000000000e+00 -5.065112147761143824e-01 3.306894167707905563e-01 2.836551228580466155e-01 3.122125832329530337e-01 4.230162753945779230e-02 0.000000000000000000e+00 0.000000000000000000e+00 7.690000000000000000e+02 0.000000000000000000e+00 0.000000000000000000e+00 1.000000000000000000e+00
0.000000000000000000e+00 3.000000000000000000e+01 7.389999999999999680e+00 0.000000000000000000e+00 -5.160997046171472702e-01 3.215045361124088674e-01 2.953821713307366870e-01 3.084989852452681425e-01 4.188792677306381329e-02 0.000000000000000000e+00 0.000000000000000000e+00 7.690000000000000000e+02 0.000000000000000000e+00 0.000000000000000000e+00 1.000000000000000000e+00
0.000000000000000000e+00 3.000000000000000000e+01 7.400000000000000355e+00 0.000000000000000000e+00 -5.258842842512162497e-01 3.119094279127646585e-01 3.077574685596174975e-01 3.043589489568858664e-01 4.139690806232616815e-02 0.000000000000000000e+00 0.000000000000000000e+00 7.690000000000000000e+02 0.000000000000000000e+00 0.000000000000000000e+00 1.000000000000000000e+00
0.000000000000000000e+00 3.000000000000000000e+01 7.410000000000000142e+00 0.000000000000000000e+00 -5.358687003608350041e-01 3.018893942422978816e-01 3.208175364344609815e-01 2.997435661265866469e-01 4.082112874678366088e-02 0.000000000000000000e+00 0.000000000000000000e+00 7.690000000000000000e+02 0.000000000000000000e+00 0.000000000000000000e+00 1.000000000000000000e+00
0.000000000000000000e+00 3.000000000000000000e+01 7.419999999999999929e+00 0.000000000000000000e+00 -5.460567761493138050e-01 2.914290862642882063e-01 3.346009177353329589e-01 2.945983130156737961e-01 4.015231909787599085e-02 0.000000000000000000e+00 0.000000000000000000e+00 7.690000000000000000e+02 0.000000000000000000e+00 0.000000000000000000e+00 1.000000000000000000e+00
0.000000000000000000e+00 3.000000000000000000e+01 7.429999999999999716e+00 0.000000000000000000e+00 -5.564524128047291240e-01 2.805124807232780015e-01 3.491482898797729773e-01 2.888624062728055719e-01 3.938127523282217157e-02 0.000000000000000000e+00 0.000000000000000000e+00 7.690000000000000000e+02 0.000000000000000000e+00 0.000000000000000000e+00 1.000000000000000000e+00
0.000000000000000000e+00 3.000000000000000000e+01 7.439999999999999503e+00 0.000000000000000000e+00 -5.670595909937556911e-01 2.691228554004101436e-01 3.645025849697021147e-01 2.824680848710127146e-01 3.849773698986472259e-02 0.000000000000000000e+00 0.000000000000000000e+00 7.690000000000000000e+02 0.000000000000000000e+00 0.000000000000000000e+00 1.000000000000000000e+00
0.000000000000000000e+00 3.000000000000000000e+01 7.450000000000000178e+00 0.000000000000000000e+00 -5.778823723859309869e-01 2.572427634980855027e-01 3.807091164923385174e-01 2.753398096140736717e-01 3.749024960394072015e-02 0.000000000000000000e+00 0.000000000000000000e+00 7.690000000000000000e+02 0.000000000000000000e+00 0.000000000000000000e+00 1.000000000000000000e+00
0.000000000000000000e+00 3.000000000000000000e+01 7.459999999999999964e+00 0.000000000000000000e+00 -5.889249012089385893e-01 2.448540069146979137e-01 3.978157130490410642e-01 2.673933707556335748e-01 3.634600901099929726e-02 0.000000000000000000e+00 0.000000000000000000e+00 7.690000000000000000e+02 0.000000000000000000e+00 0.000000000000000000e+00 1.000000000000000000e+00
0.000000000000000000e+00 3.000000000000000000e+01 7.469999999999999751e+00 0.000000000000000000e+00 -6.001914058355032333e-01 2.319376083685116274e-01 4.158728595067396894e-01 2.585348931889421831e-01 3.505069280198000459e-02 0.000000000000000000e+00 0.000000000000000000e+00 7.690000000000000000e+02 0.000000000000000000e+00 0.000000000000000000e+00 1.000000000000000000e+00
0.000000000000000000e+00 3.000000000000000000e+01 7.479999999999999538e+00 0.000000000000000000e+00 -6.116862004025063193e-01 2.184737823279781499e-01 4.349338459885182528e-01 2.486597274550360337e-01 3.358828339034354571e-02 0.000000000000000000e+00 0.000000000000000000e+00 7.690000000000000000e+02 0.000000000000000000e+00 0.000000000000000000e+00 1.000000000000000000e+00
0.000000000000000000e+00 3.000000000000000000e+01 7.490000000000000213e+00 0.000000000000000000e+00 -6.234136864629441499e-01 2.044419047039653936e-01 4.550549251430493491e-01 2.376512134683141653e-01 3.194089912424968869e-02 0.000000000000000000e+00 0.000000000000000000e+00 7.690000000000000000e+02 0.000000000000000000e+00 0.000000000000000000e+00 1.000000000000000000e+00
0.000000000000000000e+00 3.000000000000000000e+01 7.500000000000000000e+00 0.000000000000000000e+00 -6.353783546713558383e-01 1.898204812574702804e-01 4.762954781570135632e-01 2.253793023547992769e-01 3.008866749297650633e-02 0.000000000000000000e+00 0.000000000000000000e+00 7.690000000000000000e+02 0.000000000000000000e+00 0.000000000000000000e+00 1.000000000000000000e+00
0.000000000000000000e+00 3.000000000000000000e+01 7.509999999999999787e+00 0.000000000000000000e+00 -6.475847865033729223e-01 1.745871146744237823e-01 4.987181900004385993e-01 2.116990201221992940e-01 2.800971195850979201e-02 0.000000000000000000e+00 0.000000000000000000e+00 7.690000000000000000e+02 0.000000000000000000e+00 0.000000000000000000e+00 1.000000000000000000e+00
0.000000000000000000e+00 3.000000000000000000e+01 7.519999999999999574e+00 0.000000000000000000e+00 -6.600376560100436052e-01 1.587184702571516337e-01 5.223892344221393591e-01 1.964487550123618087e-01 2.568040145042166378e-02 0.000000000000000000e+00 0.000000000000000000e+00 7.690000000000000000e+02 0.000000000000000000e+00 0.000000000000000000e+00 1.000000000000000000e+00
0.000000000000000000e+00 3.000000000000000000e+01 7.530000000000000249e+00 0.000000000000000000e+00 -6.727417316076079734e-01 1.421902401799375881e-01 5.473784692412188013e-01 1.794483483037937199e-01 2.307617741584574306e-02 0.000000000000000000e+00 0.000000000000000000e+00 7.690000000000000000e+02 0.000000000000000000e+00 0.000000000000000000e+00 1.000000000000000000e+00
0.000000000000000000e+00 3.000000000000000000e+01 7.540000000000000036e+00 0.000000000000000000e+00 -6.857018779034037559e-01 1.249771062539335176e-01 5.737596425109698917e-01 1.604969660099760664e-01 2.017364331778782882e-02 0.000000000000000000e+00 0.000000000000000000e+00 7.690000000000000000e+02 0.000000000000000000e+00 0.000000000000000000e+00 1.000000000000000000e+00
0.000000000000000000e+00 3.000000000000000000e+01 7.549999999999999822e+00 0.000000000000000000e+00 -6.989230575586101724e-01 1.070527011443813126e-01 6.016106101636096160e-01 1.393707263308226474e-01 1.695547133735401252e-02 0.000000000000000000e+00 0.000000000000000000e+00 7.690000000000000000e+02 0.000000000000000000e+00 0.000000000000000000e+00 1.000000000000000000e+00
0.000000000000000000e+00 3.000000000000000000e+01 7.559999999999999609e+00 0.000000000000000000e+00 -7.124103331885336399e-01 8.838956798073702159e-02 6.310135657781554830e-01 1.158200548292243059e-01 1.342186098472382405e-02 0.000000000000000000e+00 0.000000000000000000e+00 7.690000000000000000e+02 0.000000000000000000e+00 0.000000000000000000e+00 1.000000000000000000e+00
0.000000000000000000e+00 3.000000000000000000e+01 7.570000000000000284e+00 0.000000000000000000e+00 -7.261688693011699725e-01 6.895911829782763736e-02 6.620552831495373214e-01 8.956673608810639120e-02 9.618168752148728573e-03 0.000000000000000000e+00 0.000000000000000000e+00 7.690000000000000000e+02 0.000000000000000000e+00 0.000000000000000000e+00 1.000000000000000000e+00
0.000000000000000000e+00 3.000000000000000000e+01 7.580000000000000071e+00 0.000000000000000000e+00 -7.402039342747831485e-01 4.873158824361485675e-02 6.948273723748061848e-01 6.030062701780546097e-02 5.705419769964924920e-03 0.000000000000000000e+00 0.000000000000000000e+00 7.690000000000000000e+02 0.000000000000000000e+00 0.000000000000000000e+00 1.000000000000000000e+00
0.000000000000000000e+00 3.000000000000000000e+01 7.589999999999999858e+00 0.000000000000000000e+00 -7.545209023752563748e-01 2.767599298648337758e-02 7.294265502122060374e-01 2.767599298648339839e-02 2.149735958457153762e-03 1.000000000000000000e+00 1.000000000000000000e+00 7.690000000000000000e+02 0.000000000000000000e+00 0.000000000000000000e+00 1.000000000000000000e+00
0.000000000000000000e+00 3.000000000000000000e+01 7.599999999999999645e+00 0.000000000000000000e+00 -7.946449141076085132e-01 4.207211557872289620e-02 6.892962566812906866e-01 5.454441518747024653e-02 7.384441925687258018e-03 0.000000000000000000e+00 0.000000000000000000e+00 7.690000000000000000e+02 0.000000000000000000e+00 0.000000000000000000e+00 1.000000000000000000e+00
0.000000000000000000e+00 3.000000000000000000e+01 7.610000000000000320e+00 0.000000000000000000e+00 -8.350716753470220910e-01 5.255657119560935148e-02 6.509767283729392950e-01 7.372007571949040772e-02 1.478403678896811346e-02 0.000000000000000000e+00 0.000000000000000000e+00 7.690000000000000000e+02 0.000000000000000000e+00 0.000000000000000000e+00 1.000000000000000000e+00
0.000000000000000000e+00 3.000000000000000000e+01 7.620000000000000107e+00 0.000000000000000000e+00 -8.758166661902493377e-01 5.914542008231336856e-02 6.143548769658687680e-01 8.542950588940005641e-02 2.334765252108464417e-02 0.000000000000000000e+00 0.000000000000000000e+00 7.690000000000000000e+02 0.000000000000000000e+00 0.000000000000000000e+00 1.000000000000000000e+00
0.000000000000000000e+00 3.000000000000000000e+01 7.629999999999999893e+00 0.000000000000000000e+00 -9.168954885895878038e-01 6.184875513563186517e-02 5.793226243108757778e-01 8.981103483138999644e-02 3.236341466959165303e-02 0.000000000000000000e+00 0.000000000000000000e+00 7.690000000000000000e+02 0.000000000000000000e+00 0.000000000000000000e+00 1.000000000000000000e+00
0.000000000000000000e+00 3.000000000000000000e+01 7.639999999999999680e+00 0.000000000000000000e+00 -9.583238723271354509e-01 6.067071736443749308e-02 5.457765834713663722e-01 8.691642365562385342e-02 4.129224115341593310e-02 0.000000000000000000e+00 0.000000000000000000e+00 7.690000000000000000e+02 0.000000000000000000e+00 0.000000000000000000e+00 1.000000000000000000e+00
0.000000000000000000e+00 3.000000000000000000e+01 7.650000000000000355e+00 0.000000000000000000e+00 -1.000117681037991479e+00 5.560950223293774364e-02 5.136177536085589912e-01 7.671147692714420929e-02 4.964659038216748949e-02 0.000000000000000000e+00 0.000000000000000000e+00 7.690000000000000000e+02 0.000000000000000000e+00 0.000000000000000000e+00 1.000000000000000000e+00
0.000000000000000000e+00 3.000000000000000000e+01 7.660000000000000142e+00 0.000000000000000000e+00 -1.042292918284713155e+00 4.665735689646014622e-02 4.827512278109084010e-01 5.907563869874189050e-02 5.686603162130306199e-02 0.000000000000000000e+00 0.000000000000000000e+00 7.690000000000000000e+02 0.000000000000000000e+00 0.000000000000000000e+00 1.000000000000000000e+00
0.000000000000000000e+00 3.000000000000000000e+01 7.669999999999999929e+00 0.000000000000000000e+00 -1.084865733685353106e+00 3.380056832552938428e-02 4.530859130054984973e-01 3.380056832552937041e-02 6.211073382466208992e-02 1.000000000000000000e+00 1.000000000000000000e+00 7.690000000000000000e+02 0.000000000000000000e+00 0.000000000000000000e+00 1.000000000000000000e+00
0.000000000000000000e+00 3.000000000000000000e+01 7.679999999999999716e+00 0.000000000000000000e+00 -1.089332432955290031e+00 4.684402181479490473e-02 4.531698421326736392e-01 5.652988532821524165e-02 7.467375762885111734e-02 0.000000000000000000e+00 0.000000000000000000e+00 7.690000000000000000e+02 0.000000000000000000e+00 0.000000000000000000e+00 1.000000000000000000e+00
0.000000000000000000e+00 3.000000000000000000e+01 7.689999999999999503e+00 0.000000000000000000e+00 -1.094214722612031343e+00 6.044938589768616283e-02 4.543676818756163804e-01 7.008880370135404936e-02 8.687595024654257148e-02 0.000000000000000000e+00 0.000000000000000000e+00 7.690000000000000000e+02 0.000000000000000000e+00 0.000000000000000000e+00 1.000000000000000000e+00
0.000000000000000000e+00 3.000000000000000000e+01 7.700000000000000178e+00 0.000000000000000000e+00 -1.099514472167601786e+00 7.463750147341545460e-02 4.566829672905157178e-01 7.463750147341548236e-02 9.888196178104702305e-02 1.000000000000000000e+00 0.000000000000000000e+00 7.690000000000000000e+02 0.000000000000000000e+00 0.000000000000000000e+00 1.000000000000000000e+00
0.000000000000000000e+00 3.000000000000000000e+01 7.709999999999999964e+00 0.000000000000000000e+00 -1.100229975410458305e+00 6.059114301727517443e-02 4.601225312313345084e-01 7.022971460040894343e-02 8.872749034470542306e-02 0.000000000000000000e+00 0.000000000000000000e+00 7.690000000000000000e+02 0.000000000000000000e+00 0.000000000000000000e+00 1.000000000000000000e+00
0.000000000000000000e+00 3.000000000000000000e+01 7.719999999999999751e+00 0.000000000000000000e+00 -1.101365241895089442e+00 4.712884287040575160e-02 4.646965245148805268e-01 5.681337177459411941e-02 7.808731806798484276e-02 0.000000000000000000e+00 0.000000000000000000e+00 7.690000000000000000e+02 0.000000000000000000e+00 0.000000000000000000e+00 1.000000000000000000e+00
0.000000000000000000e+00 3.000000000000000000e+01 7.729999999999999538e+00 0.000000000000000000e+00 -1.102920706334405310e+00 3.422997928106158438e-02 4.704184458778246647e-01 3.422997928106158438e-02 6.666240467159689764e-02 1.000000000000000000e+00 1.000000000000000000e+00 7.690000000000000000e+02 0.000000000000000000e+00 0.000000000000000000e+00 1.000000000000000000e+00
0.000000000000000000e+00 3.000000000000000000e+01 7.740000000000000213e+00 0.000000000000000000e+00 -1.108519991867054522e+00 4.111731176123940151e-02 4.668909370297711359e-01 5.270109502335312834e-02 7.190898494469186164e-02 0.000000000000000000e+00 0.000000000000000000e+00 7.690000000000000000e+02 0.000000000000000000e+00 0.000000000000000000e+00 1.000000000000000000e+00
0.000000000000000000e+00 3.000000000000000000e+01 7.750000000000000000e+00 0.000000000000000000e+00 -1.114542215030246641e+00 4.235216074528911495e-02 4.645178323958301103e-01 5.970987717732267885e-02 7.204640669424630661e-02 0.000000000000000000e+00 0.000000000000000000e+00 7.690000000000000000e+02 0.000000000000000000e+00 0.000000000000000000e+00 1.000000000000000000e+00
0.000000000000000000e+00 3.000000000000000000e+01 7.759999999999999787e+00 0.000000000000000000e+00 -1.120989681835999008e+00 3.793641779326469704e-02 4.632921284863679157e-01 5.533912385978913967e-02 6.647094950222816323e-02 0.000000000000000000e+00 0.000000000000000000e+00 7.690000000000000000e+02 0.000000000000000000e+00 0.000000000000000000e+00 1.000000000000000000e+00
0.000000000000000000e+00 3.000000000000000000e+01 7.769999999999999574e+00 0.000000000000000000e+00 -1.127864861129375562e+00 2.786331880438576089e-02 4.632102080126641042e-01 3.953720125822679510e-02 5.247347987979038286e-02 0.000000000000000000e+00 0.000000000000000000e+00 7.690000000000000000e+02 0.000000000000000000e+00 0.000000000000000000e+00 1.000000000000000000e+00
0.000000000000000000e+00 3.000000000000000000e+01 7.780000000000000249e+00 0.000000000000000000e+00 -1.135170385533852411e+00 1.211743365568731558e-02 4.642718292115955991e-01 1.211743365568731558e-02 0.000000000000000000e+00 1.000000000000000000e+00 1.000000000000000000e+00 7.690000000000000000e+02 1.000000000000000000e+00 0.000000000000000000e+00 1.000000000000000000e+00
0.000000000000000000e+00 3.000000000000000000e+01 7.790000000000000036e+00 0.000000000000000000e+00 -1.116559764195050652e+00 2.845904939581878762e-02 4.831661754356966210e-01 4.058165672617279618e-02 4.743177077288424776e-02 0.000000000000000000e+00 0.000000000000000000e+00 7.690000000000000000e+02 0.000000000000000000e+00 0.000000000000000000e+00 1.000000000000000000e+00
0.000000000000000000e+00 3.000000000000000000e+01 7.799999999999999822e+00 0.000000000000000000e+00 -1.098375159052813466e+00 3.940703383138130511e-02 5.032629572425377784e-01 5.865260503368818074e-02 5.700015372175291223e-02 0.000000000000000000e+00 0.000000000000000000e+00 7.690000000000000000e+02 0.000000000000000000e+00 0.000000000000000000e+00 1.000000000000000000e+00
0.000000000000000000e+00 3.000000000000000000e+01 7.809999999999999609e+00 0.000000000000000000e+00 -1.080609606911515641e+00 4.497815724788938041e-02 5.246214841126387585e-01 6.654375938789823530e-02 5.871025351175742507e-02 0.000000000000000000e+00 0.000000000000000000e+00 7.690000000000000000e+02 0.000000000000000000e+00 0.000000000000000000e+00 1.000000000000000000e+00
0.000000000000000000e+00 3.000000000000000000e+01 7.820000000000000284e+00 0.000000000000000000e+00 -1.063256305038076555e+00 4.518095357511624222e-02 5.473047891796382070e-01 6.434834179309731339e-02 5.539489945425903755e-02 0.000000000000000000e+00 0.000000000000000000e+00 7.690000000000000000e+02 0.000000000000000000e+00 0.000000000000000000e+00 1.000000000000000000e+00
0.000000000000000000e+00 3.000000000000000000e+01 7.830000000000000071e+00 0.000000000000000000e+00 -1.046308608557079189e+00 4.001573345949448191e-02 5.713798152532316710e-01 5.204041672461263285e-02 4.796158290735816343e-02 0.000000000000000000e+00 0.000000000000000000e+00 7.690000000000000000e+02 0.000000000000000000e+00 0.000000000000000000e+00 1.000000000000000000e+00
0.000000000000000000e+00 3.000000000000000000e+01 7.839999999999999858e+00 0.000000000000000000e+00 -1.029760027906332365e+00 2.947458473996885167e-02 5.969176123803200396e-01 2.947458473996885167e-02 3.659458231863594452e-02 1.000000000000000000e+00 1.000000000000000000e+00 7.690000000000000000e+02 0.000000000000000000e+00 0.000000000000000000e+00 1.000000000000000000e+00
0.000000000000000000e+00 3.000000000000000000e+01 7.849999999999999645e+00 0.000000000000000000e+00 -1.039587895773336879e+00 3.804968232862381700e-02 5.871703427658281349e-01 4.965688181843591620e-02 4.750600260823314991e-02 0.000000000000000000e+00 0.000000000000000000e+00 7.690000000000000000e+02 0.000000000000000000e+00 0.000000000000000000e+00 1.000000000000000000e+00
0.000000000000000000e+00 3.000000000000000000e+01 7.860000000000000320e+00 0.000000000000000000e+00 -1.049812305994979544e+00 4.067816648703696802e-02 5.789324450980933845e-01 5.805823707855500837e-02 5.365301685455278746e-02 0.000000000000000000e+00 0.000000000000000000e+00 7.690000000000000000e+02 0.000000000000000000e+00 0.000000000000000000e+00 1.000000000000000000e+00
0.000000000000000000e+00 3.000000000000000000e+01 7.870000000000000107e+00 0.000000000000000000e+00 -1.060437173672411415e+00 3.736406356636602644e-02 5.721796077517056212e-01 5.477789977347494177e-02 5.517361267735465535e-02 0.000000000000000000e+00 0.000000000000000000e+00 7.690000000000000000e+02 0.000000000000000000e+00 0.000000000000000000e+00 1.000000000000000000e+00
0.000000000000000000e+00 3.000000000000000000e+01 7.879999999999999893e+00 0.000000000000000000e+00 -1.071466567248776869e+00 2.810229697442808219e-02 5.668919018007848587e-01 3.977711769982788387e-02 5.141093376687748406e-02 0.000000000000000000e+00 0.000000000000000000e+00 7.690000000000000000e+02 0.000000000000000000e+00 0.000000000000000000e+00 1.000000000000000000e+00
0.000000000000000000e+00 3.000000000000000000e+01 7.889999999999999680e+00 0.000000000000000000e+00 -1.082904710067090992e+00 1.287867939930012300e-02 5.630537222048772605e-01 1.287867939930011779e-02 4.010618076269949900e-02 1.000000000000000000e+00 1.000000000000000000e+00 7.690000000000000000e+02 0.000000000000000000e+00 0.000000000000000000e+00 1.000000000000000000e+00
0.000000000000000000e+00 3.000000000000000000e+01 7.900000000000000355e+00 0.000000000000000000e+00 -1.073765674602740194e+00 3.199814603102155847e-02 5.645256310612539741e-01 4.502231331154463168e-02 5.647025554421997856e-02 0.000000000000000000e+00 0.000000000000000000e+00 7.690000000000000000e+02 0.000000000000000000e+00 0.000000000000000000e+00 1.000000000000000000e+00
0.000000000000000000e+00 3.000000000000000000e+01 7.910000000000000142e+00 0.000000000000000000e+00 -1.065036268747777681e+00 4.813988198612240144e-02 5.674400829511507816e-01 7.130162347907154086e-02 6.669464230769325819e-02 0.000000000000000000e+00 0.000000000000000000e+00 7.690000000000000000e+02 0.000000000000000000e+00 0.000000000000000000e+00 1.000000000000000000e+00
0.000000000000000000e+00 3.000000000000000000e+01 7.919999999999999929e+00 0.000000000000000000e+00 -1.056713149863735879e+00 6.132861341600160526e-02 5.718056789843998233e-01 9.202706004077380875e-02 7.327391382078470017e-02 0.000000000000000000e+00 0.000000000000000000e+00 7.690000000000000000e+02 0.000000000000000000e+00 0.000000000000000000e+00 1.000000000000000000e+00
0.000000000000000000e+00 3.000000000000000000e+01 7.929999999999999716e+00 0.000000000000000000e+00 -1.048793130886361835e+00 7.158454301577214796e-02 5.776353028771790132e-01 1.074434625536328791e-01 7.724082503239998454e-02 0.000000000000000000e+00 0.000000000000000000e+00 7.690000000000000000e+02 0.000000000000000000e+00 0.000000000000000000e+00 1.000000000000000000e+00
0.000000000000000000e+00 3.000000000000000000e+01 7.940000000000000391e+00 0.000000000000000000e+00 -1.041273179105235869e+00 7.892338097105015826e-02 5.849461589743445433e-01 1.177329524002435485e-01 7.912441165480654792e-02 0.000000000000000000e+00 0.000000000000000000e+00 7.690000000000000000e+02 0.000000000000000000e+00 0.000000000000000000e+00 1.000000000000000000e+00
0.000000000000000000e+00 3.000000000000000000e+01 7.950000000000000178e+00 0.000000000000000000e+00 -1.034150415002494494e+00 8.335636902305100515e-02 5.937598230227721929e-01 1.230170842763590039e-01 7.921856517850238422e-02 0.000000000000000000e+00 0.000000000000000000e+00 7.690000000000000000e+02 0.000000000000000000e+00 0.000000000000000000e+00 1.000000000000000000e+00
0.000000000000000000e+00 3.000000000000000000e+01 7.959999999999999964e+00 0.000000000000000000e+00 -1.027422111150214867e+00 8.489029768885593408e-02 6.041023058455485817e-01 1.233582821750144887e-01 7.768319658194444699e-02 0.000000000000000000e+00 0.000000000000000000e+00 7.690000000000000000e+02 0.000000000000000000e+00 0.000000000000000000e+00 1.000000000000000000e+00
0.000000000000000000e+00 3.000000000000000000e+01 7.969999999999999751e+00 0.000000000000000000e+00 -1.021085691166034648e+00 8.352751666322712210e-02 6.160041301049281603e-01 1.187605768312007815e-01 7.458730566549884311e-02 0.000000000000000000e+00 0.000000000000000000e+00 7.690000000000000000e+02 0.000000000000000000e+00 0.000000000000000000e+00 1.000000000000000000e+00
0.000000000000000000e+00 3.000000000000000000e+01 7.979999999999999538e+00 0.000000000000000000e+00 -1.015138728726612483e+00 7.926593841790503803e-02 6.295004203806005005e-01 1.091696533388768348e-01 6.992586888386151389e-02 0.000000000000000000e+00 0.000000000000000000e+00 7.690000000000000000e+02 0.000000000000000000e+00 0.000000000000000000e+00 1.000000000000000000e+00
0.000000000000000000e+00 3.000000000000000000e+01 7.990000000000000213e+00 0.000000000000000000e+00 -1.009578946638546748e+00 7.209903500390173192e-02 6.446310068290990181e-01 9.447220950284326846e-02 6.362072928463635701e-02 0.000000000000000000e+00 0.000000000000000000e+00 7.690000000000000000e+02 0.000000000000000000e+00 0.000000000000000000e+00 1.000000000000000000e+00
0.000000000000000000e+00 3.000000000000000000e+01 8.000000000000000000e+00 0.000000000000000000e+00 -1.004404215966399505e+00 6.201582805189130576e-02 6.614405427302796348e-01 7.449461734538000146e-02 5.550684915884408072e-02 0.000000000000000000e+00 0.000000000000000000e+00 7.690000000000000000e+02 0.000000000000000000e+00 0.000000000000000000e+00 1.000000000000000000e+00
0.000000000000000000e+00 3.000000000000000000e+01 8.009999999999999787e+00 0.000000000000000000e+00 -9.996125552174904838e-01 4.900087195538039425e-02 6.799786362677638918e-01 4.900087195538044282e-02 4.529942101684445582e-02 1.000000000000000000e+00 1.000000000000000000e+00 7.690000000000000000e+02 0.000000000000000000e+00 0.000000000000000000e+00 1.000000000000000000e+00
0.000000000000000000e+00 3.000000000000000000e+01 8.019999999999999574e+00 0.000000000000000000e+00 -1.001691610092912965e+00 6.109584405371813048e-02 6.709763655528495629e-01 7.339219228024893016e-02 5.406805415374767165e-02 0.000000000000000000e+00 0.000000000000000000e+00 7.690000000000000000e+02 0.000000000000000000e+00 0.000000000000000000e+00 1.000000000000000000e+00
0.000000000000000000e+00 3.000000000000000000e+01 8.029999999999999361e+00 0.000000000000000000e+00 -1.004152696188494787e+00 7.049889599095152115e-02 6.637307945271990750e-01 9.176586156864470489e-02 6.085913232176731746e-02 0.000000000000000000e+00 0.000000000000000000e+00 7.690000000000000000e+02 0.000000000000000000e+00 0.000000000000000000e+00 1.000000000000000000e+00
0.000000000000000000e+00 3.000000000000000000e+01 8.039999999999999147e+00 0.000000000000000000e+00 -1.006996755896099938e+00 7.722443150199849449e-02 6.582205401127785294e-01 1.043389368188753080e-01 6.594672220876662827e-02 0.000000000000000000e+00 0.000000000000000000e+00 7.690000000000000000e+02 0.000000000000000000e+00 0.000000000000000000e+00 1.000000000000000000e+00
0.000000000000000000e+00 3.000000000000000000e+01 8.050000000000000711e+00 0.000000000000000000e+00 -1.010224878254723624e+00 8.128275286226160912e-02 6.544293404856806884e-01 1.112599498201262693e-01 6.949154931224357790e-02 0.000000000000000000e+00 0.000000000000000000e+00 7.690000000000000000e+02 0.000000000000000000e+00 0.000000000000000000e+00 1.000000000000000000e+00
0.000000000000000000e+00 3.000000000000000000e+01 8.060000000000000497e+00 0.000000000000000000e+00 -1.013838299367504359e+00 8.268007666880694551e-02 6.523460070843440928e-01 1.126106618299732853e-01 7.157421409273248547e-02 0.000000000000000000e+00 0.000000000000000000e+00 7.690000000000000000e+02 0.000000000000000000e+00 0.000000000000000000e+00 1.000000000000000000e+00
0.000000000000000000e+00 3.000000000000000000e+01 8.070000000000000284e+00 0.000000000000000000e+00 -1.017838402875048009e+00 8.141854336303992745e-02 6.519643915899500097e-01 1.084070294594684930e-01 7.220978525410282067e-02 0.000000000000000000e+00 0.000000000000000000e+00 7.690000000000000000e+02 0.000000000000000000e+00 0.000000000000000000e+00 1.000000000000000000e+00
0.000000000000000000e+00 3.000000000000000000e+01 8.080000000000000071e+00 0.000000000000000000e+00 -1.022226720485249096e+00 7.749622050946539109e-02 6.532833677815466089e-01 9.859939317626646715e-02 7.134957993041435298e-02 0.000000000000000000e+00 0.000000000000000000e+00 7.690000000000000000e+02 0.000000000000000000e+00 0.000000000000000000e+00 1.000000000000000000e+00
0.000000000000000000e+00 3.000000000000000000e+01 8.089999999999999858e+00 0.000000000000000000e+00 -1.027004932559805628e+00 7.090709983555415485e-02 6.563068282123540875e-01 8.307189065266835926e-02 6.887045225629739864e-02 0.000000000000000000e+00 0.000000000000000000e+00 7.690000000000000000e+02 0.000000000000000000e+00 0.000000000000000000e+00 1.000000000000000000e+00
0.000000000000000000e+00 3.000000000000000000e+01 8.099999999999999645e+00 0.000000000000000000e+00 -1.032174868757660624e+00 6.164108802818157179e-02 6.610436956974408140e-01 6.164108802818157179e-02 6.454583354321247191e-02 1.000000000000000000e+00 1.000000000000000000e+00 7.690000000000000000e+02 0.000000000000000000e+00 0.000000000000000000e+00 1.000000000000000000e+00
0.000000000000000000e+00 3.000000000000000000e+01 8.109999999999999432e+00 0.000000000000000000e+00 -1.033969833603876065e+00 6.650066748473219824e-02 6.535561023749338894e-01 7.850212786236036855e-02 6.846456710401366275e-02 0.000000000000000000e+00 0.000000000000000000e+00 7.690000000000000000e+02 0.000000000000000000e+00 0.000000000000000000e+00 1.000000000000000000e+00
0.000000000000000000e+00 3.000000000000000000e+01 8.119999999999999218e+00 0.000000000000000000e+00 -1.036159189552853910e+00 6.804085071637741566e-02 6.477737981840436809e-01 8.799473507070375289e-02 7.027933063831633131e-02 0.000000000000000000e+00 0.000000000000000000e+00 7.690000000000000000e+02 0.000000000000000000e+00 0.000000000000000000e+00 1.000000000000000000e+00
0.000000000000000000e+00 3.000000000000000000e+01 8.130000000000000782e+00 0.000000000000000000e+00 -1.038743774946347731e+00 6.626399699871644844e-02 6.436797184294840157e-01 9.023105039083001433e-02 7.003580894237709797e-02 0.000000000000000000e+00 0.000000000000000000e+00 7.690000000000000000e+02 0.000000000000000000e+00 0.000000000000000000e+00 1.000000000000000000e+00
0.000000000000000000e+00 3.000000000000000000e+01 8.140000000000000568e+00 0.000000000000000000e+00 -1.041724579466210443e+00 6.116738452077687127e-02 6.412617806920006824e-01 8.523749249192470734e-02 6.764525806941071306e-02 0.000000000000000000e+00 0.000000000000000000e+00 7.690000000000000000e+02 0.000000000000000000e+00 0.000000000000000000e+00 1.000000000000000000e+00
0.000000000000000000e+00 3.000000000000000000e+01 8.150000000000000355e+00 0.000000000000000000e+00 -1.045102744513358939e+00 5.274320621570403878e-02 6.405128491708210747e-01 7.295507007119485243e-02 6.285517021745415378e-02 0.000000000000000000e+00 0.000000000000000000e+00 7.690000000000000000e+02 0.000000000000000000e+00 0.000000000000000000e+00 1.000000000000000000e+00
0.000000000000000000e+00 3.000000000000000000e+01 8.160000000000000142e+00 0.000000000000000000e+00 -1.048879563644838031e+00 4.097855780177991902e-02 6.414307136245300800e-01 5.323868496121708649e-02 5.515201551031199967e-02 0.000000000000000000e+00 0.000000000000000000e+00 7.690000000000000000e+02 0.000000000000000000e+00 0.000000000000000000e+00 1.000000000000000000e+00
0.000000000000000000e+00 3.000000000000000000e+01 8.169999999999999929e+00 0.000000000000000000e+00 -1.053056483069143123e+00 2.585541801545223131e-02 6.440180828482202635e-01 2.585541801545223478e-02 4.348479456568507540e-02 1.000000000000000000e+00 1.000000000000000000e+00 7.690000000000000000e+02 0.000000000000000000e+00 0.000000000000000000e+00 1.000000000000000000e+00
0.000000000000000000e+00 3.000000000000000000e+01 8.179999999999999716e+00 0.000000000000000000e+00 -1.060090148547887523e+00 3.874799014780115625e-02 6.307185037408847839e-01 5.108033869509558123e-02 5.737463121827952872e-02 0.000000000000000000e+00 0.000000000000000000e+00 7.690000000000000000e+02 0.000000000000000000e+00 0.000000000000000000e+00 1.000000000000000000e+00
0.000000000000000000e+00 3.000000000000000000e+01 8.189999999999999503e+00 0.000000000000000000e+00 -1.067528207043723310e+00 4.658150818181702041e-02 6.190568156053847249e-01 6.700776528323627856e-02 6.657666826254907133e-02 0.000000000000000000e+00 0.000000000000000000e+00 7.690000000000000000e+02 0.000000000000000000e+00 0.000000000000000000e+00 1.000000000000000000e+00
0.000000000000000000e+00 3.000000000000000000e+01 8.199999999999999289e+00 0.000000000000000000e+00 -1.075373506716177818e+00 4.936797161702294323e-02 6.089986025500642164e-01 7.382585613581950368e-02 7.188668469201500710e-02 0.000000000000000000e+00 0.000000000000000000e+00 7.690000000000000000e+02 0.000000000000000000e+00 0.000000000000000000e+00 1.000000000000000000e+00
0.000000000000000000e+00 3.000000000000000000e+01 8.209999999999999076e+00 0.000000000000000000e+00 -1.083629051664374066e+00 4.711164879958428670e-02 6.005141808475978893e-01 7.161515664154365080e-02 7.348912186473413599e-02 0.000000000000000000e+00 0.000000000000000000e+00 7.690000000000000000e+02 0.000000000000000000e+00 0.000000000000000000e+00 1.000000000000000000e+00
0.000000000000000000e+00 3.000000000000000000e+01 8.220000000000000639e+00 0.000000000000000000e+00 -1.092298003077351254e+00 3.980908346062488751e-02 5.935785113325852125e-01 6.034955074330244224e-02 7.107646666966369042e-02 0.000000000000000000e+00 0.000000000000000000e+00 7.690000000000000000e+02 0.000000000000000000e+00 0.000000000000000000e+00 1.000000000000000000e+00
0.000000000000000000e+00 3.000000000000000000e+01 8.230000000000000426e+00 0.000000000000000000e+00 -1.101383680444539159e+00 2.744908942186293638e-02 5.881711255061417010e-01 3.989595241663306674e-02 6.360353427587792097e-02 0.000000000000000000e+00 0.000000000000000000e+00 7.690000000000000000e+02 0.000000000000000000e+00 0.000000000000000000e+00 1.000000000000000000e+00
0.000000000000000000e+00 3.000000000000000000e+01 8.240000000000000213e+00 0.000000000000000000e+00 -1.110889562826847143e+00 1.001273346045656286e-02 5.842760651294102159e-01 1.001273346045656459e-02 4.799584220868126361e-02 1.000000000000000000e+00 1.000000000000000000e+00 7.690000000000000000e+02 0.000000000000000000e+00 0.000000000000000000e+00 1.000000000000000000e+00
0.000000000000000000e+00 3.000000000000000000e+01 8.250000000000000000e+00 0.000000000000000000e+00 -1.072490035392510421e+00 2.572558311287052521e-02 6.175160917574593622e-01 3.742380882358770089e-02 5.026124701155685465e-02 0.000000000000000000e+00 0.000000000000000000e+00 7.690000000000000000e+02 0.000000000000000000e+00 0.000000000000000000e+00 1.000000000000000000e+00
0.000000000000000000e+00 3.000000000000000000e+01 8.259999999999999787e+00 0.000000000000000000e+00 -1.034499649103539642e+00 3.480295586956382026e-02 6.523550464923504322e-01 5.225711992385075055e-02 4.524821212526321246e-02 0.000000000000000000e+00 0.000000000000000000e+00 7.690000000000000000e+02 0.000000000000000000e+00 0.000000000000000000e+00 1.000000000000000000e+00
0.000000000000000000e+00 3.000000000000000000e+01 8.269999999999999574e+00 0.000000000000000000e+00 -9.969038567927276384e-01 3.725875658523802175e-02 6.888957458112210386e-01 5.468789980434929365e-02 3.614321868103310964e-02 0.000000000000000000e+00 0.000000000000000000e+00 7.690000000000000000e+02 0.000000000000000000e+00 0.000000000000000000e+00 1.000000000000000000e+00
0.000000000000000000e+00 3.000000000000000000e+01 8.279999999999999361e+00 0.000000000000000000e+00 -9.596882623896342279e-01 3.309674709198294484e-02 7.272460283678049420e-01 4.474486443771383964e-02 2.444162514724638330e-02 0.000000000000000000e+00 0.000000000000000000e+00 7.690000000000000000e+02 0.000000000000000000e+00 0.000000000000000000e+00 1.000000000000000000e+00
0.000000000000000000e+00 3.000000000000000000e+01 8.289999999999999147e+00 0.000000000000000000e+00 -9.228386154080870929e-01 2.231055196170707994e-02 7.675190732451053766e-01 2.231055196170707300e-02 1.165488606773596586e-02 1.000000000000000000e+00 1.000000000000000000e+00 7.690000000000000000e+02 0.000000000000000000e+00 0.000000000000000000e+00 1.000000000000000000e+00
0.000000000000000000e+00 3.000000000000000000e+01 8.300000000000000711e+00 0.000000000000000000e+00 -9.458332558121389511e-01 3.577673715557939255e-02 7.373986343160037205e-01 4.782927320025801704e-02 2.341835871900987270e-02 0.000000000000000000e+00 0.000000000000000000e+00 7.690000000000000000e+02 0.000000000000000000e+00 0.000000000000000000e+00 1.000000000000000000e+00
0.000000000000000000e+00 3.000000000000000000e+01 8.310000000000000497e+00 0.000000000000000000e+00 -9.691885383192860859e-01 4.419128931420904238e-02 7.092309200065823882e-01 6.335589833755260469e-02 3.393460497113649776e-02 0.000000000000000000e+00 0.000000000000000000e+00 7.690000000000000000e+02 0.000000000000000000e+00 0.000000000000000000e+00 1.000000000000000000e+00
0.000000000000000000e+00 3.000000000000000000e+01 8.320000000000000284e+00 0.000000000000000000e+00 -9.929134060657526240e-01 4.756709797383965738e-02 6.829328019573274178e-01 6.907385086909673122e-02 4.240654722609803889e-02 0.000000000000000000e+00 0.000000000000000000e+00 7.690000000000000000e+02 0.000000000000000000e+00 0.000000000000000000e+00 1.000000000000000000e+00
0.000000000000000000e+00 3.000000000000000000e+01 8.330000000000000071e+00 0.000000000000000000e+00 -1.017016943708259014e+00 4.590933424842356253e-02 6.584266693480018695e-01 6.505067972012033850e-02 4.835718861467088597e-02 0.000000000000000000e+00 0.000000000000000000e+00 7.690000000000000000e+02 0.000000000000000000e+00 0.000000000000000000e+00 1.000000000000000000e+00
0.000000000000000000e+00 3.000000000000000000e+01 8.339999999999999858e+00 0.000000000000000000e+00 -1.041508380902689046e+00 3.921545875081101917e-02 6.356401998531419073e-01 5.123885723354160843e-02 5.117167571124325159e-02 0.000000000000000000e+00 0.000000000000000000e+00 7.690000000000000000e+02 0.000000000000000000e+00 0.000000000000000000e+00 1.000000000000000000e+00
0.000000000000000000e+00 3.000000000000000000e+01 8.349999999999999645e+00 0.000000000000000000e+00 -1.066397095838286013e+00 2.747521770287932041e-02 6.145061462049209444e-01 2.747521770287933429e-02 4.968931941293695115e-02 1.000000000000000000e+00 1.000000000000000000e+00 7.690000000000000000e+02 0.000000000000000000e+00 0.000000000000000000e+00 1.000000000000000000e+00
0.000000000000000000e+00 3.000000000000000000e+01 8.359999999999999432e+00 0.000000000000000000e+00 -1.021754891349944794e+00 4.086859210615914617e-02 6.501213809334179805e-01 5.315805516330249225e-02 4.605005729100148520e-02 0.000000000000000000e+00 0.000000000000000000e+00 7.690000000000000000e+02 0.000000000000000000e+00 0.000000000000000000e+00 1.000000000000000000e+00
0.000000000000000000e+00 3.000000000000000000e+01 8.369999999999999218e+00 0.000000000000000000e+00 -9.775024006545316446e-01 4.992778360463272919e-02 6.874317682678738883e-01 7.025013964984376524e-02 3.980640855223088748e-02 0.000000000000000000e+00 0.000000000000000000e+00 7.690000000000000000e+02 0.000000000000000000e+00 0.000000000000000000e+00 1.000000000000000000e+00
0.000000000000000000e+00 3.000000000000000000e+01 8.380000000000000782e+00 0.000000000000000000e+00 -9.336226787182005937e-01 5.466666920267968660e-02 7.265474183598575886e-01 7.895338818273658910e-02 3.218011569100391600e-02 0.000000000000000000e+00 0.000000000000000000e+00 7.690000000000000000e+02 0.000000000000000000e+00 0.000000000000000000e+00 1.000000000000000000e+00
0.000000000000000000e+00 3.000000000000000000e+01 8.390000000000000568e+00 0.000000000000000000e+00 -8.900989232466248735e-01 5.509250799579541724e-02 7.675837690396367652e-01 7.937061642565823583e-02 2.394425542073787272e-02 0.000000000000000000e+00 0.000000000000000000e+00 7.690000000000000000e+02 0.000000000000000000e+00 0.000000000000000000e+00 1.000000000000000000e+00
0.000000000000000000e+00 3.000000000000000000e+01 8.400000000000000355e+00 0.000000000000000000e+00 -8.469144682511110522e-01 5.120595229018162775e-02 8.106619264954878501e-01 7.150675329664878122e-02 1.576988697883059676e-02 0.000000000000000000e+00 0.000000000000000000e+00 7.690000000000000000e+02 0.000000000000000000e+00 0.000000000000000000e+00 1.000000000000000000e+00
0.000000000000000000e+00 3.000000000000000000e+01 8.410000000000000142e+00 0.000000000000000000e+00 -8.040527776669081916e-01 4.300104860195873291e-02 8.559090226814228819e-01 5.526889919579208721e-02 8.413934580147514747e-03 0.000000000000000000e+00 0.000000000000000000e+00 7.690000000000000000e+02 0.000000000000000000e+00 0.000000000000000000e+00 1.000000000000000000e+00
0.000000000000000000e+00 3.000000000000000000e+01 8.419999999999999929e+00 0.000000000000000000e+00 -7.614974390212667643e-01 3.046522853753059687e-02 9.034585905081142787e-01 3.046522853753058993e-02 2.866571998652259895e-03 1.000000000000000000e+00 1.000000000000000000e+00 7.690000000000000000e+02 0.000000000000000000e+00 0.000000000000000000e+00 1.000000000000000000e+00
0.000000000000000000e+00 3.000000000000000000e+01 8.429999999999999716e+00 0.000000000000000000e+00 -7.483539847717920468e-01 5.101379091659788423e-02 8.649584856362565466e-01 6.277526926031840038e-02 6.725279973176977177e-03 0.000000000000000000e+00 0.000000000000000000e+00 7.690000000000000000e+02 0.000000000000000000e+00 0.000000000000000000e+00 1.000000000000000000e+00
0.000000000000000000e+00 3.000000000000000000e+01 8.439999999999999503e+00 0.000000000000000000e+00 -7.354955544425920699e-01 7.053837911767615876e-02 8.287875591163087474e-01 9.173632016994988370e-02 1.077221471827136817e-02 0.000000000000000000e+00 0.000000000000000000e+00 7.690000000000000000e+02 0.000000000000000000e+00 0.000000000000000000e+00 1.000000000000000000e+00
0.000000000000000000e+00 3.000000000000000000e+01 8.449999999999999289e+00 0.000000000000000000e+00 -7.229172243212672599e-01 8.906890119558708019e-02 7.948390635654095648e-01 1.176905120993907011e-01 1.460613798804630270e-02 0.000000000000000000e+00 0.000000000000000000e+00 7.690000000000000000e+02 0.000000000000000000e+00 0.000000000000000000e+00 1.000000000000000000e+00
0.000000000000000000e+00 3.000000000000000000e+01 8.459999999999999076e+00 0.000000000000000000e+00 -7.106141779505675826e-01 1.066337424798686068e-01 7.630128104232757336e-01 1.409444544093122476e-01 1.809739706360705830e-02 0.000000000000000000e+00 0.000000000000000000e+00 7.690000000000000000e+02 0.000000000000000000e+00 0.000000000000000000e+00 1.000000000000000000e+00
0.000000000000000000e+00 3.000000000000000000e+01 8.470000000000000639e+00 0.000000000000000000e+00 -6.985817042840893887e-01 1.232598090558452014e-01 7.332148742764309501e-01 1.617728571120359282e-01 2.121647660610360975e-02 0.000000000000000000e+00 0.000000000000000000e+00 7.690000000000000000e+02 0.000000000000000000e+00 0.000000000000000000e+00 1.000000000000000000e+00
0.000000000000000000e+00 3.000000000000000000e+01 8.480000000000000426e+00 0.000000000000000000e+00 -6.868151958823338621e-01 1.389725689797699781e-01 7.053573156661890886e-01 1.804217761531235475e-01 2.397186868519322195e-02 0.000000000000000000e+00 0.000000000000000000e+00 7.690000000000000000e+02 0.000000000000000000e+00 0.000000000000000000e+00 1.000000000000000000e+00
0.000000000000000000e+00 3.000000000000000000e+01 8.490000000000000213e+00 0.000000000000000000e+00 -6.753101471484417306e-01 1.537960912911722211e-01 6.793579215623442025e-01 1.971115201886851076e-01 2.638603440938195460e-02 0.000000000000000000e+00 0.000000000000000000e+00 7.690000000000000000e+02 0.000000000000000000e+00 0.000000000000000000e+00 1.000000000000000000e+00
0.000000000000000000e+00 3.000000000000000000e+01 8.500000000000000000e+00 0.000000000000000000e+00 -6.640621526029213406e-01 1.677530828821704179e-01 6.551399627366570888e-01 2.120392531975655026e-01 2.848558236728104820e-02 0.000000000000000000e+00 0.000000000000000000e+00 7.690000000000000000e+02 0.000000000000000000e+00 0.000000000000000000e+00 1.000000000000000000e+00
0.000000000000000000e+00 3.000000000000000000e+01 8.509999999999999787e+00 0.000000000000000000e+00 -6.530669051967166183e-01 1.808649232802275464e-01 6.326319673200990756e-01 2.253813236743187065e-01 3.029716578813382299e-02 0.000000000000000000e+00 0.000000000000000000e+00 7.690000000000000000e+02 0.000000000000000000e+00 0.000000000000000000e+00 1.000000000000000000e+00
0.000000000000000000e+00 3.000000000000000000e+01 8.519999999999999574e+00 0.000000000000000000e+00 -6.423201946619646607e-01 1.931516973976296070e-01 6.117675098755763763e-01 2.372953479188485149e-01 3.184581585144090343e-02 0.000000000000000000e+00 0.000000000000000000e+00 7.690000000000000000e+02 0.000000000000000000e+00 0.000000000000000000e+00 1.000000000000000000e+00
0.000000000000000000e+00 3.000000000000000000e+01 8.529999999999999361e+00 0.000000000000000000e+00 -6.318179058998112385e-01 2.046322262978529649e-01 5.924850153636493921e-01 2.479220720336175465e-01 3.315435099268294883e-02 0.000000000000000000e+00 0.000000000000000000e+00 7.690000000000000000e+02 0.000000000000000000e+00 0.000000000000000000e+00 1.000000000000000000e+00
0.000000000000000000e+00 3.000000000000000000e+01 8.539999999999999147e+00 0.000000000000000000e+00 -6.215560174046704800e-01 2.153240960259501235e-01 5.747275774227117440e-01 2.573870346250952679e-01 3.424326689322398920e-02 0.000000000000000000e+00 0.000000000000000000e+00 7.690000000000000000e+02 0.000000000000000000e+00 0.000000000000000000e+00 1.000000000000000000e+00
0.000000000000000000e+00 3.000000000000000000e+01 8.550000000000000711e+00 0.000000000000000000e+00 -6.115305997243205560e-01 2.252436845471143256e-01 5.584427904273373544e-01 2.658020498517357222e-01 3.513083611429768105e-02 0.000000000000000000e+00 0.000000000000000000e+00 7.690000000000000000e+02 0.000000000000000000e+00 0.000000000000000000e+00 1.000000000000000000e+00
0.000000000000000000e+00 3.000000000000000000e+01 8.560000000000000497e+00 0.000000000000000000e+00 -6.017378139552501670e-01 2.344061868346911381e-01 5.435825948291689302e-01 2.732665283384470012e-01 3.583329101362643654e-02 0.000000000000000000e+00 0.000000000000000000e+00 7.690000000000000000e+02 0.000000000000000000e+00 0.000000000000000000e+00 1.000000000000000000e+00
0.000000000000000000e+00 3.000000000000000000e+01 8.570000000000000284e+00 0.000000000000000000e+00 -5.921739102726767401e-01 2.428256381460648095e-01 5.301031353239183952e-01 2.798686515621468529e-01 3.636503073078863058e-02 0.000000000000000000e+00 0.000000000000000000e+00 7.690000000000000000e+02 0.000000000000000000e+00 0.000000000000000000e+00 1.000000000000000000e+00
0.000000000000000000e+00 3.000000000000000000e+01 8.580000000000000071e+00 0.000000000000000000e+00 -5.828352264946741190e-01 2.505149355220739893e-01 5.179646314259025441e-01 2.856864135819914274e-01 3.673882508880159381e-02 0.000000000000000000e+00 0.000000000000000000e+00 7.690000000000000000e+02 0.000000000000000000e+00 0.000000000000000000e+00 1.000000000000000000e+00
0.000000000000000000e+00 3.000000000000000000e+01 8.589999999999999858e+00 0.000000000000000000e+00 -5.737181866798614083e-01 2.574858575428913832e-01 5.071312600681548988e-01 2.907885424207330982e-01 3.696600382804404727e-02 0.000000000000000000e+00 0.000000000000000000e+00 7.690000000000000000e+02 0.000000000000000000e+00 0.000000000000000000e+00 1.000000000000000000e+00
0.000000000000000000e+00 3.000000000000000000e+01 8.599999999999999645e+00 0.000000000000000000e+00 -5.648192997581135133e-01 2.637490823706275522e-01 4.975710498816434679e-01 2.952353119819308702e-01 3.705662717312198373e-02 0.000000000000000000e+00 0.000000000000000000e+00 7.690000000000000000e+02 0.000000000000000000e+00 0.000000000000000000e+00 1.000000000000000000e+00
0.000000000000000000e+00 3.000000000000000000e+01 8.609999999999999432e+00 0.000000000000000000e+00 -5.561351581937701294e-01 2.693142041062990821e-01 4.892557868415917666e-01 2.990792540945823585e-01 3.701963737105838648e-02 0.000000000000000000e+00 0.000000000000000000e+00 7.690000000000000000e+02 0.000000000000000000e+00 0.000000000000000000e+00 1.000000000000000000e+00
0.000000000000000000e+00 3.000000000000000000e+01 8.619999999999999218e+00 0.000000000000000000e+00 -5.476624366808336974e-01 2.741897474862152184e-01 4.821609310024487227e-01 3.023657790969028758e-01 3.686299250377746139e-02 0.000000000000000000e+00 0.000000000000000000e+00 7.690000000000000000e+02 0.000000000000000000e+00 0.000000000000000000e+00 1.000000000000000000e+00
0.000000000000000000e+00 3.000000000000000000e+01 8.630000000000000782e+00 0.000000000000000000e+00 -5.393978908696515084e-01 2.783831809402957380e-01 4.762655440757747050e-01 3.051337122905059540e-01 3.659378455679468400e-02 0.000000000000000000e+00 0.000000000000000000e+00 7.690000000000000000e+02 0.000000000000000000e+00 0.000000000000000000e+00 1.000000000000000000e+00
0.000000000000000000e+00 3.000000000000000000e+01 8.640000000000000568e+00 0.000000000000000000e+00 -5.313383561246000086e-01 2.819009280323230282e-01 4.715522276373121935e-01 3.074157526023769682e-01 3.621834392215067533e-02 0.000000000000000000e+00 0.000000000000000000e+00 7.690000000000000000e+02 0.000000000000000000e+00 0.000000000000000000e+00 1.000000000000000000e+00
0.000000000000000000e+00 3.000000000000000000e+01 8.650000000000000355e+00 0.000000000000000000e+00 -5.234807463122911342e-01 2.847483772996529106e-01 4.680070717808794134e-01 3.092388588730357601e-01 3.574233248590635847e-02 0.000000000000000000e+00 0.000000000000000000e+00 7.690000000000000000e+02 0.000000000000000000e+00 0.000000000000000000e+00 1.000000000000000000e+00
0.000000000000000000e+00 3.000000000000000000e+01 8.660000000000000142e+00 0.000000000000000000e+00 -5.158220526198394884e-01 2.869298905074559869e-01 4.656196140675531447e-01 3.106245683342947483e-01 3.517082733308354858e-02 0.000000000000000000e+00 0.000000000000000000e+00 7.690000000000000000e+02 0.000000000000000000e+00 0.000000000000000000e+00 1.000000000000000000e+00
0.000000000000000000e+00 3.000000000000000000e+01 8.669999999999999929e+00 0.000000000000000000e+00 -5.083593424027361696e-01 2.884488093301350586e-01 4.643828086489930618e-01 3.115892510389431935e-01 3.450839696535912271e-02 0.000000000000000000e+00 0.000000000000000000e+00 7.690000000000000000e+02 0.000000000000000000e+00 0.000000000000000000e+00 1.000000000000000000e+00
0.000000000000000000e+00 3.000000000000000000e+01 8.679999999999999716e+00 0.000000000000000000e+00 -5.010897580618896008e-01 2.893074604701511010e-01 4.642930054737837153e-01 3.121443032480602509e-01 3.375917180529135198e-02 0.000000000000000000e+00 0.000000000000000000e+00 7.690000000000000000e+02 0.000000000000000000e+00 0.000000000000000000e+00 1.000000000000000000e+00
0.000000000000000000e+00 3.000000000000000000e+01 8.689999999999999503e+00 0.000000000000000000e+00 -4.940105159494022069e-01 2.895071592221010182e-01 4.653499395154286900e-01 3.122962820605315049e-01 3.292691067466972654e-02 0.000000000000000000e+00 0.000000000000000000e+00 7.690000000000000000e+02 0.000000000000000000e+00 0.000000000000000000e+00 1.000000000000000000e+00
0.000000000000000000e+00 3.000000000000000000e+01 8.699999999999999289e+00 0.000000000000000000e+00 -4.871189053026630522e-01 2.890482114875055908e-01 4.675567299902064766e-01 3.120469828752142072e-01 3.201506489497490948e-02 0.000000000000000000e+00 0.000000000000000000e+00 7.690000000000000000e+02 0.000000000000000000e+00 0.000000000000000000e+00 1.000000000000000000e+00
0.000000000000000000e+00 3.000000000000000000e+01 8.710000000000000853e+00 0.000000000000000000e+00 -4.804122872063518179e-01 2.879299142433935921e-01 4.709198895625790193e-01 3.113934606008476602e-01 3.102684167312186325e-02 0.000000000000000000e+00 0.000000000000000000e+00 7.690000000000000000e+02 0.000000000000000000e+00 0.000000000000000000e+00 1.000000000000000000e+00
0.000000000000000000e+00 3.000000000000000000e+01 8.720000000000000639e+00 0.000000000000000000e+00 -4.738880935819525519e-01 2.861505544654011635e-01 4.754493435653214251e-01 3.103279948642727604e-01 2.996526851366117239e-02 0.000000000000000000e+00 0.000000000000000000e+00 7.690000000000000000e+02 0.000000000000000000e+00 0.000000000000000000e+00 1.000000000000000000e+00
0.000000000000000000e+00 3.000000000000000000e+01 8.730000000000000426e+00 0.000000000000000000e+00 -4.675438262043926652e-01 2.837074065037354376e-01 4.811584592910939095e-01 3.088379988059493653e-01 2.883326054923633641e-02 0.000000000000000000e+00 0.000000000000000000e+00 7.690000000000000000e+02 0.000000000000000000e+00 0.000000000000000000e+00 1.000000000000000000e+00
0.000000000000000000e+00 3.000000000000000000e+01 8.740000000000000213e+00 0.000000000000000000e+00 -4.613770557454295873e-01 2.805967279079835119e-01 4.880640854419016073e-01 3.069058703853250747e-01 2.763369291731888888e-02 0.000000000000000000e+00 0.000000000000000000e+00 7.690000000000000000e+02 0.000000000000000000e+00 0.000000000000000000e+00 1.000000000000000000e+00
0.000000000000000000e+00 3.000000000000000000e+01 8.750000000000000000e+00 0.000000000000000000e+00 -4.553854208434200967e-01 2.768137536943711119e-01 4.961866018528645617e-01 3.045087844394589460e-01 2.636948065053837387e-02 0.000000000000000000e+00 0.000000000000000000e+00 7.690000000000000000e+02 0.000000000000000000e+00 0.000000000000000000e+00 1.000000000000000000e+00
0.000000000000000000e+00 3.000000000000000000e+01 8.759999999999999787e+00 0.000000000000000000e+00 -4.495666271991143326e-01 2.723526890466897443e-01 5.055499796370434007e-01 3.016184230383870957e-01 2.504366901344048935e-02 0.000000000000000000e+00 0.000000000000000000e+00 7.690000000000000000e+02 0.000000000000000000e+00 0.000000000000000000e+00 1.000000000000000000e+00
0.000000000000000000e+00 3.000000000000000000e+01 8.769999999999999574e+00 0.000000000000000000e+00 -4.439184466971294318e-01 2.672067004397114531e-01 5.161818519288190465e-01 2.982006409517857226e-01 2.365953784029831142e-02 0.000000000000000000e+00 0.000000000000000000e+00 7.690000000000000000e+02 0.000000000000000000e+00 0.000000000000000000e+00 1.000000000000000000e+00
0.000000000000000000e+00 3.000000000000000000e+01 8.779999999999999361e+00 0.000000000000000000e+00 -4.384387165527662833e-01 2.613679051714918322e-01 5.281135954346033445e-01 2.942150622749326594e-01 2.222072424439155980e-02 0.000000000000000000e+00 0.000000000000000000e+00 7.690000000000000000e+02 0.000000000000000000e+00 0.000000000000000000e+00 1.000000000000000000e+00
0.000000000000000000e+00 3.000000000000000000e+01 8.789999999999999147e+00 0.000000000000000000e+00 -4.331253384838422704e-01 2.548273592885311190e-01 5.413804230315537591e-01 2.896146034487119270e-01 2.073136912411490534e-02 0.000000000000000000e+00 0.000000000000000000e+00 7.690000000000000000e+02 0.000000000000000000e+00 0.000000000000000000e+00 1.000000000000000000e+00
0.000000000000000000e+00 3.000000000000000000e+01 8.800000000000000711e+00 0.000000000000000000e+00 -4.279762779072232015e-01 2.475750438852924729e-01 5.560214876875674284e-01 2.843449170388694380e-01 1.919629423488334458e-02 0.000000000000000000e+00 0.000000000000000000e+00 7.690000000000000000e+02 0.000000000000000000e+00 0.000000000000000000e+00 1.000000000000000000e+00
0.000000000000000000e+00 3.000000000000000000e+01 8.810000000000000497e+00 0.000000000000000000e+00 -4.229895631597467287e-01 2.395998497570936137e-01 5.720799980092436954e-01 2.783437497036155839e-01 1.762121827231234727e-02 0.000000000000000000e+00 0.000000000000000000e+00 7.690000000000000000e+02 0.000000000000000000e+00 0.000000000000000000e+00 1.000000000000000000e+00
0.000000000000000000e+00 3.000000000000000000e+01 8.820000000000000284e+00 0.000000000000000000e+00 -4.181632847432387723e-01 2.308895603828615972e-01 5.896033457588186755e-01 2.715402067649366202e-01 1.601302243649881801e-02 0.000000000000000000e+00 0.000000000000000000e+00 7.690000000000000000e+02 0.000000000000000000e+00 0.000000000000000000e+00 1.000000000000000000e+00
0.000000000000000000e+00 3.000000000000000000e+01 8.830000000000000071e+00 0.000000000000000000e+00 -4.134955945933345700e-01 2.214308332116839417e-01 6.086432457163991616e-01 2.638539146956428993e-01 1.438007824949003033e-02 0.000000000000000000e+00 0.000000000000000000e+00 7.690000000000000000e+02 0.000000000000000000e+00 0.000000000000000000e+00 1.000000000000000000e+00
0.000000000000000000e+00 3.000000000000000000e+01 8.839999999999999858e+00 0.000000000000000000e+00 -4.089847053718223546e-01 2.112091792244908117e-01 6.292558883002563608e-01 2.551940716282091737e-01 1.273265270024577511e-02 0.000000000000000000e+00 0.000000000000000000e+00 7.690000000000000000e+02 0.000000000000000000e+00 0.000000000000000000e+00 1.000000000000000000e+00
0.000000000000000000e+00 3.000000000000000000e+01 8.849999999999999645e+00 0.000000000000000000e+00 -4.046288897822420405e-01 2.002089407395593879e-01 6.515021053955916130e-01 2.454583746686120616e-01 1.108340733864748850e-02 0.000000000000000000e+00 0.000000000000000000e+00 7.690000000000000000e+02 0.000000000000000000e+00 0.000000000000000000e+00 1.000000000000000000e+00
0.000000000000000000e+00 3.000000000000000000e+01 8.859999999999999432e+00 0.000000000000000000e+00 -4.004264799084734094e-01 1.884132674278447273e-01 6.754475498811662870e-01 2.345318113430058804e-01 9.448006916283807621e-03 0.000000000000000000e+00 0.000000000000000000e+00 7.690000000000000000e+02 0.000000000000000000e+00 0.000000000000000000e+00 1.000000000000000000e+00
0.000000000000000000e+00 3.000000000000000000e+01 8.869999999999999218e+00 0.000000000000000000e+00 -3.963758665760626076e-01 1.758040905013943112e-01 7.011628893836130416e-01 2.222853009000149704e-01 7.845845428411477029e-03 0.000000000000000000e+00 0.000000000000000000e+00 7.690000000000000000e+02 0.000000000000000000e+00 0.000000000000000000e+00 1.000000000000000000e+00
0.000000000000000000e+00 3.000000000000000000e+01 8.880000000000000782e+00 0.000000000000000000e+00 -3.924754987360416503e-01 1.623620950353097392e-01 7.287240148312381649e-01 2.085741694176931338e-01 6.300873691354173800e-03 0.000000000000000000e+00 0.000000000000000000e+00 7.690000000000000000e+02 0.000000000000000000e+00 0.000000000000000000e+00 1.000000000000000000e+00
0.000000000000000000e+00 3.000000000000000000e+01 8.890000000000000568e+00 0.000000000000000000e+00 -3.887238828710058436e-01 1.480666903808577906e-01 7.582122644227914376e-01 1.932364407008536622e-01 4.842452456576041425e-03 0.000000000000000000e+00 0.000000000000000000e+00 7.690000000000000000e+02 0.000000000000000000e+00 0.000000000000000000e+00 1.000000000000000000e+00
0.000000000000000000e+00 3.000000000000000000e+01 8.900000000000000355e+00 0.000000000000000000e+00 -3.851195824232200304e-01 1.328959786244076069e-01 7.897146636721845692e-01 1.760909227783187814e-01 3.506013782909850329e-03 0.000000000000000000e+00 0.000000000000000000e+00 7.690000000000000000e+02 0.000000000000000000e+00 0.000000000000000000e+00 1.000000000000000000e+00
0.000000000000000000e+00 3.000000000000000000e+01 8.910000000000000142e+00 0.000000000000000000e+00 -3.816612172445359996e-01 1.168267210438810738e-01 8.233241822375730878e-01 1.569350673949588548e-01 2.332994872613179324e-03 0.000000000000000000e+00 0.000000000000000000e+00 7.690000000000000000e+02 0.000000000000000000e+00 0.000000000000000000e+00 1.000000000000000000e+00
0.000000000000000000e+00 3.000000000000000000e+01 8.919999999999999929e+00 0.000000000000000000e+00 -3.783474630679108386e-01 9.983430251133222633e-02 8.591400082927549420e-01 1.355425772116709005e-01 1.368817944671460451e-03 0.000000000000000000e+00 0.000000000000000000e+00 7.690000000000000000e+02 0.000000000000000000e+00 0.000000000000000000e+00 1.000000000000000000e+00
0.000000000000000000e+00 3.000000000000000000e+01 8.929999999999999716e+00 0.000000000000000000e+00 -3.751770510003217818e-01 8.189269378712789316e-02 8.972678412506077672e-01 1.116607324459974321e-01 6.563024415719900112e-04 0.000000000000000000e+00 0.000000000000000000e+00 7.690000000000000000e+02 0.000000000000000000e+00 0.000000000000000000e+00 1.000000000000000000e+00
0.000000000000000000e+00 3.000000000000000000e+01 8.939999999999999503e+00 0.000000000000000000e+00 -3.721487670368857081e-01 6.297441164797104585e-02 9.378202037024507831e-01 8.500740537170603517e-02 2.197087720491835809e-04 0.000000000000000000e+00 0.000000000000000000e+00 7.690000000000000000e+02 0.000000000000000000e+00 0.000000000000000000e+00 1.000000000000000000e+00
0.000000000000000000e+00 3.000000000000000000e+01 8.949999999999999289e+00 0.000000000000000000e+00 -3.692614515959960486e-01 4.305047678769030606e-02 9.809167734939203687e-01 5.526772740817476742e-02 3.465897329612210257e-05 0.000000000000000000e+00 0.000000000000000000e+00 7.690000000000000000e+02 0.000000000000000000e+00 0.000000000000000000e+00 1.000000000000000000e+00
0.000000000000000000e+00 3.000000000000000000e+01 8.960000000000000853e+00 0.000000000000000000e+00 -3.665139990752991350e-01 2.209036942630730402e-02 1.026684736917383267e+00 2.209036942630730402e-02 6.546943268509096224e-07 1.000000000000000000e+00 1.000000000000000000e+00 7.690000000000000000e+02 0.000000000000000000e+00 0.000000000000000000e+00 1.000000000000000000e+00
0.000000000000000000e+00 3.000000000000000000e+01 8.970000000000000639e+00 0.000000000000000000e+00 -3.521357544997661959e-01 4.279004052602582847e-02 9.885252074839523395e-01 5.520363376932362759e-02 2.543550015129833692e-05 0.000000000000000000e+00 0.000000000000000000e+00 7.690000000000000000e+02 0.000000000000000000e+00 0.000000000000000000e+00 1.000000000000000000e+00
0.000000000000000000e+00 3.000000000000000000e+01 8.980000000000000426e+00 0.000000000000000000e+00 -3.378908151227617562e-01 6.228254302314248370e-02 9.530595256391658499e-01 8.482182493438276960e-02 1.364782223359736237e-04 0.000000000000000000e+00 0.000000000000000000e+00 7.690000000000000000e+02 0.000000000000000000e+00 0.000000000000000000e+00 1.000000000000000000e+00
0.000000000000000000e+00 3.000000000000000000e+01 8.990000000000000213e+00 0.000000000000000000e+00 -3.237737263139114363e-01 8.059773582312003415e-02 9.201830253132661230e-01 1.112948368685607592e-01 3.620310065940105654e-04 0.000000000000000000e+00 0.000000000000000000e+00 7.690000000000000000e+02 0.000000000000000000e+00 0.000000000000000000e+00 1.000000000000000000e+00
0.000000000000000000e+00 3.000000000000000000e+01 9.000000000000000000e+00 0.000000000000000000e+00 -3.097790823990055897e-01 9.776367441090336174e-02 8.897986816107066321e-01 1.349354080029460390e-01 6.852265611299130851e-04 0.000000000000000000e+00 0.000000000000000000e+00 7.690000000000000000e+02 0.000000000000000000e+00 0.000000000000000000e+00 1.000000000000000000e+00
0.000000000000000000e+00 3.000000000000000000e+01 9.009999999999999787e+00 0.000000000000000000e+00 -2.959015245900737390e-01 1.138066538267290401e-01 8.618168244709643044e-01 1.560228157822428630e-01 1.071919627400916980e-03 0.000000000000000000e+00 0.000000000000000000e+00 7.690000000000000000e+02 0.000000000000000000e+00 0.000000000000000000e+00 1.000000000000000000e+00
0.000000000000000000e+00 3.000000000000000000e+01 9.019999999999999574e+00 0.000000000000000000e+00 -2.821357389334133159e-01 1.287512489452591613e-01 8.361548740348914155e-01 1.748061759036382279e-01 1.487820274970569692e-03 0.000000000000000000e+00 0.000000000000000000e+00 7.690000000000000000e+02 0.000000000000000000e+00 0.000000000000000000e+00 1.000000000000000000e+00
0.000000000000000000e+00 3.000000000000000000e+01 9.029999999999999361e+00 0.000000000000000000e+00 -2.684764542747863358e-01 1.426203521197403623e-01 8.127370969356175756e-01 1.915073852404285126e-01 1.904583499671716820e-03 0.000000000000000000e+00 0.000000000000000000e+00 7.690000000000000000e+02 0.000000000000000000e+00 0.000000000000000000e+00 1.000000000000000000e+00
0.000000000000000000e+00 3.000000000000000000e+01 9.039999999999999147e+00 0.000000000000000000e+00 -2.549184402410045180e-01 1.554352082488510145e-01 7.914943827947730215e-01 2.063237432165800633e-01 2.300827596367113759e-03 0.000000000000000000e+00 0.000000000000000000e+00 7.690000000000000000e+02 0.000000000000000000e+00 0.000000000000000000e+00 1.000000000000000000e+00
0.000000000000000000e+00 3.000000000000000000e+01 9.050000000000000711e+00 0.000000000000000000e+00 -2.414565052371298037e-01 1.672154473199533309e-01 7.723640402644277314e-01 2.194302825997820616e-01 2.661369942471295685e-03 0.000000000000000000e+00 0.000000000000000000e+00 7.690000000000000000e+02 0.000000000000000000e+00 0.000000000000000000e+00 1.000000000000000000e+00
0.000000000000000000e+00 3.000000000000000000e+01 9.060000000000000497e+00 0.000000000000000000e+00 -2.280854944585243849e-01 1.779791144786004031e-01 7.552896120128287372e-01 2.309818372477721038e-01 2.976038313338105756e-03 0.000000000000000000e+00 0.000000000000000000e+00 7.690000000000000000e+02 0.000000000000000000e+00 0.000000000000000000e+00 1.000000000000000000e+00
0.000000000000000000e+00 3.000000000000000000e+01 9.070000000000000284e+00 0.000000000000000000e+00 -2.148002879169877699e-01 1.877426976703585326e-01 7.402207081079206219e-01 2.411148712352171042e-01 3.238541455997685087e-03 0.000000000000000000e+00 0.000000000000000000e+00 7.690000000000000000e+02 0.000000000000000000e+00 0.000000000000000000e+00 1.000000000000000000e+00
0.000000000000000000e+00 3.000000000000000000e+01 9.080000000000000071e+00 0.000000000000000000e+00 -2.015957984802261849e-01 1.965211528972876376e-01 7.271128573069348677e-01 2.499490909695057939e-01 3.445535259336822420e-03 0.000000000000000000e+00 0.000000000000000000e+00 7.690000000000000000e+02 0.000000000000000000e+00 0.000000000000000000e+00 1.000000000000000000e+00
0.000000000000000000e+00 3.000000000000000000e+01 9.089999999999999858e+00 0.000000000000000000e+00 -1.884669699239027163e-01 2.043279271277680109e-01 7.159273758131715626e-01 2.575888593401522986e-01 3.595894653233872029e-03 0.000000000000000000e+00 0.000000000000000000e+00 7.690000000000000000e+02 0.000000000000000000e+00 0.000000000000000000e+00 1.000000000000000000e+00
0.000000000000000000e+00 3.000000000000000000e+01 9.099999999999999645e+00 0.000000000000000000e+00 -1.754087749955225706e-01 2.111749788947663575e-01 7.066312531126519580e-01 2.641244286078384684e-01 3.690162006078120949e-03 0.000000000000000000e+00 0.000000000000000000e+00 7.690000000000000000e+02 0.000000000000000000e+00 0.000000000000000000e+00 1.000000000000000000e+00
0.000000000000000000e+00 3.000000000000000000e+01 9.109999999999999432e+00 0.000000000000000000e+00 -1.624162134894124865e-01 2.170727966140949261e-01 6.991970545537233850e-01 2.696330065978063684e-01 3.730135619722990681e-03 0.000000000000000000e+00 0.000000000000000000e+00 7.690000000000000000e+02 0.000000000000000000e+00 0.000000000000000000e+00 1.000000000000000000e+00
0.000000000000000000e+00 3.000000000000000000e+01 9.119999999999999218e+00 0.000000000000000000e+00 -1.494843103320567246e-01 2.220304146507224574e-01 6.936028403821081767e-01 2.741796687930569965e-01 3.718565479702388987e-03 0.000000000000000000e+00 0.000000000000000000e+00 7.690000000000000000e+02 0.000000000000000000e+00 0.000000000000000000e+00 1.000000000000000000e+00
0.000000000000000000e+00 3.000000000000000000e+01 9.130000000000000782e+00 0.000000000000000000e+00 -1.366081136770562754e-01 2.260554271577498164e-01 6.898321009924561764e-01 2.778181271023514309e-01 3.658929585985449401e-03 0.000000000000000000e+00 0.000000000000000000e+00 7.690000000000000000e+02 0.000000000000000000e+00 0.000000000000000000e+00 1.000000000000000000e+00
0.000000000000000000e+00 3.000000000000000000e+01 9.140000000000000568e+00 0.000000000000000000e+00 -1.237826930089825084e-01 2.291539997092459646e-01 6.878737082053150154e-01 2.805913643848389483e-01 3.555270111958094836e-03 0.000000000000000000e+00 0.000000000000000000e+00 7.690000000000000000e+02 0.000000000000000000e+00 0.000000000000000000e+00 1.000000000000000000e+00
0.000000000000000000e+00 3.000000000000000000e+01 9.150000000000000355e+00 0.000000000000000000e+00 -1.110031372553987733e-01 2.313308787447660719e-01 6.877218824257231855e-01 2.825321422272599747e-01 3.412073489242758995e-03 0.000000000000000000e+00 0.000000000000000000e+00 7.690000000000000000e+02 0.000000000000000000e+00 0.000000000000000000e+00 1.000000000000000000e+00
0.000000000000000000e+00 3.000000000000000000e+01 9.160000000000000142e+00 0.000000000000000000e+00 -9.826455290632676864e-02 2.325893988400184742e-01 6.893761755865126517e-01 2.836633879723376439e-01 3.234182202504022607e-03 0.000000000000000000e+00 0.000000000000000000e+00 7.690000000000000000e+02 0.000000000000000000e+00 0.000000000000000000e+00 1.000000000000000000e+00
0.000000000000000000e+00 3.000000000000000000e+01 9.169999999999999929e+00 0.000000000000000000e+00 -8.556206214043805824e-02 2.329314878148179835e-01 6.928414698259746096e-01 2.839984655705125038e-01 3.026728742216270446e-03 0.000000000000000000e+00 0.000000000000000000e+00 7.690000000000000000e+02 0.000000000000000000e+00 0.000000000000000000e+00 1.000000000000000000e+00
0.000000000000000000e+00 3.000000000000000000e+01 9.179999999999999716e+00 0.000000000000000000e+00 -7.289080095725332387e-02 2.323576696861478219e-01 6.981279918959926167e-01 2.835413334547197128e-01 2.795083986777559260e-03 0.000000000000000000e+00 0.000000000000000000e+00 7.690000000000000000e+02 0.000000000000000000e+00 0.000000000000000000e+00 1.000000000000000000e+00
0.000000000000000000e+00 3.000000000000000000e+01 9.189999999999999503e+00 0.000000000000000000e+00 -6.024591731463330158e-02 2.308670654708574466e-01 7.052513433431597534e-01 2.822865913032641116e-01 2.544813427716348386e-03 0.000000000000000000e+00 0.000000000000000000e+00 7.690000000000000000e+02 0.000000000000000000e+00 0.000000000000000000e+00 1.000000000000000000e+00
0.000000000000000000e+00 3.000000000000000000e+01 9.199999999999999289e+00 0.000000000000000000e+00 -4.762256927084906888e-02 2.284573918392228953e-01 7.142325465519526739e-01 2.802194162432196656e-01 2.281635234172154497e-03 0.000000000000000000e+00 0.000000000000000000e+00 7.690000000000000000e+02 0.000000000000000000e+00 0.000000000000000000e+00 1.000000000000000000e+00
0.000000000000000000e+00 3.000000000000000000e+01 9.210000000000000853e+00 0.000000000000000000e+00 -3.501592313052015459e-02 2.251249576173083300e-01 7.250981067858446316e-01 2.773153877406980272e-01 2.011374262189632653e-03 0.000000000000000000e+00 0.000000000000000000e+00 7.690000000000000000e+02 0.000000000000000000e+00 0.000000000000000000e+00 1.000000000000000000e+00
0.000000000000000000e+00 3.000000000000000000e+01 9.220000000000000639e+00 0.000000000000000000e+00 -2.242115159370978994e-02 2.208646581327705360e-01 7.378800904094520163e-01 2.735401991093286411e-01 1.739905816585445020e-03 0.000000000000000000e+00 0.000000000000000000e+00 7.690000000000000000e+02 0.000000000000000000e+00 0.000000000000000000e+00 1.000000000000000000e+00
0.000000000000000000e+00 3.000000000000000000e+01 9.230000000000000426e+00 0.000000000000000000e+00 -9.833431907469630806e-03 2.156699673954466379e-01 7.526162195225623019e-01 2.688492522288606357e-01 1.473082335368443643e-03 0.000000000000000000e+00 0.000000000000000000e+00 7.690000000000000000e+02 0.000000000000000000e+00 0.000000000000000000e+00 1.000000000000000000e+00
0.000000000000000000e+00 3.000000000000000000e+01 9.240000000000000213e+00 0.000000000000000000e+00 2.752055980874855944e-03 2.095329281007441702e-01 7.693499832853292197e-01 2.631871306861046644e-01 1.216635293869477996e-03 0.000000000000000000e+00 0.000000000000000000e+00 7.690000000000000000e+02 0.000000000000000000e+00 0.000000000000000000e+00 1.000000000000000000e+00
0.000000000000000000e+00 3.000000000000000000e+01 9.250000000000000000e+00 0.000000000000000000e+00 1.534013126940457494e-02 2.024441394405244454e-01 7.881307662631747979e-01 2.564869451141719159e-01 9.760437240429646957e-04 0.000000000000000000e+00 0.000000000000000000e+00 7.690000000000000000e+02 0.000000000000000000e+00 0.000000000000000000e+00 1.000000000000000000e+00
0.000000000000000000e+00 3.000000000000000000e+01 9.259999999999999787e+00 0.000000000000000000e+00 2.793561414696016376e-02 1.943927427028039334e-01 8.090139941701698367e-01 2.486695429961905679e-01 7.563602327527937930e-04 0.000000000000000000e+00 0.000000000000000000e+00 7.690000000000000000e+02 0.000000000000000000e+00 0.000000000000000000e+00 1.000000000000000000e+00
0.000000000000000000e+00 3.000000000000000000e+01 9.269999999999999574e+00 0.000000000000000000e+00 4.054332763887455449e-02 1.853664046382182129e-01 8.320612974410097618e-01 2.396425735985286964e-01 5.619861055220854232e-04 0.000000000000000000e+00 0.000000000000000000e+00 7.690000000000000000e+02 0.000000000000000000e+00 0.000000000000000000e+00 1.000000000000000000e+00
0.000000000000000000e+00 3.000000000000000000e+01 9.279999999999999361e+00 0.000000000000000000e+00 5.316809945379161184e-02 1.753512985677668501e-01 8.573406931143189302e-01 2.292993969871310878e-01 3.963905451843251389e-04 0.000000000000000000e+00 0.000000000000000000e+00 7.690000000000000000e+02 0.000000000000000000e+00 0.000000000000000000e+00 1.000000000000000000e+00
0.000000000000000000e+00 3.000000000000000000e+01 9.289999999999999147e+00 0.000000000000000000e+00 6.581476383227810589e-02 1.643320832029003531e-01 8.849267855640536862e-01 2.175178242386533733e-01 2.617780529522418208e-04 0.000000000000000000e+00 0.000000000000000000e+00 7.690000000000000000e+02 0.000000000000000000e+00 0.000000000000000000e+00 1.000000000000000000e+00
0.000000000000000000e+00 3.000000000000000000e+01 9.300000000000000711e+00 0.000000000000000000e+00 7.848816339793709962e-02 1.522918791455064036e-01 9.149009866714045147e-01 2.041586739639028036e-01 1.587268631738649426e-04 0.000000000000000000e+00 0.000000000000000000e+00 7.690000000000000000e+02 0.000000000000000000e+00 0.000000000000000000e+00 1.000000000000000000e+00
0.000000000000000000e+00 3.000000000000000000e+01 9.310000000000000497e+00 0.000000000000000000e+00 9.119315101173096350e-02 1.392122430317966619e-01 9.473517560869640919e-01 1.890641280911017075e-01 8.585640562786315232e-05 0.000000000000000000e+00 0.000000000000000000e+00 7.690000000000000000e+02 0.000000000000000000e+00 0.000000000000000000e+00 1.000000000000000000e+00
0.000000000000000000e+00 3.000000000000000000e+01 9.320000000000000284e+00 0.000000000000000000e+00 1.039345916302247957e-01 1.250731392804871334e-01 9.823748622922234830e-01 1.720558674850496406e-01 3.963864112377965109e-05 0.000000000000000000e+00 0.000000000000000000e+00 7.690000000000000000e+02 0.000000000000000000e+00 0.000000000000000000e+00 1.000000000000000000e+00
0.000000000000000000e+00 3.000000000000000000e+01 9.330000000000000071e+00 0.000000000000000000e+00 1.167173641684611796e-01 1.098529094019970731e-01 1.020073665230838866e+00 1.529329653773566500e-01 1.454196495987277122e-05 0.000000000000000000e+00 0.000000000000000000e+00 7.690000000000000000e+02 0.000000000000000000e+00 0.000000000000000000e+00 1.000000000000000000e+00
0.000000000000000000e+00 3.000000000000000000e+01 9.339999999999999858e+00 0.000000000000000000e+00 1.295463633681801785e-01 9.352823882165182956e-02 1.060559421343766573e+00 1.314695137218251098e-01 3.743707299591069490e-06 0.000000000000000000e+00 0.000000000000000000e+00 7.690000000000000000e+02 0.000000000000000000e+00 0.000000000000000000e+00 1.000000000000000000e+00
0.000000000000000000e+00 3.000000000000000000e+01 9.349999999999999645e+00 0.000000000000000000e+00 1.424265016720993315e-01 7.607412116607063790e-02 1.103951611908486230e+00 1.074119544339732085e-01 5.332901109099822735e-07 0.000000000000000000e+00 0.000000000000000000e+00 7.690000000000000000e+02 0.000000000000000000e+00 0.000000000000000000e+00 1.000000000000000000e+00
0.000000000000000000e+00 3.000000000000000000e+01 9.359999999999999432e+00 0.000000000000000000e+00 1.553627111049719345e-01 5.746381995803147985e-02 1.150378295651302896e+00 8.047608398734897028e-02 2.497225234681976558e-08 0.000000000000000000e+00 0.000000000000000000e+00 7.690000000000000000e+02 0.000000000000000000e+00 0.000000000000000000e+00 1.000000000000000000e+00
0.000000000000000000e+00 3.000000000000000000e+01 9.369999999999999218e+00 0.000000000000000000e+00 1.683599451621432819e-01 3.766882766113741066e-02 1.199976486673354659e+00 5.034369598048863553e-02 9.338918087651313933e-11 0.000000000000000000e+00 0.000000000000000000e+00 7.690000000000000000e+02 0.000000000000000000e+00 0.000000000000000000e+00 1.000000000000000000e+00
0.000000000000000000e+00 3.000000000000000000e+01 9.380000000000000782e+00 0.000000000000000000e+00 1.814231807063287349e-01 1.665882201154793643e-02 1.252892558805661860e+00 1.665882201154793643e-02 8.904141006795889362e-17 1.000000000000000000e+00 1.000000000000000000e+00 7.690000000000000000e+02 0.000000000000000000e+00 0.000000000000000000e+00 1.000000000000000000e+00
0.000000000000000000e+00 3.000000000000000000e+01 9.390000000000000568e+00 0.000000000000000000e+00 1.771561564833764868e-01 3.797027817680283940e-02 1.190520039421778309e+00 5.040963575284913151e-02 8.193576402512616779e-11 0.000000000000000000e+00 0.000000000000000000e+00 7.690000000000000000e+02 0.000000000000000000e+00 0.000000000000000000e+00 1.000000000000000000e+00
0.000000000000000000e+00 3.000000000000000000e+01 9.400000000000000355e+00 0.000000000000000000e+00 1.729585019668585799e-01 5.829679589996274169e-02 1.131437493347814627e+00 8.067683915870618727e-02 2.063335517980618291e-08 0.000000000000000000e+00 0.000000000000000000e+00 7.690000000000000000e+02 0.000000000000000000e+00 0.000000000000000000e+00 1.000000000000000000e+00
0.000000000000000000e+00 3.000000000000000000e+01 9.410000000000000142e+00 0.000000000000000000e+00 1.688286098032287241e-01 7.766951164342759950e-02 1.075470556591111349e+00 1.078179932701566618e-01 4.252481294944649744e-07 0.000000000000000000e+00 0.000000000000000000e+00 7.690000000000000000e+02 0.000000000000000000e+00 0.000000000000000000e+00 1.000000000000000000e+00
0.000000000000000000e+00 3.000000000000000000e+01 9.419999999999999929e+00 0.000000000000000000e+00 1.647648985863016668e-01 9.611810082152794088e-02 1.022454059923220804e+00 1.321537296033971076e-01 2.914298949314555521e-06 0.000000000000000000e+00 0.000000000000000000e+00 7.690000000000000000e+02 0.000000000000000000e+00 0.000000000000000000e+00 1.000000000000000000e+00
0.000000000000000000e+00 3.000000000000000000e+01 9.429999999999999716e+00 0.000000000000000000e+00 1.607658122517061361e-01 1.136708232577662847e-01 9.722315414336460959e-01 1.539715379241995974e-01 1.112283298918369918e-05 0.000000000000000000e+00 0.000000000000000000e+00 7.690000000000000000e+02 0.000000000000000000e+00 0.000000000000000000e+00 1.000000000000000000e+00
0.000000000000000000e+00 3.000000000000000000e+01 9.439999999999999503e+00 0.000000000000000000e+00 1.568298194810411605e-01 1.303545664736352749e-01 9.246547847805540732e-01 1.735291625028801132e-01 2.991328949143609540e-05 0.000000000000000000e+00 0.000000000000000000e+00 7.690000000000000000e+02 0.000000000000000000e+00 0.000000000000000000e+00 1.000000000000000000e+00
0.000000000000000000e+00 3.000000000000000000e+01 9.449999999999999289e+00 0.000000000000000000e+00 1.529554131155079766e-01 1.461948868753235042e-01 8.795833817757570117e-01 1.910576469714121706e-01 6.411116959424733360e-05 0.000000000000000000e+00 0.000000000000000000e+00 7.690000000000000000e+02 0.000000000000000000e+00 0.000000000000000000e+00 1.000000000000000000e+00
0.000000000000000000e+00 3.000000000000000000e+01 9.460000000000000853e+00 0.000000000000000000e+00 1.491411095787933960e-01 1.612160489013987341e-01 8.368843180130574044e-01 2.067640637530499537e-01 1.175411787881959231e-04 0.000000000000000000e+00 0.000000000000000000e+00 7.690000000000000000e+02 0.000000000000000000e+00 0.000000000000000000e+00 1.000000000000000000e+00
0.000000000000000000e+00 3.000000000000000000e+01 9.470000000000000639e+00 0.000000000000000000e+00 1.453854483089829508e-01 1.754410621914362367e-01 7.964315803170728403e-01 2.208339603085253400e-01 1.925918682448512186e-04 0.000000000000000000e+00 0.000000000000000000e+00 7.690000000000000000e+02 0.000000000000000000e+00 0.000000000000000000e+00 1.000000000000000000e+00
0.000000000000000000e+00 3.000000000000000000e+01 9.480000000000000426e+00 0.000000000000000000e+00 1.416869911992869324e-01 1.888917168325268403e-01 7.581057848540428967e-01 2.334335510975029393e-01 2.901846355040029087e-04 0.000000000000000000e+00 0.000000000000000000e+00 7.690000000000000000e+02 0.000000000000000000e+00 0.000000000000000000e+00 1.000000000000000000e+00
0.000000000000000000e+00 3.000000000000000000e+01 9.490000000000000213e+00 0.000000000000000000e+00 1.380443220473646648e-01 2.015886167376573224e-01 7.217938248071017471e-01 2.447116811499892020e-01 4.099623689304615279e-04 0.000000000000000000e+00 0.000000000000000000e+00 7.690000000000000000e+02 0.000000000000000000e+00 0.000000000000000000e+00 1.000000000000000000e+00
0.000000000000000000e+00 3.000000000000000000e+01 9.500000000000000000e+00 0.000000000000000000e+00 1.344560460130366231e-01 2.135512112070902802e-01 6.873885365762388844e-01 2.548015844443087818e-01 5.505605246714758219e-04 0.000000000000000000e+00 0.000000000000000000e+00 7.690000000000000000e+02 0.000000000000000000e+00 0.000000000000000000e+00 1.000000000000000000e+00
0.000000000000000000e+00 3.000000000000000000e+01 9.509999999999999787e+00 0.000000000000000000e+00 1.309207890841760646e-01 2.247978247210921932e-01 6.547883835178409662e-01 2.638224578642142659e-01 7.098819903947322513e-04 0.000000000000000000e+00 0.000000000000000000e+00 7.690000000000000000e+02 0.000000000000000000e+00 0.000000000000000000e+00 1.000000000000000000e+00
0.000000000000000000e+00 3.000000000000000000e+01 9.519999999999999574e+00 0.000000000000000000e+00 1.274371975505766419e-01 2.353456850096448116e-01 6.238971562904644941e-01 2.718808693290419853e-01 8.853390508285052113e-04 0.000000000000000000e+00 0.000000000000000000e+00 7.690000000000000000e+02 0.000000000000000000e+00 0.000000000000000000e+00 1.000000000000000000e+00
0.000000000000000000e+00 3.000000000000000000e+01 9.529999999999999361e+00 0.000000000000000000e+00 1.240039374855933657e-01 2.452109494421386982e-01 5.946236889225090527e-01 2.790720167318324618e-01 1.074050269351851591e-03 0.000000000000000000e+00 0.000000000000000000e+00 7.690000000000000000e+02 0.000000000000000000e+00 0.000000000000000000e+00 1.000000000000000000e+00
0.000000000000000000e+00 3.000000000000000000e+01 9.539999999999999147e+00 0.000000000000000000e+00 1.206196942353595647e-01 2.544087297774716983e-01 5.668815897638436185e-01 2.854808525578591549e-01 1.272992517750978075e-03 0.000000000000000000e+00 0.000000000000000000e+00 7.690000000000000000e+02 0.000000000000000000e+00 0.000000000000000000e+00 1.000000000000000000e+00
0.000000000000000000e+00 3.000000000000000000e+01 9.550000000000000711e+00 0.000000000000000000e+00 1.172831719153833857e-01 2.629531153124667897e-01 5.405889865273809658e-01 2.911830874692223903e-01 1.479113717042280368e-03 0.000000000000000000e+00 0.000000000000000000e+00 7.690000000000000000e+02 0.000000000000000000e+00 0.000000000000000000e+00 1.000000000000000000e+00
0.000000000000000000e+00 3.000000000000000000e+01 9.560000000000000497e+00 0.000000000000000000e+00 1.139930929143315175e-01 2.708571944640661422e-01 5.156682846681603927e-01 2.962460847113405071e-01 1.689413444958388563e-03 0.000000000000000000e+00 0.000000000000000000e+00 7.690000000000000000e+02 0.000000000000000000e+00 0.000000000000000000e+00 1.000000000000000000e+00
0.000000000000000000e+00 3.000000000000000000e+01 9.570000000000000284e+00 0.000000000000000000e+00 1.107481974048099976e-01 2.781330748183626911e-01 4.920459383868764913e-01 3.007296559073880382e-01 1.900998382538878276e-03 0.000000000000000000e+00 0.000000000000000000e+00 7.690000000000000000e+02 0.000000000000000000e+00 0.000000000000000000e+00 1.000000000000000000e+00
0.000000000000000000e+00 3.000000000000000000e+01 9.580000000000000071e+00 0.000000000000000000e+00 1.075472428609548087e-01 2.847919016771818801e-01 4.696522335820340066e-01 3.046867676417872595e-01 2.111118670673223924e-03 0.000000000000000000e+00 0.000000000000000000e+00 7.690000000000000000e+02 0.000000000000000000e+00 0.000000000000000000e+00 1.000000000000000000e+00
0.000000000000000000e+00 3.000000000000000000e+01 9.589999999999999858e+00 0.000000000000000000e+00 1.043890035826475216e-01 2.908438751306197667e-01 4.484210821101856093e-01 3.081641671799623117e-01 2.317190156766258183e-03 0.000000000000000000e+00 0.000000000000000000e+00 7.690000000000000000e+02 0.000000000000000000e+00 0.000000000000000000e+00 1.000000000000000000e+00
0.000000000000000000e+00 3.000000000000000000e+01 9.599999999999999645e+00 0.000000000000000000e+00 1.012722702261738550e-01 2.962982656816932070e-01 4.282898267470680587e-01 3.112029347162839077e-01 2.516806473347836526e-03 0.000000000000000000e+00 0.000000000000000000e+00 7.690000000000000000e+02 0.000000000000000000e+00 0.000000000000000000e+00 1.000000000000000000e+00
0.000000000000000000e+00 3.000000000000000000e+01 9.609999999999999432e+00 0.000000000000000000e+00 9.819584934114523878e-02 3.011634284470348644e-01 4.091990562740461801e-01 3.138389686741772100e-01 2.707743997277065051e-03 0.000000000000000000e+00 0.000000000000000000e+00 7.690000000000000000e+02 0.000000000000000000e+00 0.000000000000000000e+00 1.000000000000000000e+00
0.000000000000000000e+00 3.000000000000000000e+01 9.619999999999999218e+00 0.000000000000000000e+00 9.515856291350638374e-02 3.054468159553845874e-01 3.910924301441426332e-01 3.161034097914750540e-01 2.887962011014228586e-03 0.000000000000000000e+00 0.000000000000000000e+00 7.690000000000000000e+02 0.000000000000000000e+00 0.000000000000000000e+00 1.000000000000000000e+00
0.000000000000000000e+00 3.000000000000000000e+01 9.630000000000000782e+00 0.000000000000000000e+00 9.215924791445354036e-02 3.091549895634839729e-01 3.739165122102144911e-01 3.180230090009413813e-01 3.055599815243795203e-03 0.000000000000000000e+00 0.000000000000000000e+00 7.690000000000000000e+02 0.000000000000000000e+00 0.000000000000000000e+00 1.000000000000000000e+00
0.000000000000000000e+00 3.000000000000000000e+01 9.640000000000000568e+00 0.000000000000000000e+00 8.919675585509093119e-02 3.122936295068603485e-01 3.576206130245729309e-01 3.196204434519154813e-01 3.208972102332469795e-03 0.000000000000000000e+00 0.000000000000000000e+00 7.690000000000000000e+02 0.000000000000000000e+00 0.000000000000000000e+00 1.000000000000000000e+00
0.000000000000000000e+00 3.000000000000000000e+01 9.650000000000000355e+00 0.000000000000000000e+00 8.626995234665472967e-02 3.148675436008966377e-01 3.421566402446432065e-01 3.209145844063908681e-01 3.346563568096982966e-03 0.000000000000000000e+00 0.000000000000000000e+00 7.690000000000000000e+02 0.000000000000000000e+00 0.000000000000000000e+00 1.000000000000000000e+00
0.000000000000000000e+00 3.000000000000000000e+01 9.660000000000000142e+00 0.000000000000000000e+00 8.337771666613635890e-02 3.168806746055137791e-01 3.274789567031832771e-01 3.219207201743156110e-01 3.467023492641909538e-03 0.000000000000000000e+00 0.000000000000000000e+00 7.690000000000000000e+02 0.000000000000000000e+00 0.000000000000000000e+00 1.000000000000000000e+00
0.000000000000000000e+00 3.000000000000000000e+01 9.669999999999999929e+00 0.000000000000000000e+00 8.051894132713838248e-02 3.183361062647488970e-01 3.135442457241974790e-01 3.226507367217557598e-01 3.569160840628634451e-03 0.000000000000000000e+00 0.000000000000000000e+00 7.690000000000000000e+02 0.000000000000000000e+00 0.000000000000000000e+00 1.000000000000000000e+00
0.000000000000000000e+00 3.000000000000000000e+01 9.679999999999999716e+00 0.000000000000000000e+00 7.769253165579916021e-02 3.192360680304812681e-01 3.003113832870690780e-01 3.231132580855338166e-01 3.651940301921945131e-03 0.000000000000000000e+00 0.000000000000000000e+00 7.690000000000000000e+02 0.000000000000000000e+00 0.000000000000000000e+00 1.000000000000000000e+00
0.000000000000000000e+00 3.000000000000000000e+01 9.689999999999999503e+00 0.000000000000000000e+00 7.489740537162346834e-02 3.195819384775391847e-01 2.877413166616406004e-01 3.233137482531252549e-01 3.714479603056056178e-03 0.000000000000000000e+00 0.000000000000000000e+00 7.690000000000000000e+02 0.000000000000000000e+00 0.000000000000000000e+00 1.000000000000000000e+00
0.000000000000000000e+00 3.000000000000000000e+01 9.699999999999999289e+00 0.000000000000000000e+00 7.213249217305887917e-02 3.193742474154216970e-01 2.757969491560725572e-01 3.232545757113733931e-01 3.756048358984756530e-03 0.000000000000000000e+00 0.000000000000000000e+00 7.690000000000000000e+02 0.000000000000000000e+00 0.000000000000000000e+00 1.000000000000000000e+00
0.000000000000000000e+00 3.000000000000000000e+01 9.710000000000000853e+00 0.000000000000000000e+00 6.939673332765905478e-02 3.186126766998682580e-01 2.644430306373485307e-01 3.229350414265632629e-01 3.776068695834494671e-03 0.000000000000000000e+00 0.000000000000000000e+00 7.690000000000000000e+02 0.000000000000000000e+00 0.000000000000000000e+00 1.000000000000000000e+00
0.000000000000000000e+00 3.000000000000000000e+01 9.720000000000000639e+00 0.000000000000000000e+00 6.668908126667701108e-02 3.172960597455211085e-01 2.536460535013317363e-01 3.223513705864011758e-01 3.774117853121448929e-03 0.000000000000000000e+00 0.000000000000000000e+00 7.690000000000000000e+02 0.000000000000000000e+00 0.000000000000000000e+00 1.000000000000000000e+00
0.000000000000000000e+00 3.000000000000000000e+01 9.730000000000000426e+00 0.000000000000000000e+00 6.400849918393307358e-02 3.154223797389326123e-01 2.433741537853600367e-01 3.214966680063388593e-01 3.749932963410588377e-03 0.000000000000000000e+00 0.000000000000000000e+00 7.690000000000000000e+02 0.000000000000000000e+00 0.000000000000000000e+00 1.000000000000000000e+00
0.000000000000000000e+00 3.000000000000000000e+01 9.740000000000000213e+00 0.000000000000000000e+00 6.135396063880425854e-02 3.129887665491792870e-01 2.335970171315445709e-01 3.203608366734410628e-01 3.703418204534656560e-03 0.000000000000000000e+00 0.000000000000000000e+00 7.690000000000000000e+02 0.000000000000000000e+00 0.000000000000000000e+00 1.000000000000000000e+00
0.000000000000000000e+00 3.000000000000000000e+01 9.750000000000000000e+00 0.000000000000000000e+00 5.872444916318252106e-02 3.099914923313540904e-01 2.242857893232509947e-01 3.189304584655118235e-01 3.634654520162771546e-03 0.000000000000000000e+00 0.000000000000000000e+00 7.690000000000000000e+02 0.000000000000000000e+00 0.000000000000000000e+00 1.000000000000000000e+00
0.000000000000000000e+00 3.000000000000000000e+01 9.759999999999999787e+00 0.000000000000000000e+00 5.611895787225184423e-02 3.064259658161967437e-01 2.154129911307389178e-01 3.171886356363585180e-01 3.543912104131512197e-03 0.000000000000000000e+00 0.000000000000000000e+00 7.690000000000000000e+02 0.000000000000000000e+00 0.000000000000000000e+00 1.000000000000000000e+00
0.000000000000000000e+00 3.000000000000000000e+01 9.769999999999999574e+00 0.000000000000000000e+00 5.353648907893479580e-02 3.022867252771201385e-01 2.069524372146534508e-01 3.151147911945843538e-01 3.431665836761330773e-03 0.000000000000000000e+00 0.000000000000000000e+00 7.690000000000000000e+02 0.000000000000000000e+00 0.000000000000000000e+00 1.000000000000000000e+00
0.000000000000000000e+00 3.000000000000000000e+01 9.779999999999999361e+00 0.000000000000000000e+00 5.097605391186115636e-02 2.975674301638556729e-01 1.988791588480364469e-01 3.126844258176849078e-01 3.298613839501918221e-03 0.000000000000000000e+00 0.000000000000000000e+00 7.690000000000000000e+02 0.000000000000000000e+00 0.000000000000000000e+00 1.000000000000000000e+00
0.000000000000000000e+00 3.000000000000000000e+01 9.789999999999999147e+00 0.000000000000000000e+00 4.843667193671222226e-02 2.922608513899040972e-01 1.911693302287958973e-01 3.098688284297599349e-01 3.145699266399539645e-03 0.000000000000000000e+00 0.000000000000000000e+00 7.690000000000000000e+02 0.000000000000000000e+00 0.000000000000000000e+00 1.000000000000000000e+00
0.000000000000000000e+00 3.000000000000000000e+01 9.800000000000000711e+00 0.000000000000000000e+00 4.591737078079571183e-02 2.863588602589133281e-01 1.838001981651671002e-01 3.066347370237561543e-01 2.974135360485005708e-03 0.000000000000000000e+00 0.000000000000000000e+00 7.690000000000000000e+02 0.000000000000000000e+00 0.000000000000000000e+00 1.000000000000000000e+00
0.000000000000000000e+00 3.000000000000000000e+01 9.810000000000000497e+00 0.000000000000000000e+00 4.341718576070772995e-02 2.798524160130201888e-01 1.767500149266539311e-01 3.029439457213692899e-01 2.785433645656101853e-03 0.000000000000000000e+00 0.000000000000000000e+00 7.690000000000000000e+02 0.000000000000000000e+00 0.000000000000000000e+00 1.000000000000000000e+00
0.000000000000000000e+00 3.000000000000000000e+01 9.820000000000000284e+00 0.000000000000000000e+00 4.093515951293899557e-02 2.727315519840833313e-01 1.699979740622800661e-01 2.987528534286150173e-01 2.581434863366011134e-03 0.000000000000000000e+00 0.000000000000000000e+00 7.690000000000000000e+02 0.000000000000000000e+00 0.000000000000000000e+00 1.000000000000000000e+00
0.000000000000000000e+00 3.000000000000000000e+01 9.830000000000000071e+00 0.000000000000000000e+00 3.847034162728400070e-02 2.649853603265920343e-01 1.635241489967379502e-01 2.940119487551220989e-01 2.364341844013644403e-03 0.000000000000000000e+00 0.000000000000000000e+00 7.690000000000000000e+02 0.000000000000000000e+00 0.000000000000000000e+00 1.000000000000000000e+00
0.000000000000000000e+00 3.000000000000000000e+01 9.839999999999999858e+00 0.000000000000000000e+00 3.602178828291276863e-02 2.566019753088664146e-01 1.573094342232203013e-01 2.886652251122476254e-01 2.136752844869901913e-03 0.000000000000000000e+00 0.000000000000000000e+00 7.690000000000000000e+02 0.000000000000000000e+00 0.000000000000000000e+00 1.000000000000000000e+00
0.000000000000000000e+00 3.000000000000000000e+01 9.849999999999999645e+00 0.000000000000000000e+00 3.358856188696573986e-02 2.475685551369532500e-01 1.513354889193836983e-01 2.826495190802913449e-01 1.901692871701056789e-03 0.000000000000000000e+00 0.000000000000000000e+00 7.690000000000000000e+02 0.000000000000000000e+00 0.000000000000000000e+00 1.000000000000000000e+00
0.000000000000000000e+00 3.000000000000000000e+01 9.859999999999999432e+00 0.000000000000000000e+00 3.116973071553342384e-02 2.378712622833746293e-01 1.455846828200428322e-01 2.758937642286178882e-01 1.662638959776670602e-03 0.000000000000000000e+00 0.000000000000000000e+00 7.690000000000000000e+02 0.000000000000000000e+00 0.000000000000000000e+00 1.000000000000000000e+00
0.000000000000000000e+00 3.000000000000000000e+01 9.869999999999999218e+00 0.000000000000000000e+00 2.876436855688348920e-02 2.274952422905973382e-01 1.400400441868567825e-01 2.683181515737091960e-01 1.423533082659174040e-03 0.000000000000000000e+00 0.000000000000000000e+00 7.690000000000000000e+02 0.000000000000000000e+00 0.000000000000000000e+00 1.000000000000000000e+00
0.000000000000000000e+00 3.000000000000000000e+01 9.880000000000000782e+00 0.000000000000000000e+00 2.637155435679842605e-02 2.164246010167536205e-01 1.346852097214543686e-01 2.598331867572307718e-01 1.188772964241963451e-03 0.000000000000000000e+00 0.000000000000000000e+00 7.690000000000000000e+02 0.000000000000000000e+00 0.000000000000000000e+00 1.000000000000000000e+00
0.000000000000000000e+00 3.000000000000000000e+01 9.890000000000000568e+00 0.000000000000000000e+00 2.399037186588817358e-02 2.046423802887585575e-01 1.295043762741838189e-01 2.503386328061043553e-01 9.631662024726815249e-04 0.000000000000000000e+00 0.000000000000000000e+00 7.690000000000000000e+02 0.000000000000000000e+00 0.000000000000000000e+00 1.000000000000000000e+00
0.000000000000000000e+00 3.000000000000000000e+01 9.900000000000000355e+00 0.000000000000000000e+00 2.161990928874261975e-02 1.921305319255274535e-01 1.244822542059691450e-01 2.397223259849023125e-01 7.518264029087147818e-04 0.000000000000000000e+00 0.000000000000000000e+00 7.690000000000000000e+02 0.000000000000000000e+00 0.000000000000000000e+00 1.000000000000000000e+00
0.000000000000000000e+00 3.000000000000000000e+01 9.910000000000000142e+00 0.000000000000000000e+00 1.925925893478957693e-02 1.788698900915040857e-01 1.196040222656350738e-01 2.278588507516578487e-01 5.599814080563128918e-04 0.000000000000000000e+00 0.000000000000000000e+00 7.690000000000000000e+02 0.000000000000000000e+00 0.000000000000000000e+00 1.000000000000000000e+00
0.000000000000000000e+00 3.000000000000000000e+01 9.919999999999999929e+00 0.000000000000000000e+00 1.690751687072453505e-02 1.648401419381479716e-01 1.148552838495354583e-01 2.146080581637071494e-01 3.926542389983008439e-04 0.000000000000000000e+00 0.000000000000000000e+00 7.690000000000000000e+02 0.000000000000000000e+00 0.000000000000000000e+00 1.000000000000000000e+00
0.000000000000000000e+00 3.000000000000000000e+01 9.929999999999999716e+00 0.000000000000000000e+00 1.456378257437922555e-02 1.500197964884108781e-01 1.102220245143982480e-01 1.998134102307777826e-01 2.541711355470220417e-04 0.000000000000000000e+00 0.000000000000000000e+00 7.690000000000000000e+02 0.000000000000000000e+00 0.000000000000000000e+00 1.000000000000000000e+00
0.000000000000000000e+00 3.000000000000000000e+01 9.939999999999999503e+00 0.000000000000000000e+00 1.222715858989627605e-02 1.343861517165383379e-01 1.056905706179994409e-01 1.833001306563701305e-01 1.474596157159139762e-04 0.000000000000000000e+00 0.000000000000000000e+00 7.690000000000000000e+02 0.000000000000000000e+00 0.000000000000000000e+00 1.000000000000000000e+00
0.000000000000000000e+00 3.000000000000000000e+01 9.949999999999999289e+00 0.000000000000000000e+00 9.896750184078061119e-03 1.179152597727685242e-01 1.012475489656067540e-01 1.648731401212487069e-01 7.315031346371582942e-05 0.000000000000000000e+00 0.000000000000000000e+00 7.690000000000000000e+02 0.000000000000000000e+00 0.000000000000000000e+00 1.000000000000000000e+00
0.000000000000000000e+00 3.000000000000000000e+01 9.960000000000000853e+00 0.000000000000000000e+00 7.571665003778101956e-03 1.005818902996597347e-01 9.687984734310182977e-02 1.443147517175557282e-01 2.864487524038361946e-05 0.000000000000000000e+00 0.000000000000000000e+00 7.690000000000000000e+02 0.000000000000000000e+00 0.000000000000000000e+00 1.000000000000000000e+00
0.000000000000000000e+00 3.000000000000000000e+01 9.970000000000000639e+00 0.000000000000000000e+00 5.251012734203803871e-03 8.235949178385315594e-02 9.257457582030648169e-02 1.213820993085982930e-01 7.634774508894900057e-06 0.000000000000000000e+00 0.000000000000000000e+00 7.690000000000000000e+02 0.000000000000000000e+00 0.000000000000000000e+00 1.000000000000000000e+00
0.000000000000000000e+00 3.000000000000000000e+01 9.980000000000000426e+00 0.000000000000000000e+00 2.933904757999741299e-03 6.322015088406957029e-02 8.831902871031184488e-02 9.580426843428747896e-02 1.014691869409383563e-06 0.000000000000000000e+00 0.000000000000000000e+00 7.690000000000000000e+02 0.000000000000000000e+00 0.000000000000000000e+00 1.000000000000000000e+00
0.000000000000000000e+00 3.000000000000000000e+01 9.990000000000000213e+00 0.000000000000000000e+00 6.194538149808994504e-04 4.313454967303766846e-02 8.410064707254488736e-02 6.727909586823382915e-02 3.053094553888329697e-08 0.000000000000000000e+00 0.000000000000000000e+00 7.690000000000000000e+02 0.000000000000000000e+00 0.000000000000000000e+00 1.000000000000000000e+00
0.000000000000000000e+00 3.000000000000000000e+01 1.000000000000000000e+01 0.000000000000000000e+00 -1.693226337614389503e-03 2.207192072785667258e-02 7.990698164891171795e-02 3.546960001812678870e-02 1.261952727909502557e-11 0.000000000000000000e+00 0.000000000000000000e+00 7.690000000000000000e+02 0.000000000000000000e+00 0.000000000000000000e+00 1.000000000000000000e+00
