macrorep i x y cond_mean cond_var cei lf hf maxcei x_star lf_next hf_next
1.000000000000000000e+00 3.100000000000000000e+02 1.000000000000000021e-02 0.000000000000000000e+00 -2.446090643346367222e-02 2.603815780233446897e-02 1.760522073542191236e-09 0.000000000000000000e+00 0.000000000000000000e+00 7.820000000000000000e+02 0.000000000000000000e+00 0.000000000000000000e+00 1.000000000000000000e+00
1.000000000000000000e+00 3.100000000000000000e+02 2.000000000000000042e-02 0.000000000000000000e+00 -3.151434469541780636e-02 5.055259524255800718e-02 1.006833149515290069e-06 0.000000000000000000e+00 0.000000000000000000e+00 7.820000000000000000e+02 0.000000000000000000e+00 0.000000000000000000e+00 1.000000000000000000e+00
1.000000000000000000e+00 3.100000000000000000e+02 2.999999999999999889e-02 0.000000000000000000e+00 -3.857429703522650272e-02 7.358860775272473009e-02 1.666505747506744745e-05 0.000000000000000000e+00 0.000000000000000000e+00 7.820000000000000000e+02 0.000000000000000000e+00 0.000000000000000000e+00 1.000000000000000000e+00
1.000000000000000000e+00 3.100000000000000000e+02 4.000000000000000083e-02 0.000000000000000000e+00 -4.564402425248717532e-02 9.518875907275312076e-02 8.353397504199029135e-05 0.000000000000000000e+00 0.000000000000000000e+00 7.820000000000000000e+02 0.000000000000000000e+00 0.000000000000000000e+00 1.000000000000000000e+00
1.000000000000000000e+00 3.100000000000000000e+02 5.000000000000000278e-02 0.000000000000000000e+00 -5.272679166154677077e-02 1.153929598956321689e-01 2.405917408251183331e-04 0.000000000000000000e+00 0.000000000000000000e+00 7.820000000000000000e+02 0.000000000000000000e+00 0.000000000000000000e+00 1.000000000000000000e+00
1.000000000000000000e+00 3.100000000000000000e+02 6.000000000000000472e-02 0.000000000000000000e+00 -5.982587059966149035e-02 1.342385416105815188e-01 5.106581484884565453e-04 0.000000000000000000e+00 0.000000000000000000e+00 7.820000000000000000e+02 0.000000000000000000e+00 0.000000000000000000e+00 1.000000000000000000e+00
1.000000000000000000e+00 3.100000000000000000e+02 6.999999999999999278e-02 0.000000000000000000e+00 -6.694453993793829383e-02 1.517603252804205771e-01 8.985067176189064433e-04 0.000000000000000000e+00 0.000000000000000000e+00 7.820000000000000000e+02 0.000000000000000000e+00 0.000000000000000000e+00 1.000000000000000000e+00
1.000000000000000000e+00 3.100000000000000000e+02 8.000000000000000167e-02 0.000000000000000000e+00 -7.408608759575609215e-02 1.679906859805971320e-01 1.396063195901254758e-03 0.000000000000000000e+00 0.000000000000000000e+00 7.820000000000000000e+02 0.000000000000000000e+00 0.000000000000000000e+00 1.000000000000000000e+00
1.000000000000000000e+00 3.100000000000000000e+02 8.999999999999999667e-02 0.000000000000000000e+00 -8.125381205936620110e-02 1.829596126187538752e-01 1.987960301449379769e-03 0.000000000000000000e+00 0.000000000000000000e+00 7.820000000000000000e+02 0.000000000000000000e+00 0.000000000000000000e+00 1.000000000000000000e+00
1.000000000000000000e+00 3.100000000000000000e+02 9.999999999999999167e-02 0.000000000000000000e+00 -8.845102390537319670e-02 1.966947633453630662e-01 2.655550025981424922e-03 0.000000000000000000e+00 0.000000000000000000e+00 7.820000000000000000e+02 0.000000000000000000e+00 0.000000000000000000e+00 1.000000000000000000e+00
1.000000000000000000e+00 3.100000000000000000e+02 1.100000000000000006e-01 0.000000000000000000e+00 -9.568104732979994254e-02 2.092215166578102192e-01 3.379381600232780891e-03 0.000000000000000000e+00 0.000000000000000000e+00 7.820000000000000000e+02 0.000000000000000000e+00 0.000000000000000000e+00 1.000000000000000000e+00
1.000000000000000000e+00 3.100000000000000000e+02 1.199999999999999956e-01 0.000000000000000000e+00 -1.029472216834433212e-01 2.205630182923543903e-01 4.140580245378149699e-03 0.000000000000000000e+00 0.000000000000000000e+00 7.820000000000000000e+02 0.000000000000000000e+00 0.000000000000000000e+00 1.000000000000000000e+00
1.000000000000000000e+00 3.100000000000000000e+02 1.300000000000000044e-01 0.000000000000000000e+00 -1.102529030142292976e-01 2.307402239906040375e-01 4.921529470298266484e-03 0.000000000000000000e+00 0.000000000000000000e+00 7.820000000000000000e+02 0.000000000000000000e+00 0.000000000000000000e+00 1.000000000000000000e+00
1.000000000000000000e+00 3.100000000000000000e+02 1.400000000000000133e-01 0.000000000000000000e+00 -1.176014656172798961e-01 2.397719382195320770e-01 5.706140978233940203e-03 0.000000000000000000e+00 0.000000000000000000e+00 7.820000000000000000e+02 0.000000000000000000e+00 0.000000000000000000e+00 1.000000000000000000e+00
1.000000000000000000e+00 3.100000000000000000e+02 1.500000000000000222e-01 0.000000000000000000e+00 -1.249963035934082978e-01 2.476748489165709333e-01 6.479893259433929659e-03 0.000000000000000000e+00 0.000000000000000000e+00 7.820000000000000000e+02 0.000000000000000000e+00 0.000000000000000000e+00 1.000000000000000000e+00
1.000000000000000000e+00 3.100000000000000000e+02 1.600000000000000033e-01 0.000000000000000000e+00 -1.324408324167615503e-01 2.544635583239860388e-01 7.229748636136838769e-03 0.000000000000000000e+00 0.000000000000000000e+00 7.820000000000000000e+02 0.000000000000000000e+00 0.000000000000000000e+00 1.000000000000000000e+00
1.000000000000000000e+00 3.100000000000000000e+02 1.700000000000000122e-01 0.000000000000000000e+00 -1.399384905123348677e-01 2.601506099695026775e-01 7.944013236572095016e-03 0.000000000000000000e+00 0.000000000000000000e+00 7.820000000000000000e+02 0.000000000000000000e+00 0.000000000000000000e+00 1.000000000000000000e+00
1.000000000000000000e+00 3.100000000000000000e+02 1.800000000000000211e-01 0.000000000000000000e+00 -1.474927408440864229e-01 2.647465118430359365e-01 8.612176812728633557e-03 0.000000000000000000e+00 0.000000000000000000e+00 7.820000000000000000e+02 0.000000000000000000e+00 0.000000000000000000e+00 1.000000000000000000e+00
1.000000000000000000e+00 3.100000000000000000e+02 1.900000000000000022e-01 0.000000000000000000e+00 -1.551070725143863238e-01 2.682597558123497317e-01 9.224752989347044518e-03 0.000000000000000000e+00 0.000000000000000000e+00 7.820000000000000000e+02 0.000000000000000000e+00 0.000000000000000000e+00 1.000000000000000000e+00
1.000000000000000000e+00 3.100000000000000000e+02 2.000000000000000111e-01 0.000000000000000000e+00 -1.627850023755374187e-01 2.706968333135164606e-01 9.773131100385579195e-03 0.000000000000000000e+00 0.000000000000000000e+00 7.820000000000000000e+02 0.000000000000000000e+00 0.000000000000000000e+00 1.000000000000000000e+00
1.000000000000000000e+00 3.100000000000000000e+02 2.100000000000000200e-01 0.000000000000000000e+00 -1.705300766541139879e-01 2.720622473451726475e-01 1.024944552116858337e-02 0.000000000000000000e+00 0.000000000000000000e+00 7.820000000000000000e+02 0.000000000000000000e+00 0.000000000000000000e+00 1.000000000000000000e+00
1.000000000000000000e+00 3.100000000000000000e+02 2.200000000000000011e-01 0.000000000000000000e+00 -1.783458725888669438e-01 2.723585207887281312e-01 1.064646570349683102e-02 0.000000000000000000e+00 0.000000000000000000e+00 7.820000000000000000e+02 0.000000000000000000e+00 0.000000000000000000e+00 1.000000000000000000e+00
1.000000000000000000e+00 3.100000000000000000e+02 2.300000000000000100e-01 0.000000000000000000e+00 -1.862360000829529627e-01 2.715862010699058304e-01 1.095750901080364687e-02 0.000000000000000000e+00 0.000000000000000000e+00 7.820000000000000000e+02 0.000000000000000000e+00 0.000000000000000000e+00 1.000000000000000000e+00
1.000000000000000000e+00 3.100000000000000000e+02 2.400000000000000189e-01 0.000000000000000000e+00 -1.942041033712504638e-01 2.697438611702218103e-01 1.117637839981444614e-02 0.000000000000000000e+00 0.000000000000000000e+00 7.820000000000000000e+02 0.000000000000000000e+00 0.000000000000000000e+00 1.000000000000000000e+00
1.000000000000000000e+00 3.100000000000000000e+02 2.500000000000000000e-01 0.000000000000000000e+00 -2.022538627035322389e-01 2.668280969902775968e-01 1.129732774650356320e-02 0.000000000000000000e+00 0.000000000000000000e+00 7.820000000000000000e+02 0.000000000000000000e+00 0.000000000000000000e+00 1.000000000000000000e+00
1.000000000000000000e+00 3.100000000000000000e+02 2.600000000000000089e-01 0.000000000000000000e+00 -2.103889960442726637e-01 2.628335210599904714e-01 1.131505910063249770e-02 0.000000000000000000e+00 0.000000000000000000e+00 7.820000000000000000e+02 0.000000000000000000e+00 0.000000000000000000e+00 1.000000000000000000e+00
1.000000000000000000e+00 3.100000000000000000e+02 2.700000000000000178e-01 0.000000000000000000e+00 -2.186132607898740587e-01 2.577527525841425970e-01 1.122475846314278242e-02 0.000000000000000000e+00 0.000000000000000000e+00 7.820000000000000000e+02 0.000000000000000000e+00 0.000000000000000000e+00 1.000000000000000000e+00
1.000000000000000000e+00 3.100000000000000000e+02 2.800000000000000266e-01 0.000000000000000000e+00 -2.269304555041058991e-01 2.515764038048524665e-01 1.102218005770944781e-02 0.000000000000000000e+00 0.000000000000000000e+00 7.820000000000000000e+02 0.000000000000000000e+00 0.000000000000000000e+00 1.000000000000000000e+00
1.000000000000000000e+00 3.100000000000000000e+02 2.900000000000000355e-01 0.000000000000000000e+00 -2.353444216725576188e-01 2.442930626557754115e-01 1.070379394283815788e-02 0.000000000000000000e+00 0.000000000000000000e+00 7.820000000000000000e+02 0.000000000000000000e+00 0.000000000000000000e+00 1.000000000000000000e+00
1.000000000000000000e+00 3.100000000000000000e+02 2.999999999999999889e-01 0.000000000000000000e+00 -2.438590454769163918e-01 2.358892716759785901e-01 1.026701886919170054e-02 0.000000000000000000e+00 0.000000000000000000e+00 7.820000000000000000e+02 0.000000000000000000e+00 0.000000000000000000e+00 1.000000000000000000e+00
1.000000000000000000e+00 3.100000000000000000e+02 3.099999999999999978e-01 0.000000000000000000e+00 -2.524782595898882320e-01 2.263495031445319772e-01 9.710572573592743395e-03 0.000000000000000000e+00 0.000000000000000000e+00 7.820000000000000000e+02 0.000000000000000000e+00 0.000000000000000000e+00 1.000000000000000000e+00
1.000000000000000000e+00 3.100000000000000000e+02 3.200000000000000067e-01 0.000000000000000000e+00 -2.612060449915927784e-01 2.156561303898719695e-01 9.034986763898612827e-03 0.000000000000000000e+00 0.000000000000000000e+00 7.820000000000000000e+02 0.000000000000000000e+00 0.000000000000000000e+00 1.000000000000000000e+00
1.000000000000000000e+00 3.100000000000000000e+02 3.300000000000000155e-01 0.000000000000000000e+00 -2.700464328082691212e-01 2.037893952209235138e-01 8.243356074312715998e-03 0.000000000000000000e+00 0.000000000000000000e+00 7.820000000000000000e+02 0.000000000000000000e+00 0.000000000000000000e+00 1.000000000000000000e+00
1.000000000000000000e+00 3.100000000000000000e+02 3.400000000000000244e-01 0.000000000000000000e+00 -2.790035061741434896e-01 1.907273714198055303e-01 7.342422031937911875e-03 0.000000000000000000e+00 0.000000000000000000e+00 7.820000000000000000e+02 0.000000000000000000e+00 0.000000000000000000e+00 1.000000000000000000e+00
1.000000000000000000e+00 3.100000000000000000e+02 3.500000000000000333e-01 0.000000000000000000e+00 -2.880814021173173645e-01 1.764459242286629537e-01 6.344137036949342584e-03 0.000000000000000000e+00 0.000000000000000000e+00 7.820000000000000000e+02 0.000000000000000000e+00 0.000000000000000000e+00 1.000000000000000000e+00
1.000000000000000000e+00 3.100000000000000000e+02 3.600000000000000422e-01 0.000000000000000000e+00 -2.972843134705485113e-01 1.609186657557703792e-01 5.267907762856596093e-03 0.000000000000000000e+00 0.000000000000000000e+00 7.820000000000000000e+02 0.000000000000000000e+00 0.000000000000000000e+00 1.000000000000000000e+00
1.000000000000000000e+00 3.100000000000000000e+02 3.699999999999999956e-01 0.000000000000000000e+00 -3.066164908078053974e-01 1.441169062185104766e-01 4.143762186374248119e-03 0.000000000000000000e+00 0.000000000000000000e+00 7.820000000000000000e+02 0.000000000000000000e+00 0.000000000000000000e+00 1.000000000000000000e+00
1.000000000000000000e+00 3.100000000000000000e+02 3.800000000000000044e-01 0.000000000000000000e+00 -3.160822444074921633e-01 1.260096009331385936e-01 3.016633583013943881e-03 0.000000000000000000e+00 0.000000000000000000e+00 7.820000000000000000e+02 0.000000000000000000e+00 0.000000000000000000e+00 1.000000000000000000e+00
1.000000000000000000e+00 3.100000000000000000e+02 3.900000000000000133e-01 0.000000000000000000e+00 -3.256859462432485919e-01 1.065632929533864015e-01 1.951496482076623892e-03 0.000000000000000000e+00 0.000000000000000000e+00 7.820000000000000000e+02 0.000000000000000000e+00 0.000000000000000000e+00 1.000000000000000000e+00
1.000000000000000000e+00 3.100000000000000000e+02 4.000000000000000222e-01 0.000000000000000000e+00 -3.354320320032456726e-01 8.574205125191748655e-02 1.037161437280192944e-03 0.000000000000000000e+00 0.000000000000000000e+00 7.820000000000000000e+02 0.000000000000000000e+00 0.000000000000000000e+00 1.000000000000000000e+00
1.000000000000000000e+00 3.100000000000000000e+02 4.100000000000000311e-01 0.000000000000000000e+00 -3.453250031389081265e-01 6.350740433041283939e-02 3.797726905241855834e-04 0.000000000000000000e+00 0.000000000000000000e+00 7.820000000000000000e+02 0.000000000000000000e+00 0.000000000000000000e+00 1.000000000000000000e+00
1.000000000000000000e+00 3.100000000000000000e+02 4.200000000000000400e-01 0.000000000000000000e+00 -3.553694289440140208e-01 3.981826913561723608e-02 5.785323425376988175e-05 0.000000000000000000e+00 0.000000000000000000e+00 7.820000000000000000e+02 0.000000000000000000e+00 0.000000000000000000e+00 1.000000000000000000e+00
1.000000000000000000e+00 3.100000000000000000e+02 4.299999999999999933e-01 0.000000000000000000e+00 -3.655699486651252661e-01 1.463087515000379389e-02 3.382981839842468633e-07 1.000000000000000000e+00 1.000000000000000000e+00 7.820000000000000000e+02 0.000000000000000000e+00 0.000000000000000000e+00 1.000000000000000000e+00
1.000000000000000000e+00 3.100000000000000000e+02 4.400000000000000022e-01 0.000000000000000000e+00 -3.607756763417405144e-01 3.863856826574314784e-02 5.476459128486797084e-05 0.000000000000000000e+00 0.000000000000000000e+00 7.820000000000000000e+02 0.000000000000000000e+00 0.000000000000000000e+00 1.000000000000000000e+00
1.000000000000000000e+00 3.100000000000000000e+02 4.500000000000000111e-01 0.000000000000000000e+00 -3.561399949327102576e-01 6.006253286331501157e-02 3.463779181775189682e-04 0.000000000000000000e+00 0.000000000000000000e+00 7.820000000000000000e+02 0.000000000000000000e+00 0.000000000000000000e+00 1.000000000000000000e+00
1.000000000000000000e+00 3.100000000000000000e+02 4.600000000000000200e-01 0.000000000000000000e+00 -3.516607633431173552e-01 7.894235409473954190e-02 9.105746178792416268e-04 0.000000000000000000e+00 0.000000000000000000e+00 7.820000000000000000e+02 0.000000000000000000e+00 0.000000000000000000e+00 1.000000000000000000e+00
1.000000000000000000e+00 3.100000000000000000e+02 4.700000000000000289e-01 0.000000000000000000e+00 -3.473359127379525013e-01 9.531291628733883081e-02 1.642361617092269813e-03 0.000000000000000000e+00 0.000000000000000000e+00 7.820000000000000000e+02 0.000000000000000000e+00 0.000000000000000000e+00 1.000000000000000000e+00
1.000000000000000000e+00 3.100000000000000000e+02 4.800000000000000377e-01 0.000000000000000000e+00 -3.431634455865762989e-01 1.092044673996594301e-01 2.419666717468708581e-03 0.000000000000000000e+00 0.000000000000000000e+00 7.820000000000000000e+02 0.000000000000000000e+00 0.000000000000000000e+00 1.000000000000000000e+00
1.000000000000000000e+00 3.100000000000000000e+02 4.899999999999999911e-01 0.000000000000000000e+00 -3.391414347401137119e-01 1.206426749107559621e-01 3.145234604950874341e-03 0.000000000000000000e+00 0.000000000000000000e+00 7.820000000000000000e+02 0.000000000000000000e+00 0.000000000000000000e+00 1.000000000000000000e+00
1.000000000000000000e+00 3.100000000000000000e+02 5.000000000000000000e-01 0.000000000000000000e+00 -3.352680225413574022e-01 1.296486732461034075e-01 3.750883728678506418e-03 0.000000000000000000e+00 0.000000000000000000e+00 7.820000000000000000e+02 0.000000000000000000e+00 0.000000000000000000e+00 1.000000000000000000e+00
1.000000000000000000e+00 3.100000000000000000e+02 5.100000000000000089e-01 0.000000000000000000e+00 -3.315414199667656714e-01 1.362391028277662175e-01 4.192556923991570816e-03 0.000000000000000000e+00 0.000000000000000000e+00 7.820000000000000000e+02 0.000000000000000000e+00 0.000000000000000000e+00 1.000000000000000000e+00
1.000000000000000000e+00 3.100000000000000000e+02 5.200000000000000178e-01 0.000000000000000000e+00 -3.279599058001617107e-01 1.404261408209782902e-01 4.444818919504579802e-03 0.000000000000000000e+00 0.000000000000000000e+00 7.820000000000000000e+02 0.000000000000000000e+00 0.000000000000000000e+00 1.000000000000000000e+00
1.000000000000000000e+00 3.100000000000000000e+02 5.300000000000000266e-01 0.000000000000000000e+00 -3.245218258377506326e-01 1.422175236339435489e-01 4.496782106031903259e-03 0.000000000000000000e+00 0.000000000000000000e+00 7.820000000000000000e+02 0.000000000000000000e+00 0.000000000000000000e+00 1.000000000000000000e+00
1.000000000000000000e+00 3.100000000000000000e+02 5.400000000000000355e-01 0.000000000000000000e+00 -3.212255921240876333e-01 1.416165612124311857e-01 4.349635552067347699e-03 0.000000000000000000e+00 0.000000000000000000e+00 7.820000000000000000e+02 0.000000000000000000e+00 0.000000000000000000e+00 1.000000000000000000e+00
1.000000000000000000e+00 3.100000000000000000e+02 5.500000000000000444e-01 0.000000000000000000e+00 -3.180696822186450667e-01 1.386221431555764438e-01 4.015577058419955714e-03 0.000000000000000000e+00 0.000000000000000000e+00 7.820000000000000000e+02 0.000000000000000000e+00 0.000000000000000000e+00 1.000000000000000000e+00
1.000000000000000000e+00 3.100000000000000000e+02 5.600000000000000533e-01 0.000000000000000000e+00 -3.150526384926380374e-01 1.332287366641884130e-01 3.517941027087797407e-03 0.000000000000000000e+00 0.000000000000000000e+00 7.820000000000000000e+02 0.000000000000000000e+00 0.000000000000000000e+00 1.000000000000000000e+00
1.000000000000000000e+00 3.100000000000000000e+02 5.700000000000000622e-01 0.000000000000000000e+00 -3.121730674557859908e-01 1.254263763177728419e-01 2.892345864818519907e-03 0.000000000000000000e+00 0.000000000000000000e+00 7.820000000000000000e+02 0.000000000000000000e+00 0.000000000000000000e+00 1.000000000000000000e+00
1.000000000000000000e+00 3.100000000000000000e+02 5.800000000000000711e-01 0.000000000000000000e+00 -3.094296391126971635e-01 1.152006456613817176e-01 2.188588678738128193e-03 0.000000000000000000e+00 0.000000000000000000e+00 7.820000000000000000e+02 0.000000000000000000e+00 0.000000000000000000e+00 1.000000000000000000e+00
1.000000000000000000e+00 3.100000000000000000e+02 5.899999999999999689e-01 0.000000000000000000e+00 -3.068210863485800743e-01 1.025326505682670891e-01 1.472540422596591014e-03 0.000000000000000000e+00 0.000000000000000000e+00 7.820000000000000000e+02 0.000000000000000000e+00 0.000000000000000000e+00 1.000000000000000000e+00
1.000000000000000000e+00 3.100000000000000000e+02 5.999999999999999778e-01 0.000000000000000000e+00 -3.043462043439978948e-01 8.739898432912135418e-02 8.258230629574281681e-04 0.000000000000000000e+00 0.000000000000000000e+00 7.820000000000000000e+02 0.000000000000000000e+00 0.000000000000000000e+00 1.000000000000000000e+00
1.000000000000000000e+00 3.100000000000000000e+02 6.099999999999999867e-01 0.000000000000000000e+00 -3.020038500183948038e-01 6.977168440339936994e-02 3.371529148131100981e-04 0.000000000000000000e+00 0.000000000000000000e+00 7.820000000000000000e+02 0.000000000000000000e+00 0.000000000000000000e+00 1.000000000000000000e+00
1.000000000000000000e+00 3.100000000000000000e+02 6.199999999999999956e-01 0.000000000000000000e+00 -2.997929415021384214e-01 4.961818075281122786e-02 7.128405200056164327e-05 0.000000000000000000e+00 0.000000000000000000e+00 7.820000000000000000e+02 0.000000000000000000e+00 0.000000000000000000e+00 1.000000000000000000e+00
1.000000000000000000e+00 3.100000000000000000e+02 6.300000000000000044e-01 0.000000000000000000e+00 -2.977124576368339604e-01 2.690123566152174614e-02 2.358240209548141480e-06 1.000000000000000000e+00 1.000000000000000000e+00 7.820000000000000000e+02 0.000000000000000000e+00 0.000000000000000000e+00 1.000000000000000000e+00
1.000000000000000000e+00 3.100000000000000000e+02 6.400000000000000133e-01 0.000000000000000000e+00 -3.238620642561795826e-01 4.787721891992340051e-02 8.522224373872194607e-05 0.000000000000000000e+00 0.000000000000000000e+00 7.820000000000000000e+02 0.000000000000000000e+00 0.000000000000000000e+00 1.000000000000000000e+00
1.000000000000000000e+00 3.100000000000000000e+02 6.500000000000000222e-01 0.000000000000000000e+00 -3.501532123983777667e-01 6.525647663242986618e-02 4.461356505351637795e-04 0.000000000000000000e+00 0.000000000000000000e+00 7.820000000000000000e+02 0.000000000000000000e+00 0.000000000000000000e+00 1.000000000000000000e+00
1.000000000000000000e+00 3.100000000000000000e+02 6.600000000000000311e-01 0.000000000000000000e+00 -3.765980452283042568e-01 7.907112052866122065e-02 1.167982168992413514e-03 0.000000000000000000e+00 0.000000000000000000e+00 7.820000000000000000e+02 0.000000000000000000e+00 0.000000000000000000e+00 1.000000000000000000e+00
1.000000000000000000e+00 3.100000000000000000e+02 6.700000000000000400e-01 0.000000000000000000e+00 -4.032087768936044592e-01 8.934667598587646420e-02 2.181144511702409056e-03 0.000000000000000000e+00 0.000000000000000000e+00 7.820000000000000000e+02 0.000000000000000000e+00 0.000000000000000000e+00 1.000000000000000000e+00
1.000000000000000000e+00 3.100000000000000000e+02 6.800000000000000488e-01 0.000000000000000000e+00 -4.299976981660743602e-01 9.610212919232344331e-02 3.344517238817509147e-03 0.000000000000000000e+00 0.000000000000000000e+00 7.820000000000000000e+02 0.000000000000000000e+00 0.000000000000000000e+00 1.000000000000000000e+00
1.000000000000000000e+00 3.100000000000000000e+02 6.900000000000000577e-01 0.000000000000000000e+00 -4.569771821184341332e-01 9.934996222810102418e-02 4.497426933629349727e-03 0.000000000000000000e+00 0.000000000000000000e+00 7.820000000000000000e+02 0.000000000000000000e+00 0.000000000000000000e+00 1.000000000000000000e+00
1.000000000000000000e+00 3.100000000000000000e+02 7.000000000000000666e-01 0.000000000000000000e+00 -4.841596898391127279e-01 9.909617612835246170e-02 5.480096111695528099e-03 0.000000000000000000e+00 0.000000000000000000e+00 7.820000000000000000e+02 0.000000000000000000e+00 0.000000000000000000e+00 1.000000000000000000e+00
1.000000000000000000e+00 3.100000000000000000e+02 7.100000000000000755e-01 0.000000000000000000e+00 -5.115577761876851648e-01 9.534030197140391794e-02 6.139284165853329395e-03 0.000000000000000000e+00 0.000000000000000000e+00 7.820000000000000000e+02 0.000000000000000000e+00 0.000000000000000000e+00 1.000000000000000000e+00
1.000000000000000000e+00 3.100000000000000000e+02 7.199999999999999734e-01 0.000000000000000000e+00 -5.391840955936201274e-01 8.807540001233589433e-02 6.329712148187161685e-03 0.000000000000000000e+00 0.000000000000000000e+00 7.820000000000000000e+02 0.000000000000000000e+00 0.000000000000000000e+00 1.000000000000000000e+00
1.000000000000000000e+00 3.100000000000000000e+02 7.299999999999999822e-01 0.000000000000000000e+00 -5.670514079010159358e-01 7.728804686038656668e-02 5.919207830586727115e-03 0.000000000000000000e+00 0.000000000000000000e+00 7.820000000000000000e+02 0.000000000000000000e+00 0.000000000000000000e+00 1.000000000000000000e+00
1.000000000000000000e+00 3.100000000000000000e+02 7.399999999999999911e-01 0.000000000000000000e+00 -5.951725842620244622e-01 6.295831067649454438e-02 4.810997266617628165e-03 0.000000000000000000e+00 0.000000000000000000e+00 7.820000000000000000e+02 0.000000000000000000e+00 0.000000000000000000e+00 1.000000000000000000e+00
1.000000000000000000e+00 3.100000000000000000e+02 7.500000000000000000e-01 0.000000000000000000e+00 -6.235606130816868653e-01 4.505971434515379515e-02 3.022895388356271890e-03 0.000000000000000000e+00 0.000000000000000000e+00 7.820000000000000000e+02 0.000000000000000000e+00 0.000000000000000000e+00 1.000000000000000000e+00
1.000000000000000000e+00 3.100000000000000000e+02 7.600000000000000089e-01 0.000000000000000000e+00 -6.522286060169220079e-01 2.355918655253267865e-02 9.599476490848900603e-04 1.000000000000000000e+00 1.000000000000000000e+00 7.820000000000000000e+02 0.000000000000000000e+00 0.000000000000000000e+00 1.000000000000000000e+00
1.000000000000000000e+00 3.100000000000000000e+02 7.700000000000000178e-01 0.000000000000000000e+00 -6.660479540008937827e-01 4.321075412682747613e-02 4.322382707140998148e-03 0.000000000000000000e+00 0.000000000000000000e+00 7.820000000000000000e+02 0.000000000000000000e+00 0.000000000000000000e+00 1.000000000000000000e+00
1.000000000000000000e+00 3.100000000000000000e+02 7.800000000000000266e-01 0.000000000000000000e+00 -6.801668898454016343e-01 5.809852543555341781e-02 8.608400565416573363e-03 0.000000000000000000e+00 0.000000000000000000e+00 7.820000000000000000e+02 0.000000000000000000e+00 0.000000000000000000e+00 1.000000000000000000e+00
1.000000000000000000e+00 3.100000000000000000e+02 7.900000000000000355e-01 0.000000000000000000e+00 -6.945919347021614065e-01 6.825000867812960892e-02 1.266650815865574126e-02 0.000000000000000000e+00 0.000000000000000000e+00 7.820000000000000000e+02 0.000000000000000000e+00 0.000000000000000000e+00 1.000000000000000000e+00
1.000000000000000000e+00 3.100000000000000000e+02 8.000000000000000444e-01 0.000000000000000000e+00 -7.093297511063005878e-01 7.368396079403644050e-02 1.588528320339550187e-02 0.000000000000000000e+00 0.000000000000000000e+00 7.820000000000000000e+02 0.000000000000000000e+00 0.000000000000000000e+00 1.000000000000000000e+00
1.000000000000000000e+00 3.100000000000000000e+02 8.100000000000000533e-01 0.000000000000000000e+00 -7.243871460536009943e-01 7.441042212009386925e-02 1.789507735923087650e-02 0.000000000000000000e+00 0.000000000000000000e+00 7.820000000000000000e+02 0.000000000000000000e+00 0.000000000000000000e+00 1.000000000000000000e+00
1.000000000000000000e+00 3.100000000000000000e+02 8.200000000000000622e-01 0.000000000000000000e+00 -7.397710741444650795e-01 7.043073494203513918e-02 1.841437277796074273e-02 0.000000000000000000e+00 0.000000000000000000e+00 7.820000000000000000e+02 0.000000000000000000e+00 0.000000000000000000e+00 1.000000000000000000e+00
1.000000000000000000e+00 3.100000000000000000e+02 8.300000000000000711e-01 0.000000000000000000e+00 -7.554886407960557104e-01 6.173754597465391791e-02 1.717567639430680332e-02 0.000000000000000000e+00 0.000000000000000000e+00 7.820000000000000000e+02 0.000000000000000000e+00 0.000000000000000000e+00 1.000000000000000000e+00
1.000000000000000000e+00 3.100000000000000000e+02 8.400000000000000799e-01 0.000000000000000000e+00 -7.715471055240951115e-01 4.831479277510748044e-02 1.390109170435491204e-02 0.000000000000000000e+00 0.000000000000000000e+00 7.820000000000000000e+02 0.000000000000000000e+00 0.000000000000000000e+00 1.000000000000000000e+00
1.000000000000000000e+00 3.100000000000000000e+02 8.499999999999999778e-01 0.000000000000000000e+00 -7.879538852958380968e-01 3.013767406427152185e-02 8.406393284324402415e-03 1.000000000000000000e+00 1.000000000000000000e+00 7.820000000000000000e+02 0.000000000000000000e+00 0.000000000000000000e+00 1.000000000000000000e+00
1.000000000000000000e+00 3.100000000000000000e+02 8.599999999999999867e-01 0.000000000000000000e+00 -8.074241516171968280e-01 4.417610035644245481e-02 1.666572957038129493e-02 0.000000000000000000e+00 0.000000000000000000e+00 7.820000000000000000e+02 0.000000000000000000e+00 0.000000000000000000e+00 1.000000000000000000e+00
1.000000000000000000e+00 3.100000000000000000e+02 8.699999999999999956e-01 0.000000000000000000e+00 -8.272593036121763665e-01 5.148308193898090690e-02 2.329257119059192221e-02 0.000000000000000000e+00 0.000000000000000000e+00 7.820000000000000000e+02 0.000000000000000000e+00 0.000000000000000000e+00 1.000000000000000000e+00
1.000000000000000000e+00 3.100000000000000000e+02 8.800000000000000044e-01 0.000000000000000000e+00 -8.474685025969616037e-01 5.207211995335093990e-02 2.730202989525851859e-02 0.000000000000000000e+00 0.000000000000000000e+00 7.820000000000000000e+02 0.000000000000000000e+00 0.000000000000000000e+00 1.000000000000000000e+00
1.000000000000000000e+00 3.100000000000000000e+02 8.900000000000000133e-01 0.000000000000000000e+00 -8.680610826498502686e-01 4.594430276763859788e-02 2.795412229974594126e-02 0.000000000000000000e+00 0.000000000000000000e+00 7.820000000000000000e+02 0.000000000000000000e+00 0.000000000000000000e+00 1.000000000000000000e+00
1.000000000000000000e+00 3.100000000000000000e+02 9.000000000000000222e-01 0.000000000000000000e+00 -8.890465549224074726e-01 3.308830798753431557e-02 2.421455054322162875e-02 0.000000000000000000e+00 0.000000000000000000e+00 7.820000000000000000e+02 0.000000000000000000e+00 0.000000000000000000e+00 1.000000000000000000e+00
1.000000000000000000e+00 3.100000000000000000e+02 9.100000000000000311e-01 0.000000000000000000e+00 -9.104346120324078306e-01 1.348038153589596957e-02 1.414192153071113303e-02 1.000000000000000000e+00 1.000000000000000000e+00 7.820000000000000000e+02 0.000000000000000000e+00 0.000000000000000000e+00 1.000000000000000000e+00
1.000000000000000000e+00 3.100000000000000000e+02 9.200000000000000400e-01 0.000000000000000000e+00 -9.021504439357969085e-01 3.016493098921169472e-02 2.493948760603339337e-02 0.000000000000000000e+00 0.000000000000000000e+00 7.820000000000000000e+02 0.000000000000000000e+00 0.000000000000000000e+00 1.000000000000000000e+00
1.000000000000000000e+00 3.100000000000000000e+02 9.300000000000000488e-01 0.000000000000000000e+00 -8.942749130058750273e-01 3.755938413172337648e-02 2.829236492362772332e-02 0.000000000000000000e+00 0.000000000000000000e+00 7.820000000000000000e+02 0.000000000000000000e+00 0.000000000000000000e+00 1.000000000000000000e+00
1.000000000000000000e+00 3.100000000000000000e+02 9.400000000000000577e-01 0.000000000000000000e+00 -8.868043817495189218e-01 3.567740372647464769e-02 2.545755443002671592e-02 0.000000000000000000e+00 0.000000000000000000e+00 7.820000000000000000e+02 0.000000000000000000e+00 0.000000000000000000e+00 1.000000000000000000e+00
1.000000000000000000e+00 3.100000000000000000e+02 9.500000000000000666e-01 0.000000000000000000e+00 -8.797353997319178331e-01 2.451551243013341125e-02 1.685533543632393091e-02 1.000000000000000000e+00 1.000000000000000000e+00 7.820000000000000000e+02 0.000000000000000000e+00 0.000000000000000000e+00 1.000000000000000000e+00
1.000000000000000000e+00 3.100000000000000000e+02 9.600000000000000755e-01 0.000000000000000000e+00 -8.892206427910559485e-01 3.577881035782388280e-02 2.602691712929512680e-02 0.000000000000000000e+00 0.000000000000000000e+00 7.820000000000000000e+02 0.000000000000000000e+00 0.000000000000000000e+00 1.000000000000000000e+00
1.000000000000000000e+00 3.100000000000000000e+02 9.699999999999999734e-01 0.000000000000000000e+00 -8.991085510940793890e-01 3.782237181756618882e-02 2.955261520713227397e-02 0.000000000000000000e+00 0.000000000000000000e+00 7.820000000000000000e+02 0.000000000000000000e+00 0.000000000000000000e+00 1.000000000000000000e+00
1.000000000000000000e+00 3.100000000000000000e+02 9.799999999999999822e-01 0.000000000000000000e+00 -9.094036915963816803e-01 3.064997270670546600e-02 2.687379492514234414e-02 0.000000000000000000e+00 0.000000000000000000e+00 7.820000000000000000e+02 0.000000000000000000e+00 0.000000000000000000e+00 1.000000000000000000e+00
1.000000000000000000e+00 3.100000000000000000e+02 9.899999999999999911e-01 0.000000000000000000e+00 -9.201108193428118032e-01 1.424836055239246495e-02 1.645279493842146529e-02 1.000000000000000000e+00 1.000000000000000000e+00 7.820000000000000000e+02 0.000000000000000000e+00 0.000000000000000000e+00 1.000000000000000000e+00
1.000000000000000000e+00 3.100000000000000000e+02 1.000000000000000000e+00 0.000000000000000000e+00 -9.330501550462775295e-01 2.847059468266044391e-02 3.088338047957878835e-02 0.000000000000000000e+00 0.000000000000000000e+00 7.820000000000000000e+02 0.000000000000000000e+00 0.000000000000000000e+00 1.000000000000000000e+00
1.000000000000000000e+00 3.100000000000000000e+02 1.010000000000000009e+00 0.000000000000000000e+00 -9.464123996509566927e-01 3.183110175360681637e-02 3.718390774522985914e-02 0.000000000000000000e+00 0.000000000000000000e+00 7.820000000000000000e+02 0.000000000000000000e+00 0.000000000000000000e+00 1.000000000000000000e+00
1.000000000000000000e+00 3.100000000000000000e+02 1.020000000000000018e+00 0.000000000000000000e+00 -9.602037248135023573e-01 2.433609098867675277e-02 3.477932496818020996e-02 1.000000000000000000e+00 1.000000000000000000e+00 7.820000000000000000e+02 0.000000000000000000e+00 0.000000000000000000e+00 1.000000000000000000e+00
1.000000000000000000e+00 3.100000000000000000e+02 1.030000000000000027e+00 0.000000000000000000e+00 -9.842116678415006037e-01 2.760830644797359831e-02 4.532826304069882684e-02 0.000000000000000000e+00 0.000000000000000000e+00 7.820000000000000000e+02 0.000000000000000000e+00 0.000000000000000000e+00 1.000000000000000000e+00
1.000000000000000000e+00 3.100000000000000000e+02 1.040000000000000036e+00 0.000000000000000000e+00 -1.008666149879287932e+00 1.911764448021829876e-02 4.564183565233548290e-02 1.000000000000000000e+00 1.000000000000000000e+00 7.820000000000000000e+02 0.000000000000000000e+00 0.000000000000000000e+00 1.000000000000000000e+00
1.000000000000000000e+00 3.100000000000000000e+02 1.050000000000000044e+00 0.000000000000000000e+00 -9.455986610466107223e-01 3.775196973774532644e-02 4.162127410216886342e-02 0.000000000000000000e+00 0.000000000000000000e+00 7.820000000000000000e+02 0.000000000000000000e+00 0.000000000000000000e+00 1.000000000000000000e+00
1.000000000000000000e+00 3.100000000000000000e+02 1.060000000000000053e+00 0.000000000000000000e+00 -8.829598769281135073e-01 5.014413719070725389e-02 3.373892085774831545e-02 0.000000000000000000e+00 0.000000000000000000e+00 7.820000000000000000e+02 0.000000000000000000e+00 0.000000000000000000e+00 1.000000000000000000e+00
1.000000000000000000e+00 3.100000000000000000e+02 1.070000000000000062e+00 0.000000000000000000e+00 -8.207208663763595480e-01 5.631704390048831305e-02 2.456725863722503123e-02 0.000000000000000000e+00 0.000000000000000000e+00 7.820000000000000000e+02 0.000000000000000000e+00 0.000000000000000000e+00 1.000000000000000000e+00
1.000000000000000000e+00 3.100000000000000000e+02 1.080000000000000071e+00 0.000000000000000000e+00 -7.588528828884294475e-01 5.628209557350669079e-02 1.550448974257958440e-02 0.000000000000000000e+00 0.000000000000000000e+00 7.820000000000000000e+02 0.000000000000000000e+00 0.000000000000000000e+00 1.000000000000000000e+00
1.000000000000000000e+00 3.100000000000000000e+02 1.090000000000000080e+00 0.000000000000000000e+00 -6.973273513286929459e-01 5.003922763558749792e-02 7.699829492385137919e-03 0.000000000000000000e+00 0.000000000000000000e+00 7.820000000000000000e+02 0.000000000000000000e+00 0.000000000000000000e+00 1.000000000000000000e+00
1.000000000000000000e+00 3.100000000000000000e+02 1.100000000000000089e+00 0.000000000000000000e+00 -6.361158547307338429e-01 3.757690511264884237e-02 2.305338469003081689e-03 0.000000000000000000e+00 0.000000000000000000e+00 7.820000000000000000e+02 0.000000000000000000e+00 0.000000000000000000e+00 1.000000000000000000e+00
1.000000000000000000e+00 3.100000000000000000e+02 1.110000000000000098e+00 0.000000000000000000e+00 -5.751901211723268181e-01 1.887210131748033939e-02 1.423874180997907954e-04 1.000000000000000000e+00 1.000000000000000000e+00 7.820000000000000000e+02 0.000000000000000000e+00 0.000000000000000000e+00 1.000000000000000000e+00
1.000000000000000000e+00 3.100000000000000000e+02 1.120000000000000107e+00 0.000000000000000000e+00 -6.818331920216306186e-01 3.240857290804171481e-02 2.881814949954408442e-03 0.000000000000000000e+00 0.000000000000000000e+00 7.820000000000000000e+02 0.000000000000000000e+00 0.000000000000000000e+00 1.000000000000000000e+00
1.000000000000000000e+00 3.100000000000000000e+02 1.130000000000000115e+00 0.000000000000000000e+00 -7.887831415027538595e-01 3.619161086795568555e-02 1.090883844388312526e-02 0.000000000000000000e+00 0.000000000000000000e+00 7.820000000000000000e+02 0.000000000000000000e+00 0.000000000000000000e+00 1.000000000000000000e+00
1.000000000000000000e+00 3.100000000000000000e+02 1.140000000000000124e+00 0.000000000000000000e+00 -8.960893668829056358e-01 3.022820513281792784e-02 2.371735615957766552e-02 0.000000000000000000e+00 0.000000000000000000e+00 7.820000000000000000e+02 0.000000000000000000e+00 0.000000000000000000e+00 1.000000000000000000e+00
1.000000000000000000e+00 3.100000000000000000e+02 1.150000000000000133e+00 0.000000000000000000e+00 -1.003801429983423699e+00 1.450733709206697246e-02 3.880293741629491089e-02 1.000000000000000000e+00 1.000000000000000000e+00 7.820000000000000000e+02 0.000000000000000000e+00 0.000000000000000000e+00 1.000000000000000000e+00
1.000000000000000000e+00 3.100000000000000000e+02 1.160000000000000142e+00 0.000000000000000000e+00 -9.839215324265297991e-01 2.402655825124649577e-02 4.187732257126854790e-02 0.000000000000000000e+00 0.000000000000000000e+00 7.820000000000000000e+02 0.000000000000000000e+00 0.000000000000000000e+00 1.000000000000000000e+00
1.000000000000000000e+00 3.100000000000000000e+02 1.169999999999999929e+00 0.000000000000000000e+00 -9.644880398737821769e-01 1.954122926729750728e-02 3.158860524961475125e-02 1.000000000000000000e+00 1.000000000000000000e+00 7.820000000000000000e+02 0.000000000000000000e+00 0.000000000000000000e+00 1.000000000000000000e+00
1.000000000000000000e+00 3.100000000000000000e+02 1.179999999999999938e+00 0.000000000000000000e+00 -9.328904967316093977e-01 3.358053651891857588e-02 3.483535699680016806e-02 0.000000000000000000e+00 0.000000000000000000e+00 7.820000000000000000e+02 0.000000000000000000e+00 0.000000000000000000e+00 1.000000000000000000e+00
1.000000000000000000e+00 3.100000000000000000e+02 1.189999999999999947e+00 0.000000000000000000e+00 -9.017157887488248535e-01 3.850438456636440243e-02 3.061475723223176792e-02 0.000000000000000000e+00 0.000000000000000000e+00 7.820000000000000000e+02 0.000000000000000000e+00 0.000000000000000000e+00 1.000000000000000000e+00
1.000000000000000000e+00 3.100000000000000000e+02 1.199999999999999956e+00 0.000000000000000000e+00 -8.709495171773432576e-01 3.432187122496208054e-02 2.151309381927427045e-02 0.000000000000000000e+00 0.000000000000000000e+00 7.820000000000000000e+02 0.000000000000000000e+00 0.000000000000000000e+00 1.000000000000000000e+00
1.000000000000000000e+00 3.100000000000000000e+02 1.209999999999999964e+00 0.000000000000000000e+00 -8.405774719147264262e-01 2.102526844672627376e-02 9.499992516794592001e-03 1.000000000000000000e+00 1.000000000000000000e+00 7.820000000000000000e+02 0.000000000000000000e+00 0.000000000000000000e+00 1.000000000000000000e+00
1.000000000000000000e+00 3.100000000000000000e+02 1.219999999999999973e+00 0.000000000000000000e+00 -8.344761480255026287e-01 3.440923668883065500e-02 1.565967099756206127e-02 0.000000000000000000e+00 0.000000000000000000e+00 7.820000000000000000e+02 0.000000000000000000e+00 0.000000000000000000e+00 1.000000000000000000e+00
1.000000000000000000e+00 3.100000000000000000e+02 1.229999999999999982e+00 0.000000000000000000e+00 -8.287522043898556401e-01 3.874042566259230935e-02 1.706069883752296679e-02 0.000000000000000000e+00 0.000000000000000000e+00 7.820000000000000000e+02 0.000000000000000000e+00 0.000000000000000000e+00 1.000000000000000000e+00
1.000000000000000000e+00 3.100000000000000000e+02 1.239999999999999991e+00 0.000000000000000000e+00 -8.234029972742015202e-01 3.402683812460531587e-02 1.396373046260998563e-02 0.000000000000000000e+00 0.000000000000000000e+00 7.820000000000000000e+02 0.000000000000000000e+00 0.000000000000000000e+00 1.000000000000000000e+00
1.000000000000000000e+00 3.100000000000000000e+02 1.250000000000000000e+00 0.000000000000000000e+00 -8.184260560255428585e-01 2.025976475879505065e-02 7.008834853125391756e-03 1.000000000000000000e+00 1.000000000000000000e+00 7.820000000000000000e+02 0.000000000000000000e+00 0.000000000000000000e+00 1.000000000000000000e+00
1.000000000000000000e+00 3.100000000000000000e+02 1.260000000000000009e+00 0.000000000000000000e+00 -8.680999021053673603e-01 3.052585309904197464e-02 1.868623473265216411e-02 0.000000000000000000e+00 0.000000000000000000e+00 7.820000000000000000e+02 0.000000000000000000e+00 0.000000000000000000e+00 1.000000000000000000e+00
1.000000000000000000e+00 3.100000000000000000e+02 1.270000000000000018e+00 0.000000000000000000e+00 -9.181666583345088339e-01 2.979061042965150050e-02 2.825634833571815524e-02 0.000000000000000000e+00 0.000000000000000000e+00 7.820000000000000000e+02 0.000000000000000000e+00 0.000000000000000000e+00 1.000000000000000000e+00
1.000000000000000000e+00 3.100000000000000000e+02 1.280000000000000027e+00 0.000000000000000000e+00 -9.686494491833175235e-01 1.805267823956433967e-02 3.134250440011776551e-02 1.000000000000000000e+00 1.000000000000000000e+00 7.820000000000000000e+02 0.000000000000000000e+00 0.000000000000000000e+00 1.000000000000000000e+00
1.000000000000000000e+00 3.100000000000000000e+02 1.290000000000000036e+00 0.000000000000000000e+00 -9.845586298538947512e-01 2.608097886075040617e-02 4.403121126858527967e-02 0.000000000000000000e+00 0.000000000000000000e+00 7.820000000000000000e+02 0.000000000000000000e+00 0.000000000000000000e+00 1.000000000000000000e+00
1.000000000000000000e+00 3.100000000000000000e+02 1.300000000000000044e+00 0.000000000000000000e+00 -1.000914509786559048e+00 2.139236995638543748e-02 4.517260529314603978e-02 1.000000000000000000e+00 1.000000000000000000e+00 7.820000000000000000e+02 0.000000000000000000e+00 0.000000000000000000e+00 1.000000000000000000e+00
1.000000000000000000e+00 3.100000000000000000e+02 1.310000000000000053e+00 0.000000000000000000e+00 -9.337618379719249129e-01 2.994624092550367614e-02 3.223582700675383522e-02 0.000000000000000000e+00 0.000000000000000000e+00 7.820000000000000000e+02 0.000000000000000000e+00 0.000000000000000000e+00 1.000000000000000000e+00
1.000000000000000000e+00 3.100000000000000000e+02 1.320000000000000062e+00 0.000000000000000000e+00 -8.670324037654536520e-01 2.692901271935319030e-02 1.632054664936351263e-02 0.000000000000000000e+00 0.000000000000000000e+00 7.820000000000000000e+02 0.000000000000000000e+00 0.000000000000000000e+00 1.000000000000000000e+00
1.000000000000000000e+00 3.100000000000000000e+02 1.330000000000000071e+00 0.000000000000000000e+00 -8.006953866599062497e-01 1.233511039233153514e-02 2.921134248058320990e-03 1.000000000000000000e+00 1.000000000000000000e+00 7.820000000000000000e+02 0.000000000000000000e+00 0.000000000000000000e+00 1.000000000000000000e+00
1.000000000000000000e+00 3.100000000000000000e+02 1.340000000000000080e+00 0.000000000000000000e+00 -7.827096370102580858e-01 3.499461898078675554e-02 9.821150096862144019e-03 0.000000000000000000e+00 0.000000000000000000e+00 7.820000000000000000e+02 0.000000000000000000e+00 0.000000000000000000e+00 1.000000000000000000e+00
1.000000000000000000e+00 3.100000000000000000e+02 1.350000000000000089e+00 0.000000000000000000e+00 -7.650773580734203660e-01 5.345896081289483459e-02 1.516139687658300816e-02 0.000000000000000000e+00 0.000000000000000000e+00 7.820000000000000000e+02 0.000000000000000000e+00 0.000000000000000000e+00 1.000000000000000000e+00
1.000000000000000000e+00 3.100000000000000000e+02 1.360000000000000098e+00 0.000000000000000000e+00 -7.477904059802431558e-01 6.776225253289530626e-02 1.846517768454641190e-02 0.000000000000000000e+00 0.000000000000000000e+00 7.820000000000000000e+02 0.000000000000000000e+00 0.000000000000000000e+00 1.000000000000000000e+00
1.000000000000000000e+00 3.100000000000000000e+02 1.370000000000000107e+00 0.000000000000000000e+00 -7.308407963586354139e-01 7.793092239474400107e-02 1.995372658999723658e-02 0.000000000000000000e+00 0.000000000000000000e+00 7.820000000000000000e+02 0.000000000000000000e+00 0.000000000000000000e+00 1.000000000000000000e+00
1.000000000000000000e+00 3.100000000000000000e+02 1.380000000000000115e+00 0.000000000000000000e+00 -7.142207006458008989e-01 8.398375909371202930e-02 1.988911852936481317e-02 0.000000000000000000e+00 0.000000000000000000e+00 7.820000000000000000e+02 0.000000000000000000e+00 0.000000000000000000e+00 1.000000000000000000e+00
1.000000000000000000e+00 3.100000000000000000e+02 1.390000000000000124e+00 0.000000000000000000e+00 -6.979224424724386200e-01 8.593194648233944133e-02 1.850570121389490813e-02 0.000000000000000000e+00 0.000000000000000000e+00 7.820000000000000000e+02 0.000000000000000000e+00 0.000000000000000000e+00 1.000000000000000000e+00
1.000000000000000000e+00 3.100000000000000000e+02 1.400000000000000133e+00 0.000000000000000000e+00 -6.819384941172360604e-01 8.377908423488779344e-02 1.602241457709432937e-02 0.000000000000000000e+00 0.000000000000000000e+00 7.820000000000000000e+02 0.000000000000000000e+00 0.000000000000000000e+00 1.000000000000000000e+00
1.000000000000000000e+00 3.100000000000000000e+02 1.410000000000000142e+00 0.000000000000000000e+00 -6.662614730300214783e-01 7.752119449847388877e-02 1.267545473381997273e-02 0.000000000000000000e+00 0.000000000000000000e+00 7.820000000000000000e+02 0.000000000000000000e+00 0.000000000000000000e+00 1.000000000000000000e+00
1.000000000000000000e+00 3.100000000000000000e+02 1.419999999999999929e+00 0.000000000000000000e+00 -6.508841384219633541e-01 6.714671454317384935e-02 8.771833490076732381e-03 0.000000000000000000e+00 0.000000000000000000e+00 7.820000000000000000e+02 0.000000000000000000e+00 0.000000000000000000e+00 1.000000000000000000e+00
1.000000000000000000e+00 3.100000000000000000e+02 1.429999999999999938e+00 0.000000000000000000e+00 -6.357993879212491262e-01 5.263647539751691029e-02 4.784085881904917570e-03 0.000000000000000000e+00 0.000000000000000000e+00 7.820000000000000000e+02 0.000000000000000000e+00 0.000000000000000000e+00 1.000000000000000000e+00
1.000000000000000000e+00 3.100000000000000000e+02 1.439999999999999947e+00 0.000000000000000000e+00 -6.210002542926914559e-01 3.396366642989410295e-02 1.508978723180872186e-03 0.000000000000000000e+00 0.000000000000000000e+00 7.820000000000000000e+02 0.000000000000000000e+00 0.000000000000000000e+00 1.000000000000000000e+00
1.000000000000000000e+00 3.100000000000000000e+02 1.449999999999999956e+00 0.000000000000000000e+00 -6.064799022197538969e-01 1.109378581043822531e-02 5.676047463471130001e-05 1.000000000000000000e+00 1.000000000000000000e+00 7.820000000000000000e+02 0.000000000000000000e+00 0.000000000000000000e+00 1.000000000000000000e+00
1.000000000000000000e+00 3.100000000000000000e+02 1.459999999999999964e+00 0.000000000000000000e+00 -6.454532819765683715e-01 3.245157218029268847e-02 1.847139283161181381e-03 0.000000000000000000e+00 0.000000000000000000e+00 7.820000000000000000e+02 0.000000000000000000e+00 0.000000000000000000e+00 1.000000000000000000e+00
1.000000000000000000e+00 3.100000000000000000e+02 1.469999999999999973e+00 0.000000000000000000e+00 -6.847167374761288228e-01 4.805695637913749013e-02 6.373667236441987044e-03 0.000000000000000000e+00 0.000000000000000000e+00 7.820000000000000000e+02 0.000000000000000000e+00 0.000000000000000000e+00 1.000000000000000000e+00
1.000000000000000000e+00 3.100000000000000000e+02 1.479999999999999982e+00 0.000000000000000000e+00 -7.242884034385757008e-01 5.793877254283162637e-02 1.232070382669073899e-02 0.000000000000000000e+00 0.000000000000000000e+00 7.820000000000000000e+02 0.000000000000000000e+00 0.000000000000000000e+00 1.000000000000000000e+00
1.000000000000000000e+00 3.100000000000000000e+02 1.489999999999999991e+00 0.000000000000000000e+00 -7.641865569380629220e-01 6.211527934582784100e-02 1.845738158229572740e-02 0.000000000000000000e+00 0.000000000000000000e+00 7.820000000000000000e+02 0.000000000000000000e+00 0.000000000000000000e+00 1.000000000000000000e+00
1.000000000000000000e+00 3.100000000000000000e+02 1.500000000000000000e+00 0.000000000000000000e+00 -8.044296258444413317e-01 6.059419373780448176e-02 2.383107065402107622e-02 0.000000000000000000e+00 0.000000000000000000e+00 7.820000000000000000e+02 0.000000000000000000e+00 0.000000000000000000e+00 1.000000000000000000e+00
1.000000000000000000e+00 3.100000000000000000e+02 1.510000000000000009e+00 0.000000000000000000e+00 -8.450361973345886790e-01 5.337270520230672638e-02 2.753131090133474623e-02 0.000000000000000000e+00 0.000000000000000000e+00 7.820000000000000000e+02 0.000000000000000000e+00 0.000000000000000000e+00 1.000000000000000000e+00
1.000000000000000000e+00 3.100000000000000000e+02 1.520000000000000018e+00 0.000000000000000000e+00 -8.860250264773205098e-01 4.043747056374312476e-02 2.836452552293294849e-02 0.000000000000000000e+00 0.000000000000000000e+00 7.820000000000000000e+02 0.000000000000000000e+00 0.000000000000000000e+00 1.000000000000000000e+00
1.000000000000000000e+00 3.100000000000000000e+02 1.530000000000000027e+00 0.000000000000000000e+00 -9.274150448958450310e-01 2.176458933314251096e-02 2.412074865195355799e-02 1.000000000000000000e+00 1.000000000000000000e+00 7.820000000000000000e+02 0.000000000000000000e+00 0.000000000000000000e+00 1.000000000000000000e+00
1.000000000000000000e+00 3.100000000000000000e+02 1.540000000000000036e+00 0.000000000000000000e+00 -1.039159025524171165e+00 1.131766779016505145e-02 4.873730650424749899e-02 1.000000000000000000e+00 1.000000000000000000e+00 7.820000000000000000e+02 0.000000000000000000e+00 0.000000000000000000e+00 1.000000000000000000e+00
1.000000000000000000e+00 3.100000000000000000e+02 1.550000000000000044e+00 0.000000000000000000e+00 -1.038888332646991541e+00 1.239889134187949910e-02 4.998895165985986488e-02 1.000000000000000000e+00 1.000000000000000000e+00 7.820000000000000000e+02 0.000000000000000000e+00 0.000000000000000000e+00 1.000000000000000000e+00
1.000000000000000000e+00 3.100000000000000000e+02 1.560000000000000053e+00 0.000000000000000000e+00 -1.015525349995756610e+00 1.289332026360669702e-02 4.118156364615324638e-02 1.000000000000000000e+00 1.000000000000000000e+00 7.820000000000000000e+02 0.000000000000000000e+00 0.000000000000000000e+00 1.000000000000000000e+00
1.000000000000000000e+00 3.100000000000000000e+02 1.570000000000000062e+00 0.000000000000000000e+00 -9.970763689820018039e-01 1.008067340428337073e-02 3.136912359228360980e-02 1.000000000000000000e+00 1.000000000000000000e+00 7.820000000000000000e+02 0.000000000000000000e+00 0.000000000000000000e+00 1.000000000000000000e+00
1.000000000000000000e+00 3.100000000000000000e+02 1.580000000000000071e+00 0.000000000000000000e+00 -9.441380788753513942e-01 2.503016022108990254e-02 3.093650051420627350e-02 0.000000000000000000e+00 0.000000000000000000e+00 7.820000000000000000e+02 0.000000000000000000e+00 0.000000000000000000e+00 1.000000000000000000e+00
1.000000000000000000e+00 3.100000000000000000e+02 1.590000000000000080e+00 0.000000000000000000e+00 -8.916278188797776005e-01 2.734519462951520707e-02 2.085776671857463710e-02 0.000000000000000000e+00 0.000000000000000000e+00 7.820000000000000000e+02 0.000000000000000000e+00 0.000000000000000000e+00 1.000000000000000000e+00
1.000000000000000000e+00 3.100000000000000000e+02 1.600000000000000089e+00 0.000000000000000000e+00 -8.395213359371279660e-01 1.703005412864552065e-02 7.403584042196143661e-03 1.000000000000000000e+00 1.000000000000000000e+00 7.820000000000000000e+02 0.000000000000000000e+00 0.000000000000000000e+00 1.000000000000000000e+00
1.000000000000000000e+00 3.100000000000000000e+02 1.610000000000000098e+00 0.000000000000000000e+00 -8.543513323038122165e-01 3.134082716302728777e-02 1.693758734721498987e-02 0.000000000000000000e+00 0.000000000000000000e+00 7.820000000000000000e+02 0.000000000000000000e+00 0.000000000000000000e+00 1.000000000000000000e+00
1.000000000000000000e+00 3.100000000000000000e+02 1.620000000000000107e+00 0.000000000000000000e+00 -8.695678887300800630e-01 3.575408432843532602e-02 2.213491102454484549e-02 0.000000000000000000e+00 0.000000000000000000e+00 7.820000000000000000e+02 0.000000000000000000e+00 0.000000000000000000e+00 1.000000000000000000e+00
1.000000000000000000e+00 3.100000000000000000e+02 1.630000000000000115e+00 0.000000000000000000e+00 -8.851780333286830560e-01 3.027798001921628082e-02 2.159638592109112271e-02 0.000000000000000000e+00 0.000000000000000000e+00 7.820000000000000000e+02 0.000000000000000000e+00 0.000000000000000000e+00 1.000000000000000000e+00
1.000000000000000000e+00 3.100000000000000000e+02 1.640000000000000124e+00 0.000000000000000000e+00 -9.011889760000250105e-01 1.490239601376033667e-02 1.371570742054124478e-02 1.000000000000000000e+00 1.000000000000000000e+00 7.820000000000000000e+02 0.000000000000000000e+00 0.000000000000000000e+00 1.000000000000000000e+00
1.000000000000000000e+00 3.100000000000000000e+02 1.650000000000000133e+00 0.000000000000000000e+00 -8.988342518456459151e-01 3.184193449584564461e-02 2.540486503977968519e-02 0.000000000000000000e+00 0.000000000000000000e+00 7.820000000000000000e+02 0.000000000000000000e+00 0.000000000000000000e+00 1.000000000000000000e+00
1.000000000000000000e+00 3.100000000000000000e+02 1.660000000000000142e+00 0.000000000000000000e+00 -8.968866331991977026e-01 4.007604470294739291e-02 3.055212638536401043e-02 0.000000000000000000e+00 0.000000000000000000e+00 7.820000000000000000e+02 0.000000000000000000e+00 0.000000000000000000e+00 1.000000000000000000e+00
1.000000000000000000e+00 3.100000000000000000e+02 1.670000000000000151e+00 0.000000000000000000e+00 -8.953452205087014670e-01 3.961994083609798878e-02 2.989811590215014914e-02 0.000000000000000000e+00 0.000000000000000000e+00 7.820000000000000000e+02 0.000000000000000000e+00 0.000000000000000000e+00 1.000000000000000000e+00
1.000000000000000000e+00 3.100000000000000000e+02 1.679999999999999938e+00 0.000000000000000000e+00 -8.942093018376401359e-01 3.047278015021052944e-02 2.350190145653036078e-02 0.000000000000000000e+00 0.000000000000000000e+00 7.820000000000000000e+02 0.000000000000000000e+00 0.000000000000000000e+00 1.000000000000000000e+00
1.000000000000000000e+00 3.100000000000000000e+02 1.689999999999999947e+00 0.000000000000000000e+00 -8.934783525361337242e-01 1.261766139693511375e-02 1.094237998559891706e-02 1.000000000000000000e+00 1.000000000000000000e+00 7.820000000000000000e+02 0.000000000000000000e+00 0.000000000000000000e+00 1.000000000000000000e+00
1.000000000000000000e+00 3.100000000000000000e+02 1.699999999999999956e+00 0.000000000000000000e+00 -9.074456765817459081e-01 2.830992104374330243e-02 2.474609282436398411e-02 0.000000000000000000e+00 0.000000000000000000e+00 7.820000000000000000e+02 0.000000000000000000e+00 0.000000000000000000e+00 1.000000000000000000e+00
1.000000000000000000e+00 3.100000000000000000e+02 1.709999999999999964e+00 0.000000000000000000e+00 -9.218240835177080594e-01 3.330885567265298719e-02 3.177199069213760413e-02 0.000000000000000000e+00 0.000000000000000000e+00 7.820000000000000000e+02 0.000000000000000000e+00 0.000000000000000000e+00 1.000000000000000000e+00
1.000000000000000000e+00 3.100000000000000000e+02 1.719999999999999973e+00 0.000000000000000000e+00 -9.366202143383620671e-01 2.762370183679247262e-02 3.112003730133883900e-02 0.000000000000000000e+00 0.000000000000000000e+00 7.820000000000000000e+02 0.000000000000000000e+00 0.000000000000000000e+00 1.000000000000000000e+00
1.000000000000000000e+00 3.100000000000000000e+02 1.729999999999999982e+00 0.000000000000000000e+00 -9.518409029733302384e-01 1.124395505283768727e-02 2.027514446891996031e-02 1.000000000000000000e+00 1.000000000000000000e+00 7.820000000000000000e+02 0.000000000000000000e+00 0.000000000000000000e+00 1.000000000000000000e+00
1.000000000000000000e+00 3.100000000000000000e+02 1.739999999999999991e+00 0.000000000000000000e+00 -9.796312415423035214e-01 2.289204471169906802e-02 3.938670776168181481e-02 0.000000000000000000e+00 0.000000000000000000e+00 7.820000000000000000e+02 0.000000000000000000e+00 0.000000000000000000e+00 1.000000000000000000e+00
1.000000000000000000e+00 3.100000000000000000e+02 1.750000000000000000e+00 0.000000000000000000e+00 -1.007866003546977751e+00 1.994565264423362946e-02 4.622253677548894546e-02 1.000000000000000000e+00 1.000000000000000000e+00 7.820000000000000000e+02 0.000000000000000000e+00 0.000000000000000000e+00 1.000000000000000000e+00
1.000000000000000000e+00 3.100000000000000000e+02 1.760000000000000009e+00 0.000000000000000000e+00 -9.984279557305247854e-01 2.376175478519672660e-02 4.665257942202657299e-02 0.000000000000000000e+00 0.000000000000000000e+00 7.820000000000000000e+02 0.000000000000000000e+00 0.000000000000000000e+00 1.000000000000000000e+00
1.000000000000000000e+00 3.100000000000000000e+02 1.770000000000000018e+00 0.000000000000000000e+00 -9.894430130398331746e-01 1.346376948764950281e-02 3.283377804948967027e-02 1.000000000000000000e+00 1.000000000000000000e+00 7.820000000000000000e+02 0.000000000000000000e+00 0.000000000000000000e+00 1.000000000000000000e+00
1.000000000000000000e+00 3.100000000000000000e+02 1.780000000000000027e+00 0.000000000000000000e+00 -9.475082104109994185e-01 3.205952874428780880e-02 3.768142309670938911e-02 0.000000000000000000e+00 0.000000000000000000e+00 7.820000000000000000e+02 0.000000000000000000e+00 0.000000000000000000e+00 1.000000000000000000e+00
1.000000000000000000e+00 3.100000000000000000e+02 1.790000000000000036e+00 0.000000000000000000e+00 -9.060029944651605271e-01 4.286873249938200070e-02 3.459644427263491862e-02 0.000000000000000000e+00 0.000000000000000000e+00 7.820000000000000000e+02 0.000000000000000000e+00 0.000000000000000000e+00 1.000000000000000000e+00
1.000000000000000000e+00 3.100000000000000000e+02 1.800000000000000044e+00 0.000000000000000000e+00 -8.649081950741154268e-01 4.591135296544736344e-02 2.729152839743836240e-02 0.000000000000000000e+00 0.000000000000000000e+00 7.820000000000000000e+02 0.000000000000000000e+00 0.000000000000000000e+00 1.000000000000000000e+00
1.000000000000000000e+00 3.100000000000000000e+02 1.810000000000000053e+00 0.000000000000000000e+00 -8.242048316698860067e-01 4.119301200547472591e-02 1.762701944011407784e-02 0.000000000000000000e+00 0.000000000000000000e+00 7.820000000000000000e+02 0.000000000000000000e+00 0.000000000000000000e+00 1.000000000000000000e+00
1.000000000000000000e+00 3.100000000000000000e+02 1.820000000000000062e+00 0.000000000000000000e+00 -7.838741044781087908e-01 2.870499152047114796e-02 7.513704148337158051e-03 0.000000000000000000e+00 0.000000000000000000e+00 7.820000000000000000e+02 0.000000000000000000e+00 0.000000000000000000e+00 1.000000000000000000e+00
1.000000000000000000e+00 3.100000000000000000e+02 1.830000000000000071e+00 0.000000000000000000e+00 -7.438973858349328117e-01 8.424217340990624095e-03 6.256492594015998499e-04 1.000000000000000000e+00 1.000000000000000000e+00 7.820000000000000000e+02 0.000000000000000000e+00 0.000000000000000000e+00 1.000000000000000000e+00
1.000000000000000000e+00 3.100000000000000000e+02 1.840000000000000080e+00 0.000000000000000000e+00 -7.680443123788640580e-01 2.958610522981217766e-02 6.607446220596144976e-03 0.000000000000000000e+00 0.000000000000000000e+00 7.820000000000000000e+02 0.000000000000000000e+00 0.000000000000000000e+00 1.000000000000000000e+00
1.000000000000000000e+00 3.100000000000000000e+02 1.850000000000000089e+00 0.000000000000000000e+00 -7.925379361217981256e-01 4.399155621848922781e-02 1.463014904319955012e-02 0.000000000000000000e+00 0.000000000000000000e+00 7.820000000000000000e+02 0.000000000000000000e+00 0.000000000000000000e+00 1.000000000000000000e+00
1.000000000000000000e+00 3.100000000000000000e+02 1.860000000000000098e+00 0.000000000000000000e+00 -8.173895700010745946e-01 5.166718732110003875e-02 2.173205286884404008e-02 0.000000000000000000e+00 0.000000000000000000e+00 7.820000000000000000e+02 0.000000000000000000e+00 0.000000000000000000e+00 1.000000000000000000e+00
1.000000000000000000e+00 3.100000000000000000e+02 1.870000000000000107e+00 0.000000000000000000e+00 -8.426106923091588596e-01 5.262718083442088912e-02 2.666646137899061214e-02 0.000000000000000000e+00 0.000000000000000000e+00 7.820000000000000000e+02 0.000000000000000000e+00 0.000000000000000000e+00 1.000000000000000000e+00
1.000000000000000000e+00 3.100000000000000000e+02 1.880000000000000115e+00 0.000000000000000000e+00 -8.682129519951530261e-01 4.687331054261718172e-02 2.853350176921476411e-02 0.000000000000000000e+00 0.000000000000000000e+00 7.820000000000000000e+02 0.000000000000000000e+00 0.000000000000000000e+00 1.000000000000000000e+00
1.000000000000000000e+00 3.100000000000000000e+02 1.890000000000000124e+00 0.000000000000000000e+00 -8.942081740451276461e-01 3.439494499467207755e-02 2.616132169447026035e-02 0.000000000000000000e+00 0.000000000000000000e+00 7.820000000000000000e+02 0.000000000000000000e+00 0.000000000000000000e+00 1.000000000000000000e+00
1.000000000000000000e+00 3.100000000000000000e+02 1.900000000000000133e+00 0.000000000000000000e+00 -9.206083649437606375e-01 1.516902786060853568e-02 1.730058806805276697e-02 1.000000000000000000e+00 1.000000000000000000e+00 7.820000000000000000e+02 0.000000000000000000e+00 0.000000000000000000e+00 1.000000000000000000e+00
1.000000000000000000e+00 3.100000000000000000e+02 1.910000000000000142e+00 0.000000000000000000e+00 -9.767017468325421836e-01 2.188467250467299868e-02 3.748818814643681274e-02 0.000000000000000000e+00 0.000000000000000000e+00 7.820000000000000000e+02 0.000000000000000000e+00 0.000000000000000000e+00 1.000000000000000000e+00
1.000000000000000000e+00 3.100000000000000000e+02 1.920000000000000151e+00 0.000000000000000000e+00 -1.033238199103248656e+00 1.284133663639150554e-02 4.813937072725906624e-02 1.000000000000000000e+00 1.000000000000000000e+00 7.820000000000000000e+02 0.000000000000000000e+00 0.000000000000000000e+00 1.000000000000000000e+00
1.000000000000000000e+00 3.100000000000000000e+02 1.929999999999999938e+00 0.000000000000000000e+00 -1.001088187698129905e+00 1.145873549083410367e-02 3.433443269512525403e-02 1.000000000000000000e+00 1.000000000000000000e+00 7.820000000000000000e+02 0.000000000000000000e+00 0.000000000000000000e+00 1.000000000000000000e+00
1.000000000000000000e+00 3.100000000000000000e+02 1.939999999999999947e+00 0.000000000000000000e+00 -9.993835606070173849e-01 9.946755542987514159e-03 3.195689260176351465e-02 1.000000000000000000e+00 1.000000000000000000e+00 7.820000000000000000e+02 0.000000000000000000e+00 0.000000000000000000e+00 1.000000000000000000e+00
1.000000000000000000e+00 3.100000000000000000e+02 1.949999999999999956e+00 0.000000000000000000e+00 -9.280991144649380908e-01 1.751366668353675216e-02 2.075246595068749866e-02 1.000000000000000000e+00 1.000000000000000000e+00 7.820000000000000000e+02 0.000000000000000000e+00 0.000000000000000000e+00 1.000000000000000000e+00
1.000000000000000000e+00 3.100000000000000000e+02 1.959999999999999964e+00 0.000000000000000000e+00 -8.979396591624634327e-01 3.519468987148398342e-02 2.751067643861944412e-02 0.000000000000000000e+00 0.000000000000000000e+00 7.820000000000000000e+02 0.000000000000000000e+00 0.000000000000000000e+00 1.000000000000000000e+00
1.000000000000000000e+00 3.100000000000000000e+02 1.969999999999999973e+00 0.000000000000000000e+00 -8.681868961799372730e-01 4.553788915157195444e-02 2.773983089280360886e-02 0.000000000000000000e+00 0.000000000000000000e+00 7.820000000000000000e+02 0.000000000000000000e+00 0.000000000000000000e+00 1.000000000000000000e+00
1.000000000000000000e+00 3.100000000000000000e+02 1.979999999999999982e+00 0.000000000000000000e+00 -8.388270835269205916e-01 4.856237569783256047e-02 2.380972228804926344e-02 0.000000000000000000e+00 0.000000000000000000e+00 7.820000000000000000e+02 0.000000000000000000e+00 0.000000000000000000e+00 1.000000000000000000e+00
1.000000000000000000e+00 3.100000000000000000e+02 1.989999999999999991e+00 0.000000000000000000e+00 -8.098466607060230693e-01 4.427373786713462156e-02 1.704892760819382014e-02 0.000000000000000000e+00 0.000000000000000000e+00 7.820000000000000000e+02 0.000000000000000000e+00 0.000000000000000000e+00 1.000000000000000000e+00
1.000000000000000000e+00 3.100000000000000000e+02 2.000000000000000000e+00 0.000000000000000000e+00 -7.812322424496792594e-01 3.266405152481510754e-02 8.781902351019110764e-03 0.000000000000000000e+00 0.000000000000000000e+00 7.820000000000000000e+02 0.000000000000000000e+00 0.000000000000000000e+00 1.000000000000000000e+00
1.000000000000000000e+00 3.100000000000000000e+02 2.009999999999999787e+00 0.000000000000000000e+00 -7.529706125378582415e-01 1.371186540322118577e-02 1.591305589487508609e-03 1.000000000000000000e+00 1.000000000000000000e+00 7.820000000000000000e+02 0.000000000000000000e+00 0.000000000000000000e+00 1.000000000000000000e+00
1.000000000000000000e+00 3.100000000000000000e+02 2.020000000000000018e+00 0.000000000000000000e+00 -7.518783849605403802e-01 3.521837561716748694e-02 7.278218951079371002e-03 0.000000000000000000e+00 0.000000000000000000e+00 7.820000000000000000e+02 0.000000000000000000e+00 0.000000000000000000e+00 1.000000000000000000e+00
1.000000000000000000e+00 3.100000000000000000e+02 2.029999999999999805e+00 0.000000000000000000e+00 -7.511253879808832412e-01 5.171779824304328227e-02 1.292431762518163330e-02 0.000000000000000000e+00 0.000000000000000000e+00 7.820000000000000000e+02 0.000000000000000000e+00 0.000000000000000000e+00 1.000000000000000000e+00
1.000000000000000000e+00 3.100000000000000000e+02 2.040000000000000036e+00 0.000000000000000000e+00 -7.507112738101010541e-01 6.324061933537480917e-02 1.714252512289197311e-02 0.000000000000000000e+00 0.000000000000000000e+00 7.820000000000000000e+02 0.000000000000000000e+00 0.000000000000000000e+00 1.000000000000000000e+00
1.000000000000000000e+00 3.100000000000000000e+02 2.049999999999999822e+00 0.000000000000000000e+00 -7.506358511801435318e-01 6.980812966051688773e-02 1.961485117089381558e-02 0.000000000000000000e+00 0.000000000000000000e+00 7.820000000000000000e+02 0.000000000000000000e+00 0.000000000000000000e+00 1.000000000000000000e+00
1.000000000000000000e+00 3.100000000000000000e+02 2.059999999999999609e+00 0.000000000000000000e+00 -7.508990852553530937e-01 7.143246403569399050e-02 2.026870329335525578e-02 0.000000000000000000e+00 0.000000000000000000e+00 7.820000000000000000e+02 0.000000000000000000e+00 0.000000000000000000e+00 1.000000000000000000e+00
1.000000000000000000e+00 3.100000000000000000e+02 2.069999999999999840e+00 0.000000000000000000e+00 -7.515010976163758460e-01 6.811662375055441143e-02 1.908844913972757018e-02 0.000000000000000000e+00 0.000000000000000000e+00 7.820000000000000000e+02 0.000000000000000000e+00 0.000000000000000000e+00 1.000000000000000000e+00
1.000000000000000000e+00 3.100000000000000000e+02 2.079999999999999627e+00 0.000000000000000000e+00 -7.524421663163159968e-01 5.985448211266624491e-02 1.608407397051830195e-02 0.000000000000000000e+00 0.000000000000000000e+00 7.820000000000000000e+02 0.000000000000000000e+00 0.000000000000000000e+00 1.000000000000000000e+00
1.000000000000000000e+00 3.100000000000000000e+02 2.089999999999999858e+00 0.000000000000000000e+00 -7.537227260091613479e-01 4.663077312720121520e-02 1.135333517033687567e-02 0.000000000000000000e+00 0.000000000000000000e+00 7.820000000000000000e+02 0.000000000000000000e+00 0.000000000000000000e+00 1.000000000000000000e+00
1.000000000000000000e+00 3.100000000000000000e+02 2.099999999999999645e+00 0.000000000000000000e+00 -7.553433681505380415e-01 2.842106328989002853e-02 5.383542046152774152e-03 1.000000000000000000e+00 1.000000000000000000e+00 7.820000000000000000e+02 0.000000000000000000e+00 0.000000000000000000e+00 1.000000000000000000e+00
1.000000000000000000e+00 3.100000000000000000e+02 2.109999999999999876e+00 0.000000000000000000e+00 -7.933016455446982862e-01 4.032354529067115612e-02 1.314226022252817927e-02 0.000000000000000000e+00 0.000000000000000000e+00 7.820000000000000000e+02 0.000000000000000000e+00 0.000000000000000000e+00 1.000000000000000000e+00
1.000000000000000000e+00 3.100000000000000000e+02 2.119999999999999662e+00 0.000000000000000000e+00 -8.316182858117719956e-01 4.452493033987544452e-02 2.046955984240155652e-02 0.000000000000000000e+00 0.000000000000000000e+00 7.820000000000000000e+02 0.000000000000000000e+00 0.000000000000000000e+00 1.000000000000000000e+00
1.000000000000000000e+00 3.100000000000000000e+02 2.129999999999999893e+00 0.000000000000000000e+00 -8.703109863637447097e-01 4.103298135482436049e-02 2.547780990647954130e-02 0.000000000000000000e+00 0.000000000000000000e+00 7.820000000000000000e+02 0.000000000000000000e+00 0.000000000000000000e+00 1.000000000000000000e+00
1.000000000000000000e+00 3.100000000000000000e+02 2.139999999999999680e+00 0.000000000000000000e+00 -9.093976183045998640e-01 2.984124624627965475e-02 2.628611760336863751e-02 1.000000000000000000e+00 1.000000000000000000e+00 7.820000000000000000e+02 0.000000000000000000e+00 0.000000000000000000e+00 1.000000000000000000e+00
1.000000000000000000e+00 3.100000000000000000e+02 2.149999999999999911e+00 0.000000000000000000e+00 -8.790479494999369203e-01 3.892914747030795652e-02 2.594241180504284344e-02 0.000000000000000000e+00 0.000000000000000000e+00 7.820000000000000000e+02 0.000000000000000000e+00 0.000000000000000000e+00 1.000000000000000000e+00
1.000000000000000000e+00 3.100000000000000000e+02 2.159999999999999698e+00 0.000000000000000000e+00 -8.490962474493409795e-01 3.929732174459796973e-02 2.057155546215808095e-02 0.000000000000000000e+00 0.000000000000000000e+00 7.820000000000000000e+02 0.000000000000000000e+00 0.000000000000000000e+00 1.000000000000000000e+00
1.000000000000000000e+00 3.100000000000000000e+02 2.169999999999999929e+00 0.000000000000000000e+00 -8.195286782778387069e-01 3.094644934634819405e-02 1.199596498009175213e-02 0.000000000000000000e+00 0.000000000000000000e+00 7.820000000000000000e+02 0.000000000000000000e+00 0.000000000000000000e+00 1.000000000000000000e+00
1.000000000000000000e+00 3.100000000000000000e+02 2.179999999999999716e+00 0.000000000000000000e+00 -7.903315855309651639e-01 1.386110033252079855e-02 2.909919311460099425e-03 1.000000000000000000e+00 1.000000000000000000e+00 7.820000000000000000e+02 0.000000000000000000e+00 0.000000000000000000e+00 1.000000000000000000e+00
1.000000000000000000e+00 3.100000000000000000e+02 2.189999999999999947e+00 0.000000000000000000e+00 -7.759457904662355743e-01 3.608914008838483983e-02 9.602263120220760201e-03 0.000000000000000000e+00 0.000000000000000000e+00 7.820000000000000000e+02 0.000000000000000000e+00 0.000000000000000000e+00 1.000000000000000000e+00
1.000000000000000000e+00 3.100000000000000000e+02 2.199999999999999734e+00 0.000000000000000000e+00 -7.619103420779171909e-01 5.398744107057175390e-02 1.498829837811688215e-02 0.000000000000000000e+00 0.000000000000000000e+00 7.820000000000000000e+02 0.000000000000000000e+00 0.000000000000000000e+00 1.000000000000000000e+00
1.000000000000000000e+00 3.100000000000000000e+02 2.209999999999999964e+00 0.000000000000000000e+00 -7.482187577748741214e-01 6.758907404719524670e-02 1.845609547854113602e-02 0.000000000000000000e+00 0.000000000000000000e+00 7.820000000000000000e+02 0.000000000000000000e+00 0.000000000000000000e+00 1.000000000000000000e+00
1.000000000000000000e+00 3.100000000000000000e+02 2.219999999999999751e+00 0.000000000000000000e+00 -7.348647137874216861e-01 7.691917081431710879e-02 2.012571364595470980e-02 0.000000000000000000e+00 0.000000000000000000e+00 7.820000000000000000e+02 0.000000000000000000e+00 0.000000000000000000e+00 1.000000000000000000e+00
1.000000000000000000e+00 3.100000000000000000e+02 2.229999999999999982e+00 0.000000000000000000e+00 -7.218420422465485764e-01 8.199497063207558667e-02 2.019715396357091991e-02 0.000000000000000000e+00 0.000000000000000000e+00 7.820000000000000000e+02 0.000000000000000000e+00 0.000000000000000000e+00 1.000000000000000000e+00
1.000000000000000000e+00 3.100000000000000000e+02 2.239999999999999769e+00 0.000000000000000000e+00 -7.091447283351463016e-01 8.282585207774073588e-02 1.886242996685488782e-02 0.000000000000000000e+00 0.000000000000000000e+00 7.820000000000000000e+02 0.000000000000000000e+00 0.000000000000000000e+00 1.000000000000000000e+00
1.000000000000000000e+00 3.100000000000000000e+02 2.250000000000000000e+00 0.000000000000000000e+00 -6.967669075099292009e-01 7.941335037455225787e-02 1.631001760297344505e-02 0.000000000000000000e+00 0.000000000000000000e+00 7.820000000000000000e+02 0.000000000000000000e+00 0.000000000000000000e+00 1.000000000000000000e+00
1.000000000000000000e+00 3.100000000000000000e+02 2.259999999999999787e+00 0.000000000000000000e+00 -6.847028627927621569e-01 7.175116022835821561e-02 1.275940587092932316e-02 0.000000000000000000e+00 0.000000000000000000e+00 7.820000000000000000e+02 0.000000000000000000e+00 0.000000000000000000e+00 1.000000000000000000e+00
1.000000000000000000e+00 3.100000000000000000e+02 2.270000000000000018e+00 0.000000000000000000e+00 -6.729470221301431243e-01 5.982512417729556053e-02 8.531940637914563197e-03 0.000000000000000000e+00 0.000000000000000000e+00 7.820000000000000000e+02 0.000000000000000000e+00 0.000000000000000000e+00 1.000000000000000000e+00
1.000000000000000000e+00 3.100000000000000000e+02 2.279999999999999805e+00 0.000000000000000000e+00 -6.614939558196245573e-01 4.361320643298682853e-02 4.201122500577844643e-03 0.000000000000000000e+00 0.000000000000000000e+00 7.820000000000000000e+02 0.000000000000000000e+00 0.000000000000000000e+00 1.000000000000000000e+00
1.000000000000000000e+00 3.100000000000000000e+02 2.290000000000000036e+00 0.000000000000000000e+00 -6.503383740019811343e-01 2.308545216491853652e-02 8.889659096254620002e-04 1.000000000000000000e+00 1.000000000000000000e+00 7.820000000000000000e+02 0.000000000000000000e+00 0.000000000000000000e+00 1.000000000000000000e+00
1.000000000000000000e+00 3.100000000000000000e+02 2.299999999999999822e+00 0.000000000000000000e+00 -6.382281021111643193e-01 4.447182509617907120e-02 3.431362906236714444e-03 0.000000000000000000e+00 0.000000000000000000e+00 7.820000000000000000e+02 0.000000000000000000e+00 0.000000000000000000e+00 1.000000000000000000e+00
1.000000000000000000e+00 3.100000000000000000e+02 2.310000000000000053e+00 0.000000000000000000e+00 -6.264045688494046527e-01 6.215517065818055437e-02 6.166085925875985224e-03 0.000000000000000000e+00 0.000000000000000000e+00 7.820000000000000000e+02 0.000000000000000000e+00 0.000000000000000000e+00 1.000000000000000000e+00
1.000000000000000000e+00 3.100000000000000000e+02 2.319999999999999840e+00 0.000000000000000000e+00 -6.148623132488874043e-01 7.616816244497741362e-02 8.375569870369563991e-03 0.000000000000000000e+00 0.000000000000000000e+00 7.820000000000000000e+02 0.000000000000000000e+00 0.000000000000000000e+00 1.000000000000000000e+00
1.000000000000000000e+00 3.100000000000000000e+02 2.329999999999999627e+00 0.000000000000000000e+00 -6.035960042562847905e-01 8.653669232208360818e-02 9.829653964724002768e-03 0.000000000000000000e+00 0.000000000000000000e+00 7.820000000000000000e+02 0.000000000000000000e+00 0.000000000000000000e+00 1.000000000000000000e+00
1.000000000000000000e+00 3.100000000000000000e+02 2.339999999999999858e+00 0.000000000000000000e+00 -5.926004382704873619e-01 9.327991826698468769e-02 1.048354341355624969e-02 0.000000000000000000e+00 0.000000000000000000e+00 7.820000000000000000e+02 0.000000000000000000e+00 0.000000000000000000e+00 1.000000000000000000e+00
1.000000000000000000e+00 3.100000000000000000e+02 2.349999999999999645e+00 0.000000000000000000e+00 -5.818705367392028593e-01 9.641029976741548324e-02 1.036829723495502620e-02 0.000000000000000000e+00 0.000000000000000000e+00 7.820000000000000000e+02 0.000000000000000000e+00 0.000000000000000000e+00 1.000000000000000000e+00
1.000000000000000000e+00 3.100000000000000000e+02 2.359999999999999876e+00 0.000000000000000000e+00 -5.714013438133104250e-01 9.593362084280952773e-02 9.554367700538433927e-03 0.000000000000000000e+00 0.000000000000000000e+00 7.820000000000000000e+02 0.000000000000000000e+00 0.000000000000000000e+00 1.000000000000000000e+00
1.000000000000000000e+00 3.100000000000000000e+02 2.369999999999999662e+00 0.000000000000000000e+00 -5.611880240578904777e-01 9.184900073145672861e-02 8.144586847482329639e-03 0.000000000000000000e+00 0.000000000000000000e+00 7.820000000000000000e+02 0.000000000000000000e+00 0.000000000000000000e+00 1.000000000000000000e+00
1.000000000000000000e+00 3.100000000000000000e+02 2.379999999999999893e+00 0.000000000000000000e+00 -5.512258602188672141e-01 8.414889226311625392e-02 6.283404324277409858e-03 0.000000000000000000e+00 0.000000000000000000e+00 7.820000000000000000e+02 0.000000000000000000e+00 0.000000000000000000e+00 1.000000000000000000e+00
1.000000000000000000e+00 3.100000000000000000e+02 2.389999999999999680e+00 0.000000000000000000e+00 -5.415102510442392214e-01 7.281906791407731505e-02 4.180253182490514113e-03 0.000000000000000000e+00 0.000000000000000000e+00 7.820000000000000000e+02 0.000000000000000000e+00 0.000000000000000000e+00 1.000000000000000000e+00
1.000000000000000000e+00 3.100000000000000000e+02 2.399999999999999911e+00 0.000000000000000000e+00 -5.320367091588853459e-01 5.783859351890210942e-02 2.146885132892564427e-03 0.000000000000000000e+00 0.000000000000000000e+00 7.820000000000000000e+02 0.000000000000000000e+00 0.000000000000000000e+00 1.000000000000000000e+00
1.000000000000000000e+00 3.100000000000000000e+02 2.409999999999999698e+00 0.000000000000000000e+00 -5.228008589919689308e-01 3.917978959027795111e-02 6.253829096640982355e-04 1.000000000000000000e+00 1.000000000000000000e+00 7.820000000000000000e+02 0.000000000000000000e+00 0.000000000000000000e+00 1.000000000000000000e+00
1.000000000000000000e+00 3.100000000000000000e+02 2.419999999999999929e+00 0.000000000000000000e+00 -5.249839318794561338e-01 5.864474779092584966e-02 2.073580412767688300e-03 0.000000000000000000e+00 0.000000000000000000e+00 7.820000000000000000e+02 0.000000000000000000e+00 0.000000000000000000e+00 1.000000000000000000e+00
1.000000000000000000e+00 3.100000000000000000e+02 2.429999999999999716e+00 0.000000000000000000e+00 -5.274014389997483399e-01 7.479245700544795428e-02 3.946443618643342283e-03 0.000000000000000000e+00 0.000000000000000000e+00 7.820000000000000000e+02 0.000000000000000000e+00 0.000000000000000000e+00 1.000000000000000000e+00
1.000000000000000000e+00 3.100000000000000000e+02 2.439999999999999947e+00 0.000000000000000000e+00 -5.300544969335057033e-01 8.765275342597962649e-02 5.839909244117112708e-03 0.000000000000000000e+00 0.000000000000000000e+00 7.820000000000000000e+02 0.000000000000000000e+00 0.000000000000000000e+00 1.000000000000000000e+00
1.000000000000000000e+00 3.100000000000000000e+02 2.449999999999999734e+00 0.000000000000000000e+00 -5.329443310558902303e-01 9.724939907782256809e-02 7.492991332038272806e-03 0.000000000000000000e+00 0.000000000000000000e+00 7.820000000000000000e+02 0.000000000000000000e+00 0.000000000000000000e+00 1.000000000000000000e+00
1.000000000000000000e+00 3.100000000000000000e+02 2.459999999999999964e+00 0.000000000000000000e+00 -5.360722761025332739e-01 1.036001257246418200e-01 8.747179670861568446e-03 0.000000000000000000e+00 0.000000000000000000e+00 7.820000000000000000e+02 0.000000000000000000e+00 0.000000000000000000e+00 1.000000000000000000e+00
1.000000000000000000e+00 3.100000000000000000e+02 2.469999999999999751e+00 0.000000000000000000e+00 -5.394397767860130699e-01 1.067166676315220303e-01 9.507222005050129654e-03 0.000000000000000000e+00 0.000000000000000000e+00 7.820000000000000000e+02 0.000000000000000000e+00 0.000000000000000000e+00 1.000000000000000000e+00
1.000000000000000000e+00 3.100000000000000000e+02 2.479999999999999982e+00 0.000000000000000000e+00 -5.430483884631288616e-01 1.066047832464199069e-01 9.717910926127830418e-03 0.000000000000000000e+00 0.000000000000000000e+00 7.820000000000000000e+02 0.000000000000000000e+00 0.000000000000000000e+00 1.000000000000000000e+00
1.000000000000000000e+00 3.100000000000000000e+02 2.489999999999999769e+00 0.000000000000000000e+00 -5.468997778532773690e-01 1.032642658400732827e-01 9.353215001275637375e-03 0.000000000000000000e+00 0.000000000000000000e+00 7.820000000000000000e+02 0.000000000000000000e+00 0.000000000000000000e+00 1.000000000000000000e+00
1.000000000000000000e+00 3.100000000000000000e+02 2.500000000000000000e+00 0.000000000000000000e+00 -5.509957238082648923e-01 9.668894312402676050e-02 8.415114140096539852e-03 0.000000000000000000e+00 0.000000000000000000e+00 7.820000000000000000e+02 0.000000000000000000e+00 0.000000000000000000e+00 1.000000000000000000e+00
1.000000000000000000e+00 3.100000000000000000e+02 2.509999999999999787e+00 0.000000000000000000e+00 -5.553381181339108741e-01 8.686666584606740626e-02 6.942920604142418378e-03 0.000000000000000000e+00 0.000000000000000000e+00 7.820000000000000000e+02 0.000000000000000000e+00 0.000000000000000000e+00 1.000000000000000000e+00
1.000000000000000000e+00 3.100000000000000000e+02 2.520000000000000018e+00 0.000000000000000000e+00 -5.599289664638211761e-01 7.377928534199901245e-02 5.038706479188376913e-03 0.000000000000000000e+00 0.000000000000000000e+00 7.820000000000000000e+02 0.000000000000000000e+00 0.000000000000000000e+00 1.000000000000000000e+00
1.000000000000000000e+00 3.100000000000000000e+02 2.529999999999999805e+00 0.000000000000000000e+00 -5.647703891857359659e-01 5.740262000227684680e-02 2.922153109421628259e-03 0.000000000000000000e+00 0.000000000000000000e+00 7.820000000000000000e+02 0.000000000000000000e+00 0.000000000000000000e+00 1.000000000000000000e+00
1.000000000000000000e+00 3.100000000000000000e+02 2.540000000000000036e+00 0.000000000000000000e+00 -5.698646224208783195e-01 3.770641059154307417e-02 1.031736412663510245e-03 1.000000000000000000e+00 1.000000000000000000e+00 7.820000000000000000e+02 0.000000000000000000e+00 0.000000000000000000e+00 1.000000000000000000e+00
1.000000000000000000e+00 3.100000000000000000e+02 2.549999999999999822e+00 0.000000000000000000e+00 -5.529403739714146004e-01 6.220460498850936826e-02 3.172892889477255812e-03 0.000000000000000000e+00 0.000000000000000000e+00 7.820000000000000000e+02 0.000000000000000000e+00 0.000000000000000000e+00 1.000000000000000000e+00
1.000000000000000000e+00 3.100000000000000000e+02 2.560000000000000053e+00 0.000000000000000000e+00 -5.362634720735268701e-01 8.558406891700734431e-02 5.807538110298608031e-03 0.000000000000000000e+00 0.000000000000000000e+00 7.820000000000000000e+02 0.000000000000000000e+00 0.000000000000000000e+00 1.000000000000000000e+00
1.000000000000000000e+00 3.100000000000000000e+02 2.569999999999999840e+00 0.000000000000000000e+00 -5.198262141206847486e-01 1.078880007136261282e-01 8.524950870007534653e-03 0.000000000000000000e+00 0.000000000000000000e+00 7.820000000000000000e+02 0.000000000000000000e+00 0.000000000000000000e+00 1.000000000000000000e+00
1.000000000000000000e+00 3.100000000000000000e+02 2.579999999999999627e+00 0.000000000000000000e+00 -5.036210081913660153e-01 1.291576114495842920e-01 1.113040713632093559e-02 0.000000000000000000e+00 0.000000000000000000e+00 7.820000000000000000e+02 0.000000000000000000e+00 0.000000000000000000e+00 1.000000000000000000e+00
1.000000000000000000e+00 3.100000000000000000e+02 2.589999999999999858e+00 0.000000000000000000e+00 -4.876403695425544638e-01 1.494322010766045983e-01 1.353860133487046202e-02 0.000000000000000000e+00 0.000000000000000000e+00 7.820000000000000000e+02 0.000000000000000000e+00 0.000000000000000000e+00 1.000000000000000000e+00
1.000000000000000000e+00 3.100000000000000000e+02 2.599999999999999645e+00 0.000000000000000000e+00 -4.718769171527409378e-01 1.687492310416042751e-01 1.571728378756773181e-02 0.000000000000000000e+00 0.000000000000000000e+00 7.820000000000000000e+02 0.000000000000000000e+00 0.000000000000000000e+00 1.000000000000000000e+00
1.000000000000000000e+00 3.100000000000000000e+02 2.609999999999999876e+00 0.000000000000000000e+00 -4.563233703128309893e-01 1.871443935043728968e-01 1.766007514317537164e-02 0.000000000000000000e+00 0.000000000000000000e+00 7.820000000000000000e+02 0.000000000000000000e+00 0.000000000000000000e+00 1.000000000000000000e+00
1.000000000000000000e+00 3.100000000000000000e+02 2.619999999999999662e+00 0.000000000000000000e+00 -4.409725452633838083e-01 2.046516772861302347e-01 1.937316854132931088e-02 0.000000000000000000e+00 0.000000000000000000e+00 7.820000000000000000e+02 0.000000000000000000e+00 0.000000000000000000e+00 1.000000000000000000e+00
1.000000000000000000e+00 3.100000000000000000e+02 2.629999999999999893e+00 0.000000000000000000e+00 -4.258173518766288912e-01 2.213034306708181187e-01 2.086864115287099392e-02 0.000000000000000000e+00 0.000000000000000000e+00 7.820000000000000000e+02 0.000000000000000000e+00 0.000000000000000000e+00 1.000000000000000000e+00
1.000000000000000000e+00 3.100000000000000000e+02 2.639999999999999680e+00 0.000000000000000000e+00 -4.108507903817299467e-01 2.371304211751643909e-01 2.216101325738417671e-02 0.000000000000000000e+00 0.000000000000000000e+00 7.820000000000000000e+02 0.000000000000000000e+00 0.000000000000000000e+00 1.000000000000000000e+00
1.000000000000000000e+00 3.100000000000000000e+02 2.649999999999999911e+00 0.000000000000000000e+00 -3.960659481317810315e-01 2.521618923979568883e-01 2.326545931459295113e-02 0.000000000000000000e+00 0.000000000000000000e+00 7.820000000000000000e+02 0.000000000000000000e+00 0.000000000000000000e+00 1.000000000000000000e+00
1.000000000000000000e+00 3.100000000000000000e+02 2.659999999999999698e+00 0.000000000000000000e+00 -3.814559964110437740e-01 2.664256180535671259e-01 2.419688491158386578e-02 0.000000000000000000e+00 0.000000000000000000e+00 7.820000000000000000e+02 0.000000000000000000e+00 0.000000000000000000e+00 1.000000000000000000e+00
1.000000000000000000e+00 3.100000000000000000e+02 2.669999999999999929e+00 0.000000000000000000e+00 -3.670141872809488115e-01 2.799479532895629563e-01 2.496946797626496684e-02 0.000000000000000000e+00 0.000000000000000000e+00 7.820000000000000000e+02 0.000000000000000000e+00 0.000000000000000000e+00 1.000000000000000000e+00
1.000000000000000000e+00 3.100000000000000000e+02 2.679999999999999716e+00 0.000000000000000000e+00 -3.527338504634078831e-01 2.927538833832274978e-01 2.559645245448773088e-02 0.000000000000000000e+00 0.000000000000000000e+00 7.820000000000000000e+02 0.000000000000000000e+00 0.000000000000000000e+00 1.000000000000000000e+00
1.000000000000000000e+00 3.100000000000000000e+02 2.689999999999999947e+00 0.000000000000000000e+00 -3.386083902599933970e-01 3.048670699069654932e-01 2.609007976058738687e-02 0.000000000000000000e+00 0.000000000000000000e+00 7.820000000000000000e+02 0.000000000000000000e+00 0.000000000000000000e+00 1.000000000000000000e+00
1.000000000000000000e+00 3.100000000000000000e+02 2.699999999999999734e+00 0.000000000000000000e+00 -3.246312825055654994e-01 3.163098944478919261e-01 2.646159460102193162e-02 0.000000000000000000e+00 0.000000000000000000e+00 7.820000000000000000e+02 0.000000000000000000e+00 0.000000000000000000e+00 1.000000000000000000e+00
1.000000000000000000e+00 3.100000000000000000e+02 2.709999999999999964e+00 0.000000000000000000e+00 -3.107960715549378805e-01 3.271034999623878559e-01 2.672128961138965642e-02 0.000000000000000000e+00 0.000000000000000000e+00 7.820000000000000000e+02 0.000000000000000000e+00 0.000000000000000000e+00 1.000000000000000000e+00
1.000000000000000000e+00 3.100000000000000000e+02 2.719999999999999751e+00 0.000000000000000000e+00 -2.970963673011909334e-01 3.372678298420318521e-01 2.687856871057300867e-02 0.000000000000000000e+00 0.000000000000000000e+00 7.820000000000000000e+02 0.000000000000000000e+00 0.000000000000000000e+00 1.000000000000000000e+00
1.000000000000000000e+00 3.100000000000000000e+02 2.729999999999999982e+00 0.000000000000000000e+00 -2.835258422242558085e-01 3.468216647630911198e-01 2.694201782601850226e-02 0.000000000000000000e+00 0.000000000000000000e+00 7.820000000000000000e+02 0.000000000000000000e+00 0.000000000000000000e+00 1.000000000000000000e+00
1.000000000000000000e+00 3.100000000000000000e+02 2.739999999999999769e+00 0.000000000000000000e+00 -2.700782284684052348e-01 3.557826573876589071e-01 2.691947666625887914e-02 0.000000000000000000e+00 0.000000000000000000e+00 7.820000000000000000e+02 0.000000000000000000e+00 0.000000000000000000e+00 1.000000000000000000e+00
1.000000000000000000e+00 3.100000000000000000e+02 2.750000000000000000e+00 0.000000000000000000e+00 -2.567473149473016858e-01 3.641673649805524660e-01 2.681810812627447027e-02 0.000000000000000000e+00 0.000000000000000000e+00 7.820000000000000000e+02 0.000000000000000000e+00 0.000000000000000000e+00 1.000000000000000000e+00
1.000000000000000000e+00 3.100000000000000000e+02 2.759999999999999787e+00 0.000000000000000000e+00 -2.435269444752659329e-01 3.719912800022454058e-01 2.664446360335472053e-02 0.000000000000000000e+00 0.000000000000000000e+00 7.820000000000000000e+02 0.000000000000000000e+00 0.000000000000000000e+00 1.000000000000000000e+00
1.000000000000000000e+00 3.100000000000000000e+02 2.770000000000000018e+00 0.000000000000000000e+00 -2.304110109234404902e-01 3.792688587343525652e-01 2.640454348213176761e-02 0.000000000000000000e+00 0.000000000000000000e+00 7.820000000000000000e+02 0.000000000000000000e+00 0.000000000000000000e+00 1.000000000000000000e+00
1.000000000000000000e+00 3.100000000000000000e+02 2.779999999999999805e+00 0.000000000000000000e+00 -2.173934563995357783e-01 3.860135479905640321e-01 2.610385260902287063e-02 0.000000000000000000e+00 0.000000000000000000e+00 7.820000000000000000e+02 0.000000000000000000e+00 0.000000000000000000e+00 1.000000000000000000e+00
1.000000000000000000e+00 3.100000000000000000e+02 2.790000000000000036e+00 0.000000000000000000e+00 -2.044682684498539404e-01 3.922378099623809455e-01 2.574745088895041834e-02 0.000000000000000000e+00 0.000000000000000000e+00 7.820000000000000000e+02 0.000000000000000000e+00 0.000000000000000000e+00 1.000000000000000000e+00
1.000000000000000000e+00 3.100000000000000000e+02 2.799999999999999822e+00 0.000000000000000000e+00 -1.916294772823010362e-01 3.979531452455618012e-01 2.533999930188277072e-02 0.000000000000000000e+00 0.000000000000000000e+00 7.820000000000000000e+02 0.000000000000000000e+00 0.000000000000000000e+00 1.000000000000000000e+00
1.000000000000000000e+00 3.100000000000000000e+02 2.810000000000000053e+00 0.000000000000000000e+00 -1.788711530091021684e-01 4.031701140898213409e-01 2.488580171385568196e-02 0.000000000000000000e+00 0.000000000000000000e+00 7.820000000000000000e+02 0.000000000000000000e+00 0.000000000000000000e+00 1.000000000000000000e+00
1.000000000000000000e+00 3.100000000000000000e+02 2.819999999999999840e+00 0.000000000000000000e+00 -1.661874029079483117e-01 4.078983559110497259e-01 2.438884288305530335e-02 0.000000000000000000e+00 0.000000000000000000e+00 7.820000000000000000e+02 0.000000000000000000e+00 0.000000000000000000e+00 1.000000000000000000e+00
1.000000000000000000e+00 3.100000000000000000e+02 2.829999999999999627e+00 0.000000000000000000e+00 -1.535723687003081039e-01 4.121466071021047117e-01 2.385282305825574267e-02 0.000000000000000000e+00 0.000000000000000000e+00 7.820000000000000000e+02 0.000000000000000000e+00 0.000000000000000000e+00 1.000000000000000000e+00
1.000000000000000000e+00 3.100000000000000000e+02 2.839999999999999858e+00 0.000000000000000000e+00 -1.410202238456491064e-01 4.159227171750800589e-01 2.328118954768579330e-02 0.000000000000000000e+00 0.000000000000000000e+00 7.820000000000000000e+02 0.000000000000000000e+00 0.000000000000000000e+00 1.000000000000000000e+00
1.000000000000000000e+00 3.100000000000000000e+02 2.849999999999999645e+00 0.000000000000000000e+00 -1.285251708503171997e-01 4.192336632648850925e-01 2.267716560920440827e-02 0.000000000000000000e+00 0.000000000000000000e+00 7.820000000000000000e+02 0.000000000000000000e+00 0.000000000000000000e+00 1.000000000000000000e+00
1.000000000000000000e+00 3.100000000000000000e+02 2.859999999999999876e+00 0.000000000000000000e+00 -1.160814385898320256e-01 4.220855630209259801e-01 2.204377698220631732e-02 0.000000000000000000e+00 0.000000000000000000e+00 7.820000000000000000e+02 0.000000000000000000e+00 0.000000000000000000e+00 1.000000000000000000e+00
1.000000000000000000e+00 3.100000000000000000e+02 2.869999999999999662e+00 0.000000000000000000e+00 -1.036832796433625470e-01 4.244836859107124494e-01 2.138387635063734860e-02 0.000000000000000000e+00 0.000000000000000000e+00 7.820000000000000000e+02 0.000000000000000000e+00 0.000000000000000000e+00 1.000000000000000000e+00
1.000000000000000000e+00 3.100000000000000000e+02 2.879999999999999893e+00 0.000000000000000000e+00 -9.132496763914924043e-02 4.264324629562776803e-01 2.070016599633117682e-02 0.000000000000000000e+00 0.000000000000000000e+00 7.820000000000000000e+02 0.000000000000000000e+00 0.000000000000000000e+00 1.000000000000000000e+00
1.000000000000000000e+00 3.100000000000000000e+02 2.889999999999999680e+00 0.000000000000000000e+00 -7.900079460964951061e-02 4.279354949213946546e-01 1.999521887325217406e-02 0.000000000000000000e+00 0.000000000000000000e+00 7.820000000000000000e+02 0.000000000000000000e+00 0.000000000000000000e+00 1.000000000000000000e+00
1.000000000000000000e+00 3.100000000000000000e+02 2.899999999999999911e+00 0.000000000000000000e+00 -6.670506835518277833e-02 4.289955589647241330e-01 1.927149830634129757e-02 0.000000000000000000e+00 0.000000000000000000e+00 7.820000000000000000e+02 0.000000000000000000e+00 0.000000000000000000e+00 1.000000000000000000e+00
1.000000000000000000e+00 3.100000000000000000e+02 2.909999999999999698e+00 0.000000000000000000e+00 -5.443210981485879785e-02 4.296146137711824298e-01 1.853137649339259285e-02 0.000000000000000000e+00 0.000000000000000000e+00 7.820000000000000000e+02 0.000000000000000000e+00 0.000000000000000000e+00 1.000000000000000000e+00
1.000000000000000000e+00 3.100000000000000000e+02 2.919999999999999929e+00 0.000000000000000000e+00 -4.217625044357389830e-02 4.297938031710121787e-01 1.777715196441947976e-02 0.000000000000000000e+00 0.000000000000000000e+00 7.820000000000000000e+02 0.000000000000000000e+00 0.000000000000000000e+00 1.000000000000000000e+00
1.000000000000000000e+00 3.100000000000000000e+02 2.929999999999999716e+00 0.000000000000000000e+00 -2.993182959386466932e-02 4.295334582532426837e-01 1.701106612984075450e-02 0.000000000000000000e+00 0.000000000000000000e+00 7.820000000000000000e+02 0.000000000000000000e+00 0.000000000000000000e+00 1.000000000000000000e+00
1.000000000000000000e+00 3.100000000000000000e+02 2.939999999999999947e+00 0.000000000000000000e+00 -1.769319190140919082e-02 4.288330979774431229e-01 1.623531902593498139e-02 0.000000000000000000e+00 0.000000000000000000e+00 7.820000000000000000e+02 0.000000000000000000e+00 0.000000000000000000e+00 1.000000000000000000e+00
1.000000000000000000e+00 3.100000000000000000e+02 2.949999999999999734e+00 0.000000000000000000e+00 -5.454684672968165143e-03 4.276914282849035853e-01 1.545208434267659331e-02 0.000000000000000000e+00 0.000000000000000000e+00 7.820000000000000000e+02 0.000000000000000000e+00 0.000000000000000000e+00 1.000000000000000000e+00
1.000000000000000000e+00 3.100000000000000000e+02 2.959999999999999964e+00 0.000000000000000000e+00 6.789344724439875384e-03 4.261063397075971482e-01 1.466352379445494403e-02 0.000000000000000000e+00 0.000000000000000000e+00 7.820000000000000000e+02 0.000000000000000000e+00 0.000000000000000000e+00 1.000000000000000000e+00
1.000000000000000000e+00 3.100000000000000000e+02 2.969999999999999751e+00 0.000000000000000000e+00 1.904455147433567822e-02 4.240749034705059706e-01 1.387180086729312978e-02 0.000000000000000000e+00 0.000000000000000000e+00 7.820000000000000000e+02 0.000000000000000000e+00 0.000000000000000000e+00 1.000000000000000000e+00
1.000000000000000000e+00 3.100000000000000000e+02 2.979999999999999982e+00 0.000000000000000000e+00 3.131659592275470860e-02 4.215933660801107208e-01 1.307909394586825869e-02 0.000000000000000000e+00 0.000000000000000000e+00 7.820000000000000000e+02 0.000000000000000000e+00 0.000000000000000000e+00 1.000000000000000000e+00
1.000000000000000000e+00 3.100000000000000000e+02 2.989999999999999769e+00 0.000000000000000000e+00 4.361114619260630931e-02 4.186571423890459998e-01 1.228760878846242577e-02 0.000000000000000000e+00 0.000000000000000000e+00 7.820000000000000000e+02 0.000000000000000000e+00 0.000000000000000000e+00 1.000000000000000000e+00
1.000000000000000000e+00 3.100000000000000000e+02 3.000000000000000000e+00 0.000000000000000000e+00 5.593388080162561837e-02 4.152608071241020715e-01 1.149959027623966012e-02 0.000000000000000000e+00 0.000000000000000000e+00 7.820000000000000000e+02 0.000000000000000000e+00 0.000000000000000000e+00 1.000000000000000000e+00
1.000000000000000000e+00 3.100000000000000000e+02 3.009999999999999787e+00 0.000000000000000000e+00 6.829049128512601485e-02 4.113980848619243069e-01 1.071733331285834590e-02 0.000000000000000000e+00 0.000000000000000000e+00 7.820000000000000000e+02 0.000000000000000000e+00 0.000000000000000000e+00 1.000000000000000000e+00
1.000000000000000000e+00 3.100000000000000000e+02 3.020000000000000018e+00 0.000000000000000000e+00 8.068668482476398784e-02 4.070618384338876572e-01 9.943192688840238325e-03 0.000000000000000000e+00 0.000000000000000000e+00 7.820000000000000000e+02 0.000000000000000000e+00 0.000000000000000000e+00 1.000000000000000000e+00
1.000000000000000000e+00 3.100000000000000000e+02 3.029999999999999805e+00 0.000000000000000000e+00 9.312818688453108895e-02 4.022440557387179094e-01 9.179591649226180594e-03 0.000000000000000000e+00 0.000000000000000000e+00 7.820000000000000000e+02 0.000000000000000000e+00 0.000000000000000000e+00 1.000000000000000000e+00
1.000000000000000000e+00 3.100000000000000000e+02 3.040000000000000036e+00 0.000000000000000000e+00 1.056207438551897138e-01 3.969358349384978224e-01 8.429028809100784503e-03 0.000000000000000000e+00 0.000000000000000000e+00 7.820000000000000000e+02 0.000000000000000000e+00 0.000000000000000000e+00 1.000000000000000000e+00
1.000000000000000000e+00 3.100000000000000000e+02 3.049999999999999822e+00 0.000000000000000000e+00 1.181701257083740964e-01 3.911273680107029693e-01 7.694082945070290780e-03 0.000000000000000000e+00 0.000000000000000000e+00 7.820000000000000000e+02 0.000000000000000000e+00 0.000000000000000000e+00 1.000000000000000000e+00
1.000000000000000000e+00 3.100000000000000000e+02 3.060000000000000053e+00 0.000000000000000000e+00 1.307821286615835077e-01 3.848079226258761532e-01 6.977415046463431025e-03 0.000000000000000000e+00 0.000000000000000000e+00 7.820000000000000000e+02 0.000000000000000000e+00 0.000000000000000000e+00 1.000000000000000000e+00
1.000000000000000000e+00 3.100000000000000000e+02 3.069999999999999840e+00 0.000000000000000000e+00 1.434625778552965913e-01 3.779658223174562348e-01 6.281766831898370762e-03 0.000000000000000000e+00 0.000000000000000000e+00 7.820000000000000000e+02 0.000000000000000000e+00 0.000000000000000000e+00 1.000000000000000000e+00
1.000000000000000000e+00 3.100000000000000000e+02 3.080000000000000071e+00 0.000000000000000000e+00 1.562173300434452905e-01 3.705884249071191294e-01 5.609954718437080989e-03 0.000000000000000000e+00 0.000000000000000000e+00 7.820000000000000000e+02 0.000000000000000000e+00 0.000000000000000000e+00 1.000000000000000000e+00
1.000000000000000000e+00 3.100000000000000000e+02 3.089999999999999858e+00 0.000000000000000000e+00 1.690522762984902616e-01 3.626620991457712995e-01 4.964857965459854028e-03 0.000000000000000000e+00 0.000000000000000000e+00 7.820000000000000000e+02 0.000000000000000000e+00 0.000000000000000000e+00 1.000000000000000000e+00
1.000000000000000000e+00 3.100000000000000000e+02 3.099999999999999645e+00 0.000000000000000000e+00 1.819733447323456654e-01 3.541721995270312728e-01 4.349399398606557804e-03 0.000000000000000000e+00 0.000000000000000000e+00 7.820000000000000000e+02 0.000000000000000000e+00 0.000000000000000000e+00 1.000000000000000000e+00
1.000000000000000000e+00 3.100000000000000000e+02 3.109999999999999876e+00 0.000000000000000000e+00 1.949865032344135773e-01 3.451030392266647984e-01 3.766516749303019940e-03 0.000000000000000000e+00 0.000000000000000000e+00 7.820000000000000000e+02 0.000000000000000000e+00 0.000000000000000000e+00 1.000000000000000000e+00
1.000000000000000000e+00 3.100000000000000000e+02 3.119999999999999662e+00 0.000000000000000000e+00 2.080977622279890915e-01 3.354378611179720804e-01 3.219122229123343171e-03 0.000000000000000000e+00 0.000000000000000000e+00 7.820000000000000000e+02 0.000000000000000000e+00 0.000000000000000000e+00 1.000000000000000000e+00
1.000000000000000000e+00 3.100000000000000000e+02 3.129999999999999893e+00 0.000000000000000000e+00 2.213131774463109325e-01 3.251588068095704886e-01 2.710047517534154571e-03 0.000000000000000000e+00 0.000000000000000000e+00 7.820000000000000000e+02 0.000000000000000000e+00 0.000000000000000000e+00 1.000000000000000000e+00
1.000000000000000000e+00 3.100000000000000000e+02 3.139999999999999680e+00 0.000000000000000000e+00 2.346388527295394377e-01 3.142468836483700012e-01 2.241970926588530977e-03 0.000000000000000000e+00 0.000000000000000000e+00 7.820000000000000000e+02 0.000000000000000000e+00 0.000000000000000000e+00 1.000000000000000000e+00
1.000000000000000000e+00 3.100000000000000000e+02 3.149999999999999911e+00 0.000000000000000000e+00 2.480809428439549325e-01 3.026819296267649340e-01 1.817323216450011589e-03 0.000000000000000000e+00 0.000000000000000000e+00 7.820000000000000000e+02 0.000000000000000000e+00 0.000000000000000000e+00 1.000000000000000000e+00
1.000000000000000000e+00 3.100000000000000000e+02 3.159999999999999698e+00 0.000000000000000000e+00 2.616456563246754019e-01 2.904425761292043773e-01 1.438168554680921071e-03 0.000000000000000000e+00 0.000000000000000000e+00 7.820000000000000000e+02 0.000000000000000000e+00 0.000000000000000000e+00 1.000000000000000000e+00
1.000000000000000000e+00 3.100000000000000000e+02 3.169999999999999929e+00 0.000000000000000000e+00 2.753392583432099361e-01 2.775062084493103987e-01 1.106057761298196926e-03 0.000000000000000000e+00 0.000000000000000000e+00 7.820000000000000000e+02 0.000000000000000000e+00 0.000000000000000000e+00 1.000000000000000000e+00
1.000000000000000000e+00 3.100000000000000000e+02 3.179999999999999716e+00 0.000000000000000000e+00 2.891680736011716379e-01 2.638489240045864825e-01 8.218527995602978309e-04 0.000000000000000000e+00 0.000000000000000000e+00 7.820000000000000000e+02 0.000000000000000000e+00 0.000000000000000000e+00 1.000000000000000000e+00
1.000000000000000000e+00 3.100000000000000000e+02 3.189999999999999947e+00 0.000000000000000000e+00 3.031384892514836782e-01 2.494454881715124916e-01 5.855253223131656748e-04 0.000000000000000000e+00 0.000000000000000000e+00 7.820000000000000000e+02 0.000000000000000000e+00 0.000000000000000000e+00 1.000000000000000000e+00
1.000000000000000000e+00 3.100000000000000000e+02 3.199999999999999734e+00 0.000000000000000000e+00 3.172569578484321084e-01 2.342692876594220097e-01 3.959392642936708159e-04 0.000000000000000000e+00 0.000000000000000000e+00 7.820000000000000000e+02 0.000000000000000000e+00 0.000000000000000000e+00 1.000000000000000000e+00
1.000000000000000000e+00 3.100000000000000000e+02 3.209999999999999964e+00 0.000000000000000000e+00 3.315300003279242347e-01 2.182922813370096193e-01 2.506397443579333473e-04 0.000000000000000000e+00 0.000000000000000000e+00 7.820000000000000000e+02 0.000000000000000000e+00 0.000000000000000000e+00 1.000000000000000000e+00
1.000000000000000000e+00 3.100000000000000000e+02 3.219999999999999751e+00 0.000000000000000000e+00 3.459642090193313924e-01 2.014849484206118757e-01 1.456898137608460958e-04 0.000000000000000000e+00 0.000000000000000000e+00 7.820000000000000000e+02 0.000000000000000000e+00 0.000000000000000000e+00 1.000000000000000000e+00
1.000000000000000000e+00 3.100000000000000000e+02 3.229999999999999982e+00 0.000000000000000000e+00 3.605662506903066222e-01 1.838162339285273617e-01 7.562357512564982665e-05 0.000000000000000000e+00 0.000000000000000000e+00 7.820000000000000000e+02 0.000000000000000000e+00 0.000000000000000000e+00 1.000000000000000000e+00
1.000000000000000000e+00 3.100000000000000000e+02 3.239999999999999769e+00 0.000000000000000000e+00 3.753428696259825670e-01 1.652534913005929140e-01 3.361466863202155608e-05 0.000000000000000000e+00 0.000000000000000000e+00 7.820000000000000000e+02 0.000000000000000000e+00 0.000000000000000000e+00 1.000000000000000000e+00
1.000000000000000000e+00 3.100000000000000000e+02 3.250000000000000000e+00 0.000000000000000000e+00 3.903008907439730057e-01 1.457624220769930257e-01 1.197541406456776865e-05 0.000000000000000000e+00 0.000000000000000000e+00 7.820000000000000000e+02 0.000000000000000000e+00 0.000000000000000000e+00 1.000000000000000000e+00
1.000000000000000000e+00 3.100000000000000000e+02 3.259999999999999787e+00 0.000000000000000000e+00 4.054472227466164869e-01 1.253070125248475775e-01 3.058990388120882747e-06 0.000000000000000000e+00 0.000000000000000000e+00 7.820000000000000000e+02 0.000000000000000000e+00 0.000000000000000000e+00 1.000000000000000000e+00
1.000000000000000000e+00 3.100000000000000000e+02 3.270000000000000018e+00 0.000000000000000000e+00 4.207888613119176169e-01 1.038494670954816512e-01 4.570610656404957585e-07 0.000000000000000000e+00 0.000000000000000000e+00 7.820000000000000000e+02 0.000000000000000000e+00 0.000000000000000000e+00 1.000000000000000000e+00
1.000000000000000000e+00 3.100000000000000000e+02 3.279999999999999805e+00 0.000000000000000000e+00 4.363328923246598268e-01 8.135013858942707898e-02 2.630082526179881801e-08 0.000000000000000000e+00 0.000000000000000000e+00 7.820000000000000000e+02 0.000000000000000000e+00 0.000000000000000000e+00 1.000000000000000000e+00
1.000000000000000000e+00 3.100000000000000000e+02 3.290000000000000036e+00 0.000000000000000000e+00 4.520864951491830874e-01 5.776745490012024503e-02 2.099820558411739094e-10 0.000000000000000000e+00 0.000000000000000000e+00 7.820000000000000000e+02 0.000000000000000000e+00 0.000000000000000000e+00 1.000000000000000000e+00
1.000000000000000000e+00 3.100000000000000000e+02 3.299999999999999822e+00 0.000000000000000000e+00 4.680569459453358672e-01 3.305784220094136472e-02 8.127692821551173116e-15 0.000000000000000000e+00 0.000000000000000000e+00 7.820000000000000000e+02 0.000000000000000000e+00 0.000000000000000000e+00 1.000000000000000000e+00
1.000000000000000000e+00 3.100000000000000000e+02 3.310000000000000053e+00 0.000000000000000000e+00 4.842516210291356593e-01 7.175644433666409326e-03 5.937694349035910722e-31 1.000000000000000000e+00 1.000000000000000000e+00 7.820000000000000000e+02 0.000000000000000000e+00 0.000000000000000000e+00 1.000000000000000000e+00
1.000000000000000000e+00 3.100000000000000000e+02 3.319999999999999840e+00 0.000000000000000000e+00 4.717807774903634010e-01 3.274799415874731640e-02 5.898891631997046736e-15 0.000000000000000000e+00 0.000000000000000000e+00 7.820000000000000000e+02 0.000000000000000000e+00 0.000000000000000000e+00 1.000000000000000000e+00
1.000000000000000000e+00 3.100000000000000000e+02 3.330000000000000071e+00 0.000000000000000000e+00 4.595358781755521371e-01 5.726736222096388829e-02 1.554421913717806818e-10 0.000000000000000000e+00 0.000000000000000000e+00 7.820000000000000000e+02 0.000000000000000000e+00 0.000000000000000000e+00 1.000000000000000000e+00
1.000000000000000000e+00 3.100000000000000000e+02 3.339999999999999858e+00 0.000000000000000000e+00 4.475112674993896866e-01 8.077905316270185543e-02 1.993376080175943455e-08 0.000000000000000000e+00 0.000000000000000000e+00 7.820000000000000000e+02 0.000000000000000000e+00 0.000000000000000000e+00 1.000000000000000000e+00
1.000000000000000000e+00 3.100000000000000000e+02 3.349999999999999645e+00 0.000000000000000000e+00 4.357013916218833716e-01 1.033265096369744424e-01 3.525063005330700174e-07 0.000000000000000000e+00 0.000000000000000000e+00 7.820000000000000000e+02 0.000000000000000000e+00 0.000000000000000000e+00 1.000000000000000000e+00
1.000000000000000000e+00 3.100000000000000000e+02 3.359999999999999876e+00 0.000000000000000000e+00 4.241007958831921609e-01 1.249513926766000899e-01 2.389382520587288237e-06 1.000000000000000000e+00 0.000000000000000000e+00 7.820000000000000000e+02 0.000000000000000000e+00 0.000000000000000000e+00 1.000000000000000000e+00
1.000000000000000000e+00 3.100000000000000000e+02 3.369999999999999662e+00 0.000000000000000000e+00 4.248571876310681672e-01 1.455402684101746169e-01 8.239610563829855277e-06 0.000000000000000000e+00 0.000000000000000000e+00 7.820000000000000000e+02 0.000000000000000000e+00 0.000000000000000000e+00 1.000000000000000000e+00
1.000000000000000000e+00 3.100000000000000000e+02 3.379999999999999893e+00 0.000000000000000000e+00 4.258178508754476566e-01 1.651838251960974502e-01 2.085186502060609607e-05 0.000000000000000000e+00 0.000000000000000000e+00 7.820000000000000000e+02 0.000000000000000000e+00 0.000000000000000000e+00 1.000000000000000000e+00
1.000000000000000000e+00 3.100000000000000000e+02 3.389999999999999680e+00 0.000000000000000000e+00 4.269832293205043094e-01 1.839183585191772607e-01 4.295208430349221115e-05 0.000000000000000000e+00 0.000000000000000000e+00 7.820000000000000000e+02 0.000000000000000000e+00 0.000000000000000000e+00 1.000000000000000000e+00
1.000000000000000000e+00 3.100000000000000000e+02 3.399999999999999911e+00 0.000000000000000000e+00 4.283538612227848486e-01 2.017784842576394733e-01 7.658241807931591080e-05 0.000000000000000000e+00 0.000000000000000000e+00 7.820000000000000000e+02 0.000000000000000000e+00 0.000000000000000000e+00 1.000000000000000000e+00
1.000000000000000000e+00 3.100000000000000000e+02 3.409999999999999698e+00 0.000000000000000000e+00 4.299303796398141198e-01 2.187972026430350103e-01 1.228761394247099032e-04 0.000000000000000000e+00 0.000000000000000000e+00 7.820000000000000000e+02 0.000000000000000000e+00 0.000000000000000000e+00 1.000000000000000000e+00
1.000000000000000000e+00 3.100000000000000000e+02 3.419999999999999929e+00 0.000000000000000000e+00 4.317135127224878688e-01 2.350059592349102167e-01 1.820629394232670204e-04 0.000000000000000000e+00 0.000000000000000000e+00 7.820000000000000000e+02 0.000000000000000000e+00 0.000000000000000000e+00 1.000000000000000000e+00
1.000000000000000000e+00 3.100000000000000000e+02 3.429999999999999716e+00 0.000000000000000000e+00 4.337040840513853857e-01 2.504347030229036042e-01 2.536005027448094175e-04 0.000000000000000000e+00 0.000000000000000000e+00 7.820000000000000000e+02 0.000000000000000000e+00 0.000000000000000000e+00 1.000000000000000000e+00
1.000000000000000000e+00 3.100000000000000000e+02 3.439999999999999947e+00 0.000000000000000000e+00 4.359030130171592243e-01 2.651119417636231268e-01 3.363534835620330364e-04 0.000000000000000000e+00 0.000000000000000000e+00 7.820000000000000000e+02 0.000000000000000000e+00 0.000000000000000000e+00 1.000000000000000000e+00
1.000000000000000000e+00 3.100000000000000000e+02 3.449999999999999734e+00 0.000000000000000000e+00 4.383113152451763028e-01 2.790647946545519176e-01 4.287732875865885723e-04 0.000000000000000000e+00 0.000000000000000000e+00 7.820000000000000000e+02 0.000000000000000000e+00 0.000000000000000000e+00 1.000000000000000000e+00
1.000000000000000000e+00 3.100000000000000000e+02 3.459999999999999964e+00 0.000000000000000000e+00 4.409301030646081143e-01 2.923190424423059430e-01 5.290561613806891647e-04 0.000000000000000000e+00 0.000000000000000000e+00 7.820000000000000000e+02 0.000000000000000000e+00 0.000000000000000000e+00 1.000000000000000000e+00
1.000000000000000000e+00 3.100000000000000000e+02 3.469999999999999751e+00 0.000000000000000000e+00 4.437605860221844334e-01 3.048991750578313731e-01 6.352717431093290318e-04 0.000000000000000000e+00 0.000000000000000000e+00 7.820000000000000000e+02 0.000000000000000000e+00 0.000000000000000000e+00 1.000000000000000000e+00
1.000000000000000000e+00 3.100000000000000000e+02 3.479999999999999982e+00 0.000000000000000000e+00 4.468040714408511027e-01 3.168284368665562623e-01 7.454619775143431215e-04 0.000000000000000000e+00 0.000000000000000000e+00 7.820000000000000000e+02 0.000000000000000000e+00 0.000000000000000000e+00 1.000000000000000000e+00
1.000000000000000000e+00 3.100000000000000000e+02 3.489999999999999769e+00 0.000000000000000000e+00 4.500619650235859748e-01 3.281288696171041352e-01 8.577137999956812101e-04 0.000000000000000000e+00 0.000000000000000000e+00 7.820000000000000000e+02 0.000000000000000000e+00 0.000000000000000000e+00 1.000000000000000000e+00
1.000000000000000000e+00 3.100000000000000000e+02 3.500000000000000000e+00 0.000000000000000000e+00 4.535357715026551162e-01 3.388213531679294399e-01 9.702101521495143377e-04 0.000000000000000000e+00 0.000000000000000000e+00 7.820000000000000000e+02 0.000000000000000000e+00 0.000000000000000000e+00 1.000000000000000000e+00
1.000000000000000000e+00 3.100000000000000000e+02 3.509999999999999787e+00 0.000000000000000000e+00 4.572270953346077027e-01 3.489256440671210657e-01 1.081263877195481893e-03 0.000000000000000000e+00 0.000000000000000000e+00 7.820000000000000000e+02 0.000000000000000000e+00 0.000000000000000000e+00 1.000000000000000000e+00
1.000000000000000000e+00 3.100000000000000000e+02 3.520000000000000018e+00 0.000000000000000000e+00 4.611376414413305702e-01 3.584604120566626806e-01 1.189338521216056280e-03 0.000000000000000000e+00 0.000000000000000000e+00 7.820000000000000000e+02 0.000000000000000000e+00 0.000000000000000000e+00 1.000000000000000000e+00
1.000000000000000000e+00 3.100000000000000000e+02 3.529999999999999805e+00 0.000000000000000000e+00 4.652692159975057029e-01 3.674432745685950463e-01 1.293059383301143478e-03 0.000000000000000000e+00 0.000000000000000000e+00 7.820000000000000000e+02 0.000000000000000000e+00 0.000000000000000000e+00 1.000000000000000000e+00
1.000000000000000000e+00 3.100000000000000000e+02 3.540000000000000036e+00 0.000000000000000000e+00 4.696237272648324801e-01 3.758908292768215476e-01 1.391217482866850819e-03 0.000000000000000000e+00 0.000000000000000000e+00 7.820000000000000000e+02 0.000000000000000000e+00 0.000000000000000000e+00 1.000000000000000000e+00
1.000000000000000000e+00 3.100000000000000000e+02 3.549999999999999822e+00 0.000000000000000000e+00 4.742031864734019275e-01 3.838186847647029332e-01 1.482768516613042903e-03 0.000000000000000000e+00 0.000000000000000000e+00 7.820000000000000000e+02 0.000000000000000000e+00 0.000000000000000000e+00 1.000000000000000000e+00
1.000000000000000000e+00 3.100000000000000000e+02 3.560000000000000053e+00 0.000000000000000000e+00 4.790097087506293150e-01 3.912414893651019465e-01 1.566828382106465536e-03 0.000000000000000000e+00 0.000000000000000000e+00 7.820000000000000000e+02 0.000000000000000000e+00 0.000000000000000000e+00 1.000000000000000000e+00
1.000000000000000000e+00 3.100000000000000000e+02 3.569999999999999840e+00 0.000000000000000000e+00 4.840455140981735349e-01 3.981729582261739897e-01 1.642666447620479836e-03 0.000000000000000000e+00 0.000000000000000000e+00 7.820000000000000000e+02 0.000000000000000000e+00 0.000000000000000000e+00 1.000000000000000000e+00
1.000000000000000000e+00 3.100000000000000000e+02 3.580000000000000071e+00 0.000000000000000000e+00 4.893129284172955673e-01 4.046258986529037149e-01 1.709697436732987921e-03 0.000000000000000000e+00 0.000000000000000000e+00 7.820000000000000000e+02 0.000000000000000000e+00 0.000000000000000000e+00 1.000000000000000000e+00
1.000000000000000000e+00 3.100000000000000000e+02 3.589999999999999858e+00 0.000000000000000000e+00 4.948143845831289855e-01 4.106122337712193038e-01 1.767472556638177358e-03 0.000000000000000000e+00 0.000000000000000000e+00 7.820000000000000000e+02 0.000000000000000000e+00 0.000000000000000000e+00 1.000000000000000000e+00
1.000000000000000000e+00 3.100000000000000000e+02 3.599999999999999645e+00 0.000000000000000000e+00 5.005524235683584955e-01 4.161430245584022969e-01 1.815670316991934569e-03 0.000000000000000000e+00 0.000000000000000000e+00 7.820000000000000000e+02 0.000000000000000000e+00 0.000000000000000000e+00 1.000000000000000000e+00
1.000000000000000000e+00 3.100000000000000000e+02 3.609999999999999876e+00 0.000000000000000000e+00 5.065296956168260367e-01 4.212284902805042974e-01 1.854087348998103776e-03 0.000000000000000000e+00 0.000000000000000000e+00 7.820000000000000000e+02 0.000000000000000000e+00 0.000000000000000000e+00 1.000000000000000000e+00
1.000000000000000000e+00 3.100000000000000000e+02 3.619999999999999662e+00 0.000000000000000000e+00 5.127489614676061791e-01 4.258780273745287892e-01 1.882629432085588042e-03 0.000000000000000000e+00 0.000000000000000000e+00 7.820000000000000000e+02 0.000000000000000000e+00 0.000000000000000000e+00 1.000000000000000000e+00
1.000000000000000000e+00 3.100000000000000000e+02 3.629999999999999893e+00 0.000000000000000000e+00 5.192130936301163624e-01 4.301002268102682713e-01 1.901302859696325093e-03 0.000000000000000000e+00 0.000000000000000000e+00 7.820000000000000000e+02 0.000000000000000000e+00 0.000000000000000000e+00 1.000000000000000000e+00
1.000000000000000000e+00 3.100000000000000000e+02 3.639999999999999680e+00 0.000000000000000000e+00 5.259250777108507302e-01 4.339028899638758818e-01 1.910206219938641314e-03 0.000000000000000000e+00 0.000000000000000000e+00 7.820000000000000000e+02 0.000000000000000000e+00 0.000000000000000000e+00 1.000000000000000000e+00
1.000000000000000000e+00 3.100000000000000000e+02 3.649999999999999911e+00 0.000000000000000000e+00 5.328880137923498461e-01 4.372930430325024931e-01 1.909522626160987946e-03 0.000000000000000000e+00 0.000000000000000000e+00 7.820000000000000000e+02 0.000000000000000000e+00 0.000000000000000000e+00 1.000000000000000000e+00
1.000000000000000000e+00 3.100000000000000000e+02 3.659999999999999698e+00 0.000000000000000000e+00 5.401051178650455586e-01 4.402769500166317518e-01 1.899512403037772329e-03 0.000000000000000000e+00 0.000000000000000000e+00 7.820000000000000000e+02 0.000000000000000000e+00 0.000000000000000000e+00 1.000000000000000000e+00
1.000000000000000000e+00 3.100000000000000000e+02 3.669999999999999929e+00 0.000000000000000000e+00 5.475797233126381558e-01 4.428601242940997107e-01 1.880506212624082074e-03 0.000000000000000000e+00 0.000000000000000000e+00 7.820000000000000000e+02 0.000000000000000000e+00 0.000000000000000000e+00 1.000000000000000000e+00
1.000000000000000000e+00 3.100000000000000000e+02 3.679999999999999716e+00 0.000000000000000000e+00 5.553152824516958130e-01 4.450473388071882197e-01 1.852898589833269424e-03 0.000000000000000000e+00 0.000000000000000000e+00 7.820000000000000000e+02 0.000000000000000000e+00 0.000000000000000000e+00 1.000000000000000000e+00
1.000000000000000000e+00 3.100000000000000000e+02 3.689999999999999947e+00 0.000000000000000000e+00 5.633153681261857670e-01 4.468426348816102456e-01 1.817141846273424149e-03 0.000000000000000000e+00 0.000000000000000000e+00 7.820000000000000000e+02 0.000000000000000000e+00 0.000000000000000000e+00 1.000000000000000000e+00
1.000000000000000000e+00 3.100000000000000000e+02 3.699999999999999734e+00 0.000000000000000000e+00 5.715836753576735152e-01 4.482493296936844729e-01 1.773740294121084471e-03 0.000000000000000000e+00 0.000000000000000000e+00 7.820000000000000000e+02 0.000000000000000000e+00 0.000000000000000000e+00 1.000000000000000000e+00
1.000000000000000000e+00 3.100000000000000000e+02 3.709999999999999964e+00 0.000000000000000000e+00 5.801240230519526531e-01 4.492700223994982034e-01 1.723244736807637983e-03 0.000000000000000000e+00 0.000000000000000000e+00 7.820000000000000000e+02 0.000000000000000000e+00 0.000000000000000000e+00 1.000000000000000000e+00
1.000000000000000000e+00 3.100000000000000000e+02 3.719999999999999751e+00 0.000000000000000000e+00 5.889403557628930530e-01 4.499065989373769447e-01 1.666247170091840826e-03 0.000000000000000000e+00 0.000000000000000000e+00 7.820000000000000000e+02 0.000000000000000000e+00 0.000000000000000000e+00 1.000000000000000000e+00
1.000000000000000000e+00 3.100000000000000000e+02 3.729999999999999982e+00 0.000000000000000000e+00 5.980367455143228428e-01 4.501602355125421395e-01 1.603375635125988893e-03 0.000000000000000000e+00 0.000000000000000000e+00 7.820000000000000000e+02 0.000000000000000000e+00 0.000000000000000000e+00 1.000000000000000000e+00
1.000000000000000000e+00 3.100000000000000000e+02 3.739999999999999769e+00 0.000000000000000000e+00 6.074173936807860663e-01 4.500314007703905550e-01 1.535289164083514582e-03 0.000000000000000000e+00 0.000000000000000000e+00 7.820000000000000000e+02 0.000000000000000000e+00 0.000000000000000000e+00 1.000000000000000000e+00
1.000000000000000000e+00 3.100000000000000000e+02 3.750000000000000000e+00 0.000000000000000000e+00 6.170866329280415563e-01 4.495198566624120096e-01 1.462672758613831406e-03 0.000000000000000000e+00 0.000000000000000000e+00 7.820000000000000000e+02 0.000000000000000000e+00 0.000000000000000000e+00 1.000000000000000000e+00
1.000000000000000000e+00 3.100000000000000000e+02 3.759999999999999787e+00 0.000000000000000000e+00 6.270489292142048532e-01 4.486246580063465439e-01 1.386232341742014290e-03 0.000000000000000000e+00 0.000000000000000000e+00 7.820000000000000000e+02 0.000000000000000000e+00 0.000000000000000000e+00 1.000000000000000000e+00
1.000000000000000000e+00 3.100000000000000000e+02 3.770000000000000018e+00 0.000000000000000000e+00 6.373088838524511024e-01 4.473441507397660222e-01 1.306689624844599440e-03 0.000000000000000000e+00 0.000000000000000000e+00 7.820000000000000000e+02 0.000000000000000000e+00 0.000000000000000000e+00 1.000000000000000000e+00
1.000000000000000000e+00 3.100000000000000000e+02 3.779999999999999805e+00 0.000000000000000000e+00 6.478712356362373859e-01 4.456759688638582406e-01 1.224776833102679194e-03 0.000000000000000000e+00 0.000000000000000000e+00 7.820000000000000000e+02 0.000000000000000000e+00 0.000000000000000000e+00 1.000000000000000000e+00
1.000000000000000000e+00 3.100000000000000000e+02 3.790000000000000036e+00 0.000000000000000000e+00 6.587408630280214838e-01 4.436170300717573456e-01 1.141231235538371289e-03 0.000000000000000000e+00 0.000000000000000000e+00 7.820000000000000000e+02 0.000000000000000000e+00 0.000000000000000000e+00 1.000000000000000000e+00
1.000000000000000000e+00 3.100000000000000000e+02 3.799999999999999822e+00 0.000000000000000000e+00 6.699227864124913667e-01 4.411635300533551240e-01 1.056789429651042861e-03 0.000000000000000000e+00 0.000000000000000000e+00 7.820000000000000000e+02 0.000000000000000000e+00 0.000000000000000000e+00 1.000000000000000000e+00
1.000000000000000000e+00 3.100000000000000000e+02 3.810000000000000053e+00 0.000000000000000000e+00 6.814221704153433645e-01 4.383109354660588153e-01 9.721813361475966503e-04 0.000000000000000000e+00 0.000000000000000000e+00 7.820000000000000000e+02 0.000000000000000000e+00 0.000000000000000000e+00 1.000000000000000000e+00
1.000000000000000000e+00 3.100000000000000000e+02 3.819999999999999840e+00 0.000000000000000000e+00 6.932443262886829327e-01 4.350539755585158819e-01 8.881238667793568339e-04 0.000000000000000000e+00 0.000000000000000000e+00 7.820000000000000000e+02 0.000000000000000000e+00 0.000000000000000000e+00 1.000000000000000000e+00
1.000000000000000000e+00 3.100000000000000000e+02 3.830000000000000071e+00 0.000000000000000000e+00 7.053947143641461359e-01 4.313866324318222367e-01 8.053142384409957971e-04 0.000000000000000000e+00 0.000000000000000000e+00 7.820000000000000000e+02 0.000000000000000000e+00 0.000000000000000000e+00 1.000000000000000000e+00
1.000000000000000000e+00 3.100000000000000000e+02 3.839999999999999858e+00 0.000000000000000000e+00 7.178789465748794951e-01 4.273021299202259815e-01 7.244229201675113708e-04 0.000000000000000000e+00 0.000000000000000000e+00 7.820000000000000000e+02 0.000000000000000000e+00 0.000000000000000000e+00 1.000000000000000000e+00
1.000000000000000000e+00 3.100000000000000000e+02 3.849999999999999645e+00 0.000000000000000000e+00 7.307027890475371601e-01 4.227929210707759289e-01 6.460862173291942803e-04 0.000000000000000000e+00 0.000000000000000000e+00 7.820000000000000000e+02 0.000000000000000000e+00 0.000000000000000000e+00 1.000000000000000000e+00
1.000000000000000000e+00 3.100000000000000000e+02 3.859999999999999876e+00 0.000000000000000000e+00 7.438721647654989999e-01 4.178506741987835782e-01 5.708985201451632907e-04 0.000000000000000000e+00 0.000000000000000000e+00 7.820000000000000000e+02 0.000000000000000000e+00 0.000000000000000000e+00 1.000000000000000000e+00
1.000000000000000000e+00 3.100000000000000000e+02 3.869999999999999662e+00 0.000000000000000000e+00 7.573931563045352977e-01 4.124662574933343206e-01 4.994042727030825052e-04 0.000000000000000000e+00 0.000000000000000000e+00 7.820000000000000000e+02 0.000000000000000000e+00 0.000000000000000000e+00 1.000000000000000000e+00
1.000000000000000000e+00 3.100000000000000000e+02 3.879999999999999893e+00 0.000000000000000000e+00 7.712720086421820387e-01 4.066297221444003518e-01 4.320897551409489876e-04 0.000000000000000000e+00 0.000000000000000000e+00 7.820000000000000000e+02 0.000000000000000000e+00 0.000000000000000000e+00 1.000000000000000000e+00
1.000000000000000000e+00 3.100000000000000000e+02 3.889999999999999680e+00 0.000000000000000000e+00 7.855151320421261962e-01 4.003302839603815610e-01 3.693748166552690212e-04 0.000000000000000000e+00 0.000000000000000000e+00 7.820000000000000000e+02 0.000000000000000000e+00 0.000000000000000000e+00 1.000000000000000000e+00
1.000000000000000000e+00 3.100000000000000000e+02 3.899999999999999911e+00 0.000000000000000000e+00 8.001291050149317297e-01 3.935563034421076800e-01 3.116047515163682807e-04 0.000000000000000000e+00 0.000000000000000000e+00 7.820000000000000000e+02 0.000000000000000000e+00 0.000000000000000000e+00 1.000000000000000000e+00
1.000000000000000000e+00 3.100000000000000000e+02 3.909999999999999698e+00 0.000000000000000000e+00 8.151206773564745323e-01 3.862952642764857503e-01 2.590425748444555830e-04 0.000000000000000000e+00 0.000000000000000000e+00 7.820000000000000000e+02 0.000000000000000000e+00 0.000000000000000000e+00 1.000000000000000000e+00
1.000000000000000000e+00 3.100000000000000000e+02 3.919999999999999929e+00 0.000000000000000000e+00 8.304967732654887635e-01 3.785337502100539764e-01 2.118620292706849956e-04 0.000000000000000000e+00 0.000000000000000000e+00 7.820000000000000000e+02 0.000000000000000000e+00 0.000000000000000000e+00 1.000000000000000000e+00
1.000000000000000000e+00 3.100000000000000000e+02 3.929999999999999716e+00 0.000000000000000000e+00 8.462644945416663012e-01 3.702574202597121444e-01 1.701417361245364992e-04 0.000000000000000000e+00 0.000000000000000000e+00 7.820000000000000000e+02 0.000000000000000000e+00 0.000000000000000000e+00 1.000000000000000000e+00
1.000000000000000000e+00 3.100000000000000000e+02 3.939999999999999947e+00 0.000000000000000000e+00 8.624311238657834666e-01 3.614509822148260776e-01 1.338609915760753406e-04 0.000000000000000000e+00 0.000000000000000000e+00 7.820000000000000000e+02 0.000000000000000000e+00 0.000000000000000000e+00 1.000000000000000000e+00
1.000000000000000000e+00 3.100000000000000000e+02 3.949999999999999734e+00 0.000000000000000000e+00 8.790041281633743653e-01 3.520981643817426843e-01 1.028977919671821700e-04 0.000000000000000000e+00 0.000000000000000000e+00 7.820000000000000000e+02 0.000000000000000000e+00 0.000000000000000000e+00 1.000000000000000000e+00
1.000000000000000000e+00 3.100000000000000000e+02 3.959999999999999964e+00 0.000000000000000000e+00 8.959911620534982690e-01 3.421816855185119688e-01 7.702974128290880542e-05 0.000000000000000000e+00 0.000000000000000000e+00 7.820000000000000000e+02 0.000000000000000000e+00 0.000000000000000000e+00 1.000000000000000000e+00
1.000000000000000000e+00 3.100000000000000000e+02 3.969999999999999751e+00 0.000000000000000000e+00 9.134000713842015395e-01 3.316832229042614433e-01 5.593852863099927752e-05 0.000000000000000000e+00 0.000000000000000000e+00 7.820000000000000000e+02 0.000000000000000000e+00 0.000000000000000000e+00 1.000000000000000000e+00
1.000000000000000000e+00 3.100000000000000000e+02 3.979999999999999982e+00 0.000000000000000000e+00 9.312388968562999025e-01 3.205833784842253009e-01 3.921863765455246755e-05 0.000000000000000000e+00 0.000000000000000000e+00 7.820000000000000000e+02 0.000000000000000000e+00 0.000000000000000000e+00 1.000000000000000000e+00
1.000000000000000000e+00 3.100000000000000000e+02 3.989999999999999769e+00 0.000000000000000000e+00 9.495158777371589531e-01 3.088616430278750546e-01 2.639082650955951962e-05 0.000000000000000000e+00 0.000000000000000000e+00 7.820000000000000000e+02 0.000000000000000000e+00 0.000000000000000000e+00 1.000000000000000000e+00
1.000000000000000000e+00 3.100000000000000000e+02 4.000000000000000000e+00 0.000000000000000000e+00 9.682394556661879648e-01 2.964963582339254500e-01 1.692065141556192091e-05 0.000000000000000000e+00 0.000000000000000000e+00 7.820000000000000000e+02 0.000000000000000000e+00 0.000000000000000000e+00 1.000000000000000000e+00
1.000000000000000000e+00 3.100000000000000000e+02 4.009999999999999787e+00 0.000000000000000000e+00 9.874182785538027085e-01 2.834646767121972166e-01 1.024185075375314328e-05 0.000000000000000000e+00 0.000000000000000000e+00 7.820000000000000000e+02 0.000000000000000000e+00 0.000000000000000000e+00 1.000000000000000000e+00
1.000000000000000000e+00 3.100000000000000000e+02 4.019999999999999574e+00 0.000000000000000000e+00 1.007061204575659730e+00 2.697425197683966380e-01 5.783722770319596126e-06 0.000000000000000000e+00 0.000000000000000000e+00 7.820000000000000000e+02 0.000000000000000000e+00 0.000000000000000000e+00 1.000000000000000000e+00
1.000000000000000000e+00 3.100000000000000000e+02 4.030000000000000249e+00 0.000000000000000000e+00 1.027177306264005052e+00 2.553045329138061703e-01 3.000718409885269806e-06 0.000000000000000000e+00 0.000000000000000000e+00 7.820000000000000000e+02 0.000000000000000000e+00 0.000000000000000000e+00 1.000000000000000000e+00
1.000000000000000000e+00 3.100000000000000000e+02 4.040000000000000036e+00 0.000000000000000000e+00 1.047775874698032128e+00 2.401240390176875572e-01 1.401414642360884532e-06 0.000000000000000000e+00 0.000000000000000000e+00 7.820000000000000000e+02 0.000000000000000000e+00 0.000000000000000000e+00 1.000000000000000000e+00
1.000000000000000000e+00 3.100000000000000000e+02 4.049999999999999822e+00 0.000000000000000000e+00 1.068866423795175713e+00 2.241729890158312422e-01 5.730590397306843220e-07 0.000000000000000000e+00 0.000000000000000000e+00 7.820000000000000000e+02 0.000000000000000000e+00 0.000000000000000000e+00 1.000000000000000000e+00
1.000000000000000000e+00 3.100000000000000000e+02 4.059999999999999609e+00 0.000000000000000000e+00 1.090458694705332965e+00 2.074219100841795671e-01 1.974057273420244164e-07 0.000000000000000000e+00 0.000000000000000000e+00 7.820000000000000000e+02 0.000000000000000000e+00 0.000000000000000000e+00 1.000000000000000000e+00
1.000000000000000000e+00 3.100000000000000000e+02 4.070000000000000284e+00 0.000000000000000000e+00 1.112562660310033369e+00 1.898398511817619982e-01 5.419453560648810769e-08 0.000000000000000000e+00 0.000000000000000000e+00 7.820000000000000000e+02 0.000000000000000000e+00 0.000000000000000000e+00 1.000000000000000000e+00
1.000000000000000000e+00 3.100000000000000000e+02 4.080000000000000071e+00 0.000000000000000000e+00 1.135188529828642823e+00 1.713943258623230048e-01 1.091535501686101747e-08 0.000000000000000000e+00 0.000000000000000000e+00 7.820000000000000000e+02 0.000000000000000000e+00 0.000000000000000000e+00 1.000000000000000000e+00
1.000000000000000000e+00 3.100000000000000000e+02 4.089999999999999858e+00 0.000000000000000000e+00 1.158346753533721518e+00 1.520512522489748664e-01 1.417188075655426847e-09 0.000000000000000000e+00 0.000000000000000000e+00 7.820000000000000000e+02 0.000000000000000000e+00 0.000000000000000000e+00 1.000000000000000000e+00
1.000000000000000000e+00 3.100000000000000000e+02 4.099999999999999645e+00 0.000000000000000000e+00 1.182048027577722316e+00 1.317748900609663210e-01 9.572850695310897879e-11 0.000000000000000000e+00 0.000000000000000000e+00 7.820000000000000000e+02 0.000000000000000000e+00 0.000000000000000000e+00 1.000000000000000000e+00
1.000000000000000000e+00 3.100000000000000000e+02 4.109999999999999432e+00 0.000000000000000000e+00 1.206303298933250945e+00 1.105277745762114350e-01 2.292957340644977074e-12 0.000000000000000000e+00 0.000000000000000000e+00 7.820000000000000000e+02 0.000000000000000000e+00 0.000000000000000000e+00 1.000000000000000000e+00
1.000000000000000000e+00 3.100000000000000000e+02 4.120000000000000107e+00 0.000000000000000000e+00 1.231123770449173982e+00 8.827064740756043748e-02 9.097100356513908667e-15 0.000000000000000000e+00 0.000000000000000000e+00 7.820000000000000000e+02 0.000000000000000000e+00 0.000000000000000000e+00 1.000000000000000000e+00
1.000000000000000000e+00 3.100000000000000000e+02 4.129999999999999893e+00 0.000000000000000000e+00 1.256520906024911399e+00 6.496238396490820743e-02 1.027437488901732214e-18 0.000000000000000000e+00 0.000000000000000000e+00 7.820000000000000000e+02 0.000000000000000000e+00 0.000000000000000000e+00 1.000000000000000000e+00
1.000000000000000000e+00 3.100000000000000000e+02 4.139999999999999680e+00 0.000000000000000000e+00 1.282506435905296005e+00 4.055991746911114665e-02 1.781458280419713399e-26 0.000000000000000000e+00 0.000000000000000000e+00 7.820000000000000000e+02 0.000000000000000000e+00 0.000000000000000000e+00 1.000000000000000000e+00
1.000000000000000000e+00 3.100000000000000000e+02 4.149999999999999467e+00 0.000000000000000000e+00 1.309092362098457585e+00 1.501815937731329313e-02 3.716970771701853470e-49 1.000000000000000000e+00 1.000000000000000000e+00 7.820000000000000000e+02 0.000000000000000000e+00 0.000000000000000000e+00 1.000000000000000000e+00
1.000000000000000000e+00 3.100000000000000000e+02 4.160000000000000142e+00 0.000000000000000000e+00 1.287083634459422754e+00 4.059316761213618840e-02 1.497502535169897891e-26 0.000000000000000000e+00 0.000000000000000000e+00 7.820000000000000000e+02 0.000000000000000000e+00 0.000000000000000000e+00 1.000000000000000000e+00
1.000000000000000000e+00 3.100000000000000000e+02 4.169999999999999929e+00 0.000000000000000000e+00 1.265677417216445111e+00 6.505287647887304792e-02 8.077155715580504269e-19 0.000000000000000000e+00 0.000000000000000000e+00 7.820000000000000000e+02 0.000000000000000000e+00 0.000000000000000000e+00 1.000000000000000000e+00
1.000000000000000000e+00 3.100000000000000000e+02 4.179999999999999716e+00 0.000000000000000000e+00 1.244863823421114013e+00 8.844248028735614275e-02 6.886043231436235249e-15 0.000000000000000000e+00 0.000000000000000000e+00 7.820000000000000000e+02 0.000000000000000000e+00 0.000000000000000000e+00 1.000000000000000000e+00
1.000000000000000000e+00 3.100000000000000000e+02 4.189999999999999503e+00 0.000000000000000000e+00 1.224633239841638854e+00 1.108051961096746668e-01 1.691408648136097111e-12 0.000000000000000000e+00 0.000000000000000000e+00 7.820000000000000000e+02 0.000000000000000000e+00 0.000000000000000000e+00 1.000000000000000000e+00
1.000000000000000000e+00 3.100000000000000000e+02 4.200000000000000178e+00 0.000000000000000000e+00 1.204976322522761212e+00 1.321823436325457735e-01 6.923470924405604724e-11 0.000000000000000000e+00 0.000000000000000000e+00 7.820000000000000000e+02 0.000000000000000000e+00 0.000000000000000000e+00 1.000000000000000000e+00
1.000000000000000000e+00 3.100000000000000000e+02 4.209999999999999964e+00 0.000000000000000000e+00 1.185883992470035286e+00 1.526134215038781328e-01 1.008448037102665615e-09 0.000000000000000000e+00 0.000000000000000000e+00 7.820000000000000000e+02 0.000000000000000000e+00 0.000000000000000000e+00 1.000000000000000000e+00
1.000000000000000000e+00 3.100000000000000000e+02 4.219999999999999751e+00 0.000000000000000000e+00 1.167347431456488449e+00 1.721361803145948499e-01 7.658543705967748549e-09 0.000000000000000000e+00 0.000000000000000000e+00 7.820000000000000000e+02 0.000000000000000000e+00 0.000000000000000000e+00 1.000000000000000000e+00
1.000000000000000000e+00 3.100000000000000000e+02 4.229999999999999538e+00 0.000000000000000000e+00 1.149358077949721890e+00 1.907866923505632528e-01 3.754582443185049133e-08 0.000000000000000000e+00 0.000000000000000000e+00 7.820000000000000000e+02 0.000000000000000000e+00 0.000000000000000000e+00 1.000000000000000000e+00
1.000000000000000000e+00 3.100000000000000000e+02 4.240000000000000213e+00 0.000000000000000000e+00 1.131907623157572207e+00 2.085994182435135236e-01 1.351708473748326337e-07 0.000000000000000000e+00 0.000000000000000000e+00 7.820000000000000000e+02 0.000000000000000000e+00 0.000000000000000000e+00 1.000000000000000000e+00
1.000000000000000000e+00 3.100000000000000000e+02 4.250000000000000000e+00 0.000000000000000000e+00 1.114988007190507613e+00 2.256072706440969411e-01 3.880904038594747585e-07 0.000000000000000000e+00 0.000000000000000000e+00 7.820000000000000000e+02 0.000000000000000000e+00 0.000000000000000000e+00 1.000000000000000000e+00
1.000000000000000000e+00 3.100000000000000000e+02 4.259999999999999787e+00 0.000000000000000000e+00 1.098591415338983746e+00 2.418416750347327504e-01 9.391142890349474053e-07 0.000000000000000000e+00 0.000000000000000000e+00 7.820000000000000000e+02 0.000000000000000000e+00 0.000000000000000000e+00 1.000000000000000000e+00
1.000000000000000000e+00 3.100000000000000000e+02 4.269999999999999574e+00 0.000000000000000000e+00 1.082710274464041555e+00 2.573326277946081375e-01 1.990415225303142181e-06 0.000000000000000000e+00 0.000000000000000000e+00 7.820000000000000000e+02 0.000000000000000000e+00 0.000000000000000000e+00 1.000000000000000000e+00
1.000000000000000000e+00 3.100000000000000000e+02 4.280000000000000249e+00 0.000000000000000000e+00 1.067337249499482832e+00 2.721087516241175175e-01 3.798374407122906112e-06 0.000000000000000000e+00 0.000000000000000000e+00 7.820000000000000000e+02 0.000000000000000000e+00 0.000000000000000000e+00 1.000000000000000000e+00
1.000000000000000000e+00 3.100000000000000000e+02 4.290000000000000036e+00 0.000000000000000000e+00 1.052465240064001328e+00 2.861973484311498006e-01 6.660605128976733371e-06 0.000000000000000000e+00 0.000000000000000000e+00 7.820000000000000000e+02 0.000000000000000000e+00 0.000000000000000000e+00 1.000000000000000000e+00
1.000000000000000000e+00 3.100000000000000000e+02 4.299999999999999822e+00 0.000000000000000000e+00 1.038087377181710735e+00 2.996244497769416371e-01 1.089797559440262766e-05 0.000000000000000000e+00 0.000000000000000000e+00 7.820000000000000000e+02 0.000000000000000000e+00 0.000000000000000000e+00 1.000000000000000000e+00
1.000000000000000000e+00 3.100000000000000000e+02 4.309999999999999609e+00 0.000000000000000000e+00 1.024197020109551826e+00 3.124148649747059969e-01 1.683467406820562604e-05 0.000000000000000000e+00 0.000000000000000000e+00 7.820000000000000000e+02 0.000000000000000000e+00 0.000000000000000000e+00 1.000000000000000000e+00
1.000000000000000000e+00 3.100000000000000000e+02 4.320000000000000284e+00 0.000000000000000000e+00 1.010787753270114830e+00 3.245922269299073015e-01 2.477886876290014617e-05 0.000000000000000000e+00 0.000000000000000000e+00 7.820000000000000000e+02 0.000000000000000000e+00 0.000000000000000000e+00 1.000000000000000000e+00
1.000000000000000000e+00 3.100000000000000000e+02 4.330000000000000071e+00 0.000000000000000000e+00 9.978533832884571853e-01 3.361790358068824647e-01 3.500574142919452318e-05 0.000000000000000000e+00 0.000000000000000000e+00 7.820000000000000000e+02 0.000000000000000000e+00 0.000000000000000000e+00 1.000000000000000000e+00
1.000000000000000000e+00 3.100000000000000000e+02 4.339999999999999858e+00 0.000000000000000000e+00 9.853879361315552865e-01 3.471967006024933577e-01 4.774390171495611433e-05 0.000000000000000000e+00 0.000000000000000000e+00 7.820000000000000000e+02 0.000000000000000000e+00 0.000000000000000000e+00 1.000000000000000000e+00
1.000000000000000000e+00 3.100000000000000000e+02 4.349999999999999645e+00 0.000000000000000000e+00 9.733856543490587709e-01 3.576655787036205902e-01 6.316555861171190955e-05 0.000000000000000000e+00 0.000000000000000000e+00 7.820000000000000000e+02 0.000000000000000000e+00 0.000000000000000000e+00 1.000000000000000000e+00
1.000000000000000000e+00 3.100000000000000000e+02 4.360000000000000320e+00 0.000000000000000000e+00 9.618409944140818846e-01 3.676050135015974663e-01 8.138037639141655274e-05 0.000000000000000000e+00 0.000000000000000000e+00 7.820000000000000000e+02 0.000000000000000000e+00 0.000000000000000000e+00 1.000000000000000000e+00
1.000000000000000000e+00 3.100000000000000000e+02 4.370000000000000107e+00 0.000000000000000000e+00 9.507486241628008150e-01 3.770333701330762510e-01 1.024326624734655817e-04 0.000000000000000000e+00 0.000000000000000000e+00 7.820000000000000000e+02 0.000000000000000000e+00 0.000000000000000000e+00 1.000000000000000000e+00
1.000000000000000000e+00 3.100000000000000000e+02 4.379999999999999893e+00 0.000000000000000000e+00 9.401034203316704918e-01 3.859680694133711398e-01 1.263013889691532148e-04 0.000000000000000000e+00 0.000000000000000000e+00 7.820000000000000000e+02 0.000000000000000000e+00 0.000000000000000000e+00 1.000000000000000000e+00
1.000000000000000000e+00 3.100000000000000000e+02 4.389999999999999680e+00 0.000000000000000000e+00 9.299004661911300929e-01 3.944256200249744992e-01 1.529024998347618038e-04 0.000000000000000000e+00 0.000000000000000000e+00 7.820000000000000000e+02 0.000000000000000000e+00 0.000000000000000000e+00 1.000000000000000000e+00
1.000000000000000000e+00 3.100000000000000000e+02 4.399999999999999467e+00 0.000000000000000000e+00 9.201350492746994680e-01 4.024216490207202512e-01 1.820929679935859129e-04 0.000000000000000000e+00 0.000000000000000000e+00 7.820000000000000000e+02 0.000000000000000000e+00 0.000000000000000000e+00 1.000000000000000000e+00
1.000000000000000000e+00 3.100000000000000000e+02 4.410000000000000142e+00 0.000000000000000000e+00 9.108026592024185408e-01 4.099709306979573142e-01 2.136761153908764248e-04 0.000000000000000000e+00 0.000000000000000000e+00 7.820000000000000000e+02 0.000000000000000000e+00 0.000000000000000000e+00 1.000000000000000000e+00
1.000000000000000000e+00 3.100000000000000000e+02 4.419999999999999929e+00 0.000000000000000000e+00 9.018989855976274894e-01 4.170874138970823708e-01 2.474077751555780157e-04 0.000000000000000000e+00 0.000000000000000000e+00 7.820000000000000000e+02 0.000000000000000000e+00 0.000000000000000000e+00 1.000000000000000000e+00
1.000000000000000000e+00 3.100000000000000000e+02 4.429999999999999716e+00 0.000000000000000000e+00 8.934199160961183717e-01 4.237842477748725578e-01 2.830029465605969109e-04 0.000000000000000000e+00 0.000000000000000000e+00 7.820000000000000000e+02 0.000000000000000000e+00 0.000000000000000000e+00 1.000000000000000000e+00
1.000000000000000000e+00 3.100000000000000000e+02 4.439999999999999503e+00 0.000000000000000000e+00 8.853615344467493653e-01 4.300738061002400969e-01 3.201426627587218576e-04 0.000000000000000000e+00 0.000000000000000000e+00 7.820000000000000000e+02 0.000000000000000000e+00 0.000000000000000000e+00 1.000000000000000000e+00
1.000000000000000000e+00 3.100000000000000000e+02 4.450000000000000178e+00 0.000000000000000000e+00 8.777201187026320017e-01 4.359677101172972913e-01 3.584808541570749275e-04 0.000000000000000000e+00 0.000000000000000000e+00 7.820000000000000000e+02 0.000000000000000000e+00 0.000000000000000000e+00 1.000000000000000000e+00
1.000000000000000000e+00 3.100000000000000000e+02 4.459999999999999964e+00 0.000000000000000000e+00 8.704921395020682739e-01 4.414768500179805932e-01 3.976510448699521055e-04 0.000000000000000000e+00 0.000000000000000000e+00 7.820000000000000000e+02 0.000000000000000000e+00 0.000000000000000000e+00 1.000000000000000000e+00
1.000000000000000000e+00 3.100000000000000000e+02 4.469999999999999751e+00 0.000000000000000000e+00 8.636742584384325960e-01 4.466114050639051203e-01 4.372727654743703563e-04 0.000000000000000000e+00 0.000000000000000000e+00 7.820000000000000000e+02 0.000000000000000000e+00 0.000000000000000000e+00 1.000000000000000000e+00
1.000000000000000000e+00 3.100000000000000000e+02 4.479999999999999538e+00 0.000000000000000000e+00 8.572633265182527662e-01 4.513808623946301002e-01 4.769576026410005457e-04 0.000000000000000000e+00 0.000000000000000000e+00 7.820000000000000000e+02 0.000000000000000000e+00 0.000000000000000000e+00 1.000000000000000000e+00
1.000000000000000000e+00 3.100000000000000000e+02 4.490000000000000213e+00 0.000000000000000000e+00 8.512563827067777256e-01 4.557940345570873353e-01 5.163148359248019570e-04 0.000000000000000000e+00 0.000000000000000000e+00 7.820000000000000000e+02 0.000000000000000000e+00 0.000000000000000000e+00 1.000000000000000000e+00
1.000000000000000000e+00 3.100000000000000000e+02 4.500000000000000000e+00 0.000000000000000000e+00 8.456506525603534330e-01 4.598590757885638869e-01 5.549566350671565271e-04 0.000000000000000000e+00 0.000000000000000000e+00 7.820000000000000000e+02 0.000000000000000000e+00 0.000000000000000000e+00 1.000000000000000000e+00
1.000000000000000000e+00 3.100000000000000000e+02 4.509999999999999787e+00 0.000000000000000000e+00 8.404435469449857976e-01 4.635834970833191959e-01 5.925028086076304656e-04 0.000000000000000000e+00 0.000000000000000000e+00 7.820000000000000000e+02 0.000000000000000000e+00 0.000000000000000000e+00 1.000000000000000000e+00
1.000000000000000000e+00 3.100000000000000000e+02 4.519999999999999574e+00 0.000000000000000000e+00 8.356326608404874845e-01 4.669741800706831425e-01 6.285851074024212393e-04 0.000000000000000000e+00 0.000000000000000000e+00 7.820000000000000000e+02 0.000000000000000000e+00 0.000000000000000000e+00 1.000000000000000000e+00
1.000000000000000000e+00 3.100000000000000000e+02 4.530000000000000249e+00 0.000000000000000000e+00 8.312157722296670270e-01 4.700373897302723702e-01 6.628510956697116277e-04 0.000000000000000000e+00 0.000000000000000000e+00 7.820000000000000000e+02 0.000000000000000000e+00 0.000000000000000000e+00 1.000000000000000000e+00
1.000000000000000000e+00 3.100000000000000000e+02 4.540000000000000036e+00 0.000000000000000000e+00 8.271908410720384408e-01 4.727787859678199145e-01 6.949676081858058643e-04 0.000000000000000000e+00 0.000000000000000000e+00 7.820000000000000000e+02 0.000000000000000000e+00 0.000000000000000000e+00 1.000000000000000000e+00
1.000000000000000000e+00 3.100000000000000000e+02 4.549999999999999822e+00 0.000000000000000000e+00 8.235560083615814930e-01 4.752034340730070250e-01 7.246238158774625723e-04 0.000000000000000000e+00 0.000000000000000000e+00 7.820000000000000000e+02 0.000000000000000000e+00 0.000000000000000000e+00 1.000000000000000000e+00
1.000000000000000000e+00 3.100000000000000000e+02 4.559999999999999609e+00 0.000000000000000000e+00 8.203095952681190850e-01 4.773158140786206705e-01 7.515339238219551077e-04 0.000000000000000000e+00 0.000000000000000000e+00 7.820000000000000000e+02 0.000000000000000000e+00 0.000000000000000000e+00 1.000000000000000000e+00
1.000000000000000000e+00 3.100000000000000000e+02 4.570000000000000284e+00 0.000000000000000000e+00 8.174501023619099582e-01 4.791198290383320013e-01 7.754395260031604620e-04 0.000000000000000000e+00 0.000000000000000000e+00 7.820000000000000000e+02 0.000000000000000000e+00 0.000000000000000000e+00 1.000000000000000000e+00
1.000000000000000000e+00 3.100000000000000000e+02 4.580000000000000071e+00 0.000000000000000000e+00 8.149762089211040061e-01 4.806188122383811545e-01 7.961116404214619094e-04 0.000000000000000000e+00 0.000000000000000000e+00 7.820000000000000000e+02 0.000000000000000000e+00 0.000000000000000000e+00 1.000000000000000000e+00
1.000000000000000000e+00 3.100000000000000000e+02 4.589999999999999858e+00 0.000000000000000000e+00 8.128867723217362284e-01 4.818155333565086740e-01 8.133524465845738335e-04 0.000000000000000000e+00 0.000000000000000000e+00 7.820000000000000000e+02 0.000000000000000000e+00 0.000000000000000000e+00 1.000000000000000000e+00
1.000000000000000000e+00 3.100000000000000000e+02 4.599999999999999645e+00 0.000000000000000000e+00 8.111808275099795518e-01 4.827122035794989552e-01 8.269967452242382028e-04 0.000000000000000000e+00 0.000000000000000000e+00 7.820000000000000000e+02 0.000000000000000000e+00 0.000000000000000000e+00 1.000000000000000000e+00
1.000000000000000000e+00 3.100000000000000000e+02 4.610000000000000320e+00 0.000000000000000000e+00 8.098575865564142662e-01 4.833104796888002541e-01 8.369131574485809758e-04 0.000000000000000000e+00 0.000000000000000000e+00 7.820000000000000000e+02 0.000000000000000000e+00 0.000000000000000000e+00 1.000000000000000000e+00
1.000000000000000000e+00 3.100000000000000000e+02 4.620000000000000107e+00 0.000000000000000000e+00 8.089164382921021357e-01 4.836114671217662253e-01 8.430050775710771355e-04 0.000000000000000000e+00 0.000000000000000000e+00 7.820000000000000000e+02 0.000000000000000000e+00 0.000000000000000000e+00 1.000000000000000000e+00
1.000000000000000000e+00 3.100000000000000000e+02 4.629999999999999893e+00 0.000000000000000000e+00 8.083569480263076423e-01 4.836157220141779622e-01 8.452113906429088719e-04 0.000000000000000000e+00 0.000000000000000000e+00 7.820000000000000000e+02 0.000000000000000000e+00 0.000000000000000000e+00 1.000000000000000000e+00
1.000000000000000000e+00 3.100000000000000000e+02 4.639999999999999680e+00 0.000000000000000000e+00 8.081788573457230340e-01 4.833232522278193000e-01 8.435069623206857548e-04 0.000000000000000000e+00 0.000000000000000000e+00 7.820000000000000000e+02 0.000000000000000000e+00 0.000000000000000000e+00 1.000000000000000000e+00
1.000000000000000000e+00 3.100000000000000000e+02 4.649999999999999467e+00 0.000000000000000000e+00 8.083820839951159076e-01 4.827335173650006417e-01 8.379029051721192944e-04 0.000000000000000000e+00 0.000000000000000000e+00 7.820000000000000000e+02 0.000000000000000000e+00 0.000000000000000000e+00 1.000000000000000000e+00
1.000000000000000000e+00 3.100000000000000000e+02 4.660000000000000142e+00 0.000000000000000000e+00 8.089667218393375991e-01 4.818454277700662813e-01 8.284466218939773308e-04 0.000000000000000000e+00 0.000000000000000000e+00 7.820000000000000000e+02 0.000000000000000000e+00 0.000000000000000000e+00 1.000000000000000000e+00
1.000000000000000000e+00 3.100000000000000000e+02 4.669999999999999929e+00 0.000000000000000000e+00 8.099330409066770597e-01 4.806573425160320379e-01 8.152216222158123818e-04 0.000000000000000000e+00 0.000000000000000000e+00 7.820000000000000000e+02 0.000000000000000000e+00 0.000000000000000000e+00 1.000000000000000000e+00
1.000000000000000000e+00 3.100000000000000000e+02 4.679999999999999716e+00 0.000000000000000000e+00 8.112814875135780923e-01 4.791670663726364521e-01 7.983471065159267535e-04 0.000000000000000000e+00 0.000000000000000000e+00 7.820000000000000000e+02 0.000000000000000000e+00 0.000000000000000000e+00 1.000000000000000000e+00
1.000000000000000000e+00 3.100000000000000000e+02 4.689999999999999503e+00 0.000000000000000000e+00 8.130126844707830092e-01 4.773718457502065249e-01 7.779773054084606829e-04 0.000000000000000000e+00 0.000000000000000000e+00 7.820000000000000000e+02 0.000000000000000000e+00 0.000000000000000000e+00 1.000000000000000000e+00
1.000000000000000000e+00 3.100000000000000000e+02 4.700000000000000178e+00 0.000000000000000000e+00 8.151274313709896413e-01 4.752683636118353872e-01 7.543005608090982278e-04 0.000000000000000000e+00 0.000000000000000000e+00 7.820000000000000000e+02 0.000000000000000000e+00 0.000000000000000000e+00 1.000000000000000000e+00
1.000000000000000000e+00 3.100000000000000000e+02 4.709999999999999964e+00 0.000000000000000000e+00 8.176267049581631419e-01 4.728527333444809133e-01 7.275381302972675629e-04 0.000000000000000000e+00 0.000000000000000000e+00 7.820000000000000000e+02 0.000000000000000000e+00 0.000000000000000000e+00 1.000000000000000000e+00
1.000000000000000000e+00 3.100000000000000000e+02 4.719999999999999751e+00 0.000000000000000000e+00 8.205116595786662304e-01 4.701204915776535653e-01 6.979426930327839451e-04 0.000000000000000000e+00 0.000000000000000000e+00 7.820000000000000000e+02 0.000000000000000000e+00 0.000000000000000000e+00 1.000000000000000000e+00
1.000000000000000000e+00 3.100000000000000000e+02 4.729999999999999538e+00 0.000000000000000000e+00 8.237836277144217068e-01 4.670665899364269680e-01 6.657965321478871365e-04 0.000000000000000000e+00 0.000000000000000000e+00 7.820000000000000000e+02 0.000000000000000000e+00 0.000000000000000000e+00 1.000000000000000000e+00
1.000000000000000000e+00 3.100000000000000000e+02 4.740000000000000213e+00 0.000000000000000000e+00 8.274441205983477099e-01 4.636853857135340706e-01 6.314093655509283795e-04 0.000000000000000000e+00 0.000000000000000000e+00 7.820000000000000000e+02 0.000000000000000000e+00 0.000000000000000000e+00 1.000000000000000000e+00
1.000000000000000000e+00 3.100000000000000000e+02 4.750000000000000000e+00 0.000000000000000000e+00 8.314948289123565983e-01 4.599706314433125165e-01 5.951157946214990363e-04 0.000000000000000000e+00 0.000000000000000000e+00 7.820000000000000000e+02 0.000000000000000000e+00 0.000000000000000000e+00 1.000000000000000000e+00
1.000000000000000000e+00 3.100000000000000000e+02 4.759999999999999787e+00 0.000000000000000000e+00 8.359376235682344225e-01 4.559154633582355176e-01 5.572723385848660227e-04 0.000000000000000000e+00 0.000000000000000000e+00 7.820000000000000000e+02 0.000000000000000000e+00 0.000000000000000000e+00 1.000000000000000000e+00
1.000000000000000000e+00 3.100000000000000000e+02 4.769999999999999574e+00 0.000000000000000000e+00 8.407745565717635872e-01 4.515123887066982977e-01 5.182540217374322772e-04 0.000000000000000000e+00 0.000000000000000000e+00 7.820000000000000000e+02 0.000000000000000000e+00 0.000000000000000000e+00 1.000000000000000000e+00
1.000000000000000000e+00 3.100000000000000000e+02 4.780000000000000249e+00 0.000000000000000000e+00 8.460078619704886060e-01 4.467532719086291793e-01 4.784504815592196397e-04 0.000000000000000000e+00 0.000000000000000000e+00 7.820000000000000000e+02 0.000000000000000000e+00 0.000000000000000000e+00 1.000000000000000000e+00
1.000000000000000000e+00 3.100000000000000000e+02 4.790000000000000036e+00 0.000000000000000000e+00 8.516399568855624880e-01 4.416293195233430002e-01 4.382615686133696162e-04 0.000000000000000000e+00 0.000000000000000000e+00 7.820000000000000000e+02 0.000000000000000000e+00 0.000000000000000000e+00 1.000000000000000000e+00
1.000000000000000000e+00 3.100000000000000000e+02 4.799999999999999822e+00 0.000000000000000000e+00 8.576734426281479307e-01 4.361310640018624118e-01 3.980924146510869677e-04 0.000000000000000000e+00 0.000000000000000000e+00 7.820000000000000000e+02 0.000000000000000000e+00 0.000000000000000000e+00 1.000000000000000000e+00
1.000000000000000000e+00 3.100000000000000000e+02 4.809999999999999609e+00 0.000000000000000000e+00 8.641111059008933504e-01 4.302483461936868481e-01 3.583479543278079299e-04 0.000000000000000000e+00 0.000000000000000000e+00 7.820000000000000000e+02 0.000000000000000000e+00 0.000000000000000000e+00 1.000000000000000000e+00
1.000000000000000000e+00 3.100000000000000000e+02 4.820000000000000284e+00 0.000000000000000000e+00 8.709559200850335303e-01 4.239702965756865227e-01 3.194268993828193459e-04 0.000000000000000000e+00 0.000000000000000000e+00 7.820000000000000000e+02 0.000000000000000000e+00 0.000000000000000000e+00 1.000000000000000000e+00
1.000000000000000000e+00 3.100000000000000000e+02 4.830000000000000071e+00 0.000000000000000000e+00 8.782110466137144078e-01 4.172853151684368656e-01 2.817151832206006741e-04 0.000000000000000000e+00 0.000000000000000000e+00 7.820000000000000000e+02 0.000000000000000000e+00 0.000000000000000000e+00 1.000000000000000000e+00
1.000000000000000000e+00 3.100000000000000000e+02 4.839999999999999858e+00 0.000000000000000000e+00 8.858798364321726071e-01 4.101810501028869682e-01 2.455789199176786931e-04 0.000000000000000000e+00 0.000000000000000000e+00 7.820000000000000000e+02 0.000000000000000000e+00 0.000000000000000000e+00 1.000000000000000000e+00
1.000000000000000000e+00 3.100000000000000000e+02 4.849999999999999645e+00 0.000000000000000000e+00 8.939658315454459547e-01 4.026443747977581089e-01 2.113569562641002403e-04 0.000000000000000000e+00 0.000000000000000000e+00 7.820000000000000000e+02 0.000000000000000000e+00 0.000000000000000000e+00 1.000000000000000000e+00
1.000000000000000000e+00 3.100000000000000000e+02 4.860000000000000320e+00 0.000000000000000000e+00 9.024727666543285176e-01 3.946613637055016444e-01 1.793531400809318145e-04 0.000000000000000000e+00 0.000000000000000000e+00 7.820000000000000000e+02 0.000000000000000000e+00 0.000000000000000000e+00 1.000000000000000000e+00
1.000000000000000000e+00 3.100000000000000000e+02 4.870000000000000107e+00 0.000000000000000000e+00 9.114045708803276691e-01 3.862172665820056139e-01 1.498284841396490142e-04 0.000000000000000000e+00 0.000000000000000000e+00 7.820000000000000000e+02 0.000000000000000000e+00 0.000000000000000000e+00 1.000000000000000000e+00
1.000000000000000000e+00 3.100000000000000000e+02 4.879999999999999893e+00 0.000000000000000000e+00 9.207653695804177696e-01 3.772964812325039219e-01 1.229934734890947810e-04 0.000000000000000000e+00 0.000000000000000000e+00 7.820000000000000000e+02 0.000000000000000000e+00 0.000000000000000000e+00 1.000000000000000000e+00
1.000000000000000000e+00 3.100000000000000000e+02 4.889999999999999680e+00 0.000000000000000000e+00 9.305594862524302346e-01 3.678825246833346552e-01 9.900084481919129570e-05 0.000000000000000000e+00 0.000000000000000000e+00 7.820000000000000000e+02 0.000000000000000000e+00 0.000000000000000000e+00 1.000000000000000000e+00
1.000000000000000000e+00 3.100000000000000000e+02 4.899999999999999467e+00 0.000000000000000000e+00 9.407914445319601748e-01 3.579580027262778685e-01 7.793925778960862985e-05 0.000000000000000000e+00 0.000000000000000000e+00 7.820000000000000000e+02 0.000000000000000000e+00 0.000000000000000000e+00 1.000000000000000000e+00
1.000000000000000000e+00 3.100000000000000000e+02 4.910000000000000142e+00 0.000000000000000000e+00 9.514659702817088727e-01 3.475045777792013513e-01 5.982837512534088919e-05 0.000000000000000000e+00 0.000000000000000000e+00 7.820000000000000000e+02 0.000000000000000000e+00 0.000000000000000000e+00 1.000000000000000000e+00
1.000000000000000000e+00 3.100000000000000000e+02 4.919999999999999929e+00 0.000000000000000000e+00 9.625879937742328751e-01 3.365029350036320421e-01 4.461596109963121472e-05 0.000000000000000000e+00 0.000000000000000000e+00 7.820000000000000000e+02 0.000000000000000000e+00 0.000000000000000000e+00 1.000000000000000000e+00
1.000000000000000000e+00 3.100000000000000000e+02 4.929999999999999716e+00 0.000000000000000000e+00 9.741626519691004571e-01 3.249327466166442302e-01 3.217768023455616980e-05 0.000000000000000000e+00 0.000000000000000000e+00 7.820000000000000000e+02 0.000000000000000000e+00 0.000000000000000000e+00 1.000000000000000000e+00
1.000000000000000000e+00 3.100000000000000000e+02 4.939999999999999503e+00 0.000000000000000000e+00 9.861952908855148303e-01 3.127726343311282298e-01 2.232030365497132858e-05 0.000000000000000000e+00 0.000000000000000000e+00 7.820000000000000000e+02 0.000000000000000000e+00 0.000000000000000000e+00 1.000000000000000000e+00
1.000000000000000000e+00 3.100000000000000000e+02 4.950000000000000178e+00 0.000000000000000000e+00 9.986914680714947812e-01 3.000001298550359352e-01 1.478897187075955055e-05 0.000000000000000000e+00 0.000000000000000000e+00 7.820000000000000000e+02 0.000000000000000000e+00 0.000000000000000000e+00 1.000000000000000000e+00
1.000000000000000000e+00 3.100000000000000000e+02 4.959999999999999964e+00 0.000000000000000000e+00 1.011656955170752825e+00 2.865916333766209689e-01 9.278970030016504790e-06 0.000000000000000000e+00 0.000000000000000000e+00 7.820000000000000000e+02 0.000000000000000000e+00 0.000000000000000000e+00 1.000000000000000000e+00
1.000000000000000000e+00 3.100000000000000000e+02 4.969999999999999751e+00 0.000000000000000000e+00 1.025097740588462258e+00 2.725223699589642279e-01 5.452087123853421109e-06 0.000000000000000000e+00 0.000000000000000000e+00 7.820000000000000000e+02 0.000000000000000000e+00 0.000000000000000000e+00 1.000000000000000000e+00
1.000000000000000000e+00 3.100000000000000000e+02 4.979999999999999538e+00 0.000000000000000000e+00 1.039020032257137460e+00 2.577663437632161103e-01 2.957002415268850581e-06 0.000000000000000000e+00 0.000000000000000000e+00 7.820000000000000000e+02 0.000000000000000000e+00 0.000000000000000000e+00 1.000000000000000000e+00
1.000000000000000000e+00 3.100000000000000000e+02 4.990000000000000213e+00 0.000000000000000000e+00 1.053430260503908533e+00 2.422962900159724708e-01 1.452255502535248799e-06 0.000000000000000000e+00 0.000000000000000000e+00 7.820000000000000000e+02 0.000000000000000000e+00 0.000000000000000000e+00 1.000000000000000000e+00
1.000000000000000000e+00 3.100000000000000000e+02 5.000000000000000000e+00 0.000000000000000000e+00 1.068335081020514554e+00 2.260836246320349630e-01 6.292877338648192900e-07 0.000000000000000000e+00 0.000000000000000000e+00 7.820000000000000000e+02 0.000000000000000000e+00 0.000000000000000000e+00 1.000000000000000000e+00
1.000000000000000000e+00 3.100000000000000000e+02 5.009999999999999787e+00 0.000000000000000000e+00 1.083741377937385675e+00 2.090983913994730325e-01 2.320383705999522935e-07 0.000000000000000000e+00 0.000000000000000000e+00 7.820000000000000000e+02 0.000000000000000000e+00 0.000000000000000000e+00 1.000000000000000000e+00
1.000000000000000000e+00 3.100000000000000000e+02 5.019999999999999574e+00 0.000000000000000000e+00 1.099656267003236598e+00 1.913092066294019011e-01 6.912290019781814991e-08 0.000000000000000000e+00 0.000000000000000000e+00 7.820000000000000000e+02 0.000000000000000000e+00 0.000000000000000000e+00 1.000000000000000000e+00
1.000000000000000000e+00 3.100000000000000000e+02 5.030000000000000249e+00 0.000000000000000000e+00 1.116087098871634931e+00 1.726832011682047918e-01 1.539681055366156510e-08 0.000000000000000000e+00 0.000000000000000000e+00 7.820000000000000000e+02 0.000000000000000000e+00 0.000000000000000000e+00 1.000000000000000000e+00
1.000000000000000000e+00 3.100000000000000000e+02 5.040000000000000036e+00 0.000000000000000000e+00 1.133041462496070073e+00 1.531859596650557986e-01 2.272784208354362657e-09 0.000000000000000000e+00 0.000000000000000000e+00 7.820000000000000000e+02 0.000000000000000000e+00 0.000000000000000000e+00 1.000000000000000000e+00
1.000000000000000000e+00 3.100000000000000000e+02 5.049999999999999822e+00 0.000000000000000000e+00 1.150527188635082965e+00 1.327814569825270519e-01 1.821041411096742256e-10 0.000000000000000000e+00 0.000000000000000000e+00 7.820000000000000000e+02 0.000000000000000000e+00 0.000000000000000000e+00 1.000000000000000000e+00
1.000000000000000000e+00 3.100000000000000000e+02 5.059999999999999609e+00 0.000000000000000000e+00 1.168552353469079375e+00 1.114319916327868865e-01 5.547549309364822033e-12 0.000000000000000000e+00 0.000000000000000000e+00 7.820000000000000000e+02 0.000000000000000000e+00 0.000000000000000000e+00 1.000000000000000000e+00
1.000000000000000000e+00 3.100000000000000000e+02 5.070000000000000284e+00 0.000000000000000000e+00 1.187125282330498521e+00 8.909811611639739670e-02 3.177118880128884773e-14 0.000000000000000000e+00 0.000000000000000000e+00 7.820000000000000000e+02 0.000000000000000000e+00 0.000000000000000000e+00 1.000000000000000000e+00
1.000000000000000000e+00 3.100000000000000000e+02 5.080000000000000071e+00 0.000000000000000000e+00 1.206254553549057196e+00 6.573856403499947487e-02 6.767653387383654863e-18 0.000000000000000000e+00 0.000000000000000000e+00 7.820000000000000000e+02 0.000000000000000000e+00 0.000000000000000000e+00 1.000000000000000000e+00
1.000000000000000000e+00 3.100000000000000000e+02 5.089999999999999858e+00 0.000000000000000000e+00 1.225949002413846189e+00 4.131017384321003516e-02 4.594096641195916976e-25 0.000000000000000000e+00 0.000000000000000000e+00 7.820000000000000000e+02 0.000000000000000000e+00 0.000000000000000000e+00 1.000000000000000000e+00
1.000000000000000000e+00 3.100000000000000000e+02 5.099999999999999645e+00 0.000000000000000000e+00 1.246217725254109343e+00 1.576780909884791665e-02 1.250543354371121873e-45 1.000000000000000000e+00 1.000000000000000000e+00 7.820000000000000000e+02 0.000000000000000000e+00 0.000000000000000000e+00 1.000000000000000000e+00
1.000000000000000000e+00 3.100000000000000000e+02 5.110000000000000320e+00 0.000000000000000000e+00 1.220410855442318088e+00 4.132914050241086323e-02 5.953532422026603045e-25 0.000000000000000000e+00 0.000000000000000000e+00 7.820000000000000000e+02 0.000000000000000000e+00 0.000000000000000000e+00 1.000000000000000000e+00
1.000000000000000000e+00 3.100000000000000000e+02 5.120000000000000107e+00 0.000000000000000000e+00 1.195175701686833403e+00 6.579334301264154472e-02 9.655977214990843770e-18 0.000000000000000000e+00 0.000000000000000000e+00 7.820000000000000000e+02 0.000000000000000000e+00 0.000000000000000000e+00 1.000000000000000000e+00
1.000000000000000000e+00 3.100000000000000000e+02 5.129999999999999893e+00 0.000000000000000000e+00 1.170500608557809352e+00 8.920561924229673811e-02 4.787094663247141010e-14 0.000000000000000000e+00 0.000000000000000000e+00 7.820000000000000000e+02 0.000000000000000000e+00 0.000000000000000000e+00 1.000000000000000000e+00
1.000000000000000000e+00 3.100000000000000000e+02 5.139999999999999680e+00 0.000000000000000000e+00 1.146374179302143137e+00 1.116092281553962839e-01 8.680746555633367120e-12 0.000000000000000000e+00 0.000000000000000000e+00 7.820000000000000000e+02 0.000000000000000000e+00 0.000000000000000000e+00 1.000000000000000000e+00
1.000000000000000000e+00 3.100000000000000000e+02 5.149999999999999467e+00 0.000000000000000000e+00 1.122785270579621519e+00 1.330455649969979615e-01 2.934877121923060605e-10 0.000000000000000000e+00 0.000000000000000000e+00 7.820000000000000000e+02 0.000000000000000000e+00 0.000000000000000000e+00 1.000000000000000000e+00
1.000000000000000000e+00 3.100000000000000000e+02 5.160000000000000142e+00 0.000000000000000000e+00 1.099722987316119172e+00 1.535542377793706059e-01 3.755103268906728492e-09 0.000000000000000000e+00 0.000000000000000000e+00 7.820000000000000000e+02 0.000000000000000000e+00 0.000000000000000000e+00 1.000000000000000000e+00
1.000000000000000000e+00 3.100000000000000000e+02 5.169999999999999929e+00 0.000000000000000000e+00 1.077176677671458860e+00 1.731731404658898854e-01 2.600549956094088290e-08 0.000000000000000000e+00 0.000000000000000000e+00 7.820000000000000000e+02 0.000000000000000000e+00 0.000000000000000000e+00 1.000000000000000000e+00
1.000000000000000000e+00 3.100000000000000000e+02 5.179999999999999716e+00 0.000000000000000000e+00 1.055135928119618205e+00 1.919385229878783072e-01 1.191383588720626313e-07 0.000000000000000000e+00 0.000000000000000000e+00 7.820000000000000000e+02 0.000000000000000000e+00 0.000000000000000000e+00 1.000000000000000000e+00
1.000000000000000000e+00 3.100000000000000000e+02 5.189999999999999503e+00 0.000000000000000000e+00 1.033590558639003287e+00 2.098850582237595797e-01 4.076436105094154963e-07 0.000000000000000000e+00 0.000000000000000000e+00 7.820000000000000000e+02 0.000000000000000000e+00 0.000000000000000000e+00 1.000000000000000000e+00
1.000000000000000000e+00 3.100000000000000000e+02 5.200000000000000178e+00 0.000000000000000000e+00 1.012530618010576866e+00 2.270459060642866511e-01 1.125984885238062012e-06 0.000000000000000000e+00 0.000000000000000000e+00 7.820000000000000000e+02 0.000000000000000000e+00 0.000000000000000000e+00 1.000000000000000000e+00
1.000000000000000000e+00 3.100000000000000000e+02 5.209999999999999964e+00 0.000000000000000000e+00 9.919463792216592912e-01 2.434527746822145178e-01 2.645326559426892108e-06 0.000000000000000000e+00 0.000000000000000000e+00 7.820000000000000000e+02 0.000000000000000000e+00 0.000000000000000000e+00 1.000000000000000000e+00
1.000000000000000000e+00 3.100000000000000000e+02 5.219999999999999751e+00 0.000000000000000000e+00 9.718283349732886878e-01 2.591359791196290452e-01 5.481710417132724510e-06 0.000000000000000000e+00 0.000000000000000000e+00 7.820000000000000000e+02 0.000000000000000000e+00 0.000000000000000000e+00 1.000000000000000000e+00
1.000000000000000000e+00 3.100000000000000000e+02 5.229999999999999538e+00 0.000000000000000000e+00 9.521671932890564127e-01 2.741244973011801589e-01 1.028473338872125148e-05 0.000000000000000000e+00 0.000000000000000000e+00 7.820000000000000000e+02 0.000000000000000000e+00 0.000000000000000000e+00 1.000000000000000000e+00
1.000000000000000000e+00 3.100000000000000000e+02 5.240000000000000213e+00 0.000000000000000000e+00 9.329538732233970677e-01 2.884460235767195013e-01 1.781071481381571713e-05 0.000000000000000000e+00 0.000000000000000000e+00 7.820000000000000000e+02 0.000000000000000000e+00 0.000000000000000000e+00 1.000000000000000000e+00
1.000000000000000000e+00 3.100000000000000000e+02 5.250000000000000000e+00 0.000000000000000000e+00 9.141795006673479884e-01 3.021270198922701988e-01 2.888644652843667037e-05 0.000000000000000000e+00 0.000000000000000000e+00 7.820000000000000000e+02 0.000000000000000000e+00 0.000000000000000000e+00 1.000000000000000000e+00
1.000000000000000000e+00 3.100000000000000000e+02 5.259999999999999787e+00 0.000000000000000000e+00 8.958354042498402059e-01 3.151927646838780239e-01 4.436952316035536366e-05 0.000000000000000000e+00 0.000000000000000000e+00 7.820000000000000000e+02 0.000000000000000000e+00 0.000000000000000000e+00 1.000000000000000000e+00
1.000000000000000000e+00 3.100000000000000000e+02 5.269999999999999574e+00 0.000000000000000000e+00 8.779131113326261726e-01 3.276673995846891008e-01 6.510999146223256113e-05 0.000000000000000000e+00 0.000000000000000000e+00 7.820000000000000000e+02 0.000000000000000000e+00 0.000000000000000000e+00 1.000000000000000000e+00
1.000000000000000000e+00 3.100000000000000000e+02 5.280000000000000249e+00 0.000000000000000000e+00 8.604043440970025047e-01 3.395739740315468769e-01 9.191646149016166958e-05 0.000000000000000000e+00 0.000000000000000000e+00 7.820000000000000000e+02 0.000000000000000000e+00 0.000000000000000000e+00 1.000000000000000000e+00
1.000000000000000000e+00 3.100000000000000000e+02 5.290000000000000036e+00 0.000000000000000000e+00 8.433010157205080848e-01 3.509344878535390344e-01 1.255283640004597329e-04 0.000000000000000000e+00 0.000000000000000000e+00 7.820000000000000000e+02 0.000000000000000000e+00 0.000000000000000000e+00 1.000000000000000000e+00
1.000000000000000000e+00 3.100000000000000000e+02 5.299999999999999822e+00 0.000000000000000000e+00 8.265952266418428174e-01 3.617699319211754583e-01 1.665949131828222719e-04 0.000000000000000000e+00 0.000000000000000000e+00 7.820000000000000000e+02 0.000000000000000000e+00 0.000000000000000000e+00 1.000000000000000000e+00
1.000000000000000000e+00 3.100000000000000000e+02 5.309999999999999609e+00 0.000000000000000000e+00 8.102792609122749790e-01 3.721003269313099548e-01 2.156605695219642078e-04 0.000000000000000000e+00 0.000000000000000000e+00 7.820000000000000000e+02 0.000000000000000000e+00 0.000000000000000000e+00 1.000000000000000000e+00
1.000000000000000000e+00 3.100000000000000000e+02 5.320000000000000284e+00 0.000000000000000000e+00 7.943455826318550628e-01 3.819447603994693963e-01 2.731563426467630527e-04 0.000000000000000000e+00 0.000000000000000000e+00 7.820000000000000000e+02 0.000000000000000000e+00 0.000000000000000000e+00 1.000000000000000000e+00
1.000000000000000000e+00 3.100000000000000000e+02 5.330000000000000071e+00 0.000000000000000000e+00 7.787868324687878818e-01 3.913214219279386730e-01 3.393960520558050344e-04 0.000000000000000000e+00 0.000000000000000000e+00 7.820000000000000000e+02 0.000000000000000000e+00 0.000000000000000000e+00 1.000000000000000000e+00
1.000000000000000000e+00 3.100000000000000000e+02 5.339999999999999858e+00 0.000000000000000000e+00 7.635958242603597679e-01 4.002476368147664387e-01 4.145766008731887123e-04 0.000000000000000000e+00 0.000000000000000000e+00 7.820000000000000000e+02 0.000000000000000000e+00 0.000000000000000000e+00 1.000000000000000000e+00
1.000000000000000000e+00 3.100000000000000000e+02 5.349999999999999645e+00 0.000000000000000000e+00 7.487655416938441277e-01 4.087398980657947489e-01 4.987813542142449652e-04 0.000000000000000000e+00 0.000000000000000000e+00 7.820000000000000000e+02 0.000000000000000000e+00 0.000000000000000000e+00 1.000000000000000000e+00
1.000000000000000000e+00 3.100000000000000000e+02 5.360000000000000320e+00 0.000000000000000000e+00 7.342891350658586891e-01 4.168138968688558932e-01 5.919858050412538791e-04 0.000000000000000000e+00 0.000000000000000000e+00 7.820000000000000000e+02 0.000000000000000000e+00 0.000000000000000000e+00 1.000000000000000000e+00
1.000000000000000000e+00 3.100000000000000000e+02 5.370000000000000107e+00 0.000000000000000000e+00 7.201599181186729703e-01 4.244845515864490437e-01 6.940648262902587504e-04 0.000000000000000000e+00 0.000000000000000000e+00 7.820000000000000000e+02 0.000000000000000000e+00 0.000000000000000000e+00 1.000000000000000000e+00
1.000000000000000000e+00 3.100000000000000000e+02 5.379999999999999893e+00 0.000000000000000000e+00 7.063713649520101390e-01 4.317660353204619272e-01 8.048009292513577662e-04 0.000000000000000000e+00 0.000000000000000000e+00 7.820000000000000000e+02 0.000000000000000000e+00 0.000000000000000000e+00 1.000000000000000000e+00
1.000000000000000000e+00 3.100000000000000000e+02 5.389999999999999680e+00 0.000000000000000000e+00 6.929171070089089612e-01 4.386718020998740530e-01 9.238930633391154862e-04 0.000000000000000000e+00 0.000000000000000000e+00 7.820000000000000000e+02 0.000000000000000000e+00 0.000000000000000000e+00 1.000000000000000000e+00
1.000000000000000000e+00 3.100000000000000000e+02 5.399999999999999467e+00 0.000000000000000000e+00 6.797909301342635047e-01 4.452146117398226299e-01 1.050965595572446454e-03 0.000000000000000000e+00 0.000000000000000000e+00 7.820000000000000000e+02 0.000000000000000000e+00 0.000000000000000000e+00 1.000000000000000000e+00
1.000000000000000000e+00 3.100000000000000000e+02 5.410000000000000142e+00 0.000000000000000000e+00 6.669867717046717992e-01 4.514065534179694250e-01 1.185577196875403291e-03 0.000000000000000000e+00 0.000000000000000000e+00 7.820000000000000000e+02 0.000000000000000000e+00 0.000000000000000000e+00 1.000000000000000000e+00
1.000000000000000000e+00 3.100000000000000000e+02 5.419999999999999929e+00 0.000000000000000000e+00 6.544987178282769547e-01 4.572590680117262218e-01 1.327229436427462828e-03 0.000000000000000000e+00 0.000000000000000000e+00 7.820000000000000000e+02 0.000000000000000000e+00 0.000000000000000000e+00 1.000000000000000000e+00
1.000000000000000000e+00 3.100000000000000000e+02 5.429999999999999716e+00 0.000000000000000000e+00 6.423210006133014405e-01 4.627829692376122517e-01 1.475374945649497727e-03 0.000000000000000000e+00 0.000000000000000000e+00 7.820000000000000000e+02 0.000000000000000000e+00 0.000000000000000000e+00 1.000000000000000000e+00
1.000000000000000000e+00 3.100000000000000000e+02 5.439999999999999503e+00 0.000000000000000000e+00 6.304479955040142025e-01 4.679884636318078495e-01 1.629425061520568471e-03 0.000000000000000000e+00 0.000000000000000000e+00 7.820000000000000000e+02 0.000000000000000000e+00 0.000000000000000000e+00 1.000000000000000000e+00
1.000000000000000000e+00 3.100000000000000000e+02 5.450000000000000178e+00 0.000000000000000000e+00 6.188742186829025993e-01 4.728851694088120339e-01 1.788756896504806876e-03 0.000000000000000000e+00 0.000000000000000000e+00 7.820000000000000000e+02 0.000000000000000000e+00 0.000000000000000000e+00 1.000000000000000000e+00
1.000000000000000000e+00 3.100000000000000000e+02 5.459999999999999964e+00 0.000000000000000000e+00 6.075943245378458979e-01 4.774821342330621277e-01 1.952719811146261600e-03 0.000000000000000000e+00 0.000000000000000000e+00 7.820000000000000000e+02 0.000000000000000000e+00 0.000000000000000000e+00 1.000000000000000000e+00
1.000000000000000000e+00 3.100000000000000000e+02 5.469999999999999751e+00 0.000000000000000000e+00 5.966031031931227080e-01 4.817878519363394396e-01 2.120641286951286883e-03 0.000000000000000000e+00 0.000000000000000000e+00 7.820000000000000000e+02 0.000000000000000000e+00 0.000000000000000000e+00 1.000000000000000000e+00
1.000000000000000000e+00 3.100000000000000000e+02 5.479999999999999538e+00 0.000000000000000000e+00 5.858954781031123771e-01 4.858102782118622343e-01 2.291832212930021428e-03 0.000000000000000000e+00 0.000000000000000000e+00 7.820000000000000000e+02 0.000000000000000000e+00 0.000000000000000000e+00 1.000000000000000000e+00
1.000000000000000000e+00 3.100000000000000000e+02 5.490000000000000213e+00 0.000000000000000000e+00 5.754665037075756828e-01 4.895568453140520249e-01 2.465591610315582410e-03 0.000000000000000000e+00 0.000000000000000000e+00 7.820000000000000000e+02 0.000000000000000000e+00 0.000000000000000000e+00 1.000000000000000000e+00
1.000000000000000000e+00 3.100000000000000000e+02 5.500000000000000000e+00 0.000000000000000000e+00 5.653113631474354639e-01 4.930344757911426790e-01 2.641210827530951488e-03 0.000000000000000000e+00 0.000000000000000000e+00 7.820000000000000000e+02 0.000000000000000000e+00 0.000000000000000000e+00 1.000000000000000000e+00
1.000000000000000000e+00 3.100000000000000000e+02 5.509999999999999787e+00 0.000000000000000000e+00 5.554253660400011450e-01 4.962495952760025975e-01 2.817977242260665677e-03 0.000000000000000000e+00 0.000000000000000000e+00 7.820000000000000000e+02 0.000000000000000000e+00 0.000000000000000000e+00 1.000000000000000000e+00
1.000000000000000000e+00 3.100000000000000000e+02 5.519999999999999574e+00 0.000000000000000000e+00 5.458039463126088675e-01 4.992081443588070599e-01 2.995177510180017932e-03 0.000000000000000000e+00 0.000000000000000000e+00 7.820000000000000000e+02 0.000000000000000000e+00 0.000000000000000000e+00 1.000000000000000000e+00
1.000000000000000000e+00 3.100000000000000000e+02 5.530000000000000249e+00 0.000000000000000000e+00 5.364426600936764711e-01 5.019155895634874742e-01 3.172100401037766110e-03 0.000000000000000000e+00 0.000000000000000000e+00 7.820000000000000000e+02 0.000000000000000000e+00 0.000000000000000000e+00 1.000000000000000000e+00
1.000000000000000000e+00 3.100000000000000000e+02 5.540000000000000036e+00 0.000000000000000000e+00 5.273371836602005480e-01 5.043769334482550715e-01 3.348039262809961863e-03 0.000000000000000000e+00 0.000000000000000000e+00 7.820000000000000000e+02 0.000000000000000000e+00 0.000000000000000000e+00 1.000000000000000000e+00
1.000000000000000000e+00 3.100000000000000000e+02 5.549999999999999822e+00 0.000000000000000000e+00 5.184833114407469967e-01 5.065967238488484625e-01 3.522294153872198436e-03 0.000000000000000000e+00 0.000000000000000000e+00 7.820000000000000000e+02 0.000000000000000000e+00 0.000000000000000000e+00 1.000000000000000000e+00
1.000000000000000000e+00 3.100000000000000000e+02 5.559999999999999609e+00 0.000000000000000000e+00 5.098769540730111460e-01 5.085790622815888895e-01 3.694173681843392759e-03 0.000000000000000000e+00 0.000000000000000000e+00 7.820000000000000000e+02 0.000000000000000000e+00 0.000000000000000000e+00 1.000000000000000000e+00
1.000000000000000000e+00 3.100000000000000000e+02 5.570000000000000284e+00 0.000000000000000000e+00 5.015141365150539432e-01 5.103276115217694198e-01 3.862996586130013066e-03 0.000000000000000000e+00 0.000000000000000000e+00 7.820000000000000000e+02 0.000000000000000000e+00 0.000000000000000000e+00 1.000000000000000000e+00
1.000000000000000000e+00 3.100000000000000000e+02 5.580000000000000071e+00 0.000000000000000000e+00 4.933909962093376844e-01 5.118456023713816583e-01 4.028093099403207838e-03 0.000000000000000000e+00 0.000000000000000000e+00 7.820000000000000000e+02 0.000000000000000000e+00 0.000000000000000000e+00 1.000000000000000000e+00
1.000000000000000000e+00 3.100000000000000000e+02 5.589999999999999858e+00 0.000000000000000000e+00 4.855037812987156309e-01 5.131358396286821444e-01 4.188806121385273140e-03 0.000000000000000000e+00 0.000000000000000000e+00 7.820000000000000000e+02 0.000000000000000000e+00 0.000000000000000000e+00 1.000000000000000000e+00
1.000000000000000000e+00 3.100000000000000000e+02 5.599999999999999645e+00 0.000000000000000000e+00 4.778488488935529466e-01 5.142007072706298310e-01 4.344492236494149062e-03 0.000000000000000000e+00 0.000000000000000000e+00 7.820000000000000000e+02 0.000000000000000000e+00 0.000000000000000000e+00 1.000000000000000000e+00
1.000000000000000000e+00 3.100000000000000000e+02 5.610000000000000320e+00 0.000000000000000000e+00 4.704226633891729903e-01 5.150421728577704306e-01 4.494522605156432704e-03 0.000000000000000000e+00 0.000000000000000000e+00 7.820000000000000000e+02 0.000000000000000000e+00 0.000000000000000000e+00 1.000000000000000000e+00
1.000000000000000000e+00 3.100000000000000000e+02 5.620000000000000107e+00 0.000000000000000000e+00 4.632217948328601342e-01 5.156617911697083390e-01 4.638283756999112689e-03 0.000000000000000000e+00 0.000000000000000000e+00 7.820000000000000000e+02 0.000000000000000000e+00 0.000000000000000000e+00 1.000000000000000000e+00
1.000000000000000000e+00 3.100000000000000000e+02 5.629999999999999893e+00 0.000000000000000000e+00 4.562429173396564952e-01 5.160607070778778782e-01 4.775178312698441507e-03 0.000000000000000000e+00 0.000000000000000000e+00 7.820000000000000000e+02 0.000000000000000000e+00 0.000000000000000000e+00 1.000000000000000000e+00
1.000000000000000000e+00 3.100000000000000000e+02 5.639999999999999680e+00 0.000000000000000000e+00 4.494828075562269376e-01 5.162396576609270538e-01 4.904625660026373096e-03 0.000000000000000000e+00 0.000000000000000000e+00 7.820000000000000000e+02 0.000000000000000000e+00 0.000000000000000000e+00 1.000000000000000000e+00
1.000000000000000000e+00 3.100000000000000000e+02 5.649999999999999467e+00 0.000000000000000000e+00 4.429383431720802511e-01 5.161989735666221435e-01 5.026062608604144055e-03 0.000000000000000000e+00 0.000000000000000000e+00 7.820000000000000000e+02 0.000000000000000000e+00 0.000000000000000000e+00 1.000000000000000000e+00
1.000000000000000000e+00 3.100000000000000000e+02 5.660000000000000142e+00 0.000000000000000000e+00 4.366065014774577757e-01 5.159385796227855536e-01 5.138944047062971032e-03 0.000000000000000000e+00 0.000000000000000000e+00 7.820000000000000000e+02 0.000000000000000000e+00 0.000000000000000000e+00 1.000000000000000000e+00
1.000000000000000000e+00 3.100000000000000000e+02 5.669999999999999929e+00 0.000000000000000000e+00 4.304843579672280041e-01 5.154579946984015892e-01 5.242743625726440510e-03 0.000000000000000000e+00 0.000000000000000000e+00 7.820000000000000000e+02 0.000000000000000000e+00 0.000000000000000000e+00 1.000000000000000000e+00
1.000000000000000000e+00 3.100000000000000000e+02 5.679999999999999716e+00 0.000000000000000000e+00 4.245690849901357367e-01 5.147563308146281269e-01 5.336954487577021816e-03 0.000000000000000000e+00 0.000000000000000000e+00 7.820000000000000000e+02 0.000000000000000000e+00 0.000000000000000000e+00 1.000000000000000000e+00
1.000000000000000000e+00 3.100000000000000000e+02 5.689999999999999503e+00 0.000000000000000000e+00 4.188579504427880074e-01 5.138322915040723915e-01 5.421090070149982981e-03 0.000000000000000000e+00 0.000000000000000000e+00 7.820000000000000000e+02 0.000000000000000000e+00 0.000000000000000000e+00 1.000000000000000000e+00
1.000000000000000000e+00 3.100000000000000000e+02 5.700000000000000178e+00 0.000000000000000000e+00 4.133483165077697086e-01 5.126841694153052575e-01 5.494685001115409001e-03 0.000000000000000000e+00 0.000000000000000000e+00 7.820000000000000000e+02 0.000000000000000000e+00 0.000000000000000000e+00 1.000000000000000000e+00
1.000000000000000000e+00 3.100000000000000000e+02 5.709999999999999964e+00 0.000000000000000000e+00 4.080376384353070485e-01 5.113098431581792891e-01 5.557296110662909155e-03 0.000000000000000000e+00 0.000000000000000000e+00 7.820000000000000000e+02 0.000000000000000000e+00 0.000000000000000000e+00 1.000000000000000000e+00
1.000000000000000000e+00 3.100000000000000000e+02 5.719999999999999751e+00 0.000000000000000000e+00 4.029234633679181776e-01 5.097067733841267323e-01 5.608503584395550107e-03 0.000000000000000000e+00 0.000000000000000000e+00 7.820000000000000000e+02 0.000000000000000000e+00 0.000000000000000000e+00 1.000000000000000000e+00
1.000000000000000000e+00 3.100000000000000000e+02 5.729999999999999538e+00 0.000000000000000000e+00 3.980034292075041447e-01 5.078719980941944767e-01 5.647912281266383172e-03 0.000000000000000000e+00 0.000000000000000000e+00 7.820000000000000000e+02 0.000000000000000000e+00 0.000000000000000000e+00 1.000000000000000000e+00
1.000000000000000000e+00 3.100000000000000000e+02 5.740000000000000213e+00 0.000000000000000000e+00 3.932752635243600969e-01 5.058021271661461427e-01 5.675153242152217170e-03 0.000000000000000000e+00 0.000000000000000000e+00 7.820000000000000000e+02 0.000000000000000000e+00 0.000000000000000000e+00 1.000000000000000000e+00
1.000000000000000000e+00 3.100000000000000000e+02 5.750000000000000000e+00 0.000000000000000000e+00 3.887367825076026295e-01 5.034933360905186062e-01 5.689885415946119990e-03 0.000000000000000000e+00 0.000000000000000000e+00 7.820000000000000000e+02 0.000000000000000000e+00 0.000000000000000000e+00 1.000000000000000000e+00
1.000000000000000000e+00 3.100000000000000000e+02 5.759999999999999787e+00 0.000000000000000000e+00 3.843858899565269494e-01 5.009413589040582204e-01 5.691797631556503451e-03 0.000000000000000000e+00 0.000000000000000000e+00 7.820000000000000000e+02 0.000000000000000000e+00 0.000000000000000000e+00 1.000000000000000000e+00
1.000000000000000000e+00 3.100000000000000000e+02 5.769999999999999574e+00 0.000000000000000000e+00 3.802205763124282822e-01 4.981414803074835085e-01 5.680610845907201056e-03 0.000000000000000000e+00 0.000000000000000000e+00 7.820000000000000000e+02 0.000000000000000000e+00 0.000000000000000000e+00 1.000000000000000000e+00
1.000000000000000000e+00 3.100000000000000000e+02 5.780000000000000249e+00 0.000000000000000000e+00 3.762389177304418242e-01 4.950885269530057031e-01 5.656080699915987109e-03 0.000000000000000000e+00 0.000000000000000000e+00 7.820000000000000000e+02 0.000000000000000000e+00 0.000000000000000000e+00 1.000000000000000000e+00
1.000000000000000000e+00 3.100000000000000000e+02 5.790000000000000036e+00 0.000000000000000000e+00 3.724390751909713027e-01 4.917768578855101214e-01 5.618000416451027906e-03 0.000000000000000000e+00 0.000000000000000000e+00 7.820000000000000000e+02 0.000000000000000000e+00 0.000000000000000000e+00 1.000000000000000000e+00
1.000000000000000000e+00 3.100000000000000000e+02 5.799999999999999822e+00 0.000000000000000000e+00 3.688192936502961983e-01 4.882003541197429963e-01 5.566204076367868570e-03 0.000000000000000000e+00 0.000000000000000000e+00 7.820000000000000000e+02 0.000000000000000000e+00 0.000000000000000000e+00 1.000000000000000000e+00
1.000000000000000000e+00 3.100000000000000000e+02 5.809999999999999609e+00 0.000000000000000000e+00 3.653779012299640527e-01 4.843524073342316827e-01 5.500570310832762072e-03 0.000000000000000000e+00 0.000000000000000000e+00 7.820000000000000000e+02 0.000000000000000000e+00 0.000000000000000000e+00 1.000000000000000000e+00
1.000000000000000000e+00 3.100000000000000000e+02 5.820000000000000284e+00 0.000000000000000000e+00 3.621133084445963823e-01 4.802259076610629340e-01 5.421026450126941593e-03 0.000000000000000000e+00 0.000000000000000000e+00 7.820000000000000000e+02 0.000000000000000000e+00 0.000000000000000000e+00 1.000000000000000000e+00
1.000000000000000000e+00 3.100000000000000000e+02 5.830000000000000071e+00 0.000000000000000000e+00 3.590240074677476523e-01 4.758132305489485292e-01 5.327553170832458052e-03 0.000000000000000000e+00 0.000000000000000000e+00 7.820000000000000000e+02 0.000000000000000000e+00 0.000000000000000000e+00 1.000000000000000000e+00
1.000000000000000000e+00 3.100000000000000000e+02 5.839999999999999858e+00 0.000000000000000000e+00 3.561085714354823573e-01 4.711062226753085502e-01 5.220189684494735277e-03 0.000000000000000000e+00 0.000000000000000000e+00 7.820000000000000000e+02 0.000000000000000000e+00 0.000000000000000000e+00 1.000000000000000000e+00
1.000000000000000000e+00 3.100000000000000000e+02 5.849999999999999645e+00 0.000000000000000000e+00 3.533656537873446357e-01 4.660961868813430775e-01 5.099039511224656013e-03 0.000000000000000000e+00 0.000000000000000000e+00 7.820000000000000000e+02 0.000000000000000000e+00 0.000000000000000000e+00 1.000000000000000000e+00
1.000000000000000000e+00 3.100000000000000000e+02 5.860000000000000320e+00 0.000000000000000000e+00 3.507939876444191030e-01 4.607738661022524607e-01 4.964276880794010749e-03 0.000000000000000000e+00 0.000000000000000000e+00 7.820000000000000000e+02 0.000000000000000000e+00 0.000000000000000000e+00 1.000000000000000000e+00
1.000000000000000000e+00 3.100000000000000000e+02 5.870000000000000107e+00 0.000000000000000000e+00 3.483923852241940233e-01 4.551294262629210219e-01 4.816153800998628637e-03 0.000000000000000000e+00 0.000000000000000000e+00 7.820000000000000000e+02 0.000000000000000000e+00 0.000000000000000000e+00 1.000000000000000000e+00
1.000000000000000000e+00 3.100000000000000000e+02 5.879999999999999893e+00 0.000000000000000000e+00 3.461597372919565374e-01 4.491524381074519789e-01 4.655007827577876955e-03 0.000000000000000000e+00 0.000000000000000000e+00 7.820000000000000000e+02 0.000000000000000000e+00 0.000000000000000000e+00 1.000000000000000000e+00
1.000000000000000000e+00 3.100000000000000000e+02 5.889999999999999680e+00 0.000000000000000000e+00 3.440950126484679794e-01 4.428318579289867718e-01 4.481270560667417746e-03 0.000000000000000000e+00 0.000000000000000000e+00 7.820000000000000000e+02 0.000000000000000000e+00 0.000000000000000000e+00 1.000000000000000000e+00
1.000000000000000000e+00 3.100000000000000000e+02 5.899999999999999467e+00 0.000000000000000000e+00 3.421972576536808086e-01 4.361560071642013869e-01 4.295476878090804390e-03 0.000000000000000000e+00 0.000000000000000000e+00 7.820000000000000000e+02 0.000000000000000000e+00 0.000000000000000000e+00 1.000000000000000000e+00
1.000000000000000000e+00 3.100000000000000000e+02 5.910000000000000142e+00 0.000000000000000000e+00 3.404655957862776638e-01 4.291125508147721201e-01 4.098274893694478505e-03 0.000000000000000000e+00 0.000000000000000000e+00 7.820000000000000000e+02 0.000000000000000000e+00 0.000000000000000000e+00 1.000000000000000000e+00
1.000000000000000000e+00 3.100000000000000000e+02 5.919999999999999929e+00 0.000000000000000000e+00 3.388992272388311466e-01 4.216884746559474428e-01 3.890436596600332225e-03 0.000000000000000000e+00 0.000000000000000000e+00 7.820000000000000000e+02 0.000000000000000000e+00 0.000000000000000000e+00 1.000000000000000000e+00
1.000000000000000000e+00 3.100000000000000000e+02 5.929999999999999716e+00 0.000000000000000000e+00 3.374974285483937075e-01 4.138700611901084958e-01 3.672869080915588946e-03 0.000000000000000000e+00 0.000000000000000000e+00 7.820000000000000000e+02 0.000000000000000000e+00 0.000000000000000000e+00 1.000000000000000000e+00
1.000000000000000000e+00 3.100000000000000000e+02 5.939999999999999503e+00 0.000000000000000000e+00 3.362595522623502697e-01 4.056428643008890833e-01 3.446626210042408323e-03 0.000000000000000000e+00 0.000000000000000000e+00 7.820000000000000000e+02 0.000000000000000000e+00 0.000000000000000000e+00 1.000000000000000000e+00
1.000000000000000000e+00 3.100000000000000000e+02 5.950000000000000178e+00 0.000000000000000000e+00 3.351850266393770483e-01 3.969916825610244615e-01 3.212920468500218840e-03 0.000000000000000000e+00 0.000000000000000000e+00 7.820000000000000000e+02 0.000000000000000000e+00 0.000000000000000000e+00 1.000000000000000000e+00
1.000000000000000000e+00 3.100000000000000000e+02 5.959999999999999964e+00 0.000000000000000000e+00 3.342733553853703410e-01 3.879005311446072080e-01 2.973134628130032903e-03 0.000000000000000000e+00 0.000000000000000000e+00 7.820000000000000000e+02 0.000000000000000000e+00 0.000000000000000000e+00 1.000000000000000000e+00
1.000000000000000000e+00 3.100000000000000000e+02 5.969999999999999751e+00 0.000000000000000000e+00 3.335241174242216666e-01 3.783526122918571821e-01 2.728832682869563458e-03 0.000000000000000000e+00 0.000000000000000000e+00 7.820000000000000000e+02 0.000000000000000000e+00 0.000000000000000000e+00 1.000000000000000000e+00
1.000000000000000000e+00 3.100000000000000000e+02 5.979999999999999538e+00 0.000000000000000000e+00 3.329369667033338365e-01 3.683302842718263470e-01 2.481769271602166094e-03 0.000000000000000000e+00 0.000000000000000000e+00 7.820000000000000000e+02 0.000000000000000000e+00 0.000000000000000000e+00 1.000000000000000000e+00
1.000000000000000000e+00 3.100000000000000000e+02 5.990000000000000213e+00 0.000000000000000000e+00 3.325116320337893061e-01 3.578150287856978196e-01 2.233896492319359731e-03 0.000000000000000000e+00 0.000000000000000000e+00 7.820000000000000000e+02 0.000000000000000000e+00 0.000000000000000000e+00 1.000000000000000000e+00
1.000000000000000000e+00 3.100000000000000000e+02 6.000000000000000000e+00 0.000000000000000000e+00 3.322479169650947584e-01 3.467874167504436111e-01 1.987366588774670470e-03 0.000000000000000000e+00 0.000000000000000000e+00 7.820000000000000000e+02 0.000000000000000000e+00 0.000000000000000000e+00 1.000000000000000000e+00
1.000000000000000000e+00 3.100000000000000000e+02 6.009999999999999787e+00 0.000000000000000000e+00 3.321456996944464057e-01 3.352270723996251811e-01 1.744528434495726255e-03 0.000000000000000000e+00 0.000000000000000000e+00 7.820000000000000000e+02 0.000000000000000000e+00 0.000000000000000000e+00 1.000000000000000000e+00
1.000000000000000000e+00 3.100000000000000000e+02 6.019999999999999574e+00 0.000000000000000000e+00 3.322049330104723808e-01 3.231126356350003670e-01 1.507915018013891023e-03 0.000000000000000000e+00 0.000000000000000000e+00 7.820000000000000000e+02 0.000000000000000000e+00 0.000000000000000000e+00 1.000000000000000000e+00
1.000000000000000000e+00 3.100000000000000000e+02 6.030000000000000249e+00 0.000000000000000000e+00 3.324256442714272342e-01 3.104217225593788321e-01 1.280218221379768317e-03 0.000000000000000000e+00 0.000000000000000000e+00 7.820000000000000000e+02 0.000000000000000000e+00 0.000000000000000000e+00 1.000000000000000000e+00
1.000000000000000000e+00 3.100000000000000000e+02 6.040000000000000036e+00 0.000000000000000000e+00 3.328079354178278826e-01 2.971308841177975890e-01 1.064246074260678798e-03 0.000000000000000000e+00 0.000000000000000000e+00 7.820000000000000000e+02 0.000000000000000000e+00 0.000000000000000000e+00 1.000000000000000000e+00
1.000000000000000000e+00 3.100000000000000000e+02 6.049999999999999822e+00 0.000000000000000000e+00 3.333519830195370015e-01 2.832155627706010037e-01 8.628564004588817199e-04 0.000000000000000000e+00 0.000000000000000000e+00 7.820000000000000000e+02 0.000000000000000000e+00 0.000000000000000000e+00 1.000000000000000000e+00
1.000000000000000000e+00 3.100000000000000000e+02 6.059999999999999609e+00 0.000000000000000000e+00 3.340580383573164003e-01 2.686500471183686511e-01 6.788595051293840402e-04 0.000000000000000000e+00 0.000000000000000000e+00 7.820000000000000000e+02 0.000000000000000000e+00 0.000000000000000000e+00 1.000000000000000000e+00
1.000000000000000000e+00 3.100000000000000000e+02 6.070000000000000284e+00 0.000000000000000000e+00 3.349264275388860179e-01 2.534074243948512550e-01 5.148816577355518065e-04 0.000000000000000000e+00 0.000000000000000000e+00 7.820000000000000000e+02 0.000000000000000000e+00 0.000000000000000000e+00 1.000000000000000000e+00
1.000000000000000000e+00 3.100000000000000000e+02 6.080000000000000071e+00 0.000000000000000000e+00 3.359575516495446057e-01 2.374595307401363986e-01 3.731814214480086433e-04 0.000000000000000000e+00 0.000000000000000000e+00 7.820000000000000000e+02 0.000000000000000000e+00 0.000000000000000000e+00 1.000000000000000000e+00
1.000000000000000000e+00 3.100000000000000000e+02 6.089999999999999858e+00 0.000000000000000000e+00 3.371518869374202643e-01 2.207768991621626153e-01 2.554139675901663173e-04 0.000000000000000000e+00 0.000000000000000000e+00 7.820000000000000000e+02 0.000000000000000000e+00 0.000000000000000000e+00 1.000000000000000000e+00
1.000000000000000000e+00 3.100000000000000000e+02 6.099999999999999645e+00 0.000000000000000000e+00 3.385099850334359339e-01 2.033287050904306892e-01 1.623473179206400864e-04 0.000000000000000000e+00 0.000000000000000000e+00 7.820000000000000000e+02 0.000000000000000000e+00 0.000000000000000000e+00 1.000000000000000000e+00
1.000000000000000000e+00 3.100000000000000000e+02 6.110000000000000320e+00 0.000000000000000000e+00 3.400324732060929778e-01 1.850827094213115531e-01 9.355380098395485282e-05 0.000000000000000000e+00 0.000000000000000000e+00 7.820000000000000000e+02 0.000000000000000000e+00 0.000000000000000000e+00 1.000000000000000000e+00
1.000000000000000000e+00 3.100000000000000000e+02 6.120000000000000107e+00 0.000000000000000000e+00 3.417200546511895420e-01 1.660051989497150493e-01 4.713648500234463197e-05 0.000000000000000000e+00 0.000000000000000000e+00 7.820000000000000000e+02 0.000000000000000000e+00 0.000000000000000000e+00 1.000000000000000000e+00
1.000000000000000000e+00 3.100000000000000000e+02 6.129999999999999893e+00 0.000000000000000000e+00 3.435735088166076978e-01 1.460609240770553152e-01 1.960883204686787989e-05 0.000000000000000000e+00 0.000000000000000000e+00 7.820000000000000000e+02 0.000000000000000000e+00 0.000000000000000000e+00 1.000000000000000000e+00
1.000000000000000000e+00 3.100000000000000000e+02 6.139999999999999680e+00 0.000000000000000000e+00 3.455936917623183557e-01 1.252130336804148647e-01 6.115406303551355373e-06 0.000000000000000000e+00 0.000000000000000000e+00 7.820000000000000000e+02 0.000000000000000000e+00 0.000000000000000000e+00 1.000000000000000000e+00
1.000000000000000000e+00 3.100000000000000000e+02 6.150000000000000355e+00 0.000000000000000000e+00 3.477815365557728744e-01 1.034230070225653636e-01 1.197948200828596784e-06 0.000000000000000000e+00 0.000000000000000000e+00 7.820000000000000000e+02 0.000000000000000000e+00 0.000000000000000000e+00 1.000000000000000000e+00
1.000000000000000000e+00 3.100000000000000000e+02 6.160000000000000142e+00 0.000000000000000000e+00 3.501380537028613293e-01 8.065058257703516809e-02 1.023417533097307343e-07 0.000000000000000000e+00 0.000000000000000000e+00 7.820000000000000000e+02 0.000000000000000000e+00 0.000000000000000000e+00 1.000000000000000000e+00
1.000000000000000000e+00 3.100000000000000000e+02 6.169999999999999929e+00 0.000000000000000000e+00 3.526643316146371165e-01 5.685368363671253894e-02 1.553197219021101637e-09 0.000000000000000000e+00 0.000000000000000000e+00 7.820000000000000000e+02 0.000000000000000000e+00 0.000000000000000000e+00 1.000000000000000000e+00
1.000000000000000000e+00 3.100000000000000000e+02 6.179999999999999716e+00 0.000000000000000000e+00 3.553615371100251052e-01 3.198834056853214897e-02 2.088851737951471910e-13 0.000000000000000000e+00 0.000000000000000000e+00 7.820000000000000000e+02 0.000000000000000000e+00 0.000000000000000000e+00 1.000000000000000000e+00
1.000000000000000000e+00 3.100000000000000000e+02 6.189999999999999503e+00 0.000000000000000000e+00 3.582309159547428234e-01 6.008609570593804669e-03 3.522011536618625742e-28 1.000000000000000000e+00 1.000000000000000000e+00 7.820000000000000000e+02 0.000000000000000000e+00 0.000000000000000000e+00 1.000000000000000000e+00
1.000000000000000000e+00 3.100000000000000000e+02 6.200000000000000178e+00 0.000000000000000000e+00 3.447895177537940170e-01 3.191907015451150159e-02 2.862155294423769208e-13 0.000000000000000000e+00 0.000000000000000000e+00 7.820000000000000000e+02 0.000000000000000000e+00 0.000000000000000000e+00 1.000000000000000000e+00
1.000000000000000000e+00 3.100000000000000000e+02 6.209999999999999964e+00 0.000000000000000000e+00 3.315154099745289407e-01 5.663808085738446241e-02 2.339896635926462302e-09 0.000000000000000000e+00 0.000000000000000000e+00 7.820000000000000000e+02 0.000000000000000000e+00 0.000000000000000000e+00 1.000000000000000000e+00
1.000000000000000000e+00 3.100000000000000000e+02 6.219999999999999751e+00 0.000000000000000000e+00 3.184024616682922804e-01 8.021131510216876481e-02 1.626282453010120117e-07 0.000000000000000000e+00 0.000000000000000000e+00 7.820000000000000000e+02 0.000000000000000000e+00 0.000000000000000000e+00 1.000000000000000000e+00
1.000000000000000000e+00 3.100000000000000000e+02 6.229999999999999538e+00 0.000000000000000000e+00 3.054446163215980281e-01 1.026823292557047518e-01 1.977893458779594654e-06 0.000000000000000000e+00 0.000000000000000000e+00 7.820000000000000000e+02 0.000000000000000000e+00 0.000000000000000000e+00 1.000000000000000000e+00
1.000000000000000000e+00 3.100000000000000000e+02 6.240000000000000213e+00 0.000000000000000000e+00 2.926358890587903994e-01 1.240926431080044134e-01 1.041562290292336176e-05 0.000000000000000000e+00 0.000000000000000000e+00 7.820000000000000000e+02 0.000000000000000000e+00 0.000000000000000000e+00 1.000000000000000000e+00
1.000000000000000000e+00 3.100000000000000000e+02 6.250000000000000000e+00 0.000000000000000000e+00 2.799703638777926162e-01 1.444818165885467243e-01 3.431388108904802987e-05 0.000000000000000000e+00 0.000000000000000000e+00 7.820000000000000000e+02 0.000000000000000000e+00 0.000000000000000000e+00 1.000000000000000000e+00
1.000000000000000000e+00 3.100000000000000000e+02 6.259999999999999787e+00 0.000000000000000000e+00 2.674421909176676326e-01 1.638875228613306811e-01 8.454187504272668921e-05 0.000000000000000000e+00 0.000000000000000000e+00 7.820000000000000000e+02 0.000000000000000000e+00 0.000000000000000000e+00 1.000000000000000000e+00
1.000000000000000000e+00 3.100000000000000000e+02 6.269999999999999574e+00 0.000000000000000000e+00 2.550455837567260908e-01 1.823456179337432093e-01 1.717043778052592534e-04 0.000000000000000000e+00 0.000000000000000000e+00 7.820000000000000000e+02 0.000000000000000000e+00 0.000000000000000000e+00 1.000000000000000000e+00
1.000000000000000000e+00 3.100000000000000000e+02 6.280000000000000249e+00 0.000000000000000000e+00 2.427748167399358947e-01 1.998902069078589971e-01 3.045794960831933219e-04 0.000000000000000000e+00 0.000000000000000000e+00 7.820000000000000000e+02 0.000000000000000000e+00 0.000000000000000000e+00 1.000000000000000000e+00
1.000000000000000000e+00 3.100000000000000000e+02 6.290000000000000036e+00 0.000000000000000000e+00 2.306242223343989428e-01 2.165537069965849104e-01 4.894497136391064498e-04 0.000000000000000000e+00 0.000000000000000000e+00 7.820000000000000000e+02 0.000000000000000000e+00 0.000000000000000000e+00 1.000000000000000000e+00
1.000000000000000000e+00 3.100000000000000000e+02 6.299999999999999822e+00 0.000000000000000000e+00 2.185881885116703338e-01 2.323669074210848173e-01 7.300614374544534685e-04 0.000000000000000000e+00 0.000000000000000000e+00 7.820000000000000000e+02 0.000000000000000000e+00 0.000000000000000000e+00 1.000000000000000000e+00
1.000000000000000000e+00 3.100000000000000000e+02 6.309999999999999609e+00 0.000000000000000000e+00 2.066611561557175070e-01 2.473590263001562706e-01 1.027917743648200030e-03 0.000000000000000000e+00 0.000000000000000000e+00 7.820000000000000000e+02 0.000000000000000000e+00 0.000000000000000000e+00 1.000000000000000000e+00
1.000000000000000000e+00 3.100000000000000000e+02 6.320000000000000284e+00 0.000000000000000000e+00 1.948376164953145029e-01 2.615577646366754605e-01 1.382697912678179999e-03 0.000000000000000000e+00 0.000000000000000000e+00 7.820000000000000000e+02 0.000000000000000000e+00 0.000000000000000000e+00 1.000000000000000000e+00
1.000000000000000000e+00 3.100000000000000000e+02 6.330000000000000071e+00 0.000000000000000000e+00 1.831121085596916775e-01 2.749893575008591218e-01 1.792686903960344011e-03 0.000000000000000000e+00 0.000000000000000000e+00 7.820000000000000000e+02 0.000000000000000000e+00 0.000000000000000000e+00 1.000000000000000000e+00
1.000000000000000000e+00 3.100000000000000000e+02 6.339999999999999858e+00 0.000000000000000000e+00 1.714792166562610909e-01 2.876786225049182688e-01 2.255159391544034678e-03 0.000000000000000000e+00 0.000000000000000000e+00 7.820000000000000000e+02 0.000000000000000000e+00 0.000000000000000000e+00 1.000000000000000000e+00
1.000000000000000000e+00 3.100000000000000000e+02 6.349999999999999645e+00 0.000000000000000000e+00 1.599335678692565543e-01 2.996490056586669781e-01 2.766698673447646334e-03 0.000000000000000000e+00 0.000000000000000000e+00 7.820000000000000000e+02 0.000000000000000000e+00 0.000000000000000000e+00 1.000000000000000000e+00
1.000000000000000000e+00 3.100000000000000000e+02 6.360000000000000320e+00 0.000000000000000000e+00 1.484698295781298472e-01 3.109226246908158298e-01 3.323449132083270557e-03 0.000000000000000000e+00 0.000000000000000000e+00 7.820000000000000000e+02 0.000000000000000000e+00 0.000000000000000000e+00 1.000000000000000000e+00
1.000000000000000000e+00 3.100000000000000000e+02 6.370000000000000107e+00 0.000000000000000000e+00 1.370827069945587395e-01 3.215203099159958944e-01 3.921309130907258550e-03 0.000000000000000000e+00 0.000000000000000000e+00 7.820000000000000000e+02 0.000000000000000000e+00 0.000000000000000000e+00 1.000000000000000000e+00
1.000000000000000000e+00 3.100000000000000000e+02 6.379999999999999893e+00 0.000000000000000000e+00 1.257669407169284270e-01 3.314616427230200890e-01 4.556074001876238982e-03 0.000000000000000000e+00 0.000000000000000000e+00 7.820000000000000000e+02 0.000000000000000000e+00 0.000000000000000000e+00 1.000000000000000000e+00
1.000000000000000000e+00 3.100000000000000000e+02 6.389999999999999680e+00 0.000000000000000000e+00 1.145173043011573633e-01 3.407649917555003460e-01 5.223538882329896438e-03 0.000000000000000000e+00 0.000000000000000000e+00 7.820000000000000000e+02 0.000000000000000000e+00 0.000000000000000000e+00 1.000000000000000000e+00
1.000000000000000000e+00 3.100000000000000000e+02 6.400000000000000355e+00 0.000000000000000000e+00 1.033286018467450273e-01 3.494475468516700656e-01 5.919570115102201074e-03 0.000000000000000000e+00 0.000000000000000000e+00 7.820000000000000000e+02 0.000000000000000000e+00 0.000000000000000000e+00 1.000000000000000000e+00
1.000000000000000000e+00 3.100000000000000000e+02 6.410000000000000142e+00 0.000000000000000000e+00 9.219566559692715657e-02 3.575253508061218000e-01 6.640152511243072042e-03 0.000000000000000000e+00 0.000000000000000000e+00 7.820000000000000000e+02 0.000000000000000000e+00 0.000000000000000000e+00 1.000000000000000000e+00
1.000000000000000000e+00 3.100000000000000000e+02 6.419999999999999929e+00 0.000000000000000000e+00 8.111335355182984486e-02 3.650133290121496676e-01 7.381418361892051749e-03 0.000000000000000000e+00 0.000000000000000000e+00 7.820000000000000000e+02 0.000000000000000000e+00 0.000000000000000000e+00 1.000000000000000000e+00
1.000000000000000000e+00 3.100000000000000000e+02 6.429999999999999716e+00 0.000000000000000000e+00 7.007654709351973654e-02 3.719253170394609675e-01 8.139662830312199837e-03 0.000000000000000000e+00 0.000000000000000000e+00 7.820000000000000000e+02 0.000000000000000000e+00 0.000000000000000000e+00 1.000000000000000000e+00
1.000000000000000000e+00 3.100000000000000000e+02 6.439999999999999503e+00 0.000000000000000000e+00 5.908014862185395621e-02 3.782740861982202829e-01 8.911349304426011142e-03 0.000000000000000000e+00 0.000000000000000000e+00 7.820000000000000000e+02 0.000000000000000000e+00 0.000000000000000000e+00 1.000000000000000000e+00
1.000000000000000000e+00 3.100000000000000000e+02 6.450000000000000178e+00 0.000000000000000000e+00 4.811907920003749561e-02 3.840713671366530191e-01 9.693107441408284342e-03 0.000000000000000000e+00 0.000000000000000000e+00 7.820000000000000000e+02 0.000000000000000000e+00 0.000000000000000000e+00 1.000000000000000000e+00
1.000000000000000000e+00 3.100000000000000000e+02 6.459999999999999964e+00 0.000000000000000000e+00 3.718827620880074680e-02 3.893278715158159375e-01 1.048172596527699452e-02 0.000000000000000000e+00 0.000000000000000000e+00 7.820000000000000000e+02 0.000000000000000000e+00 0.000000000000000000e+00 1.000000000000000000e+00
1.000000000000000000e+00 3.100000000000000000e+02 6.469999999999999751e+00 0.000000000000000000e+00 2.628269100811363515e-02 3.940533118015775993e-01 1.127414175630368776e-02 0.000000000000000000e+00 0.000000000000000000e+00 7.820000000000000000e+02 0.000000000000000000e+00 0.000000000000000000e+00 1.000000000000000000e+00
1.000000000000000000e+00 3.100000000000000000e+02 6.479999999999999538e+00 0.000000000000000000e+00 1.539728660535632024e-02 3.982564192103866807e-01 1.206742636859079593e-02 0.000000000000000000e+00 0.000000000000000000e+00 7.820000000000000000e+02 0.000000000000000000e+00 0.000000000000000000e+00 1.000000000000000000e+00
1.000000000000000000e+00 3.100000000000000000e+02 6.490000000000000213e+00 0.000000000000000000e+00 4.527035328869531000e-03 4.019449598419757574e-01 1.285877080403507317e-02 0.000000000000000000e+00 0.000000000000000000e+00 7.820000000000000000e+02 0.000000000000000000e+00 0.000000000000000000e+00 1.000000000000000000e+00
1.000000000000000000e+00 3.100000000000000000e+02 6.500000000000000000e+00 0.000000000000000000e+00 -6.333083494189869350e-03 4.051257490288181495e-01 1.364546913609814005e-02 0.000000000000000000e+00 0.000000000000000000e+00 7.820000000000000000e+02 0.000000000000000000e+00 0.000000000000000000e+00 1.000000000000000000e+00
1.000000000000000000e+00 3.100000000000000000e+02 6.509999999999999787e+00 0.000000000000000000e+00 -1.718808585676090059e-02 4.078046639288475661e-01 1.442490139841976632e-02 0.000000000000000000e+00 0.000000000000000000e+00 7.820000000000000000e+02 0.000000000000000000e+00 0.000000000000000000e+00 1.000000000000000000e+00
1.000000000000000000e+00 3.100000000000000000e+02 6.519999999999999574e+00 0.000000000000000000e+00 -2.804298538862879872e-02 4.099866543847080491e-01 1.519451601799916979e-02 0.000000000000000000e+00 0.000000000000000000e+00 7.820000000000000000e+02 0.000000000000000000e+00 0.000000000000000000e+00 1.000000000000000000e+00
1.000000000000000000e+00 3.100000000000000000e+02 6.530000000000000249e+00 0.000000000000000000e+00 -3.890279567208433653e-02 4.116757520695989991e-01 1.595181197005100110e-02 0.000000000000000000e+00 0.000000000000000000e+00 7.820000000000000000e+02 0.000000000000000000e+00 0.000000000000000000e+00 1.000000000000000000e+00
1.000000000000000000e+00 3.100000000000000000e+02 6.540000000000000036e+00 0.000000000000000000e+00 -4.977253255756035333e-02 4.128750779366168744e-01 1.669432075370420182e-02 0.000000000000000000e+00 0.000000000000000000e+00 7.820000000000000000e+02 0.000000000000000000e+00 0.000000000000000000e+00 1.000000000000000000e+00
1.000000000000000000e+00 3.100000000000000000e+02 6.549999999999999822e+00 0.000000000000000000e+00 -6.065721648031685564e-02 4.135868479853513358e-01 1.741958822831115444e-02 0.000000000000000000e+00 0.000000000000000000e+00 7.820000000000000000e+02 0.000000000000000000e+00 0.000000000000000000e+00 1.000000000000000000e+00
1.000000000000000000e+00 3.100000000000000000e+02 6.559999999999999609e+00 0.000000000000000000e+00 -7.156187477924298712e-02 4.138123773563992525e-01 1.812515630459270166e-02 0.000000000000000000e+00 0.000000000000000000e+00 7.820000000000000000e+02 0.000000000000000000e+00 0.000000000000000000e+00 1.000000000000000000e+00
1.000000000000000000e+00 3.100000000000000000e+02 6.570000000000000284e+00 0.000000000000000000e+00 -8.249154401884796484e-02 4.135520827613540784e-01 1.880854444960508576e-02 0.000000000000000000e+00 0.000000000000000000e+00 7.820000000000000000e+02 0.000000000000000000e+00 0.000000000000000000e+00 1.000000000000000000e+00
1.000000000000000000e+00 3.100000000000000000e+02 6.580000000000000071e+00 0.000000000000000000e+00 -9.345127231551281222e-02 4.128054832527678353e-01 1.946723093691431206e-02 0.000000000000000000e+00 0.000000000000000000e+00 7.820000000000000000e+02 0.000000000000000000e+00 0.000000000000000000e+00 1.000000000000000000e+00
1.000000000000000000e+00 3.100000000000000000e+02 6.589999999999999858e+00 0.000000000000000000e+00 -1.044461216690781014e-01 4.115711993355001264e-01 2.009863375141056341e-02 0.000000000000000000e+00 0.000000000000000000e+00 7.820000000000000000e+02 0.000000000000000000e+00 0.000000000000000000e+00 1.000000000000000000e+00
1.000000000000000000e+00 3.100000000000000000e+02 6.599999999999999645e+00 0.000000000000000000e+00 -1.154811703008432472e-01 4.098469504178199330e-01 2.070009104048813053e-02 0.000000000000000000e+00 0.000000000000000000e+00 7.820000000000000000e+02 0.000000000000000000e+00 0.000000000000000000e+00 1.000000000000000000e+00
1.000000000000000000e+00 3.100000000000000000e+02 6.610000000000000320e+00 0.000000000000000000e+00 -1.265615149990590438e-01 4.076295505975469635e-01 2.126884098888660868e-02 0.000000000000000000e+00 0.000000000000000000e+00 7.820000000000000000e+02 0.000000000000000000e+00 0.000000000000000000e+00 1.000000000000000000e+00
1.000000000000000000e+00 3.100000000000000000e+02 6.620000000000000107e+00 0.000000000000000000e+00 -1.376922734729950082e-01 4.049149027754456731e-01 2.180200098283367749e-02 0.000000000000000000e+00 0.000000000000000000e+00 7.820000000000000000e+02 0.000000000000000000e+00 0.000000000000000000e+00 1.000000000000000000e+00
1.000000000000000000e+00 3.100000000000000000e+02 6.629999999999999893e+00 0.000000000000000000e+00 -1.488785867166695642e-01 4.016979910849972635e-01 2.229654592015088699e-02 0.000000000000000000e+00 0.000000000000000000e+00 7.820000000000000000e+02 0.000000000000000000e+00 0.000000000000000000e+00 1.000000000000000000e+00
1.000000000000000000e+00 3.100000000000000000e+02 6.639999999999999680e+00 0.000000000000000000e+00 -1.601256213833357200e-01 3.979728716245623521e-01 2.274928551708013669e-02 0.000000000000000000e+00 0.000000000000000000e+00 7.820000000000000000e+02 0.000000000000000000e+00 0.000000000000000000e+00 1.000000000000000000e+00
1.000000000000000000e+00 3.100000000000000000e+02 6.650000000000000355e+00 0.000000000000000000e+00 -1.714385721718169608e-01 3.937326614748070108e-01 2.315684046075912328e-02 0.000000000000000000e+00 0.000000000000000000e+00 7.820000000000000000e+02 0.000000000000000000e+00 0.000000000000000000e+00 1.000000000000000000e+00
1.000000000000000000e+00 3.100000000000000000e+02 6.660000000000000142e+00 0.000000000000000000e+00 -1.828226642257971268e-01 3.889695259811034034e-01 2.351561726032869171e-02 0.000000000000000000e+00 0.000000000000000000e+00 7.820000000000000000e+02 0.000000000000000000e+00 0.000000000000000000e+00 1.000000000000000000e+00
1.000000000000000000e+00 3.100000000000000000e+02 6.669999999999999929e+00 0.000000000000000000e+00 -1.942831555471719873e-01 3.836746642774054861e-01 2.382178166254352025e-02 0.000000000000000000e+00 0.000000000000000000e+00 7.820000000000000000e+02 0.000000000000000000e+00 0.000000000000000000e+00 1.000000000000000000e+00
1.000000000000000000e+00 3.100000000000000000e+02 6.679999999999999716e+00 0.000000000000000000e+00 -2.058253394245768975e-01 3.778382930248489480e-01 2.407123052412182829e-02 0.000000000000000000e+00 0.000000000000000000e+00 7.820000000000000000e+02 0.000000000000000000e+00 0.000000000000000000e+00 1.000000000000000000e+00
1.000000000000000000e+00 3.100000000000000000e+02 6.689999999999999503e+00 0.000000000000000000e+00 -2.174545468782128621e-01 3.714496283350350869e-01 2.425956208003798853e-02 0.000000000000000000e+00 0.000000000000000000e+00 7.820000000000000000e+02 0.000000000000000000e+00 0.000000000000000000e+00 1.000000000000000000e+00
1.000000000000000000e+00 3.100000000000000000e+02 6.700000000000000178e+00 0.000000000000000000e+00 -2.291761491220990765e-01 3.644968658445931764e-01 2.438204462546694762e-02 0.000000000000000000e+00 0.000000000000000000e+00 7.820000000000000000e+02 0.000000000000000000e+00 0.000000000000000000e+00 1.000000000000000000e+00
1.000000000000000000e+00 3.100000000000000000e+02 6.709999999999999964e+00 0.000000000000000000e+00 -2.409955600448907553e-01 3.569671589042069382e-01 2.443358375590563847e-02 0.000000000000000000e+00 0.000000000000000000e+00 7.820000000000000000e+02 0.000000000000000000e+00 0.000000000000000000e+00 1.000000000000000000e+00
1.000000000000000000e+00 3.100000000000000000e+02 6.719999999999999751e+00 0.000000000000000000e+00 -2.529182387104063623e-01 3.488465948418060791e-01 2.440868851093028202e-02 0.000000000000000000e+00 0.000000000000000000e+00 7.820000000000000000e+02 0.000000000000000000e+00 0.000000000000000000e+00 1.000000000000000000e+00
1.000000000000000000e+00 3.100000000000000000e+02 6.729999999999999538e+00 0.000000000000000000e+00 -2.649496918790206768e-01 3.401201692560604783e-01 2.430143708216295217e-02 0.000000000000000000e+00 0.000000000000000000e+00 7.820000000000000000e+02 0.000000000000000000e+00 0.000000000000000000e+00 1.000000000000000000e+00
1.000000000000000000e+00 3.100000000000000000e+02 6.740000000000000213e+00 0.000000000000000000e+00 -2.770954765510874607e-01 3.307717582926839595e-01 2.410544323800167810e-02 0.000000000000000000e+00 0.000000000000000000e+00 7.820000000000000000e+02 0.000000000000000000e+00 0.000000000000000000e+00 1.000000000000000000e+00
1.000000000000000000e+00 3.100000000000000000e+02 6.750000000000000000e+00 0.000000000000000000e+00 -2.893612025335658977e-01 3.207840888523189049e-01 2.381382538570687990e-02 0.000000000000000000e+00 0.000000000000000000e+00 7.820000000000000000e+02 0.000000000000000000e+00 0.000000000000000000e+00 1.000000000000000000e+00
1.000000000000000000e+00 3.100000000000000000e+02 6.759999999999999787e+00 0.000000000000000000e+00 -3.017525350310383270e-01 3.101387066749549115e-01 2.341918139441354074e-02 0.000000000000000000e+00 0.000000000000000000e+00 7.820000000000000000e+02 0.000000000000000000e+00 0.000000000000000000e+00 1.000000000000000000e+00
1.000000000000000000e+00 3.100000000000000000e+02 6.769999999999999574e+00 0.000000000000000000e+00 -3.142751972623135104e-01 2.988159422419147671e-01 2.291357419859742228e-02 0.000000000000000000e+00 0.000000000000000000e+00 7.820000000000000000e+02 0.000000000000000000e+00 0.000000000000000000e+00 1.000000000000000000e+00
1.000000000000000000e+00 3.100000000000000000e+02 6.780000000000000249e+00 0.000000000000000000e+00 -3.269349731038250217e-01 2.867948744323979837e-01 2.228853621607040925e-02 0.000000000000000000e+00 0.000000000000000000e+00 7.820000000000000000e+02 0.000000000000000000e+00 0.000000000000000000e+00 1.000000000000000000e+00
1.000000000000000000e+00 3.100000000000000000e+02 6.790000000000000036e+00 0.000000000000000000e+00 -3.397377097610470020e-01 2.740532918674356555e-01 2.153510546180473217e-02 0.000000000000000000e+00 0.000000000000000000e+00 7.820000000000000000e+02 0.000000000000000000e+00 0.000000000000000000e+00 1.000000000000000000e+00
1.000000000000000000e+00 3.100000000000000000e+02 6.799999999999999822e+00 0.000000000000000000e+00 -3.526893204691585737e-01 2.605676518698307742e-01 2.064391413949041160e-02 1.000000000000000000e+00 0.000000000000000000e+00 7.820000000000000000e+02 0.000000000000000000e+00 0.000000000000000000e+00 1.000000000000000000e+00
1.000000000000000000e+00 3.100000000000000000e+02 6.809999999999999609e+00 0.000000000000000000e+00 -3.606424806553404916e-01 2.588684892969143614e-01 2.107717859467053007e-02 0.000000000000000000e+00 0.000000000000000000e+00 7.820000000000000000e+02 0.000000000000000000e+00 0.000000000000000000e+00 1.000000000000000000e+00
1.000000000000000000e+00 3.100000000000000000e+02 6.820000000000000284e+00 0.000000000000000000e+00 -3.687541702364191543e-01 2.564332920557901296e-01 2.141924902233351830e-02 0.000000000000000000e+00 0.000000000000000000e+00 7.820000000000000000e+02 0.000000000000000000e+00 0.000000000000000000e+00 1.000000000000000000e+00
1.000000000000000000e+00 3.100000000000000000e+02 6.830000000000000071e+00 0.000000000000000000e+00 -3.770281357807634959e-01 2.532575606219862330e-01 2.166466649493644508e-02 0.000000000000000000e+00 0.000000000000000000e+00 7.820000000000000000e+02 0.000000000000000000e+00 0.000000000000000000e+00 1.000000000000000000e+00
1.000000000000000000e+00 3.100000000000000000e+02 6.839999999999999858e+00 0.000000000000000000e+00 -3.854681988075871479e-01 2.493354271828013557e-01 2.180764174177524800e-02 0.000000000000000000e+00 0.000000000000000000e+00 7.820000000000000000e+02 0.000000000000000000e+00 0.000000000000000000e+00 1.000000000000000000e+00
1.000000000000000000e+00 3.100000000000000000e+02 6.849999999999999645e+00 0.000000000000000000e+00 -3.940782575520051512e-01 2.446596447953212072e-01 2.184200016336174111e-02 0.000000000000000000e+00 0.000000000000000000e+00 7.820000000000000000e+02 0.000000000000000000e+00 0.000000000000000000e+00 1.000000000000000000e+00
1.000000000000000000e+00 3.100000000000000000e+02 6.860000000000000320e+00 0.000000000000000000e+00 -4.028622887655216589e-01 2.392215739962111343e-01 2.176113301500667147e-02 0.000000000000000000e+00 0.000000000000000000e+00 7.820000000000000000e+02 0.000000000000000000e+00 0.000000000000000000e+00 1.000000000000000000e+00
1.000000000000000000e+00 3.100000000000000000e+02 6.870000000000000107e+00 0.000000000000000000e+00 -4.118243495527835751e-01 2.330111668385425605e-01 2.155795754806567183e-02 0.000000000000000000e+00 0.000000000000000000e+00 7.820000000000000000e+02 0.000000000000000000e+00 0.000000000000000000e+00 1.000000000000000000e+00
1.000000000000000000e+00 3.100000000000000000e+02 6.879999999999999893e+00 0.000000000000000000e+00 -4.209685792454466169e-01 2.260169483261575685e-01 2.122489107928732938e-02 0.000000000000000000e+00 0.000000000000000000e+00 7.820000000000000000e+02 0.000000000000000000e+00 0.000000000000000000e+00 1.000000000000000000e+00
1.000000000000000000e+00 3.100000000000000000e+02 6.889999999999999680e+00 0.000000000000000000e+00 -4.302992013140194971e-01 2.182259952112691748e-01 2.075384738985986549e-02 0.000000000000000000e+00 0.000000000000000000e+00 7.820000000000000000e+02 0.000000000000000000e+00 0.000000000000000000e+00 1.000000000000000000e+00
1.000000000000000000e+00 3.100000000000000000e+02 6.900000000000000355e+00 0.000000000000000000e+00 -4.398205253185702990e-01 2.096239121161203867e-01 2.013626937210580975e-02 0.000000000000000000e+00 0.000000000000000000e+00 7.820000000000000000e+02 0.000000000000000000e+00 0.000000000000000000e+00 1.000000000000000000e+00
1.000000000000000000e+00 3.100000000000000000e+02 6.910000000000000142e+00 0.000000000000000000e+00 -4.495369488991940443e-01 2.001948049345824154e-01 1.936322088961606874e-02 0.000000000000000000e+00 0.000000000000000000e+00 7.820000000000000000e+02 0.000000000000000000e+00 0.000000000000000000e+00 1.000000000000000000e+00
1.000000000000000000e+00 3.100000000000000000e+02 6.919999999999999929e+00 0.000000000000000000e+00 -4.594529598071641074e-01 1.899212514645463035e-01 1.842557595552353489e-02 1.000000000000000000e+00 0.000000000000000000e+00 7.820000000000000000e+02 0.000000000000000000e+00 0.000000000000000000e+00 1.000000000000000000e+00
1.000000000000000000e+00 3.100000000000000000e+02 6.929999999999999716e+00 0.000000000000000000e+00 -4.676582140013297861e-01 1.771175473991014881e-01 1.685260837867413874e-02 0.000000000000000000e+00 0.000000000000000000e+00 7.820000000000000000e+02 0.000000000000000000e+00 0.000000000000000000e+00 1.000000000000000000e+00
1.000000000000000000e+00 3.100000000000000000e+02 6.939999999999999503e+00 0.000000000000000000e+00 -4.760714252413760228e-01 1.630737275897270189e-01 1.505151546509075899e-02 0.000000000000000000e+00 0.000000000000000000e+00 7.820000000000000000e+02 0.000000000000000000e+00 0.000000000000000000e+00 1.000000000000000000e+00
1.000000000000000000e+00 3.100000000000000000e+02 6.950000000000000178e+00 0.000000000000000000e+00 -4.846964793603087962e-01 1.477638432098383747e-01 1.302868765207215729e-02 0.000000000000000000e+00 0.000000000000000000e+00 7.820000000000000000e+02 0.000000000000000000e+00 0.000000000000000000e+00 1.000000000000000000e+00
1.000000000000000000e+00 3.100000000000000000e+02 6.959999999999999964e+00 0.000000000000000000e+00 -4.935373600355876245e-01 1.311596061198696539e-01 1.080323283289461034e-02 0.000000000000000000e+00 0.000000000000000000e+00 7.820000000000000000e+02 0.000000000000000000e+00 0.000000000000000000e+00 1.000000000000000000e+00
1.000000000000000000e+00 3.100000000000000000e+02 6.969999999999999751e+00 0.000000000000000000e+00 -5.025981506290762013e-01 1.132303365991561145e-01 8.416817622877804939e-03 0.000000000000000000e+00 0.000000000000000000e+00 7.820000000000000000e+02 0.000000000000000000e+00 0.000000000000000000e+00 1.000000000000000000e+00
1.000000000000000000e+00 3.100000000000000000e+02 6.979999999999999538e+00 0.000000000000000000e+00 -5.118830360730376450e-01 9.394290665888158087e-02 5.951383237474319049e-03 0.000000000000000000e+00 0.000000000000000000e+00 7.820000000000000000e+02 0.000000000000000000e+00 0.000000000000000000e+00 1.000000000000000000e+00
1.000000000000000000e+00 3.100000000000000000e+02 6.990000000000000213e+00 0.000000000000000000e+00 -5.213963048030388903e-01 7.326167883135008274e-02 3.560843035308292048e-03 0.000000000000000000e+00 0.000000000000000000e+00 7.820000000000000000e+02 0.000000000000000000e+00 0.000000000000000000e+00 1.000000000000000000e+00
1.000000000000000000e+00 3.100000000000000000e+02 7.000000000000000000e+00 0.000000000000000000e+00 -5.311423507386636711e-01 5.114844032248301586e-02 1.522057558920592371e-03 0.000000000000000000e+00 0.000000000000000000e+00 7.820000000000000000e+02 0.000000000000000000e+00 0.000000000000000000e+00 1.000000000000000000e+00
1.000000000000000000e+00 3.100000000000000000e+02 7.009999999999999787e+00 0.000000000000000000e+00 -5.411256753129434216e-01 2.756233240587402378e-02 2.646702016807457244e-04 1.000000000000000000e+00 1.000000000000000000e+00 7.820000000000000000e+02 0.000000000000000000e+00 0.000000000000000000e+00 1.000000000000000000e+00
1.000000000000000000e+00 3.100000000000000000e+02 7.019999999999999574e+00 0.000000000000000000e+00 -5.397249327149477027e-01 5.031429199486585346e-02 1.599134700812207197e-03 0.000000000000000000e+00 0.000000000000000000e+00 7.820000000000000000e+02 0.000000000000000000e+00 0.000000000000000000e+00 1.000000000000000000e+00
1.000000000000000000e+00 3.100000000000000000e+02 7.030000000000000249e+00 0.000000000000000000e+00 -5.385654328163408389e-01 7.108770512119398644e-02 3.847178603480508330e-03 0.000000000000000000e+00 0.000000000000000000e+00 7.820000000000000000e+02 0.000000000000000000e+00 0.000000000000000000e+00 1.000000000000000000e+00
1.000000000000000000e+00 3.100000000000000000e+02 7.040000000000000036e+00 0.000000000000000000e+00 -5.376466400757169417e-01 8.992095491011234398e-02 6.547506943077530811e-03 0.000000000000000000e+00 0.000000000000000000e+00 7.820000000000000000e+02 0.000000000000000000e+00 0.000000000000000000e+00 1.000000000000000000e+00
1.000000000000000000e+00 3.100000000000000000e+02 7.049999999999999822e+00 0.000000000000000000e+00 -5.369681301277466901e-01 1.068488396386872985e-01 9.375174160734418838e-03 0.000000000000000000e+00 0.000000000000000000e+00 7.820000000000000000e+02 0.000000000000000000e+00 0.000000000000000000e+00 1.000000000000000000e+00
1.000000000000000000e+00 3.100000000000000000e+02 7.059999999999999609e+00 0.000000000000000000e+00 -5.365295895871750043e-01 1.219026370327248587e-01 1.213446553559128366e-02 0.000000000000000000e+00 0.000000000000000000e+00 7.820000000000000000e+02 0.000000000000000000e+00 0.000000000000000000e+00 1.000000000000000000e+00
1.000000000000000000e+00 3.100000000000000000e+02 7.070000000000000284e+00 0.000000000000000000e+00 -5.363308159040767187e-01 1.351101620587598084e-01 1.471026473008652663e-02 0.000000000000000000e+00 0.000000000000000000e+00 7.820000000000000000e+02 0.000000000000000000e+00 0.000000000000000000e+00 1.000000000000000000e+00
1.000000000000000000e+00 3.100000000000000000e+02 7.080000000000000071e+00 0.000000000000000000e+00 -5.363717172703041935e-01 1.464958183178896034e-01 1.703461658908652504e-02 0.000000000000000000e+00 0.000000000000000000e+00 7.820000000000000000e+02 0.000000000000000000e+00 0.000000000000000000e+00 1.000000000000000000e+00
1.000000000000000000e+00 3.100000000000000000e+02 7.089999999999999858e+00 0.000000000000000000e+00 -5.366523125770841229e-01 1.560806431364136493e-01 1.906701332241337449e-02 1.000000000000000000e+00 0.000000000000000000e+00 7.820000000000000000e+02 0.000000000000000000e+00 0.000000000000000000e+00 1.000000000000000000e+00
1.000000000000000000e+00 3.100000000000000000e+02 7.099999999999999645e+00 0.000000000000000000e+00 -5.337814949100422313e-01 1.602551035955009917e-01 1.966452796241958262e-02 0.000000000000000000e+00 0.000000000000000000e+00 7.820000000000000000e+02 0.000000000000000000e+00 0.000000000000000000e+00 1.000000000000000000e+00
1.000000000000000000e+00 3.100000000000000000e+02 7.110000000000000320e+00 0.000000000000000000e+00 -5.311491748304298932e-01 1.625634647964210866e-01 1.988755144632994853e-02 0.000000000000000000e+00 0.000000000000000000e+00 7.820000000000000000e+02 0.000000000000000000e+00 0.000000000000000000e+00 1.000000000000000000e+00
1.000000000000000000e+00 3.100000000000000000e+02 7.120000000000000107e+00 0.000000000000000000e+00 -5.287541365413345185e-01 1.630099919081458015e-01 1.974164849946551115e-02 0.000000000000000000e+00 0.000000000000000000e+00 7.820000000000000000e+02 0.000000000000000000e+00 0.000000000000000000e+00 1.000000000000000000e+00
1.000000000000000000e+00 3.100000000000000000e+02 7.129999999999999893e+00 0.000000000000000000e+00 -5.265952738398368416e-01 1.615955099807502016e-01 1.923401609334984830e-02 0.000000000000000000e+00 0.000000000000000000e+00 7.820000000000000000e+02 0.000000000000000000e+00 0.000000000000000000e+00 1.000000000000000000e+00
1.000000000000000000e+00 3.100000000000000000e+02 7.139999999999999680e+00 0.000000000000000000e+00 -5.246715896060853979e-01 1.583174054698609778e-01 1.837369433589523121e-02 0.000000000000000000e+00 0.000000000000000000e+00 7.820000000000000000e+02 0.000000000000000000e+00 0.000000000000000000e+00 1.000000000000000000e+00
1.000000000000000000e+00 3.100000000000000000e+02 7.150000000000000355e+00 0.000000000000000000e+00 -5.229821953427544745e-01 1.531696214075995988e-01 1.717243130262874340e-02 0.000000000000000000e+00 0.000000000000000000e+00 7.820000000000000000e+02 0.000000000000000000e+00 0.000000000000000000e+00 1.000000000000000000e+00
1.000000000000000000e+00 3.100000000000000000e+02 7.160000000000000142e+00 0.000000000000000000e+00 -5.215263107646707086e-01 1.461426462110960167e-01 1.564635032519855196e-02 0.000000000000000000e+00 0.000000000000000000e+00 7.820000000000000000e+02 0.000000000000000000e+00 0.000000000000000000e+00 1.000000000000000000e+00
1.000000000000000000e+00 3.100000000000000000e+02 7.169999999999999929e+00 0.000000000000000000e+00 -5.203032634384214816e-01 1.372234961078963866e-01 1.381877093677590096e-02 0.000000000000000000e+00 0.000000000000000000e+00 7.820000000000000000e+02 0.000000000000000000e+00 0.000000000000000000e+00 1.000000000000000000e+00
1.000000000000000000e+00 3.100000000000000000e+02 7.179999999999999716e+00 0.000000000000000000e+00 -5.193124884717754686e-01 1.263956911457903565e-01 1.172484113980779008e-02 0.000000000000000000e+00 0.000000000000000000e+00 7.820000000000000000e+02 0.000000000000000000e+00 0.000000000000000000e+00 1.000000000000000000e+00
1.000000000000000000e+00 3.100000000000000000e+02 7.189999999999999503e+00 0.000000000000000000e+00 -5.185535282527752310e-01 1.136392247427319979e-01 9.419140574519480058e-03 0.000000000000000000e+00 0.000000000000000000e+00 7.820000000000000000e+02 0.000000000000000000e+00 0.000000000000000000e+00 1.000000000000000000e+00
1.000000000000000000e+00 3.100000000000000000e+02 7.200000000000000178e+00 0.000000000000000000e+00 -5.180260322383770655e-01 9.893052672059175767e-02 6.988211677127306731e-03 0.000000000000000000e+00 0.000000000000000000e+00 7.820000000000000000e+02 0.000000000000000000e+00 0.000000000000000000e+00 1.000000000000000000e+00
1.000000000000000000e+00 3.100000000000000000e+02 7.209999999999999964e+00 0.000000000000000000e+00 -5.177297567925470689e-01 8.224241975443652430e-02 4.570931213282981853e-03 1.000000000000000000e+00 0.000000000000000000e+00 7.820000000000000000e+02 0.000000000000000000e+00 0.000000000000000000e+00 1.000000000000000000e+00
1.000000000000000000e+00 3.100000000000000000e+02 7.219999999999999751e+00 0.000000000000000000e+00 -5.143189228834152971e-01 5.822896236726975844e-02 1.823143992983604356e-03 0.000000000000000000e+00 0.000000000000000000e+00 7.820000000000000000e+02 0.000000000000000000e+00 0.000000000000000000e+00 1.000000000000000000e+00
1.000000000000000000e+00 3.100000000000000000e+02 7.229999999999999538e+00 0.000000000000000000e+00 -5.111375973300615883e-01 3.526868717006489962e-02 3.789394988593505417e-04 1.000000000000000000e+00 1.000000000000000000e+00 7.820000000000000000e+02 0.000000000000000000e+00 0.000000000000000000e+00 1.000000000000000000e+00
1.000000000000000000e+00 3.100000000000000000e+02 7.240000000000000213e+00 0.000000000000000000e+00 -5.438750924076588555e-01 5.431446948123994090e-02 2.054076975372689032e-03 0.000000000000000000e+00 0.000000000000000000e+00 7.820000000000000000e+02 0.000000000000000000e+00 0.000000000000000000e+00 1.000000000000000000e+00
1.000000000000000000e+00 3.100000000000000000e+02 7.250000000000000000e+00 0.000000000000000000e+00 -5.768557470303126156e-01 6.950728606993579473e-02 5.092118610981240939e-03 0.000000000000000000e+00 0.000000000000000000e+00 7.820000000000000000e+02 0.000000000000000000e+00 0.000000000000000000e+00 1.000000000000000000e+00
1.000000000000000000e+00 3.100000000000000000e+02 7.259999999999999787e+00 0.000000000000000000e+00 -6.100947940636485267e-01 8.087520876905433809e-02 9.063851088838476011e-03 0.000000000000000000e+00 0.000000000000000000e+00 7.820000000000000000e+02 0.000000000000000000e+00 0.000000000000000000e+00 1.000000000000000000e+00
1.000000000000000000e+00 3.100000000000000000e+02 7.269999999999999574e+00 0.000000000000000000e+00 -6.436075857177053772e-01 8.843924213851946103e-02 1.351180869814976732e-02 0.000000000000000000e+00 0.000000000000000000e+00 7.820000000000000000e+02 0.000000000000000000e+00 0.000000000000000000e+00 1.000000000000000000e+00
1.000000000000000000e+00 3.100000000000000000e+02 7.280000000000000249e+00 0.000000000000000000e+00 -6.774096006377027246e-01 9.221336227549344067e-02 1.804225683804932395e-02 0.000000000000000000e+00 0.000000000000000000e+00 7.820000000000000000e+02 0.000000000000000000e+00 0.000000000000000000e+00 1.000000000000000000e+00
1.000000000000000000e+00 3.100000000000000000e+02 7.290000000000000036e+00 0.000000000000000000e+00 -7.115164510532049347e-01 9.220454263807191519e-02 2.231114465795262791e-02 0.000000000000000000e+00 0.000000000000000000e+00 7.820000000000000000e+02 0.000000000000000000e+00 0.000000000000000000e+00 1.000000000000000000e+00
1.000000000000000000e+00 3.100000000000000000e+02 7.299999999999999822e+00 0.000000000000000000e+00 -7.459438899889848651e-01 8.841276693017265098e-02 2.598803636062108763e-02 0.000000000000000000e+00 0.000000000000000000e+00 7.820000000000000000e+02 0.000000000000000000e+00 0.000000000000000000e+00 1.000000000000000000e+00
1.000000000000000000e+00 3.100000000000000000e+02 7.309999999999999609e+00 0.000000000000000000e+00 -7.807078185409168647e-01 8.083102907142532267e-02 2.871081832381484206e-02 0.000000000000000000e+00 0.000000000000000000e+00 7.820000000000000000e+02 0.000000000000000000e+00 0.000000000000000000e+00 1.000000000000000000e+00
1.000000000000000000e+00 3.100000000000000000e+02 7.320000000000000284e+00 0.000000000000000000e+00 -8.158242932202590669e-01 6.944532025200622627e-02 3.002061002902699227e-02 0.000000000000000000e+00 0.000000000000000000e+00 7.820000000000000000e+02 0.000000000000000000e+00 0.000000000000000000e+00 1.000000000000000000e+00
1.000000000000000000e+00 3.100000000000000000e+02 7.330000000000000071e+00 0.000000000000000000e+00 -8.513095333697188183e-01 5.423460304850009212e-02 2.924232536637363239e-02 0.000000000000000000e+00 0.000000000000000000e+00 7.820000000000000000e+02 0.000000000000000000e+00 0.000000000000000000e+00 1.000000000000000000e+00
1.000000000000000000e+00 3.100000000000000000e+02 7.339999999999999858e+00 0.000000000000000000e+00 -8.871799286547250585e-01 3.517077255296168631e-02 2.520426989105231663e-02 0.000000000000000000e+00 0.000000000000000000e+00 7.820000000000000000e+02 0.000000000000000000e+00 0.000000000000000000e+00 1.000000000000000000e+00
1.000000000000000000e+00 3.100000000000000000e+02 7.349999999999999645e+00 0.000000000000000000e+00 -9.234520466333682176e-01 1.221860444335598830e-02 1.537828101238408046e-02 1.000000000000000000e+00 1.000000000000000000e+00 7.820000000000000000e+02 0.000000000000000000e+00 0.000000000000000000e+00 1.000000000000000000e+00
1.000000000000000000e+00 3.100000000000000000e+02 7.360000000000000320e+00 0.000000000000000000e+00 -9.056925074139657861e-01 3.045614170754054259e-02 2.591125875002702611e-02 0.000000000000000000e+00 0.000000000000000000e+00 7.820000000000000000e+02 0.000000000000000000e+00 0.000000000000000000e+00 1.000000000000000000e+00
1.000000000000000000e+00 3.100000000000000000e+02 7.370000000000000107e+00 0.000000000000000000e+00 -8.883432413438491215e-01 4.022379819799377920e-02 2.873206003305249501e-02 0.000000000000000000e+00 0.000000000000000000e+00 7.820000000000000000e+02 0.000000000000000000e+00 0.000000000000000000e+00 1.000000000000000000e+00
1.000000000000000000e+00 3.100000000000000000e+02 7.379999999999999893e+00 0.000000000000000000e+00 -8.713962352697995906e-01 4.153962165584662580e-02 2.600025967082304074e-02 0.000000000000000000e+00 0.000000000000000000e+00 7.820000000000000000e+02 0.000000000000000000e+00 0.000000000000000000e+00 1.000000000000000000e+00
1.000000000000000000e+00 3.100000000000000000e+02 7.389999999999999680e+00 0.000000000000000000e+00 -8.548436618315282676e-01 3.440604333379153335e-02 1.876987419238255322e-02 0.000000000000000000e+00 0.000000000000000000e+00 7.820000000000000000e+02 0.000000000000000000e+00 0.000000000000000000e+00 1.000000000000000000e+00
1.000000000000000000e+00 3.100000000000000000e+02 7.400000000000000355e+00 0.000000000000000000e+00 -8.386778758464329409e-01 1.880988248831858348e-02 8.193280148815311470e-03 1.000000000000000000e+00 1.000000000000000000e+00 7.820000000000000000e+02 0.000000000000000000e+00 0.000000000000000000e+00 1.000000000000000000e+00
1.000000000000000000e+00 3.100000000000000000e+02 7.410000000000000142e+00 0.000000000000000000e+00 -8.503775185956350402e-01 3.570167046272788164e-02 1.877514154649065348e-02 0.000000000000000000e+00 0.000000000000000000e+00 7.820000000000000000e+02 0.000000000000000000e+00 0.000000000000000000e+00 1.000000000000000000e+00
1.000000000000000000e+00 3.100000000000000000e+02 7.419999999999999929e+00 0.000000000000000000e+00 -8.624618860081577632e-01 4.517009033154023578e-02 2.637079908199003314e-02 0.000000000000000000e+00 0.000000000000000000e+00 7.820000000000000000e+02 0.000000000000000000e+00 0.000000000000000000e+00 1.000000000000000000e+00
1.000000000000000000e+00 3.100000000000000000e+02 7.429999999999999716e+00 0.000000000000000000e+00 -8.749365595240014004e-01 4.723263693508693989e-02 3.017472074333391041e-02 0.000000000000000000e+00 0.000000000000000000e+00 7.820000000000000000e+02 0.000000000000000000e+00 0.000000000000000000e+00 1.000000000000000000e+00
1.000000000000000000e+00 3.100000000000000000e+02 7.439999999999999503e+00 0.000000000000000000e+00 -8.878073008549208778e-01 4.189312124964542777e-02 2.968548655168402883e-02 0.000000000000000000e+00 0.000000000000000000e+00 7.820000000000000000e+02 0.000000000000000000e+00 0.000000000000000000e+00 1.000000000000000000e+00
1.000000000000000000e+00 3.100000000000000000e+02 7.450000000000000178e+00 0.000000000000000000e+00 -9.010800546456000371e-01 2.914167742899664848e-02 2.399157798864672009e-02 1.000000000000000000e+00 1.000000000000000000e+00 7.820000000000000000e+02 0.000000000000000000e+00 0.000000000000000000e+00 1.000000000000000000e+00
1.000000000000000000e+00 3.100000000000000000e+02 7.459999999999999964e+00 0.000000000000000000e+00 -8.823996390262563994e-01 4.201374081895452306e-02 2.858016014835648017e-02 0.000000000000000000e+00 0.000000000000000000e+00 7.820000000000000000e+02 0.000000000000000000e+00 0.000000000000000000e+00 1.000000000000000000e+00
1.000000000000000000e+00 3.100000000000000000e+02 7.469999999999999751e+00 0.000000000000000000e+00 -8.641187382150365970e-01 4.753883648280048807e-02 2.807840928419244597e-02 0.000000000000000000e+00 0.000000000000000000e+00 7.820000000000000000e+02 0.000000000000000000e+00 0.000000000000000000e+00 1.000000000000000000e+00
1.000000000000000000e+00 3.100000000000000000e+02 7.479999999999999538e+00 0.000000000000000000e+00 -8.462289087620223915e-01 4.572717316368212631e-02 2.361461815471920661e-02 0.000000000000000000e+00 0.000000000000000000e+00 7.820000000000000000e+02 0.000000000000000000e+00 0.000000000000000000e+00 1.000000000000000000e+00
1.000000000000000000e+00 3.100000000000000000e+02 7.490000000000000213e+00 0.000000000000000000e+00 -8.287218878424985613e-01 3.657540344345139305e-02 1.595677960381704230e-02 0.000000000000000000e+00 0.000000000000000000e+00 7.820000000000000000e+02 0.000000000000000000e+00 0.000000000000000000e+00 1.000000000000000000e+00
1.000000000000000000e+00 3.100000000000000000e+02 7.500000000000000000e+00 0.000000000000000000e+00 -8.115895894405806832e-01 2.006661755762570790e-02 6.369933772415545953e-03 1.000000000000000000e+00 1.000000000000000000e+00 7.820000000000000000e+02 0.000000000000000000e+00 0.000000000000000000e+00 1.000000000000000000e+00
1.000000000000000000e+00 3.100000000000000000e+02 7.509999999999999787e+00 0.000000000000000000e+00 -8.488725918269428572e-01 3.037009025622684419e-02 1.556404998320802535e-02 0.000000000000000000e+00 0.000000000000000000e+00 7.820000000000000000e+02 0.000000000000000000e+00 0.000000000000000000e+00 1.000000000000000000e+00
1.000000000000000000e+00 3.100000000000000000e+02 7.519999999999999574e+00 0.000000000000000000e+00 -8.865396237919614952e-01 2.960722309985419284e-02 2.141199330113074950e-02 0.000000000000000000e+00 0.000000000000000000e+00 7.820000000000000000e+02 0.000000000000000000e+00 0.000000000000000000e+00 1.000000000000000000e+00
1.000000000000000000e+00 3.100000000000000000e+02 7.530000000000000249e+00 0.000000000000000000e+00 -9.246080827112493905e-01 1.777660653556441608e-02 2.023973475218188156e-02 1.000000000000000000e+00 1.000000000000000000e+00 7.820000000000000000e+02 0.000000000000000000e+00 0.000000000000000000e+00 1.000000000000000000e+00
1.000000000000000000e+00 3.100000000000000000e+02 7.540000000000000036e+00 0.000000000000000000e+00 -8.984475297371540270e-01 3.182983166546341641e-02 2.531426504186955889e-02 0.000000000000000000e+00 0.000000000000000000e+00 7.820000000000000000e+02 0.000000000000000000e+00 0.000000000000000000e+00 1.000000000000000000e+00
1.000000000000000000e+00 3.100000000000000000e+02 7.549999999999999822e+00 0.000000000000000000e+00 -8.726939036545854345e-01 3.608827464634800641e-02 2.292500775781380895e-02 0.000000000000000000e+00 0.000000000000000000e+00 7.820000000000000000e+02 0.000000000000000000e+00 0.000000000000000000e+00 1.000000000000000000e+00
1.000000000000000000e+00 3.100000000000000000e+02 7.559999999999999609e+00 0.000000000000000000e+00 -8.473353095654602152e-01 3.055980382172668666e-02 1.544488756729824747e-02 0.000000000000000000e+00 0.000000000000000000e+00 7.820000000000000000e+02 0.000000000000000000e+00 0.000000000000000000e+00 1.000000000000000000e+00
1.000000000000000000e+00 3.100000000000000000e+02 7.570000000000000284e+00 0.000000000000000000e+00 -8.223600350262066927e-01 1.523420421215272366e-02 5.201304324151043157e-03 1.000000000000000000e+00 1.000000000000000000e+00 7.820000000000000000e+02 0.000000000000000000e+00 0.000000000000000000e+00 1.000000000000000000e+00
1.000000000000000000e+00 3.100000000000000000e+02 7.580000000000000071e+00 0.000000000000000000e+00 -9.022058308494838030e-01 1.903511069743835452e-02 1.692309602067694138e-02 1.000000000000000000e+00 1.000000000000000000e+00 7.820000000000000000e+02 0.000000000000000000e+00 0.000000000000000000e+00 1.000000000000000000e+00
1.000000000000000000e+00 3.100000000000000000e+02 7.589999999999999858e+00 0.000000000000000000e+00 -9.036143424362947929e-01 3.497039863015944522e-02 2.862622896947138174e-02 0.000000000000000000e+00 0.000000000000000000e+00 7.820000000000000000e+02 0.000000000000000000e+00 0.000000000000000000e+00 1.000000000000000000e+00
1.000000000000000000e+00 3.100000000000000000e+02 7.599999999999999645e+00 0.000000000000000000e+00 -9.054321673246200630e-01 4.278632368392681906e-02 3.439983882028488371e-02 0.000000000000000000e+00 0.000000000000000000e+00 7.820000000000000000e+02 0.000000000000000000e+00 0.000000000000000000e+00 1.000000000000000000e+00
1.000000000000000000e+00 3.100000000000000000e+02 7.610000000000000320e+00 0.000000000000000000e+00 -9.076601451182382263e-01 4.249732737725692849e-02 3.475723565113163910e-02 0.000000000000000000e+00 0.000000000000000000e+00 7.820000000000000000e+02 0.000000000000000000e+00 0.000000000000000000e+00 1.000000000000000000e+00
1.000000000000000000e+00 3.100000000000000000e+02 7.620000000000000107e+00 0.000000000000000000e+00 -9.102993048593785996e-01 3.410287573042437154e-02 2.956020052321588210e-02 0.000000000000000000e+00 0.000000000000000000e+00 7.820000000000000000e+02 0.000000000000000000e+00 0.000000000000000000e+00 1.000000000000000000e+00
1.000000000000000000e+00 3.100000000000000000e+02 7.629999999999999893e+00 0.000000000000000000e+00 -9.133508655040066815e-01 1.758745827882525134e-02 1.786239052353020412e-02 1.000000000000000000e+00 1.000000000000000000e+00 7.820000000000000000e+02 0.000000000000000000e+00 0.000000000000000000e+00 1.000000000000000000e+00
1.000000000000000000e+00 3.100000000000000000e+02 7.639999999999999680e+00 0.000000000000000000e+00 -9.710955903846302251e-01 2.271683338818757461e-02 3.653978025158024362e-02 0.000000000000000000e+00 0.000000000000000000e+00 7.820000000000000000e+02 0.000000000000000000e+00 0.000000000000000000e+00 1.000000000000000000e+00
1.000000000000000000e+00 3.100000000000000000e+02 7.650000000000000355e+00 0.000000000000000000e+00 -1.029280796316287327e+00 1.285084485684182855e-02 4.651623898456828943e-02 1.000000000000000000e+00 1.000000000000000000e+00 7.820000000000000000e+02 0.000000000000000000e+00 0.000000000000000000e+00 1.000000000000000000e+00
1.000000000000000000e+00 3.100000000000000000e+02 7.660000000000000142e+00 0.000000000000000000e+00 -1.051429205654066168e+00 6.223627223695542797e-03 4.722715455106136356e-02 1.000000000000000000e+00 1.000000000000000000e+00 7.820000000000000000e+02 0.000000000000000000e+00 0.000000000000000000e+00 1.000000000000000000e+00
1.000000000000000000e+00 3.100000000000000000e+02 7.669999999999999929e+00 0.000000000000000000e+00 -1.038856974762075502e+00 8.733889275082090675e-03 4.520955960266177104e-02 1.000000000000000000e+00 1.000000000000000000e+00 7.820000000000000000e+02 0.000000000000000000e+00 0.000000000000000000e+00 1.000000000000000000e+00
1.000000000000000000e+00 3.100000000000000000e+02 7.679999999999999716e+00 0.000000000000000000e+00 -8.972967652410763773e-01 1.220713128009632935e-02 1.118262186377729991e-02 1.000000000000000000e+00 1.000000000000000000e+00 7.820000000000000000e+02 0.000000000000000000e+00 0.000000000000000000e+00 1.000000000000000000e+00
1.000000000000000000e+00 3.100000000000000000e+02 7.689999999999999503e+00 0.000000000000000000e+00 -9.990426342073943644e-01 1.099180729485702002e-02 3.309844314838839008e-02 1.000000000000000000e+00 1.000000000000000000e+00 7.820000000000000000e+02 0.000000000000000000e+00 0.000000000000000000e+00 1.000000000000000000e+00
1.000000000000000000e+00 3.100000000000000000e+02 7.700000000000000178e+00 0.000000000000000000e+00 -9.897064765270026099e-01 2.551698256022147393e-02 4.526503242848781139e-02 0.000000000000000000e+00 0.000000000000000000e+00 7.820000000000000000e+02 0.000000000000000000e+00 0.000000000000000000e+00 1.000000000000000000e+00
1.000000000000000000e+00 3.100000000000000000e+02 7.709999999999999964e+00 0.000000000000000000e+00 -9.808193957587943990e-01 2.755347528265882778e-02 4.413220970334069682e-02 0.000000000000000000e+00 0.000000000000000000e+00 7.820000000000000000e+02 0.000000000000000000e+00 0.000000000000000000e+00 1.000000000000000000e+00
1.000000000000000000e+00 3.100000000000000000e+02 7.719999999999999751e+00 0.000000000000000000e+00 -9.723772872023417335e-01 1.710504829857772621e-02 3.148463820378612915e-02 1.000000000000000000e+00 1.000000000000000000e+00 7.820000000000000000e+02 0.000000000000000000e+00 0.000000000000000000e+00 1.000000000000000000e+00
1.000000000000000000e+00 3.100000000000000000e+02 7.729999999999999538e+00 0.000000000000000000e+00 -9.814371018940443170e-01 1.164174814083429252e-02 2.837318828578904578e-02 1.000000000000000000e+00 1.000000000000000000e+00 7.820000000000000000e+02 0.000000000000000000e+00 0.000000000000000000e+00 1.000000000000000000e+00
1.000000000000000000e+00 3.100000000000000000e+02 7.740000000000000213e+00 0.000000000000000000e+00 -1.069386229276035216e+00 5.886553510809884940e-03 5.541212295610883909e-02 1.000000000000000000e+00 1.000000000000000000e+00 7.820000000000000000e+02 0.000000000000000000e+00 0.000000000000000000e+00 1.000000000000000000e+00
1.000000000000000000e+00 3.100000000000000000e+02 7.750000000000000000e+00 0.000000000000000000e+00 -1.088620953983461925e+00 2.408596093133526326e-03 6.042479142737880449e-02 1.000000000000000000e+00 1.000000000000000000e+00 7.820000000000000000e+02 0.000000000000000000e+00 0.000000000000000000e+00 1.000000000000000000e+00
1.000000000000000000e+00 3.100000000000000000e+02 7.759999999999999787e+00 0.000000000000000000e+00 -9.898827554327350731e-01 1.217423776740952056e-02 3.152592534450553152e-02 1.000000000000000000e+00 1.000000000000000000e+00 7.820000000000000000e+02 0.000000000000000000e+00 0.000000000000000000e+00 1.000000000000000000e+00
1.000000000000000000e+00 3.100000000000000000e+02 7.769999999999999574e+00 0.000000000000000000e+00 -8.942763928050139199e-01 1.392576515098493430e-02 1.196831538010838594e-02 1.000000000000000000e+00 1.000000000000000000e+00 7.820000000000000000e+02 0.000000000000000000e+00 0.000000000000000000e+00 1.000000000000000000e+00
1.000000000000000000e+00 3.100000000000000000e+02 7.780000000000000249e+00 0.000000000000000000e+00 -9.220291297605727188e-01 2.132082883114333471e-02 2.257205903170067529e-02 0.000000000000000000e+00 0.000000000000000000e+00 7.820000000000000000e+02 0.000000000000000000e+00 0.000000000000000000e+00 1.000000000000000000e+00
1.000000000000000000e+00 3.100000000000000000e+02 7.790000000000000036e+00 0.000000000000000000e+00 -9.501996853060959980e-01 1.245277247486816299e-02 2.107921429549489134e-02 1.000000000000000000e+00 1.000000000000000000e+00 7.820000000000000000e+02 0.000000000000000000e+00 0.000000000000000000e+00 1.000000000000000000e+00
1.000000000000000000e+00 3.100000000000000000e+02 7.799999999999999822e+00 0.000000000000000000e+00 -9.431257342370736874e-01 2.310228929140302478e-02 2.903119648603414565e-02 0.000000000000000000e+00 0.000000000000000000e+00 7.820000000000000000e+02 0.000000000000000000e+00 0.000000000000000000e+00 1.000000000000000000e+00
1.000000000000000000e+00 3.100000000000000000e+02 7.809999999999999609e+00 0.000000000000000000e+00 -9.364793457047272396e-01 1.916574749653279439e-02 2.402066165291761451e-02 1.000000000000000000e+00 1.000000000000000000e+00 7.820000000000000000e+02 0.000000000000000000e+00 0.000000000000000000e+00 1.000000000000000000e+00
1.000000000000000000e+00 3.100000000000000000e+02 7.820000000000000284e+00 0.000000000000000000e+00 -1.035090640418567576e+00 9.174600142825504664e-03 4.421614845844201031e-02 1.000000000000000000e+00 1.000000000000000000e+00 7.820000000000000000e+02 0.000000000000000000e+00 0.000000000000000000e+00 1.000000000000000000e+00
1.000000000000000000e+00 3.100000000000000000e+02 7.830000000000000071e+00 0.000000000000000000e+00 -1.100389684845135774e+00 1.402913807737436822e-03 6.578490101982087390e-02 1.000000000000000000e+00 1.000000000000000000e+00 7.820000000000000000e+02 0.000000000000000000e+00 0.000000000000000000e+00 1.000000000000000000e+00
1.000000000000000000e+00 3.100000000000000000e+02 7.839999999999999858e+00 0.000000000000000000e+00 -1.058079236804505774e+00 7.784858900736108499e-03 5.257313709561266257e-02 1.000000000000000000e+00 1.000000000000000000e+00 7.820000000000000000e+02 0.000000000000000000e+00 0.000000000000000000e+00 1.000000000000000000e+00
1.000000000000000000e+00 3.100000000000000000e+02 7.849999999999999645e+00 0.000000000000000000e+00 -1.033063884382487529e+00 1.217218748425721517e-02 4.723605444827000399e-02 1.000000000000000000e+00 1.000000000000000000e+00 7.820000000000000000e+02 0.000000000000000000e+00 0.000000000000000000e+00 1.000000000000000000e+00
1.000000000000000000e+00 3.100000000000000000e+02 7.860000000000000320e+00 0.000000000000000000e+00 -1.027698107094180857e+00 1.124875846627586273e-02 4.388224218378281721e-02 1.000000000000000000e+00 1.000000000000000000e+00 7.820000000000000000e+02 0.000000000000000000e+00 0.000000000000000000e+00 1.000000000000000000e+00
1.000000000000000000e+00 3.100000000000000000e+02 7.870000000000000107e+00 0.000000000000000000e+00 -9.806525686665548136e-01 1.966431680596567727e-02 3.655806795246870078e-02 0.000000000000000000e+00 0.000000000000000000e+00 7.820000000000000000e+02 0.000000000000000000e+00 0.000000000000000000e+00 1.000000000000000000e+00
1.000000000000000000e+00 3.100000000000000000e+02 7.879999999999999893e+00 0.000000000000000000e+00 -9.340519253977964675e-01 1.023386902336415397e-02 1.560364491029375689e-02 1.000000000000000000e+00 1.000000000000000000e+00 7.820000000000000000e+02 0.000000000000000000e+00 0.000000000000000000e+00 1.000000000000000000e+00
1.000000000000000000e+00 3.100000000000000000e+02 7.889999999999999680e+00 0.000000000000000000e+00 -8.349122862420332858e-01 1.867539318093806161e-02 7.751765977873591867e-03 0.000000000000000000e+00 0.000000000000000000e+00 7.820000000000000000e+02 0.000000000000000000e+00 0.000000000000000000e+00 1.000000000000000000e+00
1.000000000000000000e+00 3.100000000000000000e+02 7.900000000000000355e+00 0.000000000000000000e+00 -7.361502287802039746e-01 8.228729272881112403e-03 5.111616736719710660e-04 1.000000000000000000e+00 1.000000000000000000e+00 7.820000000000000000e+02 0.000000000000000000e+00 0.000000000000000000e+00 1.000000000000000000e+00
1.000000000000000000e+00 3.100000000000000000e+02 7.910000000000000142e+00 0.000000000000000000e+00 -9.098725955063403648e-01 1.414399308506344641e-02 1.440747431595709727e-02 1.000000000000000000e+00 1.000000000000000000e+00 7.820000000000000000e+02 0.000000000000000000e+00 0.000000000000000000e+00 1.000000000000000000e+00
1.000000000000000000e+00 3.100000000000000000e+02 7.919999999999999929e+00 0.000000000000000000e+00 -9.228437953272070615e-01 2.706115576494778560e-02 2.681707097631843423e-02 0.000000000000000000e+00 0.000000000000000000e+00 7.820000000000000000e+02 0.000000000000000000e+00 0.000000000000000000e+00 1.000000000000000000e+00
1.000000000000000000e+00 3.100000000000000000e+02 7.929999999999999716e+00 0.000000000000000000e+00 -9.362331900098629367e-01 2.786070719365845924e-02 3.041668895552156887e-02 0.000000000000000000e+00 0.000000000000000000e+00 7.820000000000000000e+02 0.000000000000000000e+00 0.000000000000000000e+00 1.000000000000000000e+00
1.000000000000000000e+00 3.100000000000000000e+02 7.940000000000000391e+00 0.000000000000000000e+00 -9.500469637508422993e-01 1.654412470582740727e-02 2.363945651331062978e-02 1.000000000000000000e+00 1.000000000000000000e+00 7.820000000000000000e+02 0.000000000000000000e+00 0.000000000000000000e+00 1.000000000000000000e+00
1.000000000000000000e+00 3.100000000000000000e+02 7.950000000000000178e+00 0.000000000000000000e+00 -1.005413268916802938e+00 2.035936970674160490e-02 4.214363822619648231e-02 0.000000000000000000e+00 0.000000000000000000e+00 7.820000000000000000e+02 0.000000000000000000e+00 0.000000000000000000e+00 1.000000000000000000e+00
1.000000000000000000e+00 3.100000000000000000e+02 7.959999999999999964e+00 0.000000000000000000e+00 -1.061235905534331447e+00 7.466986322135848488e-03 4.541611048474197831e-02 1.000000000000000000e+00 1.000000000000000000e+00 7.820000000000000000e+02 0.000000000000000000e+00 0.000000000000000000e+00 1.000000000000000000e+00
1.000000000000000000e+00 3.100000000000000000e+02 7.969999999999999751e+00 0.000000000000000000e+00 -1.066042545195172497e+00 1.224821608064406882e-02 0.000000000000000000e+00 1.000000000000000000e+00 1.000000000000000000e+00 7.820000000000000000e+02 1.000000000000000000e+00 0.000000000000000000e+00 1.000000000000000000e+00
1.000000000000000000e+00 3.100000000000000000e+02 7.979999999999999538e+00 0.000000000000000000e+00 -1.014147730608684572e+00 1.295654711197301474e-02 2.919499681040298861e-02 1.000000000000000000e+00 1.000000000000000000e+00 7.820000000000000000e+02 0.000000000000000000e+00 0.000000000000000000e+00 1.000000000000000000e+00
1.000000000000000000e+00 3.100000000000000000e+02 7.990000000000000213e+00 0.000000000000000000e+00 -9.868519144679199773e-01 1.186290178612457551e-02 2.683466710384064743e-02 1.000000000000000000e+00 1.000000000000000000e+00 7.820000000000000000e+02 0.000000000000000000e+00 0.000000000000000000e+00 1.000000000000000000e+00
1.000000000000000000e+00 3.100000000000000000e+02 8.000000000000000000e+00 0.000000000000000000e+00 -9.862743106288057726e-01 1.965158981974622285e-02 3.678632013604177242e-02 1.000000000000000000e+00 1.000000000000000000e+00 7.820000000000000000e+02 0.000000000000000000e+00 0.000000000000000000e+00 1.000000000000000000e+00
1.000000000000000000e+00 3.100000000000000000e+02 8.009999999999999787e+00 0.000000000000000000e+00 -9.785032760192425849e-01 2.394686436488797573e-02 3.913971804149937728e-02 0.000000000000000000e+00 0.000000000000000000e+00 7.820000000000000000e+02 0.000000000000000000e+00 0.000000000000000000e+00 1.000000000000000000e+00
1.000000000000000000e+00 3.100000000000000000e+02 8.019999999999999574e+00 0.000000000000000000e+00 -9.711761438688427672e-01 1.420172527623017426e-02 2.784528048977323936e-02 1.000000000000000000e+00 1.000000000000000000e+00 7.820000000000000000e+02 0.000000000000000000e+00 0.000000000000000000e+00 1.000000000000000000e+00
1.000000000000000000e+00 3.100000000000000000e+02 8.029999999999999361e+00 0.000000000000000000e+00 -9.994247158437613576e-01 9.850049883255385108e-03 3.174248615163181853e-02 1.000000000000000000e+00 1.000000000000000000e+00 7.820000000000000000e+02 0.000000000000000000e+00 0.000000000000000000e+00 1.000000000000000000e+00
1.000000000000000000e+00 3.100000000000000000e+02 8.039999999999999147e+00 0.000000000000000000e+00 -1.053759104413318104e+00 6.644085910719433122e-03 4.888518493999451098e-02 1.000000000000000000e+00 1.000000000000000000e+00 7.820000000000000000e+02 0.000000000000000000e+00 0.000000000000000000e+00 1.000000000000000000e+00
1.000000000000000000e+00 3.100000000000000000e+02 8.050000000000000711e+00 0.000000000000000000e+00 -1.013999698904212154e+00 8.910786104889469039e-03 3.567797349099358084e-02 1.000000000000000000e+00 1.000000000000000000e+00 7.820000000000000000e+02 0.000000000000000000e+00 0.000000000000000000e+00 1.000000000000000000e+00
1.000000000000000000e+00 3.100000000000000000e+02 8.060000000000000497e+00 0.000000000000000000e+00 -1.025243653409964040e+00 1.221443409376468149e-02 4.410607726787557636e-02 1.000000000000000000e+00 1.000000000000000000e+00 7.820000000000000000e+02 0.000000000000000000e+00 0.000000000000000000e+00 1.000000000000000000e+00
1.000000000000000000e+00 3.100000000000000000e+02 8.070000000000000284e+00 0.000000000000000000e+00 -1.085095538261209969e+00 3.036772696319331270e-03 5.943300274294541219e-02 1.000000000000000000e+00 1.000000000000000000e+00 7.820000000000000000e+02 0.000000000000000000e+00 0.000000000000000000e+00 1.000000000000000000e+00
1.000000000000000000e+00 3.100000000000000000e+02 8.080000000000000071e+00 0.000000000000000000e+00 -1.057518516357877969e+00 9.159117820229024931e-03 5.420717668297930086e-02 1.000000000000000000e+00 1.000000000000000000e+00 7.820000000000000000e+02 0.000000000000000000e+00 0.000000000000000000e+00 1.000000000000000000e+00
1.000000000000000000e+00 3.100000000000000000e+02 8.089999999999999858e+00 0.000000000000000000e+00 -1.047440732239467431e+00 9.713275525820111791e-03 5.028511544050873888e-02 1.000000000000000000e+00 1.000000000000000000e+00 7.820000000000000000e+02 0.000000000000000000e+00 0.000000000000000000e+00 1.000000000000000000e+00
1.000000000000000000e+00 3.100000000000000000e+02 8.099999999999999645e+00 0.000000000000000000e+00 -1.090220067728164599e+00 3.135316121488202282e-03 6.250685494399378650e-02 1.000000000000000000e+00 1.000000000000000000e+00 7.820000000000000000e+02 0.000000000000000000e+00 0.000000000000000000e+00 1.000000000000000000e+00
1.000000000000000000e+00 3.100000000000000000e+02 8.109999999999999432e+00 0.000000000000000000e+00 -1.062384753920556646e+00 8.611883199285599172e-03 5.580891739290478465e-02 1.000000000000000000e+00 1.000000000000000000e+00 7.820000000000000000e+02 0.000000000000000000e+00 0.000000000000000000e+00 1.000000000000000000e+00
1.000000000000000000e+00 3.100000000000000000e+02 8.119999999999999218e+00 0.000000000000000000e+00 -1.074707992674203805e+00 4.149131658429427646e-03 5.553505761082048325e-02 1.000000000000000000e+00 1.000000000000000000e+00 7.820000000000000000e+02 0.000000000000000000e+00 0.000000000000000000e+00 1.000000000000000000e+00
1.000000000000000000e+00 3.100000000000000000e+02 8.130000000000000782e+00 0.000000000000000000e+00 -1.067963393911558700e+00 5.239615367061577732e-03 5.372274108115850100e-02 1.000000000000000000e+00 1.000000000000000000e+00 7.820000000000000000e+02 0.000000000000000000e+00 0.000000000000000000e+00 1.000000000000000000e+00
1.000000000000000000e+00 3.100000000000000000e+02 8.140000000000000568e+00 0.000000000000000000e+00 -1.011042454019274617e+00 1.881955738030462524e-02 4.621357619691349172e-02 0.000000000000000000e+00 0.000000000000000000e+00 7.820000000000000000e+02 0.000000000000000000e+00 0.000000000000000000e+00 1.000000000000000000e+00
1.000000000000000000e+00 3.100000000000000000e+02 8.150000000000000355e+00 0.000000000000000000e+00 -9.545804455457582716e-01 1.411408626990710846e-02 2.373388568182180011e-02 1.000000000000000000e+00 1.000000000000000000e+00 7.820000000000000000e+02 0.000000000000000000e+00 0.000000000000000000e+00 1.000000000000000000e+00
1.000000000000000000e+00 3.100000000000000000e+02 8.160000000000000142e+00 0.000000000000000000e+00 -1.015030387256916189e+00 1.885202153421515828e-02 4.777144945023505118e-02 0.000000000000000000e+00 0.000000000000000000e+00 7.820000000000000000e+02 0.000000000000000000e+00 0.000000000000000000e+00 1.000000000000000000e+00
1.000000000000000000e+00 3.100000000000000000e+02 8.169999999999999929e+00 0.000000000000000000e+00 -1.075941102304529995e+00 5.330267192668814574e-03 5.798993470733736222e-02 1.000000000000000000e+00 1.000000000000000000e+00 7.820000000000000000e+02 0.000000000000000000e+00 0.000000000000000000e+00 1.000000000000000000e+00
1.000000000000000000e+00 3.100000000000000000e+02 8.179999999999999716e+00 0.000000000000000000e+00 -1.004672458937164725e+00 1.468996672062721463e-02 3.931748349856864500e-02 1.000000000000000000e+00 1.000000000000000000e+00 7.820000000000000000e+02 0.000000000000000000e+00 0.000000000000000000e+00 1.000000000000000000e+00
1.000000000000000000e+00 3.100000000000000000e+02 8.189999999999999503e+00 0.000000000000000000e+00 -9.867808670934102855e-01 1.540692892598547609e-02 3.410874294798611067e-02 1.000000000000000000e+00 1.000000000000000000e+00 7.820000000000000000e+02 0.000000000000000000e+00 0.000000000000000000e+00 1.000000000000000000e+00
1.000000000000000000e+00 3.100000000000000000e+02 8.199999999999999289e+00 0.000000000000000000e+00 -9.864778557188730312e-01 1.499562604778808400e-02 3.357158038528589017e-02 1.000000000000000000e+00 1.000000000000000000e+00 7.820000000000000000e+02 0.000000000000000000e+00 0.000000000000000000e+00 1.000000000000000000e+00
1.000000000000000000e+00 3.100000000000000000e+02 8.209999999999999076e+00 0.000000000000000000e+00 -9.478383431060113384e-01 1.567542375698815008e-02 2.357907570462531785e-02 1.000000000000000000e+00 1.000000000000000000e+00 7.820000000000000000e+02 0.000000000000000000e+00 0.000000000000000000e+00 1.000000000000000000e+00
1.000000000000000000e+00 3.100000000000000000e+02 8.220000000000000639e+00 0.000000000000000000e+00 -9.307956928580802813e-01 3.125069696447484863e-02 3.248758901930386828e-02 0.000000000000000000e+00 0.000000000000000000e+00 7.820000000000000000e+02 0.000000000000000000e+00 0.000000000000000000e+00 1.000000000000000000e+00
1.000000000000000000e+00 3.100000000000000000e+02 8.230000000000000426e+00 0.000000000000000000e+00 -9.141749102367134894e-01 3.744246776240864327e-02 3.287159345365157914e-02 0.000000000000000000e+00 0.000000000000000000e+00 7.820000000000000000e+02 0.000000000000000000e+00 0.000000000000000000e+00 1.000000000000000000e+00
1.000000000000000000e+00 3.100000000000000000e+02 8.240000000000000213e+00 0.000000000000000000e+00 -8.979683185553453129e-01 3.426217671246495344e-02 2.688163388835371204e-02 0.000000000000000000e+00 0.000000000000000000e+00 7.820000000000000000e+02 0.000000000000000000e+00 0.000000000000000000e+00 1.000000000000000000e+00
1.000000000000000000e+00 3.100000000000000000e+02 8.250000000000000000e+00 0.000000000000000000e+00 -8.821684324309184699e-01 2.170394757711980455e-02 1.541330324613482405e-02 1.000000000000000000e+00 1.000000000000000000e+00 7.820000000000000000e+02 0.000000000000000000e+00 0.000000000000000000e+00 1.000000000000000000e+00
1.000000000000000000e+00 3.100000000000000000e+02 8.259999999999999787e+00 0.000000000000000000e+00 -8.822096911909006467e-01 3.750294131801373831e-02 2.568838984321056285e-02 1.000000000000000000e+00 0.000000000000000000e+00 7.820000000000000000e+02 0.000000000000000000e+00 0.000000000000000000e+00 1.000000000000000000e+00
1.000000000000000000e+00 3.100000000000000000e+02 8.269999999999999574e+00 0.000000000000000000e+00 -8.836014146520977386e-01 4.173672678292301291e-02 2.866509869864700827e-02 1.000000000000000000e+00 0.000000000000000000e+00 7.820000000000000000e+02 0.000000000000000000e+00 0.000000000000000000e+00 1.000000000000000000e+00
1.000000000000000000e+00 3.100000000000000000e+02 8.279999999999999361e+00 0.000000000000000000e+00 -8.868791312348635048e-01 3.224582228745381807e-02 2.322316328791177581e-02 0.000000000000000000e+00 0.000000000000000000e+00 7.820000000000000000e+02 0.000000000000000000e+00 0.000000000000000000e+00 1.000000000000000000e+00
1.000000000000000000e+00 3.100000000000000000e+02 8.289999999999999147e+00 0.000000000000000000e+00 -8.905584315811350127e-01 1.557343460091171680e-02 1.257258605487137151e-02 1.000000000000000000e+00 1.000000000000000000e+00 7.820000000000000000e+02 0.000000000000000000e+00 0.000000000000000000e+00 1.000000000000000000e+00
1.000000000000000000e+00 3.100000000000000000e+02 8.300000000000000711e+00 0.000000000000000000e+00 -8.941551903807521962e-01 3.217788545668402722e-02 2.465177954612445682e-02 0.000000000000000000e+00 0.000000000000000000e+00 7.820000000000000000e+02 0.000000000000000000e+00 0.000000000000000000e+00 1.000000000000000000e+00
1.000000000000000000e+00 3.100000000000000000e+02 8.310000000000000497e+00 0.000000000000000000e+00 -8.981568935573169821e-01 4.028097683565371595e-02 3.098155729264930047e-02 0.000000000000000000e+00 0.000000000000000000e+00 7.820000000000000000e+02 0.000000000000000000e+00 0.000000000000000000e+00 1.000000000000000000e+00
1.000000000000000000e+00 3.100000000000000000e+02 8.320000000000000284e+00 0.000000000000000000e+00 -9.025653893884777457e-01 3.989768085479796639e-02 3.175811246835653218e-02 0.000000000000000000e+00 0.000000000000000000e+00 7.820000000000000000e+02 0.000000000000000000e+00 0.000000000000000000e+00 1.000000000000000000e+00
1.000000000000000000e+00 3.100000000000000000e+02 8.330000000000000071e+00 0.000000000000000000e+00 -9.073827140383244894e-01 3.102728929647564568e-02 2.669328151987543363e-02 1.000000000000000000e+00 1.000000000000000000e+00 7.820000000000000000e+02 0.000000000000000000e+00 0.000000000000000000e+00 1.000000000000000000e+00
1.000000000000000000e+00 3.100000000000000000e+02 8.339999999999999858e+00 0.000000000000000000e+00 -9.215226858520350062e-01 3.723058908635913655e-02 3.457754774389906749e-02 0.000000000000000000e+00 0.000000000000000000e+00 7.820000000000000000e+02 0.000000000000000000e+00 0.000000000000000000e+00 1.000000000000000000e+00
1.000000000000000000e+00 3.100000000000000000e+02 8.349999999999999645e+00 0.000000000000000000e+00 -9.360802423430690800e-01 3.442523929007724331e-02 3.634749858573952525e-02 0.000000000000000000e+00 0.000000000000000000e+00 7.820000000000000000e+02 0.000000000000000000e+00 0.000000000000000000e+00 1.000000000000000000e+00
1.000000000000000000e+00 3.100000000000000000e+02 8.359999999999999432e+00 0.000000000000000000e+00 -9.510621072500672346e-01 2.260605645068156783e-02 3.068477262402900113e-02 1.000000000000000000e+00 1.000000000000000000e+00 7.820000000000000000e+02 0.000000000000000000e+00 0.000000000000000000e+00 1.000000000000000000e+00
1.000000000000000000e+00 3.100000000000000000e+02 8.369999999999999218e+00 0.000000000000000000e+00 -9.482160027539728864e-01 3.382465961390242193e-02 3.930520564720601379e-02 0.000000000000000000e+00 0.000000000000000000e+00 7.820000000000000000e+02 0.000000000000000000e+00 0.000000000000000000e+00 1.000000000000000000e+00
1.000000000000000000e+00 3.100000000000000000e+02 8.380000000000000782e+00 0.000000000000000000e+00 -9.457998118508689211e-01 3.512016091133467188e-02 3.962964425070514274e-02 0.000000000000000000e+00 0.000000000000000000e+00 7.820000000000000000e+02 0.000000000000000000e+00 0.000000000000000000e+00 1.000000000000000000e+00
1.000000000000000000e+00 3.100000000000000000e+02 8.390000000000000568e+00 0.000000000000000000e+00 -9.438124185680197842e-01 2.649495404632709258e-02 3.208193442682303470e-02 0.000000000000000000e+00 0.000000000000000000e+00 7.820000000000000000e+02 0.000000000000000000e+00 0.000000000000000000e+00 1.000000000000000000e+00
1.000000000000000000e+00 3.100000000000000000e+02 8.400000000000000355e+00 0.000000000000000000e+00 -9.422529049826260383e-01 7.933102186861414398e-03 1.503120077394541967e-02 1.000000000000000000e+00 1.000000000000000000e+00 7.820000000000000000e+02 0.000000000000000000e+00 0.000000000000000000e+00 1.000000000000000000e+00
1.000000000000000000e+00 3.100000000000000000e+02 8.410000000000000142e+00 0.000000000000000000e+00 -9.264636134593601247e-01 2.831198044709079889e-02 2.911506457255855912e-02 0.000000000000000000e+00 0.000000000000000000e+00 7.820000000000000000e+02 0.000000000000000000e+00 0.000000000000000000e+00 1.000000000000000000e+00
1.000000000000000000e+00 3.100000000000000000e+02 8.419999999999999929e+00 0.000000000000000000e+00 -9.110941886932363287e-01 4.081819656098823607e-02 3.446651973855061751e-02 0.000000000000000000e+00 0.000000000000000000e+00 7.820000000000000000e+02 0.000000000000000000e+00 0.000000000000000000e+00 1.000000000000000000e+00
1.000000000000000000e+00 3.100000000000000000e+02 8.429999999999999716e+00 0.000000000000000000e+00 -8.961375319657818306e-01 4.547485831814190860e-02 3.391205904367337876e-02 0.000000000000000000e+00 0.000000000000000000e+00 7.820000000000000000e+02 0.000000000000000000e+00 0.000000000000000000e+00 1.000000000000000000e+00
1.000000000000000000e+00 3.100000000000000000e+02 8.439999999999999503e+00 0.000000000000000000e+00 -8.815867352048333272e-01 4.229056985261504115e-02 2.857877590772593679e-02 0.000000000000000000e+00 0.000000000000000000e+00 7.820000000000000000e+02 0.000000000000000000e+00 0.000000000000000000e+00 1.000000000000000000e+00
1.000000000000000000e+00 3.100000000000000000e+02 8.449999999999999289e+00 0.000000000000000000e+00 -8.674350777938852897e-01 3.125944754084161031e-02 1.901998498423702194e-02 0.000000000000000000e+00 0.000000000000000000e+00 7.820000000000000000e+02 0.000000000000000000e+00 0.000000000000000000e+00 1.000000000000000000e+00
1.000000000000000000e+00 3.100000000000000000e+02 8.459999999999999076e+00 0.000000000000000000e+00 -8.536760234680217385e-01 1.236110913042965526e-02 6.363950999930943764e-03 1.000000000000000000e+00 1.000000000000000000e+00 7.820000000000000000e+02 0.000000000000000000e+00 0.000000000000000000e+00 1.000000000000000000e+00
1.000000000000000000e+00 3.100000000000000000e+02 8.470000000000000639e+00 0.000000000000000000e+00 -8.115199756802438102e-01 3.744178009881111296e-02 1.407369075326525554e-02 0.000000000000000000e+00 0.000000000000000000e+00 7.820000000000000000e+02 0.000000000000000000e+00 0.000000000000000000e+00 1.000000000000000000e+00
1.000000000000000000e+00 3.100000000000000000e+02 8.480000000000000426e+00 0.000000000000000000e+00 -7.697307053156072776e-01 6.149873837312008762e-02 1.896366201321379036e-02 0.000000000000000000e+00 0.000000000000000000e+00 7.820000000000000000e+02 0.000000000000000000e+00 0.000000000000000000e+00 1.000000000000000000e+00
1.000000000000000000e+00 3.100000000000000000e+02 8.490000000000000213e+00 0.000000000000000000e+00 -7.282889110489155771e-01 8.457643409917781074e-02 2.197383579021364858e-02 0.000000000000000000e+00 0.000000000000000000e+00 7.820000000000000000e+02 0.000000000000000000e+00 0.000000000000000000e+00 1.000000000000000000e+00
1.000000000000000000e+00 3.100000000000000000e+02 8.500000000000000000e+00 0.000000000000000000e+00 -6.871754520447134196e-01 1.067175080351609878e-01 2.374096914728995172e-02 0.000000000000000000e+00 0.000000000000000000e+00 7.820000000000000000e+02 0.000000000000000000e+00 0.000000000000000000e+00 1.000000000000000000e+00
1.000000000000000000e+00 3.100000000000000000e+02 8.509999999999999787e+00 0.000000000000000000e+00 -6.463713391166551192e-01 1.279628703391149924e-01 2.465657695663803911e-02 1.000000000000000000e+00 0.000000000000000000e+00 7.820000000000000000e+02 0.000000000000000000e+00 0.000000000000000000e+00 1.000000000000000000e+00
1.000000000000000000e+00 3.100000000000000000e+02 8.519999999999999574e+00 0.000000000000000000e+00 -6.173553743145085981e-01 1.452240452064105791e-01 2.561840961045588894e-02 0.000000000000000000e+00 0.000000000000000000e+00 7.820000000000000000e+02 0.000000000000000000e+00 0.000000000000000000e+00 1.000000000000000000e+00
1.000000000000000000e+00 3.100000000000000000e+02 8.529999999999999361e+00 0.000000000000000000e+00 -5.886165075972455973e-01 1.613510313507651173e-01 2.609198404750712880e-02 0.000000000000000000e+00 0.000000000000000000e+00 7.820000000000000000e+02 0.000000000000000000e+00 0.000000000000000000e+00 1.000000000000000000e+00
1.000000000000000000e+00 3.100000000000000000e+02 8.539999999999999147e+00 0.000000000000000000e+00 -5.601414652654819193e-01 1.763736266742075842e-01 2.617516751836328204e-02 0.000000000000000000e+00 0.000000000000000000e+00 7.820000000000000000e+02 0.000000000000000000e+00 0.000000000000000000e+00 1.000000000000000000e+00
1.000000000000000000e+00 3.100000000000000000e+02 8.550000000000000711e+00 0.000000000000000000e+00 -5.319170954731284873e-01 1.903195884910720281e-01 2.594443024013949606e-02 0.000000000000000000e+00 0.000000000000000000e+00 7.820000000000000000e+02 0.000000000000000000e+00 0.000000000000000000e+00 1.000000000000000000e+00
1.000000000000000000e+00 3.100000000000000000e+02 8.560000000000000497e+00 0.000000000000000000e+00 -5.039303621529105381e-01 2.032146848153071617e-01 2.546059263628558389e-02 0.000000000000000000e+00 0.000000000000000000e+00 7.820000000000000000e+02 0.000000000000000000e+00 0.000000000000000000e+00 1.000000000000000000e+00
1.000000000000000000e+00 3.100000000000000000e+02 8.570000000000000284e+00 0.000000000000000000e+00 -4.761683389953645928e-01 2.150827419721472733e-01 2.477281632225823704e-02 0.000000000000000000e+00 0.000000000000000000e+00 7.820000000000000000e+02 0.000000000000000000e+00 0.000000000000000000e+00 1.000000000000000000e+00
1.000000000000000000e+00 3.100000000000000000e+02 8.580000000000000071e+00 0.000000000000000000e+00 -4.486182034785272110e-01 2.259456886221163086e-01 2.392142426422548540e-02 0.000000000000000000e+00 0.000000000000000000e+00 7.820000000000000000e+02 0.000000000000000000e+00 0.000000000000000000e+00 1.000000000000000000e+00
1.000000000000000000e+00 3.100000000000000000e+02 8.589999999999999858e+00 0.000000000000000000e+00 -4.212672309455626207e-01 2.358235962787086359e-01 2.293993215033490740e-02 0.000000000000000000e+00 0.000000000000000000e+00 7.820000000000000000e+02 0.000000000000000000e+00 0.000000000000000000e+00 1.000000000000000000e+00
1.000000000000000000e+00 3.100000000000000000e+02 8.599999999999999645e+00 0.000000000000000000e+00 -3.941027887275896369e-01 2.447347163946118898e-01 2.185653908461692579e-02 0.000000000000000000e+00 0.000000000000000000e+00 7.820000000000000000e+02 0.000000000000000000e+00 0.000000000000000000e+00 1.000000000000000000e+00
1.000000000000000000e+00 3.100000000000000000e+02 8.609999999999999432e+00 0.000000000000000000e+00 -3.671123303089967593e-01 2.526955140849941328e-01 2.069524049694323325e-02 0.000000000000000000e+00 0.000000000000000000e+00 7.820000000000000000e+02 0.000000000000000000e+00 0.000000000000000000e+00 1.000000000000000000e+00
1.000000000000000000e+00 3.100000000000000000e+02 8.619999999999999218e+00 0.000000000000000000e+00 -3.402833895325481639e-01 2.597206985501685494e-01 1.947667194612400648e-02 0.000000000000000000e+00 0.000000000000000000e+00 7.820000000000000000e+02 0.000000000000000000e+00 0.000000000000000000e+00 1.000000000000000000e+00
1.000000000000000000e+00 3.100000000000000000e+02 8.630000000000000782e+00 0.000000000000000000e+00 -3.136035748416053925e-01 2.658232502538473430e-01 1.821875757626530146e-02 0.000000000000000000e+00 0.000000000000000000e+00 7.820000000000000000e+02 0.000000000000000000e+00 0.000000000000000000e+00 1.000000000000000000e+00
1.000000000000000000e+00 3.100000000000000000e+02 8.640000000000000568e+00 0.000000000000000000e+00 -2.870605635568050928e-01 2.710144449071995587e-01 1.693721411383797976e-02 0.000000000000000000e+00 0.000000000000000000e+00 7.820000000000000000e+02 0.000000000000000000e+00 0.000000000000000000e+00 1.000000000000000000e+00
1.000000000000000000e+00 3.100000000000000000e+02 8.650000000000000355e+00 0.000000000000000000e+00 -2.606420961845493101e-01 2.753038743030320479e-01 1.564594602445947003e-02 0.000000000000000000e+00 0.000000000000000000e+00 7.820000000000000000e+02 0.000000000000000000e+00 0.000000000000000000e+00 1.000000000000000000e+00
1.000000000000000000e+00 3.100000000000000000e+02 8.660000000000000142e+00 0.000000000000000000e+00 -2.343359707546792403e-01 2.786994640385858091e-01 1.435735705257799172e-02 0.000000000000000000e+00 0.000000000000000000e+00 7.820000000000000000e+02 0.000000000000000000e+00 0.000000000000000000e+00 1.000000000000000000e+00
1.000000000000000000e+00 3.100000000000000000e+02 8.669999999999999929e+00 0.000000000000000000e+00 -2.081300371847182862e-01 2.812074881596974829e-01 1.308259614188493625e-02 0.000000000000000000e+00 0.000000000000000000e+00 7.820000000000000000e+02 0.000000000000000000e+00 0.000000000000000000e+00 1.000000000000000000e+00
1.000000000000000000e+00 3.100000000000000000e+02 8.679999999999999716e+00 0.000000000000000000e+00 -1.820121916680791374e-01 2.828325807533798031e-01 1.183175060167527409e-02 0.000000000000000000e+00 0.000000000000000000e+00 7.820000000000000000e+02 0.000000000000000000e+00 0.000000000000000000e+00 1.000000000000000000e+00
1.000000000000000000e+00 3.100000000000000000e+02 8.689999999999999503e+00 0.000000000000000000e+00 -1.559703710836460866e-01 2.835777445102447003e-01 1.061399565079394064e-02 0.000000000000000000e+00 0.000000000000000000e+00 7.820000000000000000e+02 0.000000000000000000e+00 0.000000000000000000e+00 1.000000000000000000e+00
1.000000000000000000e+00 3.100000000000000000e+02 8.699999999999999289e+00 0.000000000000000000e+00 -1.299925474241481194e-01 2.834443562725877386e-01 9.437706682821928039e-03 0.000000000000000000e+00 0.000000000000000000e+00 7.820000000000000000e+02 0.000000000000000000e+00 0.000000000000000000e+00 1.000000000000000000e+00
1.000000000000000000e+00 3.100000000000000000e+02 8.710000000000000853e+00 0.000000000000000000e+00 -1.040667222407493930e-01 2.824321695783855168e-01 8.310538454408482323e-03 0.000000000000000000e+00 0.000000000000000000e+00 7.820000000000000000e+02 0.000000000000000000e+00 0.000000000000000000e+00 1.000000000000000000e+00
1.000000000000000000e+00 3.100000000000000000e+02 8.720000000000000639e+00 0.000000000000000000e+00 -7.818092110129359895e-02 2.805393142059066092e-01 7.239473706309951240e-03 0.000000000000000000e+00 0.000000000000000000e+00 7.820000000000000000e+02 0.000000000000000000e+00 0.000000000000000000e+00 1.000000000000000000e+00
1.000000000000000000e+00 3.100000000000000000e+02 8.730000000000000426e+00 0.000000000000000000e+00 -5.232318805963934172e-02 2.777622927180948276e-01 6.230842359779036749e-03 0.000000000000000000e+00 0.000000000000000000e+00 7.820000000000000000e+02 0.000000000000000000e+00 0.000000000000000000e+00 1.000000000000000000e+00
1.000000000000000000e+00 3.100000000000000000e+02 8.740000000000000213e+00 0.000000000000000000e+00 -2.648158013353493420e-02 2.740959740003398593e-01 5.290311323669121685e-03 1.000000000000000000e+00 0.000000000000000000e+00 7.820000000000000000e+02 0.000000000000000000e+00 0.000000000000000000e+00 1.000000000000000000e+00
1.000000000000000000e+00 3.100000000000000000e+02 8.750000000000000000e+00 0.000000000000000000e+00 -2.386313282927937304e-02 2.880125285018430570e-01 6.027135817744718599e-03 0.000000000000000000e+00 0.000000000000000000e+00 7.820000000000000000e+02 0.000000000000000000e+00 0.000000000000000000e+00 1.000000000000000000e+00
1.000000000000000000e+00 3.100000000000000000e+02 8.759999999999999787e+00 0.000000000000000000e+00 -2.124766571661789935e-02 3.012682152640456246e-01 6.758803379570119119e-03 0.000000000000000000e+00 0.000000000000000000e+00 7.820000000000000000e+02 0.000000000000000000e+00 0.000000000000000000e+00 1.000000000000000000e+00
1.000000000000000000e+00 3.100000000000000000e+02 8.769999999999999574e+00 0.000000000000000000e+00 -1.863397078256442616e-02 3.138875268766935234e-01 7.479010386486052708e-03 0.000000000000000000e+00 0.000000000000000000e+00 7.820000000000000000e+02 0.000000000000000000e+00 0.000000000000000000e+00 1.000000000000000000e+00
1.000000000000000000e+00 3.100000000000000000e+02 8.779999999999999361e+00 0.000000000000000000e+00 -1.602084083265372869e-02 3.258937800964168408e-01 8.182631545053067890e-03 0.000000000000000000e+00 0.000000000000000000e+00 7.820000000000000000e+02 0.000000000000000000e+00 0.000000000000000000e+00 1.000000000000000000e+00
1.000000000000000000e+00 3.100000000000000000e+02 8.789999999999999147e+00 0.000000000000000000e+00 -1.340706893337164848e-02 3.373091589292024906e-01 8.865538924374249952e-03 0.000000000000000000e+00 0.000000000000000000e+00 7.820000000000000000e+02 0.000000000000000000e+00 0.000000000000000000e+00 1.000000000000000000e+00
1.000000000000000000e+00 3.100000000000000000e+02 8.800000000000000711e+00 0.000000000000000000e+00 -1.079144785470467424e-02 3.481547556198776872e-01 9.524442490992247878e-03 0.000000000000000000e+00 0.000000000000000000e+00 7.820000000000000000e+02 0.000000000000000000e+00 0.000000000000000000e+00 1.000000000000000000e+00
1.000000000000000000e+00 3.100000000000000000e+02 8.810000000000000497e+00 0.000000000000000000e+00 -8.172769512554130950e-03 3.584506096243421647e-01 1.015675240250109301e-02 0.000000000000000000e+00 0.000000000000000000e+00 7.820000000000000000e+02 0.000000000000000000e+00 0.000000000000000000e+00 1.000000000000000000e+00
1.000000000000000000e+00 3.100000000000000000e+02 8.820000000000000284e+00 0.000000000000000000e+00 -5.549824410754380238e-03 3.682157446365572628e-01 1.076046158067645725e-02 0.000000000000000000e+00 0.000000000000000000e+00 7.820000000000000000e+02 0.000000000000000000e+00 0.000000000000000000e+00 1.000000000000000000e+00
1.000000000000000000e+00 3.100000000000000000e+02 8.830000000000000071e+00 0.000000000000000000e+00 -2.921401082439847169e-03 3.774682037387077638e-01 1.133404637719573338e-02 0.000000000000000000e+00 0.000000000000000000e+00 7.820000000000000000e+02 0.000000000000000000e+00 0.000000000000000000e+00 1.000000000000000000e+00
1.000000000000000000e+00 3.100000000000000000e+02 8.839999999999999858e+00 0.000000000000000000e+00 -2.862855305015531149e-04 3.862250827394828612e-01 1.187638297440426344e-02 0.000000000000000000e+00 0.000000000000000000e+00 7.820000000000000000e+02 0.000000000000000000e+00 0.000000000000000000e+00 1.000000000000000000e+00
1.000000000000000000e+00 3.100000000000000000e+02 8.849999999999999645e+00 0.000000000000000000e+00 2.356739333125388441e-03 3.945025617620747660e-01 1.238667725894826432e-02 0.000000000000000000e+00 0.000000000000000000e+00 7.820000000000000000e+02 0.000000000000000000e+00 0.000000000000000000e+00 1.000000000000000000e+00
1.000000000000000000e+00 3.100000000000000000e+02 8.859999999999999432e+00 0.000000000000000000e+00 5.008894249601273524e-03 4.023159351402642026e-01 1.286440611984879245e-02 0.000000000000000000e+00 0.000000000000000000e+00 7.820000000000000000e+02 0.000000000000000000e+00 0.000000000000000000e+00 1.000000000000000000e+00
1.000000000000000000e+00 3.100000000000000000e+02 8.869999999999999218e+00 0.000000000000000000e+00 7.671404177009098074e-03 4.096796396778255023e-01 1.330926837623640224e-02 0.000000000000000000e+00 0.000000000000000000e+00 7.820000000000000000e+02 0.000000000000000000e+00 0.000000000000000000e+00 1.000000000000000000e+00
1.000000000000000000e+00 3.100000000000000000e+02 8.880000000000000782e+00 0.000000000000000000e+00 1.034549885612917955e-02 4.166072813234719674e-01 1.372114379341343032e-02 0.000000000000000000e+00 0.000000000000000000e+00 7.820000000000000000e+02 0.000000000000000000e+00 0.000000000000000000e+00 1.000000000000000000e+00
1.000000000000000000e+00 3.100000000000000000e+02 8.890000000000000568e+00 0.000000000000000000e+00 1.303241337842292805e-02 4.231116603106259144e-01 1.410005888020874482e-02 0.000000000000000000e+00 0.000000000000000000e+00 7.820000000000000000e+02 0.000000000000000000e+00 0.000000000000000000e+00 1.000000000000000000e+00
1.000000000000000000e+00 3.100000000000000000e+02 8.900000000000000355e+00 0.000000000000000000e+00 1.573338875648805715e-02 4.292047948084657949e-01 1.444615836822865651e-02 0.000000000000000000e+00 0.000000000000000000e+00 7.820000000000000000e+02 0.000000000000000000e+00 0.000000000000000000e+00 1.000000000000000000e+00
1.000000000000000000e+00 3.100000000000000000e+02 8.910000000000000142e+00 0.000000000000000000e+00 1.844967249724832961e-02 4.348979431279488828e-01 1.475968145304675655e-02 0.000000000000000000e+00 0.000000000000000000e+00 7.820000000000000000e+02 0.000000000000000000e+00 0.000000000000000000e+00 1.000000000000000000e+00
1.000000000000000000e+00 3.100000000000000000e+02 8.919999999999999929e+00 0.000000000000000000e+00 2.118251917814312560e-02 4.402016245238408731e-01 1.504094203004797264e-02 0.000000000000000000e+00 0.000000000000000000e+00 7.820000000000000000e+02 0.000000000000000000e+00 0.000000000000000000e+00 1.000000000000000000e+00
1.000000000000000000e+00 3.100000000000000000e+02 8.929999999999999716e+00 0.000000000000000000e+00 2.393319102658242672e-02 4.451256386311898128e-01 1.529031228625820499e-02 0.000000000000000000e+00 0.000000000000000000e+00 7.820000000000000000e+02 0.000000000000000000e+00 0.000000000000000000e+00 1.000000000000000000e+00
1.000000000000000000e+00 3.100000000000000000e+02 8.939999999999999503e+00 0.000000000000000000e+00 2.670295850293548726e-02 4.496790835721519164e-01 1.550820911718336220e-02 0.000000000000000000e+00 0.000000000000000000e+00 7.820000000000000000e+02 0.000000000000000000e+00 0.000000000000000000e+00 1.000000000000000000e+00
1.000000000000000000e+00 3.100000000000000000e+02 8.949999999999999289e+00 0.000000000000000000e+00 2.949310088732154736e-02 4.538703727666328902e-01 1.569508292753270251e-02 0.000000000000000000e+00 0.000000000000000000e+00 7.820000000000000000e+02 0.000000000000000000e+00 0.000000000000000000e+00 1.000000000000000000e+00
1.000000000000000000e+00 3.100000000000000000e+02 8.960000000000000853e+00 0.000000000000000000e+00 3.230490687047482545e-02 4.577072504777998097e-01 1.585140844953028538e-02 0.000000000000000000e+00 0.000000000000000000e+00 7.820000000000000000e+02 0.000000000000000000e+00 0.000000000000000000e+00 1.000000000000000000e+00
1.000000000000000000e+00 3.100000000000000000e+02 8.970000000000000639e+00 0.000000000000000000e+00 3.513967514895539879e-02 4.611968061211892955e-01 1.597767727481775452e-02 0.000000000000000000e+00 0.000000000000000000e+00 7.820000000000000000e+02 0.000000000000000000e+00 0.000000000000000000e+00 1.000000000000000000e+00
1.000000000000000000e+00 3.100000000000000000e+02 8.980000000000000426e+00 0.000000000000000000e+00 3.799871502498175513e-02 4.643454873638520608e-01 1.607439184785192793e-02 0.000000000000000000e+00 0.000000000000000000e+00 7.820000000000000000e+02 0.000000000000000000e+00 0.000000000000000000e+00 1.000000000000000000e+00
1.000000000000000000e+00 3.100000000000000000e+02 8.990000000000000213e+00 0.000000000000000000e+00 4.088334701116190517e-02 4.671591120377342476e-01 1.614206071200876419e-02 0.000000000000000000e+00 0.000000000000000000e+00 7.820000000000000000e+02 0.000000000000000000e+00 0.000000000000000000e+00 1.000000000000000000e+00
1.000000000000000000e+00 3.100000000000000000e+02 9.000000000000000000e+00 0.000000000000000000e+00 4.379490344040219696e-02 4.696428788893115547e-01 1.618119483583099760e-02 0.000000000000000000e+00 0.000000000000000000e+00 7.820000000000000000e+02 0.000000000000000000e+00 0.000000000000000000e+00 1.000000000000000000e+00
1.000000000000000000e+00 3.100000000000000000e+02 9.009999999999999787e+00 0.000000000000000000e+00 4.673472908127546122e-02 4.718013771853352689e-01 1.619230487725842327e-02 0.000000000000000000e+00 0.000000000000000000e+00 7.820000000000000000e+02 0.000000000000000000e+00 0.000000000000000000e+00 1.000000000000000000e+00
1.000000000000000000e+00 3.100000000000000000e+02 9.019999999999999574e+00 0.000000000000000000e+00 4.970418175913302039e-02 4.736385951924393933e-01 1.617589926929840355e-02 0.000000000000000000e+00 0.000000000000000000e+00 7.820000000000000000e+02 0.000000000000000000e+00 0.000000000000000000e+00 1.000000000000000000e+00
1.000000000000000000e+00 3.100000000000000000e+02 9.029999999999999361e+00 0.000000000000000000e+00 5.270463298324726265e-02 4.751579275462796681e-01 1.613248303229135316e-02 0.000000000000000000e+00 0.000000000000000000e+00 7.820000000000000000e+02 0.000000000000000000e+00 0.000000000000000000e+00 1.000000000000000000e+00
1.000000000000000000e+00 3.100000000000000000e+02 9.039999999999999147e+00 0.000000000000000000e+00 5.573746858027434081e-02 4.763621815238154866e-01 1.606255723641105554e-02 0.000000000000000000e+00 0.000000000000000000e+00 7.820000000000000000e+02 0.000000000000000000e+00 0.000000000000000000e+00 1.000000000000000000e+00
1.000000000000000000e+00 3.100000000000000000e+02 9.050000000000000711e+00 0.000000000000000000e+00 5.880408933432977603e-02 4.772535822303282105e-01 1.596661905390825420e-02 0.000000000000000000e+00 0.000000000000000000e+00 7.820000000000000000e+02 0.000000000000000000e+00 0.000000000000000000e+00 1.000000000000000000e+00
1.000000000000000000e+00 3.100000000000000000e+02 9.060000000000000497e+00 0.000000000000000000e+00 6.190591163397239638e-02 4.778337767107575518e-01 1.584516235433741649e-02 0.000000000000000000e+00 0.000000000000000000e+00 7.820000000000000000e+02 0.000000000000000000e+00 0.000000000000000000e+00 1.000000000000000000e+00
1.000000000000000000e+00 3.100000000000000000e+02 9.070000000000000284e+00 0.000000000000000000e+00 6.504436812639573240e-02 4.781038369929533349e-01 1.569867880800760590e-02 0.000000000000000000e+00 0.000000000000000000e+00 7.820000000000000000e+02 0.000000000000000000e+00 0.000000000000000000e+00 1.000000000000000000e+00
1.000000000000000000e+00 3.100000000000000000e+02 9.080000000000000071e+00 0.000000000000000000e+00 6.822090837912868355e-02 4.780642620684670274e-01 1.552765947350853715e-02 0.000000000000000000e+00 0.000000000000000000e+00 7.820000000000000000e+02 0.000000000000000000e+00 0.000000000000000000e+00 1.000000000000000000e+00
1.000000000000000000e+00 3.100000000000000000e+02 9.089999999999999858e+00 0.000000000000000000e+00 7.143699954955108622e-02 4.777149788145390596e-01 1.533259685464768984e-02 0.000000000000000000e+00 0.000000000000000000e+00 7.820000000000000000e+02 0.000000000000000000e+00 0.000000000000000000e+00 1.000000000000000000e+00
1.000000000000000000e+00 3.100000000000000000e+02 9.099999999999999645e+00 0.000000000000000000e+00 7.469412706253407419e-02 4.770553418589916772e-01 1.511398742074004931e-02 0.000000000000000000e+00 0.000000000000000000e+00 7.820000000000000000e+02 0.000000000000000000e+00 0.000000000000000000e+00 1.000000000000000000e+00
1.000000000000000000e+00 3.100000000000000000e+02 9.109999999999999432e+00 0.000000000000000000e+00 7.799379529651695453e-02 4.760841323877694764e-01 1.487233459208713721e-02 0.000000000000000000e+00 0.000000000000000000e+00 7.820000000000000000e+02 0.000000000000000000e+00 0.000000000000000000e+00 1.000000000000000000e+00
1.000000000000000000e+00 3.100000000000000000e+02 9.119999999999999218e+00 0.000000000000000000e+00 8.133752827833889976e-02 4.747995558929331561e-01 1.460815219983711832e-02 0.000000000000000000e+00 0.000000000000000000e+00 7.820000000000000000e+02 0.000000000000000000e+00 0.000000000000000000e+00 1.000000000000000000e+00
1.000000000000000000e+00 3.100000000000000000e+02 9.130000000000000782e+00 0.000000000000000000e+00 8.472687038714532548e-02 4.731992388569392083e-01 1.432196843633549987e-02 0.000000000000000000e+00 0.000000000000000000e+00 7.820000000000000000e+02 0.000000000000000000e+00 0.000000000000000000e+00 1.000000000000000000e+00
1.000000000000000000e+00 3.100000000000000000e+02 9.140000000000000568e+00 0.000000000000000000e+00 8.816338706769444311e-02 4.712802243670809466e-01 1.401433031864666306e-02 0.000000000000000000e+00 0.000000000000000000e+00 7.820000000000000000e+02 0.000000000000000000e+00 0.000000000000000000e+00 1.000000000000000000e+00
1.000000000000000000e+00 3.100000000000000000e+02 9.150000000000000355e+00 0.000000000000000000e+00 9.164866555339372389e-02 4.690389666519869660e-01 1.368580869420122498e-02 0.000000000000000000e+00 0.000000000000000000e+00 7.820000000000000000e+02 0.000000000000000000e+00 0.000000000000000000e+00 1.000000000000000000e+00
1.000000000000000000e+00 3.100000000000000000e+02 9.160000000000000142e+00 0.000000000000000000e+00 9.518431559939949382e-02 4.664713245300871614e-01 1.333700382350484076e-02 0.000000000000000000e+00 0.000000000000000000e+00 7.820000000000000000e+02 0.000000000000000000e+00 0.000000000000000000e+00 1.000000000000000000e+00
1.000000000000000000e+00 3.100000000000000000e+02 9.169999999999999929e+00 0.000000000000000000e+00 9.877197022611930444e-02 4.635725537579307165e-01 1.296855158049467494e-02 0.000000000000000000e+00 0.000000000000000000e+00 7.820000000000000000e+02 0.000000000000000000e+00 0.000000000000000000e+00 1.000000000000000000e+00
1.000000000000000000e+00 3.100000000000000000e+02 9.179999999999999716e+00 0.000000000000000000e+00 1.024132864734592779e-01 4.603372982642281452e-01 1.258113031635482021e-02 0.000000000000000000e+00 0.000000000000000000e+00 7.820000000000000000e+02 0.000000000000000000e+00 0.000000000000000000e+00 1.000000000000000000e+00
1.000000000000000000e+00 3.100000000000000000e+02 9.189999999999999503e+00 0.000000000000000000e+00 1.061099461661658139e-01 4.567595802534150651e-01 1.217546843721205307e-02 0.000000000000000000e+00 0.000000000000000000e+00 7.820000000000000000e+02 0.000000000000000000e+00 0.000000000000000000e+00 1.000000000000000000e+00
1.000000000000000000e+00 3.100000000000000000e+02 9.199999999999999289e+00 0.000000000000000000e+00 1.098636566906145418e-01 4.528327891604537747e-01 1.175235274985969580e-02 0.000000000000000000e+00 0.000000000000000000e+00 7.820000000000000000e+02 0.000000000000000000e+00 0.000000000000000000e+00 1.000000000000000000e+00
1.000000000000000000e+00 3.100000000000000000e+02 9.210000000000000853e+00 0.000000000000000000e+00 1.136761517834056212e-01 4.485496694364630166e-01 1.131263763206590001e-02 0.000000000000000000e+00 0.000000000000000000e+00 7.820000000000000000e+02 0.000000000000000000e+00 0.000000000000000000e+00 1.000000000000000000e+00
1.000000000000000000e+00 3.100000000000000000e+02 9.220000000000000639e+00 0.000000000000000000e+00 1.175491923321294596e-01 4.439023071426086431e-01 1.085725508450936100e-02 0.000000000000000000e+00 0.000000000000000000e+00 7.820000000000000000e+02 0.000000000000000000e+00 0.000000000000000000e+00 1.000000000000000000e+00
1.000000000000000000e+00 3.100000000000000000e+02 9.230000000000000426e+00 0.000000000000000000e+00 1.214845671886726208e-01 4.388821153274869991e-01 1.038722571907596537e-02 0.000000000000000000e+00 0.000000000000000000e+00 7.820000000000000000e+02 0.000000000000000000e+00 0.000000000000000000e+00 1.000000000000000000e+00
1.000000000000000000e+00 3.100000000000000000e+02 9.240000000000000213e+00 0.000000000000000000e+00 1.254840939954398049e-01 4.334798181609746393e-01 9.903670731920138914e-03 0.000000000000000000e+00 0.000000000000000000e+00 7.820000000000000000e+02 0.000000000000000000e+00 0.000000000000000000e+00 1.000000000000000000e+00
1.000000000000000000e+00 3.100000000000000000e+02 9.250000000000000000e+00 0.000000000000000000e+00 1.295496200248732188e-01 4.276854337952378238e-01 9.407824897642462492e-03 0.000000000000000000e+00 0.000000000000000000e+00 7.820000000000000000e+02 0.000000000000000000e+00 0.000000000000000000e+00 1.000000000000000000e+00
1.000000000000000000e+00 3.100000000000000000e+02 9.259999999999999787e+00 0.000000000000000000e+00 1.336830230326577218e-01 4.214882559212306257e-01 8.901050600790015588e-03 0.000000000000000000e+00 0.000000000000000000e+00 7.820000000000000000e+02 0.000000000000000000e+00 0.000000000000000000e+00 1.000000000000000000e+00
1.000000000000000000e+00 3.100000000000000000e+02 9.269999999999999574e+00 0.000000000000000000e+00 1.378862121250046535e-01 4.148768339866000243e-01 8.384852889375619955e-03 0.000000000000000000e+00 0.000000000000000000e+00 7.820000000000000000e+02 0.000000000000000000e+00 0.000000000000000000e+00 1.000000000000000000e+00
1.000000000000000000e+00 3.100000000000000000e+02 9.279999999999999361e+00 0.000000000000000000e+00 1.421611286404160512e-01 4.078389520384509415e-01 7.860895487737003251e-03 0.000000000000000000e+00 0.000000000000000000e+00 7.820000000000000000e+02 0.000000000000000000e+00 0.000000000000000000e+00 1.000000000000000000e+00
1.000000000000000000e+00 3.100000000000000000e+02 9.289999999999999147e+00 0.000000000000000000e+00 1.465097470463362361e-01 4.003616061518769365e-01 7.331017636612154054e-03 0.000000000000000000e+00 0.000000000000000000e+00 7.820000000000000000e+02 0.000000000000000000e+00 0.000000000000000000e+00 1.000000000000000000e+00
1.000000000000000000e+00 3.100000000000000000e+02 9.300000000000000711e+00 0.000000000000000000e+00 1.509340758511040492e-01 3.924309804025528647e-01 6.797251528309330992e-03 0.000000000000000000e+00 0.000000000000000000e+00 7.820000000000000000e+02 0.000000000000000000e+00 0.000000000000000000e+00 1.000000000000000000e+00
1.000000000000000000e+00 3.100000000000000000e+02 9.310000000000000497e+00 0.000000000000000000e+00 1.554361585316286209e-01 3.840324213389910146e-01 6.261839962693784012e-03 0.000000000000000000e+00 0.000000000000000000e+00 7.820000000000000000e+02 0.000000000000000000e+00 0.000000000000000000e+00 1.000000000000000000e+00
1.000000000000000000e+00 3.100000000000000000e+02 9.320000000000000284e+00 0.000000000000000000e+00 1.600180744772153607e-01 3.751504109072960613e-01 5.727253649614169606e-03 0.000000000000000000e+00 0.000000000000000000e+00 7.820000000000000000e+02 0.000000000000000000e+00 0.000000000000000000e+00 1.000000000000000000e+00
1.000000000000000000e+00 3.100000000000000000e+02 9.330000000000000071e+00 0.000000000000000000e+00 1.646819399499792891e-01 3.657685377783888581e-01 5.196207304013350514e-03 0.000000000000000000e+00 0.000000000000000000e+00 7.820000000000000000e+02 0.000000000000000000e+00 0.000000000000000000e+00 1.000000000000000000e+00
1.000000000000000000e+00 3.100000000000000000e+02 9.339999999999999858e+00 0.000000000000000000e+00 1.694299090622889692e-01 3.558694670247239400e-01 4.671673292722288567e-03 0.000000000000000000e+00 0.000000000000000000e+00 7.820000000000000000e+02 0.000000000000000000e+00 0.000000000000000000e+00 1.000000000000000000e+00
1.000000000000000000e+00 3.100000000000000000e+02 9.349999999999999645e+00 0.000000000000000000e+00 1.742641747716919820e-01 3.454349080904679514e-01 4.156891059069928868e-03 0.000000000000000000e+00 0.000000000000000000e+00 7.820000000000000000e+02 0.000000000000000000e+00 0.000000000000000000e+00 1.000000000000000000e+00
1.000000000000000000e+00 3.100000000000000000e+02 9.359999999999999432e+00 0.000000000000000000e+00 1.791869698937826882e-01 3.344455809959612780e-01 3.655369824174872773e-03 0.000000000000000000e+00 0.000000000000000000e+00 7.820000000000000000e+02 0.000000000000000000e+00 0.000000000000000000e+00 1.000000000000000000e+00
1.000000000000000000e+00 3.100000000000000000e+02 9.369999999999999218e+00 0.000000000000000000e+00 1.842005681334785705e-01 3.228811807140152257e-01 3.170881081347661640e-03 0.000000000000000000e+00 0.000000000000000000e+00 7.820000000000000000e+02 0.000000000000000000e+00 0.000000000000000000e+00 1.000000000000000000e+00
1.000000000000000000e+00 3.100000000000000000e+02 9.380000000000000782e+00 0.000000000000000000e+00 1.893072851351827179e-01 3.107203396522267291e-01 2.707436091435009434e-03 0.000000000000000000e+00 0.000000000000000000e+00 7.820000000000000000e+02 0.000000000000000000e+00 0.000000000000000000e+00 1.000000000000000000e+00
1.000000000000000000e+00 3.100000000000000000e+02 9.390000000000000568e+00 0.000000000000000000e+00 1.945094795523167885e-01 2.979405881719846549e-01 2.269241879534086154e-03 0.000000000000000000e+00 0.000000000000000000e+00 7.820000000000000000e+02 0.000000000000000000e+00 0.000000000000000000e+00 1.000000000000000000e+00
1.000000000000000000e+00 3.100000000000000000e+02 9.400000000000000355e+00 0.000000000000000000e+00 1.998095541367188588e-01 2.845183130712218289e-01 1.860627076701856786e-03 0.000000000000000000e+00 0.000000000000000000e+00 7.820000000000000000e+02 0.000000000000000000e+00 0.000000000000000000e+00 1.000000000000000000e+00
1.000000000000000000e+00 3.100000000000000000e+02 9.410000000000000142e+00 0.000000000000000000e+00 2.052099568484089254e-01 2.704287139541989293e-01 1.485926371271267463e-03 0.000000000000000000e+00 0.000000000000000000e+00 7.820000000000000000e+02 0.000000000000000000e+00 0.000000000000000000e+00 1.000000000000000000e+00
1.000000000000000000e+00 3.100000000000000000e+02 9.419999999999999929e+00 0.000000000000000000e+00 2.107131819862350375e-01 2.556457574077067862e-01 1.149309558848676804e-03 0.000000000000000000e+00 0.000000000000000000e+00 7.820000000000000000e+02 0.000000000000000000e+00 0.000000000000000000e+00 1.000000000000000000e+00
1.000000000000000000e+00 3.100000000000000000e+02 9.429999999999999716e+00 0.000000000000000000e+00 2.163217713399218090e-01 2.401421288990155112e-01 8.545388798601883523e-04 0.000000000000000000e+00 0.000000000000000000e+00 7.820000000000000000e+02 0.000000000000000000e+00 0.000000000000000000e+00 1.000000000000000000e+00
1.000000000000000000e+00 3.100000000000000000e+02 9.439999999999999503e+00 0.000000000000000000e+00 2.220383153640540230e-01 2.238891823066951614e-01 6.046381106440306200e-04 0.000000000000000000e+00 0.000000000000000000e+00 7.820000000000000000e+02 0.000000000000000000e+00 0.000000000000000000e+00 1.000000000000000000e+00
1.000000000000000000e+00 3.100000000000000000e+02 9.449999999999999289e+00 0.000000000000000000e+00 2.278654543745369243e-01 2.068568869910522023e-01 4.014621501723767034e-04 0.000000000000000000e+00 0.000000000000000000e+00 7.820000000000000000e+02 0.000000000000000000e+00 0.000000000000000000e+00 1.000000000000000000e+00
1.000000000000000000e+00 3.100000000000000000e+02 9.460000000000000853e+00 0.000000000000000000e+00 2.338058797680859224e-01 1.890137723063874953e-01 2.451733325492680762e-04 0.000000000000000000e+00 0.000000000000000000e+00 7.820000000000000000e+02 0.000000000000000000e+00 0.000000000000000000e+00 1.000000000000000000e+00
1.000000000000000000e+00 3.100000000000000000e+02 9.470000000000000639e+00 0.000000000000000000e+00 2.398623352653099783e-01 1.703268694525479632e-01 1.336722969016693099e-04 0.000000000000000000e+00 0.000000000000000000e+00 7.820000000000000000e+02 0.000000000000000000e+00 0.000000000000000000e+00 1.000000000000000000e+00
1.000000000000000000e+00 3.100000000000000000e+02 9.480000000000000426e+00 0.000000000000000000e+00 2.460376181779607707e-01 1.507616505583318500e-01 6.211451857625381948e-05 0.000000000000000000e+00 0.000000000000000000e+00 7.820000000000000000e+02 0.000000000000000000e+00 0.000000000000000000e+00 1.000000000000000000e+00
1.000000000000000000e+00 3.100000000000000000e+02 9.490000000000000213e+00 0.000000000000000000e+00 2.523345807009351183e-01 1.302819648841919420e-01 2.278290617909638693e-05 0.000000000000000000e+00 0.000000000000000000e+00 7.820000000000000000e+02 0.000000000000000000e+00 0.000000000000000000e+00 1.000000000000000000e+00
1.000000000000000000e+00 3.100000000000000000e+02 9.500000000000000000e+00 0.000000000000000000e+00 2.587561312296260962e-01 1.088499720263578080e-01 5.750955432406534926e-06 0.000000000000000000e+00 0.000000000000000000e+00 7.820000000000000000e+02 0.000000000000000000e+00 0.000000000000000000e+00 1.000000000000000000e+00
1.000000000000000000e+00 3.100000000000000000e+02 9.509999999999999787e+00 0.000000000000000000e+00 2.653052357032315012e-01 8.642607199895815939e-02 7.605013411118247152e-07 0.000000000000000000e+00 0.000000000000000000e+00 7.820000000000000000e+02 0.000000000000000000e+00 0.000000000000000000e+00 1.000000000000000000e+00
1.000000000000000000e+00 3.100000000000000000e+02 9.519999999999999574e+00 0.000000000000000000e+00 2.719849189746401663e-01 6.296883206495558494e-02 2.789900601458270365e-08 0.000000000000000000e+00 0.000000000000000000e+00 7.820000000000000000e+02 0.000000000000000000e+00 0.000000000000000000e+00 1.000000000000000000e+00
1.000000000000000000e+00 3.100000000000000000e+02 9.529999999999999361e+00 0.000000000000000000e+00 2.787982662075293994e-01 3.843491018069929849e-02 4.155610697460826111e-11 0.000000000000000000e+00 0.000000000000000000e+00 7.820000000000000000e+02 0.000000000000000000e+00 0.000000000000000000e+00 1.000000000000000000e+00
1.000000000000000000e+00 3.100000000000000000e+02 9.539999999999999147e+00 0.000000000000000000e+00 2.857484243013180270e-01 1.277897491264370564e-02 1.161001072568556239e-19 1.000000000000000000e+00 1.000000000000000000e+00 7.820000000000000000e+02 0.000000000000000000e+00 0.000000000000000000e+00 1.000000000000000000e+00
1.000000000000000000e+00 3.100000000000000000e+02 9.550000000000000711e+00 0.000000000000000000e+00 2.773100500781155442e-01 3.814888518056887973e-02 3.883970156102314685e-11 0.000000000000000000e+00 0.000000000000000000e+00 7.820000000000000000e+02 0.000000000000000000e+00 0.000000000000000000e+00 1.000000000000000000e+00
1.000000000000000000e+00 3.100000000000000000e+02 9.560000000000000497e+00 0.000000000000000000e+00 2.690077993493369957e-01 6.209228195186509286e-02 2.526404002962052374e-08 0.000000000000000000e+00 0.000000000000000000e+00 7.820000000000000000e+02 0.000000000000000000e+00 0.000000000000000000e+00 1.000000000000000000e+00
1.000000000000000000e+00 3.100000000000000000e+02 9.570000000000000284e+00 0.000000000000000000e+00 2.608378375316127151e-01 8.465340554427344677e-02 6.730947738324131091e-07 0.000000000000000000e+00 0.000000000000000000e+00 7.820000000000000000e+02 0.000000000000000000e+00 0.000000000000000000e+00 1.000000000000000000e+00
1.000000000000000000e+00 3.100000000000000000e+02 9.580000000000000071e+00 0.000000000000000000e+00 2.527963911422158039e-01 1.058739422434057248e-01 4.990160767796879889e-06 0.000000000000000000e+00 0.000000000000000000e+00 7.820000000000000000e+02 0.000000000000000000e+00 0.000000000000000000e+00 1.000000000000000000e+00
1.000000000000000000e+00 3.100000000000000000e+02 9.589999999999999858e+00 0.000000000000000000e+00 2.448797460561936701e-01 1.257931013266745390e-01 1.940325242850678492e-05 0.000000000000000000e+00 0.000000000000000000e+00 7.820000000000000000e+02 0.000000000000000000e+00 0.000000000000000000e+00 1.000000000000000000e+00
1.000000000000000000e+00 3.100000000000000000e+02 9.599999999999999645e+00 0.000000000000000000e+00 2.370842457909148604e-01 1.444476875104447056e-01 5.193518952370437120e-05 0.000000000000000000e+00 0.000000000000000000e+00 7.820000000000000000e+02 0.000000000000000000e+00 0.000000000000000000e+00 1.000000000000000000e+00
1.000000000000000000e+00 3.100000000000000000e+02 9.609999999999999432e+00 0.000000000000000000e+00 2.294062898172393727e-01 1.618721689542669540e-01 1.097030400785674754e-04 0.000000000000000000e+00 0.000000000000000000e+00 7.820000000000000000e+02 0.000000000000000000e+00 0.000000000000000000e+00 1.000000000000000000e+00
1.000000000000000000e+00 3.100000000000000000e+02 9.619999999999999218e+00 0.000000000000000000e+00 2.218423318965322966e-01 1.780987409478452799e-01 1.973939017763056726e-04 0.000000000000000000e+00 0.000000000000000000e+00 7.820000000000000000e+02 0.000000000000000000e+00 0.000000000000000000e+00 1.000000000000000000e+00
1.000000000000000000e+00 3.100000000000000000e+02 9.630000000000000782e+00 0.000000000000000000e+00 2.143888784427528393e-01 1.931573853984128175e-01 3.168608907149418792e-04 0.000000000000000000e+00 0.000000000000000000e+00 7.820000000000000000e+02 0.000000000000000000e+00 0.000000000000000000e+00 1.000000000000000000e+00
1.000000000000000000e+00 3.100000000000000000e+02 9.640000000000000568e+00 0.000000000000000000e+00 2.070424869088622888e-01 2.070759262284317670e-01 4.673985852353072096e-04 0.000000000000000000e+00 0.000000000000000000e+00 7.820000000000000000e+02 0.000000000000000000e+00 0.000000000000000000e+00 1.000000000000000000e+00
1.000000000000000000e+00 3.100000000000000000e+02 9.650000000000000355e+00 0.000000000000000000e+00 1.997997641968049798e-01 2.198800807859746242e-01 6.462920765384870536e-04 0.000000000000000000e+00 0.000000000000000000e+00 7.820000000000000000e+02 0.000000000000000000e+00 0.000000000000000000e+00 1.000000000000000000e+00
1.000000000000000000e+00 3.100000000000000000e+02 9.660000000000000142e+00 0.000000000000000000e+00 1.926573650903292967e-01 2.315935073627804208e-01 8.494014413618295248e-04 0.000000000000000000e+00 0.000000000000000000e+00 7.820000000000000000e+02 0.000000000000000000e+00 0.000000000000000000e+00 1.000000000000000000e+00
1.000000000000000000e+00 3.100000000000000000e+02 9.669999999999999929e+00 0.000000000000000000e+00 1.856119907099229027e-01 2.422378489077816888e-01 1.071674360543294763e-03 0.000000000000000000e+00 0.000000000000000000e+00 7.820000000000000000e+02 0.000000000000000000e+00 0.000000000000000000e+00 1.000000000000000000e+00
1.000000000000000000e+00 3.100000000000000000e+02 9.679999999999999716e+00 0.000000000000000000e+00 1.786603869891505991e-01 2.518327730168749556e-01 1.307554081850169705e-03 0.000000000000000000e+00 0.000000000000000000e+00 7.820000000000000000e+02 0.000000000000000000e+00 0.000000000000000000e+00 1.000000000000000000e+00
1.000000000000000000e+00 3.100000000000000000e+02 9.689999999999999503e+00 0.000000000000000000e+00 1.717993431716894892e-01 2.603960082728237757e-01 1.551285153928423297e-03 0.000000000000000000e+00 0.000000000000000000e+00 7.820000000000000000e+02 0.000000000000000000e+00 0.000000000000000000e+00 1.000000000000000000e+00
1.000000000000000000e+00 3.100000000000000000e+02 9.699999999999999289e+00 0.000000000000000000e+00 1.650256903283682519e-01 2.679433770024357564e-01 1.797132836797605063e-03 0.000000000000000000e+00 0.000000000000000000e+00 7.820000000000000000e+02 0.000000000000000000e+00 0.000000000000000000e+00 1.000000000000000000e+00
1.000000000000000000e+00 3.100000000000000000e+02 9.710000000000000853e+00 0.000000000000000000e+00 1.583362998935250177e-01 2.744888245115465475e-01 2.039535045298575960e-03 0.000000000000000000e+00 0.000000000000000000e+00 7.820000000000000000e+02 0.000000000000000000e+00 0.000000000000000000e+00 1.000000000000000000e+00
1.000000000000000000e+00 3.100000000000000000e+02 9.720000000000000639e+00 0.000000000000000000e+00 1.517280822200083035e-01 2.800444448518198404e-01 2.273204200720998006e-03 0.000000000000000000e+00 0.000000000000000000e+00 7.820000000000000000e+02 0.000000000000000000e+00 0.000000000000000000e+00 1.000000000000000000e+00
1.000000000000000000e+00 3.100000000000000000e+02 9.730000000000000426e+00 0.000000000000000000e+00 1.451979851521529585e-01 2.846205031669796770e-01 2.493193444168026462e-03 0.000000000000000000e+00 0.000000000000000000e+00 7.820000000000000000e+02 0.000000000000000000e+00 0.000000000000000000e+00 1.000000000000000000e+00
1.000000000000000000e+00 3.100000000000000000e+02 9.740000000000000213e+00 0.000000000000000000e+00 1.387429926160727578e-01 2.882254546597615152e-01 2.694938635929039483e-03 0.000000000000000000e+00 0.000000000000000000e+00 7.820000000000000000e+02 0.000000000000000000e+00 0.000000000000000000e+00 1.000000000000000000e+00
1.000000000000000000e+00 3.100000000000000000e+02 9.750000000000000000e+00 0.000000000000000000e+00 1.323601232266180538e-01 2.908659602146253520e-01 2.874284941007079069e-03 0.000000000000000000e+00 0.000000000000000000e+00 7.820000000000000000e+02 0.000000000000000000e+00 0.000000000000000000e+00 1.000000000000000000e+00
1.000000000000000000e+00 3.100000000000000000e+02 9.759999999999999787e+00 0.000000000000000000e+00 1.260464289103551960e-01 2.925468987051018654e-01 3.027504717317625743e-03 0.000000000000000000e+00 0.000000000000000000e+00 7.820000000000000000e+02 0.000000000000000000e+00 0.000000000000000000e+00 1.000000000000000000e+00
1.000000000000000000e+00 3.100000000000000000e+02 9.769999999999999574e+00 0.000000000000000000e+00 1.197989935439318643e-01 2.932713760085080001e-01 3.151311857604487815e-03 0.000000000000000000e+00 0.000000000000000000e+00 7.820000000000000000e+02 0.000000000000000000e+00 0.000000000000000000e+00 1.000000000000000000e+00
1.000000000000000000e+00 3.100000000000000000e+02 9.779999999999999361e+00 0.000000000000000000e+00 1.136149316071990156e-01 2.930407307446899479e-01 3.242876611987827173e-03 0.000000000000000000e+00 0.000000000000000000e+00 7.820000000000000000e+02 0.000000000000000000e+00 0.000000000000000000e+00 1.000000000000000000e+00
1.000000000000000000e+00 3.100000000000000000e+02 9.789999999999999147e+00 0.000000000000000000e+00 1.074913868504678294e-01 2.918545367493963760e-01 3.299844148781195391e-03 0.000000000000000000e+00 0.000000000000000000e+00 7.820000000000000000e+02 0.000000000000000000e+00 0.000000000000000000e+00 1.000000000000000000e+00
1.000000000000000000e+00 3.100000000000000000e+02 9.800000000000000711e+00 0.000000000000000000e+00 1.014255309752857270e-01 2.897106022868531916e-01 3.320359617158780835e-03 0.000000000000000000e+00 0.000000000000000000e+00 7.820000000000000000e+02 0.000000000000000000e+00 0.000000000000000000e+00 1.000000000000000000e+00
1.000000000000000000e+00 3.100000000000000000e+02 9.810000000000000497e+00 0.000000000000000000e+00 9.541456232812257909e-02 2.866049660000842825e-01 3.303102186542929142e-03 0.000000000000000000e+00 0.000000000000000000e+00 7.820000000000000000e+02 0.000000000000000000e+00 0.000000000000000000e+00 1.000000000000000000e+00
1.000000000000000000e+00 3.100000000000000000e+02 9.820000000000000284e+00 0.000000000000000000e+00 8.945570460636304011e-02 2.825318895914940009e-01 3.247330389943008100e-03 0.000000000000000000e+00 0.000000000000000000e+00 7.820000000000000000e+02 0.000000000000000000e+00 0.000000000000000000e+00 1.000000000000000000e+00
1.000000000000000000e+00 3.100000000000000000e+02 9.830000000000000071e+00 0.000000000000000000e+00 8.354620557600829500e-02 2.774838472201914263e-01 3.152941024165148431e-03 0.000000000000000000e+00 0.000000000000000000e+00 7.820000000000000000e+02 0.000000000000000000e+00 0.000000000000000000e+00 1.000000000000000000e+00
1.000000000000000000e+00 3.100000000000000000e+02 9.839999999999999858e+00 0.000000000000000000e+00 7.768333580049388565e-02 2.714515115964600267e-01 3.020543772856446041e-03 0.000000000000000000e+00 0.000000000000000000e+00 7.820000000000000000e+02 0.000000000000000000e+00 0.000000000000000000e+00 1.000000000000000000e+00
1.000000000000000000e+00 3.100000000000000000e+02 9.849999999999999645e+00 0.000000000000000000e+00 7.186438738003754489e-02 2.644237367476849898e-01 2.851553490831749971e-03 0.000000000000000000e+00 0.000000000000000000e+00 7.820000000000000000e+02 0.000000000000000000e+00 0.000000000000000000e+00 1.000000000000000000e+00
1.000000000000000000e+00 3.100000000000000000e+02 9.859999999999999432e+00 0.000000000000000000e+00 6.608667270093404600e-02 2.563875374238918092e-01 2.648301510954735594e-03 0.000000000000000000e+00 0.000000000000000000e+00 7.820000000000000000e+02 0.000000000000000000e+00 0.000000000000000000e+00 1.000000000000000000e+00
1.000000000000000000e+00 3.100000000000000000e+02 9.869999999999999218e+00 0.000000000000000000e+00 6.034752319421959887e-02 2.473280651048425371e-01 2.414166051351378586e-03 0.000000000000000000e+00 0.000000000000000000e+00 7.820000000000000000e+02 0.000000000000000000e+00 0.000000000000000000e+00 1.000000000000000000e+00
1.000000000000000000e+00 3.100000000000000000e+02 9.880000000000000782e+00 0.000000000000000000e+00 5.464428810313266827e-02 2.372285805643620793e-01 2.153719193688024072e-03 0.000000000000000000e+00 0.000000000000000000e+00 7.820000000000000000e+02 0.000000000000000000e+00 0.000000000000000000e+00 1.000000000000000000e+00
1.000000000000000000e+00 3.100000000000000000e+02 9.890000000000000568e+00 0.000000000000000000e+00 4.897433325880154453e-02 2.260704229411966137e-01 1.872882903611957153e-03 0.000000000000000000e+00 0.000000000000000000e+00 7.820000000000000000e+02 0.000000000000000000e+00 0.000000000000000000e+00 1.000000000000000000e+00
1.000000000000000000e+00 3.100000000000000000e+02 9.900000000000000355e+00 0.000000000000000000e+00 4.333503986359366067e-02 2.138329752592600663e-01 1.579077336458558842e-03 0.000000000000000000e+00 0.000000000000000000e+00 7.820000000000000000e+02 0.000000000000000000e+00 0.000000000000000000e+00 1.000000000000000000e+00
1.000000000000000000e+00 3.100000000000000000e+02 9.910000000000000142e+00 0.000000000000000000e+00 3.772380328156420271e-02 2.004936263335579671e-01 1.281328125355167200e-03 0.000000000000000000e+00 0.000000000000000000e+00 7.820000000000000000e+02 0.000000000000000000e+00 0.000000000000000000e+00 1.000000000000000000e+00
1.000000000000000000e+00 3.100000000000000000e+02 9.919999999999999929e+00 0.000000000000000000e+00 3.213803183544579334e-02 1.860277289914036014e-01 9.902705002754553024e-04 0.000000000000000000e+00 0.000000000000000000e+00 7.820000000000000000e+02 0.000000000000000000e+00 0.000000000000000000e+00 1.000000000000000000e+00
1.000000000000000000e+00 3.100000000000000000e+02 9.929999999999999716e+00 0.000000000000000000e+00 2.657514560962343994e-02 1.704085545317301220e-01 7.179396234480613093e-04 0.000000000000000000e+00 0.000000000000000000e+00 7.820000000000000000e+02 0.000000000000000000e+00 0.000000000000000000e+00 1.000000000000000000e+00
1.000000000000000000e+00 3.100000000000000000e+02 9.939999999999999503e+00 0.000000000000000000e+00 2.103257525854171708e-02 1.536072433383538216e-01 4.771602743424028722e-04 0.000000000000000000e+00 0.000000000000000000e+00 7.820000000000000000e+02 0.000000000000000000e+00 0.000000000000000000e+00 1.000000000000000000e+00
1.000000000000000000e+00 3.100000000000000000e+02 9.949999999999999289e+00 0.000000000000000000e+00 1.550776081999412706e-02 1.355927515559370022e-01 2.802454999740462520e-04 0.000000000000000000e+00 0.000000000000000000e+00 7.820000000000000000e+02 0.000000000000000000e+00 0.000000000000000000e+00 1.000000000000000000e+00
1.000000000000000000e+00 3.100000000000000000e+02 9.960000000000000853e+00 0.000000000000000000e+00 9.998150532746323538e-03 1.163317937301220351e-01 1.366299697990753376e-04 0.000000000000000000e+00 0.000000000000000000e+00 7.820000000000000000e+02 0.000000000000000000e+00 0.000000000000000000e+00 1.000000000000000000e+00
1.000000000000000000e+00 3.100000000000000000e+02 9.970000000000000639e+00 0.000000000000000000e+00 4.501199657947128202e-03 9.578878130585341544e-02 4.921312031819734516e-05 0.000000000000000000e+00 0.000000000000000000e+00 7.820000000000000000e+02 0.000000000000000000e+00 0.000000000000000000e+00 1.000000000000000000e+00
1.000000000000000000e+00 3.100000000000000000e+02 9.980000000000000426e+00 0.000000000000000000e+00 -9.856306962170054142e-04 7.392575687025060294e-02 1.023538004965831509e-05 0.000000000000000000e+00 0.000000000000000000e+00 7.820000000000000000e+02 0.000000000000000000e+00 0.000000000000000000e+00 1.000000000000000000e+00
1.000000000000000000e+00 3.100000000000000000e+02 9.990000000000000213e+00 0.000000000000000000e+00 -6.464874747166955704e-03 5.070232401853237703e-02 6.517527202358197591e-07 0.000000000000000000e+00 0.000000000000000000e+00 7.820000000000000000e+02 0.000000000000000000e+00 0.000000000000000000e+00 1.000000000000000000e+00
1.000000000000000000e+00 3.100000000000000000e+02 1.000000000000000000e+01 0.000000000000000000e+00 -1.193906320841684951e-02 2.607557271340482652e-02 1.241839549287383681e-09 0.000000000000000000e+00 0.000000000000000000e+00 7.820000000000000000e+02 0.000000000000000000e+00 0.000000000000000000e+00 1.000000000000000000e+00
