733 0 200.0 201 0.6241134559999892 7.95 0.004688701759608164 0.0198292823600555 True False 0.016743399336234376 45.638924571310085 -22.803271469445686 -1.1932479335124413 132.4086395338517 -66.19793406455025
733 1 200.0 201 1.0409909729999924 7.95 0.004688701759608164 0.011816334316426704 True False 0.016743399336234376 45.638924571310085 -22.803271469445686 -1.1932479335124413 132.4086395338517 -66.19793406455025
733 2 200.0 201 1.4448771919999928 7.95 0.004688701759608164 0.03271151428019597 True False 0.016743399336234376 45.638924571310085 -22.803271469445686 -1.1932479335124413 132.4086395338517 -66.19793406455025
733 3 200.0 201 1.8621879279999973 7.95 0.004688701759608164 0.22105432833733527 True False 0.016743399336234376 45.638924571310085 -22.803271469445686 -1.1932479335124413 132.4086395338517 -66.19793406455025
733 4 200.0 201 2.277671311000006 7.95 0.004688701759608164 0.22105432833733527 False True 0.016743399336234376 45.638924571310085 -22.803271469445686 -1.1932479335124413 132.4086395338517 -66.19793406455025
733 5 212.0 213 2.923711351999998 7.95 0.004688701759608164 2.59262355033047e-06 True False 0.016743399336234376 45.638924571310085 -22.803271469445686 -1.1932479335124413 132.4086395338517 -66.19793406455025
733 6 212.0 213 3.321162622999992 7.95 0.004688701759608164 0.00039685827349542893 True False 0.016743399336234376 45.638924571310085 -22.803271469445686 -1.1932479335124413 132.4086395338517 -66.19793406455025
733 7 212.0 213 3.718938723999983 7.95 0.004688701759608164 0.0003839666320000005 True False 0.016743399336234376 45.638924571310085 -22.803271469445686 -1.1932479335124413 132.4086395338517 -66.19793406455025
733 8 212.0 213 4.119514005999974 7.95 0.004688701759608164 0.00012712422863002227 True False 0.016743399336234376 45.638924571310085 -22.803271469445686 -1.1932479335124413 132.4086395338517 -66.19793406455025
733 9 212.0 214 4.502485380999971 7.95 0.004688701759608164 0.0007705155595513255 True False 0.016743399336234376 45.638924571310085 -22.803271469445686 -1.1932479335124413 132.4086395338517 -66.19793406455025
733 10 212.0 214 4.902100876999967 7.95 0.004688701759608164 0.0007705155595513255 False True 0.016743399336234376 45.638924571310085 -22.803271469445686 -1.1932479335124413 132.4086395338517 -66.19793406455025
733 11 224.0 226 5.595554132999965 7.83 0.0007705155595513255 0.005811359655352096 True False 0.016743399336234376 45.638924571310085 -22.803271469445686 -1.1932479335124413 132.4086395338517 -66.19793406455025
733 12 224.0 226 6.000793716999965 7.83 0.0007705155595513255 0.003613089543087907 True False 0.016743399336234376 45.638924571310085 -22.803271469445686 -1.1932479335124413 132.4086395338517 -66.19793406455025
733 13 224.0 226 6.419461474999963 7.83 0.0007705155595513255 0.010077909188141707 True False 0.016743399336234376 45.638924571310085 -22.803271469445686 -1.1932479335124413 132.4086395338517 -66.19793406455025
733 14 224.0 226 6.821974191999956 7.83 0.0007705155595513255 0.00852666477776905 True False 0.016743399336234376 45.638924571310085 -22.803271469445686 -1.1932479335124413 132.4086395338517 -66.19793406455025
733 15 224.0 226 7.244303430999963 7.83 0.0007705155595513255 0.01175803099406567 True False 0.016743399336234376 45.638924571310085 -22.803271469445686 -1.1932479335124413 132.4086395338517 -66.19793406455025
733 16 224.0 226 7.660378925999964 7.83 0.0007705155595513255 0.01175803099406567 False True 0.016743399336234376 45.638924571310085 -22.803271469445686 -1.1932479335124413 132.4086395338517 -66.19793406455025
733 17 236.0 238 8.337388111999957 7.83 0.0007705155595513255 0.022085960993311168 True False 0.016743399336234376 45.638924571310085 -22.803271469445686 -1.1932479335124413 132.4086395338517 -66.19793406455025
733 18 236.0 238 8.735771826999951 7.83 0.0007705155595513255 0.01757005650627392 True False 0.016743399336234376 45.638924571310085 -22.803271469445686 -1.1932479335124413 132.4086395338517 -66.19793406455025
733 19 236.0 238 9.122985438999962 7.83 0.0007705155595513255 0.019764019315390492 True False 0.016743399336234376 45.638924571310085 -22.803271469445686 -1.1932479335124413 132.4086395338517 -66.19793406455025
733 20 236.0 238 9.518501279999953 7.83 0.0007705155595513255 0.02711289545341129 True False 0.016743399336234376 45.638924571310085 -22.803271469445686 -1.1932479335124413 132.4086395338517 -66.19793406455025
733 21 236.0 239 9.915380026999955 7.83 0.0007705155595513255 0.024535663358838673 True False 0.016743399336234376 45.638924571310085 -22.803271469445686 -1.1932479335124413 132.4086395338517 -66.19793406455025
733 22 236.0 239 10.314990812999966 7.83 0.0007705155595513255 0.029817413564198987 True False 0.016743399336234376 45.638924571310085 -22.803271469445686 -1.1932479335124413 132.4086395338517 -66.19793406455025
733 23 236.0 239 10.700308050999965 7.83 0.0007705155595513255 0.029817413564198987 False True 0.016743399336234376 45.638924571310085 -22.803271469445686 -1.1932479335124413 132.4086395338517 -66.19793406455025
733 24 248.0 251 11.356417525999959 7.7299999999999995 0.01175803099406567 0.0019326215277045945 True False 0.016743399336234376 45.638924571310085 -22.803271469445686 -1.1932479335124413 132.4086395338517 -66.19793406455025
733 25 248.0 251 11.775657484999954 7.7299999999999995 0.01175803099406567 0.04190302691398224 True False 0.016743399336234376 45.638924571310085 -22.803271469445686 -1.1932479335124413 132.4086395338517 -66.19793406455025
733 26 248.0 251 12.178919488999952 7.7299999999999995 0.01175803099406567 0.038692056072262615 True False 0.016743399336234376 45.638924571310085 -22.803271469445686 -1.1932479335124413 132.4086395338517 -66.19793406455025
733 27 248.0 251 12.596524796999944 7.7299999999999995 0.01175803099406567 0.04870228002189626 True False 0.016743399336234376 45.638924571310085 -22.803271469445686 -1.1932479335124413 132.4086395338517 -66.19793406455025
733 28 248.0 251 13.012050435999939 7.7299999999999995 0.01175803099406567 0.04523987479125168 True False 0.016743399336234376 45.638924571310085 -22.803271469445686 -1.1932479335124413 132.4086395338517 -66.19793406455025
733 29 248.0 251 13.459918255999938 7.7299999999999995 0.01175803099406567 0.05228991036670742 True False 0.016743399336234376 45.638924571310085 -22.803271469445686 -1.1932479335124413 132.4086395338517 -66.19793406455025
733 30 248.0 251 13.946705706999936 7.7299999999999995 0.01175803099406567 0.05600242106267082 True False 0.016743399336234376 45.638924571310085 -22.803271469445686 -1.1932479335124413 132.4086395338517 -66.19793406455025
733 31 248.0 251 14.366886721999933 7.7299999999999995 0.01175803099406567 0.05600242106267082 False True 0.016743399336234376 45.638924571310085 -22.803271469445686 -1.1932479335124413 132.4086395338517 -66.19793406455025
733 32 260.0 263 15.063788861999939 7.65 0.029817413564198987 0.002708090418601185 True False 0.016743399336234376 45.638924571310085 -22.803271469445686 -1.1932479335124413 132.4086395338517 -66.19793406455025
733 33 260.0 264 15.479339586999927 7.65 0.029817413564198987 0.004647542428462663 True False 0.016743399336234376 45.638924571310085 -22.803271469445686 -1.1932479335124413 132.4086395338517 -66.19793406455025
733 34 260.0 264 15.900894996999924 7.65 0.029817413564198987 0.0012867463887836449 True False 0.016743399336234376 45.638924571310085 -22.803271469445686 -1.1932479335124413 132.4086395338517 -66.19793406455025
733 35 260.0 264 16.31816938499992 7.65 0.029817413564198987 0.007104438866652066 True False 0.016743399336234376 45.638924571310085 -22.803271469445686 -1.1932479335124413 132.4086395338517 -66.19793406455025
733 36 260.0 264 16.738150487999917 7.65 0.029817413564198987 0.003613089543087907 False True 0.016743399336234376 45.638924571310085 -22.803271469445686 -1.1932479335124413 132.4086395338517 -66.19793406455025
733 37 272.0 276 17.401251499999915 7.65 0.029817413564198987 0.0 True False 0.016743399336234376 45.638924571310085 -22.803271469445686 -1.1932479335124413 132.4086395338517 -66.19793406455025
733 38 272.0 276 17.780973391999908 7.65 0.029817413564198987 0.002708090418601185 False True 0.016743399336234376 45.638924571310085 -22.803271469445686 -1.1932479335124413 132.4086395338517 -66.19793406455025
733 39 284.0 288 18.43783870599991 7.8 0.002708090418601185 0.01550427794797945 True False 0.016743399336234376 45.638924571310085 -22.803271469445686 -1.1932479335124413 132.4086395338517 -66.19793406455025
733 40 284.0 288 18.88459688199991 7.8 0.002708090418601185 0.00013488780374492718 True False 0.016743399336234376 45.638924571310085 -22.803271469445686 -1.1932479335124413 132.4086395338517 -66.19793406455025
733 41 284.0 288 19.337316464999915 7.8 0.002708090418601185 0.0013096511732079005 True False 0.016743399336234376 45.638924571310085 -22.803271469445686 -1.1932479335124413 132.4086395338517 -66.19793406455025
733 42 284.0 288 19.782088767999923 7.8 0.002708090418601185 0.013566876202803122 True False 0.016743399336234376 45.638924571310085 -22.803271469445686 -1.1932479335124413 132.4086395338517 -66.19793406455025
733 43 284.0 288 20.237295665999923 7.8 0.002708090418601185 0.007104438866652066 False True 0.016743399336234376 45.638924571310085 -22.803271469445686 -1.1932479335124413 132.4086395338517 -66.19793406455025
733 44 296.0 300 20.942434177999928 7.79 0.003613089543087907 0.0 False True 0.016743399336234376 45.638924571310085 -22.803271469445686 -1.1932479335124413 132.4086395338517 -66.19793406455025
733 45 308.0 312 21.60241221899993 7.79 0.003613089543087907 0.0326489612484786 True False 0.016743399336234376 45.638924571310085 -22.803271469445686 -1.1932479335124413 132.4086395338517 -66.19793406455025
733 46 308.0 312 22.002823602999925 7.79 0.003613089543087907 0.022085960993311168 False True 0.016743399336234376 45.638924571310085 -22.803271469445686 -1.1932479335124413 132.4086395338517 -66.19793406455025
733 47 320.0 324 22.67762550799992 7.83 0.0007705155595513255 0.03560726935927074 True False 0.016743399336234376 45.638924571310085 -22.803271469445686 -1.1932479335124413 132.4086395338517 -66.19793406455025
733 48 320.0 325 23.097885743999925 7.83 0.0007705155595513255 0.11015078862142193 True False 0.016743399336234376 45.638924571310085 -22.803271469445686 -1.1932479335124413 132.4086395338517 -66.19793406455025
733 49 320.0 325 23.51997221399992 7.83 0.0007705155595513255 0.09015272331015321 True False 0.016743399336234376 45.638924571310085 -22.803271469445686 -1.1932479335124413 132.4086395338517 -66.19793406455025
733 50 320.0 325 23.93656711199992 7.83 0.0007705155595513255 0.1378278123017838 True False 0.016743399336234376 45.638924571310085 -22.803271469445686 -1.1932479335124413 132.4086395338517 -66.19793406455025
733 51 320.0 325 24.35942007299991 7.83 0.0007705155595513255 0.12640339652703633 True False 0.016743399336234376 45.638924571310085 -22.803271469445686 -1.1932479335124413 132.4086395338517 -66.19793406455025
733 52 320.0 325 24.777140918999905 7.83 0.0007705155595513255 0.1320570336940172 True False 0.016743399336234376 45.638924571310085 -22.803271469445686 -1.1932479335124413 132.4086395338517 -66.19793406455025
733 53 320.0 325 25.2220585619999 7.83 0.0007705155595513255 0.15583730751966343 True False 0.016743399336234376 45.638924571310085 -22.803271469445686 -1.1932479335124413 132.4086395338517 -66.19793406455025
733 54 320.0 325 25.67497913999989 7.83 0.0007705155595513255 0.14971852977576428 True False 0.016743399336234376 45.638924571310085 -22.803271469445686 -1.1932479335124413 132.4086395338517 -66.19793406455025
733 55 320.0 325 26.121569974999886 7.83 0.0007705155595513255 0.1437151692491412 True False 0.016743399336234376 45.638924571310085 -22.803271469445686 -1.1932479335124413 132.4086395338517 -66.19793406455025
733 56 320.0 325 26.56359026699988 7.83 0.0007705155595513255 0.1684187115560395 True False 0.016743399336234376 45.638924571310085 -22.803271469445686 -1.1932479335124413 132.4086395338517 -66.19793406455025
733 57 320.0 325 27.02122494299988 7.83 0.0007705155595513255 0.16207090457583564 True False 0.016743399336234376 45.638924571310085 -22.803271469445686 -1.1932479335124413 132.4086395338517 -66.19793406455025
733 58 320.0 326 27.46351167899988 7.83 0.0007705155595513255 0.17488010764974357 True False 0.016743399336234376 45.638924571310085 -22.803271469445686 -1.1932479335124413 132.4086395338517 -66.19793406455025
733 59 320.0 326 27.919438284999885 7.83 0.0007705155595513255 0.18145446068619472 True False 0.016743399336234376 45.638924571310085 -22.803271469445686 -1.1932479335124413 132.4086395338517 -66.19793406455025
733 60 320.0 326 28.375124827999883 7.83 0.0007705155595513255 0.18814112719765708 True False 0.016743399336234376 45.638924571310085 -22.803271469445686 -1.1932479335124413 132.4086395338517 -66.19793406455025
733 61 320.0 326 28.822158010999885 7.83 0.0007705155595513255 0.18814112719765708 False True 0.016743399336234376 45.638924571310085 -22.803271469445686 -1.1932479335124413 132.4086395338517 -66.19793406455025
733 62 332.0 338 29.498241671999892 7.83 0.0007705155595513255 0.07642524088658101 True False 0.016743399336234376 45.638924571310085 -22.803271469445686 -1.1932479335124413 132.4086395338517 -66.19793406455025
733 63 332.0 338 29.957450845999887 7.83 0.0007705155595513255 0.0999112177098533 True False 0.016743399336234376 45.638924571310085 -22.803271469445686 -1.1932479335124413 132.4086395338517 -66.19793406455025
733 64 332.0 338 30.360381009999884 7.83 0.0007705155595513255 0.2931607164049411 True False 0.016743399336234376 45.638924571310085 -22.803271469445686 -1.1932479335124413 132.4086395338517 -66.19793406455025
733 65 332.0 338 30.758923648999883 7.83 0.0007705155595513255 0.3712896312769751 True False 0.016743399336234376 45.638924571310085 -22.803271469445686 -1.1932479335124413 132.4086395338517 -66.19793406455025
733 66 332.0 338 31.163381522999885 7.83 0.0007705155595513255 0.33559117846096076 True False 0.016743399336234376 45.638924571310085 -22.803271469445686 -1.1932479335124413 132.4086395338517 -66.19793406455025
733 67 332.0 338 31.557547132999886 7.83 0.0007705155595513255 0.25326355271522233 True False 0.016743399336234376 45.638924571310085 -22.803271469445686 -1.1932479335124413 132.4086395338517 -66.19793406455025
733 68 332.0 338 31.943760073999883 7.83 0.0007705155595513255 0.4373323935459301 True False 0.016743399336234376 45.638924571310085 -22.803271469445686 -1.1932479335124413 132.4086395338517 -66.19793406455025
733 69 332.0 339 32.33615026999988 7.83 0.0007705155595513255 0.3990499936687286 True False 0.016743399336234376 45.638924571310085 -22.803271469445686 -1.1932479335124413 132.4086395338517 -66.19793406455025
733 70 332.0 339 32.72059746199989 7.83 0.0007705155595513255 0.3183215349308559 True False 0.016743399336234376 45.638924571310085 -22.803271469445686 -1.1932479335124413 132.4086395338517 -66.19793406455025
733 71 332.0 339 33.10109347199989 7.83 0.0007705155595513255 0.35324952779310187 True False 0.016743399336234376 45.638924571310085 -22.803271469445686 -1.1932479335124413 132.4086395338517 -66.19793406455025
733 72 332.0 339 33.484738364999885 7.83 0.0007705155595513255 0.01556694389204993 True False 0.016743399336234376 45.638924571310085 -22.803271469445686 -1.1932479335124413 132.4086395338517 -66.19793406455025
733 73 332.0 339 33.89846773499988 7.83 0.0007705155595513255 0.024601532369046077 True False 0.016743399336234376 45.638924571310085 -22.803271469445686 -1.1932479335124413 132.4086395338517 -66.19793406455025
733 74 332.0 339 34.28314517999989 7.83 0.0007705155595513255 0.38045062659873385 True False 0.016743399336234376 45.638924571310085 -22.803271469445686 -1.1932479335124413 132.4086395338517 -66.19793406455025
733 75 332.0 339 34.72263149899989 7.83 0.0007705155595513255 0.1154497402878426 True False 0.016743399336234376 45.638924571310085 -22.803271469445686 -1.1932479335124413 132.4086395338517 -66.19793406455025
733 76 332.0 339 35.12896704699989 7.83 0.0007705155595513255 0.3443721957676854 True False 0.016743399336234376 45.638924571310085 -22.803271469445686 -1.1932479335124413 132.4086395338517 -66.19793406455025
733 77 332.0 339 35.51108751399988 7.83 0.0007705155595513255 0.27689222371084526 True False 0.016743399336234376 45.638924571310085 -22.803271469445686 -1.1932479335124413 132.4086395338517 -66.19793406455025
733 78 332.0 339 35.90914306699989 7.83 0.0007705155595513255 0.36222230074280365 True False 0.016743399336234376 45.638924571310085 -22.803271469445686 -1.1932479335124413 132.4086395338517 -66.19793406455025
733 79 332.0 340 36.290282430999895 7.83 0.0007705155595513255 0.30983460778767985 True False 0.016743399336234376 45.638924571310085 -22.803271469445686 -1.1932479335124413 132.4086395338517 -66.19793406455025
733 80 332.0 340 36.685329831999894 7.83 0.0007705155595513255 0.4180130738522084 True False 0.016743399336234376 45.638924571310085 -22.803271469445686 -1.1932479335124413 132.4086395338517 -66.19793406455025
733 81 332.0 340 37.0674536259999 7.83 0.0007705155595513255 0.3269073400345439 True False 0.016743399336234376 45.638924571310085 -22.803271469445686 -1.1932479335124413 132.4086395338517 -66.19793406455025
733 82 332.0 340 37.4528788409999 7.83 0.0007705155595513255 0.10497111310062841 True False 0.016743399336234376 45.638924571310085 -22.803271469445686 -1.1932479335124413 132.4086395338517 -66.19793406455025
733 83 332.0 340 37.8441060949999 7.83 0.0007705155595513255 0.38970438454340417 True False 0.016743399336234376 45.638924571310085 -22.803271469445686 -1.1932479335124413 132.4086395338517 -66.19793406455025
733 84 332.0 340 38.2269616589999 7.83 0.0007705155595513255 0.49735093429003613 True False 0.016743399336234376 45.638924571310085 -22.803271469445686 -1.1932479335124413 132.4086395338517 -66.19793406455025
733 85 332.0 340 38.6131243249999 7.83 0.0007705155595513255 0.30144739335367826 True False 0.016743399336234376 45.638924571310085 -22.803271469445686 -1.1932479335124413 132.4086395338517 -66.19793406455025
733 86 332.0 340 39.029376114999906 7.83 0.0007705155595513255 0.09497159445417215 True False 0.016743399336234376 45.638924571310085 -22.803271469445686 -1.1932479335124413 132.4086395338517 -66.19793406455025
733 87 332.0 340 39.44414623599991 7.83 0.0007705155595513255 0.4084865333460169 True False 0.016743399336234376 45.638924571310085 -22.803271469445686 -1.1932479335124413 132.4086395338517 -66.19793406455025
733 88 332.0 340 39.85001158599991 7.83 0.0007705155595513255 0.0326489612484786 False True 0.016743399336234376 45.638924571310085 -22.803271469445686 -1.1932479335124413 132.4086395338517 -66.19793406455025
733 89 344.0 352 40.5097937069999 7.65 0.029817413564198987 0.0019326215277045945 False True 0.016743399336234376 45.638924571310085 -22.803271469445686 -1.1932479335124413 132.4086395338517 -66.19793406455025
733 90 356.0 364 41.164728264999894 7.65 0.029817413564198987 0.008579066277351886 True False 0.016743399336234376 45.638924571310085 -22.803271469445686 -1.1932479335124413 132.4086395338517 -66.19793406455025
733 91 356.0 365 41.571769420999885 7.65 0.029817413564198987 0.1208674521865873 True False 0.016743399336234376 45.638924571310085 -22.803271469445686 -1.1932479335124413 132.4086395338517 -66.19793406455025
733 92 356.0 365 41.99142397199988 7.65 0.029817413564198987 0.4570003366333174 True False 0.016743399336234376 45.638924571310085 -22.803271469445686 -1.1932479335124413 132.4086395338517 -66.19793406455025
733 93 356.0 365 42.40626136999988 7.65 0.029817413564198987 0.08545507217785481 True False 0.016743399336234376 45.638924571310085 -22.803271469445686 -1.1932479335124413 132.4086395338517 -66.19793406455025
733 94 356.0 365 42.82460493799988 7.65 0.029817413564198987 0.01763425580926055 True False 0.016743399336234376 45.638924571310085 -22.803271469445686 -1.1932479335124413 132.4086395338517 -66.19793406455025
733 95 356.0 365 43.23252427699988 7.65 0.029817413564198987 0.35324952779310187 False True 0.016743399336234376 45.638924571310085 -22.803271469445686 -1.1932479335124413 132.4086395338517 -66.19793406455025
733 96 368.0 377 43.88327875999988 7.83 0.0007705155595513255 0.013627567396644849 True False 0.016743399336234376 45.638924571310085 -22.803271469445686 -1.1932479335124413 132.4086395338517 -66.19793406455025
733 97 368.0 377 44.278288941999875 7.83 0.0007705155595513255 0.3206001005716192 True False 0.016743399336234376 45.638924571310085 -22.803271469445686 -1.1932479335124413 132.4086395338517 -66.19793406455025
733 98 368.0 377 44.66490343299988 7.83 0.0007705155595513255 0.022151789983447842 True False 0.016743399336234376 45.638924571310085 -22.803271469445686 -1.1932479335124413 132.4086395338517 -66.19793406455025
733 99 368.0 377 45.064377967999874 7.83 0.0007705155595513255 0.2232358579210782 True False 0.016743399336234376 45.638924571310085 -22.803271469445686 -1.1932479335124413 132.4086395338517 -66.19793406455025
733 100 368.0 377 45.45083601399986 7.83 0.0007705155595513255 0.10497111310062841 False True 0.016743399336234376 45.638924571310085 -22.803271469445686 -1.1932479335124413 132.4086395338517 -66.19793406455025
733 101 380.0 389 46.08916130999985 7.83 0.0007705155595513255 0.1434565554180537 True False 0.016743399336234376 45.638924571310085 -22.803271469445686 -1.1932479335124413 132.4086395338517 -66.19793406455025
733 102 380.0 389 46.51093711199985 7.83 0.0007705155595513255 0.14773050828203999 True False 0.016743399336234376 45.638924571310085 -22.803271469445686 -1.1932479335124413 132.4086395338517 -66.19793406455025
733 103 380.0 390 46.92947906099984 7.83 0.0007705155595513255 0.14773050828203999 False True 0.016743399336234376 45.638924571310085 -22.803271469445686 -1.1932479335124413 132.4086395338517 -66.19793406455025
733 104 392.0 402 47.58554983399985 7.83 0.0007705155595513255 0.11992448566418476 True False 0.016743399336234376 45.638924571310085 -22.803271469445686 -1.1932479335124413 132.4086395338517 -66.19793406455025
733 105 392.0 402 47.987127154999854 7.83 0.0007705155595513255 0.11992448566418476 False True 0.016743399336234376 45.638924571310085 -22.803271469445686 -1.1932479335124413 132.4086395338517 -66.19793406455025
733 106 404.0 414 48.62802229299986 7.79 0.003613089543087907 0.17379716883618618 True False 0.016743399336234376 45.638924571310085 -22.803271469445686 -1.1932479335124413 132.4086395338517 -66.19793406455025
733 107 404.0 414 49.031551988999865 7.79 0.003613089543087907 0.1602117861924076 True False 0.016743399336234376 45.638924571310085 -22.803271469445686 -1.1932479335124413 132.4086395338517 -66.19793406455025
733 108 404.0 414 49.46561892499987 7.79 0.003613089543087907 0.09206272742429387 True False 0.016743399336234376 45.638924571310085 -22.803271469445686 -1.1932479335124413 132.4086395338517 -66.19793406455025
733 109 404.0 414 49.88573503899987 7.79 0.003613089543087907 0.09206272742429387 False True 0.016743399336234376 45.638924571310085 -22.803271469445686 -1.1932479335124413 132.4086395338517 -66.19793406455025
733 110 416.0 426 50.543863059999865 7.79 0.003613089543087907 0.01550427794797945 False True 0.016743399336234376 45.638924571310085 -22.803271469445686 -1.1932479335124413 132.4086395338517 -66.19793406455025
733 111 428.0 438 51.204069879999864 7.65 0.029817413564198987 0.027178250481681654 True False 0.016743399336234376 45.638924571310085 -22.803271469445686 -1.1932479335124413 132.4086395338517 -66.19793406455025
733 112 428.0 438 51.625275141999865 7.65 0.029817413564198987 0.13636421269747148 True False 0.016743399336234376 45.638924571310085 -22.803271469445686 -1.1932479335124413 132.4086395338517 -66.19793406455025
733 113 428.0 438 52.043894421999866 7.65 0.029817413564198987 0.010133439829133962 True False 0.016743399336234376 45.638924571310085 -22.803271469445686 -1.1932479335124413 132.4086395338517 -66.19793406455025
733 114 428.0 438 52.46404947299986 7.65 0.029817413564198987 0.08600279733880481 True False 0.016743399336234376 45.638924571310085 -22.803271469445686 -1.1932479335124413 132.4086395338517 -66.19793406455025
733 115 428.0 438 52.88186638699986 7.65 0.029817413564198987 0.08569098003745759 True False 0.016743399336234376 45.638924571310085 -22.803271469445686 -1.1932479335124413 132.4086395338517 -66.19793406455025
733 116 428.0 438 53.30202586099986 7.65 0.029817413564198987 0.08600279733880481 False True 0.016743399336234376 45.638924571310085 -22.803271469445686 -1.1932479335124413 132.4086395338517 -66.19793406455025
733 117 440.0 450 53.948094980999855 7.8 0.002708090418601185 0.10486719423219802 True False 0.016743399336234376 45.638924571310085 -22.803271469445686 -1.1932479335124413 132.4086395338517 -66.19793406455025
733 118 440.0 451 54.342884301999845 7.8 0.002708090418601185 0.1884747848948634 True False 0.016743399336234376 45.638924571310085 -22.803271469445686 -1.1932479335124413 132.4086395338517 -66.19793406455025
733 119 440.0 451 54.73084697199985 7.8 0.002708090418601185 0.041956523355531176 True False 0.016743399336234376 45.638924571310085 -22.803271469445686 -1.1932479335124413 132.4086395338517 -66.19793406455025
733 120 440.0 451 55.16145808099985 7.8 0.002708090418601185 0.01763425580926055 False True 0.016743399336234376 45.638924571310085 -22.803271469445686 -1.1932479335124413 132.4086395338517 -66.19793406455025
733 121 452.0 463 55.808880181999854 8.03 0.01763425580926055 0.02988167258731205 True False 0.016743399336234376 45.638924571310085 -22.803271469445686 -1.1932479335124413 132.4086395338517 -66.19793406455025
733 122 452.0 463 56.217570039999856 8.03 0.01763425580926055 0.03566747851133024 True False 0.016743399336234376 45.638924571310085 -22.803271469445686 -1.1932479335124413 132.4086395338517 -66.19793406455025
733 123 452.0 463 56.63119532799985 8.03 0.01763425580926055 0.0071533831502709104 True False 0.016743399336234376 45.638924571310085 -22.803271469445686 -1.1932479335124413 132.4086395338517 -66.19793406455025
733 124 452.0 463 57.03686664599984 8.03 0.01763425580926055 0.0027404938909772266 True False 0.016743399336234376 45.638924571310085 -22.803271469445686 -1.1932479335124413 132.4086395338517 -66.19793406455025
733 125 452.0 463 57.44849827999984 8.03 0.01763425580926055 0.20827556558426483 True False 0.016743399336234376 45.638924571310085 -22.803271469445686 -1.1932479335124413 132.4086395338517 -66.19793406455025
733 126 452.0 463 57.85309178299984 8.03 0.01763425580926055 0.17447229047134039 True False 0.016743399336234376 45.638924571310085 -22.803271469445686 -1.1932479335124413 132.4086395338517 -66.19793406455025
733 127 452.0 463 58.25458746499983 8.03 0.01763425580926055 0.011816334316426704 False True 0.016743399336234376 45.638924571310085 -22.803271469445686 -1.1932479335124413 132.4086395338517 -66.19793406455025
733 128 464.0 475 58.89614132799983 8.0 0.011816334316426704 0.024601532369046077 False True 0.016743399336234376 45.638924571310085 -22.803271469445686 -1.1932479335124413 132.4086395338517 -66.19793406455025
733 129 476.0 487 59.54850558999982 8.06 0.024601532369046077 0.01556694389204993 False True 0.016743399336234376 45.638924571310085 -22.803271469445686 -1.1932479335124413 132.4086395338517 -66.19793406455025
733 130 488.0 499 60.19015042699982 8.03 0.01763425580926055 0.002708090418601185 False True 0.016743399336234376 45.638924571310085 -22.803271469445686 -1.1932479335124413 132.4086395338517 -66.19793406455025
733 131 492.0 503 60.832823262999824 7.8 0.002708090418601185 0.28389296553242727 True False 0.016743399336234376 45.638924571310085 -22.803271469445686 -1.1932479335124413 132.4086395338517 -66.19793406455025
733 132 492.0 503 61.24874583499982 7.8 0.002708090418601185 0.23726748024864933 True False 0.016743399336234376 45.638924571310085 -22.803271469445686 -1.1932479335124413 132.4086395338517 -66.19793406455025
733 133 492.0 504 61.65132331699982 7.8 0.002708090418601185 0.18766377210667676 True False 0.016743399336234376 45.638924571310085 -22.803271469445686 -1.1932479335124413 132.4086395338517 -66.19793406455025
733 134 492.0 504 62.069345879999815 7.8 0.002708090418601185 0.571052345471493 True False 0.016743399336234376 45.638924571310085 -22.803271469445686 -1.1932479335124413 132.4086395338517 -66.19793406455025
733 135 492.0 504 62.47229052999981 7.8 0.002708090418601185 0.1617268933152613 True False 0.016743399336234376 45.638924571310085 -22.803271469445686 -1.1932479335124413 132.4086395338517 -66.19793406455025
733 136 492.0 504 62.88797886999981 7.8 0.002708090418601185 0.12621841259817876 True False 0.016743399336234376 45.638924571310085 -22.803271469445686 -1.1932479335124413 132.4086395338517 -66.19793406455025
733 137 492.0 504 63.28861868299981 7.8 0.002708090418601185 0.11642722082429365 True False 0.016743399336234376 45.638924571310085 -22.803271469445686 -1.1932479335124413 132.4086395338517 -66.19793406455025
733 138 492.0 504 63.69412984099981 7.8 0.002708090418601185 0.11367493336716553 True False 0.016743399336234376 45.638924571310085 -22.803271469445686 -1.1932479335124413 132.4086395338517 -66.19793406455025
733 139 492.0 504 64.10727472099978 7.8 0.002708090418601185 0.11930583547686022 True False 0.016743399336234376 45.638924571310085 -22.803271469445686 -1.1932479335124413 132.4086395338517 -66.19793406455025
733 140 492.0 504 64.5194581649998 7.8 0.002708090418601185 0.11930583547686022 False True 0.016743399336234376 45.638924571310085 -22.803271469445686 -1.1932479335124413 132.4086395338517 -66.19793406455025
733 141 504.0 516 65.17141147299978 7.8 0.002708090418601185 0.1680695101320361 True False 0.016743399336234376 45.638924571310085 -22.803271469445686 -1.1932479335124413 132.4086395338517 -66.19793406455025
733 142 504.0 516 65.55048886899979 7.8 0.002708090418601185 0.15496752945682957 True False 0.016743399336234376 45.638924571310085 -22.803271469445686 -1.1932479335124413 132.4086395338517 -66.19793406455025
733 143 504.0 516 65.93527661699977 7.8 0.002708090418601185 0.18226021963942754 True False 0.016743399336234376 45.638924571310085 -22.803271469445686 -1.1932479335124413 132.4086395338517 -66.19793406455025
733 144 504.0 517 66.31829006199979 7.8 0.002708090418601185 0.17740980359372927 True False 0.016743399336234376 45.638924571310085 -22.803271469445686 -1.1932479335124413 132.4086395338517 -66.19793406455025
733 145 504.0 517 66.69913606199981 7.8 0.002708090418601185 0.18723015486981023 True False 0.016743399336234376 45.638924571310085 -22.803271469445686 -1.1932479335124413 132.4086395338517 -66.19793406455025
733 146 504.0 517 67.09033529599981 7.8 0.002708090418601185 0.192319099062074 True False 0.016743399336234376 45.638924571310085 -22.803271469445686 -1.1932479335124413 132.4086395338517 -66.19793406455025
733 147 504.0 517 67.47383393999982 7.8 0.002708090418601185 0.192319099062074 False True 0.016743399336234376 45.638924571310085 -22.803271469445686 -1.1932479335124413 132.4086395338517 -66.19793406455025
733 148 516.0 529 68.12627631999982 7.8 0.002708090418601185 0.2312286145859311 True False 0.016743399336234376 45.638924571310085 -22.803271469445686 -1.1932479335124413 132.4086395338517 -66.19793406455025
733 149 516.0 529 68.53021507699981 7.8 0.002708090418601185 0.21953026646228868 True False 0.016743399336234376 45.638924571310085 -22.803271469445686 -1.1932479335124413 132.4086395338517 -66.19793406455025
733 150 516.0 529 68.93450386799981 7.8 0.002708090418601185 0.24963334407745835 True False 0.016743399336234376 45.638924571310085 -22.803271469445686 -1.1932479335124413 132.4086395338517 -66.19793406455025
733 151 516.0 529 69.34622127099979 7.8 0.002708090418601185 0.24338496420837633 True False 0.016743399336234376 45.638924571310085 -22.803271469445686 -1.1932479335124413 132.4086395338517 -66.19793406455025
733 152 516.0 529 69.7529358689998 7.8 0.002708090418601185 0.23724984546005934 True False 0.016743399336234376 45.638924571310085 -22.803271469445686 -1.1932479335124413 132.4086395338517 -66.19793406455025
733 153 516.0 529 70.1647145599998 7.8 0.002708090418601185 0.25599434698654583 True False 0.016743399336234376 45.638924571310085 -22.803271469445686 -1.1932479335124413 132.4086395338517 -66.19793406455025
733 154 516.0 529 70.56864690299977 7.8 0.002708090418601185 0.2624673235913423 True False 0.016743399336234376 45.638924571310085 -22.803271469445686 -1.1932479335124413 132.4086395338517 -66.19793406455025
733 155 516.0 530 70.96963452099976 7.8 0.002708090418601185 0.2624673235913423 False True 0.016743399336234376 45.638924571310085 -22.803271469445686 -1.1932479335124413 132.4086395338517 -66.19793406455025
733 156 528.0 542 71.60807368499977 7.8 0.002708090418601185 0.14296642561190814 True False 0.016743399336234376 45.638924571310085 -22.803271469445686 -1.1932479335124413 132.4086395338517 -66.19793406455025
733 157 528.0 542 71.99311966599976 7.8 0.002708090418601185 0.16358059319782173 True False 0.016743399336234376 45.638924571310085 -22.803271469445686 -1.1932479335124413 132.4086395338517 -66.19793406455025
733 158 528.0 542 72.38522492399974 7.8 0.002708090418601185 0.15921311631580162 True False 0.016743399336234376 45.638924571310085 -22.803271469445686 -1.1932479335124413 132.4086395338517 -66.19793406455025
733 159 528.0 542 72.78085749499974 7.8 0.002708090418601185 0.15084427040153287 True False 0.016743399336234376 45.638924571310085 -22.803271469445686 -1.1932479335124413 132.4086395338517 -66.19793406455025
733 160 528.0 542 73.16283950199971 7.8 0.002708090418601185 0.17267940500237006 True False 0.016743399336234376 45.638924571310085 -22.803271469445686 -1.1932479335124413 132.4086395338517 -66.19793406455025
733 161 528.0 542 73.5488059269997 7.8 0.002708090418601185 0.2028519139826723 True False 0.016743399336234376 45.638924571310085 -22.803271469445686 -1.1932479335124413 132.4086395338517 -66.19793406455025
733 162 528.0 542 73.94265646299971 7.8 0.002708090418601185 0.1468437646965353 True False 0.016743399336234376 45.638924571310085 -22.803271469445686 -1.1932479335124413 132.4086395338517 -66.19793406455025
733 163 528.0 542 74.3414004089997 7.8 0.002708090418601185 0.13558283875455268 True False 0.016743399336234376 45.638924571310085 -22.803271469445686 -1.1932479335124413 132.4086395338517 -66.19793406455025
733 164 528.0 542 74.7385993479997 7.8 0.002708090418601185 0.16358059319782173 False True 0.016743399336234376 45.638924571310085 -22.803271469445686 -1.1932479335124413 132.4086395338517 -66.19793406455025
733 165 540.0 554 75.37823497199969 8.03 0.01763425580926055 0.002708090418601185 False True 0.016743399336234376 45.638924571310085 -22.803271469445686 -1.1932479335124413 132.4086395338517 -66.19793406455025
733 166 544.0 558 76.01852513799969 8.03 0.01763425580926055 0.002708090418601185 False True 0.016743399336234376 45.638924571310085 -22.803271469445686 -1.1932479335124413 132.4086395338517 -66.19793406455025
733 167 548.0 562 76.65962961999969 7.8 0.002708090418601185 0.09796871239131942 True False 0.016743399336234376 45.638924571310085 -22.803271469445686 -1.1932479335124413 132.4086395338517 -66.19793406455025
733 168 548.0 562 77.0664742699997 7.8 0.002708090418601185 0.20829470496483787 True False 0.016743399336234376 45.638924571310085 -22.803271469445686 -1.1932479335124413 132.4086395338517 -66.19793406455025
733 169 548.0 563 77.4803509329997 7.8 0.002708090418601185 0.35649009001273124 True False 0.016743399336234376 45.638924571310085 -22.803271469445686 -1.1932479335124413 132.4086395338517 -66.19793406455025
733 170 548.0 563 77.8856079069997 7.8 0.002708090418601185 0.3182006036500791 True False 0.016743399336234376 45.638924571310085 -22.803271469445686 -1.1932479335124413 132.4086395338517 -66.19793406455025
733 171 548.0 563 78.28755560899967 7.8 0.002708090418601185 0.4143445112715145 True False 0.016743399336234376 45.638924571310085 -22.803271469445686 -1.1932479335124413 132.4086395338517 -66.19793406455025
733 172 548.0 563 78.70363617699968 7.8 0.002708090418601185 0.38895749617985503 True False 0.016743399336234376 45.638924571310085 -22.803271469445686 -1.1932479335124413 132.4086395338517 -66.19793406455025
733 173 548.0 563 79.1183064149997 7.8 0.002708090418601185 0.3725235807018501 True False 0.016743399336234376 45.638924571310085 -22.803271469445686 -1.1932479335124413 132.4086395338517 -66.19793406455025
733 174 548.0 563 79.52444963599967 7.8 0.002708090418601185 0.4585614692490597 True False 0.016743399336234376 45.638924571310085 -22.803271469445686 -1.1932479335124413 132.4086395338517 -66.19793406455025
733 175 548.0 563 79.92629417099965 7.8 0.002708090418601185 0.4317499219859323 True False 0.016743399336234376 45.638924571310085 -22.803271469445686 -1.1932479335124413 132.4086395338517 -66.19793406455025
733 176 548.0 563 80.34128797499966 7.8 0.002708090418601185 0.4057851569222201 True False 0.016743399336234376 45.638924571310085 -22.803271469445686 -1.1932479335124413 132.4086395338517 -66.19793406455025
733 177 548.0 563 80.74616627799966 7.8 0.002708090418601185 0.39732253204791257 True False 0.016743399336234376 45.638924571310085 -22.803271469445686 -1.1932479335124413 132.4086395338517 -66.19793406455025
733 178 548.0 563 81.16125006499968 7.8 0.002708090418601185 0.4229997258903296 True False 0.016743399336234376 45.638924571310085 -22.803271469445686 -1.1932479335124413 132.4086395338517 -66.19793406455025
733 179 548.0 564 81.56197577399968 7.8 0.002708090418601185 0.4405942112661887 True False 0.016743399336234376 45.638924571310085 -22.803271469445686 -1.1932479335124413 132.4086395338517 -66.19793406455025
733 180 548.0 564 81.9791388169997 7.8 0.002708090418601185 0.3806908990891663 True False 0.016743399336234376 45.638924571310085 -22.803271469445686 -1.1932479335124413 132.4086395338517 -66.19793406455025
733 181 548.0 564 82.38285755699968 7.8 0.002708090418601185 0.3408635434512187 True False 0.016743399336234376 45.638924571310085 -22.803271469445686 -1.1932479335124413 132.4086395338517 -66.19793406455025
733 182 548.0 564 82.79734412699969 7.8 0.002708090418601185 0.36445637101478046 True False 0.016743399336234376 45.638924571310085 -22.803271469445686 -1.1932479335124413 132.4086395338517 -66.19793406455025
733 183 548.0 564 83.19974224199967 7.8 0.002708090418601185 0.44953169602839665 True False 0.016743399336234376 45.638924571310085 -22.803271469445686 -1.1932479335124413 132.4086395338517 -66.19793406455025
733 184 548.0 564 83.60580072599967 7.8 0.002708090418601185 0.49558498512334437 True False 0.016743399336234376 45.638924571310085 -22.803271469445686 -1.1932479335124413 132.4086395338517 -66.19793406455025
733 185 548.0 564 84.01989000599968 7.8 0.002708090418601185 0.4768942069128826 True False 0.016743399336234376 45.638924571310085 -22.803271469445686 -1.1932479335124413 132.4086395338517 -66.19793406455025
733 186 548.0 564 84.42695837399967 7.8 0.002708090418601185 0.4057851569222201 False True 0.016743399336234376 45.638924571310085 -22.803271469445686 -1.1932479335124413 132.4086395338517 -66.19793406455025
733 187 560.0 576 85.07901942999968 7.8 0.002708090418601185 0.21385434552453061 True False 0.016743399336234376 45.638924571310085 -22.803271469445686 -1.1932479335124413 132.4086395338517 -66.19793406455025
733 188 560.0 576 85.46050987199968 7.8 0.002708090418601185 0.1975265300913032 True False 0.016743399336234376 45.638924571310085 -22.803271469445686 -1.1932479335124413 132.4086395338517 -66.19793406455025
733 189 560.0 576 85.84604742399966 7.8 0.002708090418601185 0.10393463410856142 True False 0.016743399336234376 45.638924571310085 -22.803271469445686 -1.1932479335124413 132.4086395338517 -66.19793406455025
733 190 560.0 577 86.24511004899969 7.8 0.002708090418601185 0.26011769866251266 True False 0.016743399336234376 45.638924571310085 -22.803271469445686 -1.1932479335124413 132.4086395338517 -66.19793406455025
733 191 560.0 577 86.64136619599967 7.8 0.002708090418601185 0.22255829516367312 True False 0.016743399336234376 45.638924571310085 -22.803271469445686 -1.1932479335124413 132.4086395338517 -66.19793406455025
733 192 560.0 577 87.02600730199967 7.8 0.002708090418601185 0.10437572320475438 True False 0.016743399336234376 45.638924571310085 -22.803271469445686 -1.1932479335124413 132.4086395338517 -66.19793406455025
733 193 560.0 577 87.42132557899967 7.8 0.002708090418601185 0.2253218869493913 True False 0.016743399336234376 45.638924571310085 -22.803271469445686 -1.1932479335124413 132.4086395338517 -66.19793406455025
733 194 560.0 577 87.80544969099967 7.8 0.002708090418601185 0.19442511735803672 True False 0.016743399336234376 45.638924571310085 -22.803271469445686 -1.1932479335124413 132.4086395338517 -66.19793406455025
733 195 560.0 577 88.20154998099969 7.8 0.002708090418601185 0.1646181346596533 True False 0.016743399336234376 45.638924571310085 -22.803271469445686 -1.1932479335124413 132.4086395338517 -66.19793406455025
733 196 560.0 577 88.5847190479997 7.8 0.002708090418601185 0.03874925561815772 True False 0.016743399336234376 45.638924571310085 -22.803271469445686 -1.1932479335124413 132.4086395338517 -66.19793406455025
733 197 560.0 577 88.9800119819997 7.8 0.002708090418601185 0.12869656891934897 True False 0.016743399336234376 45.638924571310085 -22.803271469445686 -1.1932479335124413 132.4086395338517 -66.19793406455025
733 198 560.0 577 89.3646709199997 7.8 0.002708090418601185 0.1555231118376811 True False 0.016743399336234376 45.638924571310085 -22.803271469445686 -1.1932479335124413 132.4086395338517 -66.19793406455025
733 199 560.0 577 89.7605261819997 7.8 0.002708090418601185 0.18101260340324318 True False 0.016743399336234376 45.638924571310085 -22.803271469445686 -1.1932479335124413 132.4086395338517 -66.19793406455025
733 200 560.0 578 90.14361439599969 7.8 0.002708090418601185 0.20829470496483787 False True 0.016743399336234376 45.638924571310085 -22.803271469445686 -1.1932479335124413 132.4086395338517 -66.19793406455025
733 201 572.0 590 90.82027924899967 8.03 0.01763425580926055 0.002708090418601185 False True 0.016743399336234376 45.638924571310085 -22.803271469445686 -1.1932479335124413 132.4086395338517 -66.19793406455025
733 202 576.0 594 91.46533399399965 7.8 0.002708090418601185 0.20129594891474473 True False 0.016743399336234376 45.638924571310085 -22.803271469445686 -1.1932479335124413 132.4086395338517 -66.19793406455025
733 203 576.0 594 91.86354029499964 7.8 0.002708090418601185 0.16804350144767924 True False 0.016743399336234376 45.638924571310085 -22.803271469445686 -1.1932479335124413 132.4086395338517 -66.19793406455025
733 204 576.0 594 92.25875658399963 7.8 0.002708090418601185 0.01757005650627392 False True 0.016743399336234376 45.638924571310085 -22.803271469445686 -1.1932479335124413 132.4086395338517 -66.19793406455025
733 205 588.0 606 92.93903874599962 7.8 0.002708090418601185 0.16914674211505754 True False 0.016743399336234376 45.638924571310085 -22.803271469445686 -1.1932479335124413 132.4086395338517 -66.19793406455025
733 206 588.0 606 93.36186902299963 7.8 0.002708090418601185 0.21536325529423783 True False 0.016743399336234376 45.638924571310085 -22.803271469445686 -1.1932479335124413 132.4086395338517 -66.19793406455025
733 207 588.0 606 93.78075567799962 7.8 0.002708090418601185 0.3695390985662483 True False 0.016743399336234376 45.638924571310085 -22.803271469445686 -1.1932479335124413 132.4086395338517 -66.19793406455025
733 208 588.0 606 94.21637840099962 7.8 0.002708090418601185 0.3169945278444343 True False 0.016743399336234376 45.638924571310085 -22.803271469445686 -1.1932479335124413 132.4086395338517 -66.19793406455025
733 209 588.0 606 94.63804539499964 7.8 0.002708090418601185 0.1559281242086439 True False 0.016743399336234376 45.638924571310085 -22.803271469445686 -1.1932479335124413 132.4086395338517 -66.19793406455025
733 210 588.0 606 95.06234439999963 7.8 0.002708090418601185 0.17856896291746976 True False 0.016743399336234376 45.638924571310085 -22.803271469445686 -1.1932479335124413 132.4086395338517 -66.19793406455025
733 211 588.0 606 95.48340358199962 7.8 0.002708090418601185 0.09315722173867484 True False 0.016743399336234376 45.638924571310085 -22.803271469445686 -1.1932479335124413 132.4086395338517 -66.19793406455025
733 212 588.0 606 95.91841937299964 7.8 0.002708090418601185 0.24478012631502716 True False 0.016743399336234376 45.638924571310085 -22.803271469445686 -1.1932479335124413 132.4086395338517 -66.19793406455025
733 213 588.0 607 96.34031764499966 7.8 0.002708090418601185 0.229859951575247 True False 0.016743399336234376 45.638924571310085 -22.803271469445686 -1.1932479335124413 132.4086395338517 -66.19793406455025
733 214 588.0 607 96.77570447099964 7.8 0.002708090418601185 0.13921265409984304 True False 0.016743399336234376 45.638924571310085 -22.803271469445686 -1.1932479335124413 132.4086395338517 -66.19793406455025
733 215 588.0 607 97.19553553299963 7.8 0.002708090418601185 0.14943279149455033 True False 0.016743399336234376 45.638924571310085 -22.803271469445686 -1.1932479335124413 132.4086395338517 -66.19793406455025
733 216 588.0 607 97.62290683799961 7.8 0.002708090418601185 0.1375950153306319 True False 0.016743399336234376 45.638924571310085 -22.803271469445686 -1.1932479335124413 132.4086395338517 -66.19793406455025
733 217 588.0 607 98.05584519499962 7.8 0.002708090418601185 0.23803617666321902 True False 0.016743399336234376 45.638924571310085 -22.803271469445686 -1.1932479335124413 132.4086395338517 -66.19793406455025
733 218 588.0 607 98.4818163149996 7.8 0.002708090418601185 0.5284703535043811 True False 0.016743399336234376 45.638924571310085 -22.803271469445686 -1.1932479335124413 132.4086395338517 -66.19793406455025
733 219 588.0 607 98.90231258799963 7.8 0.002708090418601185 0.001960354242257856 True False 0.016743399336234376 45.638924571310085 -22.803271469445686 -1.1932479335124413 132.4086395338517 -66.19793406455025
733 220 588.0 607 99.33860511199964 7.8 0.002708090418601185 0.26103552535353763 True False 0.016743399336234376 45.638924571310085 -22.803271469445686 -1.1932479335124413 132.4086395338517 -66.19793406455025
733 221 588.0 607 99.77710522699965 7.8 0.002708090418601185 0.25239712439246337 True False 0.016743399336234376 45.638924571310085 -22.803271469445686 -1.1932479335124413 132.4086395338517 -66.19793406455025
733 222 588.0 607 100.20454058599964 7.8 0.002708090418601185 0.26794106294778197 True False 0.016743399336234376 45.638924571310085 -22.803271469445686 -1.1932479335124413 132.4086395338517 -66.19793406455025
733 223 588.0 608 100.63790505899965 7.8 0.002708090418601185 0.048746179022976746 True False 0.016743399336234376 45.638924571310085 -22.803271469445686 -1.1932479335124413 132.4086395338517 -66.19793406455025
733 224 588.0 608 101.07525849499964 7.8 0.002708090418601185 0.19442511735803672 False True 0.016743399336234376 45.638924571310085 -22.803271469445686 -1.1932479335124413 132.4086395338517 -66.19793406455025
733 225 600.0 620 101.74002209699964 7.8 0.002708090418601185 0.11530764658608209 True False 0.016743399336234376 45.638924571310085 -22.803271469445686 -1.1932479335124413 132.4086395338517 -66.19793406455025
733 226 600.0 620 102.13989037799965 7.8 0.002708090418601185 0.09009768368328472 True False 0.016743399336234376 45.638924571310085 -22.803271469445686 -1.1932479335124413 132.4086395338517 -66.19793406455025
733 227 600.0 620 102.54144437999966 7.8 0.002708090418601185 0.4643440900838024 True False 0.016743399336234376 45.638924571310085 -22.803271469445686 -1.1932479335124413 132.4086395338517 -66.19793406455025
733 228 600.0 620 102.93901805599964 7.8 0.002708090418601185 0.3428421481829771 True False 0.016743399336234376 45.638924571310085 -22.803271469445686 -1.1932479335124413 132.4086395338517 -66.19793406455025
733 229 600.0 620 103.34199601899965 7.8 0.002708090418601185 0.12070451580451637 True False 0.016743399336234376 45.638924571310085 -22.803271469445686 -1.1932479335124413 132.4086395338517 -66.19793406455025
733 230 600.0 620 103.74169058499965 7.8 0.002708090418601185 0.13184877148380972 True False 0.016743399336234376 45.638924571310085 -22.803271469445686 -1.1932479335124413 132.4086395338517 -66.19793406455025
733 231 600.0 620 104.15670390699964 7.8 0.002708090418601185 0.406413919651734 True False 0.016743399336234376 45.638924571310085 -22.803271469445686 -1.1932479335124413 132.4086395338517 -66.19793406455025
733 232 600.0 620 104.55662442499965 7.8 0.002708090418601185 0.03271151428019597 False True 0.016743399336234376 45.638924571310085 -22.803271469445686 -1.1932479335124413 132.4086395338517 -66.19793406455025
733 233 612.0 632 105.24158714899966 8.09 0.03271151428019597 0.04528894692793653 True False 0.016743399336234376 45.638924571310085 -22.803271469445686 -1.1932479335124413 132.4086395338517 -66.19793406455025
733 234 612.0 632 105.68088897799964 8.09 0.03271151428019597 0.03874925561815772 False True 0.016743399336234376 45.638924571310085 -22.803271469445686 -1.1932479335124413 132.4086395338517 -66.19793406455025
733 235 624.0 644 106.35971469699965 8.09 0.03271151428019597 0.03874925561815772 False True 0.016743399336234376 45.638924571310085 -22.803271469445686 -1.1932479335124413 132.4086395338517 -66.19793406455025
733 236 628.0 648 107.05996278899963 8.09 0.03271151428019597 0.03874925561815772 False True 0.016743399336234376 45.638924571310085 -22.803271469445686 -1.1932479335124413 132.4086395338517 -66.19793406455025
733 237 632.0 652 107.73678994899964 8.09 0.03271151428019597 0.11002835872206188 True False 0.016743399336234376 45.638924571310085 -22.803271469445686 -1.1932479335124413 132.4086395338517 -66.19793406455025
733 238 632.0 653 108.13970468699964 8.09 0.03271151428019597 0.3002463385614423 True False 0.016743399336234376 45.638924571310085 -22.803271469445686 -1.1932479335124413 132.4086395338517 -66.19793406455025
733 239 632.0 653 108.55510376499964 8.09 0.03271151428019597 0.09982468332258154 True False 0.016743399336234376 45.638924571310085 -22.803271469445686 -1.1932479335124413 132.4086395338517 -66.19793406455025
733 240 632.0 653 108.95551170599967 8.09 0.03271151428019597 0.35924644962894897 True False 0.016743399336234376 45.638924571310085 -22.803271469445686 -1.1932479335124413 132.4086395338517 -66.19793406455025
733 241 632.0 653 109.35893777999968 8.09 0.03271151428019597 0.47700914753081963 True False 0.016743399336234376 45.638924571310085 -22.803271469445686 -1.1932479335124413 132.4086395338517 -66.19793406455025
733 242 632.0 653 109.76090680899966 8.09 0.03271151428019597 0.027178250481681654 False True 0.016743399336234376 45.638924571310085 -22.803271469445686 -1.1932479335124413 132.4086395338517 -66.19793406455025
733 243 644.0 665 110.46089345699966 8.09 0.03271151428019597 0.2986902563475833 True False 0.016743399336234376 45.638924571310085 -22.803271469445686 -1.1932479335124413 132.4086395338517 -66.19793406455025
733 244 644.0 665 110.90118570599967 8.09 0.03271151428019597 0.32551455588482614 True False 0.016743399336234376 45.638924571310085 -22.803271469445686 -1.1932479335124413 132.4086395338517 -66.19793406455025
733 245 644.0 665 111.33749402099966 8.09 0.03271151428019597 0.2689120069174969 True False 0.016743399336234376 45.638924571310085 -22.803271469445686 -1.1932479335124413 132.4086395338517 -66.19793406455025
733 246 644.0 665 111.77611579299966 8.09 0.03271151428019597 0.0007884637968874758 True False 0.016743399336234376 45.638924571310085 -22.803271469445686 -1.1932479335124413 132.4086395338517 -66.19793406455025
733 247 644.0 665 112.21458887699964 8.09 0.03271151428019597 0.29648830482861005 True False 0.016743399336234376 45.638924571310085 -22.803271469445686 -1.1932479335124413 132.4086395338517 -66.19793406455025
733 248 644.0 665 112.65493155399966 8.09 0.03271151428019597 0.3516479514162956 True False 0.016743399336234376 45.638924571310085 -22.803271469445686 -1.1932479335124413 132.4086395338517 -66.19793406455025
733 249 644.0 666 113.08238555599965 8.09 0.03271151428019597 0.30857150325939664 True False 0.016743399336234376 45.638924571310085 -22.803271469445686 -1.1932479335124413 132.4086395338517 -66.19793406455025
733 250 644.0 666 113.53159181199968 8.09 0.03271151428019597 0.10855048112072332 True False 0.016743399336234376 45.638924571310085 -22.803271469445686 -1.1932479335124413 132.4086395338517 -66.19793406455025
733 251 644.0 666 114.01791982499967 8.09 0.03271151428019597 0.12621841259817876 False True 0.016743399336234376 45.638924571310085 -22.803271469445686 -1.1932479335124413 132.4086395338517 -66.19793406455025
733 252 656.0 678 114.68363998899966 8.09 0.03271151428019597 0.583917683794257 True False 0.016743399336234376 45.638924571310085 -22.803271469445686 -1.1932479335124413 132.4086395338517 -66.19793406455025
733 253 656.0 678 115.09805463399965 8.09 0.03271151428019597 0.24559685224660444 True False 0.016743399336234376 45.638924571310085 -22.803271469445686 -1.1932479335124413 132.4086395338517 -66.19793406455025
733 254 656.0 678 115.48559624399965 8.09 0.03271151428019597 0.38779689332699496 True False 0.016743399336234376 45.638924571310085 -22.803271469445686 -1.1932479335124413 132.4086395338517 -66.19793406455025
733 255 656.0 678 115.90112659399966 8.09 0.03271151428019597 0.7069891191767503 True False 0.016743399336234376 45.638924571310085 -22.803271469445686 -1.1932479335124413 132.4086395338517 -66.19793406455025
733 256 656.0 678 116.30293265799966 8.09 0.03271151428019597 0.5076441908723941 True False 0.016743399336234376 45.638924571310085 -22.803271469445686 -1.1932479335124413 132.4086395338517 -66.19793406455025
733 257 656.0 678 116.71764402299965 8.09 0.03271151428019597 0.2849753916624971 True False 0.016743399336234376 45.638924571310085 -22.803271469445686 -1.1932479335124413 132.4086395338517 -66.19793406455025
733 258 656.0 678 117.11839175699964 8.09 0.03271151428019597 0.10181805550806616 True False 0.016743399336234376 45.638924571310085 -22.803271469445686 -1.1932479335124413 132.4086395338517 -66.19793406455025
733 259 656.0 678 117.52300743399965 8.09 0.03271151428019597 0.18346166031538172 True False 0.016743399336234376 45.638924571310085 -22.803271469445686 -1.1932479335124413 132.4086395338517 -66.19793406455025
733 260 656.0 679 117.93592072299964 8.09 0.03271151428019597 0.3341307212471649 True False 0.016743399336234376 45.638924571310085 -22.803271469445686 -1.1932479335124413 132.4086395338517 -66.19793406455025
733 261 656.0 679 118.34008546599964 8.09 0.03271151428019597 0.4871389174152914 True False 0.016743399336234376 45.638924571310085 -22.803271469445686 -1.1932479335124413 132.4086395338517 -66.19793406455025
733 262 656.0 679 118.75593414799962 8.09 0.03271151428019597 0.5673465390629073 True False 0.016743399336234376 45.638924571310085 -22.803271469445686 -1.1932479335124413 132.4086395338517 -66.19793406455025
733 263 656.0 679 119.16025525499961 8.09 0.03271151428019597 0.46696262369325764 True False 0.016743399336234376 45.638924571310085 -22.803271469445686 -1.1932479335124413 132.4086395338517 -66.19793406455025
733 264 656.0 679 119.56494961899963 8.09 0.03271151428019597 0.13207735577341176 True False 0.016743399336234376 45.638924571310085 -22.803271469445686 -1.1932479335124413 132.4086395338517 -66.19793406455025
733 265 656.0 679 119.97957207699966 8.09 0.03271151428019597 0.6259358233781274 True False 0.016743399336234376 45.638924571310085 -22.803271469445686 -1.1932479335124413 132.4086395338517 -66.19793406455025
733 266 656.0 679 120.38136598899968 8.09 0.03271151428019597 0.2920198803949787 True False 0.016743399336234376 45.638924571310085 -22.803271469445686 -1.1932479335124413 132.4086395338517 -66.19793406455025
733 267 656.0 679 120.78486712299969 8.09 0.03271151428019597 0.36054723623219576 True False 0.016743399336234376 45.638924571310085 -22.803271469445686 -1.1932479335124413 132.4086395338517 -66.19793406455025
733 268 656.0 679 121.19737447999967 8.09 0.03271151428019597 0.42538261778318665 True False 0.016743399336234376 45.638924571310085 -22.803271469445686 -1.1932479335124413 132.4086395338517 -66.19793406455025
733 269 656.0 679 121.60051451099966 8.09 0.03271151428019597 0.5496091863774167 True False 0.016743399336234376 45.638924571310085 -22.803271469445686 -1.1932479335124413 132.4086395338517 -66.19793406455025
733 270 656.0 680 121.99964879699968 8.09 0.03271151428019597 0.4471232686567136 True False 0.016743399336234376 45.638924571310085 -22.803271469445686 -1.1932479335124413 132.4086395338517 -66.19793406455025
733 271 656.0 680 122.40348636999965 8.09 0.03271151428019597 0.19886035088742818 True False 0.016743399336234376 45.638924571310085 -22.803271469445686 -1.1932479335124413 132.4086395338517 -66.19793406455025
733 272 656.0 680 122.80367372299966 8.09 0.03271151428019597 0.2758664207905566 True False 0.016743399336234376 45.638924571310085 -22.803271469445686 -1.1932479335124413 132.4086395338517 -66.19793406455025
733 273 656.0 680 123.21658743999967 8.09 0.03271151428019597 0.5180176717544143 True False 0.016743399336234376 45.638924571310085 -22.803271469445686 -1.1932479335124413 132.4086395338517 -66.19793406455025
733 274 656.0 680 123.61830105799967 8.09 0.03271151428019597 0.3786226250949385 True False 0.016743399336234376 45.638924571310085 -22.803271469445686 -1.1932479335124413 132.4086395338517 -66.19793406455025
733 275 656.0 680 124.02147521699968 8.09 0.03271151428019597 0.24511622942895678 True False 0.016743399336234376 45.638924571310085 -22.803271469445686 -1.1932479335124413 132.4086395338517 -66.19793406455025
733 276 656.0 680 124.42384082899969 8.09 0.03271151428019597 0.0998293442452644 True False 0.016743399336234376 45.638924571310085 -22.803271469445686 -1.1932479335124413 132.4086395338517 -66.19793406455025
733 277 656.0 680 124.83984928799967 8.09 0.03271151428019597 0.8689398685953922 True False 0.016743399336234376 45.638924571310085 -22.803271469445686 -1.1932479335124413 132.4086395338517 -66.19793406455025
733 278 656.0 680 125.24208897499966 8.09 0.03271151428019597 0.14002846070645475 True False 0.016743399336234376 45.638924571310085 -22.803271469445686 -1.1932479335124413 132.4086395338517 -66.19793406455025
733 279 656.0 680 125.65801244499966 8.09 0.03271151428019597 0.09623635920824002 True False 0.016743399336234376 45.638924571310085 -22.803271469445686 -1.1932479335124413 132.4086395338517 -66.19793406455025
733 280 656.0 681 126.06309775499966 8.09 0.03271151428019597 0.013566876202803122 False True 0.016743399336234376 45.638924571310085 -22.803271469445686 -1.1932479335124413 132.4086395338517 -66.19793406455025
733 281 668.0 693 126.76245292799968 7.72 0.013566876202803122 0.5993916634448021 True False 0.016743399336234376 45.638924571310085 -22.803271469445686 -1.1932479335124413 132.4086395338517 -66.19793406455025
733 282 668.0 693 127.19787024599967 7.72 0.013566876202803122 0.39706097169563853 True False 0.016743399336234376 45.638924571310085 -22.803271469445686 -1.1932479335124413 132.4086395338517 -66.19793406455025
733 283 668.0 693 127.62139728599965 7.72 0.013566876202803122 0.5046180742624065 True False 0.016743399336234376 45.638924571310085 -22.803271469445686 -1.1932479335124413 132.4086395338517 -66.19793406455025
733 284 668.0 693 128.05701592699964 7.72 0.013566876202803122 0.4446952872773967 True False 0.016743399336234376 45.638924571310085 -22.803271469445686 -1.1932479335124413 132.4086395338517 -66.19793406455025
733 285 668.0 693 128.48080000599964 7.72 0.013566876202803122 1.3971773761299857 True False 0.016743399336234376 45.638924571310085 -22.803271469445686 -1.1932479335124413 132.4086395338517 -66.19793406455025
733 286 668.0 693 128.91610139099964 7.72 0.013566876202803122 0.4158547877578457 True False 0.016743399336234376 45.638924571310085 -22.803271469445686 -1.1932479335124413 132.4086395338517 -66.19793406455025
733 287 668.0 693 129.33925959499965 7.72 0.013566876202803122 0.7749229994830742 True False 0.016743399336234376 45.638924571310085 -22.803271469445686 -1.1932479335124413 132.4086395338517 -66.19793406455025
733 288 668.0 693 129.77676419799965 7.72 0.013566876202803122 0.3428421481829771 False True 0.016743399336234376 45.638924571310085 -22.803271469445686 -1.1932479335124413 132.4086395338517 -66.19793406455025
733 289 680.0 705 130.46216988099965 7.72 0.013566876202803122 0.03271151428019597 False True 0.016743399336234376 45.638924571310085 -22.803271469445686 -1.1932479335124413 132.4086395338517 -66.19793406455025
733 290 684.0 709 131.16157503199966 7.72 0.013566876202803122 0.03271151428019597 False True 0.016743399336234376 45.638924571310085 -22.803271469445686 -1.1932479335124413 132.4086395338517 -66.19793406455025
733 291 688.0 713 131.86037924599967 7.72 0.013566876202803122 0.03566747851133024 False True 0.016743399336234376 45.638924571310085 -22.803271469445686 -1.1932479335124413 132.4086395338517 -66.19793406455025
733 292 700.0 725 132.57370988199966 7.72 0.013566876202803122 0.03566747851133024 False True 0.016743399336234376 45.638924571310085 -22.803271469445686 -1.1932479335124413 132.4086395338517 -66.19793406455025
733 293 704.0 729 133.25934865799968 7.72 0.013566876202803122 0.03566747851133024 False True 0.016743399336234376 45.638924571310085 -22.803271469445686 -1.1932479335124413 132.4086395338517 -66.19793406455025
733 294 708.0 733 133.95546546299968 7.72 0.013566876202803122 0.03566747851133024 False True 0.016743399336234376 45.638924571310085 -22.803271469445686 -1.1932479335124413 132.4086395338517 -66.19793406455025
733 295 712.0 737 134.65020602699968 7.72 0.013566876202803122 0.03566747851133024 False True 0.016743399336234376 45.638924571310085 -22.803271469445686 -1.1932479335124413 132.4086395338517 -66.19793406455025
733 296 716.0 741 135.3377424989997 7.72 0.013566876202803122 0.03566747851133024 False True 0.016743399336234376 45.638924571310085 -22.803271469445686 -1.1932479335124413 132.4086395338517 -66.19793406455025
733 297 720.0 745 136.03540323099966 7.72 0.013566876202803122 0.03566747851133024 False True 0.016743399336234376 45.638924571310085 -22.803271469445686 -1.1932479335124413 132.4086395338517 -66.19793406455025
733 298 724.0 749 136.7317153499997 7.72 0.013566876202803122 0.03566747851133024 False True 0.016743399336234376 45.638924571310085 -22.803271469445686 -1.1932479335124413 132.4086395338517 -66.19793406455025
733 299 728.0 753 137.4295509159997 7.72 0.013566876202803122 0.08654368060687094 True False 0.016743399336234376 45.638924571310085 -22.803271469445686 -1.1932479335124413 132.4086395338517 -66.19793406455025
733 300 728.0 753 137.8370269919997 7.72 0.013566876202803122 0.53900120476918 True False 0.016743399336234376 45.638924571310085 -22.803271469445686 -1.1932479335124413 132.4086395338517 -66.19793406455025
733 301 728.0 753 138.26853431499967 7.72 0.013566876202803122 0.1061788551876377 True False 0.016743399336234376 45.638924571310085 -22.803271469445686 -1.1932479335124413 132.4086395338517 -66.19793406455025
733 302 728.0 754 138.67726808699967 7.72 0.013566876202803122 0.23058226807679993 True False 0.016743399336234376 45.638924571310085 -22.803271469445686 -1.1932479335124413 132.4086395338517 -66.19793406455025
733 303 728.0 754 139.10970993799967 7.72 0.013566876202803122 0.42762867646284397 True False 0.016743399336234376 45.638924571310085 -22.803271469445686 -1.1932479335124413 132.4086395338517 -66.19793406455025
733 304 728.0 754 139.5169943609997 7.72 0.013566876202803122 0.16914674211505754 False True 0.016743399336234376 45.638924571310085 -22.803271469445686 -1.1932479335124413 132.4086395338517 -66.19793406455025
733 305 740.0 766 140.21479224199967 7.72 0.013566876202803122 0.5340101935162508 True False 0.016743399336234376 45.638924571310085 -22.803271469445686 -1.1932479335124413 132.4086395338517 -66.19793406455025
733 306 740.0 766 140.65732264199966 7.72 0.013566876202803122 0.3357428688303896 True False 0.016743399336234376 45.638924571310085 -22.803271469445686 -1.1932479335124413 132.4086395338517 -66.19793406455025
733 307 740.0 766 141.09537098299964 7.72 0.013566876202803122 0.4871389174152914 False True 0.016743399336234376 45.638924571310085 -22.803271469445686 -1.1932479335124413 132.4086395338517 -66.19793406455025
733 308 752.0 778 141.77651240199964 7.72 0.013566876202803122 0.5927913650179284 True False 0.016743399336234376 45.638924571310085 -22.803271469445686 -1.1932479335124413 132.4086395338517 -66.19793406455025
733 309 752.0 778 142.20851421799964 7.72 0.013566876202803122 0.2689120069174969 False True 0.016743399336234376 45.638924571310085 -22.803271469445686 -1.1932479335124413 132.4086395338517 -66.19793406455025
733 310 764.0 790 142.89480166199965 7.72 0.013566876202803122 0.12941103459185113 True False 0.016743399336234376 45.638924571310085 -22.803271469445686 -1.1932479335124413 132.4086395338517 -66.19793406455025
733 311 764.0 790 143.33606612199966 7.72 0.013566876202803122 0.010077909188141707 False True 0.016743399336234376 45.638924571310085 -22.803271469445686 -1.1932479335124413 132.4086395338517 -66.19793406455025
733 312 776.0 802 144.02977745499967 7.72 0.013566876202803122 0.5602932514433311 True False 0.016743399336234376 45.638924571310085 -22.803271469445686 -1.1932479335124413 132.4086395338517 -66.19793406455025
733 313 776.0 802 144.45211810099968 7.72 0.013566876202803122 0.14296642561190814 False True 0.016743399336234376 45.638924571310085 -22.803271469445686 -1.1932479335124413 132.4086395338517 -66.19793406455025
733 314 788.0 814 145.14720480799969 7.72 0.013566876202803122 0.0905932690244649 True False 0.016743399336234376 45.638924571310085 -22.803271469445686 -1.1932479335124413 132.4086395338517 -66.19793406455025
733 315 788.0 814 145.57604040299967 7.72 0.013566876202803122 0.052327859846094435 True False 0.016743399336234376 45.638924571310085 -22.803271469445686 -1.1932479335124413 132.4086395338517 -66.19793406455025
733 316 788.0 814 146.02772919699967 7.72 0.013566876202803122 0.5818854064622511 True False 0.016743399336234376 45.638924571310085 -22.803271469445686 -1.1932479335124413 132.4086395338517 -66.19793406455025
733 317 788.0 815 146.46719749199966 7.72 0.013566876202803122 0.09832679219179224 True False 0.016743399336234376 45.638924571310085 -22.803271469445686 -1.1932479335124413 132.4086395338517 -66.19793406455025
733 318 788.0 815 146.90889293399965 7.72 0.013566876202803122 0.09463247112895654 True False 0.016743399336234376 45.638924571310085 -22.803271469445686 -1.1932479335124413 132.4086395338517 -66.19793406455025
733 319 788.0 815 147.34695217799964 7.72 0.013566876202803122 0.6710828734743471 True False 0.016743399336234376 45.638924571310085 -22.803271469445686 -1.1932479335124413 132.4086395338517 -66.19793406455025
733 320 788.0 815 147.78948587899964 7.72 0.013566876202803122 0.12544082948445145 True False 0.016743399336234376 45.638924571310085 -22.803271469445686 -1.1932479335124413 132.4086395338517 -66.19793406455025
733 321 788.0 815 148.22781083899963 7.72 0.013566876202803122 0.15176756393382795 True False 0.016743399336234376 45.638924571310085 -22.803271469445686 -1.1932479335124413 132.4086395338517 -66.19793406455025
733 322 788.0 815 148.67045228099963 7.72 0.013566876202803122 0.6037691444497584 True False 0.016743399336234376 45.638924571310085 -22.803271469445686 -1.1932479335124413 132.4086395338517 -66.19793406455025
733 323 788.0 815 149.10610075199963 7.72 0.013566876202803122 0.003649978061349218 True False 0.016743399336234376 45.638924571310085 -22.803271469445686 -1.1932479335124413 132.4086395338517 -66.19793406455025
733 324 788.0 815 149.55016121499963 7.72 0.013566876202803122 0.0058565470667401795 True False 0.016743399336234376 45.638924571310085 -22.803271469445686 -1.1932479335124413 132.4086395338517 -66.19793406455025
733 325 788.0 815 149.98932017899963 7.72 0.013566876202803122 0.111049261541545 True False 0.016743399336234376 45.638924571310085 -22.803271469445686 -1.1932479335124413 132.4086395338517 -66.19793406455025
733 326 788.0 815 150.43087305199964 7.72 0.013566876202803122 0.02711289545341129 False True 0.016743399336234376 45.638924571310085 -22.803271469445686 -1.1932479335124413 132.4086395338517 -66.19793406455025
733 327 800.0 827 151.12616641999966 7.72 0.013566876202803122 0.03271151428019597 False True 0.016743399336234376 45.638924571310085 -22.803271469445686 -1.1932479335124413 132.4086395338517 -66.19793406455025
733 328 804.0 831 151.81482139399967 7.72 0.013566876202803122 0.03271151428019597 False True 0.016743399336234376 45.638924571310085 -22.803271469445686 -1.1932479335124413 132.4086395338517 -66.19793406455025
733 329 808.0 835 152.51335198899966 7.72 0.013566876202803122 0.03271151428019597 False True 0.016743399336234376 45.638924571310085 -22.803271469445686 -1.1932479335124413 132.4086395338517 -66.19793406455025
733 330 812.0 839 153.22703040599967 7.72 0.013566876202803122 0.03271151428019597 False True 0.016743399336234376 45.638924571310085 -22.803271469445686 -1.1932479335124413 132.4086395338517 -66.19793406455025
733 331 816.0 843 153.92802367299967 7.72 0.013566876202803122 0.03271151428019597 False True 0.016743399336234376 45.638924571310085 -22.803271469445686 -1.1932479335124413 132.4086395338517 -66.19793406455025
733 332 820.0 847 154.62933694099965 7.72 0.013566876202803122 0.10181805550806616 False True 0.016743399336234376 45.638924571310085 -22.803271469445686 -1.1932479335124413 132.4086395338517 -66.19793406455025
733 333 832.0 859 155.32945702899966 7.72 0.013566876202803122 0.6522617408889136 True False 0.016743399336234376 45.638924571310085 -22.803271469445686 -1.1932479335124413 132.4086395338517 -66.19793406455025
733 334 832.0 860 155.74883639799964 7.72 0.013566876202803122 0.31318885007248704 True False 0.016743399336234376 45.638924571310085 -22.803271469445686 -1.1932479335124413 132.4086395338517 -66.19793406455025
733 335 832.0 860 156.17211863999964 7.72 0.013566876202803122 0.14381734781568886 True False 0.016743399336234376 45.638924571310085 -22.803271469445686 -1.1932479335124413 132.4086395338517 -66.19793406455025
733 336 832.0 860 156.59210566899964 7.72 0.013566876202803122 0.10904889068830395 True False 0.016743399336234376 45.638924571310085 -22.803271469445686 -1.1932479335124413 132.4086395338517 -66.19793406455025
733 337 832.0 860 157.02645183199962 7.72 0.013566876202803122 0.3256502975625705 True False 0.016743399336234376 45.638924571310085 -22.803271469445686 -1.1932479335124413 132.4086395338517 -66.19793406455025
733 338 832.0 860 157.44530799099962 7.72 0.013566876202803122 0.3108565435560685 True False 0.016743399336234376 45.638924571310085 -22.803271469445686 -1.1932479335124413 132.4086395338517 -66.19793406455025
733 339 832.0 860 157.86838693199962 7.72 0.013566876202803122 0.6463905875481902 True False 0.016743399336234376 45.638924571310085 -22.803271469445686 -1.1932479335124413 132.4086395338517 -66.19793406455025
733 340 832.0 860 158.2911607789996 7.72 0.013566876202803122 0.0013096511732079005 False True 0.016743399336234376 45.638924571310085 -22.803271469445686 -1.1932479335124413 132.4086395338517 -66.19793406455025
733 341 844.0 872 158.9892339179996 7.72 0.013566876202803122 0.001960354242257856 False True 0.016743399336234376 45.638924571310085 -22.803271469445686 -1.1932479335124413 132.4086395338517 -66.19793406455025
733 342 856.0 884 159.68483709899962 7.72 0.013566876202803122 0.0007884637968874758 False True 0.016743399336234376 45.638924571310085 -22.803271469445686 -1.1932479335124413 132.4086395338517 -66.19793406455025
733 343 868.0 896 160.3717559009996 7.72 0.013566876202803122 1.0161164122882094 True False 0.016743399336234376 45.638924571310085 -22.803271469445686 -1.1932479335124413 132.4086395338517 -66.19793406455025
733 344 868.0 896 160.8275809609996 7.72 0.013566876202803122 0.7406610075523179 True False 0.016743399336234376 45.638924571310085 -22.803271469445686 -1.1932479335124413 132.4086395338517 -66.19793406455025
733 345 868.0 896 161.2660034349996 7.72 0.013566876202803122 0.5537290414539942 True False 0.016743399336234376 45.638924571310085 -22.803271469445686 -1.1932479335124413 132.4086395338517 -66.19793406455025
733 346 868.0 896 161.7126802499996 7.72 0.013566876202803122 0.8097446135889665 True False 0.016743399336234376 45.638924571310085 -22.803271469445686 -1.1932479335124413 132.4086395338517 -66.19793406455025
733 347 868.0 897 162.16521451599962 7.72 0.013566876202803122 0.6148176608855618 True False 0.016743399336234376 45.638924571310085 -22.803271469445686 -1.1932479335124413 132.4086395338517 -66.19793406455025
733 348 868.0 897 162.61060757399963 7.72 0.013566876202803122 0.3281183530637709 True False 0.016743399336234376 45.638924571310085 -22.803271469445686 -1.1932479335124413 132.4086395338517 -66.19793406455025
733 349 868.0 897 163.04954000399962 7.72 0.013566876202803122 0.42762867646284397 False True 0.016743399336234376 45.638924571310085 -22.803271469445686 -1.1932479335124413 132.4086395338517 -66.19793406455025
733 350 880.0 909 163.74576471399962 7.72 0.013566876202803122 0.18226021963942754 False True 0.016743399336234376 45.638924571310085 -22.803271469445686 -1.1932479335124413 132.4086395338517 -66.19793406455025
733 351 892.0 921 164.43235497199964 7.72 0.013566876202803122 0.041956523355531176 False True 0.016743399336234376 45.638924571310085 -22.803271469445686 -1.1932479335124413 132.4086395338517 -66.19793406455025
733 352 904.0 933 165.12907355399963 7.72 0.013566876202803122 0.004647542428462663 False True 0.016743399336234376 45.638924571310085 -22.803271469445686 -1.1932479335124413 132.4086395338517 -66.19793406455025
733 353 916.0 945 165.82633194199963 7.78 0.004647542428462663 0.013566876202803122 False True 0.016743399336234376 45.638924571310085 -22.803271469445686 -1.1932479335124413 132.4086395338517 -66.19793406455025
733 354 920.0 949 166.51115697699964 7.78 0.004647542428462663 0.013566876202803122 False True 0.016743399336234376 45.638924571310085 -22.803271469445686 -1.1932479335124413 132.4086395338517 -66.19793406455025
733 355 924.0 953 167.20835521899963 7.78 0.004647542428462663 0.013566876202803122 False True 0.016743399336234376 45.638924571310085 -22.803271469445686 -1.1932479335124413 132.4086395338517 -66.19793406455025
733 356 928.0 957 167.88982178699962 7.78 0.004647542428462663 0.013566876202803122 False True 0.016743399336234376 45.638924571310085 -22.803271469445686 -1.1932479335124413 132.4086395338517 -66.19793406455025
733 357 932.0 961 168.57196788699963 7.72 0.013566876202803122 0.0012867463887836449 False True 0.016743399336234376 45.638924571310085 -22.803271469445686 -1.1932479335124413 132.4086395338517 -66.19793406455025
733 358 944.0 973 169.28464195399962 7.72 0.013566876202803122 0.04528894692793653 False True 0.016743399336234376 45.638924571310085 -22.803271469445686 -1.1932479335124413 132.4086395338517 -66.19793406455025
733 359 956.0 985 170.04393233899964 8.13 0.04528894692793653 0.013566876202803122 False True 0.016743399336234376 45.638924571310085 -22.803271469445686 -1.1932479335124413 132.4086395338517 -66.19793406455025
733 360 960.0 989 170.71342238899965 8.13 0.04528894692793653 0.013566876202803122 False True 0.016743399336234376 45.638924571310085 -22.803271469445686 -1.1932479335124413 132.4086395338517 -66.19793406455025
733 361 964.0 993 171.40402432399964 8.13 0.04528894692793653 0.013566876202803122 False True 0.016743399336234376 45.638924571310085 -22.803271469445686 -1.1932479335124413 132.4086395338517 -66.19793406455025
733 362 968.0 997 172.07261962399963 8.13 0.04528894692793653 0.013566876202803122 False True 0.016743399336234376 45.638924571310085 -22.803271469445686 -1.1932479335124413 132.4086395338517 -66.19793406455025
733 363 972.0 1001 172.75817012799962 8.13 0.04528894692793653 0.013566876202803122 False True 0.016743399336234376 45.638924571310085 -22.803271469445686 -1.1932479335124413 132.4086395338517 -66.19793406455025
733 364 976.0 1005 173.44466646899963 8.13 0.04528894692793653 0.013566876202803122 False True 0.016743399336234376 45.638924571310085 -22.803271469445686 -1.1932479335124413 132.4086395338517 -66.19793406455025
733 365 980.0 1009 174.12385062399963 8.13 0.04528894692793653 0.013566876202803122 False True 0.016743399336234376 45.638924571310085 -22.803271469445686 -1.1932479335124413 132.4086395338517 -66.19793406455025
733 366 984.0 1013 174.82450435899963 8.13 0.04528894692793653 0.041956523355531176 False True 0.016743399336234376 45.638924571310085 -22.803271469445686 -1.1932479335124413 132.4086395338517 -66.19793406455025
733 367 988.0 1017 175.50990046899963 8.13 0.04528894692793653 0.013566876202803122 False True 0.016743399336234376 45.638924571310085 -22.803271469445686 -1.1932479335124413 132.4086395338517 -66.19793406455025
733 368 992.0 1021 176.19196346999962 8.13 0.04528894692793653 0.013566876202803122 False True 0.016743399336234376 45.638924571310085 -22.803271469445686 -1.1932479335124413 132.4086395338517 -66.19793406455025
733 369 996.0 1025 176.88606561399962 8.13 0.04528894692793653 0.013566876202803122 False True 0.016743399336234376 45.638924571310085 -22.803271469445686 -1.1932479335124413 132.4086395338517 -66.19793406455025
733 370 1000.0 1029 177.56674299999963 7.72 0.013566876202803122 0.041956523355531176 False True 0.016743399336234376 45.638924571310085 -22.803271469445686 -1.1932479335124413 132.4086395338517 -66.19793406455025
733 371 1004.0 1033 178.24964559299963 7.72 0.013566876202803122 0.04528894692793653 False True 0.016743399336234376 45.638924571310085 -22.803271469445686 -1.1932479335124413 132.4086395338517 -66.19793406455025
733 372 1008.0 1037 178.94382165299965 7.72 0.013566876202803122 0.05603361715655959 True False 0.016743399336234376 45.638924571310085 -22.803271469445686 -1.1932479335124413 132.4086395338517 -66.19793406455025
733 373 1008.0 1037 179.36406215099964 7.72 0.013566876202803122 0.07640965615539161 True False 0.016743399336234376 45.638924571310085 -22.803271469445686 -1.1932479335124413 132.4086395338517 -66.19793406455025
733 374 1008.0 1037 179.78355519799965 7.72 0.013566876202803122 0.048746179022976746 False True 0.016743399336234376 45.638924571310085 -22.803271469445686 -1.1932479335124413 132.4086395338517 -66.19793406455025
733 375 1020.0 1049 180.48583172199963 7.72 0.013566876202803122 0.01175803099406567 False True 0.016743399336234376 45.638924571310085 -22.803271469445686 -1.1932479335124413 132.4086395338517 -66.19793406455025
733 376 1024.0 1053 181.1863017319996 7.72 0.013566876202803122 0.01175803099406567 False True 0.016743399336234376 45.638924571310085 -22.803271469445686 -1.1932479335124413 132.4086395338517 -66.19793406455025
733 377 1028.0 1057 181.89687574999962 7.72 0.013566876202803122 0.13282495706674893 True False 0.016743399336234376 45.638924571310085 -22.803271469445686 -1.1932479335124413 132.4086395338517 -66.19793406455025
733 378 1028.0 1057 182.34887632299962 7.72 0.013566876202803122 0.30588532958350545 True False 0.016743399336234376 45.638924571310085 -22.803271469445686 -1.1932479335124413 132.4086395338517 -66.19793406455025
733 379 1028.0 1057 182.79125568099963 7.72 0.013566876202803122 0.2846282663061971 True False 0.016743399336234376 45.638924571310085 -22.803271469445686 -1.1932479335124413 132.4086395338517 -66.19793406455025
733 380 1028.0 1057 183.25059867099964 7.72 0.013566876202803122 0.34347289852537083 True False 0.016743399336234376 45.638924571310085 -22.803271469445686 -1.1932479335124413 132.4086395338517 -66.19793406455025
733 381 1028.0 1057 183.70443000299963 7.72 0.013566876202803122 0.06380064204507171 True False 0.016743399336234376 45.638924571310085 -22.803271469445686 -1.1932479335124413 132.4086395338517 -66.19793406455025
733 382 1028.0 1057 184.16199770599962 7.72 0.013566876202803122 0.2825514345554362 True False 0.016743399336234376 45.638924571310085 -22.803271469445686 -1.1932479335124413 132.4086395338517 -66.19793406455025
733 383 1028.0 1058 184.60470922499962 7.72 0.013566876202803122 0.3332048670677985 True False 0.016743399336234376 45.638924571310085 -22.803271469445686 -1.1932479335124413 132.4086395338517 -66.19793406455025
733 384 1028.0 1058 185.05144338799963 7.72 0.013566876202803122 0.19360784847691304 True False 0.016743399336234376 45.638924571310085 -22.803271469445686 -1.1932479335124413 132.4086395338517 -66.19793406455025
733 385 1028.0 1058 185.5068851189996 7.72 0.013566876202803122 0.5146262215134285 True False 0.016743399336234376 45.638924571310085 -22.803271469445686 -1.1932479335124413 132.4086395338517 -66.19793406455025
733 386 1028.0 1058 185.9624884379996 7.72 0.013566876202803122 0.0027404938909772266 False True 0.016743399336234376 45.638924571310085 -22.803271469445686 -1.1932479335124413 132.4086395338517 -66.19793406455025
733 387 1040.0 1070 186.6652053969996 7.93 0.0027404938909772266 0.013566876202803122 False True 0.016743399336234376 45.638924571310085 -22.803271469445686 -1.1932479335124413 132.4086395338517 -66.19793406455025
733 388 1044.0 1074 187.3704503219996 7.93 0.0027404938909772266 0.013566876202803122 False True 0.016743399336234376 45.638924571310085 -22.803271469445686 -1.1932479335124413 132.4086395338517 -66.19793406455025
733 389 1048.0 1078 188.07135735099962 7.93 0.0027404938909772266 0.013566876202803122 False True 0.016743399336234376 45.638924571310085 -22.803271469445686 -1.1932479335124413 132.4086395338517 -66.19793406455025
733 390 1052.0 1082 188.78637493399958 7.93 0.0027404938909772266 0.013566876202803122 False True 0.016743399336234376 45.638924571310085 -22.803271469445686 -1.1932479335124413 132.4086395338517 -66.19793406455025
733 391 1056.0 1086 189.48928910799958 7.93 0.0027404938909772266 0.013566876202803122 False True 0.016743399336234376 45.638924571310085 -22.803271469445686 -1.1932479335124413 132.4086395338517 -66.19793406455025
733 392 1060.0 1090 190.2038144849996 7.93 0.0027404938909772266 0.013566876202803122 False True 0.016743399336234376 45.638924571310085 -22.803271469445686 -1.1932479335124413 132.4086395338517 -66.19793406455025
733 393 1064.0 1094 190.90391652899962 7.93 0.0027404938909772266 0.013566876202803122 False True 0.016743399336234376 45.638924571310085 -22.803271469445686 -1.1932479335124413 132.4086395338517 -66.19793406455025
733 394 1068.0 1098 191.60690031499962 7.93 0.0027404938909772266 0.013566876202803122 False True 0.016743399336234376 45.638924571310085 -22.803271469445686 -1.1932479335124413 132.4086395338517 -66.19793406455025
733 395 1072.0 1102 192.31763246499963 7.93 0.0027404938909772266 0.013566876202803122 False True 0.016743399336234376 45.638924571310085 -22.803271469445686 -1.1932479335124413 132.4086395338517 -66.19793406455025
733 396 1076.0 1106 193.0228790799996 7.93 0.0027404938909772266 0.013566876202803122 False True 0.016743399336234376 45.638924571310085 -22.803271469445686 -1.1932479335124413 132.4086395338517 -66.19793406455025
733 397 1080.0 1110 193.72555872699957 7.93 0.0027404938909772266 0.013566876202803122 False True 0.016743399336234376 45.638924571310085 -22.803271469445686 -1.1932479335124413 132.4086395338517 -66.19793406455025
733 398 1084.0 1114 194.43992408599956 7.93 0.0027404938909772266 0.013566876202803122 False True 0.016743399336234376 45.638924571310085 -22.803271469445686 -1.1932479335124413 132.4086395338517 -66.19793406455025
733 399 1088.0 1118 195.14202582599955 7.93 0.0027404938909772266 0.013566876202803122 False True 0.016743399336234376 45.638924571310085 -22.803271469445686 -1.1932479335124413 132.4086395338517 -66.19793406455025
733 400 1092.0 1122 195.85633104199957 7.93 0.0027404938909772266 0.013566876202803122 False True 0.016743399336234376 45.638924571310085 -22.803271469445686 -1.1932479335124413 132.4086395338517 -66.19793406455025
733 401 1096.0 1126 196.56075550399953 7.93 0.0027404938909772266 0.013566876202803122 False True 0.016743399336234376 45.638924571310085 -22.803271469445686 -1.1932479335124413 132.4086395338517 -66.19793406455025
733 402 1100.0 1130 197.27585529999953 7.93 0.0027404938909772266 0.013566876202803122 False True 0.016743399336234376 45.638924571310085 -22.803271469445686 -1.1932479335124413 132.4086395338517 -66.19793406455025
733 403 1104.0 1134 197.97993638299954 7.93 0.0027404938909772266 0.013566876202803122 False True 0.016743399336234376 45.638924571310085 -22.803271469445686 -1.1932479335124413 132.4086395338517 -66.19793406455025
733 404 1108.0 1138 198.68415359299956 8.13 0.04528894692793653 0.013566876202803122 False True 0.016743399336234376 45.638924571310085 -22.803271469445686 -1.1932479335124413 132.4086395338517 -66.19793406455025
733 405 1112.0 1142 199.39769867599955 8.13 0.04528894692793653 0.013566876202803122 False True 0.016743399336234376 45.638924571310085 -22.803271469445686 -1.1932479335124413 132.4086395338517 -66.19793406455025
733 406 1116.0 1146 200.1144542669996 8.13 0.04528894692793653 0.013566876202803122 False True 0.016743399336234376 45.638924571310085 -22.803271469445686 -1.1932479335124413 132.4086395338517 -66.19793406455025
733 407 1120.0 1150 200.8221195249996 7.72 0.013566876202803122 0.0071533831502709104 False True 0.016743399336234376 45.638924571310085 -22.803271469445686 -1.1932479335124413 132.4086395338517 -66.19793406455025
733 408 1132.0 1162 201.5428586149996 7.72 0.013566876202803122 0.008579066277351886 False True 0.016743399336234376 45.638924571310085 -22.803271469445686 -1.1932479335124413 132.4086395338517 -66.19793406455025
733 409 1144.0 1174 202.2585020569996 7.92 0.001960354242257856 0.013566876202803122 False True 0.016743399336234376 45.638924571310085 -22.803271469445686 -1.1932479335124413 132.4086395338517 -66.19793406455025
733 410 1148.0 1178 202.9789969939996 7.92 0.001960354242257856 0.013566876202803122 False True 0.016743399336234376 45.638924571310085 -22.803271469445686 -1.1932479335124413 132.4086395338517 -66.19793406455025
733 411 1152.0 1182 203.68350574699963 7.97 0.0071533831502709104 0.013566876202803122 False True 0.016743399336234376 45.638924571310085 -22.803271469445686 -1.1932479335124413 132.4086395338517 -66.19793406455025
733 412 1156.0 1186 204.4017965379996 7.97 0.0071533831502709104 0.013566876202803122 False True 0.016743399336234376 45.638924571310085 -22.803271469445686 -1.1932479335124413 132.4086395338517 -66.19793406455025
733 413 1160.0 1190 205.1202017649996 7.97 0.0071533831502709104 0.013566876202803122 False True 0.016743399336234376 45.638924571310085 -22.803271469445686 -1.1932479335124413 132.4086395338517 -66.19793406455025
733 414 1164.0 1194 205.8385137719996 8.13 0.04528894692793653 0.03271151428019597 False True 0.016743399336234376 45.638924571310085 -22.803271469445686 -1.1932479335124413 132.4086395338517 -66.19793406455025
733 415 1168.0 1198 206.5558967179996 8.09 0.03271151428019597 0.0027404938909772266 False True 0.016743399336234376 45.638924571310085 -22.803271469445686 -1.1932479335124413 132.4086395338517 -66.19793406455025
733 416 1172.0 1202 207.2768639769996 7.93 0.0027404938909772266 0.003613089543087907 False True 0.016743399336234376 45.638924571310085 -22.803271469445686 -1.1932479335124413 132.4086395338517 -66.19793406455025
733 417 1176.0 1206 207.9947419539996 7.97 0.0071533831502709104 0.0027404938909772266 False True 0.016743399336234376 45.638924571310085 -22.803271469445686 -1.1932479335124413 132.4086395338517 -66.19793406455025
733 418 1180.0 1210 208.70237106299965 7.93 0.0027404938909772266 0.03874925561815772 False True 0.016743399336234376 45.638924571310085 -22.803271469445686 -1.1932479335124413 132.4086395338517 -66.19793406455025
733 419 1184.0 1214 209.42111486199963 8.11 0.03874925561815772 0.013566876202803122 False True 0.016743399336234376 45.638924571310085 -22.803271469445686 -1.1932479335124413 132.4086395338517 -66.19793406455025
733 420 1188.0 1218 210.15347872899963 8.11 0.03874925561815772 0.01175803099406567 False True 0.016743399336234376 45.638924571310085 -22.803271469445686 -1.1932479335124413 132.4086395338517 -66.19793406455025
733 421 1192.0 1222 210.86055121099963 8.11 0.03874925561815772 0.013566876202803122 False True 0.016743399336234376 45.638924571310085 -22.803271469445686 -1.1932479335124413 132.4086395338517 -66.19793406455025
733 422 1196.0 1226 211.5801000329996 8.11 0.03874925561815772 0.01550427794797945 False True 0.016743399336234376 45.638924571310085 -22.803271469445686 -1.1932479335124413 132.4086395338517 -66.19793406455025
733 423 1200.0 1230 212.3142546619996 8.11 0.03874925561815772 0.01550427794797945 False True 0.016743399336234376 45.638924571310085 -22.803271469445686 -1.1932479335124413 132.4086395338517 -66.19793406455025
733 424 1204.0 1234 213.04065335299964 8.11 0.03874925561815772 0.001960354242257856 False True 0.016743399336234376 45.638924571310085 -22.803271469445686 -1.1932479335124413 132.4086395338517 -66.19793406455025
733 425 1208.0 1238 213.7426340159996 7.92 0.001960354242257856 0.03566747851133024 False True 0.016743399336234376 45.638924571310085 -22.803271469445686 -1.1932479335124413 132.4086395338517 -66.19793406455025
733 426 1212.0 1242 214.45632872099964 7.91 0.0013096511732079005 0.013566876202803122 False True 0.016743399336234376 45.638924571310085 -22.803271469445686 -1.1932479335124413 132.4086395338517 -66.19793406455025
733 427 1216.0 1246 215.15909938599964 8.03 0.01763425580926055 0.002708090418601185 False True 0.016743399336234376 45.638924571310085 -22.803271469445686 -1.1932479335124413 132.4086395338517 -66.19793406455025
733 428 1220.0 1250 215.8771328569996 8.03 0.01763425580926055 0.013566876202803122 False True 0.016743399336234376 45.638924571310085 -22.803271469445686 -1.1932479335124413 132.4086395338517 -66.19793406455025
733 429 1224.0 1254 216.59296118599957 7.72 0.013566876202803122 0.038692056072262615 False True 0.016743399336234376 45.638924571310085 -22.803271469445686 -1.1932479335124413 132.4086395338517 -66.19793406455025
733 430 1236.0 1266 217.2991721929996 7.62 0.038692056072262615 0.013566876202803122 False True 0.016743399336234376 45.638924571310085 -22.803271469445686 -1.1932479335124413 132.4086395338517 -66.19793406455025
733 431 1240.0 1270 218.01327870399962 7.62 0.038692056072262615 0.013566876202803122 False True 0.016743399336234376 45.638924571310085 -22.803271469445686 -1.1932479335124413 132.4086395338517 -66.19793406455025
733 432 1244.0 1274 218.71909009499967 7.72 0.013566876202803122 0.04190302691398224 False True 0.016743399336234376 45.638924571310085 -22.803271469445686 -1.1932479335124413 132.4086395338517 -66.19793406455025
733 433 1256.0 1286 219.43418675999965 7.72 0.013566876202803122 0.3036188649416664 True False 0.016743399336234376 45.638924571310085 -22.803271469445686 -1.1932479335124413 132.4086395338517 -66.19793406455025
733 434 1256.0 1286 219.85400092599963 7.72 0.013566876202803122 0.38367879441389635 True False 0.016743399336234376 45.638924571310085 -22.803271469445686 -1.1932479335124413 132.4086395338517 -66.19793406455025
733 435 1256.0 1286 220.27900610399962 7.72 0.013566876202803122 0.25783599945159325 True False 0.016743399336234376 45.638924571310085 -22.803271469445686 -1.1932479335124413 132.4086395338517 -66.19793406455025
733 436 1256.0 1286 220.7116858169996 7.72 0.013566876202803122 0.6848838418092023 True False 0.016743399336234376 45.638924571310085 -22.803271469445686 -1.1932479335124413 132.4086395338517 -66.19793406455025
733 437 1256.0 1286 221.13515632999957 7.72 0.013566876202803122 0.1022311022086824 True False 0.016743399336234376 45.638924571310085 -22.803271469445686 -1.1932479335124413 132.4086395338517 -66.19793406455025
733 438 1256.0 1286 221.55955738399962 7.72 0.013566876202803122 0.2916043367616874 True False 0.016743399336234376 45.638924571310085 -22.803271469445686 -1.1932479335124413 132.4086395338517 -66.19793406455025
733 439 1256.0 1286 221.9969478419996 7.72 0.013566876202803122 0.20423178000720044 True False 0.016743399336234376 45.638924571310085 -22.803271469445686 -1.1932479335124413 132.4086395338517 -66.19793406455025
733 440 1256.0 1287 222.4202269149996 7.72 0.013566876202803122 0.1559281242086439 False True 0.016743399336234376 45.638924571310085 -22.803271469445686 -1.1932479335124413 132.4086395338517 -66.19793406455025
733 441 1268.0 1299 223.1364096209996 7.72 0.013566876202803122 0.13207735577341176 False True 0.016743399336234376 45.638924571310085 -22.803271469445686 -1.1932479335124413 132.4086395338517 -66.19793406455025
733 442 1280.0 1311 223.84073416899963 7.72 0.013566876202803122 0.35130768225000686 True False 0.016743399336234376 45.638924571310085 -22.803271469445686 -1.1932479335124413 132.4086395338517 -66.19793406455025
733 443 1280.0 1311 224.27652212699962 7.72 0.013566876202803122 0.003613089543087907 False True 0.016743399336234376 45.638924571310085 -22.803271469445686 -1.1932479335124413 132.4086395338517 -66.19793406455025
733 444 1284.0 1315 224.9937123199996 7.79 0.003613089543087907 0.013566876202803122 False True 0.016743399336234376 45.638924571310085 -22.803271469445686 -1.1932479335124413 132.4086395338517 -66.19793406455025
733 445 1288.0 1319 225.69869610099954 7.79 0.003613089543087907 0.013566876202803122 False True 0.016743399336234376 45.638924571310085 -22.803271469445686 -1.1932479335124413 132.4086395338517 -66.19793406455025
733 446 1292.0 1323 226.41636044199953 7.79 0.003613089543087907 0.013566876202803122 False True 0.016743399336234376 45.638924571310085 -22.803271469445686 -1.1932479335124413 132.4086395338517 -66.19793406455025
733 447 1296.0 1327 227.12023740099954 7.79 0.003613089543087907 0.013566876202803122 False True 0.016743399336234376 45.638924571310085 -22.803271469445686 -1.1932479335124413 132.4086395338517 -66.19793406455025
733 448 1300.0 1331 227.8366884599995 7.79 0.003613089543087907 0.013566876202803122 False True 0.016743399336234376 45.638924571310085 -22.803271469445686 -1.1932479335124413 132.4086395338517 -66.19793406455025
733 449 1304.0 1335 228.53982805999954 7.65 0.029817413564198987 0.003613089543087907 False True 0.016743399336234376 45.638924571310085 -22.803271469445686 -1.1932479335124413 132.4086395338517 -66.19793406455025
733 450 1308.0 1339 229.25464431999956 8.13 0.04528894692793653 0.003613089543087907 False True 0.016743399336234376 45.638924571310085 -22.803271469445686 -1.1932479335124413 132.4086395338517 -66.19793406455025
733 451 1312.0 1343 229.9794926769996 8.13 0.04528894692793653 0.002708090418601185 False True 0.016743399336234376 45.638924571310085 -22.803271469445686 -1.1932479335124413 132.4086395338517 -66.19793406455025
733 452 1316.0 1347 230.69372290299964 8.13 0.04528894692793653 0.013566876202803122 False True 0.016743399336234376 45.638924571310085 -22.803271469445686 -1.1932479335124413 132.4086395338517 -66.19793406455025
733 453 1320.0 1351 231.39754889799963 8.13 0.04528894692793653 0.013566876202803122 False True 0.016743399336234376 45.638924571310085 -22.803271469445686 -1.1932479335124413 132.4086395338517 -66.19793406455025
733 454 1324.0 1355 232.11540250999963 8.13 0.04528894692793653 0.013566876202803122 False True 0.016743399336234376 45.638924571310085 -22.803271469445686 -1.1932479335124413 132.4086395338517 -66.19793406455025
733 455 1328.0 1359 232.83075388799966 8.13 0.04528894692793653 0.013566876202803122 False True 0.016743399336234376 45.638924571310085 -22.803271469445686 -1.1932479335124413 132.4086395338517 -66.19793406455025
733 456 1332.0 1363 233.53969031799966 7.72 0.013566876202803122 0.041956523355531176 False True 0.016743399336234376 45.638924571310085 -22.803271469445686 -1.1932479335124413 132.4086395338517 -66.19793406455025
733 457 1336.0 1367 234.25727521099964 7.62 0.038692056072262615 0.013566876202803122 False True 0.016743399336234376 45.638924571310085 -22.803271469445686 -1.1932479335124413 132.4086395338517 -66.19793406455025
733 458 1340.0 1371 234.97621398599966 7.62 0.038692056072262615 0.013566876202803122 False True 0.016743399336234376 45.638924571310085 -22.803271469445686 -1.1932479335124413 132.4086395338517 -66.19793406455025
733 459 1344.0 1375 235.69226672499963 7.62 0.038692056072262615 0.013566876202803122 False True 0.016743399336234376 45.638924571310085 -22.803271469445686 -1.1932479335124413 132.4086395338517 -66.19793406455025
733 460 1348.0 1379 236.41103382299963 7.62 0.038692056072262615 0.003613089543087907 False True 0.016743399336234376 45.638924571310085 -22.803271469445686 -1.1932479335124413 132.4086395338517 -66.19793406455025
733 461 1352.0 1383 237.11776303599964 7.62 0.038692056072262615 0.002708090418601185 False True 0.016743399336234376 45.638924571310085 -22.803271469445686 -1.1932479335124413 132.4086395338517 -66.19793406455025
733 462 1356.0 1387 237.8365449489997 7.62 0.038692056072262615 0.03874925561815772 False True 0.016743399336234376 45.638924571310085 -22.803271469445686 -1.1932479335124413 132.4086395338517 -66.19793406455025
733 463 1360.0 1391 238.55249145899967 7.62 0.038692056072262615 0.013566876202803122 False True 0.016743399336234376 45.638924571310085 -22.803271469445686 -1.1932479335124413 132.4086395338517 -66.19793406455025
733 464 1364.0 1395 239.2699762409997 7.62 0.038692056072262615 0.0027404938909772266 False True 0.016743399336234376 45.638924571310085 -22.803271469445686 -1.1932479335124413 132.4086395338517 -66.19793406455025
733 465 1368.0 1399 239.97502824699967 7.62 0.038692056072262615 0.0027404938909772266 False True 0.016743399336234376 45.638924571310085 -22.803271469445686 -1.1932479335124413 132.4086395338517 -66.19793406455025
733 466 1372.0 1403 240.6927404759997 7.62 0.038692056072262615 0.03271151428019597 False True 0.016743399336234376 45.638924571310085 -22.803271469445686 -1.1932479335124413 132.4086395338517 -66.19793406455025
733 467 1376.0 1407 241.3973938089997 7.62 0.038692056072262615 0.013566876202803122 False True 0.016743399336234376 45.638924571310085 -22.803271469445686 -1.1932479335124413 132.4086395338517 -66.19793406455025
733 468 1380.0 1411 242.11242521699972 7.62 0.038692056072262615 0.013566876202803122 False True 0.016743399336234376 45.638924571310085 -22.803271469445686 -1.1932479335124413 132.4086395338517 -66.19793406455025
733 469 1384.0 1415 242.81665347899974 8.13 0.04528894692793653 0.01175803099406567 False True 0.016743399336234376 45.638924571310085 -22.803271469445686 -1.1932479335124413 132.4086395338517 -66.19793406455025
733 470 1388.0 1419 243.53137087499977 7.7299999999999995 0.01175803099406567 0.03874925561815772 False True 0.016743399336234376 45.638924571310085 -22.803271469445686 -1.1932479335124413 132.4086395338517 -66.19793406455025
733 471 1392.0 1423 244.23511805499976 1.99 0.192319099062074 0.013566876202803122 False True 0.016743399336234376 45.638924571310085 -22.803271469445686 -1.1932479335124413 132.4086395338517 -66.19793406455025
733 472 1396.0 1427 244.95335917599976 8.0 0.011816334316426704 0.0027404938909772266 False True 0.016743399336234376 45.638924571310085 -22.803271469445686 -1.1932479335124413 132.4086395338517 -66.19793406455025
733 473 1400.0 1431 245.66995416899977 7.83 0.0007705155595513255 0.0027404938909772266 False True 0.016743399336234376 45.638924571310085 -22.803271469445686 -1.1932479335124413 132.4086395338517 -66.19793406455025
733 474 1404.0 1435 246.37613798599978 7.83 0.0007705155595513255 0.01175803099406567 False True 0.016743399336234376 45.638924571310085 -22.803271469445686 -1.1932479335124413 132.4086395338517 -66.19793406455025
733 475 1408.0 1439 247.08946350799982 7.83 0.0007705155595513255 0.022151789983447842 False True 0.016743399336234376 45.638924571310085 -22.803271469445686 -1.1932479335124413 132.4086395338517 -66.19793406455025
733 476 1420.0 1451 247.79472433499984 8.05 0.022151789983447842 0.0007705155595513255 False True 0.016743399336234376 45.638924571310085 -22.803271469445686 -1.1932479335124413 132.4086395338517 -66.19793406455025
733 477 1424.0 1455 248.51064315899987 8.05 0.022151789983447842 0.0007705155595513255 False True 0.016743399336234376 45.638924571310085 -22.803271469445686 -1.1932479335124413 132.4086395338517 -66.19793406455025
733 478 1428.0 1459 249.22914567899988 8.05 0.022151789983447842 0.0007705155595513255 False True 0.016743399336234376 45.638924571310085 -22.803271469445686 -1.1932479335124413 132.4086395338517 -66.19793406455025
733 479 1432.0 1463 249.9350879519999 8.05 0.022151789983447842 0.0007705155595513255 False True 0.016743399336234376 45.638924571310085 -22.803271469445686 -1.1932479335124413 132.4086395338517 -66.19793406455025
733 480 1436.0 1467 250.6541995209999 8.05 0.022151789983447842 0.0007705155595513255 False True 0.016743399336234376 45.638924571310085 -22.803271469445686 -1.1932479335124413 132.4086395338517 -66.19793406455025
733 481 1440.0 1471 251.37021716599992 7.83 0.0007705155595513255 0.022151789983447842 False True 0.016743399336234376 45.638924571310085 -22.803271469445686 -1.1932479335124413 132.4086395338517 -66.19793406455025
733 482 1444.0 1475 252.08578545599988 7.83 0.0007705155595513255 0.022151789983447842 False True 0.016743399336234376 45.638924571310085 -22.803271469445686 -1.1932479335124413 132.4086395338517 -66.19793406455025
733 483 1448.0 1479 252.78880362299992 7.83 0.0007705155595513255 0.022151789983447842 False True 0.016743399336234376 45.638924571310085 -22.803271469445686 -1.1932479335124413 132.4086395338517 -66.19793406455025
733 484 1452.0 1483 253.50520733199994 7.83 0.0007705155595513255 0.022151789983447842 False True 0.016743399336234376 45.638924571310085 -22.803271469445686 -1.1932479335124413 132.4086395338517 -66.19793406455025
733 485 1456.0 1487 254.20934546499996 7.83 0.0007705155595513255 0.34862554758635994 True False 0.016743399336234376 45.638924571310085 -22.803271469445686 -1.1932479335124413 132.4086395338517 -66.19793406455025
733 486 1456.0 1487 254.63002444299997 7.83 0.0007705155595513255 0.0003839666320000005 False True 0.016743399336234376 45.638924571310085 -22.803271469445686 -1.1932479335124413 132.4086395338517 -66.19793406455025
733 487 1468.0 1499 255.34354202599997 7.83 0.0007705155595513255 0.08872058115519077 True False 0.016743399336234376 45.638924571310085 -22.803271469445686 -1.1932479335124413 132.4086395338517 -66.19793406455025
733 488 1468.0 1499 255.80106385299996 7.83 0.0007705155595513255 0.3206001005716192 False True 0.016743399336234376 45.638924571310085 -22.803271469445686 -1.1932479335124413 132.4086395338517 -66.19793406455025
733 489 1480.0 1511 256.50511097899994 7.83 0.0007705155595513255 0.5242758536161486 True False 0.016743399336234376 45.638924571310085 -22.803271469445686 -1.1932479335124413 132.4086395338517 -66.19793406455025
733 490 1480.0 1511 256.9282907659999 7.83 0.0007705155595513255 0.5637115510304239 True False 0.016743399336234376 45.638924571310085 -22.803271469445686 -1.1932479335124413 132.4086395338517 -66.19793406455025
733 491 1480.0 1511 257.36250868599996 7.83 0.0007705155595513255 0.571052345471493 False True 0.016743399336234376 45.638924571310085 -22.803271469445686 -1.1932479335124413 132.4086395338517 -66.19793406455025
733 492 1492.0 1523 258.06868850999996 7.83 0.0007705155595513255 2.5042389440491912 True False 0.016743399336234376 45.638924571310085 -22.803271469445686 -1.1932479335124413 132.4086395338517 -66.19793406455025
733 493 1492.0 1523 258.52272192999993 7.83 0.0007705155595513255 0.7181456549007664 True False 0.016743399336234376 45.638924571310085 -22.803271469445686 -1.1932479335124413 132.4086395338517 -66.19793406455025
733 494 1492.0 1523 258.9692157159999 7.83 0.0007705155595513255 0.6044384642005708 True False 0.016743399336234376 45.638924571310085 -22.803271469445686 -1.1932479335124413 132.4086395338517 -66.19793406455025
733 495 1492.0 1523 259.42434667699985 7.83 0.0007705155595513255 0.7520175990530986 True False 0.016743399336234376 45.638924571310085 -22.803271469445686 -1.1932479335124413 132.4086395338517 -66.19793406455025
733 496 1492.0 1523 259.8860331239998 7.83 0.0007705155595513255 0.543828254493426 True False 0.016743399336234376 45.638924571310085 -22.803271469445686 -1.1932479335124413 132.4086395338517 -66.19793406455025
733 497 1492.0 1524 260.3413792339998 7.83 0.0007705155595513255 0.5485094026711924 True False 0.016743399336234376 45.638924571310085 -22.803271469445686 -1.1932479335124413 132.4086395338517 -66.19793406455025
733 498 1492.0 1524 260.78976108799986 7.83 0.0007705155595513255 1.0243986768705524 True False 0.016743399336234376 45.638924571310085 -22.803271469445686 -1.1932479335124413 132.4086395338517 -66.19793406455025
733 499 1492.0 1524 261.2455533999999 7.83 0.0007705155595513255 0.6308834173547833 True False 0.016743399336234376 45.638924571310085 -22.803271469445686 -1.1932479335124413 132.4086395338517 -66.19793406455025
733 500 1492.0 1524 261.70430346699993 7.83 0.0007705155595513255 0.7293699874854168 True False 0.016743399336234376 45.638924571310085 -22.803271469445686 -1.1932479335124413 132.4086395338517 -66.19793406455025
733 501 1492.0 1524 262.1469181549999 7.83 0.0007705155595513255 0.6739372845774086 True False 0.016743399336234376 45.638924571310085 -22.803271469445686 -1.1932479335124413 132.4086395338517 -66.19793406455025
733 502 1492.0 1524 262.60457936999995 7.83 0.0007705155595513255 0.5050622754563554 True False 0.016743399336234376 45.638924571310085 -22.803271469445686 -1.1932479335124413 132.4086395338517 -66.19793406455025
733 503 1492.0 1524 263.04827657799996 7.83 0.0007705155595513255 0.8332546428044334 True False 0.016743399336234376 45.638924571310085 -22.803271469445686 -1.1932479335124413 132.4086395338517 -66.19793406455025
733 504 1492.0 1524 263.50438887999996 7.83 0.0007705155595513255 0.6959014829108123 True False 0.016743399336234376 45.638924571310085 -22.803271469445686 -1.1932479335124413 132.4086395338517 -66.19793406455025
733 505 1492.0 1524 263.94733868299994 7.83 0.0007705155595513255 0.7864695439732393 True False 0.016743399336234376 45.638924571310085 -22.803271469445686 -1.1932479335124413 132.4086395338517 -66.19793406455025
733 506 1492.0 1524 264.40519864 7.83 0.0007705155595513255 0.7634386393809838 True False 0.016743399336234376 45.638924571310085 -22.803271469445686 -1.1932479335124413 132.4086395338517 -66.19793406455025
733 507 1492.0 1525 264.849263162 7.83 0.0007705155595513255 0.3182006036500791 False True 0.016743399336234376 45.638924571310085 -22.803271469445686 -1.1932479335124413 132.4086395338517 -66.19793406455025
733 508 1504.0 1537 265.56124475999997 7.83 0.0007705155595513255 0.2894655895255542 True False 0.016743399336234376 45.638924571310085 -22.803271469445686 -1.1932479335124413 132.4086395338517 -66.19793406455025
733 509 1504.0 1537 265.98675101199996 7.83 0.0007705155595513255 0.48619531152596995 True False 0.016743399336234376 45.638924571310085 -22.803271469445686 -1.1932479335124413 132.4086395338517 -66.19793406455025
733 510 1504.0 1537 266.40827830999996 7.83 0.0007705155595513255 0.5737747716816537 True False 0.016743399336234376 45.638924571310085 -22.803271469445686 -1.1932479335124413 132.4086395338517 -66.19793406455025
733 511 1504.0 1537 266.84459589999994 7.83 0.0007705155595513255 0.2088684048088377 True False 0.016743399336234376 45.638924571310085 -22.803271469445686 -1.1932479335124413 132.4086395338517 -66.19793406455025
733 512 1504.0 1537 267.26826577799994 7.83 0.0007705155595513255 0.10664839073351343 True False 0.016743399336234376 45.638924571310085 -22.803271469445686 -1.1932479335124413 132.4086395338517 -66.19793406455025
733 513 1504.0 1537 267.70507776599993 7.83 0.0007705155595513255 0.10021472904609524 True False 0.016743399336234376 45.638924571310085 -22.803271469445686 -1.1932479335124413 132.4086395338517 -66.19793406455025
733 514 1504.0 1537 268.1254829359999 7.83 0.0007705155595513255 0.917254986975394 True False 0.016743399336234376 45.638924571310085 -22.803271469445686 -1.1932479335124413 132.4086395338517 -66.19793406455025
733 515 1504.0 1537 268.56026402399993 7.83 0.0007705155595513255 0.6630628928112925 True False 0.016743399336234376 45.638924571310085 -22.803271469445686 -1.1932479335124413 132.4086395338517 -66.19793406455025
733 516 1504.0 1537 268.9843997869999 7.83 0.0007705155595513255 0.6775031240481718 True False 0.016743399336234376 45.638924571310085 -22.803271469445686 -1.1932479335124413 132.4086395338517 -66.19793406455025
733 517 1504.0 1537 269.4222970059999 7.83 0.0007705155595513255 0.5340101935162508 False True 0.016743399336234376 45.638924571310085 -22.803271469445686 -1.1932479335124413 132.4086395338517 -66.19793406455025
733 518 1516.0 1549 270.1424334739999 7.83 0.0007705155595513255 0.798077131245655 True False 0.016743399336234376 45.638924571310085 -22.803271469445686 -1.1932479335124413 132.4086395338517 -66.19793406455025
733 519 1516.0 1550 270.5856942109999 7.83 0.0007705155595513255 0.8214708373010609 True False 0.016743399336234376 45.638924571310085 -22.803271469445686 -1.1932479335124413 132.4086395338517 -66.19793406455025
733 520 1516.0 1550 271.04403020099994 7.83 0.0007705155595513255 0.6415348958631095 True False 0.016743399336234376 45.638924571310085 -22.803271469445686 -1.1932479335124413 132.4086395338517 -66.19793406455025
733 521 1516.0 1550 271.5003253599999 7.83 0.0007705155595513255 0.7293699874854168 False True 0.016743399336234376 45.638924571310085 -22.803271469445686 -1.1932479335124413 132.4086395338517 -66.19793406455025
733 522 1528.0 1562 272.2030581159999 7.83 0.0007705155595513255 0.11157699617801255 True False 0.016743399336234376 45.638924571310085 -22.803271469445686 -1.1932479335124413 132.4086395338517 -66.19793406455025
733 523 1528.0 1562 272.6278829449999 7.83 0.0007705155595513255 0.0854141958263052 True False 0.016743399336234376 45.638924571310085 -22.803271469445686 -1.1932479335124413 132.4086395338517 -66.19793406455025
733 524 1528.0 1562 273.0599268339999 7.83 0.0007705155595513255 0.27574654458392256 True False 0.016743399336234376 45.638924571310085 -22.803271469445686 -1.1932479335124413 132.4086395338517 -66.19793406455025
733 525 1528.0 1562 273.4859384559999 7.83 0.0007705155595513255 0.3408635434512187 False True 0.016743399336234376 45.638924571310085 -22.803271469445686 -1.1932479335124413 132.4086395338517 -66.19793406455025
733 526 1540.0 1574 274.20209016899986 7.83 0.0007705155595513255 0.09656746727574048 True False 0.016743399336234376 45.638924571310085 -22.803271469445686 -1.1932479335124413 132.4086395338517 -66.19793406455025
733 527 1540.0 1574 274.64681671199986 7.83 0.0007705155595513255 0.08574060731387728 True False 0.016743399336234376 45.638924571310085 -22.803271469445686 -1.1932479335124413 132.4086395338517 -66.19793406455025
733 528 1540.0 1574 275.1039200619999 7.83 0.0007705155595513255 0.003649978061349218 False True 0.016743399336234376 45.638924571310085 -22.803271469445686 -1.1932479335124413 132.4086395338517 -66.19793406455025
733 529 1552.0 1586 275.8224454199999 7.94 0.003649978061349218 0.0007705155595513255 False True 0.016743399336234376 45.638924571310085 -22.803271469445686 -1.1932479335124413 132.4086395338517 -66.19793406455025
733 530 1556.0 1590 276.5394106209999 7.83 0.0007705155595513255 0.003649978061349218 False True 0.016743399336234376 45.638924571310085 -22.803271469445686 -1.1932479335124413 132.4086395338517 -66.19793406455025
733 531 1560.0 1594 277.2463896249999 7.83 0.0007705155595513255 0.003649978061349218 False True 0.016743399336234376 45.638924571310085 -22.803271469445686 -1.1932479335124413 132.4086395338517 -66.19793406455025
733 532 1564.0 1598 277.9636351559999 7.83 0.0007705155595513255 0.2328540724684144 True False 0.016743399336234376 45.638924571310085 -22.803271469445686 -1.1932479335124413 132.4086395338517 -66.19793406455025
733 533 1564.0 1598 278.4061123539999 7.83 0.0007705155595513255 0.08854563216535734 True False 0.016743399336234376 45.638924571310085 -22.803271469445686 -1.1932479335124413 132.4086395338517 -66.19793406455025
733 534 1564.0 1598 278.8626793229999 7.83 0.0007705155595513255 0.005811359655352096 False True 0.016743399336234376 45.638924571310085 -22.803271469445686 -1.1932479335124413 132.4086395338517 -66.19793406455025
733 535 1576.0 1610 279.5783818419999 7.83 0.0007705155595513255 0.005811359655352096 False True 0.016743399336234376 45.638924571310085 -22.803271469445686 -1.1932479335124413 132.4086395338517 -66.19793406455025
733 536 1580.0 1614 280.28694487499985 7.83 0.0007705155595513255 0.005811359655352096 False True 0.016743399336234376 45.638924571310085 -22.803271469445686 -1.1932479335124413 132.4086395338517 -66.19793406455025
733 537 1584.0 1618 281.0033522869998 7.83 0.0007705155595513255 0.005811359655352096 False True 0.016743399336234376 45.638924571310085 -22.803271469445686 -1.1932479335124413 132.4086395338517 -66.19793406455025
733 538 1588.0 1622 281.7212274279998 7.83 0.0007705155595513255 0.005811359655352096 False True 0.016743399336234376 45.638924571310085 -22.803271469445686 -1.1932479335124413 132.4086395338517 -66.19793406455025
733 539 1592.0 1626 282.42724174699975 7.83 0.0007705155595513255 0.004647542428462663 False True 0.016743399336234376 45.638924571310085 -22.803271469445686 -1.1932479335124413 132.4086395338517 -66.19793406455025
733 540 1596.0 1630 283.14368246899977 7.83 0.0007705155595513255 0.004647542428462663 False True 0.016743399336234376 45.638924571310085 -22.803271469445686 -1.1932479335124413 132.4086395338517 -66.19793406455025
733 541 1600.0 1634 283.85951560799975 7.83 0.0007705155595513255 0.005811359655352096 False True 0.016743399336234376 45.638924571310085 -22.803271469445686 -1.1932479335124413 132.4086395338517 -66.19793406455025
733 542 1604.0 1638 284.57859323799977 7.83 0.0007705155595513255 0.005811359655352096 False True 0.016743399336234376 45.638924571310085 -22.803271469445686 -1.1932479335124413 132.4086395338517 -66.19793406455025
733 543 1608.0 1642 285.2835967309998 7.83 0.0007705155595513255 0.005811359655352096 False True 0.016743399336234376 45.638924571310085 -22.803271469445686 -1.1932479335124413 132.4086395338517 -66.19793406455025
733 544 1612.0 1646 286.0031612219998 7.83 0.0007705155595513255 0.005811359655352096 False True 0.016743399336234376 45.638924571310085 -22.803271469445686 -1.1932479335124413 132.4086395338517 -66.19793406455025
733 545 1616.0 1650 286.7190127349998 7.83 0.0007705155595513255 0.00852666477776905 False True 0.016743399336234376 45.638924571310085 -22.803271469445686 -1.1932479335124413 132.4086395338517 -66.19793406455025
733 546 1628.0 1662 287.4208210719998 7.83 0.0007705155595513255 0.004647542428462663 False True 0.016743399336234376 45.638924571310085 -22.803271469445686 -1.1932479335124413 132.4086395338517 -66.19793406455025
733 547 1632.0 1666 288.1160503659998 7.83 0.0007705155595513255 0.0198292823600555 False True 0.016743399336234376 45.638924571310085 -22.803271469445686 -1.1932479335124413 132.4086395338517 -66.19793406455025
733 548 1644.0 1678 288.8200123169998 7.83 0.0007705155595513255 0.02988167258731205 False True 0.016743399336234376 45.638924571310085 -22.803271469445686 -1.1932479335124413 132.4086395338517 -66.19793406455025
733 549 1656.0 1690 289.5209707909998 8.08 0.02988167258731205 0.0019326215277045945 False True 0.016743399336234376 45.638924571310085 -22.803271469445686 -1.1932479335124413 132.4086395338517 -66.19793406455025
733 550 1660.0 1694 290.23449658999976 8.08 0.02988167258731205 0.041956523355531176 False True 0.016743399336234376 45.638924571310085 -22.803271469445686 -1.1932479335124413 132.4086395338517 -66.19793406455025
733 551 1664.0 1698 290.9392883239998 7.83 0.0007705155595513255 0.03271151428019597 False True 0.016743399336234376 45.638924571310085 -22.803271469445686 -1.1932479335124413 132.4086395338517 -66.19793406455025
733 552 1668.0 1702 291.65248662099975 7.83 0.0007705155595513255 0.024601532369046077 False True 0.016743399336234376 45.638924571310085 -22.803271469445686 -1.1932479335124413 132.4086395338517 -66.19793406455025
733 553 1672.0 1706 292.3407137459998 7.62 0.038692056072262615 0.013566876202803122 False True 0.016743399336234376 45.638924571310085 -22.803271469445686 -1.1932479335124413 132.4086395338517 -66.19793406455025
733 554 1676.0 1710 293.0533747739998 7.62 0.038692056072262615 0.003613089543087907 False True 0.016743399336234376 45.638924571310085 -22.803271469445686 -1.1932479335124413 132.4086395338517 -66.19793406455025
733 555 1680.0 1714 293.7534111169998 7.62 0.038692056072262615 0.003613089543087907 False True 0.016743399336234376 45.638924571310085 -22.803271469445686 -1.1932479335124413 132.4086395338517 -66.19793406455025
733 556 1684.0 1718 294.45693355699984 7.62 0.038692056072262615 0.003613089543087907 False True 0.016743399336234376 45.638924571310085 -22.803271469445686 -1.1932479335124413 132.4086395338517 -66.19793406455025
733 557 1688.0 1722 295.15882716399983 7.62 0.038692056072262615 0.003613089543087907 False True 0.016743399336234376 45.638924571310085 -22.803271469445686 -1.1932479335124413 132.4086395338517 -66.19793406455025
733 558 1692.0 1726 295.87281195199984 7.62 0.038692056072262615 0.003613089543087907 False True 0.016743399336234376 45.638924571310085 -22.803271469445686 -1.1932479335124413 132.4086395338517 -66.19793406455025
733 559 1696.0 1730 296.57301138599985 7.62 0.038692056072262615 0.003613089543087907 False True 0.016743399336234376 45.638924571310085 -22.803271469445686 -1.1932479335124413 132.4086395338517 -66.19793406455025
733 560 1700.0 1734 297.27326814799983 7.62 0.038692056072262615 0.003613089543087907 False True 0.016743399336234376 45.638924571310085 -22.803271469445686 -1.1932479335124413 132.4086395338517 -66.19793406455025
733 561 1704.0 1738 297.95965059099984 7.62 0.038692056072262615 0.003613089543087907 False True 0.016743399336234376 45.638924571310085 -22.803271469445686 -1.1932479335124413 132.4086395338517 -66.19793406455025
733 562 1708.0 1742 298.67684914899985 7.62 0.038692056072262615 0.003613089543087907 False True 0.016743399336234376 45.638924571310085 -22.803271469445686 -1.1932479335124413 132.4086395338517 -66.19793406455025
733 563 1712.0 1746 299.42558688599985 7.62 0.038692056072262615 0.003613089543087907 False True 0.016743399336234376 45.638924571310085 -22.803271469445686 -1.1932479335124413 132.4086395338517 -66.19793406455025
733 564 1716.0 1750 300.1113916529999 7.62 0.038692056072262615 0.003613089543087907 False True 0.016743399336234376 45.638924571310085 -22.803271469445686 -1.1932479335124413 132.4086395338517 -66.19793406455025
733 565 1720.0 1754 300.8075476429999 7.62 0.038692056072262615 0.03271151428019597 False True 0.016743399336234376 45.638924571310085 -22.803271469445686 -1.1932479335124413 132.4086395338517 -66.19793406455025
733 566 1724.0 1758 301.5098477819999 7.62 0.038692056072262615 0.03271151428019597 False True 0.016743399336234376 45.638924571310085 -22.803271469445686 -1.1932479335124413 132.4086395338517 -66.19793406455025
733 567 1728.0 1762 302.2070209979999 7.62 0.038692056072262615 0.001960354242257856 False True 0.016743399336234376 45.638924571310085 -22.803271469445686 -1.1932479335124413 132.4086395338517 -66.19793406455025
733 568 1732.0 1766 302.9066924769999 7.62 0.038692056072262615 0.001960354242257856 False True 0.016743399336234376 45.638924571310085 -22.803271469445686 -1.1932479335124413 132.4086395338517 -66.19793406455025
733 569 1736.0 1770 303.59202063799995 7.62 0.038692056072262615 0.001960354242257856 False True 0.016743399336234376 45.638924571310085 -22.803271469445686 -1.1932479335124413 132.4086395338517 -66.19793406455025
733 570 1740.0 1774 304.28891542799994 7.62 0.038692056072262615 0.03560726935927074 False True 0.016743399336234376 45.638924571310085 -22.803271469445686 -1.1932479335124413 132.4086395338517 -66.19793406455025
733 571 1752.0 1786 304.986996268 7.62 0.038692056072262615 0.0027404938909772266 False True 0.016743399336234376 45.638924571310085 -22.803271469445686 -1.1932479335124413 132.4086395338517 -66.19793406455025
733 572 1756.0 1790 305.684697754 7.62 0.038692056072262615 0.0027404938909772266 False True 0.016743399336234376 45.638924571310085 -22.803271469445686 -1.1932479335124413 132.4086395338517 -66.19793406455025
733 573 1760.0 1794 306.370272234 7.62 0.038692056072262615 0.0027404938909772266 False True 0.016743399336234376 45.638924571310085 -22.803271469445686 -1.1932479335124413 132.4086395338517 -66.19793406455025
733 574 1764.0 1798 307.067952072 7.62 0.038692056072262615 0.0027404938909772266 False True 0.016743399336234376 45.638924571310085 -22.803271469445686 -1.1932479335124413 132.4086395338517 -66.19793406455025
733 575 1768.0 1802 307.76484277500003 7.62 0.038692056072262615 0.0027404938909772266 False True 0.016743399336234376 45.638924571310085 -22.803271469445686 -1.1932479335124413 132.4086395338517 -66.19793406455025
733 576 1772.0 1806 308.46401427000006 7.62 0.038692056072262615 0.0027404938909772266 False True 0.016743399336234376 45.638924571310085 -22.803271469445686 -1.1932479335124413 132.4086395338517 -66.19793406455025
733 577 1776.0 1810 309.1499011520001 7.62 0.038692056072262615 0.0027404938909772266 False True 0.016743399336234376 45.638924571310085 -22.803271469445686 -1.1932479335124413 132.4086395338517 -66.19793406455025
733 578 1780.0 1814 309.8500223960001 7.62 0.038692056072262615 0.0027404938909772266 False True 0.016743399336234376 45.638924571310085 -22.803271469445686 -1.1932479335124413 132.4086395338517 -66.19793406455025
733 579 1784.0 1818 310.5468216560001 7.62 0.038692056072262615 0.0027404938909772266 False True 0.016743399336234376 45.638924571310085 -22.803271469445686 -1.1932479335124413 132.4086395338517 -66.19793406455025
733 580 1788.0 1822 311.2458558210001 7.62 0.038692056072262615 0.0027404938909772266 False True 0.016743399336234376 45.638924571310085 -22.803271469445686 -1.1932479335124413 132.4086395338517 -66.19793406455025
733 581 1792.0 1826 311.94309061100006 7.62 0.038692056072262615 0.0027404938909772266 False True 0.016743399336234376 45.638924571310085 -22.803271469445686 -1.1932479335124413 132.4086395338517 -66.19793406455025
733 582 1796.0 1830 312.6410735360001 7.62 0.038692056072262615 0.0027404938909772266 False True 0.016743399336234376 45.638924571310085 -22.803271469445686 -1.1932479335124413 132.4086395338517 -66.19793406455025
733 583 1800.0 1834 313.33920935500004 7.62 0.038692056072262615 0.0027404938909772266 False True 0.016743399336234376 45.638924571310085 -22.803271469445686 -1.1932479335124413 132.4086395338517 -66.19793406455025
733 584 1804.0 1838 314.036231142 7.62 0.038692056072262615 0.0027404938909772266 False True 0.016743399336234376 45.638924571310085 -22.803271469445686 -1.1932479335124413 132.4086395338517 -66.19793406455025
733 585 1808.0 1842 314.725537959 7.62 0.038692056072262615 0.019764019315390492 False True 0.016743399336234376 45.638924571310085 -22.803271469445686 -1.1932479335124413 132.4086395338517 -66.19793406455025
733 586 1820.0 1854 315.425168186 7.62 0.038692056072262615 0.019764019315390492 False True 0.016743399336234376 45.638924571310085 -22.803271469445686 -1.1932479335124413 132.4086395338517 -66.19793406455025
733 587 1824.0 1858 316.124842104 7.6899999999999995 0.019764019315390492 0.038692056072262615 False True 0.016743399336234376 45.638924571310085 -22.803271469445686 -1.1932479335124413 132.4086395338517 -66.19793406455025
733 588 1828.0 1862 316.83620969099997 7.62 0.038692056072262615 0.019764019315390492 False True 0.016743399336234376 45.638924571310085 -22.803271469445686 -1.1932479335124413 132.4086395338517 -66.19793406455025
733 589 1832.0 1866 317.53824127199994 7.62 0.038692056072262615 0.15084427040153287 False True 0.016743399336234376 45.638924571310085 -22.803271469445686 -1.1932479335124413 132.4086395338517 -66.19793406455025
733 590 1844.0 1878 318.23942737299996 7.62 0.038692056072262615 0.01757005650627392 False True 0.016743399336234376 45.638924571310085 -22.803271469445686 -1.1932479335124413 132.4086395338517 -66.19793406455025
733 591 1848.0 1882 318.94168413999995 7.62 0.038692056072262615 0.01757005650627392 False True 0.016743399336234376 45.638924571310085 -22.803271469445686 -1.1932479335124413 132.4086395338517 -66.19793406455025
733 592 1852.0 1886 319.64416992499997 7.62 0.038692056072262615 0.01757005650627392 False True 0.016743399336234376 45.638924571310085 -22.803271469445686 -1.1932479335124413 132.4086395338517 -66.19793406455025
733 593 1856.0 1890 320.355352821 7.62 0.038692056072262615 0.019764019315390492 False True 0.016743399336234376 45.638924571310085 -22.803271469445686 -1.1932479335124413 132.4086395338517 -66.19793406455025
733 594 1860.0 1894 321.059817009 7.62 0.038692056072262615 0.019764019315390492 False True 0.016743399336234376 45.638924571310085 -22.803271469445686 -1.1932479335124413 132.4086395338517 -66.19793406455025
733 595 1864.0 1898 321.76360426100007 7.62 0.038692056072262615 0.01757005650627392 False True 0.016743399336234376 45.638924571310085 -22.803271469445686 -1.1932479335124413 132.4086395338517 -66.19793406455025
733 596 1868.0 1902 322.47681737000005 7.62 0.038692056072262615 0.01757005650627392 False True 0.016743399336234376 45.638924571310085 -22.803271469445686 -1.1932479335124413 132.4086395338517 -66.19793406455025
733 597 1872.0 1906 323.179809936 7.62 0.038692056072262615 0.01550427794797945 False True 0.016743399336234376 45.638924571310085 -22.803271469445686 -1.1932479335124413 132.4086395338517 -66.19793406455025
733 598 1876.0 1910 323.894977045 7.62 0.038692056072262615 0.01175803099406567 False True 0.016743399336234376 45.638924571310085 -22.803271469445686 -1.1932479335124413 132.4086395338517 -66.19793406455025
733 599 1880.0 1914 324.599726862 7.62 0.038692056072262615 0.01175803099406567 False True 0.016743399336234376 45.638924571310085 -22.803271469445686 -1.1932479335124413 132.4086395338517 -66.19793406455025
733 600 1884.0 1918 325.30443789400005 7.62 0.038692056072262615 0.003649978061349218 False True 0.016743399336234376 45.638924571310085 -22.803271469445686 -1.1932479335124413 132.4086395338517 -66.19793406455025
733 601 1888.0 1922 326.01860281200004 7.62 0.038692056072262615 0.005811359655352096 False True 0.016743399336234376 45.638924571310085 -22.803271469445686 -1.1932479335124413 132.4086395338517 -66.19793406455025
733 602 1892.0 1926 326.724219327 7.62 0.038692056072262615 0.005811359655352096 False True 0.016743399336234376 45.638924571310085 -22.803271469445686 -1.1932479335124413 132.4086395338517 -66.19793406455025
733 603 1896.0 1930 327.43867734900005 7.62 0.038692056072262615 0.2514192199667593 True False 0.016743399336234376 45.638924571310085 -22.803271469445686 -1.1932479335124413 132.4086395338517 -66.19793406455025
733 604 1896.0 1931 327.8590292040001 7.62 0.038692056072262615 0.12612277351581905 True False 0.016743399336234376 45.638924571310085 -22.803271469445686 -1.1932479335124413 132.4086395338517 -66.19793406455025
733 605 1896.0 1931 328.28240790700005 7.62 0.038692056072262615 0.12231047625485726 True False 0.016743399336234376 45.638924571310085 -22.803271469445686 -1.1932479335124413 132.4086395338517 -66.19793406455025
733 606 1896.0 1931 328.70146367300003 7.62 0.038692056072262615 0.09490134433263621 True False 0.016743399336234376 45.638924571310085 -22.803271469445686 -1.1932479335124413 132.4086395338517 -66.19793406455025
733 607 1896.0 1931 329.12284092600004 7.62 0.038692056072262615 0.0808513631948883 True False 0.016743399336234376 45.638924571310085 -22.803271469445686 -1.1932479335124413 132.4086395338517 -66.19793406455025
733 608 1896.0 1931 329.542722407 7.62 0.038692056072262615 0.06788560050297264 True False 0.016743399336234376 45.638924571310085 -22.803271469445686 -1.1932479335124413 132.4086395338517 -66.19793406455025
733 609 1896.0 1931 329.979240704 7.62 0.038692056072262615 0.019764019315390492 False True 0.016743399336234376 45.638924571310085 -22.803271469445686 -1.1932479335124413 132.4086395338517 -66.19793406455025
733 610 1900.0 1935 330.695328126 7.62 0.038692056072262615 0.001960354242257856 False True 0.016743399336234376 45.638924571310085 -22.803271469445686 -1.1932479335124413 132.4086395338517 -66.19793406455025
733 611 1904.0 1939 331.399017237 7.62 0.038692056072262615 0.003649978061349218 False True 0.016743399336234376 45.638924571310085 -22.803271469445686 -1.1932479335124413 132.4086395338517 -66.19793406455025
733 612 1908.0 1943 332.118839594 7.62 0.038692056072262615 0.003649978061349218 False True 0.016743399336234376 45.638924571310085 -22.803271469445686 -1.1932479335124413 132.4086395338517 -66.19793406455025
733 613 1912.0 1947 332.82186925400003 7.62 0.038692056072262615 0.003649978061349218 False True 0.016743399336234376 45.638924571310085 -22.803271469445686 -1.1932479335124413 132.4086395338517 -66.19793406455025
733 614 1916.0 1951 333.536668887 7.62 0.038692056072262615 0.003649978061349218 False True 0.016743399336234376 45.638924571310085 -22.803271469445686 -1.1932479335124413 132.4086395338517 -66.19793406455025
733 615 1920.0 1955 334.23862115800006 7.62 0.038692056072262615 0.003649978061349218 False True 0.016743399336234376 45.638924571310085 -22.803271469445686 -1.1932479335124413 132.4086395338517 -66.19793406455025
733 616 1924.0 1959 334.94035497600004 7.62 0.038692056072262615 0.003649978061349218 False True 0.016743399336234376 45.638924571310085 -22.803271469445686 -1.1932479335124413 132.4086395338517 -66.19793406455025
733 617 1928.0 1963 335.62275763700006 7.94 0.003649978061349218 0.038692056072262615 False True 0.016743399336234376 45.638924571310085 -22.803271469445686 -1.1932479335124413 132.4086395338517 -66.19793406455025
733 618 1932.0 1967 336.36027540300006 7.62 0.038692056072262615 0.003649978061349218 False True 0.016743399336234376 45.638924571310085 -22.803271469445686 -1.1932479335124413 132.4086395338517 -66.19793406455025
733 619 1936.0 1971 337.04438544400006 7.62 0.038692056072262615 0.003649978061349218 False True 0.016743399336234376 45.638924571310085 -22.803271469445686 -1.1932479335124413 132.4086395338517 -66.19793406455025
733 620 1940.0 1975 337.74134953800007 7.94 0.003649978061349218 0.038692056072262615 False True 0.016743399336234376 45.638924571310085 -22.803271469445686 -1.1932479335124413 132.4086395338517 -66.19793406455025
733 621 1944.0 1979 338.426025684 7.94 0.003649978061349218 0.038692056072262615 False True 0.016743399336234376 45.638924571310085 -22.803271469445686 -1.1932479335124413 132.4086395338517 -66.19793406455025
733 622 1948.0 1983 339.125197537 7.94 0.003649978061349218 0.038692056072262615 False True 0.016743399336234376 45.638924571310085 -22.803271469445686 -1.1932479335124413 132.4086395338517 -66.19793406455025
733 623 1952.0 1987 339.82036444700003 7.94 0.003649978061349218 0.2312286145859311 False True 0.016743399336234376 45.638924571310085 -22.803271469445686 -1.1932479335124413 132.4086395338517 -66.19793406455025
733 624 1964.0 1999 340.506992324 7.94 0.003649978061349218 0.29648830482861005 False True 0.016743399336234376 45.638924571310085 -22.803271469445686 -1.1932479335124413 132.4086395338517 -66.19793406455025
