macrorep i x y cond_mean cei lf hf maxcei x_star lf_next hf_next
0.000000000000000000e+00 6.600000000000000000e+01 1.000000000000000021e-02 0.000000000000000000e+00 -5.039637254753603912e-02 3.561646418347776185e-13 0.000000000000000000e+00 0.000000000000000000e+00 1.320000000000000000e+02 0.000000000000000000e+00 1.000000000000000000e+00 0.000000000000000000e+00
0.000000000000000000e+00 6.600000000000000000e+01 2.000000000000000042e-02 0.000000000000000000e+00 -5.671082566656721752e-02 6.968599122472800519e-09 0.000000000000000000e+00 0.000000000000000000e+00 1.320000000000000000e+02 0.000000000000000000e+00 1.000000000000000000e+00 0.000000000000000000e+00
0.000000000000000000e+00 6.600000000000000000e+01 2.999999999999999889e-02 0.000000000000000000e+00 -6.303011368380107005e-02 4.607806479702056116e-07 0.000000000000000000e+00 0.000000000000000000e+00 1.320000000000000000e+02 0.000000000000000000e+00 1.000000000000000000e+00 0.000000000000000000e+00
0.000000000000000000e+00 6.600000000000000000e+01 4.000000000000000083e-02 0.000000000000000000e+00 -6.935665636245663679e-02 4.851314918785748997e-06 0.000000000000000000e+00 0.000000000000000000e+00 1.320000000000000000e+02 0.000000000000000000e+00 1.000000000000000000e+00 0.000000000000000000e+00
0.000000000000000000e+00 6.600000000000000000e+01 5.000000000000000278e-02 0.000000000000000000e+00 -7.569287624368659095e-02 2.224096828245733775e-05 0.000000000000000000e+00 0.000000000000000000e+00 1.320000000000000000e+02 0.000000000000000000e+00 1.000000000000000000e+00 0.000000000000000000e+00
0.000000000000000000e+00 6.600000000000000000e+01 6.000000000000000472e-02 0.000000000000000000e+00 -8.204119957420963338e-02 6.501795871917360678e-05 0.000000000000000000e+00 0.000000000000000000e+00 1.320000000000000000e+02 0.000000000000000000e+00 1.000000000000000000e+00 0.000000000000000000e+00
0.000000000000000000e+00 6.600000000000000000e+01 6.999999999999999278e-02 0.000000000000000000e+00 -8.840405723536171045e-02 1.447234702036880819e-04 0.000000000000000000e+00 0.000000000000000000e+00 1.320000000000000000e+02 0.000000000000000000e+00 1.000000000000000000e+00 0.000000000000000000e+00
0.000000000000000000e+00 6.600000000000000000e+01 8.000000000000000167e-02 0.000000000000000000e+00 -9.478388567392204145e-02 2.694820048859741454e-04 0.000000000000000000e+00 0.000000000000000000e+00 1.320000000000000000e+02 0.000000000000000000e+00 1.000000000000000000e+00 0.000000000000000000e+00
0.000000000000000000e+00 6.600000000000000000e+01 8.999999999999999667e-02 0.000000000000000000e+00 -1.011831278350700802e-01 4.433743824870132674e-04 0.000000000000000000e+00 0.000000000000000000e+00 1.320000000000000000e+02 0.000000000000000000e+00 1.000000000000000000e+00 0.000000000000000000e+00
0.000000000000000000e+00 6.600000000000000000e+01 9.999999999999999167e-02 0.000000000000000000e+00 -1.076042340978309308e-01 6.669064415019852407e-04 0.000000000000000000e+00 0.000000000000000000e+00 1.320000000000000000e+02 0.000000000000000000e+00 1.000000000000000000e+00 0.000000000000000000e+00
0.000000000000000000e+00 6.600000000000000000e+01 1.100000000000000006e-01 0.000000000000000000e+00 -1.140496632133673749e-01 9.378558556316796829e-04 0.000000000000000000e+00 0.000000000000000000e+00 1.320000000000000000e+02 0.000000000000000000e+00 1.000000000000000000e+00 0.000000000000000000e+00
0.000000000000000000e+00 6.600000000000000000e+01 1.199999999999999956e-01 0.000000000000000000e+00 -1.205218832464775292e-01 1.252120297360862292e-03 0.000000000000000000e+00 0.000000000000000000e+00 1.320000000000000000e+02 0.000000000000000000e+00 1.000000000000000000e+00 0.000000000000000000e+00
0.000000000000000000e+00 6.600000000000000000e+01 1.300000000000000044e-01 0.000000000000000000e+00 -1.270233725206590392e-01 1.604422046887913136e-03 0.000000000000000000e+00 0.000000000000000000e+00 1.320000000000000000e+02 0.000000000000000000e+00 1.000000000000000000e+00 0.000000000000000000e+00
0.000000000000000000e+00 6.600000000000000000e+01 1.400000000000000133e-01 0.000000000000000000e+00 -1.335566205671014639e-01 1.988840167832791467e-03 0.000000000000000000e+00 0.000000000000000000e+00 1.320000000000000000e+02 0.000000000000000000e+00 1.000000000000000000e+00 0.000000000000000000e+00
0.000000000000000000e+00 6.600000000000000000e+01 1.500000000000000222e-01 0.000000000000000000e+00 -1.401241290779701720e-01 2.399188349065949771e-03 0.000000000000000000e+00 0.000000000000000000e+00 1.320000000000000000e+02 0.000000000000000000e+00 1.000000000000000000e+00 0.000000000000000000e+00
0.000000000000000000e+00 6.600000000000000000e+01 1.600000000000000033e-01 0.000000000000000000e+00 -1.467284128643470409e-01 2.829269996601442572e-03 0.000000000000000000e+00 0.000000000000000000e+00 1.320000000000000000e+02 0.000000000000000000e+00 1.000000000000000000e+00 0.000000000000000000e+00
0.000000000000000000e+00 6.600000000000000000e+01 1.700000000000000122e-01 0.000000000000000000e+00 -1.533720008191944983e-01 3.273041667584093012e-03 0.000000000000000000e+00 0.000000000000000000e+00 1.320000000000000000e+02 0.000000000000000000e+00 1.000000000000000000e+00 0.000000000000000000e+00
0.000000000000000000e+00 6.600000000000000000e+01 1.800000000000000211e-01 0.000000000000000000e+00 -1.600574368857117513e-01 3.724710751968649675e-03 0.000000000000000000e+00 0.000000000000000000e+00 1.320000000000000000e+02 0.000000000000000000e+00 1.000000000000000000e+00 0.000000000000000000e+00
0.000000000000000000e+00 6.600000000000000000e+01 1.900000000000000022e-01 0.000000000000000000e+00 -1.667872810314541820e-01 4.178787379873077218e-03 0.000000000000000000e+00 0.000000000000000000e+00 1.320000000000000000e+02 0.000000000000000000e+00 1.000000000000000000e+00 0.000000000000000000e+00
0.000000000000000000e+00 6.600000000000000000e+01 2.000000000000000111e-01 0.000000000000000000e+00 -1.735641102285884474e-01 4.630105314636256963e-03 0.000000000000000000e+00 0.000000000000000000e+00 1.320000000000000000e+02 0.000000000000000000e+00 1.000000000000000000e+00 0.000000000000000000e+00
0.000000000000000000e+00 6.600000000000000000e+01 2.100000000000000200e-01 0.000000000000000000e+00 -1.803905194406592027e-01 5.073822452373193126e-03 0.000000000000000000e+00 0.000000000000000000e+00 1.320000000000000000e+02 0.000000000000000000e+00 1.000000000000000000e+00 0.000000000000000000e+00
0.000000000000000000e+00 6.600000000000000000e+01 2.200000000000000011e-01 0.000000000000000000e+00 -1.872691226162448708e-01 5.505408437534099059e-03 0.000000000000000000e+00 0.000000000000000000e+00 1.320000000000000000e+02 0.000000000000000000e+00 1.000000000000000000e+00 0.000000000000000000e+00
0.000000000000000000e+00 6.600000000000000000e+01 2.300000000000000100e-01 0.000000000000000000e+00 -1.942025536898832061e-01 5.920624639655373139e-03 0.000000000000000000e+00 0.000000000000000000e+00 1.320000000000000000e+02 0.000000000000000000e+00 1.000000000000000000e+00 0.000000000000000000e+00
0.000000000000000000e+00 6.600000000000000000e+01 2.400000000000000189e-01 0.000000000000000000e+00 -2.011934675906497660e-01 6.315500124862798853e-03 0.000000000000000000e+00 0.000000000000000000e+00 1.320000000000000000e+02 0.000000000000000000e+00 1.000000000000000000e+00 0.000000000000000000e+00
0.000000000000000000e+00 6.600000000000000000e+01 2.500000000000000000e-01 0.000000000000000000e+00 -2.082445412587755618e-01 6.686306129836325218e-03 0.000000000000000000e+00 0.000000000000000000e+00 1.320000000000000000e+02 0.000000000000000000e+00 1.000000000000000000e+00 0.000000000000000000e+00
0.000000000000000000e+00 6.600000000000000000e+01 2.600000000000000089e-01 0.000000000000000000e+00 -2.153584746706930231e-01 7.029530775357881178e-03 0.000000000000000000e+00 0.000000000000000000e+00 1.320000000000000000e+02 0.000000000000000000e+00 1.000000000000000000e+00 0.000000000000000000e+00
0.000000000000000000e+00 6.600000000000000000e+01 2.700000000000000178e-01 0.000000000000000000e+00 -2.225379918729032958e-01 7.341855244364946242e-03 0.000000000000000000e+00 0.000000000000000000e+00 1.320000000000000000e+02 0.000000000000000000e+00 1.000000000000000000e+00 0.000000000000000000e+00
0.000000000000000000e+00 6.600000000000000000e+01 2.800000000000000266e-01 0.000000000000000000e+00 -2.297858420250598610e-01 7.620132326298857672e-03 0.000000000000000000e+00 0.000000000000000000e+00 1.320000000000000000e+02 0.000000000000000000e+00 1.000000000000000000e+00 0.000000000000000000e+00
0.000000000000000000e+00 6.600000000000000000e+01 2.900000000000000355e-01 0.000000000000000000e+00 -2.371048004526690456e-01 7.861368047580190310e-03 0.000000000000000000e+00 0.000000000000000000e+00 1.320000000000000000e+02 0.000000000000000000e+00 1.000000000000000000e+00 0.000000000000000000e+00
0.000000000000000000e+00 6.600000000000000000e+01 2.999999999999999889e-01 0.000000000000000000e+00 -2.444976697098091012e-01 8.062707035798893918e-03 0.000000000000000000e+00 0.000000000000000000e+00 1.320000000000000000e+02 0.000000000000000000e+00 1.000000000000000000e+00 0.000000000000000000e+00
0.000000000000000000e+00 6.600000000000000000e+01 3.099999999999999978e-01 0.000000000000000000e+00 -2.519672806522761377e-01 8.221422283940744979e-03 0.000000000000000000e+00 0.000000000000000000e+00 1.320000000000000000e+02 0.000000000000000000e+00 1.000000000000000000e+00 0.000000000000000000e+00
0.000000000000000000e+00 6.600000000000000000e+01 3.200000000000000067e-01 0.000000000000000000e+00 -2.595164935215673596e-01 8.334910082242241725e-03 0.000000000000000000e+00 0.000000000000000000e+00 1.320000000000000000e+02 0.000000000000000000e+00 1.000000000000000000e+00 0.000000000000000000e+00
0.000000000000000000e+00 6.600000000000000000e+01 3.300000000000000155e-01 0.000000000000000000e+00 -2.671481990401160522e-01 8.400691069565528746e-03 0.000000000000000000e+00 0.000000000000000000e+00 1.320000000000000000e+02 0.000000000000000000e+00 1.000000000000000000e+00 0.000000000000000000e+00
0.000000000000000000e+00 6.600000000000000000e+01 3.400000000000000244e-01 0.000000000000000000e+00 -2.748653195181986475e-01 8.416418632563892055e-03 0.000000000000000000e+00 0.000000000000000000e+00 1.320000000000000000e+02 0.000000000000000000e+00 1.000000000000000000e+00 0.000000000000000000e+00
0.000000000000000000e+00 6.600000000000000000e+01 3.500000000000000333e-01 0.000000000000000000e+00 -2.826708099729370316e-01 8.379896267511045826e-03 0.000000000000000000e+00 0.000000000000000000e+00 1.320000000000000000e+02 0.000000000000000000e+00 1.000000000000000000e+00 0.000000000000000000e+00
0.000000000000000000e+00 6.600000000000000000e+01 3.600000000000000422e-01 0.000000000000000000e+00 -2.905676592598252506e-01 8.289106045170371861e-03 0.000000000000000000e+00 0.000000000000000000e+00 1.320000000000000000e+02 0.000000000000000000e+00 1.000000000000000000e+00 0.000000000000000000e+00
0.000000000000000000e+00 6.600000000000000000e+01 3.699999999999999956e-01 0.000000000000000000e+00 -2.985588912172132403e-01 8.142251025112380580e-03 0.000000000000000000e+00 0.000000000000000000e+00 1.320000000000000000e+02 0.000000000000000000e+00 1.000000000000000000e+00 0.000000000000000000e+00
0.000000000000000000e+00 6.600000000000000000e+01 3.800000000000000044e-01 0.000000000000000000e+00 -3.066475658241861191e-01 7.937815410366449997e-03 0.000000000000000000e+00 0.000000000000000000e+00 1.320000000000000000e+02 0.000000000000000000e+00 1.000000000000000000e+00 0.000000000000000000e+00
0.000000000000000000e+00 6.600000000000000000e+01 3.900000000000000133e-01 0.000000000000000000e+00 -3.148367803722822988e-01 7.674647494545272508e-03 0.000000000000000000e+00 0.000000000000000000e+00 1.320000000000000000e+02 0.000000000000000000e+00 1.000000000000000000e+00 0.000000000000000000e+00
0.000000000000000000e+00 6.600000000000000000e+01 4.000000000000000222e-01 0.000000000000000000e+00 -3.231296706514992234e-01 7.352072134374339207e-03 0.000000000000000000e+00 0.000000000000000000e+00 1.320000000000000000e+02 0.000000000000000000e+00 1.000000000000000000e+00 0.000000000000000000e+00
0.000000000000000000e+00 6.600000000000000000e+01 4.100000000000000311e-01 0.000000000000000000e+00 -3.315294121510413139e-01 6.970041709667001983e-03 0.000000000000000000e+00 0.000000000000000000e+00 1.320000000000000000e+02 0.000000000000000000e+00 1.000000000000000000e+00 0.000000000000000000e+00
0.000000000000000000e+00 6.600000000000000000e+01 4.200000000000000400e-01 0.000000000000000000e+00 -3.400392212752683108e-01 6.529337457779543080e-03 0.000000000000000000e+00 0.000000000000000000e+00 1.320000000000000000e+02 0.000000000000000000e+00 1.000000000000000000e+00 0.000000000000000000e+00
0.000000000000000000e+00 6.600000000000000000e+01 4.299999999999999933e-01 0.000000000000000000e+00 -3.486623565753118603e-01 6.031836825470534430e-03 0.000000000000000000e+00 0.000000000000000000e+00 1.320000000000000000e+02 0.000000000000000000e+00 1.000000000000000000e+00 0.000000000000000000e+00
0.000000000000000000e+00 6.600000000000000000e+01 4.400000000000000022e-01 0.000000000000000000e+00 -3.574021199968302476e-01 5.480867097615339800e-03 0.000000000000000000e+00 0.000000000000000000e+00 1.320000000000000000e+02 0.000000000000000000e+00 1.000000000000000000e+00 0.000000000000000000e+00
0.000000000000000000e+00 6.600000000000000000e+01 4.500000000000000111e-01 0.000000000000000000e+00 -3.662618581443796151e-01 4.881670721222558518e-03 0.000000000000000000e+00 0.000000000000000000e+00 1.320000000000000000e+02 0.000000000000000000e+00 1.000000000000000000e+00 0.000000000000000000e+00
0.000000000000000000e+00 6.600000000000000000e+01 4.600000000000000200e-01 0.000000000000000000e+00 -3.752449635628861135e-01 4.242012174016828591e-03 0.000000000000000000e+00 0.000000000000000000e+00 1.320000000000000000e+02 0.000000000000000000e+00 1.000000000000000000e+00 0.000000000000000000e+00
0.000000000000000000e+00 6.600000000000000000e+01 4.700000000000000289e-01 0.000000000000000000e+00 -3.843548760367092032e-01 3.572956229944510009e-03 0.000000000000000000e+00 0.000000000000000000e+00 1.320000000000000000e+02 0.000000000000000000e+00 1.000000000000000000e+00 0.000000000000000000e+00
0.000000000000000000e+00 6.600000000000000000e+01 4.800000000000000377e-01 0.000000000000000000e+00 -3.935950839067938190e-01 2.889833339277298602e-03 0.000000000000000000e+00 0.000000000000000000e+00 1.320000000000000000e+02 0.000000000000000000e+00 1.000000000000000000e+00 0.000000000000000000e+00
0.000000000000000000e+00 6.600000000000000000e+01 4.899999999999999911e-01 0.000000000000000000e+00 -4.029691254064151629e-01 2.213355188865673284e-03 0.000000000000000000e+00 0.000000000000000000e+00 1.320000000000000000e+02 0.000000000000000000e+00 1.000000000000000000e+00 0.000000000000000000e+00
0.000000000000000000e+00 6.600000000000000000e+01 5.000000000000000000e-01 0.000000000000000000e+00 -4.124805900160297689e-01 1.570692611980960968e-03 0.000000000000000000e+00 0.000000000000000000e+00 1.320000000000000000e+02 0.000000000000000000e+00 1.000000000000000000e+00 0.000000000000000000e+00
0.000000000000000000e+00 6.600000000000000000e+01 5.100000000000000089e-01 0.000000000000000000e+00 -4.221331198377473171e-01 9.959367477844647751e-04 0.000000000000000000e+00 0.000000000000000000e+00 1.320000000000000000e+02 0.000000000000000000e+00 1.000000000000000000e+00 0.000000000000000000e+00
0.000000000000000000e+00 6.600000000000000000e+01 5.200000000000000178e-01 0.000000000000000000e+00 -4.319304109899548827e-01 5.284186286643446570e-04 0.000000000000000000e+00 0.000000000000000000e+00 1.320000000000000000e+02 0.000000000000000000e+00 1.000000000000000000e+00 0.000000000000000000e+00
0.000000000000000000e+00 6.600000000000000000e+01 5.300000000000000266e-01 0.000000000000000000e+00 -4.418762150226233087e-01 2.053344850220526277e-04 0.000000000000000000e+00 0.000000000000000000e+00 1.320000000000000000e+02 0.000000000000000000e+00 1.000000000000000000e+00 0.000000000000000000e+00
0.000000000000000000e+00 6.600000000000000000e+01 5.400000000000000355e-01 0.000000000000000000e+00 -4.519743403538394877e-01 4.231960579738000550e-05 0.000000000000000000e+00 0.000000000000000000e+00 1.320000000000000000e+02 0.000000000000000000e+00 1.000000000000000000e+00 0.000000000000000000e+00
0.000000000000000000e+00 6.600000000000000000e+01 5.500000000000000444e-01 0.000000000000000000e+00 -4.622286537281150576e-01 1.604321602170760409e-06 0.000000000000000000e+00 0.000000000000000000e+00 1.320000000000000000e+02 0.000000000000000000e+00 1.000000000000000000e+00 0.000000000000000000e+00
0.000000000000000000e+00 6.600000000000000000e+01 5.600000000000000533e-01 0.000000000000000000e+00 -4.726430816970286219e-01 9.135778105488391213e-12 1.000000000000000000e+00 1.000000000000000000e+00 1.320000000000000000e+02 0.000000000000000000e+00 1.000000000000000000e+00 0.000000000000000000e+00
0.000000000000000000e+00 6.600000000000000000e+01 5.700000000000000622e-01 0.000000000000000000e+00 -4.796283240316261409e-01 2.304058015594177041e-06 0.000000000000000000e+00 0.000000000000000000e+00 1.320000000000000000e+02 0.000000000000000000e+00 1.000000000000000000e+00 0.000000000000000000e+00
0.000000000000000000e+00 6.600000000000000000e+01 5.800000000000000711e-01 0.000000000000000000e+00 -4.867803435915423194e-01 6.863160331437229752e-05 0.000000000000000000e+00 0.000000000000000000e+00 1.320000000000000000e+02 0.000000000000000000e+00 1.000000000000000000e+00 0.000000000000000000e+00
0.000000000000000000e+00 6.600000000000000000e+01 5.899999999999999689e-01 0.000000000000000000e+00 -4.941018790071142197e-01 3.594978474717467135e-04 0.000000000000000000e+00 0.000000000000000000e+00 1.320000000000000000e+02 0.000000000000000000e+00 1.000000000000000000e+00 0.000000000000000000e+00
0.000000000000000000e+00 6.600000000000000000e+01 5.999999999999999778e-01 0.000000000000000000e+00 -5.015957338191926462e-01 9.821192995343201379e-04 0.000000000000000000e+00 0.000000000000000000e+00 1.320000000000000000e+02 0.000000000000000000e+00 1.000000000000000000e+00 0.000000000000000000e+00
0.000000000000000000e+00 6.600000000000000000e+01 6.099999999999999867e-01 0.000000000000000000e+00 -5.092647775526664145e-01 1.948837218228464951e-03 0.000000000000000000e+00 0.000000000000000000e+00 1.320000000000000000e+02 0.000000000000000000e+00 1.000000000000000000e+00 0.000000000000000000e+00
0.000000000000000000e+00 6.600000000000000000e+01 6.199999999999999956e-01 0.000000000000000000e+00 -5.171119468152514109e-01 3.220662195000261602e-03 0.000000000000000000e+00 0.000000000000000000e+00 1.320000000000000000e+02 0.000000000000000000e+00 1.000000000000000000e+00 0.000000000000000000e+00
0.000000000000000000e+00 6.600000000000000000e+01 6.300000000000000044e-01 0.000000000000000000e+00 -5.251402464219685484e-01 4.741841978850185046e-03 0.000000000000000000e+00 0.000000000000000000e+00 1.320000000000000000e+02 0.000000000000000000e+00 1.000000000000000000e+00 0.000000000000000000e+00
0.000000000000000000e+00 6.600000000000000000e+01 6.400000000000000133e-01 0.000000000000000000e+00 -5.333527505457381634e-01 6.456374948493329852e-03 0.000000000000000000e+00 0.000000000000000000e+00 1.320000000000000000e+02 0.000000000000000000e+00 1.000000000000000000e+00 0.000000000000000000e+00
0.000000000000000000e+00 6.600000000000000000e+01 6.500000000000000222e-01 0.000000000000000000e+00 -5.417526038945340572e-01 8.314232337270383022e-03 0.000000000000000000e+00 0.000000000000000000e+00 1.320000000000000000e+02 0.000000000000000000e+00 1.000000000000000000e+00 0.000000000000000000e+00
0.000000000000000000e+00 6.600000000000000000e+01 6.600000000000000311e-01 0.000000000000000000e+00 -5.503430229155449327e-01 1.027290303640505248e-02 0.000000000000000000e+00 0.000000000000000000e+00 1.320000000000000000e+02 0.000000000000000000e+00 1.000000000000000000e+00 0.000000000000000000e+00
0.000000000000000000e+00 6.600000000000000000e+01 6.700000000000000400e-01 0.000000000000000000e+00 -5.591272970268075237e-01 1.229705589986038183e-02 0.000000000000000000e+00 0.000000000000000000e+00 1.320000000000000000e+02 0.000000000000000000e+00 1.000000000000000000e+00 0.000000000000000000e+00
0.000000000000000000e+00 6.600000000000000000e+01 6.800000000000000488e-01 0.000000000000000000e+00 -5.681087898767807065e-01 1.435756519935720704e-02 0.000000000000000000e+00 0.000000000000000000e+00 1.320000000000000000e+02 0.000000000000000000e+00 1.000000000000000000e+00 0.000000000000000000e+00
0.000000000000000000e+00 6.600000000000000000e+01 6.900000000000000577e-01 0.000000000000000000e+00 -5.772909406323438741e-01 1.643041866555464831e-02 0.000000000000000000e+00 0.000000000000000000e+00 1.320000000000000000e+02 0.000000000000000000e+00 1.000000000000000000e+00 0.000000000000000000e+00
0.000000000000000000e+00 6.600000000000000000e+01 7.000000000000000666e-01 0.000000000000000000e+00 -5.866772652957126244e-01 1.849570562807716784e-02 0.000000000000000000e+00 0.000000000000000000e+00 1.320000000000000000e+02 0.000000000000000000e+00 1.000000000000000000e+00 0.000000000000000000e+00
0.000000000000000000e+00 6.600000000000000000e+01 7.100000000000000755e-01 0.000000000000000000e+00 -5.962713580507760236e-01 2.053674504665865125e-02 0.000000000000000000e+00 0.000000000000000000e+00 1.320000000000000000e+02 0.000000000000000000e+00 1.000000000000000000e+00 0.000000000000000000e+00
0.000000000000000000e+00 6.600000000000000000e+01 7.199999999999999734e-01 0.000000000000000000e+00 -6.060768926393710343e-01 2.253935716580959120e-02 0.000000000000000000e+00 0.000000000000000000e+00 1.320000000000000000e+02 0.000000000000000000e+00 1.000000000000000000e+00 0.000000000000000000e+00
0.000000000000000000e+00 6.600000000000000000e+01 7.299999999999999822e-01 0.000000000000000000e+00 -6.160976237680209078e-01 2.449126200699046352e-02 0.000000000000000000e+00 0.000000000000000000e+00 1.320000000000000000e+02 0.000000000000000000e+00 1.000000000000000000e+00 0.000000000000000000e+00
0.000000000000000000e+00 6.600000000000000000e+01 7.399999999999999911e-01 0.000000000000000000e+00 -6.263373885456764434e-01 2.638158241810034665e-02 0.000000000000000000e+00 0.000000000000000000e+00 1.320000000000000000e+02 0.000000000000000000e+00 1.000000000000000000e+00 0.000000000000000000e+00
0.000000000000000000e+00 6.600000000000000000e+01 7.500000000000000000e-01 0.000000000000000000e+00 -6.368001079530103414e-01 2.820042986343473945e-02 0.000000000000000000e+00 0.000000000000000000e+00 1.320000000000000000e+02 0.000000000000000000e+00 1.000000000000000000e+00 0.000000000000000000e+00
0.000000000000000000e+00 6.600000000000000000e+01 7.600000000000000089e-01 0.000000000000000000e+00 -6.474897883438273105e-01 2.993855360400730914e-02 0.000000000000000000e+00 0.000000000000000000e+00 1.320000000000000000e+02 0.000000000000000000e+00 1.000000000000000000e+00 0.000000000000000000e+00
0.000000000000000000e+00 6.600000000000000000e+01 7.700000000000000178e-01 0.000000000000000000e+00 -6.584105229791661351e-01 3.158703671449418493e-02 0.000000000000000000e+00 0.000000000000000000e+00 1.320000000000000000e+02 0.000000000000000000e+00 1.000000000000000000e+00 0.000000000000000000e+00
0.000000000000000000e+00 6.600000000000000000e+01 7.800000000000000266e-01 0.000000000000000000e+00 -6.695664935946785690e-01 3.313702484342169463e-02 0.000000000000000000e+00 0.000000000000000000e+00 1.320000000000000000e+02 0.000000000000000000e+00 1.000000000000000000e+00 0.000000000000000000e+00
0.000000000000000000e+00 6.600000000000000000e+01 7.900000000000000355e-01 0.000000000000000000e+00 -6.809619720018875721e-01 3.457947551494050531e-02 0.000000000000000000e+00 0.000000000000000000e+00 1.320000000000000000e+02 0.000000000000000000e+00 1.000000000000000000e+00 0.000000000000000000e+00
0.000000000000000000e+00 6.600000000000000000e+01 8.000000000000000444e-01 0.000000000000000000e+00 -6.926013217239362918e-01 3.590491703241527333e-02 0.000000000000000000e+00 0.000000000000000000e+00 1.320000000000000000e+02 0.000000000000000000e+00 1.000000000000000000e+00 0.000000000000000000e+00
0.000000000000000000e+00 6.600000000000000000e+01 8.100000000000000533e-01 0.000000000000000000e+00 -7.044889996664565057e-01 3.710320666615482543e-02 0.000000000000000000e+00 0.000000000000000000e+00 1.320000000000000000e+02 0.000000000000000000e+00 1.000000000000000000e+00 0.000000000000000000e+00
0.000000000000000000e+00 6.600000000000000000e+01 8.200000000000000622e-01 0.000000000000000000e+00 -7.166295578241925757e-01 3.816327777381074704e-02 0.000000000000000000e+00 0.000000000000000000e+00 1.320000000000000000e+02 0.000000000000000000e+00 1.000000000000000000e+00 0.000000000000000000e+00
0.000000000000000000e+00 6.600000000000000000e+01 8.300000000000000711e-01 0.000000000000000000e+00 -7.290276450240392725e-01 3.907286475857361940e-02 0.000000000000000000e+00 0.000000000000000000e+00 1.320000000000000000e+02 0.000000000000000000e+00 1.000000000000000000e+00 0.000000000000000000e+00
0.000000000000000000e+00 6.600000000000000000e+01 8.400000000000000799e-01 0.000000000000000000e+00 -7.416880087051558323e-01 3.981819320236534843e-02 0.000000000000000000e+00 0.000000000000000000e+00 1.320000000000000000e+02 0.000000000000000000e+00 1.000000000000000000e+00 0.000000000000000000e+00
0.000000000000000000e+00 6.600000000000000000e+01 8.499999999999999778e-01 0.000000000000000000e+00 -7.546154967368419175e-01 4.038361991647196336e-02 0.000000000000000000e+00 0.000000000000000000e+00 1.320000000000000000e+02 0.000000000000000000e+00 1.000000000000000000e+00 0.000000000000000000e+00
0.000000000000000000e+00 6.600000000000000000e+01 8.599999999999999867e-01 0.000000000000000000e+00 -7.678150592748698156e-01 4.075120370486573496e-02 0.000000000000000000e+00 0.000000000000000000e+00 1.320000000000000000e+02 0.000000000000000000e+00 1.000000000000000000e+00 0.000000000000000000e+00
0.000000000000000000e+00 6.600000000000000000e+01 8.699999999999999956e-01 0.000000000000000000e+00 -7.812917506569827530e-01 4.090018183454839640e-02 0.000000000000000000e+00 0.000000000000000000e+00 1.320000000000000000e+02 0.000000000000000000e+00 1.000000000000000000e+00 0.000000000000000000e+00
0.000000000000000000e+00 6.600000000000000000e+01 8.800000000000000044e-01 0.000000000000000000e+00 -7.950507313382874086e-01 4.080631880153283431e-02 0.000000000000000000e+00 0.000000000000000000e+00 1.320000000000000000e+02 0.000000000000000000e+00 1.000000000000000000e+00 0.000000000000000000e+00
0.000000000000000000e+00 6.600000000000000000e+01 8.900000000000000133e-01 0.000000000000000000e+00 -8.090972698672808106e-01 4.044108187573651481e-02 0.000000000000000000e+00 0.000000000000000000e+00 1.320000000000000000e+02 0.000000000000000000e+00 1.000000000000000000e+00 0.000000000000000000e+00
0.000000000000000000e+00 6.600000000000000000e+01 9.000000000000000222e-01 0.000000000000000000e+00 -8.234367449032667929e-01 3.977058058346231995e-02 0.000000000000000000e+00 0.000000000000000000e+00 1.320000000000000000e+02 0.000000000000000000e+00 1.000000000000000000e+00 0.000000000000000000e+00
0.000000000000000000e+00 6.600000000000000000e+01 9.100000000000000311e-01 0.000000000000000000e+00 -8.380746472759363908e-01 3.875418287426531105e-02 0.000000000000000000e+00 0.000000000000000000e+00 1.320000000000000000e+02 0.000000000000000000e+00 1.000000000000000000e+00 0.000000000000000000e+00
0.000000000000000000e+00 6.600000000000000000e+01 9.200000000000000400e-01 0.000000000000000000e+00 -8.530165820879007654e-01 3.734268776961295611e-02 0.000000000000000000e+00 0.000000000000000000e+00 1.320000000000000000e+02 0.000000000000000000e+00 1.000000000000000000e+00 0.000000000000000000e+00
0.000000000000000000e+00 6.600000000000000000e+01 9.300000000000000488e-01 0.000000000000000000e+00 -8.682682708609801292e-01 3.547589511896821757e-02 0.000000000000000000e+00 0.000000000000000000e+00 1.320000000000000000e+02 0.000000000000000000e+00 1.000000000000000000e+00 0.000000000000000000e+00
0.000000000000000000e+00 6.600000000000000000e+01 9.400000000000000577e-01 0.000000000000000000e+00 -8.838355537270721207e-01 3.307938656844033876e-02 0.000000000000000000e+00 0.000000000000000000e+00 1.320000000000000000e+02 0.000000000000000000e+00 1.000000000000000000e+00 0.000000000000000000e+00
0.000000000000000000e+00 6.600000000000000000e+01 9.500000000000000666e-01 0.000000000000000000e+00 -8.997243916644388495e-01 3.006040203806944339e-02 0.000000000000000000e+00 0.000000000000000000e+00 1.320000000000000000e+02 0.000000000000000000e+00 1.000000000000000000e+00 0.000000000000000000e+00
0.000000000000000000e+00 6.600000000000000000e+01 9.600000000000000755e-01 0.000000000000000000e+00 -9.159408687802654825e-01 2.630320762561676184e-02 0.000000000000000000e+00 0.000000000000000000e+00 1.320000000000000000e+02 0.000000000000000000e+00 1.000000000000000000e+00 0.000000000000000000e+00
0.000000000000000000e+00 6.600000000000000000e+01 9.699999999999999734e-01 0.000000000000000000e+00 -9.324911946403705576e-01 2.166678157292833973e-02 0.000000000000000000e+00 0.000000000000000000e+00 1.320000000000000000e+02 0.000000000000000000e+00 1.000000000000000000e+00 0.000000000000000000e+00
0.000000000000000000e+00 6.600000000000000000e+01 9.799999999999999822e-01 0.000000000000000000e+00 -9.493817066469534272e-01 1.599916761392327497e-02 0.000000000000000000e+00 0.000000000000000000e+00 1.320000000000000000e+02 0.000000000000000000e+00 1.000000000000000000e+00 0.000000000000000000e+00
0.000000000000000000e+00 6.600000000000000000e+01 9.899999999999999911e-01 0.000000000000000000e+00 -9.666188724652938769e-01 9.246483757753908017e-03 0.000000000000000000e+00 0.000000000000000000e+00 1.320000000000000000e+02 0.000000000000000000e+00 1.000000000000000000e+00 0.000000000000000000e+00
0.000000000000000000e+00 6.600000000000000000e+01 1.000000000000000000e+00 0.000000000000000000e+00 -9.842092925003322890e-01 2.207489383009969205e-03 1.000000000000000000e+00 0.000000000000000000e+00 1.320000000000000000e+02 0.000000000000000000e+00 1.000000000000000000e+00 0.000000000000000000e+00
0.000000000000000000e+00 6.600000000000000000e+01 1.010000000000000009e+00 0.000000000000000000e+00 -9.906462521683349065e-01 1.052470496674869777e-02 0.000000000000000000e+00 0.000000000000000000e+00 1.320000000000000000e+02 0.000000000000000000e+00 1.000000000000000000e+00 0.000000000000000000e+00
0.000000000000000000e+00 6.600000000000000000e+01 1.020000000000000018e+00 0.000000000000000000e+00 -9.974456665467454908e-01 1.823764113121501690e-02 0.000000000000000000e+00 0.000000000000000000e+00 1.320000000000000000e+02 0.000000000000000000e+00 1.000000000000000000e+00 0.000000000000000000e+00
0.000000000000000000e+00 6.600000000000000000e+01 1.030000000000000027e+00 0.000000000000000000e+00 -1.004610139247360312e+00 2.367824795297945872e-02 0.000000000000000000e+00 0.000000000000000000e+00 1.320000000000000000e+02 0.000000000000000000e+00 1.000000000000000000e+00 0.000000000000000000e+00
0.000000000000000000e+00 6.600000000000000000e+01 1.040000000000000036e+00 0.000000000000000000e+00 -1.012142413669035790e+00 2.649211371651636476e-02 0.000000000000000000e+00 0.000000000000000000e+00 1.320000000000000000e+02 0.000000000000000000e+00 1.000000000000000000e+00 0.000000000000000000e+00
0.000000000000000000e+00 6.600000000000000000e+01 1.050000000000000044e+00 0.000000000000000000e+00 -1.020045374048185405e+00 2.646989941196518925e-02 0.000000000000000000e+00 0.000000000000000000e+00 1.320000000000000000e+02 0.000000000000000000e+00 1.000000000000000000e+00 0.000000000000000000e+00
0.000000000000000000e+00 6.600000000000000000e+01 1.060000000000000053e+00 0.000000000000000000e+00 -1.028322046563200809e+00 2.330396809905444649e-02 0.000000000000000000e+00 0.000000000000000000e+00 1.320000000000000000e+02 0.000000000000000000e+00 1.000000000000000000e+00 0.000000000000000000e+00
0.000000000000000000e+00 6.600000000000000000e+01 1.070000000000000062e+00 0.000000000000000000e+00 -1.036975600493226901e+00 1.650288575604593605e-02 0.000000000000000000e+00 0.000000000000000000e+00 1.320000000000000000e+02 0.000000000000000000e+00 1.000000000000000000e+00 0.000000000000000000e+00
0.000000000000000000e+00 6.600000000000000000e+01 1.080000000000000071e+00 0.000000000000000000e+00 -1.046009349431734847e+00 5.778221245040290194e-03 1.000000000000000000e+00 0.000000000000000000e+00 1.320000000000000000e+02 0.000000000000000000e+00 1.000000000000000000e+00 0.000000000000000000e+00
0.000000000000000000e+00 6.600000000000000000e+01 1.090000000000000080e+00 0.000000000000000000e+00 -1.051827257699608831e+00 1.826750190139320162e-02 0.000000000000000000e+00 0.000000000000000000e+00 1.320000000000000000e+02 0.000000000000000000e+00 1.000000000000000000e+00 0.000000000000000000e+00
0.000000000000000000e+00 6.600000000000000000e+01 1.100000000000000089e+00 0.000000000000000000e+00 -1.058031047928949198e+00 2.670334309520114996e-02 0.000000000000000000e+00 0.000000000000000000e+00 1.320000000000000000e+02 0.000000000000000000e+00 1.000000000000000000e+00 0.000000000000000000e+00
0.000000000000000000e+00 6.600000000000000000e+01 1.110000000000000098e+00 0.000000000000000000e+00 -1.064623095656900720e+00 3.052604399008573832e-02 0.000000000000000000e+00 0.000000000000000000e+00 1.320000000000000000e+02 0.000000000000000000e+00 1.000000000000000000e+00 0.000000000000000000e+00
0.000000000000000000e+00 6.600000000000000000e+01 1.120000000000000107e+00 0.000000000000000000e+00 -1.071605925091030143e+00 2.958380259493879894e-02 0.000000000000000000e+00 0.000000000000000000e+00 1.320000000000000000e+02 0.000000000000000000e+00 1.000000000000000000e+00 0.000000000000000000e+00
0.000000000000000000e+00 6.600000000000000000e+01 1.130000000000000115e+00 0.000000000000000000e+00 -1.078982210075888348e+00 2.323033964068295376e-02 0.000000000000000000e+00 0.000000000000000000e+00 1.320000000000000000e+02 0.000000000000000000e+00 1.000000000000000000e+00 0.000000000000000000e+00
0.000000000000000000e+00 6.600000000000000000e+01 1.140000000000000124e+00 0.000000000000000000e+00 -1.086754775116871130e+00 1.003632269255661305e-02 1.000000000000000000e+00 0.000000000000000000e+00 1.320000000000000000e+02 0.000000000000000000e+00 1.000000000000000000e+00 0.000000000000000000e+00
0.000000000000000000e+00 6.600000000000000000e+01 1.150000000000000133e+00 0.000000000000000000e+00 -1.091463334609928726e+00 2.623375647186312887e-02 0.000000000000000000e+00 0.000000000000000000e+00 1.320000000000000000e+02 0.000000000000000000e+00 1.000000000000000000e+00 0.000000000000000000e+00
0.000000000000000000e+00 6.600000000000000000e+01 1.160000000000000142e+00 0.000000000000000000e+00 -1.096572953394682415e+00 3.701615705383673460e-02 0.000000000000000000e+00 0.000000000000000000e+00 1.320000000000000000e+02 0.000000000000000000e+00 1.000000000000000000e+00 0.000000000000000000e+00
0.000000000000000000e+00 6.600000000000000000e+01 1.169999999999999929e+00 0.000000000000000000e+00 -1.102085588031358698e+00 4.305016634910215773e-02 0.000000000000000000e+00 0.000000000000000000e+00 1.320000000000000000e+02 0.000000000000000000e+00 1.000000000000000000e+00 0.000000000000000000e+00
0.000000000000000000e+00 6.600000000000000000e+01 1.179999999999999938e+00 0.000000000000000000e+00 -1.108003349401832427e+00 4.468578029269319046e-02 0.000000000000000000e+00 0.000000000000000000e+00 1.320000000000000000e+02 0.000000000000000000e+00 1.000000000000000000e+00 0.000000000000000000e+00
0.000000000000000000e+00 6.600000000000000000e+01 1.189999999999999947e+00 0.000000000000000000e+00 -1.114328503517917124e+00 4.172139045594111528e-02 0.000000000000000000e+00 0.000000000000000000e+00 1.320000000000000000e+02 0.000000000000000000e+00 1.000000000000000000e+00 0.000000000000000000e+00
0.000000000000000000e+00 6.600000000000000000e+01 1.199999999999999956e+00 0.000000000000000000e+00 -1.121063472389061566e+00 3.319584279013764599e-02 0.000000000000000000e+00 0.000000000000000000e+00 1.320000000000000000e+02 0.000000000000000000e+00 1.000000000000000000e+00 0.000000000000000000e+00
0.000000000000000000e+00 6.600000000000000000e+01 1.209999999999999964e+00 0.000000000000000000e+00 -1.128210834949777475e+00 1.643665232255778555e-02 1.000000000000000000e+00 0.000000000000000000e+00 1.320000000000000000e+02 0.000000000000000000e+00 1.000000000000000000e+00 0.000000000000000000e+00
0.000000000000000000e+00 6.600000000000000000e+01 1.219999999999999973e+00 0.000000000000000000e+00 -1.133044035594261700e+00 3.241123264399868587e-02 0.000000000000000000e+00 0.000000000000000000e+00 1.320000000000000000e+02 0.000000000000000000e+00 1.000000000000000000e+00 0.000000000000000000e+00
0.000000000000000000e+00 6.600000000000000000e+01 1.229999999999999982e+00 0.000000000000000000e+00 -1.138294217490413374e+00 3.376901095813339415e-02 0.000000000000000000e+00 0.000000000000000000e+00 1.320000000000000000e+02 0.000000000000000000e+00 1.000000000000000000e+00 0.000000000000000000e+00
0.000000000000000000e+00 6.600000000000000000e+01 1.239999999999999991e+00 0.000000000000000000e+00 -1.143963391022474685e+00 1.943811972010137459e-02 1.000000000000000000e+00 0.000000000000000000e+00 1.320000000000000000e+02 0.000000000000000000e+00 1.000000000000000000e+00 0.000000000000000000e+00
0.000000000000000000e+00 6.600000000000000000e+01 1.250000000000000000e+00 0.000000000000000000e+00 -1.148385759214283208e+00 3.646284114737435161e-02 0.000000000000000000e+00 0.000000000000000000e+00 1.320000000000000000e+02 0.000000000000000000e+00 1.000000000000000000e+00 0.000000000000000000e+00
0.000000000000000000e+00 6.600000000000000000e+01 1.260000000000000009e+00 0.000000000000000000e+00 -1.153230983265536302e+00 3.779296684641172965e-02 0.000000000000000000e+00 0.000000000000000000e+00 1.320000000000000000e+02 0.000000000000000000e+00 1.000000000000000000e+00 0.000000000000000000e+00
0.000000000000000000e+00 6.600000000000000000e+01 1.270000000000000018e+00 0.000000000000000000e+00 -1.158500918495207088e+00 2.243845388163749968e-02 1.000000000000000000e+00 0.000000000000000000e+00 1.320000000000000000e+02 0.000000000000000000e+00 1.000000000000000000e+00 0.000000000000000000e+00
0.000000000000000000e+00 6.600000000000000000e+01 1.280000000000000027e+00 0.000000000000000000e+00 -1.162793851301807679e+00 3.656260040400557965e-02 0.000000000000000000e+00 0.000000000000000000e+00 1.320000000000000000e+02 0.000000000000000000e+00 1.000000000000000000e+00 0.000000000000000000e+00
0.000000000000000000e+00 6.600000000000000000e+01 1.290000000000000036e+00 0.000000000000000000e+00 -1.167515157072185117e+00 2.437206723695741969e-02 1.000000000000000000e+00 0.000000000000000000e+00 1.320000000000000000e+02 0.000000000000000000e+00 1.000000000000000000e+00 0.000000000000000000e+00
0.000000000000000000e+00 6.600000000000000000e+01 1.300000000000000044e+00 0.000000000000000000e+00 -1.171534564461270023e+00 3.895240335728689107e-02 0.000000000000000000e+00 0.000000000000000000e+00 1.320000000000000000e+02 0.000000000000000000e+00 1.000000000000000000e+00 0.000000000000000000e+00
0.000000000000000000e+00 6.600000000000000000e+01 1.310000000000000053e+00 0.000000000000000000e+00 -1.175985691782357900e+00 2.620055532664428144e-02 1.000000000000000000e+00 0.000000000000000000e+00 1.320000000000000000e+02 0.000000000000000000e+00 1.000000000000000000e+00 0.000000000000000000e+00
0.000000000000000000e+00 6.600000000000000000e+01 1.320000000000000062e+00 0.000000000000000000e+00 -1.179444802302068496e+00 4.524138854377385971e-02 0.000000000000000000e+00 0.000000000000000000e+00 1.320000000000000000e+02 0.000000000000000000e+00 1.000000000000000000e+00 0.000000000000000000e+00
0.000000000000000000e+00 6.600000000000000000e+01 1.330000000000000071e+00 0.000000000000000000e+00 -1.183338661718837725e+00 4.635342013541654538e-02 0.000000000000000000e+00 0.000000000000000000e+00 1.320000000000000000e+02 0.000000000000000000e+00 1.000000000000000000e+00 0.000000000000000000e+00
0.000000000000000000e+00 6.600000000000000000e+01 1.340000000000000080e+00 0.000000000000000000e+00 -1.187668761057884881e+00 2.863743835043801311e-02 1.000000000000000000e+00 0.000000000000000000e+00 1.320000000000000000e+02 0.000000000000000000e+00 1.000000000000000000e+00 0.000000000000000000e+00
0.000000000000000000e+00 6.600000000000000000e+01 1.350000000000000089e+00 0.000000000000000000e+00 -1.191001536393887505e+00 4.423155278457280293e-02 0.000000000000000000e+00 0.000000000000000000e+00 1.320000000000000000e+02 0.000000000000000000e+00 1.000000000000000000e+00 0.000000000000000000e+00
0.000000000000000000e+00 6.600000000000000000e+01 1.360000000000000098e+00 0.000000000000000000e+00 -1.194773485897646204e+00 2.997719187374543043e-02 1.000000000000000000e+00 0.000000000000000000e+00 1.320000000000000000e+02 0.000000000000000000e+00 1.000000000000000000e+00 0.000000000000000000e+00
0.000000000000000000e+00 6.600000000000000000e+01 1.370000000000000107e+00 0.000000000000000000e+00 -1.198120106258487638e+00 3.053832372610445350e-02 1.000000000000000000e+00 0.000000000000000000e+00 1.320000000000000000e+02 0.000000000000000000e+00 1.000000000000000000e+00 0.000000000000000000e+00
0.000000000000000000e+00 6.600000000000000000e+01 1.380000000000000115e+00 0.000000000000000000e+00 -1.201329328786979511e+00 3.101532486835793800e-02 1.000000000000000000e+00 0.000000000000000000e+00 1.320000000000000000e+02 0.000000000000000000e+00 1.000000000000000000e+00 0.000000000000000000e+00
0.000000000000000000e+00 6.600000000000000000e+01 1.390000000000000124e+00 0.000000000000000000e+00 -1.204400980053124348e+00 3.139855193576200632e-02 1.000000000000000000e+00 0.000000000000000000e+00 1.320000000000000000e+02 0.000000000000000000e+00 1.000000000000000000e+00 0.000000000000000000e+00
0.000000000000000000e+00 6.600000000000000000e+01 1.400000000000000133e+00 0.000000000000000000e+00 -1.207334890105565606e+00 3.167742107009621777e-02 1.000000000000000000e+00 0.000000000000000000e+00 1.320000000000000000e+02 0.000000000000000000e+00 1.000000000000000000e+00 0.000000000000000000e+00
0.000000000000000000e+00 6.600000000000000000e+01 1.410000000000000142e+00 0.000000000000000000e+00 -1.210130892725608476e+00 3.184016895926280316e-02 1.000000000000000000e+00 0.000000000000000000e+00 1.320000000000000000e+02 0.000000000000000000e+00 1.000000000000000000e+00 0.000000000000000000e+00
0.000000000000000000e+00 6.600000000000000000e+01 1.419999999999999929e+00 0.000000000000000000e+00 -1.212788825652027391e+00 3.187352928946080716e-02 1.000000000000000000e+00 0.000000000000000000e+00 1.320000000000000000e+02 0.000000000000000000e+00 1.000000000000000000e+00 0.000000000000000000e+00
0.000000000000000000e+00 6.600000000000000000e+01 1.429999999999999938e+00 0.000000000000000000e+00 -1.215308530777253759e+00 3.176228633421891712e-02 1.000000000000000000e+00 0.000000000000000000e+00 1.320000000000000000e+02 0.000000000000000000e+00 1.000000000000000000e+00 0.000000000000000000e+00
0.000000000000000000e+00 6.600000000000000000e+01 1.439999999999999947e+00 0.000000000000000000e+00 -1.217689854315434417e+00 3.148864447345169071e-02 1.000000000000000000e+00 0.000000000000000000e+00 1.320000000000000000e+02 0.000000000000000000e+00 1.000000000000000000e+00 0.000000000000000000e+00
0.000000000000000000e+00 6.600000000000000000e+01 1.449999999999999956e+00 0.000000000000000000e+00 -1.219932646942798904e+00 3.103131191130433300e-02 1.000000000000000000e+00 0.000000000000000000e+00 1.320000000000000000e+02 0.000000000000000000e+00 1.000000000000000000e+00 0.000000000000000000e+00
0.000000000000000000e+00 6.600000000000000000e+01 1.459999999999999964e+00 0.000000000000000000e+00 -1.222036763910736346e+00 3.036412160889042852e-02 1.000000000000000000e+00 0.000000000000000000e+00 1.320000000000000000e+02 0.000000000000000000e+00 1.000000000000000000e+00 0.000000000000000000e+00
0.000000000000000000e+00 6.600000000000000000e+01 1.469999999999999973e+00 0.000000000000000000e+00 -1.224002065131766681e+00 2.945386415871312225e-02 1.000000000000000000e+00 0.000000000000000000e+00 1.320000000000000000e+02 0.000000000000000000e+00 1.000000000000000000e+00 0.000000000000000000e+00
0.000000000000000000e+00 6.600000000000000000e+01 1.479999999999999982e+00 0.000000000000000000e+00 -1.225828415238704228e+00 2.825669311523478985e-02 1.000000000000000000e+00 0.000000000000000000e+00 1.320000000000000000e+02 0.000000000000000000e+00 1.000000000000000000e+00 0.000000000000000000e+00
0.000000000000000000e+00 6.600000000000000000e+01 1.489999999999999991e+00 0.000000000000000000e+00 -1.227515683617094844e+00 2.671173398669684368e-02 1.000000000000000000e+00 0.000000000000000000e+00 1.320000000000000000e+02 0.000000000000000000e+00 1.000000000000000000e+00 0.000000000000000000e+00
0.000000000000000000e+00 6.600000000000000000e+01 1.500000000000000000e+00 0.000000000000000000e+00 -1.229063744410953785e+00 2.472862228199265017e-02 1.000000000000000000e+00 0.000000000000000000e+00 1.320000000000000000e+02 0.000000000000000000e+00 1.000000000000000000e+00 0.000000000000000000e+00
0.000000000000000000e+00 6.600000000000000000e+01 1.510000000000000009e+00 0.000000000000000000e+00 -1.230472476501860868e+00 2.215983799727735959e-02 1.000000000000000000e+00 0.000000000000000000e+00 1.320000000000000000e+02 0.000000000000000000e+00 1.000000000000000000e+00 0.000000000000000000e+00
0.000000000000000000e+00 6.600000000000000000e+01 1.520000000000000018e+00 0.000000000000000000e+00 -1.231741763461227990e+00 1.872577965265009858e-02 1.000000000000000000e+00 0.000000000000000000e+00 1.320000000000000000e+02 0.000000000000000000e+00 1.000000000000000000e+00 0.000000000000000000e+00
0.000000000000000000e+00 6.600000000000000000e+01 1.530000000000000027e+00 0.000000000000000000e+00 -1.232871493475617974e+00 1.372357491397414690e-02 1.000000000000000000e+00 0.000000000000000000e+00 1.320000000000000000e+02 0.000000000000000000e+00 1.000000000000000000e+00 0.000000000000000000e+00
0.000000000000000000e+00 6.600000000000000000e+01 1.540000000000000036e+00 0.000000000000000000e+00 -1.233861559244873174e+00 0.000000000000000000e+00 1.000000000000000000e+00 1.000000000000000000e+00 1.320000000000000000e+02 1.000000000000000000e+00 1.000000000000000000e+00 0.000000000000000000e+00
0.000000000000000000e+00 6.600000000000000000e+01 1.550000000000000044e+00 0.000000000000000000e+00 -1.233087176365815330e+00 1.381885346932877623e-02 1.000000000000000000e+00 0.000000000000000000e+00 1.320000000000000000e+02 0.000000000000000000e+00 1.000000000000000000e+00 0.000000000000000000e+00
0.000000000000000000e+00 6.600000000000000000e+01 1.560000000000000053e+00 0.000000000000000000e+00 -1.232168132887018430e+00 1.889982214549016520e-02 1.000000000000000000e+00 0.000000000000000000e+00 1.320000000000000000e+02 0.000000000000000000e+00 1.000000000000000000e+00 0.000000000000000000e+00
0.000000000000000000e+00 6.600000000000000000e+01 1.570000000000000062e+00 0.000000000000000000e+00 -1.231099525260702876e+00 2.239461351857479840e-02 1.000000000000000000e+00 0.000000000000000000e+00 1.320000000000000000e+02 0.000000000000000000e+00 1.000000000000000000e+00 0.000000000000000000e+00
0.000000000000000000e+00 6.600000000000000000e+01 1.580000000000000071e+00 0.000000000000000000e+00 -1.229876425422915087e+00 2.500286941923960532e-02 1.000000000000000000e+00 0.000000000000000000e+00 1.320000000000000000e+02 0.000000000000000000e+00 1.000000000000000000e+00 0.000000000000000000e+00
0.000000000000000000e+00 6.600000000000000000e+01 1.590000000000000080e+00 0.000000000000000000e+00 -1.228493866273556057e+00 2.700061064065850669e-02 1.000000000000000000e+00 0.000000000000000000e+00 1.320000000000000000e+02 0.000000000000000000e+00 1.000000000000000000e+00 0.000000000000000000e+00
0.000000000000000000e+00 6.600000000000000000e+01 1.600000000000000089e+00 0.000000000000000000e+00 -1.226946827000320095e+00 2.853161897760407573e-02 1.000000000000000000e+00 0.000000000000000000e+00 1.320000000000000000e+02 0.000000000000000000e+00 1.000000000000000000e+00 0.000000000000000000e+00
0.000000000000000000e+00 6.600000000000000000e+01 1.610000000000000098e+00 0.000000000000000000e+00 -1.225230218203207544e+00 2.968242298897129372e-02 1.000000000000000000e+00 0.000000000000000000e+00 1.320000000000000000e+02 0.000000000000000000e+00 1.000000000000000000e+00 0.000000000000000000e+00
0.000000000000000000e+00 6.600000000000000000e+01 1.620000000000000107e+00 0.000000000000000000e+00 -1.223338866775725675e+00 3.050998823951051042e-02 1.000000000000000000e+00 0.000000000000000000e+00 1.320000000000000000e+02 0.000000000000000000e+00 1.000000000000000000e+00 0.000000000000000000e+00
0.000000000000000000e+00 6.600000000000000000e+01 1.630000000000000115e+00 0.000000000000000000e+00 -1.221267500498174119e+00 3.105419251408659403e-02 1.000000000000000000e+00 0.000000000000000000e+00 1.320000000000000000e+02 0.000000000000000000e+00 1.000000000000000000e+00 0.000000000000000000e+00
0.000000000000000000e+00 6.600000000000000000e+01 1.640000000000000124e+00 0.000000000000000000e+00 -1.219010732297571842e+00 3.134422674352557031e-02 1.000000000000000000e+00 0.000000000000000000e+00 1.320000000000000000e+02 0.000000000000000000e+00 1.000000000000000000e+00 0.000000000000000000e+00
0.000000000000000000e+00 6.600000000000000000e+01 1.650000000000000133e+00 0.000000000000000000e+00 -1.216563044127744408e+00 3.140219998448183503e-02 1.000000000000000000e+00 0.000000000000000000e+00 1.320000000000000000e+02 0.000000000000000000e+00 1.000000000000000000e+00 0.000000000000000000e+00
0.000000000000000000e+00 6.600000000000000000e+01 1.660000000000000142e+00 0.000000000000000000e+00 -1.213918770422079518e+00 3.124531962674680086e-02 1.000000000000000000e+00 0.000000000000000000e+00 1.320000000000000000e+02 0.000000000000000000e+00 1.000000000000000000e+00 0.000000000000000000e+00
0.000000000000000000e+00 6.600000000000000000e+01 1.670000000000000151e+00 0.000000000000000000e+00 -1.211072081070109219e+00 3.088728842095285476e-02 1.000000000000000000e+00 0.000000000000000000e+00 1.320000000000000000e+02 0.000000000000000000e+00 1.000000000000000000e+00 0.000000000000000000e+00
0.000000000000000000e+00 6.600000000000000000e+01 1.679999999999999938e+00 0.000000000000000000e+00 -1.208016963867716953e+00 3.033924597213235805e-02 1.000000000000000000e+00 0.000000000000000000e+00 1.320000000000000000e+02 0.000000000000000000e+00 1.000000000000000000e+00 0.000000000000000000e+00
0.000000000000000000e+00 6.600000000000000000e+01 1.689999999999999947e+00 0.000000000000000000e+00 -1.204414515434598432e+00 4.609442245240450570e-02 0.000000000000000000e+00 0.000000000000000000e+00 1.320000000000000000e+02 0.000000000000000000e+00 1.000000000000000000e+00 0.000000000000000000e+00
0.000000000000000000e+00 6.600000000000000000e+01 1.699999999999999956e+00 0.000000000000000000e+00 -1.201256377227799987e+00 2.870869628367658105e-02 1.000000000000000000e+00 0.000000000000000000e+00 1.320000000000000000e+02 0.000000000000000000e+00 1.000000000000000000e+00 0.000000000000000000e+00
0.000000000000000000e+00 6.600000000000000000e+01 1.709999999999999964e+00 0.000000000000000000e+00 -1.197199697789515849e+00 4.368309013512640393e-02 0.000000000000000000e+00 0.000000000000000000e+00 1.320000000000000000e+02 0.000000000000000000e+00 1.000000000000000000e+00 0.000000000000000000e+00
0.000000000000000000e+00 6.600000000000000000e+01 1.719999999999999973e+00 0.000000000000000000e+00 -1.193584565900756456e+00 2.641310664894629123e-02 1.000000000000000000e+00 1.000000000000000000e+00 1.320000000000000000e+02 0.000000000000000000e+00 1.000000000000000000e+00 0.000000000000000000e+00
0.000000000000000000e+00 6.600000000000000000e+01 1.729999999999999982e+00 0.000000000000000000e+00 -1.193525189573283019e+00 4.326223877184832978e-02 0.000000000000000000e+00 0.000000000000000000e+00 1.320000000000000000e+02 0.000000000000000000e+00 1.000000000000000000e+00 0.000000000000000000e+00
0.000000000000000000e+00 6.600000000000000000e+01 1.739999999999999991e+00 0.000000000000000000e+00 -1.193905953763433558e+00 2.878260350482503976e-02 1.000000000000000000e+00 0.000000000000000000e+00 1.320000000000000000e+02 0.000000000000000000e+00 1.000000000000000000e+00 0.000000000000000000e+00
0.000000000000000000e+00 6.600000000000000000e+01 1.750000000000000000e+00 0.000000000000000000e+00 -1.193384917896141317e+00 4.474180677826403163e-02 0.000000000000000000e+00 0.000000000000000000e+00 1.320000000000000000e+02 0.000000000000000000e+00 1.000000000000000000e+00 0.000000000000000000e+00
0.000000000000000000e+00 6.600000000000000000e+01 1.760000000000000009e+00 0.000000000000000000e+00 -1.193303968834054096e+00 3.037009616788360206e-02 1.000000000000000000e+00 0.000000000000000000e+00 1.320000000000000000e+02 0.000000000000000000e+00 1.000000000000000000e+00 0.000000000000000000e+00
0.000000000000000000e+00 6.600000000000000000e+01 1.770000000000000018e+00 0.000000000000000000e+00 -1.192341503365011102e+00 4.558339909665525685e-02 0.000000000000000000e+00 0.000000000000000000e+00 1.320000000000000000e+02 0.000000000000000000e+00 1.000000000000000000e+00 0.000000000000000000e+00
0.000000000000000000e+00 6.600000000000000000e+01 1.780000000000000027e+00 0.000000000000000000e+00 -1.191818725159943027e+00 3.128828308801993863e-02 1.000000000000000000e+00 0.000000000000000000e+00 1.320000000000000000e+02 0.000000000000000000e+00 1.000000000000000000e+00 0.000000000000000000e+00
0.000000000000000000e+00 6.600000000000000000e+01 1.790000000000000036e+00 0.000000000000000000e+00 -1.190756345719918174e+00 3.152609244963266999e-02 1.000000000000000000e+00 0.000000000000000000e+00 1.320000000000000000e+02 0.000000000000000000e+00 1.000000000000000000e+00 0.000000000000000000e+00
0.000000000000000000e+00 6.600000000000000000e+01 1.800000000000000044e+00 0.000000000000000000e+00 -1.189486460555157388e+00 3.163039990722885109e-02 1.000000000000000000e+00 0.000000000000000000e+00 1.320000000000000000e+02 0.000000000000000000e+00 1.000000000000000000e+00 0.000000000000000000e+00
0.000000000000000000e+00 6.600000000000000000e+01 1.810000000000000053e+00 0.000000000000000000e+00 -1.187694245790823055e+00 4.564235629837302272e-02 0.000000000000000000e+00 0.000000000000000000e+00 1.320000000000000000e+02 0.000000000000000000e+00 1.000000000000000000e+00 0.000000000000000000e+00
0.000000000000000000e+00 6.600000000000000000e+01 1.820000000000000062e+00 0.000000000000000000e+00 -1.186339938776234559e+00 3.147651925285990110e-02 1.000000000000000000e+00 0.000000000000000000e+00 1.320000000000000000e+02 0.000000000000000000e+00 1.000000000000000000e+00 0.000000000000000000e+00
0.000000000000000000e+00 6.600000000000000000e+01 1.830000000000000071e+00 0.000000000000000000e+00 -1.184156096969463556e+00 4.498501408385966599e-02 0.000000000000000000e+00 0.000000000000000000e+00 1.320000000000000000e+02 0.000000000000000000e+00 1.000000000000000000e+00 0.000000000000000000e+00
0.000000000000000000e+00 6.600000000000000000e+01 1.840000000000000080e+00 0.000000000000000000e+00 -1.182408808094876917e+00 3.089753575361317908e-02 1.000000000000000000e+00 0.000000000000000000e+00 1.320000000000000000e+02 0.000000000000000000e+00 1.000000000000000000e+00 0.000000000000000000e+00
0.000000000000000000e+00 6.600000000000000000e+01 1.850000000000000089e+00 0.000000000000000000e+00 -1.179846912868871112e+00 4.394427668260380421e-02 0.000000000000000000e+00 0.000000000000000000e+00 1.320000000000000000e+02 0.000000000000000000e+00 1.000000000000000000e+00 0.000000000000000000e+00
0.000000000000000000e+00 6.600000000000000000e+01 1.860000000000000098e+00 0.000000000000000000e+00 -1.177719920514922025e+00 2.995774041816185243e-02 1.000000000000000000e+00 0.000000000000000000e+00 1.320000000000000000e+02 0.000000000000000000e+00 1.000000000000000000e+00 0.000000000000000000e+00
0.000000000000000000e+00 6.600000000000000000e+01 1.870000000000000107e+00 0.000000000000000000e+00 -1.175099015011989767e+00 2.937124817020869347e-02 1.000000000000000000e+00 0.000000000000000000e+00 1.320000000000000000e+02 0.000000000000000000e+00 1.000000000000000000e+00 0.000000000000000000e+00
0.000000000000000000e+00 6.600000000000000000e+01 1.880000000000000115e+00 0.000000000000000000e+00 -1.171992766212544224e+00 4.177520996552646498e-02 0.000000000000000000e+00 0.000000000000000000e+00 1.320000000000000000e+02 0.000000000000000000e+00 1.000000000000000000e+00 0.000000000000000000e+00
0.000000000000000000e+00 6.600000000000000000e+01 1.890000000000000124e+00 0.000000000000000000e+00 -1.169318412798372009e+00 2.800029358987297587e-02 1.000000000000000000e+00 0.000000000000000000e+00 1.320000000000000000e+02 0.000000000000000000e+00 1.000000000000000000e+00 0.000000000000000000e+00
0.000000000000000000e+00 6.600000000000000000e+01 1.900000000000000133e+00 0.000000000000000000e+00 -1.165562941925983198e+00 4.372653651817109965e-02 0.000000000000000000e+00 0.000000000000000000e+00 1.320000000000000000e+02 0.000000000000000000e+00 1.000000000000000000e+00 0.000000000000000000e+00
0.000000000000000000e+00 6.600000000000000000e+01 1.910000000000000142e+00 0.000000000000000000e+00 -1.162236904349424726e+00 4.271757389111160985e-02 0.000000000000000000e+00 0.000000000000000000e+00 1.320000000000000000e+02 0.000000000000000000e+00 1.000000000000000000e+00 0.000000000000000000e+00
0.000000000000000000e+00 6.600000000000000000e+01 1.920000000000000151e+00 0.000000000000000000e+00 -1.159339026472150369e+00 2.554834494090089253e-02 1.000000000000000000e+00 0.000000000000000000e+00 1.320000000000000000e+02 0.000000000000000000e+00 1.000000000000000000e+00 0.000000000000000000e+00
0.000000000000000000e+00 6.600000000000000000e+01 1.929999999999999938e+00 0.000000000000000000e+00 -1.155082674429184220e+00 4.055783185109511357e-02 0.000000000000000000e+00 0.000000000000000000e+00 1.320000000000000000e+02 0.000000000000000000e+00 1.000000000000000000e+00 0.000000000000000000e+00
0.000000000000000000e+00 6.600000000000000000e+01 1.939999999999999947e+00 0.000000000000000000e+00 -1.151251742608780271e+00 3.941412217463040324e-02 0.000000000000000000e+00 0.000000000000000000e+00 1.320000000000000000e+02 0.000000000000000000e+00 1.000000000000000000e+00 0.000000000000000000e+00
0.000000000000000000e+00 6.600000000000000000e+01 1.949999999999999956e+00 0.000000000000000000e+00 -1.147844764081770830e+00 2.277084534711874136e-02 1.000000000000000000e+00 0.000000000000000000e+00 1.320000000000000000e+02 0.000000000000000000e+00 1.000000000000000000e+00 0.000000000000000000e+00
0.000000000000000000e+00 6.600000000000000000e+01 1.959999999999999964e+00 0.000000000000000000e+00 -1.142818147645747739e+00 3.869070098088488174e-02 0.000000000000000000e+00 0.000000000000000000e+00 1.320000000000000000e+02 0.000000000000000000e+00 1.000000000000000000e+00 0.000000000000000000e+00
0.000000000000000000e+00 6.600000000000000000e+01 1.969999999999999973e+00 0.000000000000000000e+00 -1.138212255135690132e+00 4.230008541283994394e-02 0.000000000000000000e+00 0.000000000000000000e+00 1.320000000000000000e+02 0.000000000000000000e+00 1.000000000000000000e+00 0.000000000000000000e+00
0.000000000000000000e+00 6.600000000000000000e+01 1.979999999999999982e+00 0.000000000000000000e+00 -1.134025322876757169e+00 3.616274528736039551e-02 0.000000000000000000e+00 0.000000000000000000e+00 1.320000000000000000e+02 0.000000000000000000e+00 1.000000000000000000e+00 0.000000000000000000e+00
0.000000000000000000e+00 6.600000000000000000e+01 1.989999999999999991e+00 0.000000000000000000e+00 -1.130255747621138340e+00 1.882564671373197079e-02 1.000000000000000000e+00 0.000000000000000000e+00 1.320000000000000000e+02 0.000000000000000000e+00 1.000000000000000000e+00 0.000000000000000000e+00
0.000000000000000000e+00 6.600000000000000000e+01 2.000000000000000000e+00 0.000000000000000000e+00 -1.124058940768321024e+00 3.505643433305918877e-02 0.000000000000000000e+00 0.000000000000000000e+00 1.320000000000000000e+02 0.000000000000000000e+00 1.000000000000000000e+00 0.000000000000000000e+00
0.000000000000000000e+00 6.600000000000000000e+01 2.009999999999999787e+00 0.000000000000000000e+00 -1.118275674621034277e+00 4.251308156131705651e-02 0.000000000000000000e+00 0.000000000000000000e+00 1.320000000000000000e+02 0.000000000000000000e+00 1.000000000000000000e+00 0.000000000000000000e+00
0.000000000000000000e+00 6.600000000000000000e+01 2.020000000000000018e+00 0.000000000000000000e+00 -1.112903734667980427e+00 4.377602283625303681e-02 0.000000000000000000e+00 0.000000000000000000e+00 1.320000000000000000e+02 0.000000000000000000e+00 1.000000000000000000e+00 0.000000000000000000e+00
0.000000000000000000e+00 6.600000000000000000e+01 2.029999999999999805e+00 0.000000000000000000e+00 -1.107941063901679568e+00 3.958448890700701217e-02 0.000000000000000000e+00 0.000000000000000000e+00 1.320000000000000000e+02 0.000000000000000000e+00 1.000000000000000000e+00 0.000000000000000000e+00
0.000000000000000000e+00 6.600000000000000000e+01 2.040000000000000036e+00 0.000000000000000000e+00 -1.103385762030809847e+00 2.970398385086354259e-02 0.000000000000000000e+00 0.000000000000000000e+00 1.320000000000000000e+02 0.000000000000000000e+00 1.000000000000000000e+00 0.000000000000000000e+00
0.000000000000000000e+00 6.600000000000000000e+01 2.049999999999999822e+00 0.000000000000000000e+00 -1.099236084752548637e+00 1.302138979685766099e-02 1.000000000000000000e+00 0.000000000000000000e+00 1.320000000000000000e+02 0.000000000000000000e+00 1.000000000000000000e+00 0.000000000000000000e+00
0.000000000000000000e+00 6.600000000000000000e+01 2.059999999999999609e+00 0.000000000000000000e+00 -1.091651233954698652e+00 2.767567548930153359e-02 0.000000000000000000e+00 0.000000000000000000e+00 1.320000000000000000e+02 0.000000000000000000e+00 1.000000000000000000e+00 0.000000000000000000e+00
0.000000000000000000e+00 6.600000000000000000e+01 2.069999999999999840e+00 0.000000000000000000e+00 -1.084467514398410160e+00 3.608864587601325058e-02 0.000000000000000000e+00 0.000000000000000000e+00 1.320000000000000000e+02 0.000000000000000000e+00 1.000000000000000000e+00 0.000000000000000000e+00
0.000000000000000000e+00 6.600000000000000000e+01 2.079999999999999627e+00 0.000000000000000000e+00 -1.077682175314876645e+00 3.995692541462419339e-02 0.000000000000000000e+00 0.000000000000000000e+00 1.320000000000000000e+02 0.000000000000000000e+00 1.000000000000000000e+00 0.000000000000000000e+00
0.000000000000000000e+00 6.600000000000000000e+01 2.089999999999999858e+00 0.000000000000000000e+00 -1.071292618481971770e+00 4.009344869313850868e-02 0.000000000000000000e+00 0.000000000000000000e+00 1.320000000000000000e+02 0.000000000000000000e+00 1.000000000000000000e+00 0.000000000000000000e+00
0.000000000000000000e+00 6.600000000000000000e+01 2.099999999999999645e+00 0.000000000000000000e+00 -1.065296397229348990e+00 3.683006044179139987e-02 0.000000000000000000e+00 0.000000000000000000e+00 1.320000000000000000e+02 0.000000000000000000e+00 1.000000000000000000e+00 0.000000000000000000e+00
0.000000000000000000e+00 6.600000000000000000e+01 2.109999999999999876e+00 0.000000000000000000e+00 -1.059691215501566086e+00 3.019921980942318063e-02 0.000000000000000000e+00 0.000000000000000000e+00 1.320000000000000000e+02 0.000000000000000000e+00 1.000000000000000000e+00 0.000000000000000000e+00
0.000000000000000000e+00 6.600000000000000000e+01 2.119999999999999662e+00 0.000000000000000000e+00 -1.054474926978888671e+00 2.004450598702276626e-02 0.000000000000000000e+00 0.000000000000000000e+00 1.320000000000000000e+02 0.000000000000000000e+00 1.000000000000000000e+00 0.000000000000000000e+00
0.000000000000000000e+00 6.600000000000000000e+01 2.129999999999999893e+00 0.000000000000000000e+00 -1.049645534255426282e+00 6.681728274565965076e-03 1.000000000000000000e+00 0.000000000000000000e+00 1.320000000000000000e+02 0.000000000000000000e+00 1.000000000000000000e+00 0.000000000000000000e+00
0.000000000000000000e+00 6.600000000000000000e+01 2.139999999999999680e+00 0.000000000000000000e+00 -1.039760500145519462e+00 1.822654168318369600e-02 0.000000000000000000e+00 0.000000000000000000e+00 1.320000000000000000e+02 0.000000000000000000e+00 1.000000000000000000e+00 0.000000000000000000e+00
0.000000000000000000e+00 6.600000000000000000e+01 2.149999999999999911e+00 0.000000000000000000e+00 -1.030256727429694319e+00 2.671727446272918749e-02 0.000000000000000000e+00 0.000000000000000000e+00 1.320000000000000000e+02 0.000000000000000000e+00 1.000000000000000000e+00 0.000000000000000000e+00
0.000000000000000000e+00 6.600000000000000000e+01 2.159999999999999698e+00 0.000000000000000000e+00 -1.021130576951198909e+00 3.246874543525234136e-02 0.000000000000000000e+00 0.000000000000000000e+00 1.320000000000000000e+02 0.000000000000000000e+00 1.000000000000000000e+00 0.000000000000000000e+00
0.000000000000000000e+00 6.600000000000000000e+01 2.169999999999999929e+00 0.000000000000000000e+00 -1.012378554151278864e+00 3.597513967965664666e-02 0.000000000000000000e+00 0.000000000000000000e+00 1.320000000000000000e+02 0.000000000000000000e+00 1.000000000000000000e+00 0.000000000000000000e+00
0.000000000000000000e+00 6.600000000000000000e+01 2.179999999999999716e+00 0.000000000000000000e+00 -1.003997307731053334e+00 3.757696394685215019e-02 0.000000000000000000e+00 0.000000000000000000e+00 1.320000000000000000e+02 0.000000000000000000e+00 1.000000000000000000e+00 0.000000000000000000e+00
0.000000000000000000e+00 6.600000000000000000e+01 2.189999999999999947e+00 0.000000000000000000e+00 -9.959836283682436120e-01 3.749652609726521202e-02 0.000000000000000000e+00 0.000000000000000000e+00 1.320000000000000000e+02 0.000000000000000000e+00 1.000000000000000000e+00 0.000000000000000000e+00
0.000000000000000000e+00 6.600000000000000000e+01 2.199999999999999734e+00 0.000000000000000000e+00 -9.883344474882701514e-01 3.587664623374602069e-02 0.000000000000000000e+00 0.000000000000000000e+00 1.320000000000000000e+02 0.000000000000000000e+00 1.000000000000000000e+00 0.000000000000000000e+00
0.000000000000000000e+00 6.600000000000000000e+01 2.209999999999999964e+00 0.000000000000000000e+00 -9.810468360892424800e-01 3.280753224284203851e-02 0.000000000000000000e+00 0.000000000000000000e+00 1.320000000000000000e+02 0.000000000000000000e+00 1.000000000000000000e+00 0.000000000000000000e+00
0.000000000000000000e+00 6.600000000000000000e+01 2.219999999999999751e+00 0.000000000000000000e+00 -9.741180036203944681e-01 2.834946646083261884e-02 0.000000000000000000e+00 0.000000000000000000e+00 1.320000000000000000e+02 0.000000000000000000e+00 1.000000000000000000e+00 0.000000000000000000e+00
0.000000000000000000e+00 6.600000000000000000e+01 2.229999999999999982e+00 0.000000000000000000e+00 -9.675452969135348580e-01 2.256481149606626158e-02 0.000000000000000000e+00 0.000000000000000000e+00 1.320000000000000000e+02 0.000000000000000000e+00 1.000000000000000000e+00 0.000000000000000000e+00
0.000000000000000000e+00 6.600000000000000000e+01 2.239999999999999769e+00 0.000000000000000000e+00 -9.613261991671036011e-01 1.559404414698878361e-02 0.000000000000000000e+00 0.000000000000000000e+00 1.320000000000000000e+02 0.000000000000000000e+00 1.000000000000000000e+00 0.000000000000000000e+00
0.000000000000000000e+00 6.600000000000000000e+01 2.250000000000000000e+00 0.000000000000000000e+00 -9.554583289824463144e-01 7.904587910711344256e-03 0.000000000000000000e+00 0.000000000000000000e+00 1.320000000000000000e+02 0.000000000000000000e+00 1.000000000000000000e+00 0.000000000000000000e+00
0.000000000000000000e+00 6.600000000000000000e+01 2.259999999999999787e+00 0.000000000000000000e+00 -9.499394394519353746e-01 1.306895938490088352e-03 1.000000000000000000e+00 0.000000000000000000e+00 1.320000000000000000e+02 0.000000000000000000e+00 1.000000000000000000e+00 0.000000000000000000e+00
0.000000000000000000e+00 6.600000000000000000e+01 2.270000000000000018e+00 0.000000000000000000e+00 -9.338601742976361253e-01 6.668180213309376353e-03 0.000000000000000000e+00 0.000000000000000000e+00 1.320000000000000000e+02 0.000000000000000000e+00 1.000000000000000000e+00 0.000000000000000000e+00
0.000000000000000000e+00 6.600000000000000000e+01 2.279999999999999805e+00 0.000000000000000000e+00 -9.181216194954867627e-01 1.240331681231272160e-02 0.000000000000000000e+00 0.000000000000000000e+00 1.320000000000000000e+02 0.000000000000000000e+00 1.000000000000000000e+00 0.000000000000000000e+00
0.000000000000000000e+00 6.600000000000000000e+01 2.290000000000000036e+00 0.000000000000000000e+00 -9.027177484842783262e-01 1.743398290349076202e-02 0.000000000000000000e+00 0.000000000000000000e+00 1.320000000000000000e+02 0.000000000000000000e+00 1.000000000000000000e+00 0.000000000000000000e+00
0.000000000000000000e+00 6.600000000000000000e+01 2.299999999999999822e+00 0.000000000000000000e+00 -8.876426628589370038e-01 2.163103610135389682e-02 0.000000000000000000e+00 0.000000000000000000e+00 1.320000000000000000e+02 0.000000000000000000e+00 1.000000000000000000e+00 0.000000000000000000e+00
0.000000000000000000e+00 6.600000000000000000e+01 2.310000000000000053e+00 0.000000000000000000e+00 -8.728905901119244914e-01 2.505172504788106408e-02 0.000000000000000000e+00 0.000000000000000000e+00 1.320000000000000000e+02 0.000000000000000000e+00 1.000000000000000000e+00 0.000000000000000000e+00
0.000000000000000000e+00 6.600000000000000000e+01 2.319999999999999840e+00 0.000000000000000000e+00 -8.584558814228449020e-01 2.778519078644290513e-02 0.000000000000000000e+00 0.000000000000000000e+00 1.320000000000000000e+02 0.000000000000000000e+00 1.000000000000000000e+00 0.000000000000000000e+00
0.000000000000000000e+00 6.600000000000000000e+01 2.329999999999999627e+00 0.000000000000000000e+00 -8.443330094954160092e-01 2.991682870074894446e-02 0.000000000000000000e+00 0.000000000000000000e+00 1.320000000000000000e+02 0.000000000000000000e+00 1.000000000000000000e+00 0.000000000000000000e+00
0.000000000000000000e+00 6.600000000000000000e+01 2.339999999999999858e+00 0.000000000000000000e+00 -8.305165664409732695e-01 3.152068244962927257e-02 0.000000000000000000e+00 0.000000000000000000e+00 1.320000000000000000e+02 0.000000000000000000e+00 1.000000000000000000e+00 0.000000000000000000e+00
0.000000000000000000e+00 6.600000000000000000e+01 2.349999999999999645e+00 0.000000000000000000e+00 -8.170012617076967132e-01 3.265914128089085489e-02 0.000000000000000000e+00 0.000000000000000000e+00 1.320000000000000000e+02 0.000000000000000000e+00 1.000000000000000000e+00 0.000000000000000000e+00
0.000000000000000000e+00 6.600000000000000000e+01 2.359999999999999876e+00 0.000000000000000000e+00 -8.037819200547681175e-01 3.338444760380639142e-02 0.000000000000000000e+00 0.000000000000000000e+00 1.320000000000000000e+02 0.000000000000000000e+00 1.000000000000000000e+00 0.000000000000000000e+00
0.000000000000000000e+00 6.600000000000000000e+01 2.369999999999999662e+00 0.000000000000000000e+00 -7.908534795706838594e-01 3.374045553596770330e-02 0.000000000000000000e+00 0.000000000000000000e+00 1.320000000000000000e+02 0.000000000000000000e+00 1.000000000000000000e+00 0.000000000000000000e+00
0.000000000000000000e+00 6.600000000000000000e+01 2.379999999999999893e+00 0.000000000000000000e+00 -7.782109897349611671e-01 3.376421478636899842e-02 0.000000000000000000e+00 0.000000000000000000e+00 1.320000000000000000e+02 0.000000000000000000e+00 1.000000000000000000e+00 0.000000000000000000e+00
0.000000000000000000e+00 6.600000000000000000e+01 2.389999999999999680e+00 0.000000000000000000e+00 -7.658496095225011402e-01 3.348729839402585229e-02 0.000000000000000000e+00 0.000000000000000000e+00 1.320000000000000000e+02 0.000000000000000000e+00 1.000000000000000000e+00 0.000000000000000000e+00
0.000000000000000000e+00 6.600000000000000000e+01 2.399999999999999911e+00 0.000000000000000000e+00 -7.537646055498761211e-01 3.293689508492300688e-02 0.000000000000000000e+00 0.000000000000000000e+00 1.320000000000000000e+02 0.000000000000000000e+00 1.000000000000000000e+00 0.000000000000000000e+00
0.000000000000000000e+00 6.600000000000000000e+01 2.409999999999999698e+00 0.000000000000000000e+00 -7.419513502628367618e-01 3.213671223718438108e-02 0.000000000000000000e+00 0.000000000000000000e+00 1.320000000000000000e+02 0.000000000000000000e+00 1.000000000000000000e+00 0.000000000000000000e+00
0.000000000000000000e+00 6.600000000000000000e+01 2.419999999999999929e+00 0.000000000000000000e+00 -7.304053201643433413e-01 3.110773677868665377e-02 0.000000000000000000e+00 0.000000000000000000e+00 1.320000000000000000e+02 0.000000000000000000e+00 1.000000000000000000e+00 0.000000000000000000e+00
0.000000000000000000e+00 6.600000000000000000e+01 2.429999999999999716e+00 0.000000000000000000e+00 -7.191220940824407659e-01 2.986889653476075546e-02 0.000000000000000000e+00 0.000000000000000000e+00 1.320000000000000000e+02 0.000000000000000000e+00 1.000000000000000000e+00 0.000000000000000000e+00
0.000000000000000000e+00 6.600000000000000000e+01 2.439999999999999947e+00 0.000000000000000000e+00 -7.080973514773165611e-01 2.843765955099385179e-02 0.000000000000000000e+00 0.000000000000000000e+00 1.320000000000000000e+02 0.000000000000000000e+00 1.000000000000000000e+00 0.000000000000000000e+00
0.000000000000000000e+00 6.600000000000000000e+01 2.449999999999999734e+00 0.000000000000000000e+00 -6.973268707868923721e-01 2.683060568203046725e-02 0.000000000000000000e+00 0.000000000000000000e+00 1.320000000000000000e+02 0.000000000000000000e+00 1.000000000000000000e+00 0.000000000000000000e+00
0.000000000000000000e+00 6.600000000000000000e+01 2.459999999999999964e+00 0.000000000000000000e+00 -6.868065278103162585e-01 2.506400390051605198e-02 0.000000000000000000e+00 0.000000000000000000e+00 1.320000000000000000e+02 0.000000000000000000e+00 1.000000000000000000e+00 0.000000000000000000e+00
0.000000000000000000e+00 6.600000000000000000e+01 2.469999999999999751e+00 0.000000000000000000e+00 -6.765322941287349456e-01 2.315443064532221595e-02 0.000000000000000000e+00 0.000000000000000000e+00 1.320000000000000000e+02 0.000000000000000000e+00 1.000000000000000000e+00 0.000000000000000000e+00
0.000000000000000000e+00 6.600000000000000000e+01 2.479999999999999982e+00 0.000000000000000000e+00 -6.665002355627444031e-01 2.111946940918891374e-02 0.000000000000000000e+00 0.000000000000000000e+00 1.320000000000000000e+02 0.000000000000000000e+00 1.000000000000000000e+00 0.000000000000000000e+00
0.000000000000000000e+00 6.600000000000000000e+01 2.489999999999999769e+00 0.000000000000000000e+00 -6.567065106659248919e-01 1.897854005932386040e-02 0.000000000000000000e+00 0.000000000000000000e+00 1.320000000000000000e+02 0.000000000000000000e+00 1.000000000000000000e+00 0.000000000000000000e+00
0.000000000000000000e+00 6.600000000000000000e+01 2.500000000000000000e+00 0.000000000000000000e+00 -6.471473692538856071e-01 1.675391840941600069e-02 0.000000000000000000e+00 0.000000000000000000e+00 1.320000000000000000e+02 0.000000000000000000e+00 1.000000000000000000e+00 0.000000000000000000e+00
0.000000000000000000e+00 6.600000000000000000e+01 2.509999999999999787e+00 0.000000000000000000e+00 -6.378191509682553662e-01 1.447202194785764118e-02 0.000000000000000000e+00 0.000000000000000000e+00 1.320000000000000000e+02 0.000000000000000000e+00 1.000000000000000000e+00 0.000000000000000000e+00
0.000000000000000000e+00 6.600000000000000000e+01 2.520000000000000018e+00 0.000000000000000000e+00 -6.287182838750688951e-01 1.216505354032859643e-02 0.000000000000000000e+00 0.000000000000000000e+00 1.320000000000000000e+02 0.000000000000000000e+00 1.000000000000000000e+00 0.000000000000000000e+00
0.000000000000000000e+00 6.600000000000000000e+01 2.529999999999999805e+00 0.000000000000000000e+00 -6.198412830970116971e-01 9.873101167285985857e-03 0.000000000000000000e+00 0.000000000000000000e+00 1.320000000000000000e+02 0.000000000000000000e+00 1.000000000000000000e+00 0.000000000000000000e+00
0.000000000000000000e+00 6.600000000000000000e+01 2.540000000000000036e+00 0.000000000000000000e+00 -6.111847494790015878e-01 7.646757359918404662e-03 0.000000000000000000e+00 0.000000000000000000e+00 1.320000000000000000e+02 0.000000000000000000e+00 1.000000000000000000e+00 0.000000000000000000e+00
0.000000000000000000e+00 6.600000000000000000e+01 2.549999999999999822e+00 0.000000000000000000e+00 -6.027453682865948625e-01 5.550158361289306980e-03 0.000000000000000000e+00 0.000000000000000000e+00 1.320000000000000000e+02 0.000000000000000000e+00 1.000000000000000000e+00 0.000000000000000000e+00
0.000000000000000000e+00 6.600000000000000000e+01 2.560000000000000053e+00 0.000000000000000000e+00 -5.945199079367164963e-01 3.663802184870661172e-03 0.000000000000000000e+00 0.000000000000000000e+00 1.320000000000000000e+02 0.000000000000000000e+00 1.000000000000000000e+00 0.000000000000000000e+00
0.000000000000000000e+00 6.600000000000000000e+01 2.569999999999999840e+00 0.000000000000000000e+00 -5.865052187602330935e-01 2.084904434466043274e-03 0.000000000000000000e+00 0.000000000000000000e+00 1.320000000000000000e+02 0.000000000000000000e+00 1.000000000000000000e+00 0.000000000000000000e+00
0.000000000000000000e+00 6.600000000000000000e+01 2.579999999999999627e+00 0.000000000000000000e+00 -5.786982317958900834e-01 9.186223715467222231e-04 0.000000000000000000e+00 0.000000000000000000e+00 1.320000000000000000e+02 0.000000000000000000e+00 1.000000000000000000e+00 0.000000000000000000e+00
0.000000000000000000e+00 6.600000000000000000e+01 2.589999999999999858e+00 0.000000000000000000e+00 -5.710959576151541928e-01 2.428009489078074117e-04 0.000000000000000000e+00 0.000000000000000000e+00 1.320000000000000000e+02 0.000000000000000000e+00 1.000000000000000000e+00 0.000000000000000000e+00
0.000000000000000000e+00 6.600000000000000000e+01 2.599999999999999645e+00 0.000000000000000000e+00 -5.636954851775105579e-01 1.708628647111495587e-05 0.000000000000000000e+00 0.000000000000000000e+00 1.320000000000000000e+02 0.000000000000000000e+00 1.000000000000000000e+00 0.000000000000000000e+00
0.000000000000000000e+00 6.600000000000000000e+01 2.609999999999999876e+00 0.000000000000000000e+00 -5.564939807157754936e-01 2.070416023366401366e-09 1.000000000000000000e+00 1.000000000000000000e+00 1.320000000000000000e+02 0.000000000000000000e+00 1.000000000000000000e+00 0.000000000000000000e+00
0.000000000000000000e+00 6.600000000000000000e+01 2.619999999999999662e+00 0.000000000000000000e+00 -5.412675440022204354e-01 1.181490931990194755e-05 0.000000000000000000e+00 0.000000000000000000e+00 1.320000000000000000e+02 0.000000000000000000e+00 1.000000000000000000e+00 0.000000000000000000e+00
0.000000000000000000e+00 6.600000000000000000e+01 2.629999999999999893e+00 0.000000000000000000e+00 -5.262314872231701468e-01 1.480698064975274203e-04 0.000000000000000000e+00 0.000000000000000000e+00 1.320000000000000000e+02 0.000000000000000000e+00 1.000000000000000000e+00 0.000000000000000000e+00
0.000000000000000000e+00 6.600000000000000000e+01 2.639999999999999680e+00 0.000000000000000000e+00 -5.113800528158969350e-01 5.184473170128187786e-04 0.000000000000000000e+00 0.000000000000000000e+00 1.320000000000000000e+02 0.000000000000000000e+00 1.000000000000000000e+00 0.000000000000000000e+00
0.000000000000000000e+00 6.600000000000000000e+01 2.649999999999999911e+00 0.000000000000000000e+00 -4.967075539127299710e-01 1.109749178065264075e-03 0.000000000000000000e+00 0.000000000000000000e+00 1.320000000000000000e+02 0.000000000000000000e+00 1.000000000000000000e+00 0.000000000000000000e+00
0.000000000000000000e+00 6.600000000000000000e+01 2.659999999999999698e+00 0.000000000000000000e+00 -4.822083721634562448e-01 1.857610436733899903e-03 0.000000000000000000e+00 0.000000000000000000e+00 1.320000000000000000e+02 0.000000000000000000e+00 1.000000000000000000e+00 0.000000000000000000e+00
0.000000000000000000e+00 6.600000000000000000e+01 2.669999999999999929e+00 0.000000000000000000e+00 -4.678769555839589200e-01 2.697037401432234027e-03 0.000000000000000000e+00 0.000000000000000000e+00 1.320000000000000000e+02 0.000000000000000000e+00 1.000000000000000000e+00 0.000000000000000000e+00
0.000000000000000000e+00 6.600000000000000000e+01 2.679999999999999716e+00 0.000000000000000000e+00 -4.537078164302671968e-01 3.576626519067992865e-03 0.000000000000000000e+00 0.000000000000000000e+00 1.320000000000000000e+02 0.000000000000000000e+00 1.000000000000000000e+00 0.000000000000000000e+00
0.000000000000000000e+00 6.600000000000000000e+01 2.689999999999999947e+00 0.000000000000000000e+00 -4.396955290972058283e-01 4.459257693700143660e-03 0.000000000000000000e+00 0.000000000000000000e+00 1.320000000000000000e+02 0.000000000000000000e+00 1.000000000000000000e+00 0.000000000000000000e+00
0.000000000000000000e+00 6.600000000000000000e+01 2.699999999999999734e+00 0.000000000000000000e+00 -4.258347280408385505e-01 5.319365922580764766e-03 0.000000000000000000e+00 0.000000000000000000e+00 1.320000000000000000e+02 0.000000000000000000e+00 1.000000000000000000e+00 0.000000000000000000e+00
0.000000000000000000e+00 6.600000000000000000e+01 2.709999999999999964e+00 0.000000000000000000e+00 -4.121201057239095022e-01 6.139971434450001292e-03 0.000000000000000000e+00 0.000000000000000000e+00 1.320000000000000000e+02 0.000000000000000000e+00 1.000000000000000000e+00 0.000000000000000000e+00
0.000000000000000000e+00 6.600000000000000000e+01 2.719999999999999751e+00 0.000000000000000000e+00 -3.985464105834964355e-01 6.910255994657461126e-03 0.000000000000000000e+00 0.000000000000000000e+00 1.320000000000000000e+02 0.000000000000000000e+00 1.000000000000000000e+00 0.000000000000000000e+00
0.000000000000000000e+00 6.600000000000000000e+01 2.729999999999999982e+00 0.000000000000000000e+00 -3.851084450200981668e-01 7.623754142088899621e-03 0.000000000000000000e+00 0.000000000000000000e+00 1.320000000000000000e+02 0.000000000000000000e+00 1.000000000000000000e+00 0.000000000000000000e+00
0.000000000000000000e+00 6.600000000000000000e+01 2.739999999999999769e+00 0.000000000000000000e+00 -3.718010634073844467e-01 8.277049101923519836e-03 0.000000000000000000e+00 0.000000000000000000e+00 1.320000000000000000e+02 0.000000000000000000e+00 1.000000000000000000e+00 0.000000000000000000e+00
0.000000000000000000e+00 6.600000000000000000e+01 2.750000000000000000e+00 0.000000000000000000e+00 -3.586191701218484629e-01 8.868844975792516960e-03 0.000000000000000000e+00 0.000000000000000000e+00 1.320000000000000000e+02 0.000000000000000000e+00 1.000000000000000000e+00 0.000000000000000000e+00
0.000000000000000000e+00 6.600000000000000000e+01 2.759999999999999787e+00 0.000000000000000000e+00 -3.455577175916049737e-01 9.399309304625978745e-03 0.000000000000000000e+00 0.000000000000000000e+00 1.320000000000000000e+02 0.000000000000000000e+00 1.000000000000000000e+00 0.000000000000000000e+00
0.000000000000000000e+00 6.600000000000000000e+01 2.770000000000000018e+00 0.000000000000000000e+00 -3.326117043635896109e-01 9.869607212145747877e-03 0.000000000000000000e+00 0.000000000000000000e+00 1.320000000000000000e+02 0.000000000000000000e+00 1.000000000000000000e+00 0.000000000000000000e+00
0.000000000000000000e+00 6.600000000000000000e+01 2.779999999999999805e+00 0.000000000000000000e+00 -3.197761731884162240e-01 1.028157081569700676e-02 0.000000000000000000e+00 0.000000000000000000e+00 1.320000000000000000e+02 0.000000000000000000e+00 1.000000000000000000e+00 0.000000000000000000e+00
0.000000000000000000e+00 6.600000000000000000e+01 2.790000000000000036e+00 0.000000000000000000e+00 -3.070462091221626832e-01 1.063746428154414836e-02 0.000000000000000000e+00 0.000000000000000000e+00 1.320000000000000000e+02 0.000000000000000000e+00 1.000000000000000000e+00 0.000000000000000000e+00
0.000000000000000000e+00 6.600000000000000000e+01 2.799999999999999822e+00 0.000000000000000000e+00 -2.944169376443539488e-01 1.093981676640441714e-02 0.000000000000000000e+00 0.000000000000000000e+00 1.320000000000000000e+02 0.000000000000000000e+00 1.000000000000000000e+00 0.000000000000000000e+00
0.000000000000000000e+00 6.600000000000000000e+01 2.810000000000000053e+00 0.000000000000000000e+00 -2.818835227914254782e-01 1.119130377395256837e-02 0.000000000000000000e+00 0.000000000000000000e+00 1.320000000000000000e+02 0.000000000000000000e+00 1.000000000000000000e+00 0.000000000000000000e+00
0.000000000000000000e+00 6.600000000000000000e+01 2.819999999999999840e+00 0.000000000000000000e+00 -2.694411653049502142e-01 1.139466321113800223e-02 0.000000000000000000e+00 0.000000000000000000e+00 1.320000000000000000e+02 0.000000000000000000e+00 1.000000000000000000e+00 0.000000000000000000e+00
0.000000000000000000e+00 6.600000000000000000e+01 2.829999999999999627e+00 0.000000000000000000e+00 -2.570851007939205513e-01 1.155263642977549798e-02 0.000000000000000000e+00 0.000000000000000000e+00 1.320000000000000000e+02 0.000000000000000000e+00 1.000000000000000000e+00 0.000000000000000000e+00
0.000000000000000000e+00 6.600000000000000000e+01 2.839999999999999858e+00 0.000000000000000000e+00 -2.448105979103817331e-01 1.166792733014519051e-02 0.000000000000000000e+00 0.000000000000000000e+00 1.320000000000000000e+02 0.000000000000000000e+00 1.000000000000000000e+00 0.000000000000000000e+00
0.000000000000000000e+00 6.600000000000000000e+01 2.849999999999999645e+00 0.000000000000000000e+00 -2.326129565377181296e-01 1.174317456174128055e-02 0.000000000000000000e+00 0.000000000000000000e+00 1.320000000000000000e+02 0.000000000000000000e+00 1.000000000000000000e+00 0.000000000000000000e+00
0.000000000000000000e+00 6.600000000000000000e+01 2.859999999999999876e+00 0.000000000000000000e+00 -2.204875059908980028e-01 1.178093323920152008e-02 0.000000000000000000e+00 0.000000000000000000e+00 1.320000000000000000e+02 0.000000000000000000e+00 1.000000000000000000e+00 0.000000000000000000e+00
0.000000000000000000e+00 6.600000000000000000e+01 2.869999999999999662e+00 0.000000000000000000e+00 -2.084296032279890076e-01 1.178366357456960001e-02 0.000000000000000000e+00 0.000000000000000000e+00 1.320000000000000000e+02 0.000000000000000000e+00 1.000000000000000000e+00 0.000000000000000000e+00
0.000000000000000000e+00 6.600000000000000000e+01 2.879999999999999893e+00 0.000000000000000000e+00 -1.964346310722577260e-01 1.175372453068714018e-02 0.000000000000000000e+00 0.000000000000000000e+00 1.320000000000000000e+02 0.000000000000000000e+00 1.000000000000000000e+00 0.000000000000000000e+00
0.000000000000000000e+00 6.600000000000000000e+01 2.889999999999999680e+00 0.000000000000000000e+00 -1.844979964441741949e-01 1.169337110744744779e-02 0.000000000000000000e+00 0.000000000000000000e+00 1.320000000000000000e+02 0.000000000000000000e+00 1.000000000000000000e+00 0.000000000000000000e+00
0.000000000000000000e+00 6.600000000000000000e+01 2.899999999999999911e+00 0.000000000000000000e+00 -1.726151286026434972e-01 1.160475424014049961e-02 0.000000000000000000e+00 0.000000000000000000e+00 1.320000000000000000e+02 0.000000000000000000e+00 1.000000000000000000e+00 0.000000000000000000e+00
0.000000000000000000e+00 6.600000000000000000e+01 2.909999999999999698e+00 0.000000000000000000e+00 -1.607814773947904841e-01 1.148992255708405907e-02 0.000000000000000000e+00 0.000000000000000000e+00 1.320000000000000000e+02 0.000000000000000000e+00 1.000000000000000000e+00 0.000000000000000000e+00
0.000000000000000000e+00 6.600000000000000000e+01 2.919999999999999929e+00 0.000000000000000000e+00 -1.489925115136291611e-01 1.135082544016936812e-02 0.000000000000000000e+00 0.000000000000000000e+00 1.320000000000000000e+02 0.000000000000000000e+00 1.000000000000000000e+00 0.000000000000000000e+00
0.000000000000000000e+00 6.600000000000000000e+01 2.929999999999999716e+00 0.000000000000000000e+00 -1.372437167629475818e-01 1.118931697662523678e-02 0.000000000000000000e+00 0.000000000000000000e+00 1.320000000000000000e+02 0.000000000000000000e+00 1.000000000000000000e+00 0.000000000000000000e+00
0.000000000000000000e+00 6.600000000000000000e+01 2.939999999999999947e+00 0.000000000000000000e+00 -1.255305943287450543e-01 1.100716049730519897e-02 0.000000000000000000e+00 0.000000000000000000e+00 1.320000000000000000e+02 0.000000000000000000e+00 1.000000000000000000e+00 0.000000000000000000e+00
0.000000000000000000e+00 6.600000000000000000e+01 2.949999999999999734e+00 0.000000000000000000e+00 -1.138486590565598866e-01 1.080603347619416704e-02 0.000000000000000000e+00 0.000000000000000000e+00 1.320000000000000000e+02 0.000000000000000000e+00 1.000000000000000000e+00 0.000000000000000000e+00
0.000000000000000000e+00 6.600000000000000000e+01 2.959999999999999964e+00 0.000000000000000000e+00 -1.021934377340266986e-01 1.058753262489526420e-02 0.000000000000000000e+00 0.000000000000000000e+00 1.320000000000000000e+02 0.000000000000000000e+00 1.000000000000000000e+00 0.000000000000000000e+00
0.000000000000000000e+00 6.600000000000000000e+01 2.969999999999999751e+00 0.000000000000000000e+00 -9.056046737800732549e-02 1.035317905984877579e-02 0.000000000000000000e+00 0.000000000000000000e+00 1.320000000000000000e+02 0.000000000000000000e+00 1.000000000000000000e+00 0.000000000000000000e+00
0.000000000000000000e+00 6.600000000000000000e+01 2.979999999999999982e+00 0.000000000000000000e+00 -7.894529352563853242e-02 1.010442345281076237e-02 0.000000000000000000e+00 0.000000000000000000e+00 1.320000000000000000e+02 0.000000000000000000e+00 1.000000000000000000e+00 0.000000000000000000e+00
0.000000000000000000e+00 6.600000000000000000e+01 2.989999999999999769e+00 0.000000000000000000e+00 -6.734346852864178667e-02 9.842651099485254240e-03 0.000000000000000000e+00 0.000000000000000000e+00 1.320000000000000000e+02 0.000000000000000000e+00 1.000000000000000000e+00 0.000000000000000000e+00
0.000000000000000000e+00 6.600000000000000000e+01 3.000000000000000000e+00 0.000000000000000000e+00 -5.575054985024329585e-02 9.569186859248658694e-03 0.000000000000000000e+00 0.000000000000000000e+00 1.320000000000000000e+02 0.000000000000000000e+00 1.000000000000000000e+00 0.000000000000000000e+00
0.000000000000000000e+00 6.600000000000000000e+01 3.009999999999999787e+00 0.000000000000000000e+00 -4.416209836405051575e-02 9.285299932156550196e-03 0.000000000000000000e+00 0.000000000000000000e+00 1.320000000000000000e+02 0.000000000000000000e+00 1.000000000000000000e+00 0.000000000000000000e+00
0.000000000000000000e+00 6.600000000000000000e+01 3.020000000000000018e+00 0.000000000000000000e+00 -3.257367665423512720e-02 8.992208449024409467e-03 0.000000000000000000e+00 0.000000000000000000e+00 1.320000000000000000e+02 0.000000000000000000e+00 1.000000000000000000e+00 0.000000000000000000e+00
0.000000000000000000e+00 6.600000000000000000e+01 3.029999999999999805e+00 0.000000000000000000e+00 -2.098084731637047534e-02 8.691083857174417004e-03 0.000000000000000000e+00 0.000000000000000000e+00 1.320000000000000000e+02 0.000000000000000000e+00 1.000000000000000000e+00 0.000000000000000000e+00
0.000000000000000000e+00 6.600000000000000000e+01 3.040000000000000036e+00 0.000000000000000000e+00 -9.379171258274220102e-03 8.383055089069571530e-03 0.000000000000000000e+00 0.000000000000000000e+00 1.320000000000000000e+02 0.000000000000000000e+00 1.000000000000000000e+00 0.000000000000000000e+00
0.000000000000000000e+00 6.600000000000000000e+01 3.049999999999999822e+00 0.000000000000000000e+00 2.235793999796266418e-03 8.069212503987149843e-03 0.000000000000000000e+00 0.000000000000000000e+00 1.320000000000000000e+02 0.000000000000000000e+00 1.000000000000000000e+00 0.000000000000000000e+00
0.000000000000000000e+00 6.600000000000000000e+01 3.060000000000000053e+00 0.000000000000000000e+00 1.386849602624513206e-02 7.750611594462213094e-03 0.000000000000000000e+00 0.000000000000000000e+00 1.320000000000000000e+02 0.000000000000000000e+00 1.000000000000000000e+00 0.000000000000000000e+00
0.000000000000000000e+00 6.600000000000000000e+01 3.069999999999999840e+00 0.000000000000000000e+00 2.552338918118780137e-02 7.428276449718745900e-03 0.000000000000000000e+00 0.000000000000000000e+00 1.320000000000000000e+02 0.000000000000000000e+00 1.000000000000000000e+00 0.000000000000000000e+00
0.000000000000000000e+00 6.600000000000000000e+01 3.080000000000000071e+00 0.000000000000000000e+00 3.720493632210137430e-02 7.103202967888681829e-03 0.000000000000000000e+00 0.000000000000000000e+00 1.320000000000000000e+02 0.000000000000000000e+00 1.000000000000000000e+00 0.000000000000000000e+00
0.000000000000000000e+00 6.600000000000000000e+01 3.089999999999999858e+00 0.000000000000000000e+00 4.891761051272908861e-02 6.776361807632032275e-03 0.000000000000000000e+00 0.000000000000000000e+00 1.320000000000000000e+02 0.000000000000000000e+00 1.000000000000000000e+00 0.000000000000000000e+00
0.000000000000000000e+00 6.600000000000000000e+01 3.099999999999999645e+00 0.000000000000000000e+00 6.066589673589251747e-02 6.448701067914987262e-03 0.000000000000000000e+00 0.000000000000000000e+00 1.320000000000000000e+02 0.000000000000000000e+00 1.000000000000000000e+00 0.000000000000000000e+00
0.000000000000000000e+00 6.600000000000000000e+01 3.109999999999999876e+00 0.000000000000000000e+00 7.245429361086866415e-02 6.121148682235469374e-03 0.000000000000000000e+00 0.000000000000000000e+00 1.320000000000000000e+02 0.000000000000000000e+00 1.000000000000000000e+00 0.000000000000000000e+00
0.000000000000000000e+00 6.600000000000000000e+01 3.119999999999999662e+00 0.000000000000000000e+00 8.428731511598724913e-02 5.794614510559958909e-03 0.000000000000000000e+00 0.000000000000000000e+00 1.320000000000000000e+02 0.000000000000000000e+00 1.000000000000000000e+00 0.000000000000000000e+00
0.000000000000000000e+00 6.600000000000000000e+01 3.129999999999999893e+00 0.000000000000000000e+00 9.616949231711027779e-02 5.469992108671137970e-03 0.000000000000000000e+00 0.000000000000000000e+00 1.320000000000000000e+02 0.000000000000000000e+00 1.000000000000000000e+00 0.000000000000000000e+00
0.000000000000000000e+00 6.600000000000000000e+01 3.139999999999999680e+00 0.000000000000000000e+00 1.081053751026546939e-01 5.148160150548336533e-03 0.000000000000000000e+00 0.000000000000000000e+00 1.320000000000000000e+02 0.000000000000000000e+00 1.000000000000000000e+00 0.000000000000000000e+00
0.000000000000000000e+00 6.600000000000000000e+01 3.149999999999999911e+00 0.000000000000000000e+00 1.200995339258223993e-01 4.829983474824592338e-03 0.000000000000000000e+00 0.000000000000000000e+00 1.320000000000000000e+02 0.000000000000000000e+00 1.000000000000000000e+00 0.000000000000000000e+00
0.000000000000000000e+00 6.600000000000000000e+01 3.159999999999999698e+00 0.000000000000000000e+00 1.321565615547045380e-01 4.516313721306709772e-03 0.000000000000000000e+00 0.000000000000000000e+00 1.320000000000000000e+02 0.000000000000000000e+00 1.000000000000000000e+00 0.000000000000000000e+00
0.000000000000000000e+00 6.600000000000000000e+01 3.169999999999999929e+00 0.000000000000000000e+00 1.442810748309302782e-01 4.207989518039242233e-03 0.000000000000000000e+00 0.000000000000000000e+00 1.320000000000000000e+02 0.000000000000000000e+00 1.000000000000000000e+00 0.000000000000000000e+00
0.000000000000000000e+00 6.600000000000000000e+01 3.179999999999999716e+00 0.000000000000000000e+00 1.564777164375354412e-01 3.905836173496018970e-03 0.000000000000000000e+00 0.000000000000000000e+00 1.320000000000000000e+02 0.000000000000000000e+00 1.000000000000000000e+00 0.000000000000000000e+00
0.000000000000000000e+00 6.600000000000000000e+01 3.189999999999999947e+00 0.000000000000000000e+00 1.687511566767240789e-01 3.610664822278186054e-03 0.000000000000000000e+00 0.000000000000000000e+00 1.320000000000000000e+02 0.000000000000000000e+00 1.000000000000000000e+00 0.000000000000000000e+00
0.000000000000000000e+00 6.600000000000000000e+01 3.199999999999999734e+00 0.000000000000000000e+00 1.811060952582073114e-01 3.323270966332923099e-03 0.000000000000000000e+00 0.000000000000000000e+00 1.320000000000000000e+02 0.000000000000000000e+00 1.000000000000000000e+00 0.000000000000000000e+00
0.000000000000000000e+00 6.600000000000000000e+01 3.209999999999999964e+00 0.000000000000000000e+00 1.935472630988022413e-01 3.044432347388912469e-03 0.000000000000000000e+00 0.000000000000000000e+00 1.320000000000000000e+02 0.000000000000000000e+00 1.000000000000000000e+00 0.000000000000000000e+00
0.000000000000000000e+00 6.600000000000000000e+01 3.219999999999999751e+00 0.000000000000000000e+00 2.060794241339805599e-01 2.774906080357013305e-03 0.000000000000000000e+00 0.000000000000000000e+00 1.320000000000000000e+02 0.000000000000000000e+00 1.000000000000000000e+00 0.000000000000000000e+00
0.000000000000000000e+00 6.600000000000000000e+01 3.229999999999999982e+00 0.000000000000000000e+00 2.187073771420615098e-01 2.515424972320913499e-03 0.000000000000000000e+00 0.000000000000000000e+00 1.320000000000000000e+02 0.000000000000000000e+00 1.000000000000000000e+00 0.000000000000000000e+00
0.000000000000000000e+00 6.600000000000000000e+01 3.239999999999999769e+00 0.000000000000000000e+00 2.314359575817448444e-01 2.266692948093777804e-03 0.000000000000000000e+00 0.000000000000000000e+00 1.320000000000000000e+02 0.000000000000000000e+00 1.000000000000000000e+00 0.000000000000000000e+00
0.000000000000000000e+00 6.600000000000000000e+01 3.250000000000000000e+00 0.000000000000000000e+00 2.442700394436913003e-01 2.029379502043066399e-03 0.000000000000000000e+00 0.000000000000000000e+00 1.320000000000000000e+02 0.000000000000000000e+00 1.000000000000000000e+00 0.000000000000000000e+00
0.000000000000000000e+00 6.600000000000000000e+01 3.259999999999999787e+00 0.000000000000000000e+00 2.572145371168564898e-01 1.804113098225727449e-03 0.000000000000000000e+00 0.000000000000000000e+00 1.320000000000000000e+02 0.000000000000000000e+00 1.000000000000000000e+00 0.000000000000000000e+00
0.000000000000000000e+00 6.600000000000000000e+01 3.270000000000000018e+00 0.000000000000000000e+00 2.702744072702946143e-01 1.591473448501327589e-03 0.000000000000000000e+00 0.000000000000000000e+00 1.320000000000000000e+02 0.000000000000000000e+00 1.000000000000000000e+00 0.000000000000000000e+00
0.000000000000000000e+00 6.600000000000000000e+01 3.279999999999999805e+00 0.000000000000000000e+00 2.834546507511507829e-01 1.391982613430597926e-03 0.000000000000000000e+00 0.000000000000000000e+00 1.320000000000000000e+02 0.000000000000000000e+00 1.000000000000000000e+00 0.000000000000000000e+00
0.000000000000000000e+00 6.600000000000000000e+01 3.290000000000000036e+00 0.000000000000000000e+00 2.967603144995719644e-01 1.206094896353352222e-03 0.000000000000000000e+00 0.000000000000000000e+00 1.320000000000000000e+02 0.000000000000000000e+00 1.000000000000000000e+00 0.000000000000000000e+00
0.000000000000000000e+00 6.600000000000000000e+01 3.299999999999999822e+00 0.000000000000000000e+00 3.101964934812657115e-01 1.034185540854007379e-03 0.000000000000000000e+00 0.000000000000000000e+00 1.320000000000000000e+02 0.000000000000000000e+00 1.000000000000000000e+00 0.000000000000000000e+00
0.000000000000000000e+00 6.600000000000000000e+01 3.310000000000000053e+00 0.000000000000000000e+00 3.237683326384491744e-01 8.765383006577665351e-04 0.000000000000000000e+00 0.000000000000000000e+00 1.320000000000000000e+02 0.000000000000000000e+00 1.000000000000000000e+00 0.000000000000000000e+00
0.000000000000000000e+00 6.600000000000000000e+01 3.319999999999999840e+00 0.000000000000000000e+00 3.374810288599363051e-01 7.333320347553667212e-04 0.000000000000000000e+00 0.000000000000000000e+00 1.320000000000000000e+02 0.000000000000000000e+00 1.000000000000000000e+00 0.000000000000000000e+00
0.000000000000000000e+00 6.600000000000000000e+01 3.330000000000000071e+00 0.000000000000000000e+00 3.513398329711142076e-01 6.046265962395876853e-04 0.000000000000000000e+00 0.000000000000000000e+00 1.320000000000000000e+02 0.000000000000000000e+00 1.000000000000000000e+00 0.000000000000000000e+00
0.000000000000000000e+00 6.600000000000000000e+01 3.339999999999999858e+00 0.000000000000000000e+00 3.653500517445743556e-01 4.903484388197191027e-04 0.000000000000000000e+00 0.000000000000000000e+00 1.320000000000000000e+02 0.000000000000000000e+00 1.000000000000000000e+00 0.000000000000000000e+00
0.000000000000000000e+00 6.600000000000000000e+01 3.349999999999999645e+00 0.000000000000000000e+00 3.795170499321666724e-01 3.902765682814303243e-04 0.000000000000000000e+00 0.000000000000000000e+00 1.320000000000000000e+02 0.000000000000000000e+00 1.000000000000000000e+00 0.000000000000000000e+00
0.000000000000000000e+00 6.600000000000000000e+01 3.359999999999999876e+00 0.000000000000000000e+00 3.938462523192534648e-01 3.040297239338693794e-04 0.000000000000000000e+00 0.000000000000000000e+00 1.320000000000000000e+02 0.000000000000000000e+00 1.000000000000000000e+00 0.000000000000000000e+00
0.000000000000000000e+00 6.600000000000000000e+01 3.369999999999999662e+00 0.000000000000000000e+00 4.083431458019536331e-01 2.310559897306741287e-04 0.000000000000000000e+00 0.000000000000000000e+00 1.320000000000000000e+02 0.000000000000000000e+00 1.000000000000000000e+00 0.000000000000000000e+00
0.000000000000000000e+00 6.600000000000000000e+01 3.379999999999999893e+00 0.000000000000000000e+00 4.230132814881677472e-01 1.706263993312509032e-04 0.000000000000000000e+00 0.000000000000000000e+00 1.320000000000000000e+02 0.000000000000000000e+00 1.000000000000000000e+00 0.000000000000000000e+00
0.000000000000000000e+00 6.600000000000000000e+01 3.389999999999999680e+00 0.000000000000000000e+00 4.378622768231926754e-01 1.218344892387741938e-04 0.000000000000000000e+00 0.000000000000000000e+00 1.320000000000000000e+02 0.000000000000000000e+00 1.000000000000000000e+00 0.000000000000000000e+00
0.000000000000000000e+00 6.600000000000000000e+01 3.399999999999999911e+00 0.000000000000000000e+00 4.528958177407369501e-01 8.360411403685497241e-05 0.000000000000000000e+00 0.000000000000000000e+00 1.320000000000000000e+02 0.000000000000000000e+00 1.000000000000000000e+00 0.000000000000000000e+00
0.000000000000000000e+00 6.600000000000000000e+01 3.409999999999999698e+00 0.000000000000000000e+00 4.681196608401618775e-01 5.470806341019332063e-05 0.000000000000000000e+00 0.000000000000000000e+00 1.320000000000000000e+02 0.000000000000000000e+00 1.000000000000000000e+00 0.000000000000000000e+00
0.000000000000000000e+00 6.600000000000000000e+01 3.419999999999999929e+00 0.000000000000000000e+00 4.835396355907818355e-01 3.379993622792227485e-05 0.000000000000000000e+00 0.000000000000000000e+00 1.320000000000000000e+02 0.000000000000000000e+00 1.000000000000000000e+00 0.000000000000000000e+00
0.000000000000000000e+00 6.600000000000000000e+01 3.429999999999999716e+00 0.000000000000000000e+00 4.991616465640670297e-01 1.946106463415156907e-05 0.000000000000000000e+00 0.000000000000000000e+00 1.320000000000000000e+02 0.000000000000000000e+00 1.000000000000000000e+00 0.000000000000000000e+00
0.000000000000000000e+00 6.600000000000000000e+01 3.439999999999999947e+00 0.000000000000000000e+00 5.149916756946055774e-01 1.026268193040635337e-05 0.000000000000000000e+00 0.000000000000000000e+00 1.320000000000000000e+02 0.000000000000000000e+00 1.000000000000000000e+00 0.000000000000000000e+00
0.000000000000000000e+00 6.600000000000000000e+01 3.449999999999999734e+00 0.000000000000000000e+00 5.310357845706870084e-01 4.840607828267848647e-06 0.000000000000000000e+00 0.000000000000000000e+00 1.320000000000000000e+02 0.000000000000000000e+00 1.000000000000000000e+00 0.000000000000000000e+00
0.000000000000000000e+00 6.600000000000000000e+01 3.459999999999999964e+00 0.000000000000000000e+00 5.473001167553892543e-01 1.975284636831181704e-06 0.000000000000000000e+00 0.000000000000000000e+00 1.320000000000000000e+02 0.000000000000000000e+00 1.000000000000000000e+00 0.000000000000000000e+00
0.000000000000000000e+00 6.600000000000000000e+01 3.469999999999999751e+00 0.000000000000000000e+00 5.637909001390530861e-01 6.644897405049711848e-07 0.000000000000000000e+00 0.000000000000000000e+00 1.320000000000000000e+02 0.000000000000000000e+00 1.000000000000000000e+00 0.000000000000000000e+00
0.000000000000000000e+00 6.600000000000000000e+01 3.479999999999999982e+00 0.000000000000000000e+00 5.805144493240478321e-01 1.713327616856563323e-07 0.000000000000000000e+00 0.000000000000000000e+00 1.320000000000000000e+02 0.000000000000000000e+00 1.000000000000000000e+00 0.000000000000000000e+00
0.000000000000000000e+00 6.600000000000000000e+01 3.489999999999999769e+00 0.000000000000000000e+00 5.974771680427395371e-01 3.016642281112976415e-08 0.000000000000000000e+00 0.000000000000000000e+00 1.320000000000000000e+02 0.000000000000000000e+00 1.000000000000000000e+00 0.000000000000000000e+00
0.000000000000000000e+00 6.600000000000000000e+01 3.500000000000000000e+00 0.000000000000000000e+00 6.146855516095909300e-01 2.984157944926102588e-09 0.000000000000000000e+00 0.000000000000000000e+00 1.320000000000000000e+02 0.000000000000000000e+00 1.000000000000000000e+00 0.000000000000000000e+00
0.000000000000000000e+00 6.600000000000000000e+01 3.509999999999999787e+00 0.000000000000000000e+00 6.321461894083264532e-01 1.159347138907595309e-10 0.000000000000000000e+00 0.000000000000000000e+00 1.320000000000000000e+02 0.000000000000000000e+00 1.000000000000000000e+00 0.000000000000000000e+00
0.000000000000000000e+00 6.600000000000000000e+01 3.520000000000000018e+00 0.000000000000000000e+00 6.498657674151216979e-01 8.454197459923516380e-13 0.000000000000000000e+00 0.000000000000000000e+00 1.320000000000000000e+02 0.000000000000000000e+00 1.000000000000000000e+00 0.000000000000000000e+00
0.000000000000000000e+00 6.600000000000000000e+01 3.529999999999999805e+00 0.000000000000000000e+00 6.678510707587758111e-01 1.891467625867972985e-16 0.000000000000000000e+00 0.000000000000000000e+00 1.320000000000000000e+02 0.000000000000000000e+00 1.000000000000000000e+00 0.000000000000000000e+00
0.000000000000000000e+00 6.600000000000000000e+01 3.540000000000000036e+00 0.000000000000000000e+00 6.861089863188545301e-01 3.296882421198817481e-24 0.000000000000000000e+00 0.000000000000000000e+00 1.320000000000000000e+02 0.000000000000000000e+00 1.000000000000000000e+00 0.000000000000000000e+00
0.000000000000000000e+00 6.600000000000000000e+01 3.549999999999999822e+00 0.000000000000000000e+00 7.046465053627926078e-01 6.715581371477568665e-53 1.000000000000000000e+00 1.000000000000000000e+00 1.320000000000000000e+02 0.000000000000000000e+00 1.000000000000000000e+00 0.000000000000000000e+00
0.000000000000000000e+00 6.600000000000000000e+01 3.560000000000000053e+00 0.000000000000000000e+00 6.992089013447319035e-01 1.688348621334479656e-24 0.000000000000000000e+00 0.000000000000000000e+00 1.320000000000000000e+02 0.000000000000000000e+00 1.000000000000000000e+00 0.000000000000000000e+00
0.000000000000000000e+00 6.600000000000000000e+01 3.569999999999999840e+00 0.000000000000000000e+00 6.940559169915412330e-01 7.928995921007074036e-17 0.000000000000000000e+00 0.000000000000000000e+00 1.320000000000000000e+02 0.000000000000000000e+00 1.000000000000000000e+00 0.000000000000000000e+00
0.000000000000000000e+00 6.600000000000000000e+01 3.580000000000000071e+00 0.000000000000000000e+00 6.891855791375772755e-01 3.177566956216968331e-13 0.000000000000000000e+00 0.000000000000000000e+00 1.320000000000000000e+02 0.000000000000000000e+00 1.000000000000000000e+00 0.000000000000000000e+00
0.000000000000000000e+00 6.600000000000000000e+01 3.589999999999999858e+00 0.000000000000000000e+00 6.845960228473639830e-01 4.038137844331987643e-11 0.000000000000000000e+00 0.000000000000000000e+00 1.320000000000000000e+02 0.000000000000000000e+00 1.000000000000000000e+00 0.000000000000000000e+00
0.000000000000000000e+00 6.600000000000000000e+01 3.599999999999999645e+00 0.000000000000000000e+00 6.802854907014789232e-01 9.782970298304184898e-10 0.000000000000000000e+00 0.000000000000000000e+00 1.320000000000000000e+02 0.000000000000000000e+00 1.000000000000000000e+00 0.000000000000000000e+00
0.000000000000000000e+00 6.600000000000000000e+01 3.609999999999999876e+00 0.000000000000000000e+00 6.762523321236049156e-01 9.386358495310910573e-09 0.000000000000000000e+00 0.000000000000000000e+00 1.320000000000000000e+02 0.000000000000000000e+00 1.000000000000000000e+00 0.000000000000000000e+00
0.000000000000000000e+00 6.600000000000000000e+01 3.619999999999999662e+00 0.000000000000000000e+00 6.724950027484972725e-01 5.084883797493007690e-08 0.000000000000000000e+00 0.000000000000000000e+00 1.320000000000000000e+02 0.000000000000000000e+00 1.000000000000000000e+00 0.000000000000000000e+00
0.000000000000000000e+00 6.600000000000000000e+01 3.629999999999999893e+00 0.000000000000000000e+00 6.690120638306207290e-01 1.886770820036380816e-07 0.000000000000000000e+00 0.000000000000000000e+00 1.320000000000000000e+02 0.000000000000000000e+00 1.000000000000000000e+00 0.000000000000000000e+00
0.000000000000000000e+00 6.600000000000000000e+01 3.639999999999999680e+00 0.000000000000000000e+00 6.658021816932276904e-01 5.376312627996794141e-07 0.000000000000000000e+00 0.000000000000000000e+00 1.320000000000000000e+02 0.000000000000000000e+00 1.000000000000000000e+00 0.000000000000000000e+00
0.000000000000000000e+00 6.600000000000000000e+01 3.649999999999999911e+00 0.000000000000000000e+00 6.628641272176722943e-01 1.264444334752260347e-06 0.000000000000000000e+00 0.000000000000000000e+00 1.320000000000000000e+02 0.000000000000000000e+00 1.000000000000000000e+00 0.000000000000000000e+00
0.000000000000000000e+00 6.600000000000000000e+01 3.659999999999999698e+00 0.000000000000000000e+00 6.601967753727582267e-01 2.574632803139118779e-06 0.000000000000000000e+00 0.000000000000000000e+00 1.320000000000000000e+02 0.000000000000000000e+00 1.000000000000000000e+00 0.000000000000000000e+00
0.000000000000000000e+00 6.600000000000000000e+01 3.669999999999999929e+00 0.000000000000000000e+00 6.577991047839464311e-01 4.690674257002753643e-06 0.000000000000000000e+00 0.000000000000000000e+00 1.320000000000000000e+02 0.000000000000000000e+00 1.000000000000000000e+00 0.000000000000000000e+00
0.000000000000000000e+00 6.600000000000000000e+01 3.679999999999999716e+00 0.000000000000000000e+00 6.556701973422522922e-01 7.827938428107836721e-06 0.000000000000000000e+00 0.000000000000000000e+00 1.320000000000000000e+02 0.000000000000000000e+00 1.000000000000000000e+00 0.000000000000000000e+00
0.000000000000000000e+00 6.600000000000000000e+01 3.689999999999999947e+00 0.000000000000000000e+00 6.538092378526876303e-01 1.217331427235033799e-05 0.000000000000000000e+00 0.000000000000000000e+00 1.320000000000000000e+02 0.000000000000000000e+00 1.000000000000000000e+00 0.000000000000000000e+00
0.000000000000000000e+00 6.600000000000000000e+01 3.699999999999999734e+00 0.000000000000000000e+00 6.522155137221067323e-01 1.786924015036920992e-05 0.000000000000000000e+00 0.000000000000000000e+00 1.320000000000000000e+02 0.000000000000000000e+00 1.000000000000000000e+00 0.000000000000000000e+00
0.000000000000000000e+00 6.600000000000000000e+01 3.709999999999999964e+00 0.000000000000000000e+00 6.508884146863436193e-01 2.500393683118478944e-05 0.000000000000000000e+00 0.000000000000000000e+00 1.320000000000000000e+02 0.000000000000000000e+00 1.000000000000000000e+00 0.000000000000000000e+00
0.000000000000000000e+00 6.600000000000000000e+01 3.719999999999999751e+00 0.000000000000000000e+00 6.498274325765305282e-01 3.360740912909990739e-05 0.000000000000000000e+00 0.000000000000000000e+00 1.320000000000000000e+02 0.000000000000000000e+00 1.000000000000000000e+00 0.000000000000000000e+00
0.000000000000000000e+00 6.600000000000000000e+01 3.729999999999999982e+00 0.000000000000000000e+00 6.490321611245126743e-01 4.365216435317129887e-05 0.000000000000000000e+00 0.000000000000000000e+00 1.320000000000000000e+02 0.000000000000000000e+00 1.000000000000000000e+00 0.000000000000000000e+00
0.000000000000000000e+00 6.600000000000000000e+01 3.739999999999999769e+00 0.000000000000000000e+00 6.485022958072798049e-01 5.505740921503562112e-05 0.000000000000000000e+00 0.000000000000000000e+00 1.320000000000000000e+02 0.000000000000000000e+00 1.000000000000000000e+00 0.000000000000000000e+00
0.000000000000000000e+00 6.600000000000000000e+01 3.750000000000000000e+00 0.000000000000000000e+00 6.482376337303595859e-01 6.769555114534908050e-05 0.000000000000000000e+00 0.000000000000000000e+00 1.320000000000000000e+02 0.000000000000000000e+00 1.000000000000000000e+00 0.000000000000000000e+00
0.000000000000000000e+00 6.600000000000000000e+01 3.759999999999999787e+00 0.000000000000000000e+00 6.482380735501268587e-01 8.140001273738745220e-05 0.000000000000000000e+00 0.000000000000000000e+00 1.320000000000000000e+02 0.000000000000000000e+00 1.000000000000000000e+00 0.000000000000000000e+00
0.000000000000000000e+00 6.600000000000000000e+01 3.770000000000000018e+00 0.000000000000000000e+00 6.485036154349957949e-01 9.597358642529358989e-05 0.000000000000000000e+00 0.000000000000000000e+00 1.320000000000000000e+02 0.000000000000000000e+00 1.000000000000000000e+00 0.000000000000000000e+00
0.000000000000000000e+00 6.600000000000000000e+01 3.779999999999999805e+00 0.000000000000000000e+00 6.490343610654855100e-01 1.111967653649940761e-04 0.000000000000000000e+00 0.000000000000000000e+00 1.320000000000000000e+02 0.000000000000000000e+00 1.000000000000000000e+00 0.000000000000000000e+00
0.000000000000000000e+00 6.600000000000000000e+01 3.790000000000000036e+00 0.000000000000000000e+00 6.498305136731552523e-01 1.268356653126498628e-04 0.000000000000000000e+00 0.000000000000000000e+00 1.320000000000000000e+02 0.000000000000000000e+00 1.000000000000000000e+00 0.000000000000000000e+00
0.000000000000000000e+00 6.600000000000000000e+01 3.799999999999999822e+00 0.000000000000000000e+00 6.508923781184243751e-01 1.426492950002246698e-04 0.000000000000000000e+00 0.000000000000000000e+00 1.320000000000000000e+02 0.000000000000000000e+00 1.000000000000000000e+00 0.000000000000000000e+00
0.000000000000000000e+00 6.600000000000000000e+01 3.810000000000000053e+00 0.000000000000000000e+00 6.522203610073098456e-01 1.583960405314246717e-04 0.000000000000000000e+00 0.000000000000000000e+00 1.320000000000000000e+02 0.000000000000000000e+00 1.000000000000000000e+00 0.000000000000000000e+00
0.000000000000000000e+00 6.600000000000000000e+01 3.819999999999999840e+00 0.000000000000000000e+00 6.538149708471210353e-01 1.738393074289794771e-04 0.000000000000000000e+00 0.000000000000000000e+00 1.320000000000000000e+02 0.000000000000000000e+00 1.000000000000000000e+00 0.000000000000000000e+00
0.000000000000000000e+00 6.600000000000000000e+01 3.830000000000000071e+00 0.000000000000000000e+00 6.556768182411772949e-01 1.887523178903064563e-04 0.000000000000000000e+00 0.000000000000000000e+00 1.320000000000000000e+02 0.000000000000000000e+00 1.000000000000000000e+00 0.000000000000000000e+00
0.000000000000000000e+00 6.600000000000000000e+01 3.839999999999999858e+00 0.000000000000000000e+00 6.578066161226182595e-01 2.029220960636703847e-04 0.000000000000000000e+00 0.000000000000000000e+00 1.320000000000000000e+02 0.000000000000000000e+00 1.000000000000000000e+00 0.000000000000000000e+00
0.000000000000000000e+00 6.600000000000000000e+01 3.849999999999999645e+00 0.000000000000000000e+00 6.602051800273968096e-01 2.161526955095590709e-04 0.000000000000000000e+00 0.000000000000000000e+00 1.320000000000000000e+02 0.000000000000000000e+00 1.000000000000000000e+00 0.000000000000000000e+00
0.000000000000000000e+00 6.600000000000000000e+01 3.859999999999999876e+00 0.000000000000000000e+00 6.628734284065632698e-01 2.282677343449870423e-04 0.000000000000000000e+00 0.000000000000000000e+00 1.320000000000000000e+02 0.000000000000000000e+00 1.000000000000000000e+00 0.000000000000000000e+00
0.000000000000000000e+00 6.600000000000000000e+01 3.869999999999999662e+00 0.000000000000000000e+00 6.658123829779549752e-01 2.391123079118306731e-04 0.000000000000000000e+00 0.000000000000000000e+00 1.320000000000000000e+02 0.000000000000000000e+00 1.000000000000000000e+00 0.000000000000000000e+00
0.000000000000000000e+00 6.600000000000000000e+01 3.879999999999999893e+00 0.000000000000000000e+00 6.690231691174300943e-01 2.485543484576102115e-04 0.000000000000000000e+00 0.000000000000000000e+00 1.320000000000000000e+02 0.000000000000000000e+00 1.000000000000000000e+00 0.000000000000000000e+00
0.000000000000000000e+00 6.600000000000000000e+01 3.889999999999999680e+00 0.000000000000000000e+00 6.725070162897924808e-01 2.564854979595020644e-04 0.000000000000000000e+00 0.000000000000000000e+00 1.320000000000000000e+02 0.000000000000000000e+00 1.000000000000000000e+00 0.000000000000000000e+00
0.000000000000000000e+00 6.600000000000000000e+01 3.899999999999999911e+00 0.000000000000000000e+00 6.762652585195756405e-01 2.628215550782310971e-04 0.000000000000000000e+00 0.000000000000000000e+00 1.320000000000000000e+02 0.000000000000000000e+00 1.000000000000000000e+00 0.000000000000000000e+00
0.000000000000000000e+00 6.600000000000000000e+01 3.909999999999999698e+00 0.000000000000000000e+00 6.802993349018628955e-01 2.675025511573079183e-04 0.000000000000000000e+00 0.000000000000000000e+00 1.320000000000000000e+02 0.000000000000000000e+00 1.000000000000000000e+00 0.000000000000000000e+00
0.000000000000000000e+00 6.600000000000000000e+01 3.919999999999999929e+00 0.000000000000000000e+00 6.846107901533418083e-01 2.704925037743622848e-04 0.000000000000000000e+00 0.000000000000000000e+00 1.320000000000000000e+02 0.000000000000000000e+00 1.000000000000000000e+00 0.000000000000000000e+00
0.000000000000000000e+00 6.600000000000000000e+01 3.929999999999999716e+00 0.000000000000000000e+00 6.892012752038019219e-01 2.717788900015805434e-04 0.000000000000000000e+00 0.000000000000000000e+00 1.320000000000000000e+02 0.000000000000000000e+00 1.000000000000000000e+00 0.000000000000000000e+00
0.000000000000000000e+00 6.600000000000000000e+01 3.939999999999999947e+00 0.000000000000000000e+00 6.940725478283049643e-01 2.713718754963549522e-04 0.000000000000000000e+00 0.000000000000000000e+00 1.320000000000000000e+02 0.000000000000000000e+00 1.000000000000000000e+00 0.000000000000000000e+00
0.000000000000000000e+00 6.600000000000000000e+01 3.949999999999999734e+00 0.000000000000000000e+00 6.992264733202657734e-01 2.693033299795435064e-04 0.000000000000000000e+00 0.000000000000000000e+00 1.320000000000000000e+02 0.000000000000000000e+00 1.000000000000000000e+00 0.000000000000000000e+00
0.000000000000000000e+00 6.600000000000000000e+01 3.959999999999999964e+00 0.000000000000000000e+00 7.046650252057058417e-01 2.656256546601336310e-04 0.000000000000000000e+00 0.000000000000000000e+00 1.320000000000000000e+02 0.000000000000000000e+00 1.000000000000000000e+00 0.000000000000000000e+00
0.000000000000000000e+00 6.600000000000000000e+01 3.969999999999999751e+00 0.000000000000000000e+00 7.103902859989501550e-01 2.604104427798162660e-04 0.000000000000000000e+00 0.000000000000000000e+00 1.320000000000000000e+02 0.000000000000000000e+00 1.000000000000000000e+00 0.000000000000000000e+00
0.000000000000000000e+00 6.600000000000000000e+01 3.979999999999999982e+00 0.000000000000000000e+00 7.164044480000559822e-01 2.537469907024172446e-04 0.000000000000000000e+00 0.000000000000000000e+00 1.320000000000000000e+02 0.000000000000000000e+00 1.000000000000000000e+00 0.000000000000000000e+00
0.000000000000000000e+00 6.600000000000000000e+01 3.989999999999999769e+00 0.000000000000000000e+00 7.227098141342844784e-01 2.457406738692094993e-04 0.000000000000000000e+00 0.000000000000000000e+00 1.320000000000000000e+02 0.000000000000000000e+00 1.000000000000000000e+00 0.000000000000000000e+00
0.000000000000000000e+00 6.600000000000000000e+01 4.000000000000000000e+00 0.000000000000000000e+00 7.293087988339277405e-01 2.365111994844801627e-04 0.000000000000000000e+00 0.000000000000000000e+00 1.320000000000000000e+02 0.000000000000000000e+00 1.000000000000000000e+00 0.000000000000000000e+00
0.000000000000000000e+00 6.600000000000000000e+01 4.009999999999999787e+00 0.000000000000000000e+00 7.362039289628377059e-01 2.261907459884470416e-04 0.000000000000000000e+00 0.000000000000000000e+00 1.320000000000000000e+02 0.000000000000000000e+00 1.000000000000000000e+00 0.000000000000000000e+00
0.000000000000000000e+00 6.600000000000000000e+01 4.019999999999999574e+00 0.000000000000000000e+00 7.433978447840045023e-01 2.149219982229421018e-04 0.000000000000000000e+00 0.000000000000000000e+00 1.320000000000000000e+02 0.000000000000000000e+00 1.000000000000000000e+00 0.000000000000000000e+00
0.000000000000000000e+00 6.600000000000000000e+01 4.030000000000000249e+00 0.000000000000000000e+00 7.508933009705585082e-01 2.028560867124956472e-04 0.000000000000000000e+00 0.000000000000000000e+00 1.320000000000000000e+02 0.000000000000000000e+00 1.000000000000000000e+00 0.000000000000000000e+00
0.000000000000000000e+00 6.600000000000000000e+01 4.040000000000000036e+00 0.000000000000000000e+00 7.586931676605820352e-01 1.901504396891687959e-04 0.000000000000000000e+00 0.000000000000000000e+00 1.320000000000000000e+02 0.000000000000000000e+00 1.000000000000000000e+00 0.000000000000000000e+00
0.000000000000000000e+00 6.600000000000000000e+01 4.049999999999999822e+00 0.000000000000000000e+00 7.668004315561334217e-01 1.769665574124163268e-04 0.000000000000000000e+00 0.000000000000000000e+00 1.320000000000000000e+02 0.000000000000000000e+00 1.000000000000000000e+00 0.000000000000000000e+00
0.000000000000000000e+00 6.600000000000000000e+01 4.059999999999999609e+00 0.000000000000000000e+00 7.752181970669069777e-01 1.634677200101747850e-04 0.000000000000000000e+00 0.000000000000000000e+00 1.320000000000000000e+02 0.000000000000000000e+00 1.000000000000000000e+00 0.000000000000000000e+00
0.000000000000000000e+00 6.600000000000000000e+01 4.070000000000000284e+00 0.000000000000000000e+00 7.839496874989639874e-01 1.498166425324949733e-04 0.000000000000000000e+00 0.000000000000000000e+00 1.320000000000000000e+02 0.000000000000000000e+00 1.000000000000000000e+00 0.000000000000000000e+00
0.000000000000000000e+00 6.600000000000000000e+01 4.080000000000000071e+00 0.000000000000000000e+00 7.929982462889921813e-01 1.361730942041525748e-04 0.000000000000000000e+00 0.000000000000000000e+00 1.320000000000000000e+02 0.000000000000000000e+00 1.000000000000000000e+00 0.000000000000000000e+00
0.000000000000000000e+00 6.600000000000000000e+01 4.089999999999999858e+00 0.000000000000000000e+00 8.023673382845635249e-01 1.226915030188462704e-04 0.000000000000000000e+00 0.000000000000000000e+00 1.320000000000000000e+02 0.000000000000000000e+00 1.000000000000000000e+00 0.000000000000000000e+00
0.000000000000000000e+00 6.600000000000000000e+01 4.099999999999999645e+00 0.000000000000000000e+00 8.120605510708847063e-01 1.095185718520711934e-04 0.000000000000000000e+00 0.000000000000000000e+00 1.320000000000000000e+02 0.000000000000000000e+00 1.000000000000000000e+00 0.000000000000000000e+00
0.000000000000000000e+00 6.600000000000000000e+01 4.109999999999999432e+00 0.000000000000000000e+00 8.220815963445438079e-01 9.679093816970991450e-05 0.000000000000000000e+00 0.000000000000000000e+00 1.320000000000000000e+02 0.000000000000000000e+00 1.000000000000000000e+00 0.000000000000000000e+00
0.000000000000000000e+00 6.600000000000000000e+01 4.120000000000000107e+00 0.000000000000000000e+00 8.324343113347834056e-01 8.463291611630354393e-05 0.000000000000000000e+00 0.000000000000000000e+00 1.320000000000000000e+02 0.000000000000000000e+00 1.000000000000000000e+00 0.000000000000000000e+00
0.000000000000000000e+00 6.600000000000000000e+01 4.129999999999999893e+00 0.000000000000000000e+00 8.431226602728397745e-01 7.315436715266544591e-05 0.000000000000000000e+00 0.000000000000000000e+00 1.320000000000000000e+02 0.000000000000000000e+00 1.000000000000000000e+00 0.000000000000000000e+00
0.000000000000000000e+00 6.600000000000000000e+01 4.139999999999999680e+00 0.000000000000000000e+00 8.541507359099156371e-01 6.244875324966001583e-05 0.000000000000000000e+00 0.000000000000000000e+00 1.320000000000000000e+02 0.000000000000000000e+00 1.000000000000000000e+00 0.000000000000000000e+00
0.000000000000000000e+00 6.600000000000000000e+01 4.149999999999999467e+00 0.000000000000000000e+00 8.655227610843641006e-01 5.259143456918852124e-05 0.000000000000000000e+00 0.000000000000000000e+00 1.320000000000000000e+02 0.000000000000000000e+00 1.000000000000000000e+00 0.000000000000000000e+00
0.000000000000000000e+00 6.600000000000000000e+01 4.160000000000000142e+00 0.000000000000000000e+00 8.772430903386854162e-01 4.363828102945483886e-05 0.000000000000000000e+00 0.000000000000000000e+00 1.320000000000000000e+02 0.000000000000000000e+00 1.000000000000000000e+00 0.000000000000000000e+00
0.000000000000000000e+00 6.600000000000000000e+01 4.169999999999999929e+00 0.000000000000000000e+00 8.893162115869561735e-01 3.562467338146988426e-05 0.000000000000000000e+00 0.000000000000000000e+00 1.320000000000000000e+02 0.000000000000000000e+00 1.000000000000000000e+00 0.000000000000000000e+00
0.000000000000000000e+00 6.600000000000000000e+01 4.179999999999999716e+00 0.000000000000000000e+00 9.017467478333270892e-01 2.856497335525736260e-05 0.000000000000000000e+00 0.000000000000000000e+00 1.320000000000000000e+02 0.000000000000000000e+00 1.000000000000000000e+00 0.000000000000000000e+00
0.000000000000000000e+00 6.600000000000000000e+01 4.189999999999999503e+00 0.000000000000000000e+00 9.145394589422513043e-01 2.245254267318623530e-05 0.000000000000000000e+00 0.000000000000000000e+00 1.320000000000000000e+02 0.000000000000000000e+00 1.000000000000000000e+00 0.000000000000000000e+00
0.000000000000000000e+00 6.600000000000000000e+01 4.200000000000000178e+00 0.000000000000000000e+00 9.276992434611170957e-01 1.726038552452040980e-05 0.000000000000000000e+00 0.000000000000000000e+00 1.320000000000000000e+02 0.000000000000000000e+00 1.000000000000000000e+00 0.000000000000000000e+00
0.000000000000000000e+00 6.600000000000000000e+01 4.209999999999999964e+00 0.000000000000000000e+00 9.412311404959854411e-01 1.294247636517934386e-05 0.000000000000000000e+00 0.000000000000000000e+00 1.320000000000000000e+02 0.000000000000000000e+00 1.000000000000000000e+00 0.000000000000000000e+00
0.000000000000000000e+00 6.600000000000000000e+01 4.219999999999999751e+00 0.000000000000000000e+00 9.551403316411500866e-01 9.435812338836843151e-06 0.000000000000000000e+00 0.000000000000000000e+00 1.320000000000000000e+02 0.000000000000000000e+00 1.000000000000000000e+00 0.000000000000000000e+00
0.000000000000000000e+00 6.600000000000000000e+01 4.229999999999999538e+00 0.000000000000000000e+00 9.694321429632573039e-01 6.663194921798212193e-06 0.000000000000000000e+00 0.000000000000000000e+00 1.320000000000000000e+02 0.000000000000000000e+00 1.000000000000000000e+00 0.000000000000000000e+00
0.000000000000000000e+00 6.600000000000000000e+01 4.240000000000000213e+00 0.000000000000000000e+00 9.841120470407489496e-01 4.536696774504384889e-06 0.000000000000000000e+00 0.000000000000000000e+00 1.320000000000000000e+02 0.000000000000000000e+00 1.000000000000000000e+00 0.000000000000000000e+00
0.000000000000000000e+00 6.600000000000000000e+01 4.250000000000000000e+00 0.000000000000000000e+00 9.991856650594059808e-01 2.961706688871559281e-06 0.000000000000000000e+00 0.000000000000000000e+00 1.320000000000000000e+02 0.000000000000000000e+00 1.000000000000000000e+00 0.000000000000000000e+00
0.000000000000000000e+00 6.600000000000000000e+01 4.259999999999999787e+00 0.000000000000000000e+00 1.014658768964795232e+00 1.841369787393378670e-06 0.000000000000000000e+00 0.000000000000000000e+00 1.320000000000000000e+02 0.000000000000000000e+00 1.000000000000000000e+00 0.000000000000000000e+00
0.000000000000000000e+00 6.600000000000000000e+01 4.269999999999999574e+00 0.000000000000000000e+00 1.030537283672447346e+00 1.081157465336050254e-06 0.000000000000000000e+00 0.000000000000000000e+00 1.320000000000000000e+02 0.000000000000000000e+00 1.000000000000000000e+00 0.000000000000000000e+00
0.000000000000000000e+00 6.600000000000000000e+01 4.280000000000000249e+00 0.000000000000000000e+00 1.046827289336606848e+00 5.932232182050919164e-07 0.000000000000000000e+00 0.000000000000000000e+00 1.320000000000000000e+02 0.000000000000000000e+00 1.000000000000000000e+00 0.000000000000000000e+00
0.000000000000000000e+00 6.600000000000000000e+01 4.290000000000000036e+00 0.000000000000000000e+00 1.063535023678428004e+00 3.001445367193694943e-07 0.000000000000000000e+00 0.000000000000000000e+00 1.320000000000000000e+02 0.000000000000000000e+00 1.000000000000000000e+00 0.000000000000000000e+00
0.000000000000000000e+00 6.600000000000000000e+01 4.299999999999999822e+00 0.000000000000000000e+00 1.080666884374504200e+00 1.376421626017669486e-07 0.000000000000000000e+00 0.000000000000000000e+00 1.320000000000000000e+02 0.000000000000000000e+00 1.000000000000000000e+00 0.000000000000000000e+00
0.000000000000000000e+00 6.600000000000000000e+01 4.309999999999999609e+00 0.000000000000000000e+00 1.098229431506647202e+00 5.593388020479079980e-08 0.000000000000000000e+00 0.000000000000000000e+00 1.320000000000000000e+02 0.000000000000000000e+00 1.000000000000000000e+00 0.000000000000000000e+00
0.000000000000000000e+00 6.600000000000000000e+01 4.320000000000000284e+00 0.000000000000000000e+00 1.116229390073854910e+00 1.954211219889833100e-08 0.000000000000000000e+00 0.000000000000000000e+00 1.320000000000000000e+02 0.000000000000000000e+00 1.000000000000000000e+00 0.000000000000000000e+00
0.000000000000000000e+00 6.600000000000000000e+01 4.330000000000000071e+00 0.000000000000000000e+00 1.134673652567427693e+00 5.631749476572231656e-09 0.000000000000000000e+00 0.000000000000000000e+00 1.320000000000000000e+02 0.000000000000000000e+00 1.000000000000000000e+00 0.000000000000000000e+00
0.000000000000000000e+00 6.600000000000000000e+01 4.339999999999999858e+00 0.000000000000000000e+00 1.153569281610221653e+00 1.262769611218331467e-09 0.000000000000000000e+00 0.000000000000000000e+00 1.320000000000000000e+02 0.000000000000000000e+00 1.000000000000000000e+00 0.000000000000000000e+00
0.000000000000000000e+00 6.600000000000000000e+01 4.349999999999999645e+00 0.000000000000000000e+00 1.172923512661046885e+00 2.023282158665809549e-10 0.000000000000000000e+00 0.000000000000000000e+00 1.320000000000000000e+02 0.000000000000000000e+00 1.000000000000000000e+00 0.000000000000000000e+00
0.000000000000000000e+00 6.600000000000000000e+01 4.360000000000000320e+00 0.000000000000000000e+00 1.192743756785248577e+00 2.036003852155413047e-11 0.000000000000000000e+00 0.000000000000000000e+00 1.320000000000000000e+02 0.000000000000000000e+00 1.000000000000000000e+00 0.000000000000000000e+00
0.000000000000000000e+00 6.600000000000000000e+01 4.370000000000000107e+00 0.000000000000000000e+00 1.213037603492529648e+00 1.047311737747871558e-12 0.000000000000000000e+00 0.000000000000000000e+00 1.320000000000000000e+02 0.000000000000000000e+00 1.000000000000000000e+00 0.000000000000000000e+00
0.000000000000000000e+00 6.600000000000000000e+01 4.379999999999999893e+00 0.000000000000000000e+00 1.233812823643104295e+00 1.940432786435053465e-14 0.000000000000000000e+00 0.000000000000000000e+00 1.320000000000000000e+02 0.000000000000000000e+00 1.000000000000000000e+00 0.000000000000000000e+00
0.000000000000000000e+00 6.600000000000000000e+01 4.389999999999999680e+00 0.000000000000000000e+00 1.255077372423293092e+00 6.772429162304685964e-17 0.000000000000000000e+00 0.000000000000000000e+00 1.320000000000000000e+02 0.000000000000000000e+00 1.000000000000000000e+00 0.000000000000000000e+00
0.000000000000000000e+00 6.600000000000000000e+01 4.399999999999999467e+00 0.000000000000000000e+00 1.276839392391698080e+00 1.152880018195313268e-20 0.000000000000000000e+00 0.000000000000000000e+00 1.320000000000000000e+02 0.000000000000000000e+00 1.000000000000000000e+00 0.000000000000000000e+00
0.000000000000000000e+00 6.600000000000000000e+01 4.410000000000000142e+00 0.000000000000000000e+00 1.299107216597129355e+00 3.296200400383338607e-27 0.000000000000000000e+00 0.000000000000000000e+00 1.320000000000000000e+02 0.000000000000000000e+00 1.000000000000000000e+00 0.000000000000000000e+00
0.000000000000000000e+00 6.600000000000000000e+01 4.419999999999999929e+00 0.000000000000000000e+00 1.321889371769470189e+00 1.722280043310336094e-41 0.000000000000000000e+00 0.000000000000000000e+00 1.320000000000000000e+02 0.000000000000000000e+00 1.000000000000000000e+00 0.000000000000000000e+00
0.000000000000000000e+00 6.600000000000000000e+01 4.429999999999999716e+00 0.000000000000000000e+00 1.345194581584709281e+00 2.836647838562615381e-98 1.000000000000000000e+00 1.000000000000000000e+00 1.320000000000000000e+02 0.000000000000000000e+00 1.000000000000000000e+00 0.000000000000000000e+00
0.000000000000000000e+00 6.600000000000000000e+01 4.439999999999999503e+00 0.000000000000000000e+00 1.321265705869438811e+00 1.942351373964742231e-41 0.000000000000000000e+00 0.000000000000000000e+00 1.320000000000000000e+02 0.000000000000000000e+00 1.000000000000000000e+00 0.000000000000000000e+00
0.000000000000000000e+00 6.600000000000000000e+01 4.450000000000000178e+00 0.000000000000000000e+00 1.297859645984750232e+00 3.856699025236143961e-27 0.000000000000000000e+00 0.000000000000000000e+00 1.320000000000000000e+02 0.000000000000000000e+00 1.000000000000000000e+00 0.000000000000000000e+00
0.000000000000000000e+00 6.600000000000000000e+01 4.459999999999999964e+00 0.000000000000000000e+00 1.274967439350894294e+00 1.376665801414299855e-20 0.000000000000000000e+00 0.000000000000000000e+00 1.320000000000000000e+02 0.000000000000000000e+00 1.000000000000000000e+00 0.000000000000000000e+00
0.000000000000000000e+00 6.600000000000000000e+01 4.469999999999999751e+00 0.000000000000000000e+00 1.252580320151300608e+00 8.204806210166130943e-17 0.000000000000000000e+00 0.000000000000000000e+00 1.320000000000000000e+02 0.000000000000000000e+00 1.000000000000000000e+00 0.000000000000000000e+00
0.000000000000000000e+00 6.600000000000000000e+01 4.479999999999999538e+00 0.000000000000000000e+00 1.230689715975997078e+00 2.378627445993498273e-14 0.000000000000000000e+00 0.000000000000000000e+00 1.320000000000000000e+02 0.000000000000000000e+00 1.000000000000000000e+00 0.000000000000000000e+00
0.000000000000000000e+00 6.600000000000000000e+01 4.490000000000000213e+00 0.000000000000000000e+00 1.209287244539086092e+00 1.297173809595684449e-12 0.000000000000000000e+00 0.000000000000000000e+00 1.320000000000000000e+02 0.000000000000000000e+00 1.000000000000000000e+00 0.000000000000000000e+00
0.000000000000000000e+00 6.600000000000000000e+01 4.500000000000000000e+00 0.000000000000000000e+00 1.188364710469026697e+00 2.546016086338478006e-11 0.000000000000000000e+00 0.000000000000000000e+00 1.320000000000000000e+02 0.000000000000000000e+00 1.000000000000000000e+00 0.000000000000000000e+00
0.000000000000000000e+00 6.600000000000000000e+01 4.509999999999999787e+00 0.000000000000000000e+00 1.167914102170484858e+00 2.553388320252189968e-10 0.000000000000000000e+00 0.000000000000000000e+00 1.320000000000000000e+02 0.000000000000000000e+00 1.000000000000000000e+00 0.000000000000000000e+00
0.000000000000000000e+00 6.600000000000000000e+01 4.519999999999999574e+00 0.000000000000000000e+00 1.147927588756558093e+00 1.607945396681426859e-09 0.000000000000000000e+00 0.000000000000000000e+00 1.320000000000000000e+02 0.000000000000000000e+00 1.000000000000000000e+00 0.000000000000000000e+00
0.000000000000000000e+00 6.600000000000000000e+01 4.530000000000000249e+00 0.000000000000000000e+00 1.128397517050194754e+00 7.235116012757476409e-09 0.000000000000000000e+00 0.000000000000000000e+00 1.320000000000000000e+02 0.000000000000000000e+00 1.000000000000000000e+00 0.000000000000000000e+00
0.000000000000000000e+00 6.600000000000000000e+01 4.540000000000000036e+00 0.000000000000000000e+00 1.109316408653662434e+00 2.533016383990869692e-08 0.000000000000000000e+00 0.000000000000000000e+00 1.320000000000000000e+02 0.000000000000000000e+00 1.000000000000000000e+00 0.000000000000000000e+00
0.000000000000000000e+00 6.600000000000000000e+01 4.549999999999999822e+00 0.000000000000000000e+00 1.090676957084941057e+00 7.315520275282034497e-08 0.000000000000000000e+00 0.000000000000000000e+00 1.320000000000000000e+02 0.000000000000000000e+00 1.000000000000000000e+00 0.000000000000000000e+00
0.000000000000000000e+00 6.600000000000000000e+01 4.559999999999999609e+00 0.000000000000000000e+00 1.072472024979946870e+00 1.816721059201516081e-07 0.000000000000000000e+00 0.000000000000000000e+00 1.320000000000000000e+02 0.000000000000000000e+00 1.000000000000000000e+00 0.000000000000000000e+00
0.000000000000000000e+00 6.600000000000000000e+01 4.570000000000000284e+00 0.000000000000000000e+00 1.054694641359513962e+00 3.998667405491198391e-07 0.000000000000000000e+00 0.000000000000000000e+00 1.320000000000000000e+02 0.000000000000000000e+00 1.000000000000000000e+00 0.000000000000000000e+00
0.000000000000000000e+00 6.600000000000000000e+01 4.580000000000000071e+00 0.000000000000000000e+00 1.037337998960086827e+00 7.979003014216595106e-07 0.000000000000000000e+00 0.000000000000000000e+00 1.320000000000000000e+02 0.000000000000000000e+00 1.000000000000000000e+00 0.000000000000000000e+00
0.000000000000000000e+00 6.600000000000000000e+01 4.589999999999999858e+00 0.000000000000000000e+00 1.020395451627103434e+00 1.468509491494221085e-06 0.000000000000000000e+00 0.000000000000000000e+00 1.320000000000000000e+02 0.000000000000000000e+00 1.000000000000000000e+00 0.000000000000000000e+00
0.000000000000000000e+00 6.600000000000000000e+01 4.599999999999999645e+00 0.000000000000000000e+00 1.003860511770069186e+00 2.526449836728768522e-06 0.000000000000000000e+00 0.000000000000000000e+00 1.320000000000000000e+02 0.000000000000000000e+00 1.000000000000000000e+00 0.000000000000000000e+00
0.000000000000000000e+00 6.600000000000000000e+01 4.610000000000000320e+00 0.000000000000000000e+00 9.877268478783483019e-01 4.106106663320988732e-06 0.000000000000000000e+00 0.000000000000000000e+00 1.320000000000000000e+02 0.000000000000000000e+00 1.000000000000000000e+00 0.000000000000000000e+00
0.000000000000000000e+00 6.600000000000000000e+01 4.620000000000000107e+00 0.000000000000000000e+00 9.719882820967187254e-01 6.357623212655195066e-06 0.000000000000000000e+00 0.000000000000000000e+00 1.320000000000000000e+02 0.000000000000000000e+00 1.000000000000000000e+00 0.000000000000000000e+00
0.000000000000000000e+00 6.600000000000000000e+01 4.629999999999999893e+00 0.000000000000000000e+00 9.566387878597679695e-01 9.442005495593396242e-06 0.000000000000000000e+00 0.000000000000000000e+00 1.320000000000000000e+02 0.000000000000000000e+00 1.000000000000000000e+00 0.000000000000000000e+00
0.000000000000000000e+00 6.600000000000000000e+01 4.639999999999999680e+00 0.000000000000000000e+00 9.416724875842170661e-01 1.352567949003090895e-05 0.000000000000000000e+00 0.000000000000000000e+00 1.320000000000000000e+02 0.000000000000000000e+00 1.000000000000000000e+00 0.000000000000000000e+00
0.000000000000000000e+00 6.600000000000000000e+01 4.649999999999999467e+00 0.000000000000000000e+00 9.270836504182934368e-01 1.877492918841885527e-05 0.000000000000000000e+00 0.000000000000000000e+00 1.320000000000000000e+02 0.000000000000000000e+00 1.000000000000000000e+00 0.000000000000000000e+00
0.000000000000000000e+00 6.600000000000000000e+01 4.660000000000000142e+00 0.000000000000000000e+00 9.128666900472914847e-01 2.535056316774859323e-05 0.000000000000000000e+00 0.000000000000000000e+00 1.320000000000000000e+02 0.000000000000000000e+00 1.000000000000000000e+00 0.000000000000000000e+00
0.000000000000000000e+00 6.600000000000000000e+01 4.669999999999999929e+00 0.000000000000000000e+00 8.990161625544761392e-01 3.340306531765340446e-05 0.000000000000000000e+00 0.000000000000000000e+00 1.320000000000000000e+02 0.000000000000000000e+00 1.000000000000000000e+00 0.000000000000000000e+00
0.000000000000000000e+00 6.600000000000000000e+01 4.679999999999999716e+00 0.000000000000000000e+00 8.855267643365140051e-01 4.306839692161347141e-05 0.000000000000000000e+00 0.000000000000000000e+00 1.320000000000000000e+02 0.000000000000000000e+00 1.000000000000000000e+00 0.000000000000000000e+00
0.000000000000000000e+00 6.600000000000000000e+01 4.689999999999999503e+00 0.000000000000000000e+00 8.723933300726339768e-01 5.446454064773583511e-05 0.000000000000000000e+00 0.000000000000000000e+00 1.320000000000000000e+02 0.000000000000000000e+00 1.000000000000000000e+00 0.000000000000000000e+00
0.000000000000000000e+00 6.600000000000000000e+01 4.700000000000000178e+00 0.000000000000000000e+00 8.596108307467369425e-01 6.768881556805037003e-05 0.000000000000000000e+00 0.000000000000000000e+00 1.320000000000000000e+02 0.000000000000000000e+00 1.000000000000000000e+00 0.000000000000000000e+00
0.000000000000000000e+00 6.600000000000000000e+01 4.709999999999999964e+00 0.000000000000000000e+00 8.471743717217008474e-01 8.281594638781682692e-05 0.000000000000000000e+00 0.000000000000000000e+00 1.320000000000000000e+02 0.000000000000000000e+00 1.000000000000000000e+00 0.000000000000000000e+00
0.000000000000000000e+00 6.600000000000000000e+01 4.719999999999999751e+00 0.000000000000000000e+00 8.350791908651392648e-01 9.989683817730461539e-05 0.000000000000000000e+00 0.000000000000000000e+00 1.320000000000000000e+02 0.000000000000000000e+00 1.000000000000000000e+00 0.000000000000000000e+00
0.000000000000000000e+00 6.600000000000000000e+01 4.729999999999999538e+00 0.000000000000000000e+00 8.233206567259013786e-01 1.189579878010311228e-04 0.000000000000000000e+00 0.000000000000000000e+00 1.320000000000000000e+02 0.000000000000000000e+00 1.000000000000000000e+00 0.000000000000000000e+00
0.000000000000000000e+00 6.600000000000000000e+01 4.740000000000000213e+00 0.000000000000000000e+00 8.118942667606078301e-01 1.400014524736811934e-04 0.000000000000000000e+00 0.000000000000000000e+00 1.320000000000000000e+02 0.000000000000000000e+00 1.000000000000000000e+00 0.000000000000000000e+00
0.000000000000000000e+00 6.600000000000000000e+01 4.750000000000000000e+00 0.000000000000000000e+00 8.007956456095525200e-01 1.630052921170702541e-04 0.000000000000000000e+00 0.000000000000000000e+00 1.320000000000000000e+02 0.000000000000000000e+00 1.000000000000000000e+00 0.000000000000000000e+00
0.000000000000000000e+00 6.600000000000000000e+01 4.759999999999999787e+00 0.000000000000000000e+00 7.900205434213011246e-01 1.879244034356810332e-04 0.000000000000000000e+00 0.000000000000000000e+00 1.320000000000000000e+02 0.000000000000000000e+00 1.000000000000000000e+00 0.000000000000000000e+00
0.000000000000000000e+00 6.600000000000000000e+01 4.769999999999999574e+00 0.000000000000000000e+00 7.795648342253508334e-01 2.146916682210175085e-04 0.000000000000000000e+00 0.000000000000000000e+00 1.320000000000000000e+02 0.000000000000000000e+00 1.000000000000000000e+00 0.000000000000000000e+00
0.000000000000000000e+00 6.600000000000000000e+01 4.780000000000000249e+00 0.000000000000000000e+00 7.694245143522263630e-01 2.432193450474999345e-04 0.000000000000000000e+00 0.000000000000000000e+00 1.320000000000000000e+02 0.000000000000000000e+00 1.000000000000000000e+00 0.000000000000000000e+00
0.000000000000000000e+00 6.600000000000000000e+01 4.790000000000000036e+00 0.000000000000000000e+00 7.595957009004061788e-01 2.734006412648320658e-04 0.000000000000000000e+00 0.000000000000000000e+00 1.320000000000000000e+02 0.000000000000000000e+00 1.000000000000000000e+00 0.000000000000000000e+00
0.000000000000000000e+00 6.600000000000000000e+01 4.799999999999999822e+00 0.000000000000000000e+00 7.500746302494931683e-01 3.051114103229629441e-04 0.000000000000000000e+00 0.000000000000000000e+00 1.320000000000000000e+02 0.000000000000000000e+00 1.000000000000000000e+00 0.000000000000000000e+00
0.000000000000000000e+00 6.600000000000000000e+01 4.809999999999999609e+00 0.000000000000000000e+00 7.408576566190598900e-01 3.382119275004698104e-04 0.000000000000000000e+00 0.000000000000000000e+00 1.320000000000000000e+02 0.000000000000000000e+00 1.000000000000000000e+00 0.000000000000000000e+00
0.000000000000000000e+00 6.600000000000000000e+01 4.820000000000000284e+00 0.000000000000000000e+00 7.319412506726179490e-01 3.725487047278055151e-04 0.000000000000000000e+00 0.000000000000000000e+00 1.320000000000000000e+02 0.000000000000000000e+00 1.000000000000000000e+00 0.000000000000000000e+00
0.000000000000000000e+00 6.600000000000000000e+01 4.830000000000000071e+00 0.000000000000000000e+00 7.233219981661738185e-01 4.079563122112699752e-04 0.000000000000000000e+00 0.000000000000000000e+00 1.320000000000000000e+02 0.000000000000000000e+00 1.000000000000000000e+00 0.000000000000000000e+00
0.000000000000000000e+00 6.600000000000000000e+01 4.839999999999999858e+00 0.000000000000000000e+00 7.149965986408570728e-01 4.442591808714174695e-04 0.000000000000000000e+00 0.000000000000000000e+00 1.320000000000000000e+02 0.000000000000000000e+00 1.000000000000000000e+00 0.000000000000000000e+00
0.000000000000000000e+00 6.600000000000000000e+01 4.849999999999999645e+00 0.000000000000000000e+00 7.069618641591185471e-01 4.812733651751938471e-04 0.000000000000000000e+00 0.000000000000000000e+00 1.320000000000000000e+02 0.000000000000000000e+00 1.000000000000000000e+00 0.000000000000000000e+00
0.000000000000000000e+00 6.600000000000000000e+01 4.860000000000000320e+00 0.000000000000000000e+00 6.992147180840144749e-01 5.188082507718502767e-04 0.000000000000000000e+00 0.000000000000000000e+00 1.320000000000000000e+02 0.000000000000000000e+00 1.000000000000000000e+00 0.000000000000000000e+00
0.000000000000000000e+00 6.600000000000000000e+01 4.870000000000000107e+00 0.000000000000000000e+00 6.917521939011088694e-01 5.566681954758982351e-04 0.000000000000000000e+00 0.000000000000000000e+00 1.320000000000000000e+02 0.000000000000000000e+00 1.000000000000000000e+00 0.000000000000000000e+00
0.000000000000000000e+00 6.600000000000000000e+01 4.879999999999999893e+00 0.000000000000000000e+00 6.845714340825461708e-01 5.946540956274885825e-04 0.000000000000000000e+00 0.000000000000000000e+00 1.320000000000000000e+02 0.000000000000000000e+00 1.000000000000000000e+00 0.000000000000000000e+00
0.000000000000000000e+00 6.600000000000000000e+01 4.889999999999999680e+00 0.000000000000000000e+00 6.776696889928537360e-01 6.325648727647011776e-04 0.000000000000000000e+00 0.000000000000000000e+00 1.320000000000000000e+02 0.000000000000000000e+00 1.000000000000000000e+00 0.000000000000000000e+00
0.000000000000000000e+00 6.600000000000000000e+01 4.899999999999999467e+00 0.000000000000000000e+00 6.710443158360598348e-01 6.701988779266726537e-04 0.000000000000000000e+00 0.000000000000000000e+00 1.320000000000000000e+02 0.000000000000000000e+00 1.000000000000000000e+00 0.000000000000000000e+00
0.000000000000000000e+00 6.600000000000000000e+01 4.910000000000000142e+00 0.000000000000000000e+00 6.646927776437224766e-01 7.073552128354755955e-04 0.000000000000000000e+00 0.000000000000000000e+00 1.320000000000000000e+02 0.000000000000000000e+00 1.000000000000000000e+00 0.000000000000000000e+00
0.000000000000000000e+00 6.600000000000000000e+01 4.919999999999999929e+00 0.000000000000000000e+00 6.586126423034801558e-01 7.438349687386054676e-04 0.000000000000000000e+00 0.000000000000000000e+00 1.320000000000000000e+02 0.000000000000000000e+00 1.000000000000000000e+00 0.000000000000000000e+00
0.000000000000000000e+00 6.600000000000000000e+01 4.929999999999999716e+00 0.000000000000000000e+00 6.528015816277547012e-01 7.794423848879981909e-04 0.000000000000000000e+00 0.000000000000000000e+00 1.320000000000000000e+02 0.000000000000000000e+00 1.000000000000000000e+00 0.000000000000000000e+00
0.000000000000000000e+00 6.600000000000000000e+01 4.939999999999999503e+00 0.000000000000000000e+00 6.472573704622492929e-01 8.139859295366981898e-04 0.000000000000000000e+00 0.000000000000000000e+00 1.320000000000000000e+02 0.000000000000000000e+00 1.000000000000000000e+00 0.000000000000000000e+00
0.000000000000000000e+00 6.600000000000000000e+01 4.950000000000000178e+00 0.000000000000000000e+00 6.419778858338978100e-01 8.472793069948404004e-04 0.000000000000000000e+00 0.000000000000000000e+00 1.320000000000000000e+02 0.000000000000000000e+00 1.000000000000000000e+00 0.000000000000000000e+00
0.000000000000000000e+00 6.600000000000000000e+01 4.959999999999999964e+00 0.000000000000000000e+00 6.369611061379427674e-01 8.791423947410803921e-04 0.000000000000000000e+00 0.000000000000000000e+00 1.320000000000000000e+02 0.000000000000000000e+00 1.000000000000000000e+00 0.000000000000000000e+00
0.000000000000000000e+00 6.600000000000000000e+01 4.969999999999999751e+00 0.000000000000000000e+00 6.322051103638284264e-01 9.094021148687439840e-04 0.000000000000000000e+00 0.000000000000000000e+00 1.320000000000000000e+02 0.000000000000000000e+00 1.000000000000000000e+00 0.000000000000000000e+00
0.000000000000000000e+00 6.600000000000000000e+01 4.979999999999999538e+00 0.000000000000000000e+00 6.277080773596130925e-01 9.378932442853111368e-04 0.000000000000000000e+00 0.000000000000000000e+00 1.320000000000000000e+02 0.000000000000000000e+00 1.000000000000000000e+00 0.000000000000000000e+00
0.000000000000000000e+00 6.600000000000000000e+01 4.990000000000000213e+00 0.000000000000000000e+00 6.234682851346181609e-01 9.644591681043906267e-04 0.000000000000000000e+00 0.000000000000000000e+00 1.320000000000000000e+02 0.000000000000000000e+00 1.000000000000000000e+00 0.000000000000000000e+00
0.000000000000000000e+00 6.600000000000000000e+01 5.000000000000000000e+00 0.000000000000000000e+00 6.194841102000497868e-01 9.889525805903513767e-04 0.000000000000000000e+00 0.000000000000000000e+00 1.320000000000000000e+02 0.000000000000000000e+00 1.000000000000000000e+00 0.000000000000000000e+00
0.000000000000000000e+00 6.600000000000000000e+01 5.009999999999999787e+00 0.000000000000000000e+00 6.157540269473366079e-01 1.011236137854820000e-03 0.000000000000000000e+00 0.000000000000000000e+00 1.320000000000000000e+02 0.000000000000000000e+00 1.000000000000000000e+00 0.000000000000000000e+00
0.000000000000000000e+00 6.600000000000000000e+01 5.019999999999999574e+00 0.000000000000000000e+00 6.122766070639480418e-01 1.031183066273016341e-03 0.000000000000000000e+00 0.000000000000000000e+00 1.320000000000000000e+02 0.000000000000000000e+00 1.000000000000000000e+00 0.000000000000000000e+00
0.000000000000000000e+00 6.600000000000000000e+01 5.030000000000000249e+00 0.000000000000000000e+00 6.090505189864692248e-01 1.048677730297995284e-03 0.000000000000000000e+00 0.000000000000000000e+00 1.320000000000000000e+02 0.000000000000000000e+00 1.000000000000000000e+00 0.000000000000000000e+00
0.000000000000000000e+00 6.600000000000000000e+01 5.040000000000000036e+00 0.000000000000000000e+00 6.060745273907230946e-01 1.063616163009484250e-03 0.000000000000000000e+00 0.000000000000000000e+00 1.320000000000000000e+02 0.000000000000000000e+00 1.000000000000000000e+00 0.000000000000000000e+00
0.000000000000000000e+00 6.600000000000000000e+01 5.049999999999999822e+00 0.000000000000000000e+00 6.033474927187428838e-01 1.075906562346779990e-03 0.000000000000000000e+00 0.000000000000000000e+00 1.320000000000000000e+02 0.000000000000000000e+00 1.000000000000000000e+00 0.000000000000000000e+00
0.000000000000000000e+00 6.600000000000000000e+01 5.059999999999999609e+00 0.000000000000000000e+00 6.008683707424165021e-01 1.085469755545671530e-03 0.000000000000000000e+00 0.000000000000000000e+00 1.320000000000000000e+02 0.000000000000000000e+00 1.000000000000000000e+00 0.000000000000000000e+00
0.000000000000000000e+00 6.600000000000000000e+01 5.070000000000000284e+00 0.000000000000000000e+00 5.986362121636332745e-01 1.092239633829988552e-03 0.000000000000000000e+00 0.000000000000000000e+00 1.320000000000000000e+02 0.000000000000000000e+00 1.000000000000000000e+00 0.000000000000000000e+00
0.000000000000000000e+00 6.600000000000000000e+01 5.080000000000000071e+00 0.000000000000000000e+00 5.966501622507823788e-01 1.096163558898731807e-03 0.000000000000000000e+00 0.000000000000000000e+00 1.320000000000000000e+02 0.000000000000000000e+00 1.000000000000000000e+00 0.000000000000000000e+00
0.000000000000000000e+00 6.600000000000000000e+01 5.089999999999999858e+00 0.000000000000000000e+00 5.949094605114606527e-01 1.097202742199621453e-03 0.000000000000000000e+00 0.000000000000000000e+00 1.320000000000000000e+02 0.000000000000000000e+00 1.000000000000000000e+00 0.000000000000000000e+00
0.000000000000000000e+00 6.600000000000000000e+01 5.099999999999999645e+00 0.000000000000000000e+00 5.934134404012672004e-01 1.095332597386424259e-03 0.000000000000000000e+00 0.000000000000000000e+00 1.320000000000000000e+02 0.000000000000000000e+00 1.000000000000000000e+00 0.000000000000000000e+00
0.000000000000000000e+00 6.600000000000000000e+01 5.110000000000000320e+00 0.000000000000000000e+00 5.921615290685728894e-01 1.090543065717874960e-03 0.000000000000000000e+00 0.000000000000000000e+00 1.320000000000000000e+02 0.000000000000000000e+00 1.000000000000000000e+00 0.000000000000000000e+00
0.000000000000000000e+00 6.600000000000000000e+01 5.120000000000000107e+00 0.000000000000000000e+00 5.911532471351645945e-01 1.082838913466020736e-03 0.000000000000000000e+00 0.000000000000000000e+00 1.320000000000000000e+02 0.000000000000000000e+00 1.000000000000000000e+00 0.000000000000000000e+00
0.000000000000000000e+00 6.600000000000000000e+01 5.129999999999999893e+00 0.000000000000000000e+00 5.903882085126841428e-01 1.072239999655789575e-03 0.000000000000000000e+00 0.000000000000000000e+00 1.320000000000000000e+02 0.000000000000000000e+00 1.000000000000000000e+00 0.000000000000000000e+00
0.000000000000000000e+00 6.600000000000000000e+01 5.139999999999999680e+00 0.000000000000000000e+00 5.898661202547876847e-01 1.058781511651164103e-03 0.000000000000000000e+00 0.000000000000000000e+00 1.320000000000000000e+02 0.000000000000000000e+00 1.000000000000000000e+00 0.000000000000000000e+00
0.000000000000000000e+00 6.600000000000000000e+01 5.149999999999999467e+00 0.000000000000000000e+00 5.895867824449719796e-01 1.042514165228386122e-03 0.000000000000000000e+00 0.000000000000000000e+00 1.320000000000000000e+02 0.000000000000000000e+00 1.000000000000000000e+00 0.000000000000000000e+00
0.000000000000000000e+00 6.600000000000000000e+01 5.160000000000000142e+00 0.000000000000000000e+00 5.895500881200226306e-01 1.023504364828559457e-03 0.000000000000000000e+00 0.000000000000000000e+00 1.320000000000000000e+02 0.000000000000000000e+00 1.000000000000000000e+00 0.000000000000000000e+00
0.000000000000000000e+00 6.600000000000000000e+01 5.169999999999999929e+00 0.000000000000000000e+00 5.897560232290567361e-01 1.001834318653046715e-03 0.000000000000000000e+00 0.000000000000000000e+00 1.320000000000000000e+02 0.000000000000000000e+00 1.000000000000000000e+00 0.000000000000000000e+00
0.000000000000000000e+00 6.600000000000000000e+01 5.179999999999999716e+00 0.000000000000000000e+00 5.902046666281415277e-01 9.776021021490645391e-04 0.000000000000000000e+00 0.000000000000000000e+00 1.320000000000000000e+02 0.000000000000000000e+00 1.000000000000000000e+00 0.000000000000000000e+00
0.000000000000000000e+00 6.600000000000000000e+01 5.189999999999999503e+00 0.000000000000000000e+00 5.908961901104907710e-01 9.509216622253548190e-04 0.000000000000000000e+00 0.000000000000000000e+00 1.320000000000000000e+02 0.000000000000000000e+00 1.000000000000000000e+00 0.000000000000000000e+00
0.000000000000000000e+00 6.600000000000000000e+01 5.200000000000000178e+00 0.000000000000000000e+00 5.918308584722462573e-01 9.219227532332877409e-04 0.000000000000000000e+00 0.000000000000000000e+00 1.320000000000000000e+02 0.000000000000000000e+00 1.000000000000000000e+00 0.000000000000000000e+00
0.000000000000000000e+00 6.600000000000000000e+01 5.209999999999999964e+00 0.000000000000000000e+00 5.930090296138736949e-01 8.907507943470100928e-04 0.000000000000000000e+00 0.000000000000000000e+00 1.320000000000000000e+02 0.000000000000000000e+00 1.000000000000000000e+00 0.000000000000000000e+00
0.000000000000000000e+00 6.600000000000000000e+01 5.219999999999999751e+00 0.000000000000000000e+00 5.944311546772085286e-01 8.575666364774312336e-04 0.000000000000000000e+00 0.000000000000000000e+00 1.320000000000000000e+02 0.000000000000000000e+00 1.000000000000000000e+00 0.000000000000000000e+00
0.000000000000000000e+00 6.600000000000000000e+01 5.229999999999999538e+00 0.000000000000000000e+00 5.960977782182057538e-01 8.225462252663484977e-04 0.000000000000000000e+00 0.000000000000000000e+00 1.320000000000000000e+02 0.000000000000000000e+00 1.000000000000000000e+00 0.000000000000000000e+00
0.000000000000000000e+00 6.600000000000000000e+01 5.240000000000000213e+00 0.000000000000000000e+00 5.980095384154598959e-01 7.858801450411146208e-04 0.000000000000000000e+00 0.000000000000000000e+00 1.320000000000000000e+02 0.000000000000000000e+00 1.000000000000000000e+00 0.000000000000000000e+00
0.000000000000000000e+00 6.600000000000000000e+01 5.250000000000000000e+00 0.000000000000000000e+00 6.001671673145739794e-01 7.477730268892184701e-04 0.000000000000000000e+00 0.000000000000000000e+00 1.320000000000000000e+02 0.000000000000000000e+00 1.000000000000000000e+00 0.000000000000000000e+00
0.000000000000000000e+00 6.600000000000000000e+01 5.259999999999999787e+00 0.000000000000000000e+00 6.025714911084729675e-01 7.084428022700057365e-04 0.000000000000000000e+00 0.000000000000000000e+00 1.320000000000000000e+02 0.000000000000000000e+00 1.000000000000000000e+00 0.000000000000000000e+00
0.000000000000000000e+00 6.600000000000000000e+01 5.269999999999999574e+00 0.000000000000000000e+00 6.052234304537669196e-01 6.681197818675958452e-04 0.000000000000000000e+00 0.000000000000000000e+00 1.320000000000000000e+02 0.000000000000000000e+00 1.000000000000000000e+00 0.000000000000000000e+00
0.000000000000000000e+00 6.600000000000000000e+01 5.280000000000000249e+00 0.000000000000000000e+00 6.081240008232858818e-01 6.270455377767637783e-04 0.000000000000000000e+00 0.000000000000000000e+00 1.320000000000000000e+02 0.000000000000000000e+00 1.000000000000000000e+00 0.000000000000000000e+00
0.000000000000000000e+00 6.600000000000000000e+01 5.290000000000000036e+00 0.000000000000000000e+00 6.112743128949218452e-01 5.854715656997619422e-04 0.000000000000000000e+00 0.000000000000000000e+00 1.320000000000000000e+02 0.000000000000000000e+00 1.000000000000000000e+00 0.000000000000000000e+00
0.000000000000000000e+00 6.600000000000000000e+01 5.299999999999999822e+00 0.000000000000000000e+00 6.146755729769263210e-01 5.436577027529377812e-04 0.000000000000000000e+00 0.000000000000000000e+00 1.320000000000000000e+02 0.000000000000000000e+00 1.000000000000000000e+00 0.000000000000000000e+00
0.000000000000000000e+00 6.600000000000000000e+01 5.309999999999999609e+00 0.000000000000000000e+00 6.183290834698267346e-01 5.018702759136944164e-04 0.000000000000000000e+00 0.000000000000000000e+00 1.320000000000000000e+02 0.000000000000000000e+00 1.000000000000000000e+00 0.000000000000000000e+00
0.000000000000000000e+00 6.600000000000000000e+01 5.320000000000000284e+00 0.000000000000000000e+00 6.222362433651368319e-01 4.603799563195889663e-04 0.000000000000000000e+00 0.000000000000000000e+00 1.320000000000000000e+02 0.000000000000000000e+00 1.000000000000000000e+00 0.000000000000000000e+00
0.000000000000000000e+00 6.600000000000000000e+01 5.330000000000000071e+00 0.000000000000000000e+00 6.263985487810556085e-01 4.194592958643482764e-04 0.000000000000000000e+00 0.000000000000000000e+00 1.320000000000000000e+02 0.000000000000000000e+00 1.000000000000000000e+00 0.000000000000000000e+00
0.000000000000000000e+00 6.600000000000000000e+01 5.339999999999999858e+00 0.000000000000000000e+00 6.308175935353554920e-01 3.793799252138200552e-04 0.000000000000000000e+00 0.000000000000000000e+00 1.320000000000000000e+02 0.000000000000000000e+00 1.000000000000000000e+00 0.000000000000000000e+00
0.000000000000000000e+00 6.600000000000000000e+01 5.349999999999999645e+00 0.000000000000000000e+00 6.354950697556827066e-01 3.404093969796035540e-04 0.000000000000000000e+00 0.000000000000000000e+00 1.320000000000000000e+02 0.000000000000000000e+00 1.000000000000000000e+00 0.000000000000000000e+00
0.000000000000000000e+00 6.600000000000000000e+01 5.360000000000000320e+00 0.000000000000000000e+00 6.404327685275026383e-01 3.028076649520751625e-04 0.000000000000000000e+00 0.000000000000000000e+00 1.320000000000000000e+02 0.000000000000000000e+00 1.000000000000000000e+00 0.000000000000000000e+00
0.000000000000000000e+00 6.600000000000000000e+01 5.370000000000000107e+00 0.000000000000000000e+00 6.456325805799353335e-01 2.668232007523819657e-04 0.000000000000000000e+00 0.000000000000000000e+00 1.320000000000000000e+02 0.000000000000000000e+00 1.000000000000000000e+00 0.000000000000000000e+00
0.000000000000000000e+00 6.600000000000000000e+01 5.379999999999999893e+00 0.000000000000000000e+00 6.510964970097494753e-01 2.326887639004606746e-04 0.000000000000000000e+00 0.000000000000000000e+00 1.320000000000000000e+02 0.000000000000000000e+00 1.000000000000000000e+00 0.000000000000000000e+00
0.000000000000000000e+00 6.600000000000000000e+01 5.389999999999999680e+00 0.000000000000000000e+00 6.568266100437865074e-01 2.006168611314823429e-04 0.000000000000000000e+00 0.000000000000000000e+00 1.320000000000000000e+02 0.000000000000000000e+00 1.000000000000000000e+00 0.000000000000000000e+00
0.000000000000000000e+00 6.600000000000000000e+01 5.399999999999999467e+00 0.000000000000000000e+00 6.628251138401100029e-01 1.707949569457085925e-04 0.000000000000000000e+00 0.000000000000000000e+00 1.320000000000000000e+02 0.000000000000000000e+00 1.000000000000000000e+00 0.000000000000000000e+00
0.000000000000000000e+00 6.600000000000000000e+01 5.410000000000000142e+00 0.000000000000000000e+00 6.690943053281870334e-01 1.433805309885894958e-04 0.000000000000000000e+00 0.000000000000000000e+00 1.320000000000000000e+02 0.000000000000000000e+00 1.000000000000000000e+00 0.000000000000000000e+00
0.000000000000000000e+00 6.600000000000000000e+01 5.419999999999999929e+00 0.000000000000000000e+00 6.756365850884205049e-01 1.184961199422319804e-04 0.000000000000000000e+00 0.000000000000000000e+00 1.320000000000000000e+02 0.000000000000000000e+00 1.000000000000000000e+00 0.000000000000000000e+00
0.000000000000000000e+00 6.600000000000000000e+01 5.429999999999999716e+00 0.000000000000000000e+00 6.824544582713730767e-01 9.622453279332855887e-05 0.000000000000000000e+00 0.000000000000000000e+00 1.320000000000000000e+02 0.000000000000000000e+00 1.000000000000000000e+00 0.000000000000000000e+00
0.000000000000000000e+00 6.600000000000000000e+01 5.439999999999999503e+00 0.000000000000000000e+00 6.895505355570321626e-01 7.660448843379349254e-05 0.000000000000000000e+00 0.000000000000000000e+00 1.320000000000000000e+02 0.000000000000000000e+00 1.000000000000000000e+00 0.000000000000000000e+00
0.000000000000000000e+00 6.600000000000000000e+01 5.450000000000000178e+00 0.000000000000000000e+00 6.969275341544831637e-01 5.962699187600994325e-05 0.000000000000000000e+00 0.000000000000000000e+00 1.320000000000000000e+02 0.000000000000000000e+00 1.000000000000000000e+00 0.000000000000000000e+00
0.000000000000000000e+00 6.600000000000000000e+01 5.459999999999999964e+00 0.000000000000000000e+00 7.045882788423761811e-01 4.523283578848993382e-05 0.000000000000000000e+00 0.000000000000000000e+00 1.320000000000000000e+02 0.000000000000000000e+00 1.000000000000000000e+00 0.000000000000000000e+00
0.000000000000000000e+00 6.600000000000000000e+01 5.469999999999999751e+00 0.000000000000000000e+00 7.125357030505808931e-01 3.331167961510145270e-05 0.000000000000000000e+00 0.000000000000000000e+00 1.320000000000000000e+02 0.000000000000000000e+00 1.000000000000000000e+00 0.000000000000000000e+00
0.000000000000000000e+00 6.600000000000000000e+01 5.479999999999999538e+00 0.000000000000000000e+00 7.207728499834475944e-01 2.370320568446585138e-05 0.000000000000000000e+00 0.000000000000000000e+00 1.320000000000000000e+02 0.000000000000000000e+00 1.000000000000000000e+00 0.000000000000000000e+00
0.000000000000000000e+00 6.600000000000000000e+01 5.490000000000000213e+00 0.000000000000000000e+00 7.293028737851020571e-01 1.620085934020420743e-05 0.000000000000000000e+00 0.000000000000000000e+00 1.320000000000000000e+02 0.000000000000000000e+00 1.000000000000000000e+00 0.000000000000000000e+00
0.000000000000000000e+00 6.600000000000000000e+01 5.500000000000000000e+00 0.000000000000000000e+00 7.381290407472209658e-01 1.055861792161351116e-05 0.000000000000000000e+00 0.000000000000000000e+00 1.320000000000000000e+02 0.000000000000000000e+00 1.000000000000000000e+00 0.000000000000000000e+00
0.000000000000000000e+00 6.600000000000000000e+01 5.509999999999999787e+00 0.000000000000000000e+00 7.472547305597505574e-01 6.501061872257342237e-06 0.000000000000000000e+00 0.000000000000000000e+00 1.320000000000000000e+02 0.000000000000000000e+00 1.000000000000000000e+00 0.000000000000000000e+00
0.000000000000000000e+00 6.600000000000000000e+01 5.519999999999999574e+00 0.000000000000000000e+00 7.566834376050479705e-01 3.736695767110164833e-06 0.000000000000000000e+00 0.000000000000000000e+00 1.320000000000000000e+02 0.000000000000000000e+00 1.000000000000000000e+00 0.000000000000000000e+00
0.000000000000000000e+00 6.600000000000000000e+01 5.530000000000000249e+00 0.000000000000000000e+00 7.664187722959395765e-01 1.973950685532354927e-06 0.000000000000000000e+00 0.000000000000000000e+00 1.320000000000000000e+02 0.000000000000000000e+00 1.000000000000000000e+00 0.000000000000000000e+00
0.000000000000000000e+00 6.600000000000000000e+01 5.540000000000000036e+00 0.000000000000000000e+00 7.764644624582093257e-01 9.385901528850330269e-07 0.000000000000000000e+00 0.000000000000000000e+00 1.320000000000000000e+02 0.000000000000000000e+00 1.000000000000000000e+00 0.000000000000000000e+00
0.000000000000000000e+00 6.600000000000000000e+01 5.549999999999999822e+00 0.000000000000000000e+00 7.868243547580482389e-01 3.904202097593256917e-07 0.000000000000000000e+00 0.000000000000000000e+00 1.320000000000000000e+02 0.000000000000000000e+00 1.000000000000000000e+00 0.000000000000000000e+00
0.000000000000000000e+00 6.600000000000000000e+01 5.559999999999999609e+00 0.000000000000000000e+00 7.975024161750071672e-01 1.364963286208384157e-07 0.000000000000000000e+00 0.000000000000000000e+00 1.320000000000000000e+02 0.000000000000000000e+00 1.000000000000000000e+00 0.000000000000000000e+00
0.000000000000000000e+00 6.600000000000000000e+01 5.570000000000000284e+00 0.000000000000000000e+00 8.085027355210215871e-01 3.784475623626059119e-08 0.000000000000000000e+00 0.000000000000000000e+00 1.320000000000000000e+02 0.000000000000000000e+00 1.000000000000000000e+00 0.000000000000000000e+00
0.000000000000000000e+00 6.600000000000000000e+01 5.580000000000000071e+00 0.000000000000000000e+00 8.198295250060866346e-01 7.621890639807301234e-09 0.000000000000000000e+00 0.000000000000000000e+00 1.320000000000000000e+02 0.000000000000000000e+00 1.000000000000000000e+00 0.000000000000000000e+00
0.000000000000000000e+00 6.600000000000000000e+01 5.589999999999999858e+00 0.000000000000000000e+00 8.314871218511855622e-01 9.700198701926850714e-10 0.000000000000000000e+00 0.000000000000000000e+00 1.320000000000000000e+02 0.000000000000000000e+00 1.000000000000000000e+00 0.000000000000000000e+00
0.000000000000000000e+00 6.600000000000000000e+01 5.599999999999999645e+00 0.000000000000000000e+00 8.434799899490844632e-01 6.163977898650652734e-11 0.000000000000000000e+00 0.000000000000000000e+00 1.320000000000000000e+02 0.000000000000000000e+00 1.000000000000000000e+00 0.000000000000000000e+00
0.000000000000000000e+00 6.600000000000000000e+01 5.610000000000000320e+00 0.000000000000000000e+00 8.558127215736338611e-01 1.268567300503031807e-12 0.000000000000000000e+00 0.000000000000000000e+00 1.320000000000000000e+02 0.000000000000000000e+00 1.000000000000000000e+00 0.000000000000000000e+00
0.000000000000000000e+00 6.600000000000000000e+01 5.620000000000000107e+00 0.000000000000000000e+00 8.684900391382277540e-01 3.460701041238529191e-15 0.000000000000000000e+00 0.000000000000000000e+00 1.320000000000000000e+02 0.000000000000000000e+00 1.000000000000000000e+00 0.000000000000000000e+00
0.000000000000000000e+00 6.600000000000000000e+01 5.629999999999999893e+00 0.000000000000000000e+00 8.815167970040973522e-01 1.394967864539692050e-19 0.000000000000000000e+00 0.000000000000000000e+00 1.320000000000000000e+02 0.000000000000000000e+00 1.000000000000000000e+00 0.000000000000000000e+00
0.000000000000000000e+00 6.600000000000000000e+01 5.639999999999999680e+00 0.000000000000000000e+00 8.948979833391285110e-01 5.918321201192875125e-29 0.000000000000000000e+00 0.000000000000000000e+00 1.320000000000000000e+02 0.000000000000000000e+00 1.000000000000000000e+00 0.000000000000000000e+00
0.000000000000000000e+00 6.600000000000000000e+01 5.649999999999999467e+00 0.000000000000000000e+00 9.086387220279150689e-01 9.892143539554883845e-64 1.000000000000000000e+00 1.000000000000000000e+00 1.320000000000000000e+02 0.000000000000000000e+00 1.000000000000000000e+00 0.000000000000000000e+00
0.000000000000000000e+00 6.600000000000000000e+01 5.660000000000000142e+00 0.000000000000000000e+00 8.876902110242732569e-01 8.065193872063055957e-29 0.000000000000000000e+00 0.000000000000000000e+00 1.320000000000000000e+02 0.000000000000000000e+00 1.000000000000000000e+00 0.000000000000000000e+00
0.000000000000000000e+00 6.600000000000000000e+01 5.669999999999999929e+00 0.000000000000000000e+00 8.670984923953687362e-01 2.074949763793004521e-19 0.000000000000000000e+00 0.000000000000000000e+00 1.320000000000000000e+02 0.000000000000000000e+00 1.000000000000000000e+00 0.000000000000000000e+00
0.000000000000000000e+00 6.600000000000000000e+01 5.679999999999999716e+00 0.000000000000000000e+00 8.468556812207453932e-01 5.385008703209826656e-15 0.000000000000000000e+00 0.000000000000000000e+00 1.320000000000000000e+02 0.000000000000000000e+00 1.000000000000000000e+00 0.000000000000000000e+00
0.000000000000000000e+00 6.600000000000000000e+01 5.689999999999999503e+00 0.000000000000000000e+00 8.269540261825657490e-01 2.033335183057187026e-12 0.000000000000000000e+00 0.000000000000000000e+00 1.320000000000000000e+02 0.000000000000000000e+00 1.000000000000000000e+00 0.000000000000000000e+00
0.000000000000000000e+00 6.600000000000000000e+01 5.700000000000000178e+00 0.000000000000000000e+00 8.073859065974986482e-01 1.010277295616654457e-10 0.000000000000000000e+00 0.000000000000000000e+00 1.320000000000000000e+02 0.000000000000000000e+00 1.000000000000000000e+00 0.000000000000000000e+00
0.000000000000000000e+00 6.600000000000000000e+01 5.709999999999999964e+00 0.000000000000000000e+00 7.881438294986287119e-01 1.619108640599468074e-09 0.000000000000000000e+00 0.000000000000000000e+00 1.320000000000000000e+02 0.000000000000000000e+00 1.000000000000000000e+00 0.000000000000000000e+00
0.000000000000000000e+00 6.600000000000000000e+01 5.719999999999999751e+00 0.000000000000000000e+00 7.692204267662737793e-01 1.292378570117832537e-08 0.000000000000000000e+00 0.000000000000000000e+00 1.320000000000000000e+02 0.000000000000000000e+00 1.000000000000000000e+00 0.000000000000000000e+00
0.000000000000000000e+00 6.600000000000000000e+01 5.729999999999999538e+00 0.000000000000000000e+00 7.506084523066035574e-01 6.508041073585426407e-08 0.000000000000000000e+00 0.000000000000000000e+00 1.320000000000000000e+02 0.000000000000000000e+00 1.000000000000000000e+00 0.000000000000000000e+00
0.000000000000000000e+00 6.600000000000000000e+01 5.740000000000000213e+00 0.000000000000000000e+00 7.323007792769887780e-01 2.377861073957534602e-07 0.000000000000000000e+00 0.000000000000000000e+00 1.320000000000000000e+02 0.000000000000000000e+00 1.000000000000000000e+00 0.000000000000000000e+00
0.000000000000000000e+00 6.600000000000000000e+01 5.750000000000000000e+00 0.000000000000000000e+00 7.142903973570094989e-01 6.884274943108357266e-07 0.000000000000000000e+00 0.000000000000000000e+00 1.320000000000000000e+02 0.000000000000000000e+00 1.000000000000000000e+00 0.000000000000000000e+00
0.000000000000000000e+00 6.600000000000000000e+01 5.759999999999999787e+00 0.000000000000000000e+00 6.965704100640858210e-01 1.674137253837674208e-06 0.000000000000000000e+00 0.000000000000000000e+00 1.320000000000000000e+02 0.000000000000000000e+00 1.000000000000000000e+00 0.000000000000000000e+00
0.000000000000000000e+00 6.600000000000000000e+01 5.769999999999999574e+00 0.000000000000000000e+00 6.791340321126956292e-01 3.559836104433393607e-06 0.000000000000000000e+00 0.000000000000000000e+00 1.320000000000000000e+02 0.000000000000000000e+00 1.000000000000000000e+00 0.000000000000000000e+00
0.000000000000000000e+00 6.600000000000000000e+01 5.780000000000000249e+00 0.000000000000000000e+00 6.619745868161733826e-01 6.810705118278013157e-06 0.000000000000000000e+00 0.000000000000000000e+00 1.320000000000000000e+02 0.000000000000000000e+00 1.000000000000000000e+00 0.000000000000000000e+00
0.000000000000000000e+00 6.600000000000000000e+01 5.790000000000000036e+00 0.000000000000000000e+00 6.450855035300927520e-01 1.197185974827536426e-05 0.000000000000000000e+00 0.000000000000000000e+00 1.320000000000000000e+02 0.000000000000000000e+00 1.000000000000000000e+00 0.000000000000000000e+00
0.000000000000000000e+00 6.600000000000000000e+01 5.799999999999999822e+00 0.000000000000000000e+00 6.284603151362554430e-01 1.964000958310283375e-05 0.000000000000000000e+00 0.000000000000000000e+00 1.320000000000000000e+02 0.000000000000000000e+00 1.000000000000000000e+00 0.000000000000000000e+00
0.000000000000000000e+00 6.600000000000000000e+01 5.809999999999999609e+00 0.000000000000000000e+00 6.120926555663201984e-01 3.043198362784609208e-05 0.000000000000000000e+00 0.000000000000000000e+00 1.320000000000000000e+02 0.000000000000000000e+00 1.000000000000000000e+00 0.000000000000000000e+00
0.000000000000000000e+00 6.600000000000000000e+01 5.820000000000000284e+00 0.000000000000000000e+00 5.959762573641269601e-01 4.495404136195123475e-05 0.000000000000000000e+00 0.000000000000000000e+00 1.320000000000000000e+02 0.000000000000000000e+00 1.000000000000000000e+00 0.000000000000000000e+00
0.000000000000000000e+00 6.600000000000000000e+01 5.830000000000000071e+00 0.000000000000000000e+00 5.801049492857820455e-01 6.377459566557714191e-05 0.000000000000000000e+00 0.000000000000000000e+00 1.320000000000000000e+02 0.000000000000000000e+00 1.000000000000000000e+00 0.000000000000000000e+00
0.000000000000000000e+00 6.600000000000000000e+01 5.839999999999999858e+00 0.000000000000000000e+00 5.644726539365814144e-01 8.740176981302839876e-05 0.000000000000000000e+00 0.000000000000000000e+00 1.320000000000000000e+02 0.000000000000000000e+00 1.000000000000000000e+00 0.000000000000000000e+00
0.000000000000000000e+00 6.600000000000000000e+01 5.849999999999999645e+00 0.000000000000000000e+00 5.490733854438745176e-01 1.162662764352952963e-04 0.000000000000000000e+00 0.000000000000000000e+00 1.320000000000000000e+02 0.000000000000000000e+00 1.000000000000000000e+00 0.000000000000000000e+00
0.000000000000000000e+00 6.600000000000000000e+01 5.860000000000000320e+00 0.000000000000000000e+00 5.339012471649704494e-01 1.507094714814655873e-04 0.000000000000000000e+00 0.000000000000000000e+00 1.320000000000000000e+02 0.000000000000000000e+00 1.000000000000000000e+00 0.000000000000000000e+00
0.000000000000000000e+00 6.600000000000000000e+01 5.870000000000000107e+00 0.000000000000000000e+00 5.189504294292129893e-01 1.909760594734554937e-04 0.000000000000000000e+00 0.000000000000000000e+00 1.320000000000000000e+02 0.000000000000000000e+00 1.000000000000000000e+00 0.000000000000000000e+00
0.000000000000000000e+00 6.600000000000000000e+01 5.879999999999999893e+00 0.000000000000000000e+00 5.042152073133587820e-01 2.372107438025415453e-04 0.000000000000000000e+00 0.000000000000000000e+00 1.320000000000000000e+02 0.000000000000000000e+00 1.000000000000000000e+00 0.000000000000000000e+00
0.000000000000000000e+00 6.600000000000000000e+01 5.889999999999999680e+00 0.000000000000000000e+00 4.896899384494064478e-01 2.894580654109247565e-04 0.000000000000000000e+00 0.000000000000000000e+00 1.320000000000000000e+02 0.000000000000000000e+00 1.000000000000000000e+00 0.000000000000000000e+00
0.000000000000000000e+00 6.600000000000000000e+01 5.899999999999999467e+00 0.000000000000000000e+00 4.753690608640376292e-01 3.476647044832474782e-04 0.000000000000000000e+00 0.000000000000000000e+00 1.320000000000000000e+02 0.000000000000000000e+00 1.000000000000000000e+00 0.000000000000000000e+00
0.000000000000000000e+00 6.600000000000000000e+01 5.910000000000000142e+00 0.000000000000000000e+00 4.612470908488424115e-01 4.116835957556934031e-04 0.000000000000000000e+00 0.000000000000000000e+00 1.320000000000000000e+02 0.000000000000000000e+00 1.000000000000000000e+00 0.000000000000000000e+00
0.000000000000000000e+00 6.600000000000000000e+01 5.919999999999999929e+00 0.000000000000000000e+00 4.473186208605132164e-01 4.812793036518348347e-04 0.000000000000000000e+00 0.000000000000000000e+00 1.320000000000000000e+02 0.000000000000000000e+00 1.000000000000000000e+00 0.000000000000000000e+00
0.000000000000000000e+00 6.600000000000000000e+01 5.929999999999999716e+00 0.000000000000000000e+00 4.335783174502059745e-01 5.561342028556157807e-04 0.000000000000000000e+00 0.000000000000000000e+00 1.320000000000000000e+02 0.000000000000000000e+00 1.000000000000000000e+00 0.000000000000000000e+00
0.000000000000000000e+00 6.600000000000000000e+01 5.939999999999999503e+00 0.000000000000000000e+00 4.200209192212691622e-01 6.358551039709987515e-04 0.000000000000000000e+00 0.000000000000000000e+00 1.320000000000000000e+02 0.000000000000000000e+00 1.000000000000000000e+00 0.000000000000000000e+00
0.000000000000000000e+00 6.600000000000000000e+01 5.950000000000000178e+00 0.000000000000000000e+00 4.066412348145672651e-01 7.199800479294844388e-04 0.000000000000000000e+00 0.000000000000000000e+00 1.320000000000000000e+02 0.000000000000000000e+00 1.000000000000000000e+00 0.000000000000000000e+00
0.000000000000000000e+00 6.600000000000000000e+01 5.959999999999999964e+00 0.000000000000000000e+00 3.934341409206195128e-01 8.079850650033184797e-04 0.000000000000000000e+00 0.000000000000000000e+00 1.320000000000000000e+02 0.000000000000000000e+00 1.000000000000000000e+00 0.000000000000000000e+00
0.000000000000000000e+00 6.600000000000000000e+01 5.969999999999999751e+00 0.000000000000000000e+00 3.803945803177979368e-01 8.992907545997737978e-04 0.000000000000000000e+00 0.000000000000000000e+00 1.320000000000000000e+02 0.000000000000000000e+00 1.000000000000000000e+00 0.000000000000000000e+00
0.000000000000000000e+00 6.600000000000000000e+01 5.979999999999999538e+00 0.000000000000000000e+00 3.675175599358303513e-01 9.932685913439879416e-04 0.000000000000000000e+00 0.000000000000000000e+00 1.320000000000000000e+02 0.000000000000000000e+00 1.000000000000000000e+00 0.000000000000000000e+00
0.000000000000000000e+00 6.600000000000000000e+01 5.990000000000000213e+00 0.000000000000000000e+00 3.547981489438692959e-01 1.089246902654916402e-03 0.000000000000000000e+00 0.000000000000000000e+00 1.320000000000000000e+02 0.000000000000000000e+00 1.000000000000000000e+00 0.000000000000000000e+00
0.000000000000000000e+00 6.600000000000000000e+01 6.000000000000000000e+00 0.000000000000000000e+00 3.422314768623918591e-01 1.186516494585782358e-03 0.000000000000000000e+00 0.000000000000000000e+00 1.320000000000000000e+02 0.000000000000000000e+00 1.000000000000000000e+00 0.000000000000000000e+00
0.000000000000000000e+00 6.600000000000000000e+01 6.009999999999999787e+00 0.000000000000000000e+00 3.298127316982107371e-01 1.284335927621978526e-03 0.000000000000000000e+00 0.000000000000000000e+00 1.320000000000000000e+02 0.000000000000000000e+00 1.000000000000000000e+00 0.000000000000000000e+00
0.000000000000000000e+00 6.600000000000000000e+01 6.019999999999999574e+00 0.000000000000000000e+00 3.175371581018794909e-01 1.381936463778432600e-03 0.000000000000000000e+00 0.000000000000000000e+00 1.320000000000000000e+02 0.000000000000000000e+00 1.000000000000000000e+00 0.000000000000000000e+00
0.000000000000000000e+00 6.600000000000000000e+01 6.030000000000000249e+00 0.000000000000000000e+00 3.054000555467881184e-01 1.478526721936136712e-03 0.000000000000000000e+00 0.000000000000000000e+00 1.320000000000000000e+02 0.000000000000000000e+00 1.000000000000000000e+00 0.000000000000000000e+00
0.000000000000000000e+00 6.600000000000000000e+01 6.040000000000000036e+00 0.000000000000000000e+00 2.933967765292513352e-01 1.573297090969340978e-03 0.000000000000000000e+00 0.000000000000000000e+00 1.320000000000000000e+02 0.000000000000000000e+00 1.000000000000000000e+00 0.000000000000000000e+00
0.000000000000000000e+00 6.600000000000000000e+01 6.049999999999999822e+00 0.000000000000000000e+00 2.815227247889002249e-01 1.665423960752062185e-03 0.000000000000000000e+00 0.000000000000000000e+00 1.320000000000000000e+02 0.000000000000000000e+00 1.000000000000000000e+00 0.000000000000000000e+00
0.000000000000000000e+00 6.600000000000000000e+01 6.059999999999999609e+00 0.000000000000000000e+00 2.697733535486951384e-01 1.754073840381200483e-03 0.000000000000000000e+00 0.000000000000000000e+00 1.320000000000000000e+02 0.000000000000000000e+00 1.000000000000000000e+00 0.000000000000000000e+00
0.000000000000000000e+00 6.600000000000000000e+01 6.070000000000000284e+00 0.000000000000000000e+00 2.581441637738881023e-01 1.838407441585154095e-03 0.000000000000000000e+00 0.000000000000000000e+00 1.320000000000000000e+02 0.000000000000000000e+00 1.000000000000000000e+00 0.000000000000000000e+00
0.000000000000000000e+00 6.600000000000000000e+01 6.080000000000000071e+00 0.000000000000000000e+00 2.466307024492646049e-01 1.917583813889935096e-03 0.000000000000000000e+00 0.000000000000000000e+00 1.320000000000000000e+02 0.000000000000000000e+00 1.000000000000000000e+00 0.000000000000000000e+00
0.000000000000000000e+00 6.600000000000000000e+01 6.089999999999999858e+00 0.000000000000000000e+00 2.352285608740088962e-01 1.990764627206896564e-03 0.000000000000000000e+00 0.000000000000000000e+00 1.320000000000000000e+02 0.000000000000000000e+00 1.000000000000000000e+00 0.000000000000000000e+00
0.000000000000000000e+00 6.600000000000000000e+01 6.099999999999999645e+00 0.000000000000000000e+00 2.239333729735368261e-01 2.057118707558872744e-03 0.000000000000000000e+00 0.000000000000000000e+00 1.320000000000000000e+02 0.000000000000000000e+00 1.000000000000000000e+00 0.000000000000000000e+00
0.000000000000000000e+00 6.600000000000000000e+01 6.110000000000000320e+00 0.000000000000000000e+00 2.127408136276515149e-01 2.115826943106503821e-03 0.000000000000000000e+00 0.000000000000000000e+00 1.320000000000000000e+02 0.000000000000000000e+00 1.000000000000000000e+00 0.000000000000000000e+00
0.000000000000000000e+00 6.600000000000000000e+01 6.120000000000000107e+00 0.000000000000000000e+00 2.016465970143809239e-01 2.166087690880360433e-03 0.000000000000000000e+00 0.000000000000000000e+00 1.320000000000000000e+02 0.000000000000000000e+00 1.000000000000000000e+00 0.000000000000000000e+00
0.000000000000000000e+00 6.600000000000000000e+01 6.129999999999999893e+00 0.000000000000000000e+00 1.906464749688633331e-01 2.207122830043409603e-03 0.000000000000000000e+00 0.000000000000000000e+00 1.320000000000000000e+02 0.000000000000000000e+00 1.000000000000000000e+00 0.000000000000000000e+00
0.000000000000000000e+00 6.600000000000000000e+01 6.139999999999999680e+00 0.000000000000000000e+00 1.797362353566531734e-01 2.238184625446454010e-03 0.000000000000000000e+00 0.000000000000000000e+00 1.320000000000000000e+02 0.000000000000000000e+00 1.000000000000000000e+00 0.000000000000000000e+00
0.000000000000000000e+00 6.600000000000000000e+01 6.150000000000000355e+00 0.000000000000000000e+00 1.689117004608219619e-01 2.258563585978009061e-03 0.000000000000000000e+00 0.000000000000000000e+00 1.320000000000000000e+02 0.000000000000000000e+00 1.000000000000000000e+00 0.000000000000000000e+00
0.000000000000000000e+00 6.600000000000000000e+01 6.160000000000000142e+00 0.000000000000000000e+00 1.581687253822398886e-01 2.267597525926633509e-03 0.000000000000000000e+00 0.000000000000000000e+00 1.320000000000000000e+02 0.000000000000000000e+00 1.000000000000000000e+00 0.000000000000000000e+00
0.000000000000000000e+00 6.600000000000000000e+01 6.169999999999999929e+00 0.000000000000000000e+00 1.475031964524229355e-01 2.264682064264405062e-03 0.000000000000000000e+00 0.000000000000000000e+00 1.320000000000000000e+02 0.000000000000000000e+00 1.000000000000000000e+00 0.000000000000000000e+00
0.000000000000000000e+00 6.600000000000000000e+01 6.179999999999999716e+00 0.000000000000000000e+00 1.369110296583390118e-01 2.249282826098942742e-03 0.000000000000000000e+00 0.000000000000000000e+00 1.320000000000000000e+02 0.000000000000000000e+00 1.000000000000000000e+00 0.000000000000000000e+00
0.000000000000000000e+00 6.600000000000000000e+01 6.189999999999999503e+00 0.000000000000000000e+00 1.263881690785697010e-01 2.220949641679898293e-03 0.000000000000000000e+00 0.000000000000000000e+00 1.320000000000000000e+02 0.000000000000000000e+00 1.000000000000000000e+00 0.000000000000000000e+00
0.000000000000000000e+00 6.600000000000000000e+01 6.200000000000000178e+00 0.000000000000000000e+00 1.159305853302287359e-01 2.179333069563778660e-03 0.000000000000000000e+00 0.000000000000000000e+00 1.320000000000000000e+02 0.000000000000000000e+00 1.000000000000000000e+00 0.000000000000000000e+00
0.000000000000000000e+00 6.600000000000000000e+01 6.209999999999999964e+00 0.000000000000000000e+00 1.055342740260426515e-01 2.124203598713358260e-03 0.000000000000000000e+00 0.000000000000000000e+00 1.320000000000000000e+02 0.000000000000000000e+00 1.000000000000000000e+00 0.000000000000000000e+00
0.000000000000000000e+00 6.600000000000000000e+01 6.219999999999999751e+00 0.000000000000000000e+00 9.519525424100228062e-02 2.055473904070032748e-03 0.000000000000000000e+00 0.000000000000000000e+00 1.320000000000000000e+02 0.000000000000000000e+00 1.000000000000000000e+00 0.000000000000000000e+00
0.000000000000000000e+00 6.600000000000000000e+01 6.229999999999999538e+00 0.000000000000000000e+00 8.490956698799892455e-02 1.973224532547251941e-03 0.000000000000000000e+00 0.000000000000000000e+00 1.320000000000000000e+02 0.000000000000000000e+00 1.000000000000000000e+00 0.000000000000000000e+00
0.000000000000000000e+00 6.600000000000000000e+01 6.240000000000000213e+00 0.000000000000000000e+00 7.467327370186047086e-02 1.877733366895244574e-03 0.000000000000000000e+00 0.000000000000000000e+00 1.320000000000000000e+02 0.000000000000000000e+00 1.000000000000000000e+00 0.000000000000000000e+00
0.000000000000000000e+00 6.600000000000000000e+01 6.250000000000000000e+00 0.000000000000000000e+00 6.448245473120753357e-02 1.769509130081144480e-03 0.000000000000000000e+00 0.000000000000000000e+00 1.320000000000000000e+02 0.000000000000000000e+00 1.000000000000000000e+00 0.000000000000000000e+00
0.000000000000000000e+00 6.600000000000000000e+01 6.259999999999999787e+00 0.000000000000000000e+00 5.433320783755238997e-02 1.649329015509654051e-03 0.000000000000000000e+00 0.000000000000000000e+00 1.320000000000000000e+02 0.000000000000000000e+00 1.000000000000000000e+00 0.000000000000000000e+00
0.000000000000000000e+00 6.600000000000000000e+01 6.269999999999999574e+00 0.000000000000000000e+00 4.422164670106471657e-02 1.518280199915348488e-03 0.000000000000000000e+00 0.000000000000000000e+00 1.320000000000000000e+02 0.000000000000000000e+00 1.000000000000000000e+00 0.000000000000000000e+00
0.000000000000000000e+00 6.600000000000000000e+01 6.280000000000000249e+00 0.000000000000000000e+00 3.414389943243383713e-02 1.377804424347792850e-03 0.000000000000000000e+00 0.000000000000000000e+00 1.320000000000000000e+02 0.000000000000000000e+00 1.000000000000000000e+00 0.000000000000000000e+00
0.000000000000000000e+00 6.600000000000000000e+01 6.290000000000000036e+00 0.000000000000000000e+00 2.409610709025614833e-02 1.229743872291168272e-03 0.000000000000000000e+00 0.000000000000000000e+00 1.320000000000000000e+02 0.000000000000000000e+00 1.000000000000000000e+00 0.000000000000000000e+00
0.000000000000000000e+00 6.600000000000000000e+01 6.299999999999999822e+00 0.000000000000000000e+00 1.407442220338048916e-02 1.076385015680419652e-03 0.000000000000000000e+00 0.000000000000000000e+00 1.320000000000000000e+02 0.000000000000000000e+00 1.000000000000000000e+00 0.000000000000000000e+00
0.000000000000000000e+00 6.600000000000000000e+01 6.309999999999999609e+00 0.000000000000000000e+00 4.075007297645892590e-03 9.204946154226338606e-04 0.000000000000000000e+00 0.000000000000000000e+00 1.320000000000000000e+02 0.000000000000000000e+00 1.000000000000000000e+00 0.000000000000000000e+00
0.000000000000000000e+00 6.600000000000000000e+01 6.320000000000000284e+00 0.000000000000000000e+00 -5.905966573552808019e-03 7.653381875290668837e-04 0.000000000000000000e+00 0.000000000000000000e+00 1.320000000000000000e+02 0.000000000000000000e+00 1.000000000000000000e+00 0.000000000000000000e+00
0.000000000000000000e+00 6.600000000000000000e+01 6.330000000000000071e+00 0.000000000000000000e+00 -1.587232129543402620e-02 6.146653583509005189e-04 0.000000000000000000e+00 0.000000000000000000e+00 1.320000000000000000e+02 0.000000000000000000e+00 1.000000000000000000e+00 0.000000000000000000e+00
0.000000000000000000e+00 6.600000000000000000e+01 6.339999999999999858e+00 0.000000000000000000e+00 -2.582787315529432720e-02 4.726379355449762676e-04 0.000000000000000000e+00 0.000000000000000000e+00 1.320000000000000000e+02 0.000000000000000000e+00 1.000000000000000000e+00 0.000000000000000000e+00
0.000000000000000000e+00 6.600000000000000000e+01 6.349999999999999645e+00 0.000000000000000000e+00 -3.577643430383007500e-02 3.436648133601032627e-04 0.000000000000000000e+00 0.000000000000000000e+00 1.320000000000000000e+02 0.000000000000000000e+00 1.000000000000000000e+00 0.000000000000000000e+00
0.000000000000000000e+00 6.600000000000000000e+01 6.360000000000000320e+00 0.000000000000000000e+00 -4.572181421487502700e-02 2.320940851655980616e-04 0.000000000000000000e+00 0.000000000000000000e+00 1.320000000000000000e+02 0.000000000000000000e+00 1.000000000000000000e+00 0.000000000000000000e+00
0.000000000000000000e+00 6.600000000000000000e+01 6.370000000000000107e+00 0.000000000000000000e+00 -5.566782114411283899e-02 1.417027210263461113e-04 0.000000000000000000e+00 0.000000000000000000e+00 1.320000000000000000e+02 0.000000000000000000e+00 1.000000000000000000e+00 0.000000000000000000e+00
0.000000000000000000e+00 6.600000000000000000e+01 6.379999999999999893e+00 0.000000000000000000e+00 -6.561826358732300579e-02 7.493616429139261272e-05 0.000000000000000000e+00 0.000000000000000000e+00 1.320000000000000000e+02 0.000000000000000000e+00 1.000000000000000000e+00 0.000000000000000000e+00
0.000000000000000000e+00 6.600000000000000000e+01 6.389999999999999680e+00 0.000000000000000000e+00 -7.557695173871917249e-02 3.193095591910976574e-05 0.000000000000000000e+00 0.000000000000000000e+00 1.320000000000000000e+02 0.000000000000000000e+00 1.000000000000000000e+00 0.000000000000000000e+00
0.000000000000000000e+00 6.600000000000000000e+01 6.400000000000000355e+00 0.000000000000000000e+00 -8.554769894993718982e-02 9.597441165120029587e-06 0.000000000000000000e+00 0.000000000000000000e+00 1.320000000000000000e+02 0.000000000000000000e+00 1.000000000000000000e+00 0.000000000000000000e+00
0.000000000000000000e+00 6.600000000000000000e+01 6.410000000000000142e+00 0.000000000000000000e+00 -9.553432319023288932e-02 1.543476233162021516e-06 0.000000000000000000e+00 0.000000000000000000e+00 1.320000000000000000e+02 0.000000000000000000e+00 1.000000000000000000e+00 0.000000000000000000e+00
0.000000000000000000e+00 6.600000000000000000e+01 6.419999999999999929e+00 0.000000000000000000e+00 -1.055406485084472989e-01 6.663568934951935645e-08 0.000000000000000000e+00 0.000000000000000000e+00 1.320000000000000000e+02 0.000000000000000000e+00 1.000000000000000000e+00 0.000000000000000000e+00
0.000000000000000000e+00 6.600000000000000000e+01 6.429999999999999716e+00 0.000000000000000000e+00 -1.155705064973004959e-01 7.208450447261376631e-11 0.000000000000000000e+00 0.000000000000000000e+00 1.320000000000000000e+02 0.000000000000000000e+00 1.000000000000000000e+00 0.000000000000000000e+00
0.000000000000000000e+00 6.600000000000000000e+01 6.439999999999999503e+00 0.000000000000000000e+00 -1.256277377605736767e-01 3.420347866211932039e-23 1.000000000000000000e+00 1.000000000000000000e+00 1.320000000000000000e+02 0.000000000000000000e+00 1.000000000000000000e+00 0.000000000000000000e+00
0.000000000000000000e+00 6.600000000000000000e+01 6.450000000000000178e+00 0.000000000000000000e+00 -1.299576322554663321e-01 1.158382923160783333e-10 0.000000000000000000e+00 0.000000000000000000e+00 1.320000000000000000e+02 0.000000000000000000e+00 1.000000000000000000e+00 0.000000000000000000e+00
0.000000000000000000e+00 6.600000000000000000e+01 6.459999999999999964e+00 0.000000000000000000e+00 -1.343204091007448309e-01 1.232463207402291204e-07 0.000000000000000000e+00 0.000000000000000000e+00 1.320000000000000000e+02 0.000000000000000000e+00 1.000000000000000000e+00 0.000000000000000000e+00
0.000000000000000000e+00 6.600000000000000000e+01 6.469999999999999751e+00 0.000000000000000000e+00 -1.387177388781130338e-01 3.105495491626873001e-06 0.000000000000000000e+00 0.000000000000000000e+00 1.320000000000000000e+02 0.000000000000000000e+00 1.000000000000000000e+00 0.000000000000000000e+00
0.000000000000000000e+00 6.600000000000000000e+01 6.479999999999999538e+00 0.000000000000000000e+00 -1.431513054001821161e-01 2.059310723337919686e-05 0.000000000000000000e+00 0.000000000000000000e+00 1.320000000000000000e+02 0.000000000000000000e+00 1.000000000000000000e+00 0.000000000000000000e+00
0.000000000000000000e+00 6.600000000000000000e+01 6.490000000000000213e+00 0.000000000000000000e+00 -1.476228063552312286e-01 7.239120766259121622e-05 0.000000000000000000e+00 0.000000000000000000e+00 1.320000000000000000e+02 0.000000000000000000e+00 1.000000000000000000e+00 0.000000000000000000e+00
0.000000000000000000e+00 6.600000000000000000e+01 6.500000000000000000e+00 0.000000000000000000e+00 -1.521339539572812150e-01 1.786064784116095806e-04 0.000000000000000000e+00 0.000000000000000000e+00 1.320000000000000000e+02 0.000000000000000000e+00 1.000000000000000000e+00 0.000000000000000000e+00
0.000000000000000000e+00 6.600000000000000000e+01 6.509999999999999787e+00 0.000000000000000000e+00 -1.566864756017306293e-01 3.540332880306905697e-04 0.000000000000000000e+00 0.000000000000000000e+00 1.320000000000000000e+02 0.000000000000000000e+00 1.000000000000000000e+00 0.000000000000000000e+00
0.000000000000000000e+00 6.600000000000000000e+01 6.519999999999999574e+00 0.000000000000000000e+00 -1.612821145268048539e-01 6.067656107765981299e-04 0.000000000000000000e+00 0.000000000000000000e+00 1.320000000000000000e+02 0.000000000000000000e+00 1.000000000000000000e+00 0.000000000000000000e+00
0.000000000000000000e+00 6.600000000000000000e+01 6.530000000000000249e+00 0.000000000000000000e+00 -1.659226304810718922e-01 9.391206099651763436e-04 0.000000000000000000e+00 0.000000000000000000e+00 1.320000000000000000e+02 0.000000000000000000e+00 1.000000000000000000e+00 0.000000000000000000e+00
0.000000000000000000e+00 6.600000000000000000e+01 6.540000000000000036e+00 0.000000000000000000e+00 -1.706098003972799648e-01 1.349229825732383911e-03 0.000000000000000000e+00 0.000000000000000000e+00 1.320000000000000000e+02 0.000000000000000000e+00 1.000000000000000000e+00 0.000000000000000000e+00
0.000000000000000000e+00 6.600000000000000000e+01 6.549999999999999822e+00 0.000000000000000000e+00 -1.753454190727754824e-01 1.832532568053520453e-03 0.000000000000000000e+00 0.000000000000000000e+00 1.320000000000000000e+02 0.000000000000000000e+00 1.000000000000000000e+00 0.000000000000000000e+00
0.000000000000000000e+00 6.600000000000000000e+01 6.559999999999999609e+00 0.000000000000000000e+00 -1.801312998567615731e-01 2.382937145025798564e-03 0.000000000000000000e+00 0.000000000000000000e+00 1.320000000000000000e+02 0.000000000000000000e+00 1.000000000000000000e+00 0.000000000000000000e+00
0.000000000000000000e+00 6.600000000000000000e+01 6.570000000000000284e+00 0.000000000000000000e+00 -1.849692753446603721e-01 2.993642019394084780e-03 0.000000000000000000e+00 0.000000000000000000e+00 1.320000000000000000e+02 0.000000000000000000e+00 1.000000000000000000e+00 0.000000000000000000e+00
0.000000000000000000e+00 6.600000000000000000e+01 6.580000000000000071e+00 0.000000000000000000e+00 -1.898611980798451948e-01 3.657680968930286658e-03 0.000000000000000000e+00 0.000000000000000000e+00 1.320000000000000000e+02 0.000000000000000000e+00 1.000000000000000000e+00 0.000000000000000000e+00
0.000000000000000000e+00 6.600000000000000000e+01 6.589999999999999858e+00 0.000000000000000000e+00 -1.948089412630108486e-01 4.368265440634767904e-03 0.000000000000000000e+00 0.000000000000000000e+00 1.320000000000000000e+02 0.000000000000000000e+00 1.000000000000000000e+00 0.000000000000000000e+00
0.000000000000000000e+00 6.600000000000000000e+01 6.599999999999999645e+00 0.000000000000000000e+00 -1.998143994694543679e-01 5.118985815488290986e-03 0.000000000000000000e+00 0.000000000000000000e+00 1.320000000000000000e+02 0.000000000000000000e+00 1.000000000000000000e+00 0.000000000000000000e+00
0.000000000000000000e+00 6.600000000000000000e+01 6.610000000000000320e+00 0.000000000000000000e+00 -2.048794893745399526e-01 5.903918032753009693e-03 0.000000000000000000e+00 0.000000000000000000e+00 1.320000000000000000e+02 0.000000000000000000e+00 1.000000000000000000e+00 0.000000000000000000e+00
0.000000000000000000e+00 6.600000000000000000e+01 6.620000000000000107e+00 0.000000000000000000e+00 -2.100061504876269414e-01 6.717668603197293753e-03 0.000000000000000000e+00 0.000000000000000000e+00 1.320000000000000000e+02 0.000000000000000000e+00 1.000000000000000000e+00 0.000000000000000000e+00
0.000000000000000000e+00 6.600000000000000000e+01 6.629999999999999893e+00 0.000000000000000000e+00 -2.151963458947407370e-01 7.555380734399319564e-03 0.000000000000000000e+00 0.000000000000000000e+00 1.320000000000000000e+02 0.000000000000000000e+00 1.000000000000000000e+00 0.000000000000000000e+00
0.000000000000000000e+00 6.600000000000000000e+01 6.639999999999999680e+00 0.000000000000000000e+00 -2.204520630102724255e-01 8.412716858999538805e-03 0.000000000000000000e+00 0.000000000000000000e+00 1.320000000000000000e+02 0.000000000000000000e+00 1.000000000000000000e+00 0.000000000000000000e+00
0.000000000000000000e+00 6.600000000000000000e+01 6.650000000000000355e+00 0.000000000000000000e+00 -2.257753143379929717e-01 9.285827676904785666e-03 0.000000000000000000e+00 0.000000000000000000e+00 1.320000000000000000e+02 0.000000000000000000e+00 1.000000000000000000e+00 0.000000000000000000e+00
0.000000000000000000e+00 6.600000000000000000e+01 6.660000000000000142e+00 0.000000000000000000e+00 -2.311681382416759800e-01 1.017131428537779159e-02 0.000000000000000000e+00 0.000000000000000000e+00 1.320000000000000000e+02 0.000000000000000000e+00 1.000000000000000000e+00 0.000000000000000000e+00
0.000000000000000000e+00 6.600000000000000000e+01 6.669999999999999929e+00 0.000000000000000000e+00 -2.366325997256214508e-01 1.106618758807999259e-02 0.000000000000000000e+00 0.000000000000000000e+00 1.320000000000000000e+02 0.000000000000000000e+00 1.000000000000000000e+00 0.000000000000000000e+00
0.000000000000000000e+00 6.600000000000000000e+01 6.679999999999999716e+00 0.000000000000000000e+00 -2.421707912253814321e-01 1.196782758520811146e-02 0.000000000000000000e+00 0.000000000000000000e+00 1.320000000000000000e+02 0.000000000000000000e+00 1.000000000000000000e+00 0.000000000000000000e+00
0.000000000000000000e+00 6.600000000000000000e+01 6.689999999999999503e+00 0.000000000000000000e+00 -2.477848334089892135e-01 1.287394409716878518e-02 0.000000000000000000e+00 0.000000000000000000e+00 1.320000000000000000e+02 0.000000000000000000e+00 1.000000000000000000e+00 0.000000000000000000e+00
0.000000000000000000e+00 6.600000000000000000e+01 6.700000000000000178e+00 0.000000000000000000e+00 -2.534768759889990952e-01 1.378253978778750527e-02 0.000000000000000000e+00 0.000000000000000000e+00 1.320000000000000000e+02 0.000000000000000000e+00 1.000000000000000000e+00 0.000000000000000000e+00
0.000000000000000000e+00 6.600000000000000000e+01 6.709999999999999964e+00 0.000000000000000000e+00 -2.592490985456485930e-01 1.469187590986684860e-02 0.000000000000000000e+00 0.000000000000000000e+00 1.320000000000000000e+02 0.000000000000000000e+00 1.000000000000000000e+00 0.000000000000000000e+00
0.000000000000000000e+00 6.600000000000000000e+01 6.719999999999999751e+00 0.000000000000000000e+00 -2.651037113614561624e-01 1.560044091479990264e-02 0.000000000000000000e+00 0.000000000000000000e+00 1.320000000000000000e+02 0.000000000000000000e+00 1.000000000000000000e+00 0.000000000000000000e+00
0.000000000000000000e+00 6.600000000000000000e+01 6.729999999999999538e+00 0.000000000000000000e+00 -2.710429562675766846e-01 1.650692189424617096e-02 0.000000000000000000e+00 0.000000000000000000e+00 1.320000000000000000e+02 0.000000000000000000e+00 1.000000000000000000e+00 0.000000000000000000e+00
0.000000000000000000e+00 6.600000000000000000e+01 6.740000000000000213e+00 0.000000000000000000e+00 -2.770691075022365668e-01 1.741017871885476576e-02 0.000000000000000000e+00 0.000000000000000000e+00 1.320000000000000000e+02 0.000000000000000000e+00 1.000000000000000000e+00 0.000000000000000000e+00
0.000000000000000000e+00 6.600000000000000000e+01 6.750000000000000000e+00 0.000000000000000000e+00 -2.831844725815785835e-01 1.830922068209331344e-02 0.000000000000000000e+00 0.000000000000000000e+00 1.320000000000000000e+02 0.000000000000000000e+00 1.000000000000000000e+00 0.000000000000000000e+00
0.000000000000000000e+00 6.600000000000000000e+01 6.759999999999999787e+00 0.000000000000000000e+00 -2.893913931832488018e-01 1.920318542995219646e-02 0.000000000000000000e+00 0.000000000000000000e+00 1.320000000000000000e+02 0.000000000000000000e+00 1.000000000000000000e+00 0.000000000000000000e+00
0.000000000000000000e+00 6.600000000000000000e+01 6.769999999999999574e+00 0.000000000000000000e+00 -2.956922460430653765e-01 2.009131994869395310e-02 0.000000000000000000e+00 0.000000000000000000e+00 1.320000000000000000e+02 0.000000000000000000e+00 1.000000000000000000e+00 0.000000000000000000e+00
0.000000000000000000e+00 6.600000000000000000e+01 6.780000000000000249e+00 0.000000000000000000e+00 -3.020894438651108849e-01 2.097296338562253115e-02 0.000000000000000000e+00 0.000000000000000000e+00 1.320000000000000000e+02 0.000000000000000000e+00 1.000000000000000000e+00 0.000000000000000000e+00
0.000000000000000000e+00 6.600000000000000000e+01 6.790000000000000036e+00 0.000000000000000000e+00 -3.085854362455982547e-01 2.184753148726202576e-02 0.000000000000000000e+00 0.000000000000000000e+00 1.320000000000000000e+02 0.000000000000000000e+00 1.000000000000000000e+00 0.000000000000000000e+00
0.000000000000000000e+00 6.600000000000000000e+01 6.799999999999999822e+00 0.000000000000000000e+00 -3.151827106108625598e-01 2.271450245221438846e-02 0.000000000000000000e+00 0.000000000000000000e+00 1.320000000000000000e+02 0.000000000000000000e+00 1.000000000000000000e+00 0.000000000000000000e+00
0.000000000000000000e+00 6.600000000000000000e+01 6.809999999999999609e+00 0.000000000000000000e+00 -3.218837931698392829e-01 2.357340401027736843e-02 0.000000000000000000e+00 0.000000000000000000e+00 1.320000000000000000e+02 0.000000000000000000e+00 1.000000000000000000e+00 0.000000000000000000e+00
0.000000000000000000e+00 6.600000000000000000e+01 6.820000000000000284e+00 0.000000000000000000e+00 -3.286912498813925887e-01 2.442380155385652507e-02 0.000000000000000000e+00 0.000000000000000000e+00 1.320000000000000000e+02 0.000000000000000000e+00 1.000000000000000000e+00 0.000000000000000000e+00
0.000000000000000000e+00 6.600000000000000000e+01 6.830000000000000071e+00 0.000000000000000000e+00 -3.356076874368653096e-01 2.526528716150111542e-02 0.000000000000000000e+00 0.000000000000000000e+00 1.320000000000000000e+02 0.000000000000000000e+00 1.000000000000000000e+00 0.000000000000000000e+00
0.000000000000000000e+00 6.600000000000000000e+01 6.839999999999999858e+00 0.000000000000000000e+00 -3.426357542582247895e-01 2.609746936604478984e-02 0.000000000000000000e+00 0.000000000000000000e+00 1.320000000000000000e+02 0.000000000000000000e+00 1.000000000000000000e+00 0.000000000000000000e+00
0.000000000000000000e+00 6.600000000000000000e+01 6.849999999999999645e+00 0.000000000000000000e+00 -3.497781415121892223e-01 2.691996353107449502e-02 0.000000000000000000e+00 0.000000000000000000e+00 1.320000000000000000e+02 0.000000000000000000e+00 1.000000000000000000e+00 0.000000000000000000e+00
0.000000000000000000e+00 6.600000000000000000e+01 6.860000000000000320e+00 0.000000000000000000e+00 -3.570375841407214534e-01 2.773238270913530590e-02 0.000000000000000000e+00 0.000000000000000000e+00 1.320000000000000000e+02 0.000000000000000000e+00 1.000000000000000000e+00 0.000000000000000000e+00
0.000000000000000000e+00 6.600000000000000000e+01 6.870000000000000107e+00 0.000000000000000000e+00 -3.644168619082847060e-01 2.853432886314422046e-02 0.000000000000000000e+00 0.000000000000000000e+00 1.320000000000000000e+02 0.000000000000000000e+00 1.000000000000000000e+00 0.000000000000000000e+00
0.000000000000000000e+00 6.600000000000000000e+01 6.879999999999999893e+00 0.000000000000000000e+00 -3.719188004662618008e-01 2.932538433891199170e-02 0.000000000000000000e+00 0.000000000000000000e+00 1.320000000000000000e+02 0.000000000000000000e+00 1.000000000000000000e+00 0.000000000000000000e+00
0.000000000000000000e+00 6.600000000000000000e+01 6.889999999999999680e+00 0.000000000000000000e+00 -3.795462724349455974e-01 3.010510348144503079e-02 0.000000000000000000e+00 0.000000000000000000e+00 1.320000000000000000e+02 0.000000000000000000e+00 1.000000000000000000e+00 0.000000000000000000e+00
0.000000000000000000e+00 6.600000000000000000e+01 6.900000000000000355e+00 0.000000000000000000e+00 -3.873021985035139392e-01 3.087300429082531772e-02 0.000000000000000000e+00 0.000000000000000000e+00 1.320000000000000000e+02 0.000000000000000000e+00 1.000000000000000000e+00 0.000000000000000000e+00
0.000000000000000000e+00 6.600000000000000000e+01 6.910000000000000142e+00 0.000000000000000000e+00 -3.951895485484115955e-01 3.162856001492585223e-02 0.000000000000000000e+00 0.000000000000000000e+00 1.320000000000000000e+02 0.000000000000000000e+00 1.000000000000000000e+00 0.000000000000000000e+00
0.000000000000000000e+00 6.600000000000000000e+01 6.919999999999999929e+00 0.000000000000000000e+00 -4.032113427705665831e-01 3.237119057596600513e-02 0.000000000000000000e+00 0.000000000000000000e+00 1.320000000000000000e+02 0.000000000000000000e+00 1.000000000000000000e+00 0.000000000000000000e+00
0.000000000000000000e+00 6.600000000000000000e+01 6.929999999999999716e+00 0.000000000000000000e+00 -4.113706528518769057e-01 3.310025372589638082e-02 0.000000000000000000e+00 0.000000000000000000e+00 1.320000000000000000e+02 0.000000000000000000e+00 1.000000000000000000e+00 0.000000000000000000e+00
0.000000000000000000e+00 6.600000000000000000e+01 6.939999999999999503e+00 0.000000000000000000e+00 -4.196706031314091367e-01 3.381503582170104771e-02 0.000000000000000000e+00 0.000000000000000000e+00 1.320000000000000000e+02 0.000000000000000000e+00 1.000000000000000000e+00 0.000000000000000000e+00
0.000000000000000000e+00 6.600000000000000000e+01 6.950000000000000178e+00 0.000000000000000000e+00 -4.281143718017623723e-01 3.451474210578023283e-02 0.000000000000000000e+00 0.000000000000000000e+00 1.320000000000000000e+02 0.000000000000000000e+00 1.000000000000000000e+00 0.000000000000000000e+00
0.000000000000000000e+00 6.600000000000000000e+01 6.959999999999999964e+00 0.000000000000000000e+00 -4.367051921260511893e-01 3.519848636842161371e-02 0.000000000000000000e+00 0.000000000000000000e+00 1.320000000000000000e+02 0.000000000000000000e+00 1.000000000000000000e+00 0.000000000000000000e+00
0.000000000000000000e+00 6.600000000000000000e+01 6.969999999999999751e+00 0.000000000000000000e+00 -4.454463536759786790e-01 3.586527985870449631e-02 0.000000000000000000e+00 0.000000000000000000e+00 1.320000000000000000e+02 0.000000000000000000e+00 1.000000000000000000e+00 0.000000000000000000e+00
0.000000000000000000e+00 6.600000000000000000e+01 6.979999999999999538e+00 0.000000000000000000e+00 -4.543412035914678460e-01 3.651401929667483226e-02 0.000000000000000000e+00 0.000000000000000000e+00 1.320000000000000000e+02 0.000000000000000000e+00 1.000000000000000000e+00 0.000000000000000000e+00
0.000000000000000000e+00 6.600000000000000000e+01 6.990000000000000213e+00 0.000000000000000000e+00 -4.633931478623400380e-01 3.714347382281064924e-02 0.000000000000000000e+00 0.000000000000000000e+00 1.320000000000000000e+02 0.000000000000000000e+00 1.000000000000000000e+00 0.000000000000000000e+00
0.000000000000000000e+00 6.600000000000000000e+01 7.000000000000000000e+00 0.000000000000000000e+00 -4.726056526325260743e-01 3.775227070012510122e-02 0.000000000000000000e+00 0.000000000000000000e+00 1.320000000000000000e+02 0.000000000000000000e+00 1.000000000000000000e+00 0.000000000000000000e+00
0.000000000000000000e+00 6.600000000000000000e+01 7.009999999999999787e+00 0.000000000000000000e+00 -4.819822455273116146e-01 3.833887955899425992e-02 0.000000000000000000e+00 0.000000000000000000e+00 1.320000000000000000e+02 0.000000000000000000e+00 1.000000000000000000e+00 0.000000000000000000e+00
0.000000000000000000e+00 6.600000000000000000e+01 7.019999999999999574e+00 0.000000000000000000e+00 -4.915265170041256959e-01 3.890159494406082719e-02 0.000000000000000000e+00 0.000000000000000000e+00 1.320000000000000000e+02 0.000000000000000000e+00 1.000000000000000000e+00 0.000000000000000000e+00
0.000000000000000000e+00 6.600000000000000000e+01 7.030000000000000249e+00 0.000000000000000000e+00 -5.012421217273873575e-01 3.943851688521592125e-02 0.000000000000000000e+00 0.000000000000000000e+00 1.320000000000000000e+02 0.000000000000000000e+00 1.000000000000000000e+00 0.000000000000000000e+00
0.000000000000000000e+00 6.600000000000000000e+01 7.040000000000000036e+00 0.000000000000000000e+00 -5.111327799679401540e-01 3.994752916927794828e-02 0.000000000000000000e+00 0.000000000000000000e+00 1.320000000000000000e+02 0.000000000000000000e+00 1.000000000000000000e+00 0.000000000000000000e+00
0.000000000000000000e+00 6.600000000000000000e+01 7.049999999999999822e+00 0.000000000000000000e+00 -5.212022790276059636e-01 4.042627493375887393e-02 0.000000000000000000e+00 0.000000000000000000e+00 1.320000000000000000e+02 0.000000000000000000e+00 1.000000000000000000e+00 0.000000000000000000e+00
0.000000000000000000e+00 6.600000000000000000e+01 7.059999999999999609e+00 0.000000000000000000e+00 -5.314544746894085403e-01 4.087212913676348258e-02 0.000000000000000000e+00 0.000000000000000000e+00 1.320000000000000000e+02 0.000000000000000000e+00 1.000000000000000000e+00 0.000000000000000000e+00
0.000000000000000000e+00 6.600000000000000000e+01 7.070000000000000284e+00 0.000000000000000000e+00 -5.418932926940183137e-01 4.128216737468555497e-02 0.000000000000000000e+00 0.000000000000000000e+00 1.320000000000000000e+02 0.000000000000000000e+00 1.000000000000000000e+00 0.000000000000000000e+00
0.000000000000000000e+00 6.600000000000000000e+01 7.080000000000000071e+00 0.000000000000000000e+00 -5.525227302429850385e-01 4.165313041825405294e-02 0.000000000000000000e+00 0.000000000000000000e+00 1.320000000000000000e+02 0.000000000000000000e+00 1.000000000000000000e+00 0.000000000000000000e+00
0.000000000000000000e+00 6.600000000000000000e+01 7.089999999999999858e+00 0.000000000000000000e+00 -5.633468575293354430e-01 4.198138371287654658e-02 0.000000000000000000e+00 0.000000000000000000e+00 1.320000000000000000e+02 0.000000000000000000e+00 1.000000000000000000e+00 0.000000000000000000e+00
0.000000000000000000e+00 6.600000000000000000e+01 7.099999999999999645e+00 0.000000000000000000e+00 -5.743698192961186333e-01 4.226287093501586434e-02 0.000000000000000000e+00 0.000000000000000000e+00 1.320000000000000000e+02 0.000000000000000000e+00 1.000000000000000000e+00 0.000000000000000000e+00
0.000000000000000000e+00 6.600000000000000000e+01 7.110000000000000320e+00 0.000000000000000000e+00 -5.855958364234994384e-01 4.249306050461047757e-02 0.000000000000000000e+00 0.000000000000000000e+00 1.320000000000000000e+02 0.000000000000000000e+00 1.000000000000000000e+00 0.000000000000000000e+00
0.000000000000000000e+00 6.600000000000000000e+01 7.120000000000000107e+00 0.000000000000000000e+00 -5.970292075450054359e-01 4.266688371406207603e-02 0.000000000000000000e+00 0.000000000000000000e+00 1.320000000000000000e+02 0.000000000000000000e+00 1.000000000000000000e+00 0.000000000000000000e+00
0.000000000000000000e+00 6.600000000000000000e+01 7.129999999999999893e+00 0.000000000000000000e+00 -6.086743106935470493e-01 4.277866283374155698e-02 0.000000000000000000e+00 0.000000000000000000e+00 1.320000000000000000e+02 0.000000000000000000e+00 1.000000000000000000e+00 0.000000000000000000e+00
0.000000000000000000e+00 6.600000000000000000e+01 7.139999999999999680e+00 0.000000000000000000e+00 -6.205356049778408822e-01 4.282202717495564581e-02 0.000000000000000000e+00 0.000000000000000000e+00 1.320000000000000000e+02 0.000000000000000000e+00 1.000000000000000000e+00 0.000000000000000000e+00
0.000000000000000000e+00 6.600000000000000000e+01 7.150000000000000355e+00 0.000000000000000000e+00 -6.326176322898786619e-01 4.278981461131325936e-02 0.000000000000000000e+00 0.000000000000000000e+00 1.320000000000000000e+02 0.000000000000000000e+00 1.000000000000000000e+00 0.000000000000000000e+00
0.000000000000000000e+00 6.600000000000000000e+01 7.160000000000000142e+00 0.000000000000000000e+00 -6.449250190440953823e-01 4.267395544914825978e-02 0.000000000000000000e+00 0.000000000000000000e+00 1.320000000000000000e+02 0.000000000000000000e+00 1.000000000000000000e+00 0.000000000000000000e+00
0.000000000000000000e+00 6.600000000000000000e+01 7.169999999999999929e+00 0.000000000000000000e+00 -6.574624779489016690e-01 4.246533475954600290e-02 0.000000000000000000e+00 0.000000000000000000e+00 1.320000000000000000e+02 0.000000000000000000e+00 1.000000000000000000e+00 0.000000000000000000e+00
0.000000000000000000e+00 6.600000000000000000e+01 7.179999999999999716e+00 0.000000000000000000e+00 -6.702348098112616004e-01 4.215362829119696786e-02 0.000000000000000000e+00 0.000000000000000000e+00 1.320000000000000000e+02 0.000000000000000000e+00 1.000000000000000000e+00 0.000000000000000000e+00
0.000000000000000000e+00 6.600000000000000000e+01 7.189999999999999503e+00 0.000000000000000000e+00 -6.832469053750018784e-01 4.172710581724424495e-02 0.000000000000000000e+00 0.000000000000000000e+00 1.320000000000000000e+02 0.000000000000000000e+00 1.000000000000000000e+00 0.000000000000000000e+00
0.000000000000000000e+00 6.600000000000000000e+01 7.200000000000000178e+00 0.000000000000000000e+00 -6.965037471935624502e-01 4.117239416589886514e-02 0.000000000000000000e+00 0.000000000000000000e+00 1.320000000000000000e+02 0.000000000000000000e+00 1.000000000000000000e+00 0.000000000000000000e+00
0.000000000000000000e+00 6.600000000000000000e+01 7.209999999999999964e+00 0.000000000000000000e+00 -7.100104115379005654e-01 4.047419018421050119e-02 0.000000000000000000e+00 0.000000000000000000e+00 1.320000000000000000e+02 0.000000000000000000e+00 1.000000000000000000e+00 0.000000000000000000e+00
0.000000000000000000e+00 6.600000000000000000e+01 7.219999999999999751e+00 0.000000000000000000e+00 -7.237720703402821254e-01 3.961491146680519437e-02 0.000000000000000000e+00 0.000000000000000000e+00 1.320000000000000000e+02 0.000000000000000000e+00 1.000000000000000000e+00 0.000000000000000000e+00
0.000000000000000000e+00 6.600000000000000000e+01 7.229999999999999538e+00 0.000000000000000000e+00 -7.377939931747016233e-01 3.857426995451730678e-02 0.000000000000000000e+00 0.000000000000000000e+00 1.320000000000000000e+02 0.000000000000000000e+00 1.000000000000000000e+00 0.000000000000000000e+00
0.000000000000000000e+00 6.600000000000000000e+01 7.240000000000000213e+00 0.000000000000000000e+00 -7.520815492746939501e-01 3.732875092818649376e-02 0.000000000000000000e+00 0.000000000000000000e+00 1.320000000000000000e+02 0.000000000000000000e+00 1.000000000000000000e+00 0.000000000000000000e+00
0.000000000000000000e+00 6.600000000000000000e+01 7.250000000000000000e+00 0.000000000000000000e+00 -7.666402095893036783e-01 3.585097884229294929e-02 0.000000000000000000e+00 0.000000000000000000e+00 1.320000000000000000e+02 0.000000000000000000e+00 1.000000000000000000e+00 0.000000000000000000e+00
0.000000000000000000e+00 6.600000000000000000e+01 7.259999999999999787e+00 0.000000000000000000e+00 -7.814755488780049664e-01 3.410895548530888666e-02 0.000000000000000000e+00 0.000000000000000000e+00 1.320000000000000000e+02 0.000000000000000000e+00 1.000000000000000000e+00 0.000000000000000000e+00
0.000000000000000000e+00 6.600000000000000000e+01 7.269999999999999574e+00 0.000000000000000000e+00 -7.965932478453738863e-01 3.206517458816492139e-02 0.000000000000000000e+00 0.000000000000000000e+00 1.320000000000000000e+02 0.000000000000000000e+00 1.000000000000000000e+00 0.000000000000000000e+00
0.000000000000000000e+00 6.600000000000000000e+01 7.280000000000000249e+00 0.000000000000000000e+00 -8.119990953163245262e-01 2.967567523752336761e-02 0.000000000000000000e+00 0.000000000000000000e+00 1.320000000000000000e+02 0.000000000000000000e+00 1.000000000000000000e+00 0.000000000000000000e+00
0.000000000000000000e+00 6.600000000000000000e+01 7.290000000000000036e+00 0.000000000000000000e+00 -8.276989904527511932e-01 2.688926267115730045e-02 0.000000000000000000e+00 0.000000000000000000e+00 1.320000000000000000e+02 0.000000000000000000e+00 1.000000000000000000e+00 0.000000000000000000e+00
0.000000000000000000e+00 6.600000000000000000e+01 7.299999999999999822e+00 0.000000000000000000e+00 -8.436989450124170453e-01 2.364759694950869379e-02 0.000000000000000000e+00 0.000000000000000000e+00 1.320000000000000000e+02 0.000000000000000000e+00 1.000000000000000000e+00 0.000000000000000000e+00
0.000000000000000000e+00 6.600000000000000000e+01 7.309999999999999609e+00 0.000000000000000000e+00 -8.600050856509580122e-01 1.988824523900376007e-02 0.000000000000000000e+00 0.000000000000000000e+00 1.320000000000000000e+02 0.000000000000000000e+00 1.000000000000000000e+00 0.000000000000000000e+00
0.000000000000000000e+00 6.600000000000000000e+01 7.320000000000000284e+00 0.000000000000000000e+00 -8.766236562678858535e-01 1.555725027734428112e-02 0.000000000000000000e+00 0.000000000000000000e+00 1.320000000000000000e+02 0.000000000000000000e+00 1.000000000000000000e+00 0.000000000000000000e+00
0.000000000000000000e+00 6.600000000000000000e+01 7.330000000000000071e+00 0.000000000000000000e+00 -8.935610203974811983e-01 1.065374883677093487e-02 0.000000000000000000e+00 0.000000000000000000e+00 1.320000000000000000e+02 0.000000000000000000e+00 1.000000000000000000e+00 0.000000000000000000e+00
0.000000000000000000e+00 6.600000000000000000e+01 7.339999999999999858e+00 0.000000000000000000e+00 -9.108236636455022683e-01 5.396181107192605381e-03 0.000000000000000000e+00 0.000000000000000000e+00 1.320000000000000000e+02 0.000000000000000000e+00 1.000000000000000000e+00 0.000000000000000000e+00
0.000000000000000000e+00 6.600000000000000000e+01 7.349999999999999645e+00 0.000000000000000000e+00 -9.284181961726312160e-01 9.181878344427154420e-04 1.000000000000000000e+00 0.000000000000000000e+00 1.320000000000000000e+02 0.000000000000000000e+00 1.000000000000000000e+00 0.000000000000000000e+00
0.000000000000000000e+00 6.600000000000000000e+01 7.360000000000000320e+00 0.000000000000000000e+00 -9.298087578708214007e-01 6.271996645158210010e-03 0.000000000000000000e+00 0.000000000000000000e+00 1.320000000000000000e+02 0.000000000000000000e+00 1.000000000000000000e+00 0.000000000000000000e+00
0.000000000000000000e+00 6.600000000000000000e+01 7.370000000000000107e+00 0.000000000000000000e+00 -9.315384785646745325e-01 1.311084230697757980e-02 0.000000000000000000e+00 0.000000000000000000e+00 1.320000000000000000e+02 0.000000000000000000e+00 1.000000000000000000e+00 0.000000000000000000e+00
0.000000000000000000e+00 6.600000000000000000e+01 7.379999999999999893e+00 0.000000000000000000e+00 -9.336080205937626886e-01 1.976325408784946475e-02 0.000000000000000000e+00 0.000000000000000000e+00 1.320000000000000000e+02 0.000000000000000000e+00 1.000000000000000000e+00 0.000000000000000000e+00
0.000000000000000000e+00 6.600000000000000000e+01 7.389999999999999680e+00 0.000000000000000000e+00 -9.360181764210436794e-01 2.574637079408719637e-02 0.000000000000000000e+00 0.000000000000000000e+00 1.320000000000000000e+02 0.000000000000000000e+00 1.000000000000000000e+00 0.000000000000000000e+00
0.000000000000000000e+00 6.600000000000000000e+01 7.400000000000000355e+00 0.000000000000000000e+00 -9.387698689363137561e-01 3.092067813786362335e-02 0.000000000000000000e+00 0.000000000000000000e+00 1.320000000000000000e+02 0.000000000000000000e+00 1.000000000000000000e+00 0.000000000000000000e+00
0.000000000000000000e+00 6.600000000000000000e+01 7.410000000000000142e+00 0.000000000000000000e+00 -9.418641518095935972e-01 3.525318319727881178e-02 0.000000000000000000e+00 0.000000000000000000e+00 1.320000000000000000e+02 0.000000000000000000e+00 1.000000000000000000e+00 0.000000000000000000e+00
0.000000000000000000e+00 6.600000000000000000e+01 7.419999999999999929e+00 0.000000000000000000e+00 -9.453022098945985663e-01 3.874308604058737671e-02 0.000000000000000000e+00 0.000000000000000000e+00 1.320000000000000000e+02 0.000000000000000000e+00 1.000000000000000000e+00 0.000000000000000000e+00
0.000000000000000000e+00 6.600000000000000000e+01 7.429999999999999716e+00 0.000000000000000000e+00 -9.490853596824393446e-01 4.139517974071680456e-02 0.000000000000000000e+00 0.000000000000000000e+00 1.320000000000000000e+02 0.000000000000000000e+00 1.000000000000000000e+00 0.000000000000000000e+00
0.000000000000000000e+00 6.600000000000000000e+01 7.439999999999999503e+00 0.000000000000000000e+00 -9.532150498057282428e-01 4.320911568281406157e-02 0.000000000000000000e+00 0.000000000000000000e+00 1.320000000000000000e+02 0.000000000000000000e+00 1.000000000000000000e+00 0.000000000000000000e+00
0.000000000000000000e+00 6.600000000000000000e+01 7.450000000000000178e+00 0.000000000000000000e+00 -9.576928615932858158e-01 4.417426939754184184e-02 0.000000000000000000e+00 0.000000000000000000e+00 1.320000000000000000e+02 0.000000000000000000e+00 1.000000000000000000e+00 0.000000000000000000e+00
0.000000000000000000e+00 6.600000000000000000e+01 7.459999999999999964e+00 0.000000000000000000e+00 -9.625205096756579426e-01 4.426641579565918777e-02 0.000000000000000000e+00 0.000000000000000000e+00 1.320000000000000000e+02 0.000000000000000000e+00 1.000000000000000000e+00 0.000000000000000000e+00
0.000000000000000000e+00 6.600000000000000000e+01 7.469999999999999751e+00 0.000000000000000000e+00 -9.676998426416782983e-01 4.344457095333482954e-02 0.000000000000000000e+00 0.000000000000000000e+00 1.320000000000000000e+02 0.000000000000000000e+00 1.000000000000000000e+00 0.000000000000000000e+00
0.000000000000000000e+00 6.600000000000000000e+01 7.479999999999999538e+00 0.000000000000000000e+00 -9.732328437463237947e-01 4.164709458200564068e-02 0.000000000000000000e+00 0.000000000000000000e+00 1.320000000000000000e+02 0.000000000000000000e+00 1.000000000000000000e+00 0.000000000000000000e+00
0.000000000000000000e+00 6.600000000000000000e+01 7.490000000000000213e+00 0.000000000000000000e+00 -9.791216316701365496e-01 3.878640650105534549e-02 0.000000000000000000e+00 0.000000000000000000e+00 1.320000000000000000e+02 0.000000000000000000e+00 1.000000000000000000e+00 0.000000000000000000e+00
0.000000000000000000e+00 6.600000000000000000e+01 7.500000000000000000e+00 0.000000000000000000e+00 -9.853684613305038198e-01 3.474198279823663416e-02 0.000000000000000000e+00 0.000000000000000000e+00 1.320000000000000000e+02 0.000000000000000000e+00 1.000000000000000000e+00 0.000000000000000000e+00
0.000000000000000000e+00 6.600000000000000000e+01 7.509999999999999787e+00 0.000000000000000000e+00 -9.919757247451030935e-01 2.935290618834264509e-02 0.000000000000000000e+00 0.000000000000000000e+00 1.320000000000000000e+02 0.000000000000000000e+00 1.000000000000000000e+00 0.000000000000000000e+00
0.000000000000000000e+00 6.600000000000000000e+01 7.519999999999999574e+00 0.000000000000000000e+00 -9.989459519478470773e-01 2.242026059725721332e-02 0.000000000000000000e+00 0.000000000000000000e+00 1.320000000000000000e+02 0.000000000000000000e+00 1.000000000000000000e+00 0.000000000000000000e+00
0.000000000000000000e+00 6.600000000000000000e+01 7.530000000000000249e+00 0.000000000000000000e+00 -1.006281811957677075e+00 1.378593524249614038e-02 0.000000000000000000e+00 0.000000000000000000e+00 1.320000000000000000e+02 0.000000000000000000e+00 1.000000000000000000e+00 0.000000000000000000e+00
0.000000000000000000e+00 6.600000000000000000e+01 7.540000000000000036e+00 0.000000000000000000e+00 -1.013986113800576350e+00 4.038225447501425994e-03 1.000000000000000000e+00 0.000000000000000000e+00 1.320000000000000000e+02 0.000000000000000000e+00 1.000000000000000000e+00 0.000000000000000000e+00
0.000000000000000000e+00 6.600000000000000000e+01 7.549999999999999822e+00 0.000000000000000000e+00 -1.015231740668270710e+00 1.435812780385223308e-02 0.000000000000000000e+00 0.000000000000000000e+00 1.320000000000000000e+02 0.000000000000000000e+00 1.000000000000000000e+00 0.000000000000000000e+00
0.000000000000000000e+00 6.600000000000000000e+01 7.559999999999999609e+00 0.000000000000000000e+00 -1.016849236449465899e+00 2.318126795779480720e-02 0.000000000000000000e+00 0.000000000000000000e+00 1.320000000000000000e+02 0.000000000000000000e+00 1.000000000000000000e+00 0.000000000000000000e+00
0.000000000000000000e+00 6.600000000000000000e+01 7.570000000000000284e+00 0.000000000000000000e+00 -1.018839220510898480e+00 2.962021209705730657e-02 0.000000000000000000e+00 0.000000000000000000e+00 1.320000000000000000e+02 0.000000000000000000e+00 1.000000000000000000e+00 0.000000000000000000e+00
0.000000000000000000e+00 6.600000000000000000e+01 7.580000000000000071e+00 0.000000000000000000e+00 -1.021202454851424024e+00 3.369711636682544420e-02 0.000000000000000000e+00 0.000000000000000000e+00 1.320000000000000000e+02 0.000000000000000000e+00 1.000000000000000000e+00 0.000000000000000000e+00
0.000000000000000000e+00 6.600000000000000000e+01 7.589999999999999858e+00 0.000000000000000000e+00 -1.023939844393799925e+00 3.547913358120412253e-02 0.000000000000000000e+00 0.000000000000000000e+00 1.320000000000000000e+02 0.000000000000000000e+00 1.000000000000000000e+00 0.000000000000000000e+00
0.000000000000000000e+00 6.600000000000000000e+01 7.599999999999999645e+00 0.000000000000000000e+00 -1.027052437331194890e+00 3.495882765039266121e-02 0.000000000000000000e+00 0.000000000000000000e+00 1.320000000000000000e+02 0.000000000000000000e+00 1.000000000000000000e+00 0.000000000000000000e+00
0.000000000000000000e+00 6.600000000000000000e+01 7.610000000000000320e+00 0.000000000000000000e+00 -1.030541425528560096e+00 3.202388235640622055e-02 0.000000000000000000e+00 0.000000000000000000e+00 1.320000000000000000e+02 0.000000000000000000e+00 1.000000000000000000e+00 0.000000000000000000e+00
0.000000000000000000e+00 6.600000000000000000e+01 7.620000000000000107e+00 0.000000000000000000e+00 -1.034408144979015232e+00 2.643382896728338483e-02 0.000000000000000000e+00 0.000000000000000000e+00 1.320000000000000000e+02 0.000000000000000000e+00 1.000000000000000000e+00 0.000000000000000000e+00
0.000000000000000000e+00 6.600000000000000000e+01 7.629999999999999893e+00 0.000000000000000000e+00 -1.038654076315422836e+00 1.782301773363580144e-02 0.000000000000000000e+00 0.000000000000000000e+00 1.320000000000000000e+02 0.000000000000000000e+00 1.000000000000000000e+00 0.000000000000000000e+00
0.000000000000000000e+00 6.600000000000000000e+01 7.639999999999999680e+00 0.000000000000000000e+00 -1.043280845377347443e+00 6.190562514178349351e-03 1.000000000000000000e+00 0.000000000000000000e+00 1.320000000000000000e+02 0.000000000000000000e+00 1.000000000000000000e+00 0.000000000000000000e+00
0.000000000000000000e+00 6.600000000000000000e+01 7.650000000000000355e+00 0.000000000000000000e+00 -1.043998005024867837e+00 1.830531489837358000e-02 0.000000000000000000e+00 0.000000000000000000e+00 1.320000000000000000e+02 0.000000000000000000e+00 1.000000000000000000e+00 0.000000000000000000e+00
0.000000000000000000e+00 6.600000000000000000e+01 7.660000000000000142e+00 0.000000000000000000e+00 -1.045098048679401037e+00 2.714631797813103070e-02 0.000000000000000000e+00 0.000000000000000000e+00 1.320000000000000000e+02 0.000000000000000000e+00 1.000000000000000000e+00 0.000000000000000000e+00
0.000000000000000000e+00 6.600000000000000000e+01 7.669999999999999929e+00 0.000000000000000000e+00 -1.046581397566433980e+00 3.248627830066205119e-02 0.000000000000000000e+00 0.000000000000000000e+00 1.320000000000000000e+02 0.000000000000000000e+00 1.000000000000000000e+00 0.000000000000000000e+00
0.000000000000000000e+00 6.600000000000000000e+01 7.679999999999999716e+00 0.000000000000000000e+00 -1.048448619685568239e+00 3.453861159586567309e-02 0.000000000000000000e+00 0.000000000000000000e+00 1.320000000000000000e+02 0.000000000000000000e+00 1.000000000000000000e+00 0.000000000000000000e+00
0.000000000000000000e+00 6.600000000000000000e+01 7.689999999999999503e+00 0.000000000000000000e+00 -1.050700430028017607e+00 3.335023141725830531e-02 0.000000000000000000e+00 0.000000000000000000e+00 1.320000000000000000e+02 0.000000000000000000e+00 1.000000000000000000e+00 0.000000000000000000e+00
0.000000000000000000e+00 6.600000000000000000e+01 7.700000000000000178e+00 0.000000000000000000e+00 -1.053337690850388864e+00 2.874045356371506682e-02 0.000000000000000000e+00 0.000000000000000000e+00 1.320000000000000000e+02 0.000000000000000000e+00 1.000000000000000000e+00 0.000000000000000000e+00
0.000000000000000000e+00 6.600000000000000000e+01 7.709999999999999964e+00 0.000000000000000000e+00 -1.056361412004855005e+00 2.026649794422990397e-02 0.000000000000000000e+00 0.000000000000000000e+00 1.320000000000000000e+02 0.000000000000000000e+00 1.000000000000000000e+00 0.000000000000000000e+00
0.000000000000000000e+00 6.600000000000000000e+01 7.719999999999999751e+00 0.000000000000000000e+00 -1.059772751325844808e+00 7.545805032569810611e-03 1.000000000000000000e+00 0.000000000000000000e+00 1.320000000000000000e+02 0.000000000000000000e+00 1.000000000000000000e+00 0.000000000000000000e+00
0.000000000000000000e+00 6.600000000000000000e+01 7.729999999999999538e+00 0.000000000000000000e+00 -1.059631680508092311e+00 2.096880098075529220e-02 0.000000000000000000e+00 0.000000000000000000e+00 1.320000000000000000e+02 0.000000000000000000e+00 1.000000000000000000e+00 0.000000000000000000e+00
0.000000000000000000e+00 6.600000000000000000e+01 7.740000000000000213e+00 0.000000000000000000e+00 -1.059879480098479654e+00 3.074360248246491012e-02 0.000000000000000000e+00 0.000000000000000000e+00 1.320000000000000000e+02 0.000000000000000000e+00 1.000000000000000000e+00 0.000000000000000000e+00
0.000000000000000000e+00 6.600000000000000000e+01 7.750000000000000000e+00 0.000000000000000000e+00 -1.060516244983698897e+00 3.703869757820260622e-02 0.000000000000000000e+00 0.000000000000000000e+00 1.320000000000000000e+02 0.000000000000000000e+00 1.000000000000000000e+00 0.000000000000000000e+00
0.000000000000000000e+00 6.600000000000000000e+01 7.759999999999999787e+00 0.000000000000000000e+00 -1.061542218991890829e+00 4.023320613626737985e-02 0.000000000000000000e+00 0.000000000000000000e+00 1.320000000000000000e+02 0.000000000000000000e+00 1.000000000000000000e+00 0.000000000000000000e+00
0.000000000000000000e+00 6.600000000000000000e+01 7.769999999999999574e+00 0.000000000000000000e+00 -1.062957794986011839e+00 4.049846695927728640e-02 0.000000000000000000e+00 0.000000000000000000e+00 1.320000000000000000e+02 0.000000000000000000e+00 1.000000000000000000e+00 0.000000000000000000e+00
0.000000000000000000e+00 6.600000000000000000e+01 7.780000000000000249e+00 0.000000000000000000e+00 -1.064763515014265804e+00 3.779659067768206815e-02 0.000000000000000000e+00 0.000000000000000000e+00 1.320000000000000000e+02 0.000000000000000000e+00 1.000000000000000000e+00 0.000000000000000000e+00
0.000000000000000000e+00 6.600000000000000000e+01 7.790000000000000036e+00 0.000000000000000000e+00 -1.066960070517666281e+00 3.186120443633221055e-02 0.000000000000000000e+00 0.000000000000000000e+00 1.320000000000000000e+02 0.000000000000000000e+00 1.000000000000000000e+00 0.000000000000000000e+00
0.000000000000000000e+00 6.600000000000000000e+01 7.799999999999999822e+00 0.000000000000000000e+00 -1.069548302594798939e+00 2.213532778680381979e-02 0.000000000000000000e+00 0.000000000000000000e+00 1.320000000000000000e+02 0.000000000000000000e+00 1.000000000000000000e+00 0.000000000000000000e+00
0.000000000000000000e+00 6.600000000000000000e+01 7.809999999999999609e+00 0.000000000000000000e+00 -1.072529202323893927e+00 8.010858491090757511e-03 1.000000000000000000e+00 0.000000000000000000e+00 1.320000000000000000e+02 0.000000000000000000e+00 1.000000000000000000e+00 0.000000000000000000e+00
0.000000000000000000e+00 6.600000000000000000e+01 7.820000000000000284e+00 0.000000000000000000e+00 -1.072203306923201760e+00 2.206653118589683299e-02 0.000000000000000000e+00 0.000000000000000000e+00 1.320000000000000000e+02 0.000000000000000000e+00 1.000000000000000000e+00 0.000000000000000000e+00
0.000000000000000000e+00 6.600000000000000000e+01 7.830000000000000071e+00 0.000000000000000000e+00 -1.072271095820935827e+00 3.157013485503579187e-02 0.000000000000000000e+00 0.000000000000000000e+00 1.320000000000000000e+02 0.000000000000000000e+00 1.000000000000000000e+00 0.000000000000000000e+00
0.000000000000000000e+00 6.600000000000000000e+01 7.839999999999999858e+00 0.000000000000000000e+00 -1.072732594974622478e+00 3.698883943003900693e-02 0.000000000000000000e+00 0.000000000000000000e+00 1.320000000000000000e+02 0.000000000000000000e+00 1.000000000000000000e+00 0.000000000000000000e+00
0.000000000000000000e+00 6.600000000000000000e+01 7.849999999999999645e+00 0.000000000000000000e+00 -1.073587981100162292e+00 3.876268763857832617e-02 0.000000000000000000e+00 0.000000000000000000e+00 1.320000000000000000e+02 0.000000000000000000e+00 1.000000000000000000e+00 0.000000000000000000e+00
0.000000000000000000e+00 6.600000000000000000e+01 7.860000000000000320e+00 0.000000000000000000e+00 -1.074837581739500392e+00 3.699955454744284500e-02 0.000000000000000000e+00 0.000000000000000000e+00 1.320000000000000000e+02 0.000000000000000000e+00 1.000000000000000000e+00 0.000000000000000000e+00
0.000000000000000000e+00 6.600000000000000000e+01 7.870000000000000107e+00 0.000000000000000000e+00 -1.076481875386045672e+00 3.147965683338567466e-02 0.000000000000000000e+00 0.000000000000000000e+00 1.320000000000000000e+02 0.000000000000000000e+00 1.000000000000000000e+00 0.000000000000000000e+00
0.000000000000000000e+00 6.600000000000000000e+01 7.879999999999999893e+00 0.000000000000000000e+00 -1.078521491667894683e+00 2.158838295672538266e-02 0.000000000000000000e+00 0.000000000000000000e+00 1.320000000000000000e+02 0.000000000000000000e+00 1.000000000000000000e+00 0.000000000000000000e+00
0.000000000000000000e+00 6.600000000000000000e+01 7.889999999999999680e+00 0.000000000000000000e+00 -1.080957211588927436e+00 6.618244748356254259e-03 1.000000000000000000e+00 1.000000000000000000e+00 1.320000000000000000e+02 0.000000000000000000e+00 1.000000000000000000e+00 0.000000000000000000e+00
0.000000000000000000e+00 6.600000000000000000e+01 7.900000000000000355e+00 0.000000000000000000e+00 -1.075670100735715673e+00 2.031351339667160361e-02 0.000000000000000000e+00 0.000000000000000000e+00 1.320000000000000000e+02 0.000000000000000000e+00 1.000000000000000000e+00 0.000000000000000000e+00
0.000000000000000000e+00 6.600000000000000000e+01 7.910000000000000142e+00 0.000000000000000000e+00 -1.070778001675441127e+00 2.758295194626775998e-02 0.000000000000000000e+00 0.000000000000000000e+00 1.320000000000000000e+02 0.000000000000000000e+00 1.000000000000000000e+00 0.000000000000000000e+00
0.000000000000000000e+00 6.600000000000000000e+01 7.919999999999999929e+00 0.000000000000000000e+00 -1.066279041139891470e+00 2.939352567225166774e-02 0.000000000000000000e+00 0.000000000000000000e+00 1.320000000000000000e+02 0.000000000000000000e+00 1.000000000000000000e+00 0.000000000000000000e+00
0.000000000000000000e+00 6.600000000000000000e+01 7.929999999999999716e+00 0.000000000000000000e+00 -1.062171496400303283e+00 2.630079729632453511e-02 0.000000000000000000e+00 0.000000000000000000e+00 1.320000000000000000e+02 0.000000000000000000e+00 1.000000000000000000e+00 0.000000000000000000e+00
0.000000000000000000e+00 6.600000000000000000e+01 7.940000000000000391e+00 0.000000000000000000e+00 -1.058453794607701948e+00 1.833892178415562346e-02 0.000000000000000000e+00 0.000000000000000000e+00 1.320000000000000000e+02 0.000000000000000000e+00 1.000000000000000000e+00 0.000000000000000000e+00
0.000000000000000000e+00 6.600000000000000000e+01 7.950000000000000178e+00 0.000000000000000000e+00 -1.055124512190629193e+00 5.801329385502859703e-03 1.000000000000000000e+00 0.000000000000000000e+00 1.320000000000000000e+02 0.000000000000000000e+00 1.000000000000000000e+00 0.000000000000000000e+00
0.000000000000000000e+00 6.600000000000000000e+01 7.959999999999999964e+00 0.000000000000000000e+00 -1.049250251142226364e+00 1.779053571740529111e-02 0.000000000000000000e+00 0.000000000000000000e+00 1.320000000000000000e+02 0.000000000000000000e+00 1.000000000000000000e+00 0.000000000000000000e+00
0.000000000000000000e+00 6.600000000000000000e+01 7.969999999999999751e+00 0.000000000000000000e+00 -1.043760885275502703e+00 2.569793404740790960e-02 0.000000000000000000e+00 0.000000000000000000e+00 1.320000000000000000e+02 0.000000000000000000e+00 1.000000000000000000e+00 0.000000000000000000e+00
0.000000000000000000e+00 6.600000000000000000e+01 7.979999999999999538e+00 0.000000000000000000e+00 -1.038654312618592979e+00 2.977808349571198221e-02 0.000000000000000000e+00 0.000000000000000000e+00 1.320000000000000000e+02 0.000000000000000000e+00 1.000000000000000000e+00 0.000000000000000000e+00
0.000000000000000000e+00 6.600000000000000000e+01 7.990000000000000213e+00 0.000000000000000000e+00 -1.033928577777684321e+00 3.050681240759360591e-02 0.000000000000000000e+00 0.000000000000000000e+00 1.320000000000000000e+02 0.000000000000000000e+00 1.000000000000000000e+00 0.000000000000000000e+00
0.000000000000000000e+00 6.600000000000000000e+01 8.000000000000000000e+00 0.000000000000000000e+00 -1.029581871188263165e+00 2.812849613999401227e-02 0.000000000000000000e+00 0.000000000000000000e+00 1.320000000000000000e+02 0.000000000000000000e+00 1.000000000000000000e+00 0.000000000000000000e+00
0.000000000000000000e+00 6.600000000000000000e+01 8.009999999999999787e+00 0.000000000000000000e+00 -1.025612528422200409e+00 2.271170728372912812e-02 0.000000000000000000e+00 0.000000000000000000e+00 1.320000000000000000e+02 0.000000000000000000e+00 1.000000000000000000e+00 0.000000000000000000e+00
0.000000000000000000e+00 6.600000000000000000e+01 8.019999999999999574e+00 0.000000000000000000e+00 -1.022019029550415015e+00 1.430076271405859856e-02 0.000000000000000000e+00 0.000000000000000000e+00 1.320000000000000000e+02 0.000000000000000000e+00 1.000000000000000000e+00 0.000000000000000000e+00
0.000000000000000000e+00 6.600000000000000000e+01 8.029999999999999361e+00 0.000000000000000000e+00 -1.018799998560866671e+00 3.874142854354160892e-03 1.000000000000000000e+00 0.000000000000000000e+00 1.320000000000000000e+02 0.000000000000000000e+00 1.000000000000000000e+00 0.000000000000000000e+00
0.000000000000000000e+00 6.600000000000000000e+01 8.039999999999999147e+00 0.000000000000000000e+00 -1.009643728028846832e+00 1.377727650994011940e-02 0.000000000000000000e+00 0.000000000000000000e+00 1.320000000000000000e+02 0.000000000000000000e+00 1.000000000000000000e+00 0.000000000000000000e+00
0.000000000000000000e+00 6.600000000000000000e+01 8.050000000000000711e+00 0.000000000000000000e+00 -1.000857186664929621e+00 2.251390098927040506e-02 0.000000000000000000e+00 0.000000000000000000e+00 1.320000000000000000e+02 0.000000000000000000e+00 1.000000000000000000e+00 0.000000000000000000e+00
0.000000000000000000e+00 6.600000000000000000e+01 8.060000000000000497e+00 0.000000000000000000e+00 -9.924370099524866262e-01 2.952619241426616276e-02 0.000000000000000000e+00 0.000000000000000000e+00 1.320000000000000000e+02 0.000000000000000000e+00 1.000000000000000000e+00 0.000000000000000000e+00
0.000000000000000000e+00 6.600000000000000000e+01 8.070000000000000284e+00 0.000000000000000000e+00 -9.843799736621658969e-01 3.501092128579730289e-02 0.000000000000000000e+00 0.000000000000000000e+00 1.320000000000000000e+02 0.000000000000000000e+00 1.000000000000000000e+00 0.000000000000000000e+00
0.000000000000000000e+00 6.600000000000000000e+01 8.080000000000000071e+00 0.000000000000000000e+00 -9.766829926172807541e-01 3.919037353245067440e-02 0.000000000000000000e+00 0.000000000000000000e+00 1.320000000000000000e+02 0.000000000000000000e+00 1.000000000000000000e+00 0.000000000000000000e+00
0.000000000000000000e+00 6.600000000000000000e+01 8.089999999999999858e+00 0.000000000000000000e+00 -9.693431195124420086e-01 4.224110654533108633e-02 0.000000000000000000e+00 0.000000000000000000e+00 1.320000000000000000e+02 0.000000000000000000e+00 1.000000000000000000e+00 0.000000000000000000e+00
0.000000000000000000e+00 6.600000000000000000e+01 8.099999999999999645e+00 0.000000000000000000e+00 -9.623575437849841707e-01 4.429587481488895390e-02 0.000000000000000000e+00 0.000000000000000000e+00 1.320000000000000000e+02 0.000000000000000000e+00 1.000000000000000000e+00 0.000000000000000000e+00
0.000000000000000000e+00 6.600000000000000000e+01 8.109999999999999432e+00 0.000000000000000000e+00 -9.557235905387541086e-01 4.545328023256516720e-02 0.000000000000000000e+00 0.000000000000000000e+00 1.320000000000000000e+02 0.000000000000000000e+00 1.000000000000000000e+00 0.000000000000000000e+00
0.000000000000000000e+00 6.600000000000000000e+01 8.119999999999999218e+00 0.000000000000000000e+00 -9.494387195198469298e-01 4.578598968367388056e-02 0.000000000000000000e+00 0.000000000000000000e+00 1.320000000000000000e+02 0.000000000000000000e+00 1.000000000000000000e+00 0.000000000000000000e+00
0.000000000000000000e+00 6.600000000000000000e+01 8.130000000000000782e+00 0.000000000000000000e+00 -9.435005241438993995e-01 4.534674927074935913e-02 0.000000000000000000e+00 0.000000000000000000e+00 1.320000000000000000e+02 0.000000000000000000e+00 1.000000000000000000e+00 0.000000000000000000e+00
0.000000000000000000e+00 6.600000000000000000e+01 8.140000000000000568e+00 0.000000000000000000e+00 -9.379067305745685257e-01 4.417270492592356712e-02 0.000000000000000000e+00 0.000000000000000000e+00 1.320000000000000000e+02 0.000000000000000000e+00 1.000000000000000000e+00 0.000000000000000000e+00
0.000000000000000000e+00 6.600000000000000000e+01 8.150000000000000355e+00 0.000000000000000000e+00 -9.326551968528393743e-01 4.228862877028070899e-02 0.000000000000000000e+00 0.000000000000000000e+00 1.320000000000000000e+02 0.000000000000000000e+00 1.000000000000000000e+00 0.000000000000000000e+00
0.000000000000000000e+00 6.600000000000000000e+01 8.160000000000000142e+00 0.000000000000000000e+00 -9.277439120768338210e-01 3.970960970804276319e-02 0.000000000000000000e+00 0.000000000000000000e+00 1.320000000000000000e+02 0.000000000000000000e+00 1.000000000000000000e+00 0.000000000000000000e+00
0.000000000000000000e+00 6.600000000000000000e+01 8.169999999999999929e+00 0.000000000000000000e+00 -9.231709956318010502e-01 3.644383728487753105e-02 0.000000000000000000e+00 0.000000000000000000e+00 1.320000000000000000e+02 0.000000000000000000e+00 1.000000000000000000e+00 0.000000000000000000e+00
0.000000000000000000e+00 6.600000000000000000e+01 8.179999999999999716e+00 0.000000000000000000e+00 -9.189346964699984799e-01 3.249644530358389988e-02 0.000000000000000000e+00 0.000000000000000000e+00 1.320000000000000000e+02 0.000000000000000000e+00 1.000000000000000000e+00 0.000000000000000000e+00
0.000000000000000000e+00 6.600000000000000000e+01 8.189999999999999503e+00 0.000000000000000000e+00 -9.150333924401853336e-01 2.787631996540809037e-02 0.000000000000000000e+00 0.000000000000000000e+00 1.320000000000000000e+02 0.000000000000000000e+00 1.000000000000000000e+00 0.000000000000000000e+00
0.000000000000000000e+00 6.600000000000000000e+01 8.199999999999999289e+00 0.000000000000000000e+00 -9.114655896664740631e-01 2.261025593952993573e-02 0.000000000000000000e+00 0.000000000000000000e+00 1.320000000000000000e+02 0.000000000000000000e+00 1.000000000000000000e+00 0.000000000000000000e+00
0.000000000000000000e+00 6.600000000000000000e+01 8.209999999999999076e+00 0.000000000000000000e+00 -9.082299219762985931e-01 1.677575745621989051e-02 0.000000000000000000e+00 0.000000000000000000e+00 1.320000000000000000e+02 0.000000000000000000e+00 1.000000000000000000e+00 0.000000000000000000e+00
0.000000000000000000e+00 6.600000000000000000e+01 8.220000000000000639e+00 0.000000000000000000e+00 -9.053251503772847819e-01 1.058494222550223143e-02 0.000000000000000000e+00 0.000000000000000000e+00 1.320000000000000000e+02 0.000000000000000000e+00 1.000000000000000000e+00 0.000000000000000000e+00
0.000000000000000000e+00 6.600000000000000000e+01 8.230000000000000426e+00 0.000000000000000000e+00 -9.027501625828178167e-01 4.622619282881410691e-03 0.000000000000000000e+00 0.000000000000000000e+00 1.320000000000000000e+02 0.000000000000000000e+00 1.000000000000000000e+00 0.000000000000000000e+00
0.000000000000000000e+00 6.600000000000000000e+01 8.240000000000000213e+00 0.000000000000000000e+00 -9.005039725861299083e-01 5.199937890064646080e-04 1.000000000000000000e+00 0.000000000000000000e+00 1.320000000000000000e+02 0.000000000000000000e+00 1.000000000000000000e+00 0.000000000000000000e+00
0.000000000000000000e+00 6.600000000000000000e+01 8.250000000000000000e+00 0.000000000000000000e+00 -8.836436097480486751e-01 3.920052321414735363e-03 0.000000000000000000e+00 0.000000000000000000e+00 1.320000000000000000e+02 0.000000000000000000e+00 1.000000000000000000e+00 0.000000000000000000e+00
0.000000000000000000e+00 6.600000000000000000e+01 8.259999999999999787e+00 0.000000000000000000e+00 -8.671047284826167711e-01 8.400703199606951443e-03 0.000000000000000000e+00 0.000000000000000000e+00 1.320000000000000000e+02 0.000000000000000000e+00 1.000000000000000000e+00 0.000000000000000000e+00
0.000000000000000000e+00 6.600000000000000000e+01 8.269999999999999574e+00 0.000000000000000000e+00 -8.508809957699654536e-01 1.279177889542063018e-02 0.000000000000000000e+00 0.000000000000000000e+00 1.320000000000000000e+02 0.000000000000000000e+00 1.000000000000000000e+00 0.000000000000000000e+00
0.000000000000000000e+00 6.600000000000000000e+01 8.279999999999999361e+00 0.000000000000000000e+00 -8.349661992659844767e-01 1.677709132930160080e-02 0.000000000000000000e+00 0.000000000000000000e+00 1.320000000000000000e+02 0.000000000000000000e+00 1.000000000000000000e+00 0.000000000000000000e+00
0.000000000000000000e+00 6.600000000000000000e+01 8.289999999999999147e+00 0.000000000000000000e+00 -8.193542449235102776e-01 2.029537655271433649e-02 0.000000000000000000e+00 0.000000000000000000e+00 1.320000000000000000e+02 0.000000000000000000e+00 1.000000000000000000e+00 0.000000000000000000e+00
0.000000000000000000e+00 6.600000000000000000e+01 8.300000000000000711e+00 0.000000000000000000e+00 -8.040391546588105953e-01 2.336295376052455186e-02 0.000000000000000000e+00 0.000000000000000000e+00 1.320000000000000000e+02 0.000000000000000000e+00 1.000000000000000000e+00 0.000000000000000000e+00
0.000000000000000000e+00 6.600000000000000000e+01 8.310000000000000497e+00 0.000000000000000000e+00 -7.890150640624749023e-01 2.601874965399833539e-02 0.000000000000000000e+00 0.000000000000000000e+00 1.320000000000000000e+02 0.000000000000000000e+00 1.000000000000000000e+00 0.000000000000000000e+00
0.000000000000000000e+00 6.600000000000000000e+01 8.320000000000000284e+00 0.000000000000000000e+00 -7.742762201538306854e-01 2.830584808574999889e-02 0.000000000000000000e+00 0.000000000000000000e+00 1.320000000000000000e+02 0.000000000000000000e+00 1.000000000000000000e+00 0.000000000000000000e+00
0.000000000000000000e+00 6.600000000000000000e+01 8.330000000000000071e+00 0.000000000000000000e+00 -7.598169791780302607e-01 3.026518773559203068e-02 0.000000000000000000e+00 0.000000000000000000e+00 1.320000000000000000e+02 0.000000000000000000e+00 1.000000000000000000e+00 0.000000000000000000e+00
0.000000000000000000e+00 6.600000000000000000e+01 8.339999999999999858e+00 0.000000000000000000e+00 -7.456318044449604665e-01 3.193362343508311663e-02 0.000000000000000000e+00 0.000000000000000000e+00 1.320000000000000000e+02 0.000000000000000000e+00 1.000000000000000000e+00 0.000000000000000000e+00
0.000000000000000000e+00 6.600000000000000000e+01 8.349999999999999645e+00 0.000000000000000000e+00 -7.317152642091491188e-01 3.334361049387389586e-02 0.000000000000000000e+00 0.000000000000000000e+00 1.320000000000000000e+02 0.000000000000000000e+00 1.000000000000000000e+00 0.000000000000000000e+00
0.000000000000000000e+00 6.600000000000000000e+01 8.359999999999999432e+00 0.000000000000000000e+00 -7.180620295898574312e-01 3.452347839696391640e-02 0.000000000000000000e+00 0.000000000000000000e+00 1.320000000000000000e+02 0.000000000000000000e+00 1.000000000000000000e+00 0.000000000000000000e+00
0.000000000000000000e+00 6.600000000000000000e+01 8.369999999999999218e+00 0.000000000000000000e+00 -7.046668725305600400e-01 3.549788832550265782e-02 0.000000000000000000e+00 0.000000000000000000e+00 1.320000000000000000e+02 0.000000000000000000e+00 1.000000000000000000e+00 0.000000000000000000e+00
0.000000000000000000e+00 6.600000000000000000e+01 8.380000000000000782e+00 0.000000000000000000e+00 -6.915246637970337007e-01 3.628831462454935874e-02 0.000000000000000000e+00 0.000000000000000000e+00 1.320000000000000000e+02 0.000000000000000000e+00 1.000000000000000000e+00 0.000000000000000000e+00
0.000000000000000000e+00 6.600000000000000000e+01 8.390000000000000568e+00 0.000000000000000000e+00 -6.786303710132853828e-01 3.691349035049612537e-02 0.000000000000000000e+00 0.000000000000000000e+00 1.320000000000000000e+02 0.000000000000000000e+00 1.000000000000000000e+00 0.000000000000000000e+00
0.000000000000000000e+00 6.600000000000000000e+01 8.400000000000000355e+00 0.000000000000000000e+00 -6.659790567345702517e-01 3.738979843728018615e-02 0.000000000000000000e+00 0.000000000000000000e+00 1.320000000000000000e+02 0.000000000000000000e+00 1.000000000000000000e+00 0.000000000000000000e+00
0.000000000000000000e+00 6.600000000000000000e+01 8.410000000000000142e+00 0.000000000000000000e+00 -6.535658765567587958e-01 3.773160691745647277e-02 0.000000000000000000e+00 0.000000000000000000e+00 1.320000000000000000e+02 0.000000000000000000e+00 1.000000000000000000e+00 0.000000000000000000e+00
0.000000000000000000e+00 6.600000000000000000e+01 8.419999999999999929e+00 0.000000000000000000e+00 -6.413860772613331207e-01 3.795155304928593543e-02 0.000000000000000000e+00 0.000000000000000000e+00 1.320000000000000000e+02 0.000000000000000000e+00 1.000000000000000000e+00 0.000000000000000000e+00
0.000000000000000000e+00 6.600000000000000000e+01 8.429999999999999716e+00 0.000000000000000000e+00 -6.294349949952973144e-01 3.806078312357516480e-02 0.000000000000000000e+00 0.000000000000000000e+00 1.320000000000000000e+02 0.000000000000000000e+00 1.000000000000000000e+00 0.000000000000000000e+00
0.000000000000000000e+00 6.600000000000000000e+01 8.439999999999999503e+00 0.000000000000000000e+00 -6.177080534853094385e-01 3.806915477526849612e-02 0.000000000000000000e+00 0.000000000000000000e+00 1.320000000000000000e+02 0.000000000000000000e+00 1.000000000000000000e+00 0.000000000000000000e+00
0.000000000000000000e+00 6.600000000000000000e+01 8.449999999999999289e+00 0.000000000000000000e+00 -6.062007622853473610e-01 3.798540796406983666e-02 0.000000000000000000e+00 0.000000000000000000e+00 1.320000000000000000e+02 0.000000000000000000e+00 1.000000000000000000e+00 0.000000000000000000e+00
0.000000000000000000e+00 6.600000000000000000e+01 8.459999999999999076e+00 0.000000000000000000e+00 -5.949087150572414107e-01 3.781730992418225190e-02 0.000000000000000000e+00 0.000000000000000000e+00 1.320000000000000000e+02 0.000000000000000000e+00 1.000000000000000000e+00 0.000000000000000000e+00
0.000000000000000000e+00 6.600000000000000000e+01 8.470000000000000639e+00 0.000000000000000000e+00 -5.838275878834117139e-01 3.757177852994590672e-02 0.000000000000000000e+00 0.000000000000000000e+00 1.320000000000000000e+02 0.000000000000000000e+00 1.000000000000000000e+00 0.000000000000000000e+00
0.000000000000000000e+00 6.600000000000000000e+01 8.480000000000000426e+00 0.000000000000000000e+00 -5.729531376111665075e-01 3.725498776288127534e-02 0.000000000000000000e+00 0.000000000000000000e+00 1.320000000000000000e+02 0.000000000000000000e+00 1.000000000000000000e+00 0.000000000000000000e+00
0.000000000000000000e+00 6.600000000000000000e+01 8.490000000000000213e+00 0.000000000000000000e+00 -5.622812002279267141e-01 3.687245831820995523e-02 0.000000000000000000e+00 0.000000000000000000e+00 1.320000000000000000e+02 0.000000000000000000e+00 1.000000000000000000e+00 0.000000000000000000e+00
0.000000000000000000e+00 6.600000000000000000e+01 8.500000000000000000e+00 0.000000000000000000e+00 -5.518076892667534983e-01 3.642913585197934956e-02 0.000000000000000000e+00 0.000000000000000000e+00 1.320000000000000000e+02 0.000000000000000000e+00 1.000000000000000000e+00 0.000000000000000000e+00
0.000000000000000000e+00 6.600000000000000000e+01 8.509999999999999787e+00 0.000000000000000000e+00 -5.415285942415722920e-01 3.592945893075334685e-02 0.000000000000000000e+00 0.000000000000000000e+00 1.320000000000000000e+02 0.000000000000000000e+00 1.000000000000000000e+00 0.000000000000000000e+00
0.000000000000000000e+00 6.600000000000000000e+01 8.519999999999999574e+00 0.000000000000000000e+00 -5.314399791114871041e-01 3.537741838940321182e-02 0.000000000000000000e+00 0.000000000000000000e+00 1.320000000000000000e+02 0.000000000000000000e+00 1.000000000000000000e+00 0.000000000000000000e+00
0.000000000000000000e+00 6.600000000000000000e+01 8.529999999999999361e+00 0.000000000000000000e+00 -5.215379807736050255e-01 3.477660951453515059e-02 0.000000000000000000e+00 0.000000000000000000e+00 1.320000000000000000e+02 0.000000000000000000e+00 1.000000000000000000e+00 0.000000000000000000e+00
0.000000000000000000e+00 6.600000000000000000e+01 8.539999999999999147e+00 0.000000000000000000e+00 -5.118188075837868389e-01 3.413027823902711755e-02 0.000000000000000000e+00 0.000000000000000000e+00 1.320000000000000000e+02 0.000000000000000000e+00 1.000000000000000000e+00 0.000000000000000000e+00
0.000000000000000000e+00 6.600000000000000000e+01 8.550000000000000711e+00 0.000000000000000000e+00 -5.022787379047626288e-01 3.344136234656799878e-02 0.000000000000000000e+00 0.000000000000000000e+00 1.320000000000000000e+02 0.000000000000000000e+00 1.000000000000000000e+00 0.000000000000000000e+00
0.000000000000000000e+00 6.600000000000000000e+01 8.560000000000000497e+00 0.000000000000000000e+00 -4.929141186810533926e-01 3.271252853550475626e-02 0.000000000000000000e+00 0.000000000000000000e+00 1.320000000000000000e+02 0.000000000000000000e+00 1.000000000000000000e+00 0.000000000000000000e+00
0.000000000000000000e+00 6.600000000000000000e+01 8.570000000000000284e+00 0.000000000000000000e+00 -4.837213640401529791e-01 3.194620607189967154e-02 0.000000000000000000e+00 0.000000000000000000e+00 1.320000000000000000e+02 0.000000000000000000e+00 1.000000000000000000e+00 0.000000000000000000e+00
0.000000000000000000e+00 6.600000000000000000e+01 8.580000000000000071e+00 0.000000000000000000e+00 -4.746969539194372811e-01 3.114461766706660972e-02 0.000000000000000000e+00 0.000000000000000000e+00 1.320000000000000000e+02 0.000000000000000000e+00 1.000000000000000000e+00 0.000000000000000000e+00
0.000000000000000000e+00 6.600000000000000000e+01 8.589999999999999858e+00 0.000000000000000000e+00 -4.658374327182714381e-01 3.030980814078912400e-02 0.000000000000000000e+00 0.000000000000000000e+00 1.320000000000000000e+02 0.000000000000000000e+00 1.000000000000000000e+00 0.000000000000000000e+00
0.000000000000000000e+00 6.600000000000000000e+01 8.599999999999999645e+00 0.000000000000000000e+00 -4.571394079748019035e-01 2.944367137459480421e-02 0.000000000000000000e+00 0.000000000000000000e+00 1.320000000000000000e+02 0.000000000000000000e+00 1.000000000000000000e+00 0.000000000000000000e+00
0.000000000000000000e+00 6.600000000000000000e+01 8.609999999999999432e+00 0.000000000000000000e+00 -4.485995490669245078e-01 2.854797601737714408e-02 0.000000000000000000e+00 0.000000000000000000e+00 1.320000000000000000e+02 0.000000000000000000e+00 1.000000000000000000e+00 0.000000000000000000e+00
0.000000000000000000e+00 6.600000000000000000e+01 8.619999999999999218e+00 0.000000000000000000e+00 -4.402145859369327452e-01 2.762439037638195205e-02 0.000000000000000000e+00 0.000000000000000000e+00 1.320000000000000000e+02 0.000000000000000000e+00 1.000000000000000000e+00 0.000000000000000000e+00
0.000000000000000000e+00 6.600000000000000000e+01 8.630000000000000782e+00 0.000000000000000000e+00 -4.319813078393564543e-01 2.667450690871034369e-02 0.000000000000000000e+00 0.000000000000000000e+00 1.320000000000000000e+02 0.000000000000000000e+00 1.000000000000000000e+00 0.000000000000000000e+00
0.000000000000000000e+00 6.600000000000000000e+01 8.640000000000000568e+00 0.000000000000000000e+00 -4.238965621115133309e-01 2.569986672102253511e-02 0.000000000000000000e+00 0.000000000000000000e+00 1.320000000000000000e+02 0.000000000000000000e+00 1.000000000000000000e+00 0.000000000000000000e+00
0.000000000000000000e+00 6.600000000000000000e+01 8.650000000000000355e+00 0.000000000000000000e+00 -4.159572529662994844e-01 2.470198448734013674e-02 0.000000000000000000e+00 0.000000000000000000e+00 1.320000000000000000e+02 0.000000000000000000e+00 1.000000000000000000e+00 0.000000000000000000e+00
0.000000000000000000e+00 6.600000000000000000e+01 8.660000000000000142e+00 0.000000000000000000e+00 -4.081603403067609603e-01 2.368237420627800072e-02 0.000000000000000000e+00 0.000000000000000000e+00 1.320000000000000000e+02 0.000000000000000000e+00 1.000000000000000000e+00 0.000000000000000000e+00
0.000000000000000000e+00 6.600000000000000000e+01 8.669999999999999929e+00 0.000000000000000000e+00 -4.005028385619877618e-01 2.264257623932190711e-02 0.000000000000000000e+00 0.000000000000000000e+00 1.320000000000000000e+02 0.000000000000000000e+00 1.000000000000000000e+00 0.000000000000000000e+00
0.000000000000000000e+00 6.600000000000000000e+01 8.679999999999999716e+00 0.000000000000000000e+00 -3.929818155438881133e-01 2.158418610057409592e-02 0.000000000000000000e+00 0.000000000000000000e+00 1.320000000000000000e+02 0.000000000000000000e+00 1.000000000000000000e+00 0.000000000000000000e+00
0.000000000000000000e+00 6.600000000000000000e+01 8.689999999999999503e+00 0.000000000000000000e+00 -3.855943913244040400e-01 2.050888550518441267e-02 0.000000000000000000e+00 0.000000000000000000e+00 1.320000000000000000e+02 0.000000000000000000e+00 1.000000000000000000e+00 0.000000000000000000e+00
0.000000000000000000e+00 6.600000000000000000e+01 8.699999999999999289e+00 0.000000000000000000e+00 -3.783377371327369953e-01 1.941847622753191394e-02 0.000000000000000000e+00 0.000000000000000000e+00 1.320000000000000000e+02 0.000000000000000000e+00 1.000000000000000000e+00 0.000000000000000000e+00
0.000000000000000000e+00 6.600000000000000000e+01 8.710000000000000853e+00 0.000000000000000000e+00 -3.712090742721639303e-01 1.831491736932543135e-02 0.000000000000000000e+00 0.000000000000000000e+00 1.320000000000000000e+02 0.000000000000000000e+00 1.000000000000000000e+00 0.000000000000000000e+00
0.000000000000000000e+00 6.600000000000000000e+01 8.720000000000000639e+00 0.000000000000000000e+00 -3.642056730560264688e-01 1.720036668889202147e-02 0.000000000000000000e+00 0.000000000000000000e+00 1.320000000000000000e+02 0.000000000000000000e+00 1.000000000000000000e+00 0.000000000000000000e+00
0.000000000000000000e+00 6.600000000000000000e+01 8.730000000000000426e+00 0.000000000000000000e+00 -3.573248517624875720e-01 1.607722669025885009e-02 0.000000000000000000e+00 0.000000000000000000e+00 1.320000000000000000e+02 0.000000000000000000e+00 1.000000000000000000e+00 0.000000000000000000e+00
0.000000000000000000e+00 6.600000000000000000e+01 8.740000000000000213e+00 0.000000000000000000e+00 -3.505639756076541769e-01 1.494819620434729990e-02 0.000000000000000000e+00 0.000000000000000000e+00 1.320000000000000000e+02 0.000000000000000000e+00 1.000000000000000000e+00 0.000000000000000000e+00
0.000000000000000000e+00 6.600000000000000000e+01 8.750000000000000000e+00 0.000000000000000000e+00 -3.439204557366737913e-01 1.381632819814748031e-02 0.000000000000000000e+00 0.000000000000000000e+00 1.320000000000000000e+02 0.000000000000000000e+00 1.000000000000000000e+00 0.000000000000000000e+00
0.000000000000000000e+00 6.600000000000000000e+01 8.759999999999999787e+00 0.000000000000000000e+00 -3.373917482324175210e-01 1.268509449378615178e-02 0.000000000000000000e+00 0.000000000000000000e+00 1.320000000000000000e+02 0.000000000000000000e+00 1.000000000000000000e+00 0.000000000000000000e+00
0.000000000000000000e+00 6.600000000000000000e+01 8.769999999999999574e+00 0.000000000000000000e+00 -3.309753531413713312e-01 1.155845792320688709e-02 0.000000000000000000e+00 0.000000000000000000e+00 1.320000000000000000e+02 0.000000000000000000e+00 1.000000000000000000e+00 0.000000000000000000e+00
0.000000000000000000e+00 6.600000000000000000e+01 8.779999999999999361e+00 0.000000000000000000e+00 -3.246688135163602884e-01 1.044095211300778009e-02 0.000000000000000000e+00 0.000000000000000000e+00 1.320000000000000000e+02 0.000000000000000000e+00 1.000000000000000000e+00 0.000000000000000000e+00
0.000000000000000000e+00 6.600000000000000000e+01 8.789999999999999147e+00 0.000000000000000000e+00 -3.184697144757424603e-01 9.337768470068688598e-03 0.000000000000000000e+00 0.000000000000000000e+00 1.320000000000000000e+02 0.000000000000000000e+00 1.000000000000000000e+00 0.000000000000000000e+00
0.000000000000000000e+00 6.600000000000000000e+01 8.800000000000000711e+00 0.000000000000000000e+00 -3.123756822787088216e-01 8.254848831821662292e-03 0.000000000000000000e+00 0.000000000000000000e+00 1.320000000000000000e+02 0.000000000000000000e+00 1.000000000000000000e+00 0.000000000000000000e+00
0.000000000000000000e+00 6.600000000000000000e+01 8.810000000000000497e+00 0.000000000000000000e+00 -3.063843834163378910e-01 7.198980349213561503e-03 0.000000000000000000e+00 0.000000000000000000e+00 1.320000000000000000e+02 0.000000000000000000e+00 1.000000000000000000e+00 0.000000000000000000e+00
0.000000000000000000e+00 6.600000000000000000e+01 8.820000000000000284e+00 0.000000000000000000e+00 -3.004935237180552110e-01 6.177885994378653350e-03 0.000000000000000000e+00 0.000000000000000000e+00 1.320000000000000000e+02 0.000000000000000000e+00 1.000000000000000000e+00 0.000000000000000000e+00
0.000000000000000000e+00 6.600000000000000000e+01 8.830000000000000071e+00 0.000000000000000000e+00 -2.947008474731558914e-01 5.200298845902343731e-03 0.000000000000000000e+00 0.000000000000000000e+00 1.320000000000000000e+02 0.000000000000000000e+00 1.000000000000000000e+00 0.000000000000000000e+00
0.000000000000000000e+00 6.600000000000000000e+01 8.839999999999999858e+00 0.000000000000000000e+00 -2.890041365670552032e-01 4.275999770515234027e-03 0.000000000000000000e+00 0.000000000000000000e+00 1.320000000000000000e+02 0.000000000000000000e+00 1.000000000000000000e+00 0.000000000000000000e+00
0.000000000000000000e+00 6.600000000000000000e+01 8.849999999999999645e+00 0.000000000000000000e+00 -2.834012096319341589e-01 3.415784401184011193e-03 0.000000000000000000e+00 0.000000000000000000e+00 1.320000000000000000e+02 0.000000000000000000e+00 1.000000000000000000e+00 0.000000000000000000e+00
0.000000000000000000e+00 6.600000000000000000e+01 8.859999999999999432e+00 0.000000000000000000e+00 -2.778899212114564476e-01 2.631303652922103303e-03 0.000000000000000000e+00 0.000000000000000000e+00 1.320000000000000000e+02 0.000000000000000000e+00 1.000000000000000000e+00 0.000000000000000000e+00
0.000000000000000000e+00 6.600000000000000000e+01 8.869999999999999218e+00 0.000000000000000000e+00 -2.724681609392371473e-01 1.934688842012775856e-03 0.000000000000000000e+00 0.000000000000000000e+00 1.320000000000000000e+02 0.000000000000000000e+00 1.000000000000000000e+00 0.000000000000000000e+00
0.000000000000000000e+00 6.600000000000000000e+01 8.880000000000000782e+00 0.000000000000000000e+00 -2.671338527307468014e-01 1.337824521067605341e-03 0.000000000000000000e+00 0.000000000000000000e+00 1.320000000000000000e+02 0.000000000000000000e+00 1.000000000000000000e+00 0.000000000000000000e+00
0.000000000000000000e+00 6.600000000000000000e+01 8.890000000000000568e+00 0.000000000000000000e+00 -2.618849539883436051e-01 8.510712917429866589e-04 0.000000000000000000e+00 0.000000000000000000e+00 1.320000000000000000e+02 0.000000000000000000e+00 1.000000000000000000e+00 0.000000000000000000e+00
0.000000000000000000e+00 6.600000000000000000e+01 8.900000000000000355e+00 0.000000000000000000e+00 -2.567194548191278347e-01 4.811899725395462138e-04 0.000000000000000000e+00 0.000000000000000000e+00 1.320000000000000000e+02 0.000000000000000000e+00 1.000000000000000000e+00 0.000000000000000000e+00
0.000000000000000000e+00 6.600000000000000000e+01 8.910000000000000142e+00 0.000000000000000000e+00 -2.516353772653194820e-01 2.282669665235746888e-04 0.000000000000000000e+00 0.000000000000000000e+00 1.320000000000000000e+02 0.000000000000000000e+00 1.000000000000000000e+00 0.000000000000000000e+00
0.000000000000000000e+00 6.600000000000000000e+01 8.919999999999999929e+00 0.000000000000000000e+00 -2.466307745468645507e-01 8.185585962759787254e-05 0.000000000000000000e+00 0.000000000000000000e+00 1.320000000000000000e+02 0.000000000000000000e+00 1.000000000000000000e+00 0.000000000000000000e+00
0.000000000000000000e+00 6.600000000000000000e+01 8.929999999999999716e+00 0.000000000000000000e+00 -2.417037303159798312e-01 1.795162688741230601e-05 0.000000000000000000e+00 0.000000000000000000e+00 1.320000000000000000e+02 0.000000000000000000e+00 1.000000000000000000e+00 0.000000000000000000e+00
0.000000000000000000e+00 6.600000000000000000e+01 8.939999999999999503e+00 0.000000000000000000e+00 -2.368523579233503262e-01 1.443542667139417925e-06 0.000000000000000000e+00 0.000000000000000000e+00 1.320000000000000000e+02 0.000000000000000000e+00 1.000000000000000000e+00 0.000000000000000000e+00
0.000000000000000000e+00 6.600000000000000000e+01 8.949999999999999289e+00 0.000000000000000000e+00 -2.320747996956993020e-01 8.122079316769431237e-09 0.000000000000000000e+00 0.000000000000000000e+00 1.320000000000000000e+02 0.000000000000000000e+00 1.000000000000000000e+00 0.000000000000000000e+00
0.000000000000000000e+00 6.600000000000000000e+01 8.960000000000000853e+00 0.000000000000000000e+00 -2.273692262244534912e-01 9.253350878468493816e-17 1.000000000000000000e+00 1.000000000000000000e+00 1.320000000000000000e+02 0.000000000000000000e+00 1.000000000000000000e+00 0.000000000000000000e+00
0.000000000000000000e+00 6.600000000000000000e+01 8.970000000000000639e+00 0.000000000000000000e+00 -2.137690062046778139e-01 4.475002838429924126e-09 0.000000000000000000e+00 0.000000000000000000e+00 1.320000000000000000e+02 0.000000000000000000e+00 1.000000000000000000e+00 0.000000000000000000e+00
0.000000000000000000e+00 6.600000000000000000e+01 8.980000000000000426e+00 0.000000000000000000e+00 -2.002337613405953398e-01 6.409974300098921575e-07 0.000000000000000000e+00 0.000000000000000000e+00 1.320000000000000000e+02 0.000000000000000000e+00 1.000000000000000000e+00 0.000000000000000000e+00
0.000000000000000000e+00 6.600000000000000000e+01 8.990000000000000213e+00 0.000000000000000000e+00 -1.867583087559717414e-01 6.932719424174063443e-06 0.000000000000000000e+00 0.000000000000000000e+00 1.320000000000000000e+02 0.000000000000000000e+00 1.000000000000000000e+00 0.000000000000000000e+00
0.000000000000000000e+00 6.600000000000000000e+01 9.000000000000000000e+00 0.000000000000000000e+00 -1.733374884700567276e-01 2.825926662525457761e-05 0.000000000000000000e+00 0.000000000000000000e+00 1.320000000000000000e+02 0.000000000000000000e+00 1.000000000000000000e+00 0.000000000000000000e+00
0.000000000000000000e+00 6.600000000000000000e+01 9.009999999999999787e+00 0.000000000000000000e+00 -1.599661614217396943e-01 7.132132335776661912e-05 0.000000000000000000e+00 0.000000000000000000e+00 1.320000000000000000e+02 0.000000000000000000e+00 1.000000000000000000e+00 0.000000000000000000e+00
0.000000000000000000e+00 6.600000000000000000e+01 9.019999999999999574e+00 0.000000000000000000e+00 -1.466392075017150243e-01 1.368746340697855456e-04 0.000000000000000000e+00 0.000000000000000000e+00 1.320000000000000000e+02 0.000000000000000000e+00 1.000000000000000000e+00 0.000000000000000000e+00
0.000000000000000000e+00 6.600000000000000000e+01 9.029999999999999361e+00 0.000000000000000000e+00 -1.333515235919053576e-01 2.209698280115552672e-04 0.000000000000000000e+00 0.000000000000000000e+00 1.320000000000000000e+02 0.000000000000000000e+00 1.000000000000000000e+00 0.000000000000000000e+00
0.000000000000000000e+00 6.600000000000000000e+01 9.039999999999999147e+00 0.000000000000000000e+00 -1.200980216113901877e-01 3.172525057027982855e-04 0.000000000000000000e+00 0.000000000000000000e+00 1.320000000000000000e+02 0.000000000000000000e+00 1.000000000000000000e+00 0.000000000000000000e+00
0.000000000000000000e+00 6.600000000000000000e+01 9.050000000000000711e+00 0.000000000000000000e+00 -1.068736265680932940e-01 4.187580845279115574e-04 0.000000000000000000e+00 0.000000000000000000e+00 1.320000000000000000e+02 0.000000000000000000e+00 1.000000000000000000e+00 0.000000000000000000e+00
0.000000000000000000e+00 6.600000000000000000e+01 9.060000000000000497e+00 0.000000000000000000e+00 -9.367327461548116685e-02 5.189813068426831627e-04 0.000000000000000000e+00 0.000000000000000000e+00 1.320000000000000000e+02 0.000000000000000000e+00 1.000000000000000000e+00 0.000000000000000000e+00
0.000000000000000000e+00 6.600000000000000000e+01 9.070000000000000284e+00 0.000000000000000000e+00 -8.049191111353015682e-02 6.124005512841042276e-04 0.000000000000000000e+00 0.000000000000000000e+00 1.320000000000000000e+02 0.000000000000000000e+00 1.000000000000000000e+00 0.000000000000000000e+00
0.000000000000000000e+00 6.600000000000000000e+01 9.080000000000000071e+00 0.000000000000000000e+00 -6.732448869321833174e-02 6.946662235183462264e-04 0.000000000000000000e+00 0.000000000000000000e+00 1.320000000000000000e+02 0.000000000000000000e+00 1.000000000000000000e+00 0.000000000000000000e+00
0.000000000000000000e+00 6.600000000000000000e+01 9.089999999999999858e+00 0.000000000000000000e+00 -5.416596532380187762e-02 7.626045727541948260e-04 0.000000000000000000e+00 0.000000000000000000e+00 1.320000000000000000e+02 0.000000000000000000e+00 1.000000000000000000e+00 0.000000000000000000e+00
0.000000000000000000e+00 6.600000000000000000e+01 9.099999999999999645e+00 0.000000000000000000e+00 -4.101130238213537144e-02 8.141306689795754434e-04 0.000000000000000000e+00 0.000000000000000000e+00 1.320000000000000000e+02 0.000000000000000000e+00 1.000000000000000000e+00 0.000000000000000000e+00
0.000000000000000000e+00 6.600000000000000000e+01 9.109999999999999432e+00 0.000000000000000000e+00 -2.785546272329705170e-02 8.481239626629121647e-04 0.000000000000000000e+00 0.000000000000000000e+00 1.320000000000000000e+02 0.000000000000000000e+00 1.000000000000000000e+00 0.000000000000000000e+00
0.000000000000000000e+00 6.600000000000000000e+01 9.119999999999999218e+00 0.000000000000000000e+00 -1.469340875178023337e-02 8.642948792705520272e-04 0.000000000000000000e+00 0.000000000000000000e+00 1.320000000000000000e+02 0.000000000000000000e+00 1.000000000000000000e+00 0.000000000000000000e+00
0.000000000000000000e+00 6.600000000000000000e+01 9.130000000000000782e+00 0.000000000000000000e+00 -1.520100492511604340e-03 8.630563437845260866e-04 0.000000000000000000e+00 0.000000000000000000e+00 1.320000000000000000e+02 0.000000000000000000e+00 1.000000000000000000e+00 0.000000000000000000e+00
0.000000000000000000e+00 6.600000000000000000e+01 9.140000000000000568e+00 0.000000000000000000e+00 1.166950633904077078e-02 8.454059679832183483e-04 0.000000000000000000e+00 0.000000000000000000e+00 1.320000000000000000e+02 0.000000000000000000e+00 1.000000000000000000e+00 0.000000000000000000e+00
0.000000000000000000e+00 6.600000000000000000e+01 9.150000000000000355e+00 0.000000000000000000e+00 2.488046226841043179e-02 8.128202071751820801e-04 0.000000000000000000e+00 0.000000000000000000e+00 1.320000000000000000e+02 0.000000000000000000e+00 1.000000000000000000e+00 0.000000000000000000e+00
0.000000000000000000e+00 6.600000000000000000e+01 9.160000000000000142e+00 0.000000000000000000e+00 3.811782599606463456e-02 7.671594830807003385e-04 0.000000000000000000e+00 0.000000000000000000e+00 1.320000000000000000e+02 0.000000000000000000e+00 1.000000000000000000e+00 0.000000000000000000e+00
0.000000000000000000e+00 6.600000000000000000e+01 9.169999999999999929e+00 0.000000000000000000e+00 5.138666633446743043e-02 7.105821292600414396e-04 0.000000000000000000e+00 0.000000000000000000e+00 1.320000000000000000e+02 0.000000000000000000e+00 1.000000000000000000e+00 0.000000000000000000e+00
0.000000000000000000e+00 6.600000000000000000e+01 9.179999999999999716e+00 0.000000000000000000e+00 6.469206414901407243e-02 6.454645094590861359e-04 0.000000000000000000e+00 0.000000000000000000e+00 1.320000000000000000e+02 0.000000000000000000e+00 1.000000000000000000e+00 0.000000000000000000e+00
0.000000000000000000e+00 6.600000000000000000e+01 9.189999999999999503e+00 0.000000000000000000e+00 7.803911430358145829e-02 5.743244978323154906e-04 0.000000000000000000e+00 0.000000000000000000e+00 1.320000000000000000e+02 0.000000000000000000e+00 1.000000000000000000e+00 0.000000000000000000e+00
0.000000000000000000e+00 6.600000000000000000e+01 9.199999999999999289e+00 0.000000000000000000e+00 9.143292761143814729e-02 4.997455531308035367e-04 0.000000000000000000e+00 0.000000000000000000e+00 1.320000000000000000e+02 0.000000000000000000e+00 1.000000000000000000e+00 0.000000000000000000e+00
0.000000000000000000e+00 6.600000000000000000e+01 9.210000000000000853e+00 0.000000000000000000e+00 1.048786327922621164e-01 4.242988242082012910e-04 0.000000000000000000e+00 0.000000000000000000e+00 1.320000000000000000e+02 0.000000000000000000e+00 1.000000000000000000e+00 0.000000000000000000e+00
0.000000000000000000e+00 6.600000000000000000e+01 9.220000000000000639e+00 0.000000000000000000e+00 1.183813784360150945e-01 3.504611230070475182e-04 0.000000000000000000e+00 0.000000000000000000e+00 1.320000000000000000e+02 0.000000000000000000e+00 1.000000000000000000e+00 0.000000000000000000e+00
0.000000000000000000e+00 6.600000000000000000e+01 9.230000000000000426e+00 0.000000000000000000e+00 1.319463349744253167e-01 2.805272927110177839e-04 0.000000000000000000e+00 0.000000000000000000e+00 1.320000000000000000e+02 0.000000000000000000e+00 1.000000000000000000e+00 0.000000000000000000e+00
0.000000000000000000e+00 6.600000000000000000e+01 9.240000000000000213e+00 0.000000000000000000e+00 1.455786966608342559e-01 2.165166544049498647e-04 0.000000000000000000e+00 0.000000000000000000e+00 1.320000000000000000e+02 0.000000000000000000e+00 1.000000000000000000e+00 0.000000000000000000e+00
0.000000000000000000e+00 6.600000000000000000e+01 9.250000000000000000e+00 0.000000000000000000e+00 1.592836835591648903e-01 1.600750854314249294e-04 0.000000000000000000e+00 0.000000000000000000e+00 1.320000000000000000e+02 0.000000000000000000e+00 1.000000000000000000e+00 0.000000000000000000e+00
0.000000000000000000e+00 6.600000000000000000e+01 9.259999999999999787e+00 0.000000000000000000e+00 1.730665435427730381e-01 1.123771873194996315e-04 0.000000000000000000e+00 0.000000000000000000e+00 1.320000000000000000e+02 0.000000000000000000e+00 1.000000000000000000e+00 0.000000000000000000e+00
0.000000000000000000e+00 6.600000000000000000e+01 9.269999999999999574e+00 0.000000000000000000e+00 1.869325543039478954e-01 7.403727387100247827e-05 0.000000000000000000e+00 0.000000000000000000e+00 1.320000000000000000e+02 0.000000000000000000e+00 1.000000000000000000e+00 0.000000000000000000e+00
0.000000000000000000e+00 6.600000000000000000e+01 9.279999999999999361e+00 0.000000000000000000e+00 2.008870253748302470e-01 4.504371415486570565e-05 0.000000000000000000e+00 0.000000000000000000e+00 1.320000000000000000e+02 0.000000000000000000e+00 1.000000000000000000e+00 0.000000000000000000e+00
0.000000000000000000e+00 6.600000000000000000e+01 9.289999999999999147e+00 0.000000000000000000e+00 2.149353001605229241e-01 2.473804910188597472e-05 0.000000000000000000e+00 0.000000000000000000e+00 1.320000000000000000e+02 0.000000000000000000e+00 1.000000000000000000e+00 0.000000000000000000e+00
0.000000000000000000e+00 6.600000000000000000e+01 9.300000000000000711e+00 0.000000000000000000e+00 2.290827579851721363e-01 1.186628021979381866e-05 0.000000000000000000e+00 0.000000000000000000e+00 1.320000000000000000e+02 0.000000000000000000e+00 1.000000000000000000e+00 0.000000000000000000e+00
0.000000000000000000e+00 6.600000000000000000e+01 9.310000000000000497e+00 0.000000000000000000e+00 2.433348161518022468e-01 4.729756210239706286e-06 0.000000000000000000e+00 0.000000000000000000e+00 1.320000000000000000e+02 0.000000000000000000e+00 1.000000000000000000e+00 0.000000000000000000e+00
0.000000000000000000e+00 6.600000000000000000e+01 9.320000000000000284e+00 0.000000000000000000e+00 2.576969320166931920e-01 1.447468784557577609e-06 0.000000000000000000e+00 0.000000000000000000e+00 1.320000000000000000e+02 0.000000000000000000e+00 1.000000000000000000e+00 0.000000000000000000e+00
0.000000000000000000e+00 6.600000000000000000e+01 9.330000000000000071e+00 0.000000000000000000e+00 2.721746050790960769e-01 2.976025071874503034e-07 0.000000000000000000e+00 0.000000000000000000e+00 1.320000000000000000e+02 0.000000000000000000e+00 1.000000000000000000e+00 0.000000000000000000e+00
0.000000000000000000e+00 6.600000000000000000e+01 9.339999999999999858e+00 0.000000000000000000e+00 2.867733790870846122e-01 3.216656021465415459e-08 0.000000000000000000e+00 0.000000000000000000e+00 1.320000000000000000e+02 0.000000000000000000e+00 1.000000000000000000e+00 0.000000000000000000e+00
0.000000000000000000e+00 6.600000000000000000e+01 9.349999999999999645e+00 0.000000000000000000e+00 3.014988441603513314e-01 1.101490540824060089e-09 0.000000000000000000e+00 0.000000000000000000e+00 1.320000000000000000e+02 0.000000000000000000e+00 1.000000000000000000e+00 0.000000000000000000e+00
0.000000000000000000e+00 6.600000000000000000e+01 9.359999999999999432e+00 0.000000000000000000e+00 3.163566389307595483e-01 3.434117677476767155e-12 0.000000000000000000e+00 0.000000000000000000e+00 1.320000000000000000e+02 0.000000000000000000e+00 1.000000000000000000e+00 0.000000000000000000e+00
0.000000000000000000e+00 6.600000000000000000e+01 9.369999999999999218e+00 0.000000000000000000e+00 3.313524527014717891e-01 1.533923625229648082e-17 0.000000000000000000e+00 0.000000000000000000e+00 1.320000000000000000e+02 0.000000000000000000e+00 1.000000000000000000e+00 0.000000000000000000e+00
0.000000000000000000e+00 6.600000000000000000e+01 9.380000000000000782e+00 0.000000000000000000e+00 3.464920276254809250e-01 8.325763413251288042e-38 1.000000000000000000e+00 1.000000000000000000e+00 1.320000000000000000e+02 0.000000000000000000e+00 1.000000000000000000e+00 0.000000000000000000e+00
0.000000000000000000e+00 6.600000000000000000e+01 9.390000000000000568e+00 0.000000000000000000e+00 3.375041887284875863e-01 1.397484490286560785e-17 0.000000000000000000e+00 0.000000000000000000e+00 1.320000000000000000e+02 0.000000000000000000e+00 1.000000000000000000e+00 0.000000000000000000e+00
0.000000000000000000e+00 6.600000000000000000e+01 9.400000000000000355e+00 0.000000000000000000e+00 3.286624665894939401e-01 3.096056361932972898e-12 0.000000000000000000e+00 0.000000000000000000e+00 1.320000000000000000e+02 0.000000000000000000e+00 1.000000000000000000e+00 0.000000000000000000e+00
0.000000000000000000e+00 6.600000000000000000e+01 9.410000000000000142e+00 0.000000000000000000e+00 3.199634755622110527e-01 9.928656837853537349e-10 0.000000000000000000e+00 0.000000000000000000e+00 1.320000000000000000e+02 0.000000000000000000e+00 1.000000000000000000e+00 0.000000000000000000e+00
0.000000000000000000e+00 6.600000000000000000e+01 9.419999999999999929e+00 0.000000000000000000e+00 3.114038846545279515e-01 2.909221187019514704e-08 0.000000000000000000e+00 0.000000000000000000e+00 1.320000000000000000e+02 0.000000000000000000e+00 1.000000000000000000e+00 0.000000000000000000e+00
0.000000000000000000e+00 6.600000000000000000e+01 9.429999999999999716e+00 0.000000000000000000e+00 3.029804162530189693e-01 2.706063692454846765e-07 0.000000000000000000e+00 0.000000000000000000e+00 1.320000000000000000e+02 0.000000000000000000e+00 1.000000000000000000e+00 0.000000000000000000e+00
0.000000000000000000e+00 6.600000000000000000e+01 9.439999999999999503e+00 0.000000000000000000e+00 2.946898448678883509e-01 1.325220365769216565e-06 0.000000000000000000e+00 0.000000000000000000e+00 1.320000000000000000e+02 0.000000000000000000e+00 1.000000000000000000e+00 0.000000000000000000e+00
0.000000000000000000e+00 6.600000000000000000e+01 9.449999999999999289e+00 0.000000000000000000e+00 2.865289958978761153e-01 4.365839955597090438e-06 0.000000000000000000e+00 0.000000000000000000e+00 1.320000000000000000e+02 0.000000000000000000e+00 1.000000000000000000e+00 0.000000000000000000e+00
0.000000000000000000e+00 6.600000000000000000e+01 9.460000000000000853e+00 0.000000000000000000e+00 2.784947444146486650e-01 1.105729943327908799e-05 0.000000000000000000e+00 0.000000000000000000e+00 1.320000000000000000e+02 0.000000000000000000e+00 1.000000000000000000e+00 0.000000000000000000e+00
0.000000000000000000e+00 6.600000000000000000e+01 9.470000000000000639e+00 0.000000000000000000e+00 2.705840139662102906e-01 2.330087493281361504e-05 0.000000000000000000e+00 0.000000000000000000e+00 1.320000000000000000e+02 0.000000000000000000e+00 1.000000000000000000e+00 0.000000000000000000e+00
0.000000000000000000e+00 6.600000000000000000e+01 9.480000000000000426e+00 0.000000000000000000e+00 2.627937753988773828e-01 4.294470460969378005e-05 0.000000000000000000e+00 0.000000000000000000e+00 1.320000000000000000e+02 0.000000000000000000e+00 1.000000000000000000e+00 0.000000000000000000e+00
0.000000000000000000e+00 6.600000000000000000e+01 9.490000000000000213e+00 0.000000000000000000e+00 2.551210456973639906e-01 7.155391892788476489e-05 0.000000000000000000e+00 0.000000000000000000e+00 1.320000000000000000e+02 0.000000000000000000e+00 1.000000000000000000e+00 0.000000000000000000e+00
0.000000000000000000e+00 6.600000000000000000e+01 9.500000000000000000e+00 0.000000000000000000e+00 2.475628868425338025e-01 1.102711026321604761e-04 0.000000000000000000e+00 0.000000000000000000e+00 1.320000000000000000e+02 0.000000000000000000e+00 1.000000000000000000e+00 0.000000000000000000e+00
0.000000000000000000e+00 6.600000000000000000e+01 9.509999999999999787e+00 0.000000000000000000e+00 2.401164046863832335e-01 1.597592685663024297e-04 0.000000000000000000e+00 0.000000000000000000e+00 1.320000000000000000e+02 0.000000000000000000e+00 1.000000000000000000e+00 0.000000000000000000e+00
0.000000000000000000e+00 6.600000000000000000e+01 9.519999999999999574e+00 0.000000000000000000e+00 2.327787478438219093e-01 2.202052554291632908e-04 0.000000000000000000e+00 0.000000000000000000e+00 1.320000000000000000e+02 0.000000000000000000e+00 1.000000000000000000e+00 0.000000000000000000e+00
0.000000000000000000e+00 6.600000000000000000e+01 9.529999999999999361e+00 0.000000000000000000e+00 2.255471066008295500e-01 2.913607713176582376e-04 0.000000000000000000e+00 0.000000000000000000e+00 1.320000000000000000e+02 0.000000000000000000e+00 1.000000000000000000e+00 0.000000000000000000e+00
0.000000000000000000e+00 6.600000000000000000e+01 9.539999999999999147e+00 0.000000000000000000e+00 2.184187118385677029e-01 3.726029244949364237e-04 0.000000000000000000e+00 0.000000000000000000e+00 1.320000000000000000e+02 0.000000000000000000e+00 1.000000000000000000e+00 0.000000000000000000e+00
0.000000000000000000e+00 6.600000000000000000e+01 9.550000000000000711e+00 0.000000000000000000e+00 2.113908339730376507e-01 4.630016401705018894e-04 0.000000000000000000e+00 0.000000000000000000e+00 1.320000000000000000e+02 0.000000000000000000e+00 1.000000000000000000e+00 0.000000000000000000e+00
0.000000000000000000e+00 6.600000000000000000e+01 9.560000000000000497e+00 0.000000000000000000e+00 2.044607819098753498e-01 5.613861011041949844e-04 0.000000000000000000e+00 0.000000000000000000e+00 1.320000000000000000e+02 0.000000000000000000e+00 1.000000000000000000e+00 0.000000000000000000e+00
0.000000000000000000e+00 6.600000000000000000e+01 9.570000000000000284e+00 0.000000000000000000e+00 1.976259020138860789e-01 6.664058381130556416e-04 0.000000000000000000e+00 0.000000000000000000e+00 1.320000000000000000e+02 0.000000000000000000e+00 1.000000000000000000e+00 0.000000000000000000e+00
0.000000000000000000e+00 6.600000000000000000e+01 9.580000000000000071e+00 0.000000000000000000e+00 1.908835770929220854e-01 7.765844420953892449e-04 0.000000000000000000e+00 0.000000000000000000e+00 1.320000000000000000e+02 0.000000000000000000e+00 1.000000000000000000e+00 0.000000000000000000e+00
0.000000000000000000e+00 6.600000000000000000e+01 9.589999999999999858e+00 0.000000000000000000e+00 1.842312253957146817e-01 8.903653366708133565e-04 0.000000000000000000e+00 0.000000000000000000e+00 1.320000000000000000e+02 0.000000000000000000e+00 1.000000000000000000e+00 0.000000000000000000e+00
0.000000000000000000e+00 6.600000000000000000e+01 9.599999999999999645e+00 0.000000000000000000e+00 1.776662996232783176e-01 1.006149902764008966e-03 0.000000000000000000e+00 0.000000000000000000e+00 1.320000000000000000e+02 0.000000000000000000e+00 1.000000000000000000e+00 0.000000000000000000e+00
0.000000000000000000e+00 6.600000000000000000e+01 9.609999999999999432e+00 0.000000000000000000e+00 1.711862859535056014e-01 1.122328693669082805e-03 0.000000000000000000e+00 0.000000000000000000e+00 1.320000000000000000e+02 0.000000000000000000e+00 1.000000000000000000e+00 0.000000000000000000e+00
0.000000000000000000e+00 6.600000000000000000e+01 9.619999999999999218e+00 0.000000000000000000e+00 1.647887030785824825e-01 1.237306673286876421e-03 0.000000000000000000e+00 0.000000000000000000e+00 1.320000000000000000e+02 0.000000000000000000e+00 1.000000000000000000e+00 0.000000000000000000e+00
0.000000000000000000e+00 6.600000000000000000e+01 9.630000000000000782e+00 0.000000000000000000e+00 1.584711012548528919e-01 1.349523454656706423e-03 0.000000000000000000e+00 0.000000000000000000e+00 1.320000000000000000e+02 0.000000000000000000e+00 1.000000000000000000e+00 0.000000000000000000e+00
0.000000000000000000e+00 6.600000000000000000e+01 9.640000000000000568e+00 0.000000000000000000e+00 1.522310613647699928e-01 1.457469477836497232e-03 0.000000000000000000e+00 0.000000000000000000e+00 1.320000000000000000e+02 0.000000000000000000e+00 1.000000000000000000e+00 0.000000000000000000e+00
0.000000000000000000e+00 6.600000000000000000e+01 9.650000000000000355e+00 0.000000000000000000e+00 1.460661939905750217e-01 1.559698987741326218e-03 0.000000000000000000e+00 0.000000000000000000e+00 1.320000000000000000e+02 0.000000000000000000e+00 1.000000000000000000e+00 0.000000000000000000e+00
0.000000000000000000e+00 6.600000000000000000e+01 9.660000000000000142e+00 0.000000000000000000e+00 1.399741384993482829e-01 1.654840579108838444e-03 0.000000000000000000e+00 0.000000000000000000e+00 1.320000000000000000e+02 0.000000000000000000e+00 1.000000000000000000e+00 0.000000000000000000e+00
0.000000000000000000e+00 6.600000000000000000e+01 9.669999999999999929e+00 0.000000000000000000e+00 1.339525621390826315e-01 1.741605981889772850e-03 0.000000000000000000e+00 0.000000000000000000e+00 1.320000000000000000e+02 0.000000000000000000e+00 1.000000000000000000e+00 0.000000000000000000e+00
0.000000000000000000e+00 6.600000000000000000e+01 9.679999999999999716e+00 0.000000000000000000e+00 1.279991591454329170e-01 1.818797673827201103e-03 0.000000000000000000e+00 0.000000000000000000e+00 1.320000000000000000e+02 0.000000000000000000e+00 1.000000000000000000e+00 0.000000000000000000e+00
0.000000000000000000e+00 6.600000000000000000e+01 9.689999999999999503e+00 0.000000000000000000e+00 1.221116498587992705e-01 1.885315831380173293e-03 0.000000000000000000e+00 0.000000000000000000e+00 1.320000000000000000e+02 0.000000000000000000e+00 1.000000000000000000e+00 0.000000000000000000e+00
0.000000000000000000e+00 6.600000000000000000e+01 9.699999999999999289e+00 0.000000000000000000e+00 1.162877798514070082e-01 1.940165066551124626e-03 0.000000000000000000e+00 0.000000000000000000e+00 1.320000000000000000e+02 0.000000000000000000e+00 1.000000000000000000e+00 0.000000000000000000e+00
0.000000000000000000e+00 6.600000000000000000e+01 9.710000000000000853e+00 0.000000000000000000e+00 1.105253190640471395e-01 1.982461345185140486e-03 0.000000000000000000e+00 0.000000000000000000e+00 1.320000000000000000e+02 0.000000000000000000e+00 1.000000000000000000e+00 0.000000000000000000e+00
0.000000000000000000e+00 6.600000000000000000e+01 9.720000000000000639e+00 0.000000000000000000e+00 1.048220609521490765e-01 2.011439440619955735e-03 0.000000000000000000e+00 0.000000000000000000e+00 1.320000000000000000e+02 0.000000000000000000e+00 1.000000000000000000e+00 0.000000000000000000e+00
0.000000000000000000e+00 6.600000000000000000e+01 9.730000000000000426e+00 0.000000000000000000e+00 9.917582164085705920e-02 2.026461243250662903e-03 0.000000000000000000e+00 0.000000000000000000e+00 1.320000000000000000e+02 0.000000000000000000e+00 1.000000000000000000e+00 0.000000000000000000e+00
0.000000000000000000e+00 6.600000000000000000e+01 9.740000000000000213e+00 0.000000000000000000e+00 9.358443908878691375e-02 2.027025219168658923e-03 0.000000000000000000e+00 0.000000000000000000e+00 1.320000000000000000e+02 0.000000000000000000e+00 1.000000000000000000e+00 0.000000000000000000e+00
0.000000000000000000e+00 6.600000000000000000e+01 9.750000000000000000e+00 0.000000000000000000e+00 8.804577226014381752e-02 2.012777286419555056e-03 0.000000000000000000e+00 0.000000000000000000e+00 1.320000000000000000e+02 0.000000000000000000e+00 1.000000000000000000e+00 0.000000000000000000e+00
0.000000000000000000e+00 6.600000000000000000e+01 9.759999999999999787e+00 0.000000000000000000e+00 8.255770030488293609e-02 1.983523351559560166e-03 0.000000000000000000e+00 0.000000000000000000e+00 1.320000000000000000e+02 0.000000000000000000e+00 1.000000000000000000e+00 0.000000000000000000e+00
0.000000000000000000e+00 6.600000000000000000e+01 9.769999999999999574e+00 0.000000000000000000e+00 7.711812174659990471e-02 1.939243716648907101e-03 0.000000000000000000e+00 0.000000000000000000e+00 1.320000000000000000e+02 0.000000000000000000e+00 1.000000000000000000e+00 0.000000000000000000e+00
0.000000000000000000e+00 6.600000000000000000e+01 9.779999999999999361e+00 0.000000000000000000e+00 7.172495367783957021e-02 1.880109520072194979e-03 0.000000000000000000e+00 0.000000000000000000e+00 1.320000000000000000e+02 0.000000000000000000e+00 1.000000000000000000e+00 0.000000000000000000e+00
0.000000000000000000e+00 6.600000000000000000e+01 9.789999999999999147e+00 0.000000000000000000e+00 6.637613096251518408e-02 1.806501302948385415e-03 0.000000000000000000e+00 0.000000000000000000e+00 1.320000000000000000e+02 0.000000000000000000e+00 1.000000000000000000e+00 0.000000000000000000e+00
0.000000000000000000e+00 6.600000000000000000e+01 9.800000000000000711e+00 0.000000000000000000e+00 6.106960544513265893e-02 1.719029681036869650e-03 0.000000000000000000e+00 0.000000000000000000e+00 1.320000000000000000e+02 0.000000000000000000e+00 1.000000000000000000e+00 0.000000000000000000e+00
0.000000000000000000e+00 6.600000000000000000e+01 9.810000000000000497e+00 0.000000000000000000e+00 5.580334516651667270e-02 1.618557927761535634e-03 0.000000000000000000e+00 0.000000000000000000e+00 1.320000000000000000e+02 0.000000000000000000e+00 1.000000000000000000e+00 0.000000000000000000e+00
0.000000000000000000e+00 6.600000000000000000e+01 9.820000000000000284e+00 0.000000000000000000e+00 5.057533358573900600e-02 1.506226005120221353e-03 0.000000000000000000e+00 0.000000000000000000e+00 1.320000000000000000e+02 0.000000000000000000e+00 1.000000000000000000e+00 0.000000000000000000e+00
0.000000000000000000e+00 6.600000000000000000e+01 9.830000000000000071e+00 0.000000000000000000e+00 4.538356880795055975e-02 1.383475169479952971e-03 0.000000000000000000e+00 0.000000000000000000e+00 1.320000000000000000e+02 0.000000000000000000e+00 1.000000000000000000e+00 0.000000000000000000e+00
0.000000000000000000e+00 6.600000000000000000e+01 9.839999999999999858e+00 0.000000000000000000e+00 4.022606281782153265e-02 1.252071662365156213e-03 0.000000000000000000e+00 0.000000000000000000e+00 1.320000000000000000e+02 0.000000000000000000e+00 1.000000000000000000e+00 0.000000000000000000e+00
0.000000000000000000e+00 6.600000000000000000e+01 9.849999999999999645e+00 0.000000000000000000e+00 3.510084071829671498e-02 1.114127079276341914e-03 0.000000000000000000e+00 0.000000000000000000e+00 1.320000000000000000e+02 0.000000000000000000e+00 1.000000000000000000e+00 0.000000000000000000e+00
0.000000000000000000e+00 6.600000000000000000e+01 9.859999999999999432e+00 0.000000000000000000e+00 3.000593997437341759e-02 9.721116651686513913e-04 0.000000000000000000e+00 0.000000000000000000e+00 1.320000000000000000e+02 0.000000000000000000e+00 1.000000000000000000e+00 0.000000000000000000e+00
0.000000000000000000e+00 6.600000000000000000e+01 9.869999999999999218e+00 0.000000000000000000e+00 2.493940966161346112e-02 8.288548481802235010e-04 0.000000000000000000e+00 0.000000000000000000e+00 1.320000000000000000e+02 0.000000000000000000e+00 1.000000000000000000e+00 0.000000000000000000e+00
0.000000000000000000e+00 6.600000000000000000e+01 9.880000000000000782e+00 0.000000000000000000e+00 1.989930971910087304e-02 6.875245987888788449e-04 0.000000000000000000e+00 0.000000000000000000e+00 1.320000000000000000e+02 0.000000000000000000e+00 1.000000000000000000e+00 0.000000000000000000e+00
0.000000000000000000e+00 6.600000000000000000e+01 9.890000000000000568e+00 0.000000000000000000e+00 1.488371020655949312e-02 5.515735104534239680e-04 0.000000000000000000e+00 0.000000000000000000e+00 1.320000000000000000e+02 0.000000000000000000e+00 1.000000000000000000e+00 0.000000000000000000e+00
0.000000000000000000e+00 6.600000000000000000e+01 9.900000000000000355e+00 0.000000000000000000e+00 9.890690565345902630e-03 4.246348111869168059e-04 0.000000000000000000e+00 0.000000000000000000e+00 1.320000000000000000e+02 0.000000000000000000e+00 1.000000000000000000e+00 0.000000000000000000e+00
0.000000000000000000e+00 6.600000000000000000e+01 9.910000000000000142e+00 0.000000000000000000e+00 4.918338883034716058e-03 3.103463004356706717e-04 0.000000000000000000e+00 0.000000000000000000e+00 1.320000000000000000e+02 0.000000000000000000e+00 1.000000000000000000e+00 0.000000000000000000e+00
0.000000000000000000e+00 6.600000000000000000e+01 9.919999999999999929e+00 0.000000000000000000e+00 -3.524883868526174080e-05 2.120762286863630934e-04 0.000000000000000000e+00 0.000000000000000000e+00 1.320000000000000000e+02 0.000000000000000000e+00 1.000000000000000000e+00 0.000000000000000000e+00
0.000000000000000000e+00 6.600000000000000000e+01 9.929999999999999716e+00 0.000000000000000000e+00 -4.971969413084566247e-03 1.325271897903716918e-04 0.000000000000000000e+00 0.000000000000000000e+00 1.320000000000000000e+02 0.000000000000000000e+00 1.000000000000000000e+00 0.000000000000000000e+00
0.000000000000000000e+00 6.600000000000000000e+01 9.939999999999999503e+00 0.000000000000000000e+00 -9.893713194715152148e-03 7.321329273328263353e-05 0.000000000000000000e+00 0.000000000000000000e+00 1.320000000000000000e+02 0.000000000000000000e+00 1.000000000000000000e+00 0.000000000000000000e+00
0.000000000000000000e+00 6.600000000000000000e+01 9.949999999999999289e+00 0.000000000000000000e+00 -1.480236480325945042e-02 3.386451228509209993e-05 0.000000000000000000e+00 0.000000000000000000e+00 1.320000000000000000e+02 0.000000000000000000e+00 1.000000000000000000e+00 0.000000000000000000e+00
0.000000000000000000e+00 6.600000000000000000e+01 9.960000000000000853e+00 0.000000000000000000e+00 -1.969980384518341815e-02 1.194477223849768253e-05 0.000000000000000000e+00 0.000000000000000000e+00 1.320000000000000000e+02 0.000000000000000000e+00 1.000000000000000000e+00 0.000000000000000000e+00
0.000000000000000000e+00 6.600000000000000000e+01 9.970000000000000639e+00 0.000000000000000000e+00 -2.458790563346989477e-02 2.693624545051535521e-06 0.000000000000000000e+00 0.000000000000000000e+00 1.320000000000000000e+02 0.000000000000000000e+00 1.000000000000000000e+00 0.000000000000000000e+00
0.000000000000000000e+00 6.600000000000000000e+01 9.980000000000000426e+00 0.000000000000000000e+00 -2.946854190570797477e-02 2.658265619011822392e-07 0.000000000000000000e+00 0.000000000000000000e+00 1.320000000000000000e+02 0.000000000000000000e+00 1.000000000000000000e+00 0.000000000000000000e+00
0.000000000000000000e+00 6.600000000000000000e+01 9.990000000000000213e+00 0.000000000000000000e+00 -3.434358154081326026e-02 4.224394627206111326e-09 0.000000000000000000e+00 0.000000000000000000e+00 1.320000000000000000e+02 0.000000000000000000e+00 1.000000000000000000e+00 0.000000000000000000e+00
0.000000000000000000e+00 6.600000000000000000e+01 1.000000000000000000e+01 0.000000000000000000e+00 -3.921489127465348223e-02 2.350892177866945738e-13 0.000000000000000000e+00 0.000000000000000000e+00 1.320000000000000000e+02 0.000000000000000000e+00 1.000000000000000000e+00 0.000000000000000000e+00
