macrorep i x y cond_mean cei lf hf maxcei x_star lf_next hf_next
0.000000000000000000e+00 5.320000000000000000e+02 1.000000000000000021e-02 0.000000000000000000e+00 -4.939918463588491293e-02 6.590838703093885987e-14 0.000000000000000000e+00 0.000000000000000000e+00 7.920000000000000000e+02 0.000000000000000000e+00 0.000000000000000000e+00 1.000000000000000000e+00
0.000000000000000000e+00 5.320000000000000000e+02 2.000000000000000042e-02 0.000000000000000000e+00 -5.471606800299681772e-02 9.185817416603108071e-09 0.000000000000000000e+00 0.000000000000000000e+00 7.920000000000000000e+02 0.000000000000000000e+00 0.000000000000000000e+00 1.000000000000000000e+00
0.000000000000000000e+00 5.320000000000000000e+02 2.999999999999999889e-02 0.000000000000000000e+00 -6.003702244156192830e-02 7.350024854482881294e-07 0.000000000000000000e+00 0.000000000000000000e+00 7.920000000000000000e+02 0.000000000000000000e+00 0.000000000000000000e+00 1.000000000000000000e+00
0.000000000000000000e+00 5.320000000000000000e+02 4.000000000000000083e-02 0.000000000000000000e+00 -6.536408543583566155e-02 7.476395582414570502e-06 0.000000000000000000e+00 0.000000000000000000e+00 7.920000000000000000e+02 0.000000000000000000e+00 0.000000000000000000e+00 1.000000000000000000e+00
0.000000000000000000e+00 5.320000000000000000e+02 5.000000000000000278e-02 0.000000000000000000e+00 -7.069929680914363579e-02 3.176620794732116712e-05 0.000000000000000000e+00 0.000000000000000000e+00 7.920000000000000000e+02 0.000000000000000000e+00 0.000000000000000000e+00 1.000000000000000000e+00
0.000000000000000000e+00 5.320000000000000000e+02 6.000000000000000472e-02 0.000000000000000000e+00 -7.604469950496492436e-02 8.556995554444431738e-05 0.000000000000000000e+00 0.000000000000000000e+00 7.920000000000000000e+02 0.000000000000000000e+00 0.000000000000000000e+00 1.000000000000000000e+00
0.000000000000000000e+00 5.320000000000000000e+02 6.999999999999999278e-02 0.000000000000000000e+00 -8.140234036920981908e-02 1.758906673597849992e-04 0.000000000000000000e+00 0.000000000000000000e+00 7.920000000000000000e+02 0.000000000000000000e+00 0.000000000000000000e+00 1.000000000000000000e+00
0.000000000000000000e+00 5.320000000000000000e+02 8.000000000000000167e-02 0.000000000000000000e+00 -8.677427093399217584e-02 3.034601000827200773e-04 0.000000000000000000e+00 0.000000000000000000e+00 7.920000000000000000e+02 0.000000000000000000e+00 0.000000000000000000e+00 1.000000000000000000e+00
0.000000000000000000e+00 5.320000000000000000e+02 8.999999999999999667e-02 0.000000000000000000e+00 -9.216254820319605412e-02 4.638714857377402093e-04 0.000000000000000000e+00 0.000000000000000000e+00 7.920000000000000000e+02 0.000000000000000000e+00 0.000000000000000000e+00 1.000000000000000000e+00
0.000000000000000000e+00 5.320000000000000000e+02 9.999999999999999167e-02 0.000000000000000000e+00 -9.756923544013754168e-02 6.493471845523965738e-04 0.000000000000000000e+00 0.000000000000000000e+00 7.920000000000000000e+02 0.000000000000000000e+00 0.000000000000000000e+00 1.000000000000000000e+00
0.000000000000000000e+00 5.320000000000000000e+02 1.100000000000000006e-01 0.000000000000000000e+00 -1.029964029576235784e-01 8.503118229802771044e-04 0.000000000000000000e+00 0.000000000000000000e+00 7.920000000000000000e+02 0.000000000000000000e+00 0.000000000000000000e+00 1.000000000000000000e+00
0.000000000000000000e+00 5.320000000000000000e+02 1.199999999999999956e-01 0.000000000000000000e+00 -1.084461289107100379e-01 1.056554675960495390e-03 0.000000000000000000e+00 0.000000000000000000e+00 7.920000000000000000e+02 0.000000000000000000e+00 0.000000000000000000e+00 1.000000000000000000e+00
0.000000000000000000e+00 5.320000000000000000e+02 1.300000000000000044e-01 0.000000000000000000e+00 -1.139205000924626288e-01 1.258010963185066805e-03 0.000000000000000000e+00 0.000000000000000000e+00 7.920000000000000000e+02 0.000000000000000000e+00 0.000000000000000000e+00 1.000000000000000000e+00
0.000000000000000000e+00 5.320000000000000000e+02 1.400000000000000133e-01 0.000000000000000000e+00 -1.194216127330258170e-01 1.445257332053537583e-03 0.000000000000000000e+00 0.000000000000000000e+00 7.920000000000000000e+02 0.000000000000000000e+00 0.000000000000000000e+00 1.000000000000000000e+00
0.000000000000000000e+00 5.320000000000000000e+02 1.500000000000000222e-01 0.000000000000000000e+00 -1.249515733023048858e-01 1.609815176768723474e-03 0.000000000000000000e+00 0.000000000000000000e+00 7.920000000000000000e+02 0.000000000000000000e+00 0.000000000000000000e+00 1.000000000000000000e+00
0.000000000000000000e+00 5.320000000000000000e+02 1.600000000000000033e-01 0.000000000000000000e+00 -1.305124993165693859e-01 1.744335693195290735e-03 0.000000000000000000e+00 0.000000000000000000e+00 7.920000000000000000e+02 0.000000000000000000e+00 0.000000000000000000e+00 1.000000000000000000e+00
0.000000000000000000e+00 5.320000000000000000e+02 1.700000000000000122e-01 0.000000000000000000e+00 -1.361065201492860643e-01 1.842720336442596821e-03 0.000000000000000000e+00 0.000000000000000000e+00 7.920000000000000000e+02 0.000000000000000000e+00 0.000000000000000000e+00 1.000000000000000000e+00
0.000000000000000000e+00 5.320000000000000000e+02 1.800000000000000211e-01 0.000000000000000000e+00 -1.417357778464925222e-01 1.900214481739805061e-03 0.000000000000000000e+00 0.000000000000000000e+00 7.920000000000000000e+02 0.000000000000000000e+00 0.000000000000000000e+00 1.000000000000000000e+00
0.000000000000000000e+00 5.320000000000000000e+02 1.900000000000000022e-01 0.000000000000000000e+00 -1.474024279470230459e-01 1.913500886924318981e-03 0.000000000000000000e+00 0.000000000000000000e+00 7.920000000000000000e+02 0.000000000000000000e+00 0.000000000000000000e+00 1.000000000000000000e+00
0.000000000000000000e+00 5.320000000000000000e+02 2.000000000000000111e-01 0.000000000000000000e+00 -1.531086403079012226e-01 1.880811950196010010e-03 0.000000000000000000e+00 0.000000000000000000e+00 7.920000000000000000e+02 0.000000000000000000e+00 0.000000000000000000e+00 1.000000000000000000e+00
0.000000000000000000e+00 5.320000000000000000e+02 2.100000000000000200e-01 0.000000000000000000e+00 -1.588565999352152536e-01 1.802074357184676665e-03 0.000000000000000000e+00 0.000000000000000000e+00 7.920000000000000000e+02 0.000000000000000000e+00 0.000000000000000000e+00 1.000000000000000000e+00
0.000000000000000000e+00 5.320000000000000000e+02 2.200000000000000011e-01 0.000000000000000000e+00 -1.646485078207941266e-01 1.679094945216536017e-03 0.000000000000000000e+00 0.000000000000000000e+00 7.920000000000000000e+02 0.000000000000000000e+00 0.000000000000000000e+00 1.000000000000000000e+00
0.000000000000000000e+00 5.320000000000000000e+02 2.300000000000000100e-01 0.000000000000000000e+00 -1.704865817850047260e-01 1.515790430435429853e-03 0.000000000000000000e+00 0.000000000000000000e+00 7.920000000000000000e+02 0.000000000000000000e+00 0.000000000000000000e+00 1.000000000000000000e+00
0.000000000000000000e+00 5.320000000000000000e+02 2.400000000000000189e-01 0.000000000000000000e+00 -1.763730573259934542e-01 1.318452826502154382e-03 0.000000000000000000e+00 0.000000000000000000e+00 7.920000000000000000e+02 0.000000000000000000e+00 0.000000000000000000e+00 1.000000000000000000e+00
0.000000000000000000e+00 5.320000000000000000e+02 2.500000000000000000e-01 0.000000000000000000e+00 -1.823101884756963553e-01 1.096021278272145752e-03 0.000000000000000000e+00 0.000000000000000000e+00 7.920000000000000000e+02 0.000000000000000000e+00 0.000000000000000000e+00 1.000000000000000000e+00
0.000000000000000000e+00 5.320000000000000000e+02 2.600000000000000089e-01 0.000000000000000000e+00 -1.883002486629464234e-01 8.602893703365532829e-04 0.000000000000000000e+00 0.000000000000000000e+00 7.920000000000000000e+02 0.000000000000000000e+00 0.000000000000000000e+00 1.000000000000000000e+00
0.000000000000000000e+00 5.320000000000000000e+02 2.700000000000000178e-01 0.000000000000000000e+00 -1.943455315840083575e-01 6.258965870858329908e-04 0.000000000000000000e+00 0.000000000000000000e+00 7.920000000000000000e+02 0.000000000000000000e+00 0.000000000000000000e+00 1.000000000000000000e+00
0.000000000000000000e+00 5.320000000000000000e+02 2.800000000000000266e-01 0.000000000000000000e+00 -2.004483520808740260e-01 4.098047835535373155e-04 0.000000000000000000e+00 0.000000000000000000e+00 7.920000000000000000e+02 0.000000000000000000e+00 0.000000000000000000e+00 1.000000000000000000e+00
0.000000000000000000e+00 5.320000000000000000e+02 2.900000000000000355e-01 0.000000000000000000e+00 -2.066110470276549815e-01 2.297153301140872350e-04 0.000000000000000000e+00 0.000000000000000000e+00 7.920000000000000000e+02 0.000000000000000000e+00 0.000000000000000000e+00 1.000000000000000000e+00
0.000000000000000000e+00 5.320000000000000000e+02 2.999999999999999889e-01 0.000000000000000000e+00 -2.128359762254112830e-01 1.005818950331627964e-04 0.000000000000000000e+00 0.000000000000000000e+00 7.920000000000000000e+02 0.000000000000000000e+00 0.000000000000000000e+00 1.000000000000000000e+00
0.000000000000000000e+00 5.320000000000000000e+02 3.099999999999999978e-01 0.000000000000000000e+00 -2.191255233057598784e-01 2.845884819159538726e-05 0.000000000000000000e+00 0.000000000000000000e+00 7.920000000000000000e+02 0.000000000000000000e+00 0.000000000000000000e+00 1.000000000000000000e+00
0.000000000000000000e+00 5.320000000000000000e+02 3.200000000000000067e-01 0.000000000000000000e+00 -2.254820966436074381e-01 3.250986927367098566e-06 0.000000000000000000e+00 0.000000000000000000e+00 7.920000000000000000e+02 0.000000000000000000e+00 0.000000000000000000e+00 1.000000000000000000e+00
0.000000000000000000e+00 5.320000000000000000e+02 3.300000000000000155e-01 0.000000000000000000e+00 -2.319081302793584987e-01 3.011734630797415395e-08 0.000000000000000000e+00 0.000000000000000000e+00 7.920000000000000000e+02 0.000000000000000000e+00 0.000000000000000000e+00 1.000000000000000000e+00
0.000000000000000000e+00 5.320000000000000000e+02 3.400000000000000244e-01 0.000000000000000000e+00 -2.384060848509510777e-01 1.415912793058723808e-16 1.000000000000000000e+00 0.000000000000000000e+00 7.920000000000000000e+02 0.000000000000000000e+00 0.000000000000000000e+00 1.000000000000000000e+00
0.000000000000000000e+00 5.320000000000000000e+02 3.500000000000000333e-01 0.000000000000000000e+00 -2.478975013398841409e-01 3.924111070922166855e-08 0.000000000000000000e+00 0.000000000000000000e+00 7.920000000000000000e+02 0.000000000000000000e+00 0.000000000000000000e+00 1.000000000000000000e+00
0.000000000000000000e+00 5.320000000000000000e+02 3.600000000000000422e-01 0.000000000000000000e+00 -2.574669613676927593e-01 4.522608893265812999e-06 0.000000000000000000e+00 0.000000000000000000e+00 7.920000000000000000e+02 0.000000000000000000e+00 0.000000000000000000e+00 1.000000000000000000e+00
0.000000000000000000e+00 5.320000000000000000e+02 3.699999999999999956e-01 0.000000000000000000e+00 -2.671181292439224197e-01 4.089381998563035650e-05 0.000000000000000000e+00 0.000000000000000000e+00 7.920000000000000000e+02 0.000000000000000000e+00 0.000000000000000000e+00 1.000000000000000000e+00
0.000000000000000000e+00 5.320000000000000000e+02 3.800000000000000044e-01 0.000000000000000000e+00 -2.768547005654476423e-01 1.472900817415532040e-04 0.000000000000000000e+00 0.000000000000000000e+00 7.920000000000000000e+02 0.000000000000000000e+00 0.000000000000000000e+00 1.000000000000000000e+00
0.000000000000000000e+00 5.320000000000000000e+02 3.900000000000000133e-01 0.000000000000000000e+00 -2.866804036315801496e-01 3.399881412408907802e-04 0.000000000000000000e+00 0.000000000000000000e+00 7.920000000000000000e+02 0.000000000000000000e+00 0.000000000000000000e+00 1.000000000000000000e+00
0.000000000000000000e+00 5.320000000000000000e+02 4.000000000000000222e-01 0.000000000000000000e+00 -2.965990008716972159e-01 6.089733980447868678e-04 0.000000000000000000e+00 0.000000000000000000e+00 7.920000000000000000e+02 0.000000000000000000e+00 0.000000000000000000e+00 1.000000000000000000e+00
0.000000000000000000e+00 5.320000000000000000e+02 4.100000000000000311e-01 0.000000000000000000e+00 -3.066142902859407826e-01 9.279704129739520940e-04 0.000000000000000000e+00 0.000000000000000000e+00 7.920000000000000000e+02 0.000000000000000000e+00 0.000000000000000000e+00 1.000000000000000000e+00
0.000000000000000000e+00 5.320000000000000000e+02 4.200000000000000400e-01 0.000000000000000000e+00 -3.167301068995361790e-01 1.264048441935445091e-03 0.000000000000000000e+00 0.000000000000000000e+00 7.920000000000000000e+02 0.000000000000000000e+00 0.000000000000000000e+00 1.000000000000000000e+00
0.000000000000000000e+00 5.320000000000000000e+02 4.299999999999999933e-01 0.000000000000000000e+00 -3.269503242312888913e-01 1.583677907849015062e-03 0.000000000000000000e+00 0.000000000000000000e+00 7.920000000000000000e+02 0.000000000000000000e+00 0.000000000000000000e+00 1.000000000000000000e+00
0.000000000000000000e+00 5.320000000000000000e+02 4.400000000000000022e-01 0.000000000000000000e+00 -3.372788557768210405e-01 1.856024979117373505e-03 0.000000000000000000e+00 0.000000000000000000e+00 7.920000000000000000e+02 0.000000000000000000e+00 0.000000000000000000e+00 1.000000000000000000e+00
0.000000000000000000e+00 5.320000000000000000e+02 4.500000000000000111e-01 0.000000000000000000e+00 -3.477196565071153378e-01 2.054682978380935679e-03 0.000000000000000000e+00 0.000000000000000000e+00 7.920000000000000000e+02 0.000000000000000000e+00 0.000000000000000000e+00 1.000000000000000000e+00
0.000000000000000000e+00 5.320000000000000000e+02 4.600000000000000200e-01 0.000000000000000000e+00 -3.582767243829414472e-01 2.158720448629383032e-03 0.000000000000000000e+00 0.000000000000000000e+00 7.920000000000000000e+02 0.000000000000000000e+00 0.000000000000000000e+00 1.000000000000000000e+00
0.000000000000000000e+00 5.320000000000000000e+02 4.700000000000000289e-01 0.000000000000000000e+00 -3.689541018857429577e-01 2.153624350566585993e-03 0.000000000000000000e+00 0.000000000000000000e+00 7.920000000000000000e+02 0.000000000000000000e+00 0.000000000000000000e+00 1.000000000000000000e+00
0.000000000000000000e+00 5.320000000000000000e+02 4.800000000000000377e-01 0.000000000000000000e+00 -3.797558775655726082e-01 2.032544835744156883e-03 0.000000000000000000e+00 0.000000000000000000e+00 7.920000000000000000e+02 0.000000000000000000e+00 0.000000000000000000e+00 1.000000000000000000e+00
0.000000000000000000e+00 5.320000000000000000e+02 4.899999999999999911e-01 0.000000000000000000e+00 -3.906861876066682893e-01 1.798174416842972939e-03 0.000000000000000000e+00 0.000000000000000000e+00 7.920000000000000000e+02 0.000000000000000000e+00 0.000000000000000000e+00 1.000000000000000000e+00
0.000000000000000000e+00 5.320000000000000000e+02 5.000000000000000000e-01 0.000000000000000000e+00 -4.017492174112677339e-01 1.465548024541721631e-03 0.000000000000000000e+00 0.000000000000000000e+00 7.920000000000000000e+02 0.000000000000000000e+00 0.000000000000000000e+00 1.000000000000000000e+00
0.000000000000000000e+00 5.320000000000000000e+02 5.100000000000000089e-01 0.000000000000000000e+00 -4.129492032022715198e-01 1.065867936450927075e-03 0.000000000000000000e+00 0.000000000000000000e+00 7.920000000000000000e+02 0.000000000000000000e+00 0.000000000000000000e+00 1.000000000000000000e+00
0.000000000000000000e+00 5.320000000000000000e+02 5.200000000000000178e-01 0.000000000000000000e+00 -4.242904336453642289e-01 6.506405560147187142e-04 0.000000000000000000e+00 0.000000000000000000e+00 7.920000000000000000e+02 0.000000000000000000e+00 0.000000000000000000e+00 1.000000000000000000e+00
0.000000000000000000e+00 5.320000000000000000e+02 5.300000000000000266e-01 0.000000000000000000e+00 -4.357772514912178763e-01 2.923888743746549078e-04 0.000000000000000000e+00 0.000000000000000000e+00 7.920000000000000000e+02 0.000000000000000000e+00 0.000000000000000000e+00 1.000000000000000000e+00
0.000000000000000000e+00 5.320000000000000000e+02 5.400000000000000355e-01 0.000000000000000000e+00 -4.474140552384058833e-01 6.886879116768185663e-05 0.000000000000000000e+00 0.000000000000000000e+00 7.920000000000000000e+02 0.000000000000000000e+00 0.000000000000000000e+00 1.000000000000000000e+00
0.000000000000000000e+00 5.320000000000000000e+02 5.500000000000000444e-01 0.000000000000000000e+00 -4.592053008176623652e-01 2.401292594301495677e-06 0.000000000000000000e+00 0.000000000000000000e+00 7.920000000000000000e+02 0.000000000000000000e+00 0.000000000000000000e+00 1.000000000000000000e+00
0.000000000000000000e+00 5.320000000000000000e+02 5.600000000000000533e-01 0.000000000000000000e+00 -4.711555032981344371e-01 1.645989451053315174e-14 1.000000000000000000e+00 1.000000000000000000e+00 7.920000000000000000e+02 0.000000000000000000e+00 0.000000000000000000e+00 1.000000000000000000e+00
0.000000000000000000e+00 5.320000000000000000e+02 5.700000000000000622e-01 0.000000000000000000e+00 -4.841253579820637976e-01 3.572511279544362704e-06 0.000000000000000000e+00 0.000000000000000000e+00 7.920000000000000000e+02 0.000000000000000000e+00 0.000000000000000000e+00 1.000000000000000000e+00
0.000000000000000000e+00 5.320000000000000000e+02 5.800000000000000711e-01 0.000000000000000000e+00 -4.972637118823522995e-01 1.091119848481852690e-04 0.000000000000000000e+00 0.000000000000000000e+00 7.920000000000000000e+02 0.000000000000000000e+00 0.000000000000000000e+00 1.000000000000000000e+00
0.000000000000000000e+00 5.320000000000000000e+02 5.899999999999999689e-01 0.000000000000000000e+00 -5.105755958989114385e-01 4.758588985080613662e-04 0.000000000000000000e+00 0.000000000000000000e+00 7.920000000000000000e+02 0.000000000000000000e+00 0.000000000000000000e+00 1.000000000000000000e+00
0.000000000000000000e+00 5.320000000000000000e+02 5.999999999999999778e-01 0.000000000000000000e+00 -5.240661073792952651e-01 1.067241567695936290e-03 0.000000000000000000e+00 0.000000000000000000e+00 7.920000000000000000e+02 0.000000000000000000e+00 0.000000000000000000e+00 1.000000000000000000e+00
0.000000000000000000e+00 5.320000000000000000e+02 6.099999999999999867e-01 0.000000000000000000e+00 -5.377404120705623347e-01 1.730982216275480864e-03 0.000000000000000000e+00 0.000000000000000000e+00 7.920000000000000000e+02 0.000000000000000000e+00 0.000000000000000000e+00 1.000000000000000000e+00
0.000000000000000000e+00 5.320000000000000000e+02 6.199999999999999956e-01 0.000000000000000000e+00 -5.516037460973278739e-01 2.305906647566781376e-03 0.000000000000000000e+00 0.000000000000000000e+00 7.920000000000000000e+02 0.000000000000000000e+00 0.000000000000000000e+00 1.000000000000000000e+00
0.000000000000000000e+00 5.320000000000000000e+02 6.300000000000000044e-01 0.000000000000000000e+00 -5.656614179667655007e-01 2.659676208454262239e-03 0.000000000000000000e+00 0.000000000000000000e+00 7.920000000000000000e+02 0.000000000000000000e+00 0.000000000000000000e+00 1.000000000000000000e+00
0.000000000000000000e+00 5.320000000000000000e+02 6.400000000000000133e-01 0.000000000000000000e+00 -5.799188106013247745e-01 2.699457228507453135e-03 0.000000000000000000e+00 0.000000000000000000e+00 7.920000000000000000e+02 0.000000000000000000e+00 0.000000000000000000e+00 1.000000000000000000e+00
0.000000000000000000e+00 5.320000000000000000e+02 6.500000000000000222e-01 0.000000000000000000e+00 -5.943813833999449514e-01 2.380925893207905958e-03 0.000000000000000000e+00 0.000000000000000000e+00 7.920000000000000000e+02 0.000000000000000000e+00 0.000000000000000000e+00 1.000000000000000000e+00
0.000000000000000000e+00 5.320000000000000000e+02 6.600000000000000311e-01 0.000000000000000000e+00 -6.090546743285510933e-01 1.729758634104464760e-03 0.000000000000000000e+00 0.000000000000000000e+00 7.920000000000000000e+02 0.000000000000000000e+00 0.000000000000000000e+00 1.000000000000000000e+00
0.000000000000000000e+00 5.320000000000000000e+02 6.700000000000000400e-01 0.000000000000000000e+00 -6.239443020406361118e-01 8.893865468008969183e-04 0.000000000000000000e+00 0.000000000000000000e+00 7.920000000000000000e+02 0.000000000000000000e+00 0.000000000000000000e+00 1.000000000000000000e+00
0.000000000000000000e+00 5.320000000000000000e+02 6.800000000000000488e-01 0.000000000000000000e+00 -6.390559680287392075e-01 1.914527661440320553e-04 0.000000000000000000e+00 0.000000000000000000e+00 7.920000000000000000e+02 0.000000000000000000e+00 0.000000000000000000e+00 1.000000000000000000e+00
0.000000000000000000e+00 5.320000000000000000e+02 6.900000000000000577e-01 0.000000000000000000e+00 -6.543954588076439371e-01 3.573201550313574832e-07 1.000000000000000000e+00 0.000000000000000000e+00 7.920000000000000000e+02 0.000000000000000000e+00 0.000000000000000000e+00 1.000000000000000000e+00
0.000000000000000000e+00 5.320000000000000000e+02 7.000000000000000666e-01 0.000000000000000000e+00 -6.653791667518009767e-01 2.713837228426993660e-04 0.000000000000000000e+00 0.000000000000000000e+00 7.920000000000000000e+02 0.000000000000000000e+00 0.000000000000000000e+00 1.000000000000000000e+00
0.000000000000000000e+00 5.320000000000000000e+02 7.100000000000000755e-01 0.000000000000000000e+00 -6.766007790887506035e-01 1.329880515371164446e-03 0.000000000000000000e+00 0.000000000000000000e+00 7.920000000000000000e+02 0.000000000000000000e+00 0.000000000000000000e+00 1.000000000000000000e+00
0.000000000000000000e+00 5.320000000000000000e+02 7.199999999999999734e-01 0.000000000000000000e+00 -6.880645927653507021e-01 2.590354427141325355e-03 0.000000000000000000e+00 0.000000000000000000e+00 7.920000000000000000e+02 0.000000000000000000e+00 0.000000000000000000e+00 1.000000000000000000e+00
0.000000000000000000e+00 5.320000000000000000e+02 7.299999999999999822e-01 0.000000000000000000e+00 -6.997749974714850829e-01 3.399609640173608185e-03 0.000000000000000000e+00 0.000000000000000000e+00 7.920000000000000000e+02 0.000000000000000000e+00 0.000000000000000000e+00 1.000000000000000000e+00
0.000000000000000000e+00 5.320000000000000000e+02 7.399999999999999911e-01 0.000000000000000000e+00 -7.117364773209524653e-01 3.386642383296384687e-03 0.000000000000000000e+00 0.000000000000000000e+00 7.920000000000000000e+02 0.000000000000000000e+00 0.000000000000000000e+00 1.000000000000000000e+00
0.000000000000000000e+00 5.320000000000000000e+02 7.500000000000000000e-01 0.000000000000000000e+00 -7.239536125685059886e-01 2.457831078149287987e-03 0.000000000000000000e+00 0.000000000000000000e+00 7.920000000000000000e+02 0.000000000000000000e+00 0.000000000000000000e+00 1.000000000000000000e+00
0.000000000000000000e+00 5.320000000000000000e+02 7.600000000000000089e-01 0.000000000000000000e+00 -7.364310813637149344e-01 9.453494871420253451e-04 0.000000000000000000e+00 0.000000000000000000e+00 7.920000000000000000e+02 0.000000000000000000e+00 0.000000000000000000e+00 1.000000000000000000e+00
0.000000000000000000e+00 5.320000000000000000e+02 7.700000000000000178e-01 0.000000000000000000e+00 -7.491736615423064682e-01 1.739152749988381722e-05 1.000000000000000000e+00 0.000000000000000000e+00 7.920000000000000000e+02 0.000000000000000000e+00 0.000000000000000000e+00 1.000000000000000000e+00
0.000000000000000000e+00 5.320000000000000000e+02 7.800000000000000266e-01 0.000000000000000000e+00 -7.590081284113667781e-01 1.225643287155800225e-03 0.000000000000000000e+00 0.000000000000000000e+00 7.920000000000000000e+02 0.000000000000000000e+00 0.000000000000000000e+00 1.000000000000000000e+00
0.000000000000000000e+00 5.320000000000000000e+02 7.900000000000000355e-01 0.000000000000000000e+00 -7.691163518003961697e-01 3.392349308131238639e-03 0.000000000000000000e+00 0.000000000000000000e+00 7.920000000000000000e+02 0.000000000000000000e+00 0.000000000000000000e+00 1.000000000000000000e+00
0.000000000000000000e+00 5.320000000000000000e+02 8.000000000000000444e-01 0.000000000000000000e+00 -7.795022023206251705e-01 4.709720375024865902e-03 0.000000000000000000e+00 0.000000000000000000e+00 7.920000000000000000e+02 0.000000000000000000e+00 0.000000000000000000e+00 1.000000000000000000e+00
0.000000000000000000e+00 5.320000000000000000e+02 8.100000000000000533e-01 0.000000000000000000e+00 -7.901696568914493568e-01 4.359659845731396477e-03 0.000000000000000000e+00 0.000000000000000000e+00 7.920000000000000000e+02 0.000000000000000000e+00 0.000000000000000000e+00 1.000000000000000000e+00
0.000000000000000000e+00 5.320000000000000000e+02 8.200000000000000622e-01 0.000000000000000000e+00 -8.011228002632624356e-01 2.314612899244854541e-03 0.000000000000000000e+00 0.000000000000000000e+00 7.920000000000000000e+02 0.000000000000000000e+00 0.000000000000000000e+00 1.000000000000000000e+00
0.000000000000000000e+00 5.320000000000000000e+02 8.300000000000000711e-01 0.000000000000000000e+00 -8.123658265815740798e-01 1.262363094023718352e-04 1.000000000000000000e+00 0.000000000000000000e+00 7.920000000000000000e+02 0.000000000000000000e+00 0.000000000000000000e+00 1.000000000000000000e+00
0.000000000000000000e+00 5.320000000000000000e+02 8.400000000000000799e-01 0.000000000000000000e+00 -8.215294567410711402e-01 2.635540424133364298e-03 0.000000000000000000e+00 0.000000000000000000e+00 7.920000000000000000e+02 0.000000000000000000e+00 0.000000000000000000e+00 1.000000000000000000e+00
0.000000000000000000e+00 5.320000000000000000e+02 8.499999999999999778e-01 0.000000000000000000e+00 -8.309907839040667765e-01 4.551391432691825195e-03 0.000000000000000000e+00 0.000000000000000000e+00 7.920000000000000000e+02 0.000000000000000000e+00 0.000000000000000000e+00 1.000000000000000000e+00
0.000000000000000000e+00 5.320000000000000000e+02 8.599999999999999867e-01 0.000000000000000000e+00 -8.407534309741878653e-01 3.463274892331400304e-03 0.000000000000000000e+00 0.000000000000000000e+00 7.920000000000000000e+02 0.000000000000000000e+00 0.000000000000000000e+00 1.000000000000000000e+00
0.000000000000000000e+00 5.320000000000000000e+02 8.699999999999999956e-01 0.000000000000000000e+00 -8.508211362355941887e-01 3.562841658757654947e-04 1.000000000000000000e+00 0.000000000000000000e+00 7.920000000000000000e+02 0.000000000000000000e+00 0.000000000000000000e+00 1.000000000000000000e+00
0.000000000000000000e+00 5.320000000000000000e+02 8.800000000000000044e-01 0.000000000000000000e+00 -8.592175556670853531e-01 4.455850544786480599e-03 0.000000000000000000e+00 0.000000000000000000e+00 7.920000000000000000e+02 0.000000000000000000e+00 0.000000000000000000e+00 1.000000000000000000e+00
0.000000000000000000e+00 5.320000000000000000e+02 8.900000000000000133e-01 0.000000000000000000e+00 -8.679261035182928019e-01 7.099800164103556993e-03 0.000000000000000000e+00 0.000000000000000000e+00 7.920000000000000000e+02 0.000000000000000000e+00 0.000000000000000000e+00 1.000000000000000000e+00
0.000000000000000000e+00 5.320000000000000000e+02 9.000000000000000222e-01 0.000000000000000000e+00 -8.769501144407987336e-01 5.623825704206206200e-03 0.000000000000000000e+00 0.000000000000000000e+00 7.920000000000000000e+02 0.000000000000000000e+00 0.000000000000000000e+00 1.000000000000000000e+00
0.000000000000000000e+00 5.320000000000000000e+02 9.100000000000000311e-01 0.000000000000000000e+00 -8.862930438823776180e-01 8.425507098923663146e-04 1.000000000000000000e+00 0.000000000000000000e+00 7.920000000000000000e+02 0.000000000000000000e+00 0.000000000000000000e+00 1.000000000000000000e+00
0.000000000000000000e+00 5.320000000000000000e+02 9.200000000000000400e-01 0.000000000000000000e+00 -8.944235671822926559e-01 4.632196798942368743e-03 0.000000000000000000e+00 0.000000000000000000e+00 7.920000000000000000e+02 0.000000000000000000e+00 0.000000000000000000e+00 1.000000000000000000e+00
0.000000000000000000e+00 5.320000000000000000e+02 9.300000000000000488e-01 0.000000000000000000e+00 -9.028796998845156629e-01 1.223583743545348865e-03 1.000000000000000000e+00 0.000000000000000000e+00 7.920000000000000000e+02 0.000000000000000000e+00 0.000000000000000000e+00 1.000000000000000000e+00
0.000000000000000000e+00 5.320000000000000000e+02 9.400000000000000577e-01 0.000000000000000000e+00 -9.106121240337350375e-01 5.820750333448500985e-03 0.000000000000000000e+00 0.000000000000000000e+00 7.920000000000000000e+02 0.000000000000000000e+00 0.000000000000000000e+00 1.000000000000000000e+00
0.000000000000000000e+00 5.320000000000000000e+02 9.500000000000000666e-01 0.000000000000000000e+00 -9.186763564599356169e-01 1.716834613773949615e-03 1.000000000000000000e+00 0.000000000000000000e+00 7.920000000000000000e+02 0.000000000000000000e+00 0.000000000000000000e+00 1.000000000000000000e+00
0.000000000000000000e+00 5.320000000000000000e+02 9.600000000000000755e-01 0.000000000000000000e+00 -9.259994543664975541e-01 7.173566757027721036e-03 0.000000000000000000e+00 0.000000000000000000e+00 7.920000000000000000e+02 0.000000000000000000e+00 0.000000000000000000e+00 1.000000000000000000e+00
0.000000000000000000e+00 5.320000000000000000e+02 9.699999999999999734e-01 0.000000000000000000e+00 -9.336602526214061726e-01 2.332844341505518893e-03 1.000000000000000000e+00 0.000000000000000000e+00 7.920000000000000000e+02 0.000000000000000000e+00 0.000000000000000000e+00 1.000000000000000000e+00
0.000000000000000000e+00 5.320000000000000000e+02 9.799999999999999822e-01 0.000000000000000000e+00 -9.408391746710417225e-01 2.688513759817077325e-03 1.000000000000000000e+00 0.000000000000000000e+00 7.920000000000000000e+02 0.000000000000000000e+00 0.000000000000000000e+00 1.000000000000000000e+00
0.000000000000000000e+00 5.320000000000000000e+02 9.899999999999999911e-01 0.000000000000000000e+00 -9.475226731958397153e-01 9.484087717226870329e-03 0.000000000000000000e+00 0.000000000000000000e+00 7.920000000000000000e+02 0.000000000000000000e+00 0.000000000000000000e+00 1.000000000000000000e+00
0.000000000000000000e+00 5.320000000000000000e+02 1.000000000000000000e+00 0.000000000000000000e+00 -9.545521136767631809e-01 3.494122778984747046e-03 1.000000000000000000e+00 0.000000000000000000e+00 7.920000000000000000e+02 0.000000000000000000e+00 0.000000000000000000e+00 1.000000000000000000e+00
0.000000000000000000e+00 5.320000000000000000e+02 1.010000000000000009e+00 0.000000000000000000e+00 -9.610777346808923038e-01 3.941897768847468092e-03 1.000000000000000000e+00 0.000000000000000000e+00 7.920000000000000000e+02 0.000000000000000000e+00 0.000000000000000000e+00 1.000000000000000000e+00
0.000000000000000000e+00 5.320000000000000000e+02 1.020000000000000018e+00 0.000000000000000000e+00 -9.673766945341550905e-01 4.417142803920992913e-03 1.000000000000000000e+00 0.000000000000000000e+00 7.920000000000000000e+02 0.000000000000000000e+00 0.000000000000000000e+00 1.000000000000000000e+00
0.000000000000000000e+00 5.320000000000000000e+02 1.030000000000000027e+00 0.000000000000000000e+00 -9.734440311655342404e-01 4.917129163782790399e-03 1.000000000000000000e+00 0.000000000000000000e+00 7.920000000000000000e+02 0.000000000000000000e+00 0.000000000000000000e+00 1.000000000000000000e+00
0.000000000000000000e+00 5.320000000000000000e+02 1.040000000000000036e+00 0.000000000000000000e+00 -9.792744553477756853e-01 5.438429447063956867e-03 1.000000000000000000e+00 0.000000000000000000e+00 7.920000000000000000e+02 0.000000000000000000e+00 0.000000000000000000e+00 1.000000000000000000e+00
0.000000000000000000e+00 5.320000000000000000e+02 1.050000000000000044e+00 0.000000000000000000e+00 -9.848623372110950625e-01 5.976912262094753042e-03 1.000000000000000000e+00 0.000000000000000000e+00 7.920000000000000000e+02 0.000000000000000000e+00 0.000000000000000000e+00 1.000000000000000000e+00
0.000000000000000000e+00 5.320000000000000000e+02 1.060000000000000053e+00 0.000000000000000000e+00 -9.902016917165307186e-01 6.527748297908725350e-03 1.000000000000000000e+00 0.000000000000000000e+00 7.920000000000000000e+02 0.000000000000000000e+00 0.000000000000000000e+00 1.000000000000000000e+00
0.000000000000000000e+00 5.320000000000000000e+02 1.070000000000000062e+00 0.000000000000000000e+00 -9.952861630458520459e-01 7.085427805193191680e-03 1.000000000000000000e+00 0.000000000000000000e+00 7.920000000000000000e+02 0.000000000000000000e+00 0.000000000000000000e+00 1.000000000000000000e+00
0.000000000000000000e+00 5.320000000000000000e+02 1.080000000000000071e+00 0.000000000000000000e+00 -1.000109007861731847e+00 7.643789348911401299e-03 1.000000000000000000e+00 0.000000000000000000e+00 7.920000000000000000e+02 0.000000000000000000e+00 0.000000000000000000e+00 1.000000000000000000e+00
0.000000000000000000e+00 5.320000000000000000e+02 1.090000000000000080e+00 0.000000000000000000e+00 -1.004663077388612935e+00 8.196059581025118973e-03 1.000000000000000000e+00 0.000000000000000000e+00 7.920000000000000000e+02 0.000000000000000000e+00 0.000000000000000000e+00 1.000000000000000000e+00
0.000000000000000000e+00 5.320000000000000000e+02 1.100000000000000089e+00 0.000000000000000000e+00 -1.008940798261144911e+00 8.734903732433411255e-03 1.000000000000000000e+00 0.000000000000000000e+00 7.920000000000000000e+02 0.000000000000000000e+00 0.000000000000000000e+00 1.000000000000000000e+00
0.000000000000000000e+00 5.320000000000000000e+02 1.110000000000000098e+00 0.000000000000000000e+00 -1.012934152083521555e+00 9.252486546230103553e-03 1.000000000000000000e+00 0.000000000000000000e+00 7.920000000000000000e+02 0.000000000000000000e+00 0.000000000000000000e+00 1.000000000000000000e+00
0.000000000000000000e+00 5.320000000000000000e+02 1.120000000000000107e+00 0.000000000000000000e+00 -1.016634653639179708e+00 9.740543477427116015e-03 1.000000000000000000e+00 0.000000000000000000e+00 7.920000000000000000e+02 0.000000000000000000e+00 0.000000000000000000e+00 1.000000000000000000e+00
0.000000000000000000e+00 5.320000000000000000e+02 1.130000000000000115e+00 0.000000000000000000e+00 -1.020033327686342473e+00 1.019046217570528448e-02 1.000000000000000000e+00 0.000000000000000000e+00 7.920000000000000000e+02 0.000000000000000000e+00 0.000000000000000000e+00 1.000000000000000000e+00
0.000000000000000000e+00 5.320000000000000000e+02 1.140000000000000124e+00 0.000000000000000000e+00 -1.023120684270807157e+00 1.059337455764538735e-02 1.000000000000000000e+00 0.000000000000000000e+00 7.920000000000000000e+02 0.000000000000000000e+00 0.000000000000000000e+00 1.000000000000000000e+00
0.000000000000000000e+00 5.320000000000000000e+02 1.150000000000000133e+00 0.000000000000000000e+00 -1.025886692482873119e+00 1.094026017686464819e-02 1.000000000000000000e+00 0.000000000000000000e+00 7.920000000000000000e+02 0.000000000000000000e+00 0.000000000000000000e+00 1.000000000000000000e+00
0.000000000000000000e+00 5.320000000000000000e+02 1.160000000000000142e+00 0.000000000000000000e+00 -1.028320752580817787e+00 1.122206213410663692e-02 1.000000000000000000e+00 0.000000000000000000e+00 7.920000000000000000e+02 0.000000000000000000e+00 0.000000000000000000e+00 1.000000000000000000e+00
0.000000000000000000e+00 5.320000000000000000e+02 1.169999999999999929e+00 0.000000000000000000e+00 -1.030411666398483250e+00 1.142981746292966172e-02 1.000000000000000000e+00 0.000000000000000000e+00 7.920000000000000000e+02 0.000000000000000000e+00 0.000000000000000000e+00 1.000000000000000000e+00
0.000000000000000000e+00 5.320000000000000000e+02 1.179999999999999938e+00 0.000000000000000000e+00 -1.032147605949440772e+00 1.155480482156395414e-02 1.000000000000000000e+00 0.000000000000000000e+00 7.920000000000000000e+02 0.000000000000000000e+00 0.000000000000000000e+00 1.000000000000000000e+00
0.000000000000000000e+00 5.320000000000000000e+02 1.189999999999999947e+00 0.000000000000000000e+00 -1.033516080134981641e+00 1.158871347764831375e-02 1.000000000000000000e+00 0.000000000000000000e+00 7.920000000000000000e+02 0.000000000000000000e+00 0.000000000000000000e+00 1.000000000000000000e+00
0.000000000000000000e+00 5.320000000000000000e+02 1.199999999999999956e+00 0.000000000000000000e+00 -1.034503899457403842e+00 1.152383907582608599e-02 1.000000000000000000e+00 0.000000000000000000e+00 7.920000000000000000e+02 0.000000000000000000e+00 0.000000000000000000e+00 1.000000000000000000e+00
0.000000000000000000e+00 5.320000000000000000e+02 1.209999999999999964e+00 0.000000000000000000e+00 -1.035097138634446745e+00 1.135331365121523828e-02 1.000000000000000000e+00 0.000000000000000000e+00 7.920000000000000000e+02 0.000000000000000000e+00 0.000000000000000000e+00 1.000000000000000000e+00
0.000000000000000000e+00 5.320000000000000000e+02 1.219999999999999973e+00 0.000000000000000000e+00 -1.035281097004236095e+00 1.107137996713536063e-02 1.000000000000000000e+00 0.000000000000000000e+00 7.920000000000000000e+02 0.000000000000000000e+00 0.000000000000000000e+00 1.000000000000000000e+00
0.000000000000000000e+00 5.320000000000000000e+02 1.229999999999999982e+00 0.000000000000000000e+00 -1.035040256603888986e+00 1.067372375345108926e-02 1.000000000000000000e+00 0.000000000000000000e+00 7.920000000000000000e+02 0.000000000000000000e+00 0.000000000000000000e+00 1.000000000000000000e+00
0.000000000000000000e+00 5.320000000000000000e+02 1.239999999999999991e+00 0.000000000000000000e+00 -1.034358237797763591e+00 1.015788212728691714e-02 1.000000000000000000e+00 0.000000000000000000e+00 7.920000000000000000e+02 0.000000000000000000e+00 0.000000000000000000e+00 1.000000000000000000e+00
0.000000000000000000e+00 5.320000000000000000e+02 1.250000000000000000e+00 0.000000000000000000e+00 -1.033217752324391725e+00 9.523752808889590638e-03 1.000000000000000000e+00 0.000000000000000000e+00 7.920000000000000000e+02 0.000000000000000000e+00 0.000000000000000000e+00 1.000000000000000000e+00
0.000000000000000000e+00 5.320000000000000000e+02 1.260000000000000009e+00 0.000000000000000000e+00 -1.031600553623288175e+00 8.774237179215878951e-03 1.000000000000000000e+00 0.000000000000000000e+00 7.920000000000000000e+02 0.000000000000000000e+00 0.000000000000000000e+00 1.000000000000000000e+00
0.000000000000000000e+00 5.320000000000000000e+02 1.270000000000000018e+00 0.000000000000000000e+00 -1.029487384294988317e+00 7.916061133581772657e-03 1.000000000000000000e+00 0.000000000000000000e+00 7.920000000000000000e+02 0.000000000000000000e+00 0.000000000000000000e+00 1.000000000000000000e+00
0.000000000000000000e+00 5.320000000000000000e+02 1.280000000000000027e+00 0.000000000000000000e+00 -1.026857920539050451e+00 6.960830782319859383e-03 1.000000000000000000e+00 0.000000000000000000e+00 7.920000000000000000e+02 0.000000000000000000e+00 0.000000000000000000e+00 1.000000000000000000e+00
0.000000000000000000e+00 5.320000000000000000e+02 1.290000000000000036e+00 0.000000000000000000e+00 -1.023690713405997599e+00 5.926392761018485153e-03 1.000000000000000000e+00 0.000000000000000000e+00 7.920000000000000000e+02 0.000000000000000000e+00 0.000000000000000000e+00 1.000000000000000000e+00
0.000000000000000000e+00 5.320000000000000000e+02 1.300000000000000044e+00 0.000000000000000000e+00 -1.019963126689636068e+00 4.838571687898652815e-03 1.000000000000000000e+00 1.000000000000000000e+00 7.920000000000000000e+02 0.000000000000000000e+00 0.000000000000000000e+00 1.000000000000000000e+00
0.000000000000000000e+00 5.320000000000000000e+02 1.310000000000000053e+00 0.000000000000000000e+00 -1.022550428051363092e+00 4.723577563597404494e-03 1.000000000000000000e+00 0.000000000000000000e+00 7.920000000000000000e+02 0.000000000000000000e+00 0.000000000000000000e+00 1.000000000000000000e+00
0.000000000000000000e+00 5.320000000000000000e+02 1.320000000000000062e+00 0.000000000000000000e+00 -1.024548610050385333e+00 4.428179393994863614e-03 1.000000000000000000e+00 0.000000000000000000e+00 7.920000000000000000e+02 0.000000000000000000e+00 0.000000000000000000e+00 1.000000000000000000e+00
0.000000000000000000e+00 5.320000000000000000e+02 1.330000000000000071e+00 0.000000000000000000e+00 -1.025951486485109809e+00 3.947426696423393319e-03 1.000000000000000000e+00 1.000000000000000000e+00 7.920000000000000000e+02 0.000000000000000000e+00 0.000000000000000000e+00 1.000000000000000000e+00
0.000000000000000000e+00 5.320000000000000000e+02 1.340000000000000080e+00 0.000000000000000000e+00 -1.023509345911640001e+00 3.349471664820788397e-03 1.000000000000000000e+00 0.000000000000000000e+00 7.920000000000000000e+02 0.000000000000000000e+00 0.000000000000000000e+00 1.000000000000000000e+00
0.000000000000000000e+00 5.320000000000000000e+02 1.350000000000000089e+00 0.000000000000000000e+00 -1.020445879567818626e+00 2.610363069738354941e-03 1.000000000000000000e+00 0.000000000000000000e+00 7.920000000000000000e+02 0.000000000000000000e+00 0.000000000000000000e+00 1.000000000000000000e+00
0.000000000000000000e+00 5.320000000000000000e+02 1.360000000000000098e+00 0.000000000000000000e+00 -1.016741178609349650e+00 1.796327115644599272e-03 1.000000000000000000e+00 1.000000000000000000e+00 7.920000000000000000e+02 0.000000000000000000e+00 0.000000000000000000e+00 1.000000000000000000e+00
0.000000000000000000e+00 5.320000000000000000e+02 1.370000000000000107e+00 0.000000000000000000e+00 -1.038183715743409508e+00 3.240734401255411165e-03 1.000000000000000000e+00 1.000000000000000000e+00 7.920000000000000000e+02 0.000000000000000000e+00 0.000000000000000000e+00 1.000000000000000000e+00
0.000000000000000000e+00 5.320000000000000000e+02 1.380000000000000115e+00 0.000000000000000000e+00 -1.048521593246151351e+00 4.629750704876988560e-03 1.000000000000000000e+00 1.000000000000000000e+00 7.920000000000000000e+02 0.000000000000000000e+00 0.000000000000000000e+00 1.000000000000000000e+00
0.000000000000000000e+00 5.320000000000000000e+02 1.390000000000000124e+00 0.000000000000000000e+00 -1.059263511109755918e+00 6.290117145937790949e-03 1.000000000000000000e+00 1.000000000000000000e+00 7.920000000000000000e+02 0.000000000000000000e+00 0.000000000000000000e+00 1.000000000000000000e+00
0.000000000000000000e+00 5.320000000000000000e+02 1.400000000000000133e+00 0.000000000000000000e+00 -1.057892112568200815e+00 6.977979098660472626e-03 1.000000000000000000e+00 0.000000000000000000e+00 7.920000000000000000e+02 0.000000000000000000e+00 0.000000000000000000e+00 1.000000000000000000e+00
0.000000000000000000e+00 5.320000000000000000e+02 1.410000000000000142e+00 0.000000000000000000e+00 -1.055941772124730171e+00 7.256786751137507541e-03 1.000000000000000000e+00 0.000000000000000000e+00 7.920000000000000000e+02 0.000000000000000000e+00 0.000000000000000000e+00 1.000000000000000000e+00
0.000000000000000000e+00 5.320000000000000000e+02 1.419999999999999929e+00 0.000000000000000000e+00 -1.053398320143994704e+00 7.152274057811273261e-03 1.000000000000000000e+00 1.000000000000000000e+00 7.920000000000000000e+02 0.000000000000000000e+00 0.000000000000000000e+00 1.000000000000000000e+00
0.000000000000000000e+00 5.320000000000000000e+02 1.429999999999999938e+00 0.000000000000000000e+00 -1.051171112345670622e+00 7.007434144894490388e-03 1.000000000000000000e+00 0.000000000000000000e+00 7.920000000000000000e+02 0.000000000000000000e+00 0.000000000000000000e+00 1.000000000000000000e+00
0.000000000000000000e+00 5.320000000000000000e+02 1.439999999999999947e+00 0.000000000000000000e+00 -1.048321121770368292e+00 6.530850563105337903e-03 1.000000000000000000e+00 1.000000000000000000e+00 7.920000000000000000e+02 0.000000000000000000e+00 0.000000000000000000e+00 1.000000000000000000e+00
0.000000000000000000e+00 5.320000000000000000e+02 1.449999999999999956e+00 0.000000000000000000e+00 -1.044103848875293394e+00 6.139340770314393944e-03 1.000000000000000000e+00 0.000000000000000000e+00 7.920000000000000000e+02 0.000000000000000000e+00 0.000000000000000000e+00 1.000000000000000000e+00
0.000000000000000000e+00 5.320000000000000000e+02 1.459999999999999964e+00 0.000000000000000000e+00 -1.039228995613856732e+00 5.481251071657564783e-03 1.000000000000000000e+00 0.000000000000000000e+00 7.920000000000000000e+02 0.000000000000000000e+00 0.000000000000000000e+00 1.000000000000000000e+00
0.000000000000000000e+00 5.320000000000000000e+02 1.469999999999999973e+00 0.000000000000000000e+00 -1.033675825610932408e+00 4.615454281903215786e-03 1.000000000000000000e+00 1.000000000000000000e+00 7.920000000000000000e+02 0.000000000000000000e+00 0.000000000000000000e+00 1.000000000000000000e+00
0.000000000000000000e+00 5.320000000000000000e+02 1.479999999999999982e+00 0.000000000000000000e+00 -1.041202729883780709e+00 5.649283761109388791e-03 1.000000000000000000e+00 0.000000000000000000e+00 7.920000000000000000e+02 0.000000000000000000e+00 0.000000000000000000e+00 1.000000000000000000e+00
0.000000000000000000e+00 5.320000000000000000e+02 1.489999999999999991e+00 0.000000000000000000e+00 -1.048045686409520894e+00 6.513107704288017413e-03 1.000000000000000000e+00 1.000000000000000000e+00 7.920000000000000000e+02 0.000000000000000000e+00 0.000000000000000000e+00 1.000000000000000000e+00
0.000000000000000000e+00 5.320000000000000000e+02 1.500000000000000000e+00 0.000000000000000000e+00 -1.052988786463264992e+00 7.325128202686354006e-03 1.000000000000000000e+00 0.000000000000000000e+00 7.920000000000000000e+02 0.000000000000000000e+00 0.000000000000000000e+00 1.000000000000000000e+00
0.000000000000000000e+00 5.320000000000000000e+02 1.510000000000000009e+00 0.000000000000000000e+00 -1.057272926641824151e+00 7.831542706486506814e-03 1.000000000000000000e+00 1.000000000000000000e+00 7.920000000000000000e+02 0.000000000000000000e+00 0.000000000000000000e+00 1.000000000000000000e+00
0.000000000000000000e+00 5.320000000000000000e+02 1.520000000000000018e+00 0.000000000000000000e+00 -1.064186317260297443e+00 9.053928413167511638e-03 1.000000000000000000e+00 0.000000000000000000e+00 7.920000000000000000e+02 0.000000000000000000e+00 0.000000000000000000e+00 1.000000000000000000e+00
0.000000000000000000e+00 5.320000000000000000e+02 1.530000000000000027e+00 0.000000000000000000e+00 -1.070465662484451963e+00 9.969131338572983017e-03 1.000000000000000000e+00 0.000000000000000000e+00 7.920000000000000000e+02 0.000000000000000000e+00 0.000000000000000000e+00 1.000000000000000000e+00
0.000000000000000000e+00 5.320000000000000000e+02 1.540000000000000036e+00 0.000000000000000000e+00 -1.076126052522162313e+00 1.048447205340698532e-02 1.000000000000000000e+00 1.000000000000000000e+00 7.920000000000000000e+02 0.000000000000000000e+00 0.000000000000000000e+00 1.000000000000000000e+00
0.000000000000000000e+00 5.320000000000000000e+02 1.550000000000000044e+00 0.000000000000000000e+00 -1.072144574551915142e+00 1.047670096016364329e-02 1.000000000000000000e+00 0.000000000000000000e+00 7.920000000000000000e+02 0.000000000000000000e+00 0.000000000000000000e+00 1.000000000000000000e+00
0.000000000000000000e+00 5.320000000000000000e+02 1.560000000000000053e+00 0.000000000000000000e+00 -1.067543463312234042e+00 1.002132584761289413e-02 1.000000000000000000e+00 0.000000000000000000e+00 7.920000000000000000e+02 0.000000000000000000e+00 0.000000000000000000e+00 1.000000000000000000e+00
0.000000000000000000e+00 5.320000000000000000e+02 1.570000000000000062e+00 0.000000000000000000e+00 -1.062306948762969494e+00 9.189233903661503042e-03 1.000000000000000000e+00 1.000000000000000000e+00 7.920000000000000000e+02 0.000000000000000000e+00 0.000000000000000000e+00 1.000000000000000000e+00
0.000000000000000000e+00 5.320000000000000000e+02 1.580000000000000071e+00 0.000000000000000000e+00 -1.061451657541028659e+00 9.701623927256130750e-03 1.000000000000000000e+00 0.000000000000000000e+00 7.920000000000000000e+02 0.000000000000000000e+00 0.000000000000000000e+00 1.000000000000000000e+00
0.000000000000000000e+00 5.320000000000000000e+02 1.590000000000000080e+00 0.000000000000000000e+00 -1.059939853022168865e+00 9.854045822945779742e-03 1.000000000000000000e+00 0.000000000000000000e+00 7.920000000000000000e+02 0.000000000000000000e+00 0.000000000000000000e+00 1.000000000000000000e+00
0.000000000000000000e+00 5.320000000000000000e+02 1.600000000000000089e+00 0.000000000000000000e+00 -1.057766132966064365e+00 9.665028364679814979e-03 1.000000000000000000e+00 0.000000000000000000e+00 7.920000000000000000e+02 0.000000000000000000e+00 0.000000000000000000e+00 1.000000000000000000e+00
0.000000000000000000e+00 5.320000000000000000e+02 1.610000000000000098e+00 0.000000000000000000e+00 -1.054923558516814630e+00 9.159507708219763109e-03 1.000000000000000000e+00 0.000000000000000000e+00 7.920000000000000000e+02 0.000000000000000000e+00 0.000000000000000000e+00 1.000000000000000000e+00
0.000000000000000000e+00 5.320000000000000000e+02 1.620000000000000107e+00 0.000000000000000000e+00 -1.051403633626047274e+00 8.369315791712697572e-03 1.000000000000000000e+00 0.000000000000000000e+00 7.920000000000000000e+02 0.000000000000000000e+00 0.000000000000000000e+00 1.000000000000000000e+00
0.000000000000000000e+00 5.320000000000000000e+02 1.630000000000000115e+00 0.000000000000000000e+00 -1.047196279839560429e+00 7.334803930864296218e-03 1.000000000000000000e+00 0.000000000000000000e+00 7.920000000000000000e+02 0.000000000000000000e+00 0.000000000000000000e+00 1.000000000000000000e+00
0.000000000000000000e+00 5.320000000000000000e+02 1.640000000000000124e+00 0.000000000000000000e+00 -1.042289806373123184e+00 6.107586729494872413e-03 1.000000000000000000e+00 1.000000000000000000e+00 7.920000000000000000e+02 0.000000000000000000e+00 0.000000000000000000e+00 1.000000000000000000e+00
0.000000000000000000e+00 5.320000000000000000e+02 1.650000000000000133e+00 0.000000000000000000e+00 -1.035788848850744515e+00 5.108808624511265023e-03 1.000000000000000000e+00 0.000000000000000000e+00 7.920000000000000000e+02 0.000000000000000000e+00 0.000000000000000000e+00 1.000000000000000000e+00
0.000000000000000000e+00 5.320000000000000000e+02 1.660000000000000142e+00 0.000000000000000000e+00 -1.028557806264280172e+00 3.993324530304464756e-03 1.000000000000000000e+00 1.000000000000000000e+00 7.920000000000000000e+02 0.000000000000000000e+00 0.000000000000000000e+00 1.000000000000000000e+00
0.000000000000000000e+00 5.320000000000000000e+02 1.670000000000000151e+00 0.000000000000000000e+00 -1.037645640020959048e+00 5.102687424650169043e-03 1.000000000000000000e+00 0.000000000000000000e+00 7.920000000000000000e+02 0.000000000000000000e+00 0.000000000000000000e+00 1.000000000000000000e+00
0.000000000000000000e+00 5.320000000000000000e+02 1.679999999999999938e+00 0.000000000000000000e+00 -1.046013231039347069e+00 6.101974966141369625e-03 1.000000000000000000e+00 1.000000000000000000e+00 7.920000000000000000e+02 0.000000000000000000e+00 0.000000000000000000e+00 1.000000000000000000e+00
0.000000000000000000e+00 5.320000000000000000e+02 1.689999999999999947e+00 0.000000000000000000e+00 -1.052672159867259039e+00 7.200475108556370074e-03 1.000000000000000000e+00 0.000000000000000000e+00 7.920000000000000000e+02 0.000000000000000000e+00 0.000000000000000000e+00 1.000000000000000000e+00
0.000000000000000000e+00 5.320000000000000000e+02 1.699999999999999956e+00 0.000000000000000000e+00 -1.058661214209113632e+00 8.048049272028880152e-03 1.000000000000000000e+00 1.000000000000000000e+00 7.920000000000000000e+02 0.000000000000000000e+00 0.000000000000000000e+00 1.000000000000000000e+00
0.000000000000000000e+00 5.320000000000000000e+02 1.709999999999999964e+00 0.000000000000000000e+00 -1.061918125585902262e+00 8.725644969465871578e-03 1.000000000000000000e+00 0.000000000000000000e+00 7.920000000000000000e+02 0.000000000000000000e+00 0.000000000000000000e+00 1.000000000000000000e+00
0.000000000000000000e+00 5.320000000000000000e+02 1.719999999999999973e+00 0.000000000000000000e+00 -1.064540127148377646e+00 9.017957809240117681e-03 1.000000000000000000e+00 1.000000000000000000e+00 7.920000000000000000e+02 0.000000000000000000e+00 0.000000000000000000e+00 1.000000000000000000e+00
0.000000000000000000e+00 5.320000000000000000e+02 1.729999999999999982e+00 0.000000000000000000e+00 -1.063017996538454746e+00 9.095706129794746408e-03 1.000000000000000000e+00 0.000000000000000000e+00 7.920000000000000000e+02 0.000000000000000000e+00 0.000000000000000000e+00 1.000000000000000000e+00
0.000000000000000000e+00 5.320000000000000000e+02 1.739999999999999991e+00 0.000000000000000000e+00 -1.060873531822707827e+00 8.773115459877672134e-03 1.000000000000000000e+00 0.000000000000000000e+00 7.920000000000000000e+02 0.000000000000000000e+00 0.000000000000000000e+00 1.000000000000000000e+00
0.000000000000000000e+00 5.320000000000000000e+02 1.750000000000000000e+00 0.000000000000000000e+00 -1.058105687066111189e+00 8.081846573001004452e-03 1.000000000000000000e+00 1.000000000000000000e+00 7.920000000000000000e+02 0.000000000000000000e+00 0.000000000000000000e+00 1.000000000000000000e+00
0.000000000000000000e+00 5.320000000000000000e+02 1.760000000000000009e+00 0.000000000000000000e+00 -1.057453567037282216e+00 8.923607022100304292e-03 1.000000000000000000e+00 0.000000000000000000e+00 7.920000000000000000e+02 0.000000000000000000e+00 0.000000000000000000e+00 1.000000000000000000e+00
0.000000000000000000e+00 5.320000000000000000e+02 1.770000000000000018e+00 0.000000000000000000e+00 -1.056179772047888488e+00 9.448703256008571250e-03 1.000000000000000000e+00 0.000000000000000000e+00 7.920000000000000000e+02 0.000000000000000000e+00 0.000000000000000000e+00 1.000000000000000000e+00
0.000000000000000000e+00 5.320000000000000000e+02 1.780000000000000027e+00 0.000000000000000000e+00 -1.054287056687131408e+00 9.671158664014219489e-03 1.000000000000000000e+00 0.000000000000000000e+00 7.920000000000000000e+02 0.000000000000000000e+00 0.000000000000000000e+00 1.000000000000000000e+00
0.000000000000000000e+00 5.320000000000000000e+02 1.790000000000000036e+00 0.000000000000000000e+00 -1.051776757802274087e+00 9.610893815304515433e-03 1.000000000000000000e+00 0.000000000000000000e+00 7.920000000000000000e+02 0.000000000000000000e+00 0.000000000000000000e+00 1.000000000000000000e+00
0.000000000000000000e+00 5.320000000000000000e+02 1.800000000000000044e+00 0.000000000000000000e+00 -1.048648797614465611e+00 9.292173513631643220e-03 1.000000000000000000e+00 1.000000000000000000e+00 7.920000000000000000e+02 0.000000000000000000e+00 0.000000000000000000e+00 1.000000000000000000e+00
0.000000000000000000e+00 5.320000000000000000e+02 1.810000000000000053e+00 0.000000000000000000e+00 -1.047883064145000542e+00 9.628437856484352297e-03 1.000000000000000000e+00 0.000000000000000000e+00 7.920000000000000000e+02 0.000000000000000000e+00 0.000000000000000000e+00 1.000000000000000000e+00
0.000000000000000000e+00 5.320000000000000000e+02 1.820000000000000062e+00 0.000000000000000000e+00 -1.046504059954643351e+00 9.728050797985842574e-03 1.000000000000000000e+00 0.000000000000000000e+00 7.920000000000000000e+02 0.000000000000000000e+00 0.000000000000000000e+00 1.000000000000000000e+00
0.000000000000000000e+00 5.320000000000000000e+02 1.830000000000000071e+00 0.000000000000000000e+00 -1.044516264503131620e+00 9.602480703728016875e-03 1.000000000000000000e+00 0.000000000000000000e+00 7.920000000000000000e+02 0.000000000000000000e+00 0.000000000000000000e+00 1.000000000000000000e+00
0.000000000000000000e+00 5.320000000000000000e+02 1.840000000000000080e+00 0.000000000000000000e+00 -1.041922764854710914e+00 9.267511747429995478e-03 1.000000000000000000e+00 0.000000000000000000e+00 7.920000000000000000e+02 0.000000000000000000e+00 0.000000000000000000e+00 1.000000000000000000e+00
0.000000000000000000e+00 5.320000000000000000e+02 1.850000000000000089e+00 0.000000000000000000e+00 -1.038725263760066353e+00 8.742838169280574973e-03 1.000000000000000000e+00 0.000000000000000000e+00 7.920000000000000000e+02 0.000000000000000000e+00 0.000000000000000000e+00 1.000000000000000000e+00
0.000000000000000000e+00 5.320000000000000000e+02 1.860000000000000098e+00 0.000000000000000000e+00 -1.034924083613312229e+00 8.051964840769936307e-03 1.000000000000000000e+00 0.000000000000000000e+00 7.920000000000000000e+02 0.000000000000000000e+00 0.000000000000000000e+00 1.000000000000000000e+00
0.000000000000000000e+00 5.320000000000000000e+02 1.870000000000000107e+00 0.000000000000000000e+00 -1.030518166295886884e+00 7.222322574357682712e-03 1.000000000000000000e+00 1.000000000000000000e+00 7.920000000000000000e+02 0.000000000000000000e+00 0.000000000000000000e+00 1.000000000000000000e+00
0.000000000000000000e+00 5.320000000000000000e+02 1.880000000000000115e+00 0.000000000000000000e+00 -1.034280722917108708e+00 8.138331408221238447e-03 1.000000000000000000e+00 0.000000000000000000e+00 7.920000000000000000e+02 0.000000000000000000e+00 0.000000000000000000e+00 1.000000000000000000e+00
0.000000000000000000e+00 5.320000000000000000e+02 1.890000000000000124e+00 0.000000000000000000e+00 -1.037458162036263287e+00 8.927718596093585368e-03 1.000000000000000000e+00 0.000000000000000000e+00 7.920000000000000000e+02 0.000000000000000000e+00 0.000000000000000000e+00 1.000000000000000000e+00
0.000000000000000000e+00 5.320000000000000000e+02 1.900000000000000133e+00 0.000000000000000000e+00 -1.040071216930684050e+00 9.570764625117769014e-03 1.000000000000000000e+00 0.000000000000000000e+00 7.920000000000000000e+02 0.000000000000000000e+00 0.000000000000000000e+00 1.000000000000000000e+00
0.000000000000000000e+00 5.320000000000000000e+02 1.910000000000000142e+00 0.000000000000000000e+00 -1.042139351509351108e+00 1.005287765685078730e-02 1.000000000000000000e+00 0.000000000000000000e+00 7.920000000000000000e+02 0.000000000000000000e+00 0.000000000000000000e+00 1.000000000000000000e+00
0.000000000000000000e+00 5.320000000000000000e+02 1.920000000000000151e+00 0.000000000000000000e+00 -1.043680816451668658e+00 1.036374250026286109e-02 1.000000000000000000e+00 0.000000000000000000e+00 7.920000000000000000e+02 0.000000000000000000e+00 0.000000000000000000e+00 1.000000000000000000e+00
0.000000000000000000e+00 5.320000000000000000e+02 1.929999999999999938e+00 0.000000000000000000e+00 -1.044712701727058324e+00 1.049665495024818332e-02 1.000000000000000000e+00 0.000000000000000000e+00 7.920000000000000000e+02 0.000000000000000000e+00 0.000000000000000000e+00 1.000000000000000000e+00
0.000000000000000000e+00 5.320000000000000000e+02 1.939999999999999947e+00 0.000000000000000000e+00 -1.045250985650520992e+00 1.044803203727912369e-02 1.000000000000000000e+00 0.000000000000000000e+00 7.920000000000000000e+02 0.000000000000000000e+00 0.000000000000000000e+00 1.000000000000000000e+00
0.000000000000000000e+00 5.320000000000000000e+02 1.949999999999999956e+00 0.000000000000000000e+00 -1.045310580619017049e+00 1.021709581664198216e-02 1.000000000000000000e+00 0.000000000000000000e+00 7.920000000000000000e+02 0.000000000000000000e+00 0.000000000000000000e+00 1.000000000000000000e+00
0.000000000000000000e+00 5.320000000000000000e+02 1.959999999999999964e+00 0.000000000000000000e+00 -1.044905375663867098e+00 9.805742731832451514e-03 1.000000000000000000e+00 0.000000000000000000e+00 7.920000000000000000e+02 0.000000000000000000e+00 0.000000000000000000e+00 1.000000000000000000e+00
0.000000000000000000e+00 5.320000000000000000e+02 1.969999999999999973e+00 0.000000000000000000e+00 -1.044048275944832405e+00 9.218633401870998667e-03 1.000000000000000000e+00 0.000000000000000000e+00 7.920000000000000000e+02 0.000000000000000000e+00 0.000000000000000000e+00 1.000000000000000000e+00
0.000000000000000000e+00 5.320000000000000000e+02 1.979999999999999982e+00 0.000000000000000000e+00 -1.042751239302613930e+00 8.463573950434713847e-03 1.000000000000000000e+00 1.000000000000000000e+00 7.920000000000000000e+02 0.000000000000000000e+00 0.000000000000000000e+00 1.000000000000000000e+00
0.000000000000000000e+00 5.320000000000000000e+02 1.989999999999999991e+00 0.000000000000000000e+00 -1.044079162410202155e+00 8.480899324434434255e-03 1.000000000000000000e+00 0.000000000000000000e+00 7.920000000000000000e+02 0.000000000000000000e+00 0.000000000000000000e+00 1.000000000000000000e+00
0.000000000000000000e+00 5.320000000000000000e+02 2.000000000000000000e+00 0.000000000000000000e+00 -1.044997366968382302e+00 8.295946669791786493e-03 1.000000000000000000e+00 0.000000000000000000e+00 7.920000000000000000e+02 0.000000000000000000e+00 0.000000000000000000e+00 1.000000000000000000e+00
0.000000000000000000e+00 5.320000000000000000e+02 2.009999999999999787e+00 0.000000000000000000e+00 -1.045524199435648116e+00 7.904628271206260923e-03 1.000000000000000000e+00 0.000000000000000000e+00 7.920000000000000000e+02 0.000000000000000000e+00 0.000000000000000000e+00 1.000000000000000000e+00
0.000000000000000000e+00 5.320000000000000000e+02 2.020000000000000018e+00 0.000000000000000000e+00 -1.045677231056201029e+00 7.305585897943812912e-03 1.000000000000000000e+00 1.000000000000000000e+00 7.920000000000000000e+02 0.000000000000000000e+00 0.000000000000000000e+00 1.000000000000000000e+00
0.000000000000000000e+00 5.320000000000000000e+02 2.029999999999999805e+00 0.000000000000000000e+00 -1.053497674919962712e+00 8.305933384345740716e-03 1.000000000000000000e+00 0.000000000000000000e+00 7.920000000000000000e+02 0.000000000000000000e+00 0.000000000000000000e+00 1.000000000000000000e+00
0.000000000000000000e+00 5.320000000000000000e+02 2.040000000000000036e+00 0.000000000000000000e+00 -1.061001014602227954e+00 9.155093290249272098e-03 1.000000000000000000e+00 1.000000000000000000e+00 7.920000000000000000e+02 0.000000000000000000e+00 0.000000000000000000e+00 1.000000000000000000e+00
0.000000000000000000e+00 5.320000000000000000e+02 2.049999999999999822e+00 0.000000000000000000e+00 -1.057773333658067028e+00 9.737113798740875889e-03 1.000000000000000000e+00 0.000000000000000000e+00 7.920000000000000000e+02 0.000000000000000000e+00 0.000000000000000000e+00 1.000000000000000000e+00
0.000000000000000000e+00 5.320000000000000000e+02 2.059999999999999609e+00 0.000000000000000000e+00 -1.054275830298998518e+00 1.009088452279103404e-02 1.000000000000000000e+00 0.000000000000000000e+00 7.920000000000000000e+02 0.000000000000000000e+00 0.000000000000000000e+00 1.000000000000000000e+00
0.000000000000000000e+00 5.320000000000000000e+02 2.069999999999999840e+00 0.000000000000000000e+00 -1.050516071630312798e+00 1.025198565765940428e-02 1.000000000000000000e+00 0.000000000000000000e+00 7.920000000000000000e+02 0.000000000000000000e+00 0.000000000000000000e+00 1.000000000000000000e+00
0.000000000000000000e+00 5.320000000000000000e+02 2.079999999999999627e+00 0.000000000000000000e+00 -1.046501219715412212e+00 1.025119767456881062e-02 1.000000000000000000e+00 0.000000000000000000e+00 7.920000000000000000e+02 0.000000000000000000e+00 0.000000000000000000e+00 1.000000000000000000e+00
0.000000000000000000e+00 5.320000000000000000e+02 2.089999999999999858e+00 0.000000000000000000e+00 -1.042238050772318347e+00 1.011535924962500207e-02 1.000000000000000000e+00 0.000000000000000000e+00 7.920000000000000000e+02 0.000000000000000000e+00 0.000000000000000000e+00 1.000000000000000000e+00
0.000000000000000000e+00 5.320000000000000000e+02 2.099999999999999645e+00 0.000000000000000000e+00 -1.037732973195533370e+00 9.868052383255807719e-03 1.000000000000000000e+00 0.000000000000000000e+00 7.920000000000000000e+02 0.000000000000000000e+00 0.000000000000000000e+00 1.000000000000000000e+00
0.000000000000000000e+00 5.320000000000000000e+02 2.109999999999999876e+00 0.000000000000000000e+00 -1.032992044456689129e+00 9.530125201246710670e-03 1.000000000000000000e+00 0.000000000000000000e+00 7.920000000000000000e+02 0.000000000000000000e+00 0.000000000000000000e+00 1.000000000000000000e+00
0.000000000000000000e+00 5.320000000000000000e+02 2.119999999999999662e+00 0.000000000000000000e+00 -1.028020986934030434e+00 9.120085496954439402e-03 1.000000000000000000e+00 0.000000000000000000e+00 7.920000000000000000e+02 0.000000000000000000e+00 0.000000000000000000e+00 1.000000000000000000e+00
0.000000000000000000e+00 5.320000000000000000e+02 2.129999999999999893e+00 0.000000000000000000e+00 -1.022825202717683846e+00 8.654396715919811245e-03 1.000000000000000000e+00 0.000000000000000000e+00 7.920000000000000000e+02 0.000000000000000000e+00 0.000000000000000000e+00 1.000000000000000000e+00
0.000000000000000000e+00 5.320000000000000000e+02 2.139999999999999680e+00 0.000000000000000000e+00 -1.017409787434570445e+00 8.147701905855356252e-03 1.000000000000000000e+00 0.000000000000000000e+00 7.920000000000000000e+02 0.000000000000000000e+00 0.000000000000000000e+00 1.000000000000000000e+00
0.000000000000000000e+00 5.320000000000000000e+02 2.149999999999999911e+00 0.000000000000000000e+00 -1.011779543134023074e+00 7.612995150799967137e-03 1.000000000000000000e+00 0.000000000000000000e+00 7.920000000000000000e+02 0.000000000000000000e+00 0.000000000000000000e+00 1.000000000000000000e+00
0.000000000000000000e+00 5.320000000000000000e+02 2.159999999999999698e+00 0.000000000000000000e+00 -1.005938990272309042e+00 7.061755218936920098e-03 1.000000000000000000e+00 0.000000000000000000e+00 7.920000000000000000e+02 0.000000000000000000e+00 0.000000000000000000e+00 1.000000000000000000e+00
0.000000000000000000e+00 5.320000000000000000e+02 2.169999999999999929e+00 0.000000000000000000e+00 -9.998923788316798067e-01 6.504052551461456111e-03 1.000000000000000000e+00 0.000000000000000000e+00 7.920000000000000000e+02 0.000000000000000000e+00 0.000000000000000000e+00 1.000000000000000000e+00
0.000000000000000000e+00 5.320000000000000000e+02 2.179999999999999716e+00 0.000000000000000000e+00 -9.936436986069471233e-01 5.948638046293973011e-03 1.000000000000000000e+00 0.000000000000000000e+00 7.920000000000000000e+02 0.000000000000000000e+00 0.000000000000000000e+00 1.000000000000000000e+00
0.000000000000000000e+00 5.320000000000000000e+02 2.189999999999999947e+00 0.000000000000000000e+00 -9.871966886902175942e-01 5.403020089256437009e-03 1.000000000000000000e+00 0.000000000000000000e+00 7.920000000000000000e+02 0.000000000000000000e+00 0.000000000000000000e+00 1.000000000000000000e+00
0.000000000000000000e+00 5.320000000000000000e+02 2.199999999999999734e+00 0.000000000000000000e+00 -9.805548461819559858e-01 4.873534755382449846e-03 1.000000000000000000e+00 0.000000000000000000e+00 7.920000000000000000e+02 0.000000000000000000e+00 0.000000000000000000e+00 1.000000000000000000e+00
0.000000000000000000e+00 5.320000000000000000e+02 2.209999999999999964e+00 0.000000000000000000e+00 -9.737214341543486418e-01 4.365412899270369046e-03 1.000000000000000000e+00 0.000000000000000000e+00 7.920000000000000000e+02 0.000000000000000000e+00 0.000000000000000000e+00 1.000000000000000000e+00
0.000000000000000000e+00 5.320000000000000000e+02 2.219999999999999751e+00 0.000000000000000000e+00 -9.666994888906994543e-01 3.882846875743370743e-03 1.000000000000000000e+00 0.000000000000000000e+00 7.920000000000000000e+02 0.000000000000000000e+00 0.000000000000000000e+00 1.000000000000000000e+00
0.000000000000000000e+00 5.320000000000000000e+02 2.229999999999999982e+00 0.000000000000000000e+00 -9.594918264224534532e-01 3.429058814110678630e-03 1.000000000000000000e+00 0.000000000000000000e+00 7.920000000000000000e+02 0.000000000000000000e+00 0.000000000000000000e+00 1.000000000000000000e+00
0.000000000000000000e+00 5.320000000000000000e+02 2.239999999999999769e+00 0.000000000000000000e+00 -9.521010483833913796e-01 3.006371668820196144e-03 1.000000000000000000e+00 0.000000000000000000e+00 7.920000000000000000e+02 0.000000000000000000e+00 0.000000000000000000e+00 1.000000000000000000e+00
0.000000000000000000e+00 5.320000000000000000e+02 2.250000000000000000e+00 0.000000000000000000e+00 -9.442679316732290884e-01 8.743344415078523751e-03 0.000000000000000000e+00 0.000000000000000000e+00 7.920000000000000000e+02 0.000000000000000000e+00 0.000000000000000000e+00 1.000000000000000000e+00
0.000000000000000000e+00 5.320000000000000000e+02 2.259999999999999787e+00 0.000000000000000000e+00 -9.367795106231214808e-01 2.259546199282270670e-03 1.000000000000000000e+00 0.000000000000000000e+00 7.920000000000000000e+02 0.000000000000000000e+00 0.000000000000000000e+00 1.000000000000000000e+00
0.000000000000000000e+00 5.320000000000000000e+02 2.270000000000000018e+00 0.000000000000000000e+00 -9.285961988524344957e-01 7.163790585198337446e-03 0.000000000000000000e+00 0.000000000000000000e+00 7.920000000000000000e+02 0.000000000000000000e+00 0.000000000000000000e+00 1.000000000000000000e+00
0.000000000000000000e+00 5.320000000000000000e+02 2.279999999999999805e+00 0.000000000000000000e+00 -9.207515817678709746e-01 1.645883016033469586e-03 1.000000000000000000e+00 0.000000000000000000e+00 7.920000000000000000e+02 0.000000000000000000e+00 0.000000000000000000e+00 1.000000000000000000e+00
0.000000000000000000e+00 5.320000000000000000e+02 2.290000000000000036e+00 0.000000000000000000e+00 -9.119744628335448855e-01 7.538165269027476828e-03 0.000000000000000000e+00 0.000000000000000000e+00 7.920000000000000000e+02 0.000000000000000000e+00 0.000000000000000000e+00 1.000000000000000000e+00
0.000000000000000000e+00 5.320000000000000000e+02 2.299999999999999822e+00 0.000000000000000000e+00 -9.035296738389742011e-01 6.785316729852577250e-03 0.000000000000000000e+00 0.000000000000000000e+00 7.920000000000000000e+02 0.000000000000000000e+00 0.000000000000000000e+00 1.000000000000000000e+00
0.000000000000000000e+00 5.320000000000000000e+02 2.310000000000000053e+00 0.000000000000000000e+00 -8.954139811303445384e-01 9.605080999689867560e-04 1.000000000000000000e+00 0.000000000000000000e+00 7.920000000000000000e+02 0.000000000000000000e+00 0.000000000000000000e+00 1.000000000000000000e+00
0.000000000000000000e+00 5.320000000000000000e+02 2.319999999999999840e+00 0.000000000000000000e+00 -8.861378452438026798e-01 5.424881996424973235e-03 0.000000000000000000e+00 0.000000000000000000e+00 7.920000000000000000e+02 0.000000000000000000e+00 0.000000000000000000e+00 1.000000000000000000e+00
0.000000000000000000e+00 5.320000000000000000e+02 2.329999999999999627e+00 0.000000000000000000e+00 -8.771841460152447478e-01 4.816447712954492061e-03 0.000000000000000000e+00 0.000000000000000000e+00 7.920000000000000000e+02 0.000000000000000000e+00 0.000000000000000000e+00 1.000000000000000000e+00
0.000000000000000000e+00 5.320000000000000000e+02 2.339999999999999858e+00 0.000000000000000000e+00 -8.685494549204434422e-01 5.154265719950583413e-04 1.000000000000000000e+00 0.000000000000000000e+00 7.920000000000000000e+02 0.000000000000000000e+00 0.000000000000000000e+00 1.000000000000000000e+00
0.000000000000000000e+00 5.320000000000000000e+02 2.349999999999999645e+00 0.000000000000000000e+00 -8.585435730737603910e-01 4.328810345404762727e-03 0.000000000000000000e+00 0.000000000000000000e+00 7.920000000000000000e+02 0.000000000000000000e+00 0.000000000000000000e+00 1.000000000000000000e+00
0.000000000000000000e+00 5.320000000000000000e+02 2.359999999999999876e+00 0.000000000000000000e+00 -8.488495615673576911e-01 5.580390931696373874e-03 0.000000000000000000e+00 0.000000000000000000e+00 7.920000000000000000e+02 0.000000000000000000e+00 0.000000000000000000e+00 1.000000000000000000e+00
0.000000000000000000e+00 5.320000000000000000e+02 2.369999999999999662e+00 0.000000000000000000e+00 -8.394637083988029103e-01 3.334416598312656133e-03 0.000000000000000000e+00 0.000000000000000000e+00 7.920000000000000000e+02 0.000000000000000000e+00 0.000000000000000000e+00 1.000000000000000000e+00
0.000000000000000000e+00 5.320000000000000000e+02 2.379999999999999893e+00 0.000000000000000000e+00 -8.303824195647511175e-01 1.931579932780865243e-04 1.000000000000000000e+00 0.000000000000000000e+00 7.920000000000000000e+02 0.000000000000000000e+00 0.000000000000000000e+00 1.000000000000000000e+00
0.000000000000000000e+00 5.320000000000000000e+02 2.389999999999999680e+00 0.000000000000000000e+00 -8.197269628579703094e-01 2.514266292093735727e-03 0.000000000000000000e+00 0.000000000000000000e+00 7.920000000000000000e+02 0.000000000000000000e+00 0.000000000000000000e+00 1.000000000000000000e+00
0.000000000000000000e+00 5.320000000000000000e+02 2.399999999999999911e+00 0.000000000000000000e+00 -8.093685129490216790e-01 3.396765036233548654e-03 0.000000000000000000e+00 0.000000000000000000e+00 7.920000000000000000e+02 0.000000000000000000e+00 0.000000000000000000e+00 1.000000000000000000e+00
0.000000000000000000e+00 5.320000000000000000e+02 2.409999999999999698e+00 0.000000000000000000e+00 -7.993031034106703459e-01 1.851519621737820337e-03 0.000000000000000000e+00 0.000000000000000000e+00 7.920000000000000000e+02 0.000000000000000000e+00 0.000000000000000000e+00 1.000000000000000000e+00
0.000000000000000000e+00 5.320000000000000000e+02 2.419999999999999929e+00 0.000000000000000000e+00 -7.895268800258397057e-01 5.858900497006521661e-05 1.000000000000000000e+00 0.000000000000000000e+00 7.920000000000000000e+02 0.000000000000000000e+00 0.000000000000000000e+00 1.000000000000000000e+00
0.000000000000000000e+00 5.320000000000000000e+02 2.429999999999999716e+00 0.000000000000000000e+00 -7.779852581804627132e-01 1.488642219420714327e-03 0.000000000000000000e+00 0.000000000000000000e+00 7.920000000000000000e+02 0.000000000000000000e+00 0.000000000000000000e+00 1.000000000000000000e+00
0.000000000000000000e+00 5.320000000000000000e+02 2.439999999999999947e+00 0.000000000000000000e+00 -7.667246595218834004e-01 2.663397543243305882e-03 0.000000000000000000e+00 0.000000000000000000e+00 7.920000000000000000e+02 0.000000000000000000e+00 0.000000000000000000e+00 1.000000000000000000e+00
0.000000000000000000e+00 5.320000000000000000e+02 2.449999999999999734e+00 0.000000000000000000e+00 -7.557407721747164686e-01 2.303148737519055897e-03 0.000000000000000000e+00 0.000000000000000000e+00 7.920000000000000000e+02 0.000000000000000000e+00 0.000000000000000000e+00 1.000000000000000000e+00
0.000000000000000000e+00 5.320000000000000000e+02 2.459999999999999964e+00 0.000000000000000000e+00 -7.450293902210589625e-01 8.706288588457133243e-04 0.000000000000000000e+00 0.000000000000000000e+00 7.920000000000000000e+02 0.000000000000000000e+00 0.000000000000000000e+00 1.000000000000000000e+00
0.000000000000000000e+00 5.320000000000000000e+02 2.469999999999999751e+00 0.000000000000000000e+00 -7.345864120899734395e-01 8.832112306679106191e-06 1.000000000000000000e+00 0.000000000000000000e+00 7.920000000000000000e+02 0.000000000000000000e+00 0.000000000000000000e+00 1.000000000000000000e+00
0.000000000000000000e+00 5.320000000000000000e+02 2.479999999999999982e+00 0.000000000000000000e+00 -7.202236535434012321e-01 8.036842613995042947e-04 0.000000000000000000e+00 0.000000000000000000e+00 7.920000000000000000e+02 0.000000000000000000e+00 0.000000000000000000e+00 1.000000000000000000e+00
0.000000000000000000e+00 5.320000000000000000e+02 2.489999999999999769e+00 0.000000000000000000e+00 -7.061198002795228135e-01 2.592756418852691994e-03 0.000000000000000000e+00 0.000000000000000000e+00 7.920000000000000000e+02 0.000000000000000000e+00 0.000000000000000000e+00 1.000000000000000000e+00
0.000000000000000000e+00 5.320000000000000000e+02 2.500000000000000000e+00 0.000000000000000000e+00 -6.922694516922442975e-01 4.391870200190731155e-03 0.000000000000000000e+00 0.000000000000000000e+00 7.920000000000000000e+02 0.000000000000000000e+00 0.000000000000000000e+00 1.000000000000000000e+00
0.000000000000000000e+00 5.320000000000000000e+02 2.509999999999999787e+00 0.000000000000000000e+00 -6.786673042467383787e-01 5.736004929568588179e-03 0.000000000000000000e+00 0.000000000000000000e+00 7.920000000000000000e+02 0.000000000000000000e+00 0.000000000000000000e+00 1.000000000000000000e+00
0.000000000000000000e+00 5.320000000000000000e+02 2.520000000000000018e+00 0.000000000000000000e+00 -6.653081494486314806e-01 6.480434121900437855e-03 0.000000000000000000e+00 0.000000000000000000e+00 7.920000000000000000e+02 0.000000000000000000e+00 0.000000000000000000e+00 1.000000000000000000e+00
0.000000000000000000e+00 5.320000000000000000e+02 2.529999999999999805e+00 0.000000000000000000e+00 -6.521868718495793527e-01 6.615256416356969649e-03 0.000000000000000000e+00 0.000000000000000000e+00 7.920000000000000000e+02 0.000000000000000000e+00 0.000000000000000000e+00 1.000000000000000000e+00
0.000000000000000000e+00 5.320000000000000000e+02 2.540000000000000036e+00 0.000000000000000000e+00 -6.392984470884782722e-01 6.193596778201689718e-03 0.000000000000000000e+00 0.000000000000000000e+00 7.920000000000000000e+02 0.000000000000000000e+00 0.000000000000000000e+00 1.000000000000000000e+00
0.000000000000000000e+00 5.320000000000000000e+02 2.549999999999999822e+00 0.000000000000000000e+00 -6.266379399675492401e-01 5.307888443988311583e-03 0.000000000000000000e+00 0.000000000000000000e+00 7.920000000000000000e+02 0.000000000000000000e+00 0.000000000000000000e+00 1.000000000000000000e+00
0.000000000000000000e+00 5.320000000000000000e+02 2.560000000000000053e+00 0.000000000000000000e+00 -6.142005025625664194e-01 4.087221567741366329e-03 0.000000000000000000e+00 0.000000000000000000e+00 7.920000000000000000e+02 0.000000000000000000e+00 0.000000000000000000e+00 1.000000000000000000e+00
0.000000000000000000e+00 5.320000000000000000e+02 2.569999999999999840e+00 0.000000000000000000e+00 -6.019813723665058403e-01 2.705672575870243096e-03 0.000000000000000000e+00 0.000000000000000000e+00 7.920000000000000000e+02 0.000000000000000000e+00 0.000000000000000000e+00 1.000000000000000000e+00
0.000000000000000000e+00 5.320000000000000000e+02 2.579999999999999627e+00 0.000000000000000000e+00 -5.899758704658987218e-01 1.394158883231808380e-03 0.000000000000000000e+00 0.000000000000000000e+00 7.920000000000000000e+02 0.000000000000000000e+00 0.000000000000000000e+00 1.000000000000000000e+00
0.000000000000000000e+00 5.320000000000000000e+02 2.589999999999999858e+00 0.000000000000000000e+00 -5.781793997491957438e-01 4.325582195234419468e-04 0.000000000000000000e+00 0.000000000000000000e+00 7.920000000000000000e+02 0.000000000000000000e+00 0.000000000000000000e+00 1.000000000000000000e+00
0.000000000000000000e+00 5.320000000000000000e+02 2.599999999999999645e+00 0.000000000000000000e+00 -5.665874431464557048e-01 3.206985649162373900e-05 0.000000000000000000e+00 0.000000000000000000e+00 7.920000000000000000e+02 0.000000000000000000e+00 0.000000000000000000e+00 1.000000000000000000e+00
0.000000000000000000e+00 5.320000000000000000e+02 2.609999999999999876e+00 0.000000000000000000e+00 -5.551955618996811115e-01 9.817302074807742797e-11 1.000000000000000000e+00 1.000000000000000000e+00 7.920000000000000000e+02 0.000000000000000000e+00 0.000000000000000000e+00 1.000000000000000000e+00
0.000000000000000000e+00 5.320000000000000000e+02 2.619999999999999662e+00 0.000000000000000000e+00 -5.429180107530170440e-01 2.288049380177716247e-05 0.000000000000000000e+00 0.000000000000000000e+00 7.920000000000000000e+02 0.000000000000000000e+00 0.000000000000000000e+00 1.000000000000000000e+00
0.000000000000000000e+00 5.320000000000000000e+02 2.629999999999999893e+00 0.000000000000000000e+00 -5.308314715327413502e-01 2.883422826761793643e-04 0.000000000000000000e+00 0.000000000000000000e+00 7.920000000000000000e+02 0.000000000000000000e+00 0.000000000000000000e+00 1.000000000000000000e+00
0.000000000000000000e+00 5.320000000000000000e+02 2.639999999999999680e+00 0.000000000000000000e+00 -5.189313160967327088e-01 8.988420581649714941e-04 0.000000000000000000e+00 0.000000000000000000e+00 7.920000000000000000e+02 0.000000000000000000e+00 0.000000000000000000e+00 1.000000000000000000e+00
0.000000000000000000e+00 5.320000000000000000e+02 2.649999999999999911e+00 0.000000000000000000e+00 -5.072129876724008612e-01 1.715619392729359274e-03 0.000000000000000000e+00 0.000000000000000000e+00 7.920000000000000000e+02 0.000000000000000000e+00 0.000000000000000000e+00 1.000000000000000000e+00
0.000000000000000000e+00 5.320000000000000000e+02 2.659999999999999698e+00 0.000000000000000000e+00 -4.956719991118219704e-01 2.583982023433567879e-03 0.000000000000000000e+00 0.000000000000000000e+00 7.920000000000000000e+02 0.000000000000000000e+00 0.000000000000000000e+00 1.000000000000000000e+00
0.000000000000000000e+00 5.320000000000000000e+02 2.669999999999999929e+00 0.000000000000000000e+00 -4.843039311735315433e-01 3.395491518694813277e-03 0.000000000000000000e+00 0.000000000000000000e+00 7.920000000000000000e+02 0.000000000000000000e+00 0.000000000000000000e+00 1.000000000000000000e+00
0.000000000000000000e+00 5.320000000000000000e+02 2.679999999999999716e+00 0.000000000000000000e+00 -4.731044308303227197e-01 4.084050188380861784e-03 0.000000000000000000e+00 0.000000000000000000e+00 7.920000000000000000e+02 0.000000000000000000e+00 0.000000000000000000e+00 1.000000000000000000e+00
0.000000000000000000e+00 5.320000000000000000e+02 2.689999999999999947e+00 0.000000000000000000e+00 -4.620692096023967799e-01 4.613200501721956975e-03 0.000000000000000000e+00 0.000000000000000000e+00 7.920000000000000000e+02 0.000000000000000000e+00 0.000000000000000000e+00 1.000000000000000000e+00
0.000000000000000000e+00 5.320000000000000000e+02 2.699999999999999734e+00 0.000000000000000000e+00 -4.511940419152323800e-01 4.966074315325096772e-03 0.000000000000000000e+00 0.000000000000000000e+00 7.920000000000000000e+02 0.000000000000000000e+00 0.000000000000000000e+00 1.000000000000000000e+00
0.000000000000000000e+00 5.320000000000000000e+02 2.709999999999999964e+00 0.000000000000000000e+00 -4.404747634815395219e-01 5.138782041893073804e-03 0.000000000000000000e+00 0.000000000000000000e+00 7.920000000000000000e+02 0.000000000000000000e+00 0.000000000000000000e+00 1.000000000000000000e+00
0.000000000000000000e+00 5.320000000000000000e+02 2.719999999999999751e+00 0.000000000000000000e+00 -4.299072697066840809e-01 5.136332069643343573e-03 0.000000000000000000e+00 0.000000000000000000e+00 7.920000000000000000e+02 0.000000000000000000e+00 0.000000000000000000e+00 1.000000000000000000e+00
0.000000000000000000e+00 5.320000000000000000e+02 2.729999999999999982e+00 0.000000000000000000e+00 -4.194875141169676080e-01 4.970222101383821312e-03 0.000000000000000000e+00 0.000000000000000000e+00 7.920000000000000000e+02 0.000000000000000000e+00 0.000000000000000000e+00 1.000000000000000000e+00
0.000000000000000000e+00 5.320000000000000000e+02 2.739999999999999769e+00 0.000000000000000000e+00 -4.092115068101639941e-01 4.657114837220890230e-03 0.000000000000000000e+00 0.000000000000000000e+00 7.920000000000000000e+02 0.000000000000000000e+00 0.000000000000000000e+00 1.000000000000000000e+00
0.000000000000000000e+00 5.320000000000000000e+02 2.750000000000000000e+00 0.000000000000000000e+00 -3.990753129277177513e-01 4.218222548842479047e-03 0.000000000000000000e+00 0.000000000000000000e+00 7.920000000000000000e+02 0.000000000000000000e+00 0.000000000000000000e+00 1.000000000000000000e+00
0.000000000000000000e+00 5.320000000000000000e+02 2.759999999999999787e+00 0.000000000000000000e+00 -3.890750511480194351e-01 3.679153571058545180e-03 0.000000000000000000e+00 0.000000000000000000e+00 7.920000000000000000e+02 0.000000000000000000e+00 0.000000000000000000e+00 1.000000000000000000e+00
0.000000000000000000e+00 5.320000000000000000e+02 2.770000000000000018e+00 0.000000000000000000e+00 -3.792068922001813336e-01 3.070030069378764520e-03 0.000000000000000000e+00 0.000000000000000000e+00 7.920000000000000000e+02 0.000000000000000000e+00 0.000000000000000000e+00 1.000000000000000000e+00
0.000000000000000000e+00 5.320000000000000000e+02 2.779999999999999805e+00 0.000000000000000000e+00 -3.694670573977443806e-01 2.425672057473243423e-03 0.000000000000000000e+00 0.000000000000000000e+00 7.920000000000000000e+02 0.000000000000000000e+00 0.000000000000000000e+00 1.000000000000000000e+00
0.000000000000000000e+00 5.320000000000000000e+02 2.790000000000000036e+00 0.000000000000000000e+00 -3.598518171917547970e-01 1.785535205520355495e-03 0.000000000000000000e+00 0.000000000000000000e+00 7.920000000000000000e+02 0.000000000000000000e+00 0.000000000000000000e+00 1.000000000000000000e+00
0.000000000000000000e+00 5.320000000000000000e+02 2.799999999999999822e+00 0.000000000000000000e+00 -3.503574897426556256e-01 1.192832309073688091e-03 0.000000000000000000e+00 0.000000000000000000e+00 7.920000000000000000e+02 0.000000000000000000e+00 0.000000000000000000e+00 1.000000000000000000e+00
0.000000000000000000e+00 5.320000000000000000e+02 2.810000000000000053e+00 0.000000000000000000e+00 -3.409804395104482078e-01 6.917642483478840185e-04 0.000000000000000000e+00 0.000000000000000000e+00 7.920000000000000000e+02 0.000000000000000000e+00 0.000000000000000000e+00 1.000000000000000000e+00
0.000000000000000000e+00 5.320000000000000000e+02 2.819999999999999840e+00 0.000000000000000000e+00 -3.317170758625812566e-01 3.209760946619095480e-04 0.000000000000000000e+00 0.000000000000000000e+00 7.920000000000000000e+02 0.000000000000000000e+00 0.000000000000000000e+00 1.000000000000000000e+00
0.000000000000000000e+00 5.320000000000000000e+02 2.829999999999999627e+00 0.000000000000000000e+00 -3.225638516990367299e-01 1.007274785413613764e-04 0.000000000000000000e+00 0.000000000000000000e+00 7.920000000000000000e+02 0.000000000000000000e+00 0.000000000000000000e+00 1.000000000000000000e+00
0.000000000000000000e+00 5.320000000000000000e+02 2.839999999999999858e+00 0.000000000000000000e+00 -3.135172620940849808e-01 1.413299305273293320e-05 0.000000000000000000e+00 0.000000000000000000e+00 7.920000000000000000e+02 0.000000000000000000e+00 0.000000000000000000e+00 1.000000000000000000e+00
0.000000000000000000e+00 5.320000000000000000e+02 2.849999999999999645e+00 0.000000000000000000e+00 -3.045738429541878789e-01 2.196374312611787166e-07 0.000000000000000000e+00 0.000000000000000000e+00 7.920000000000000000e+02 0.000000000000000000e+00 0.000000000000000000e+00 1.000000000000000000e+00
0.000000000000000000e+00 5.320000000000000000e+02 2.859999999999999876e+00 0.000000000000000000e+00 -2.957301696915396461e-01 1.593789116625140132e-14 1.000000000000000000e+00 0.000000000000000000e+00 7.920000000000000000e+02 0.000000000000000000e+00 0.000000000000000000e+00 1.000000000000000000e+00
0.000000000000000000e+00 5.320000000000000000e+02 2.869999999999999662e+00 0.000000000000000000e+00 -2.820020927917075704e-01 1.585640083091817881e-07 0.000000000000000000e+00 0.000000000000000000e+00 7.920000000000000000e+02 0.000000000000000000e+00 0.000000000000000000e+00 1.000000000000000000e+00
0.000000000000000000e+00 5.320000000000000000e+02 2.879999999999999893e+00 0.000000000000000000e+00 -2.683651186608051464e-01 9.259034010027230536e-06 0.000000000000000000e+00 0.000000000000000000e+00 7.920000000000000000e+02 0.000000000000000000e+00 0.000000000000000000e+00 1.000000000000000000e+00
0.000000000000000000e+00 5.320000000000000000e+02 2.889999999999999680e+00 0.000000000000000000e+00 -2.548140254687257245e-01 6.272142472502344624e-05 0.000000000000000000e+00 0.000000000000000000e+00 7.920000000000000000e+02 0.000000000000000000e+00 0.000000000000000000e+00 1.000000000000000000e+00
0.000000000000000000e+00 5.320000000000000000e+02 2.899999999999999911e+00 0.000000000000000000e+00 -2.413436242706398505e-01 1.936440395783796137e-04 0.000000000000000000e+00 0.000000000000000000e+00 7.920000000000000000e+02 0.000000000000000000e+00 0.000000000000000000e+00 1.000000000000000000e+00
0.000000000000000000e+00 5.320000000000000000e+02 2.909999999999999698e+00 0.000000000000000000e+00 -2.279487570200592339e-01 4.088825586355247267e-04 0.000000000000000000e+00 0.000000000000000000e+00 7.920000000000000000e+02 0.000000000000000000e+00 0.000000000000000000e+00 1.000000000000000000e+00
0.000000000000000000e+00 5.320000000000000000e+02 2.919999999999999929e+00 0.000000000000000000e+00 -2.146242945937333335e-01 6.963676389344095399e-04 0.000000000000000000e+00 0.000000000000000000e+00 7.920000000000000000e+02 0.000000000000000000e+00 0.000000000000000000e+00 1.000000000000000000e+00
0.000000000000000000e+00 5.320000000000000000e+02 2.929999999999999716e+00 0.000000000000000000e+00 -2.013651348276202513e-01 1.036599649978556248e-03 0.000000000000000000e+00 0.000000000000000000e+00 7.920000000000000000e+02 0.000000000000000000e+00 0.000000000000000000e+00 1.000000000000000000e+00
0.000000000000000000e+00 5.320000000000000000e+02 2.939999999999999947e+00 0.000000000000000000e+00 -1.881662005631807855e-01 1.409458108992799746e-03 0.000000000000000000e+00 0.000000000000000000e+00 7.920000000000000000e+02 0.000000000000000000e+00 0.000000000000000000e+00 1.000000000000000000e+00
0.000000000000000000e+00 5.320000000000000000e+02 2.949999999999999734e+00 0.000000000000000000e+00 -1.750224377032483236e-01 1.797156257911906516e-03 0.000000000000000000e+00 0.000000000000000000e+00 7.920000000000000000e+02 0.000000000000000000e+00 0.000000000000000000e+00 1.000000000000000000e+00
0.000000000000000000e+00 5.320000000000000000e+02 2.959999999999999964e+00 0.000000000000000000e+00 -1.619288132767284505e-01 2.185134812959742961e-03 0.000000000000000000e+00 0.000000000000000000e+00 7.920000000000000000e+02 0.000000000000000000e+00 0.000000000000000000e+00 1.000000000000000000e+00
0.000000000000000000e+00 5.320000000000000000e+02 2.969999999999999751e+00 0.000000000000000000e+00 -1.488803135113885567e-01 2.562029247223355025e-03 0.000000000000000000e+00 0.000000000000000000e+00 7.920000000000000000e+02 0.000000000000000000e+00 0.000000000000000000e+00 1.000000000000000000e+00
0.000000000000000000e+00 5.320000000000000000e+02 2.979999999999999982e+00 0.000000000000000000e+00 -1.358719419139985674e-01 2.919285627198661692e-03 0.000000000000000000e+00 0.000000000000000000e+00 7.920000000000000000e+02 0.000000000000000000e+00 0.000000000000000000e+00 1.000000000000000000e+00
0.000000000000000000e+00 5.320000000000000000e+02 2.989999999999999769e+00 0.000000000000000000e+00 -1.228987173570891267e-01 3.250688277633893147e-03 0.000000000000000000e+00 0.000000000000000000e+00 7.920000000000000000e+02 0.000000000000000000e+00 0.000000000000000000e+00 1.000000000000000000e+00
0.000000000000000000e+00 5.320000000000000000e+02 3.000000000000000000e+00 0.000000000000000000e+00 -1.099556721715920504e-01 3.551908994198528513e-03 0.000000000000000000e+00 0.000000000000000000e+00 7.920000000000000000e+02 0.000000000000000000e+00 0.000000000000000000e+00 1.000000000000000000e+00
0.000000000000000000e+00 5.320000000000000000e+02 3.009999999999999787e+00 0.000000000000000000e+00 -9.703785024463587594e-02 3.820116405916104685e-03 0.000000000000000000e+00 0.000000000000000000e+00 7.920000000000000000e+02 0.000000000000000000e+00 0.000000000000000000e+00 1.000000000000000000e+00
0.000000000000000000e+00 5.320000000000000000e+02 3.020000000000000018e+00 0.000000000000000000e+00 -8.414030512176481902e-02 4.053652932405619330e-03 0.000000000000000000e+00 0.000000000000000000e+00 7.920000000000000000e+02 0.000000000000000000e+00 0.000000000000000000e+00 1.000000000000000000e+00
0.000000000000000000e+00 5.320000000000000000e+02 3.029999999999999805e+00 0.000000000000000000e+00 -7.125809811285779838e-02 4.251774282951148454e-03 0.000000000000000000e+00 0.000000000000000000e+00 7.920000000000000000e+02 0.000000000000000000e+00 0.000000000000000000e+00 1.000000000000000000e+00
0.000000000000000000e+00 5.320000000000000000e+02 3.040000000000000036e+00 0.000000000000000000e+00 -5.838629640101896529e-02 4.414442372140631871e-03 0.000000000000000000e+00 0.000000000000000000e+00 7.920000000000000000e+02 0.000000000000000000e+00 0.000000000000000000e+00 1.000000000000000000e+00
0.000000000000000000e+00 5.320000000000000000e+02 3.049999999999999822e+00 0.000000000000000000e+00 -4.551997115371860664e-02 4.542162072088840735e-03 0.000000000000000000e+00 0.000000000000000000e+00 7.920000000000000000e+02 0.000000000000000000e+00 0.000000000000000000e+00 1.000000000000000000e+00
0.000000000000000000e+00 5.320000000000000000e+02 3.060000000000000053e+00 0.000000000000000000e+00 -3.265419563545864795e-02 4.635853168887423686e-03 0.000000000000000000e+00 0.000000000000000000e+00 7.920000000000000000e+02 0.000000000000000000e+00 0.000000000000000000e+00 1.000000000000000000e+00
0.000000000000000000e+00 5.320000000000000000e+02 3.069999999999999840e+00 0.000000000000000000e+00 -1.978404332124141657e-02 4.696750250240657593e-03 0.000000000000000000e+00 0.000000000000000000e+00 7.920000000000000000e+02 0.000000000000000000e+00 0.000000000000000000e+00 1.000000000000000000e+00
0.000000000000000000e+00 5.320000000000000000e+02 3.080000000000000071e+00 0.000000000000000000e+00 -6.904586010119694028e-03 4.726324603692679677e-03 0.000000000000000000e+00 0.000000000000000000e+00 7.920000000000000000e+02 0.000000000000000000e+00 0.000000000000000000e+00 1.000000000000000000e+00
0.000000000000000000e+00 5.320000000000000000e+02 3.089999999999999858e+00 0.000000000000000000e+00 5.989108061896182555e-03 4.726223394630114927e-03 0.000000000000000000e+00 0.000000000000000000e+00 7.920000000000000000e+02 0.000000000000000000e+00 0.000000000000000000e+00 1.000000000000000000e+00
0.000000000000000000e+00 5.320000000000000000e+02 3.099999999999999645e+00 0.000000000000000000e+00 1.890197611029429542e-02 4.698222381238306711e-03 0.000000000000000000e+00 0.000000000000000000e+00 7.920000000000000000e+02 0.000000000000000000e+00 0.000000000000000000e+00 1.000000000000000000e+00
0.000000000000000000e+00 5.320000000000000000e+02 3.109999999999999876e+00 0.000000000000000000e+00 3.183896269260556161e-02 4.644189219064703833e-03 0.000000000000000000e+00 0.000000000000000000e+00 7.920000000000000000e+02 0.000000000000000000e+00 0.000000000000000000e+00 1.000000000000000000e+00
0.000000000000000000e+00 5.320000000000000000e+02 3.119999999999999662e+00 0.000000000000000000e+00 4.480502160175908050e-02 4.566055037113509601e-03 0.000000000000000000e+00 0.000000000000000000e+00 7.920000000000000000e+02 0.000000000000000000e+00 0.000000000000000000e+00 1.000000000000000000e+00
0.000000000000000000e+00 5.320000000000000000e+02 3.129999999999999893e+00 0.000000000000000000e+00 5.780511776297402732e-02 4.465792460008249920e-03 0.000000000000000000e+00 0.000000000000000000e+00 7.920000000000000000e+02 0.000000000000000000e+00 0.000000000000000000e+00 1.000000000000000000e+00
0.000000000000000000e+00 5.320000000000000000e+02 3.139999999999999680e+00 0.000000000000000000e+00 7.084422913491428275e-02 4.345398633933940380e-03 0.000000000000000000e+00 0.000000000000000000e+00 7.920000000000000000e+02 0.000000000000000000e+00 0.000000000000000000e+00 1.000000000000000000e+00
0.000000000000000000e+00 5.320000000000000000e+02 3.149999999999999911e+00 0.000000000000000000e+00 8.392734861583356354e-02 4.206882110851586920e-03 0.000000000000000000e+00 0.000000000000000000e+00 7.920000000000000000e+02 0.000000000000000000e+00 0.000000000000000000e+00 1.000000000000000000e+00
0.000000000000000000e+00 5.320000000000000000e+02 3.159999999999999698e+00 0.000000000000000000e+00 9.705948595544178215e-02 4.052252674578558922e-03 0.000000000000000000e+00 0.000000000000000000e+00 7.920000000000000000e+02 0.000000000000000000e+00 0.000000000000000000e+00 1.000000000000000000e+00
0.000000000000000000e+00 5.320000000000000000e+02 3.169999999999999929e+00 0.000000000000000000e+00 1.102456696732230790e-01 3.883513368567226981e-03 0.000000000000000000e+00 0.000000000000000000e+00 7.920000000000000000e+02 0.000000000000000000e+00 0.000000000000000000e+00 1.000000000000000000e+00
0.000000000000000000e+00 5.320000000000000000e+02 3.179999999999999716e+00 0.000000000000000000e+00 1.234909489839423613e-01 3.702654120178960201e-03 0.000000000000000000e+00 0.000000000000000000e+00 7.920000000000000000e+02 0.000000000000000000e+00 0.000000000000000000e+00 1.000000000000000000e+00
0.000000000000000000e+00 5.320000000000000000e+02 3.189999999999999947e+00 0.000000000000000000e+00 1.368003957310755525e-01 3.511646458939678139e-03 0.000000000000000000e+00 0.000000000000000000e+00 7.920000000000000000e+02 0.000000000000000000e+00 0.000000000000000000e+00 1.000000000000000000e+00
0.000000000000000000e+00 5.320000000000000000e+02 3.199999999999999734e+00 0.000000000000000000e+00 1.501791063289045214e-01 3.312438903652459299e-03 0.000000000000000000e+00 0.000000000000000000e+00 7.920000000000000000e+02 0.000000000000000000e+00 0.000000000000000000e+00 1.000000000000000000e+00
0.000000000000000000e+00 5.320000000000000000e+02 3.209999999999999964e+00 0.000000000000000000e+00 1.636322037140218177e-01 3.106952650769410212e-03 0.000000000000000000e+00 0.000000000000000000e+00 7.920000000000000000e+02 0.000000000000000000e+00 0.000000000000000000e+00 1.000000000000000000e+00
0.000000000000000000e+00 5.320000000000000000e+02 3.219999999999999751e+00 0.000000000000000000e+00 1.771648393069908400e-01 2.897077238374404923e-03 0.000000000000000000e+00 0.000000000000000000e+00 7.920000000000000000e+02 0.000000000000000000e+00 0.000000000000000000e+00 1.000000000000000000e+00
0.000000000000000000e+00 5.320000000000000000e+02 3.229999999999999982e+00 0.000000000000000000e+00 1.907821949849109189e-01 2.684665889970745678e-03 0.000000000000000000e+00 0.000000000000000000e+00 7.920000000000000000e+02 0.000000000000000000e+00 0.000000000000000000e+00 1.000000000000000000e+00
0.000000000000000000e+00 5.320000000000000000e+02 3.239999999999999769e+00 0.000000000000000000e+00 2.044894850656484575e-01 2.471530262925583643e-03 0.000000000000000000e+00 0.000000000000000000e+00 7.920000000000000000e+02 0.000000000000000000e+00 0.000000000000000000e+00 1.000000000000000000e+00
0.000000000000000000e+00 5.320000000000000000e+02 3.250000000000000000e+00 0.000000000000000000e+00 2.182919583044873879e-01 2.259434340532598048e-03 0.000000000000000000e+00 0.000000000000000000e+00 7.920000000000000000e+02 0.000000000000000000e+00 0.000000000000000000e+00 1.000000000000000000e+00
0.000000000000000000e+00 5.320000000000000000e+02 3.259999999999999787e+00 0.000000000000000000e+00 2.321948999039665229e-01 2.050087216795080935e-03 0.000000000000000000e+00 0.000000000000000000e+00 7.920000000000000000e+02 0.000000000000000000e+00 0.000000000000000000e+00 1.000000000000000000e+00
0.000000000000000000e+00 5.320000000000000000e+02 3.270000000000000018e+00 0.000000000000000000e+00 2.462036335376753260e-01 1.845134531982860551e-03 0.000000000000000000e+00 0.000000000000000000e+00 7.920000000000000000e+02 0.000000000000000000e+00 0.000000000000000000e+00 1.000000000000000000e+00
0.000000000000000000e+00 5.320000000000000000e+02 3.279999999999999805e+00 0.000000000000000000e+00 2.603235233887779554e-01 1.646148328026285010e-03 0.000000000000000000e+00 0.000000000000000000e+00 7.920000000000000000e+02 0.000000000000000000e+00 0.000000000000000000e+00 1.000000000000000000e+00
0.000000000000000000e+00 5.320000000000000000e+02 3.290000000000000036e+00 0.000000000000000000e+00 2.745599762040509262e-01 1.454615109913256696e-03 0.000000000000000000e+00 0.000000000000000000e+00 7.920000000000000000e+02 0.000000000000000000e+00 0.000000000000000000e+00 1.000000000000000000e+00
0.000000000000000000e+00 5.320000000000000000e+02 3.299999999999999822e+00 0.000000000000000000e+00 2.889184433642191796e-01 1.271921927653258538e-03 0.000000000000000000e+00 0.000000000000000000e+00 7.920000000000000000e+02 0.000000000000000000e+00 0.000000000000000000e+00 1.000000000000000000e+00
0.000000000000000000e+00 5.320000000000000000e+02 3.310000000000000053e+00 0.000000000000000000e+00 3.034044229713824814e-01 1.099340339872372299e-03 0.000000000000000000e+00 0.000000000000000000e+00 7.920000000000000000e+02 0.000000000000000000e+00 0.000000000000000000e+00 1.000000000000000000e+00
0.000000000000000000e+00 5.320000000000000000e+02 3.319999999999999840e+00 0.000000000000000000e+00 3.180234619543321206e-01 9.380081936323095629e-04 0.000000000000000000e+00 0.000000000000000000e+00 7.920000000000000000e+02 0.000000000000000000e+00 0.000000000000000000e+00 1.000000000000000000e+00
0.000000000000000000e+00 5.320000000000000000e+02 3.330000000000000071e+00 0.000000000000000000e+00 3.327811581925653739e-01 7.889092672071235796e-04 0.000000000000000000e+00 0.000000000000000000e+00 7.920000000000000000e+02 0.000000000000000000e+00 0.000000000000000000e+00 1.000000000000000000e+00
0.000000000000000000e+00 5.320000000000000000e+02 3.339999999999999858e+00 0.000000000000000000e+00 3.476831626598088087e-01 6.528509880209375921e-04 0.000000000000000000e+00 0.000000000000000000e+00 7.920000000000000000e+02 0.000000000000000000e+00 0.000000000000000000e+00 1.000000000000000000e+00
0.000000000000000000e+00 5.320000000000000000e+02 3.349999999999999645e+00 0.000000000000000000e+00 3.627351815878720465e-01 5.304406748203212285e-04 0.000000000000000000e+00 0.000000000000000000e+00 7.920000000000000000e+02 0.000000000000000000e+00 0.000000000000000000e+00 1.000000000000000000e+00
0.000000000000000000e+00 5.320000000000000000e+02 3.359999999999999876e+00 0.000000000000000000e+00 3.779429786516622092e-01 4.220610824206168232e-04 0.000000000000000000e+00 0.000000000000000000e+00 7.920000000000000000e+02 0.000000000000000000e+00 0.000000000000000000e+00 1.000000000000000000e+00
0.000000000000000000e+00 5.320000000000000000e+02 3.369999999999999662e+00 0.000000000000000000e+00 3.933123771761924403e-01 3.278464711423795773e-04 0.000000000000000000e+00 0.000000000000000000e+00 7.920000000000000000e+02 0.000000000000000000e+00 0.000000000000000000e+00 1.000000000000000000e+00
0.000000000000000000e+00 5.320000000000000000e+02 3.379999999999999893e+00 0.000000000000000000e+00 4.088492623664331527e-01 2.476610001474828689e-04 0.000000000000000000e+00 0.000000000000000000e+00 7.920000000000000000e+02 0.000000000000000000e+00 0.000000000000000000e+00 1.000000000000000000e+00
0.000000000000000000e+00 5.320000000000000000e+02 3.389999999999999680e+00 0.000000000000000000e+00 4.245595835608569901e-01 1.810819606473609584e-04 0.000000000000000000e+00 0.000000000000000000e+00 7.920000000000000000e+02 0.000000000000000000e+00 0.000000000000000000e+00 1.000000000000000000e+00
0.000000000000000000e+00 5.320000000000000000e+02 3.399999999999999911e+00 0.000000000000000000e+00 4.404493565095429219e-01 1.273911982302706591e-04 0.000000000000000000e+00 0.000000000000000000e+00 7.920000000000000000e+02 0.000000000000000000e+00 0.000000000000000000e+00 1.000000000000000000e+00
0.000000000000000000e+00 5.320000000000000000e+02 3.409999999999999698e+00 0.000000000000000000e+00 4.565246656777078860e-01 8.557894127531290134e-05 0.000000000000000000e+00 0.000000000000000000e+00 7.920000000000000000e+02 0.000000000000000000e+00 0.000000000000000000e+00 1.000000000000000000e+00
0.000000000000000000e+00 5.320000000000000000e+02 3.419999999999999929e+00 0.000000000000000000e+00 4.727916665755540482e-01 5.436496708702059574e-05 0.000000000000000000e+00 0.000000000000000000e+00 7.920000000000000000e+02 0.000000000000000000e+00 0.000000000000000000e+00 1.000000000000000000e+00
0.000000000000000000e+00 5.320000000000000000e+02 3.429999999999999716e+00 0.000000000000000000e+00 4.892565881153180252e-01 3.224224068415710090e-05 0.000000000000000000e+00 0.000000000000000000e+00 7.920000000000000000e+02 0.000000000000000000e+00 0.000000000000000000e+00 1.000000000000000000e+00
0.000000000000000000e+00 5.320000000000000000e+02 3.439999999999999947e+00 0.000000000000000000e+00 5.059257349964274564e-01 1.754725107931334608e-05 0.000000000000000000e+00 0.000000000000000000e+00 7.920000000000000000e+02 0.000000000000000000e+00 0.000000000000000000e+00 1.000000000000000000e+00
0.000000000000000000e+00 5.320000000000000000e+02 3.449999999999999734e+00 0.000000000000000000e+00 5.228054901196783621e-01 8.558367659216258288e-06 0.000000000000000000e+00 0.000000000000000000e+00 7.920000000000000000e+02 0.000000000000000000e+00 0.000000000000000000e+00 1.000000000000000000e+00
0.000000000000000000e+00 5.320000000000000000e+02 3.459999999999999964e+00 0.000000000000000000e+00 5.399023170313568265e-01 3.617624515904772626e-06 0.000000000000000000e+00 0.000000000000000000e+00 7.920000000000000000e+02 0.000000000000000000e+00 0.000000000000000000e+00 1.000000000000000000e+00
0.000000000000000000e+00 5.320000000000000000e+02 3.469999999999999751e+00 0.000000000000000000e+00 5.572227623982405342e-01 1.261821505380208432e-06 0.000000000000000000e+00 0.000000000000000000e+00 7.920000000000000000e+02 0.000000000000000000e+00 0.000000000000000000e+00 1.000000000000000000e+00
0.000000000000000000e+00 5.320000000000000000e+02 3.479999999999999982e+00 0.000000000000000000e+00 5.747734585144300690e-01 3.369435550606973519e-07 0.000000000000000000e+00 0.000000000000000000e+00 7.920000000000000000e+02 0.000000000000000000e+00 0.000000000000000000e+00 1.000000000000000000e+00
0.000000000000000000e+00 5.320000000000000000e+02 3.489999999999999769e+00 0.000000000000000000e+00 5.925611258409672066e-01 6.104716603297766339e-08 0.000000000000000000e+00 0.000000000000000000e+00 7.920000000000000000e+02 0.000000000000000000e+00 0.000000000000000000e+00 1.000000000000000000e+00
0.000000000000000000e+00 5.320000000000000000e+02 3.500000000000000000e+00 0.000000000000000000e+00 6.105925755792137588e-01 6.094505671046506956e-09 0.000000000000000000e+00 0.000000000000000000e+00 7.920000000000000000e+02 0.000000000000000000e+00 0.000000000000000000e+00 1.000000000000000000e+00
0.000000000000000000e+00 5.320000000000000000e+02 3.509999999999999787e+00 0.000000000000000000e+00 6.288747122789768440e-01 2.263309474481580218e-10 0.000000000000000000e+00 0.000000000000000000e+00 7.920000000000000000e+02 0.000000000000000000e+00 0.000000000000000000e+00 1.000000000000000000e+00
0.000000000000000000e+00 5.320000000000000000e+02 3.520000000000000018e+00 0.000000000000000000e+00 6.474145364823796767e-01 1.344852385795630330e-12 0.000000000000000000e+00 0.000000000000000000e+00 7.920000000000000000e+02 0.000000000000000000e+00 0.000000000000000000e+00 1.000000000000000000e+00
0.000000000000000000e+00 5.320000000000000000e+02 3.529999999999999805e+00 0.000000000000000000e+00 6.662191474044875106e-01 1.402794498216859639e-16 0.000000000000000000e+00 0.000000000000000000e+00 7.920000000000000000e+02 0.000000000000000000e+00 0.000000000000000000e+00 1.000000000000000000e+00
0.000000000000000000e+00 5.320000000000000000e+02 3.540000000000000036e+00 0.000000000000000000e+00 6.852957456517183576e-01 6.534658906029915367e-26 0.000000000000000000e+00 0.000000000000000000e+00 7.920000000000000000e+02 0.000000000000000000e+00 0.000000000000000000e+00 1.000000000000000000e+00
0.000000000000000000e+00 5.320000000000000000e+02 3.549999999999999822e+00 0.000000000000000000e+00 7.046516359790800932e-01 2.275078285535305621e-76 1.000000000000000000e+00 1.000000000000000000e+00 7.920000000000000000e+02 0.000000000000000000e+00 0.000000000000000000e+00 1.000000000000000000e+00
0.000000000000000000e+00 5.320000000000000000e+02 3.560000000000000053e+00 0.000000000000000000e+00 6.992139260850785965e-01 3.226970961260620603e-26 0.000000000000000000e+00 0.000000000000000000e+00 7.920000000000000000e+02 0.000000000000000000e+00 0.000000000000000000e+00 1.000000000000000000e+00
0.000000000000000000e+00 5.320000000000000000e+02 3.569999999999999840e+00 0.000000000000000000e+00 6.940608377800057127e-01 5.944850451615855615e-17 0.000000000000000000e+00 0.000000000000000000e+00 7.920000000000000000e+02 0.000000000000000000e+00 0.000000000000000000e+00 1.000000000000000000e+00
0.000000000000000000e+00 5.320000000000000000e+02 3.580000000000000071e+00 0.000000000000000000e+00 6.891903978584132950e-01 5.264034978316157565e-13 0.000000000000000000e+00 0.000000000000000000e+00 7.920000000000000000e+02 0.000000000000000000e+00 0.000000000000000000e+00 1.000000000000000000e+00
0.000000000000000000e+00 5.320000000000000000e+02 3.589999999999999858e+00 0.000000000000000000e+00 6.846007413457422253e-01 8.381168377177193365e-11 0.000000000000000000e+00 0.000000000000000000e+00 7.920000000000000000e+02 0.000000000000000000e+00 0.000000000000000000e+00 1.000000000000000000e+00
0.000000000000000000e+00 5.320000000000000000e+02 3.599999999999999645e+00 0.000000000000000000e+00 6.802901107841932138e-01 2.158100998664170448e-09 0.000000000000000000e+00 0.000000000000000000e+00 7.920000000000000000e+02 0.000000000000000000e+00 0.000000000000000000e+00 1.000000000000000000e+00
0.000000000000000000e+00 5.320000000000000000e+02 3.609999999999999876e+00 0.000000000000000000e+00 6.762568555597632258e-01 2.078851806000787737e-08 0.000000000000000000e+00 0.000000000000000000e+00 7.920000000000000000e+02 0.000000000000000000e+00 0.000000000000000000e+00 1.000000000000000000e+00
0.000000000000000000e+00 5.320000000000000000e+02 3.619999999999999662e+00 0.000000000000000000e+00 6.724994312702008425e-01 1.107037835663701851e-07 0.000000000000000000e+00 0.000000000000000000e+00 7.920000000000000000e+02 0.000000000000000000e+00 0.000000000000000000e+00 1.000000000000000000e+00
0.000000000000000000e+00 5.320000000000000000e+02 3.629999999999999893e+00 0.000000000000000000e+00 6.690163991336259830e-01 4.007970650696230210e-07 0.000000000000000000e+00 0.000000000000000000e+00 7.920000000000000000e+02 0.000000000000000000e+00 0.000000000000000000e+00 1.000000000000000000e+00
0.000000000000000000e+00 5.320000000000000000e+02 3.639999999999999680e+00 0.000000000000000000e+00 6.658064254375960500e-01 1.112305472748332299e-06 0.000000000000000000e+00 0.000000000000000000e+00 7.920000000000000000e+02 0.000000000000000000e+00 0.000000000000000000e+00 1.000000000000000000e+00
0.000000000000000000e+00 5.320000000000000000e+02 3.649999999999999911e+00 0.000000000000000000e+00 6.628682810284058924e-01 2.549269443705911859e-06 0.000000000000000000e+00 0.000000000000000000e+00 7.920000000000000000e+02 0.000000000000000000e+00 0.000000000000000000e+00 1.000000000000000000e+00
0.000000000000000000e+00 5.320000000000000000e+02 3.659999999999999698e+00 0.000000000000000000e+00 6.602008408404218542e-01 5.066092443562484390e-06 0.000000000000000000e+00 0.000000000000000000e+00 7.920000000000000000e+02 0.000000000000000000e+00 0.000000000000000000e+00 1.000000000000000000e+00
0.000000000000000000e+00 5.320000000000000000e+02 3.669999999999999929e+00 0.000000000000000000e+00 6.578030834652771608e-01 9.025028804069605646e-06 0.000000000000000000e+00 0.000000000000000000e+00 7.920000000000000000e+02 0.000000000000000000e+00 0.000000000000000000e+00 1.000000000000000000e+00
0.000000000000000000e+00 5.320000000000000000e+02 3.679999999999999716e+00 0.000000000000000000e+00 6.556740907607556679e-01 1.475545526469562913e-05 0.000000000000000000e+00 0.000000000000000000e+00 7.920000000000000000e+02 0.000000000000000000e+00 0.000000000000000000e+00 1.000000000000000000e+00
0.000000000000000000e+00 5.320000000000000000e+02 3.689999999999999947e+00 0.000000000000000000e+00 6.538130474992195351e-01 2.252208293034913726e-05 0.000000000000000000e+00 0.000000000000000000e+00 7.920000000000000000e+02 0.000000000000000000e+00 0.000000000000000000e+00 1.000000000000000000e+00
0.000000000000000000e+00 5.320000000000000000e+02 3.699999999999999734e+00 0.000000000000000000e+00 6.522192410554459308e-01 3.250468335626224142e-05 0.000000000000000000e+00 0.000000000000000000e+00 7.920000000000000000e+02 0.000000000000000000e+00 0.000000000000000000e+00 1.000000000000000000e+00
0.000000000000000000e+00 5.320000000000000000e+02 3.709999999999999964e+00 0.000000000000000000e+00 6.508920611337497553e-01 4.478884534227602944e-05 0.000000000000000000e+00 0.000000000000000000e+00 7.920000000000000000e+02 0.000000000000000000e+00 0.000000000000000000e+00 1.000000000000000000e+00
0.000000000000000000e+00 5.320000000000000000e+02 3.719999999999999751e+00 0.000000000000000000e+00 6.498309995342904655e-01 5.936575326030474244e-05 0.000000000000000000e+00 0.000000000000000000e+00 7.920000000000000000e+02 0.000000000000000000e+00 0.000000000000000000e+00 1.000000000000000000e+00
0.000000000000000000e+00 5.320000000000000000e+02 3.729999999999999982e+00 0.000000000000000000e+00 6.490356499584752914e-01 7.613852109459304848e-05 0.000000000000000000e+00 0.000000000000000000e+00 7.920000000000000000e+02 0.000000000000000000e+00 0.000000000000000000e+00 1.000000000000000000e+00
0.000000000000000000e+00 5.320000000000000000e+02 3.739999999999999769e+00 0.000000000000000000e+00 6.485057078533791319e-01 9.493275872801188765e-05 0.000000000000000000e+00 0.000000000000000000e+00 7.920000000000000000e+02 0.000000000000000000e+00 0.000000000000000000e+00 1.000000000000000000e+00
0.000000000000000000e+00 5.320000000000000000e+02 3.750000000000000000e+00 0.000000000000000000e+00 6.482409702951266173e-01 1.155094523323119821e-04 0.000000000000000000e+00 0.000000000000000000e+00 7.920000000000000000e+02 0.000000000000000000e+00 0.000000000000000000e+00 1.000000000000000000e+00
0.000000000000000000e+00 5.320000000000000000e+02 3.759999999999999787e+00 0.000000000000000000e+00 6.482413359111887097e-01 1.375787097389106171e-04 0.000000000000000000e+00 0.000000000000000000e+00 7.920000000000000000e+02 0.000000000000000000e+00 0.000000000000000000e+00 1.000000000000000000e+00
0.000000000000000000e+00 5.320000000000000000e+02 3.770000000000000018e+00 0.000000000000000000e+00 6.485068048415663089e-01 1.608133540635504986e-04 0.000000000000000000e+00 0.000000000000000000e+00 7.920000000000000000e+02 0.000000000000000000e+00 0.000000000000000000e+00 1.000000000000000000e+00
0.000000000000000000e+00 5.320000000000000000e+02 3.779999999999999805e+00 0.000000000000000000e+00 6.490374787388432098e-01 1.848617049191336216e-04 0.000000000000000000e+00 0.000000000000000000e+00 7.920000000000000000e+02 0.000000000000000000e+00 0.000000000000000000e+00 1.000000000000000000e+00
0.000000000000000000e+00 5.320000000000000000e+02 3.790000000000000036e+00 0.000000000000000000e+00 6.498335608071101888e-01 2.093591592398072118e-04 0.000000000000000000e+00 0.000000000000000000e+00 7.920000000000000000e+02 0.000000000000000000e+00 0.000000000000000000e+00 1.000000000000000000e+00
0.000000000000000000e+00 5.320000000000000000e+02 3.799999999999999822e+00 0.000000000000000000e+00 6.508953558797763161e-01 2.339383812595924143e-04 0.000000000000000000e+00 0.000000000000000000e+00 7.920000000000000000e+02 0.000000000000000000e+00 0.000000000000000000e+00 1.000000000000000000e+00
0.000000000000000000e+00 5.320000000000000000e+02 3.810000000000000053e+00 0.000000000000000000e+00 6.522232705362941418e-01 2.582380471996231601e-04 0.000000000000000000e+00 0.000000000000000000e+00 7.920000000000000000e+02 0.000000000000000000e+00 0.000000000000000000e+00 1.000000000000000000e+00
0.000000000000000000e+00 5.320000000000000000e+02 3.819999999999999840e+00 0.000000000000000000e+00 6.538178132578462698e-01 2.819101788814736692e-04 0.000000000000000000e+00 0.000000000000000000e+00 7.920000000000000000e+02 0.000000000000000000e+00 0.000000000000000000e+00 1.000000000000000000e+00
0.000000000000000000e+00 5.320000000000000000e+02 3.830000000000000071e+00 0.000000000000000000e+00 6.556795946220510540e-01 3.046261542987800316e-04 0.000000000000000000e+00 0.000000000000000000e+00 7.920000000000000000e+02 0.000000000000000000e+00 0.000000000000000000e+00 1.000000000000000000e+00
0.000000000000000000e+00 5.320000000000000000e+02 3.839999999999999858e+00 0.000000000000000000e+00 6.578093275367640214e-01 3.260815122893539336e-04 0.000000000000000000e+00 0.000000000000000000e+00 7.920000000000000000e+02 0.000000000000000000e+00 0.000000000000000000e+00 1.000000000000000000e+00
0.000000000000000000e+00 5.320000000000000000e+02 3.849999999999999645e+00 0.000000000000000000e+00 6.602078275130613960e-01 3.459996806663913523e-04 0.000000000000000000e+00 0.000000000000000000e+00 7.920000000000000000e+02 0.000000000000000000e+00 0.000000000000000000e+00 1.000000000000000000e+00
0.000000000000000000e+00 5.320000000000000000e+02 3.859999999999999876e+00 0.000000000000000000e+00 6.628760129775139731e-01 3.641347582811790655e-04 0.000000000000000000e+00 0.000000000000000000e+00 7.920000000000000000e+02 0.000000000000000000e+00 0.000000000000000000e+00 1.000000000000000000e+00
0.000000000000000000e+00 5.320000000000000000e+02 3.869999999999999662e+00 0.000000000000000000e+00 6.658149056238683583e-01 3.802734756701790092e-04 0.000000000000000000e+00 0.000000000000000000e+00 7.920000000000000000e+02 0.000000000000000000e+00 0.000000000000000000e+00 1.000000000000000000e+00
0.000000000000000000e+00 5.320000000000000000e+02 3.879999999999999893e+00 0.000000000000000000e+00 6.690256308042699107e-01 3.942364491045214324e-04 0.000000000000000000e+00 0.000000000000000000e+00 7.920000000000000000e+02 0.000000000000000000e+00 0.000000000000000000e+00 1.000000000000000000e+00
0.000000000000000000e+00 5.320000000000000000e+02 3.889999999999999680e+00 0.000000000000000000e+00 6.725094179601811550e-01 4.058788310034987940e-04 0.000000000000000000e+00 0.000000000000000000e+00 7.920000000000000000e+02 0.000000000000000000e+00 0.000000000000000000e+00 1.000000000000000000e+00
0.000000000000000000e+00 5.320000000000000000e+02 3.899999999999999911e+00 0.000000000000000000e+00 6.762676010931533144e-01 4.150904471134624768e-04 0.000000000000000000e+00 0.000000000000000000e+00 7.920000000000000000e+02 0.000000000000000000e+00 0.000000000000000000e+00 1.000000000000000000e+00
0.000000000000000000e+00 5.320000000000000000e+02 3.909999999999999698e+00 0.000000000000000000e+00 6.803016192756411451e-01 4.217954984333856933e-04 0.000000000000000000e+00 0.000000000000000000e+00 7.920000000000000000e+02 0.000000000000000000e+00 0.000000000000000000e+00 1.000000000000000000e+00
0.000000000000000000e+00 5.320000000000000000e+02 3.919999999999999929e+00 0.000000000000000000e+00 6.846130172020461480e-01 4.259518940984384494e-04 0.000000000000000000e+00 0.000000000000000000e+00 7.920000000000000000e+02 0.000000000000000000e+00 0.000000000000000000e+00 1.000000000000000000e+00
0.000000000000000000e+00 5.320000000000000000e+02 3.929999999999999716e+00 0.000000000000000000e+00 6.892034457802076464e-01 4.275502706014202431e-04 0.000000000000000000e+00 0.000000000000000000e+00 7.920000000000000000e+02 0.000000000000000000e+00 0.000000000000000000e+00 1.000000000000000000e+00
0.000000000000000000e+00 5.320000000000000000e+02 3.939999999999999947e+00 0.000000000000000000e+00 6.940746627635627775e-01 4.266127429768031692e-04 0.000000000000000000e+00 0.000000000000000000e+00 7.920000000000000000e+02 0.000000000000000000e+00 0.000000000000000000e+00 1.000000000000000000e+00
0.000000000000000000e+00 5.320000000000000000e+02 3.949999999999999734e+00 0.000000000000000000e+00 6.992285334242204220e-01 4.231914249390490712e-04 0.000000000000000000e+00 0.000000000000000000e+00 7.920000000000000000e+02 0.000000000000000000e+00 0.000000000000000000e+00 1.000000000000000000e+00
0.000000000000000000e+00 5.320000000000000000e+02 3.959999999999999964e+00 0.000000000000000000e+00 7.046670312672064229e-01 4.173667474440473715e-04 0.000000000000000000e+00 0.000000000000000000e+00 7.920000000000000000e+02 0.000000000000000000e+00 0.000000000000000000e+00 1.000000000000000000e+00
0.000000000000000000e+00 5.320000000000000000e+02 3.969999999999999751e+00 0.000000000000000000e+00 7.103922387861513199e-01 4.092455986892526085e-04 0.000000000000000000e+00 0.000000000000000000e+00 7.920000000000000000e+02 0.000000000000000000e+00 0.000000000000000000e+00 1.000000000000000000e+00
0.000000000000000000e+00 5.320000000000000000e+02 3.979999999999999982e+00 0.000000000000000000e+00 7.164063482607136990e-01 3.989593031301845276e-04 0.000000000000000000e+00 0.000000000000000000e+00 7.920000000000000000e+02 0.000000000000000000e+00 0.000000000000000000e+00 1.000000000000000000e+00
0.000000000000000000e+00 5.320000000000000000e+02 3.989999999999999769e+00 0.000000000000000000e+00 7.227116625960409158e-01 3.866614526152941517e-04 0.000000000000000000e+00 0.000000000000000000e+00 7.920000000000000000e+02 0.000000000000000000e+00 0.000000000000000000e+00 1.000000000000000000e+00
0.000000000000000000e+00 5.320000000000000000e+02 4.000000000000000000e+00 0.000000000000000000e+00 7.293105962045907109e-01 3.725255991812448375e-04 0.000000000000000000e+00 0.000000000000000000e+00 7.920000000000000000e+02 0.000000000000000000e+00 0.000000000000000000e+00 1.000000000000000000e+00
0.000000000000000000e+00 5.320000000000000000e+02 4.009999999999999787e+00 0.000000000000000000e+00 7.362056759306507825e-01 3.567428163742613310e-04 0.000000000000000000e+00 0.000000000000000000e+00 7.920000000000000000e+02 0.000000000000000000e+00 0.000000000000000000e+00 1.000000000000000000e+00
0.000000000000000000e+00 5.320000000000000000e+02 4.019999999999999574e+00 0.000000000000000000e+00 7.433995420179113633e-01 3.395191341539374567e-04 0.000000000000000000e+00 0.000000000000000000e+00 7.920000000000000000e+02 0.000000000000000000e+00 0.000000000000000000e+00 1.000000000000000000e+00
0.000000000000000000e+00 5.320000000000000000e+02 4.030000000000000249e+00 0.000000000000000000e+00 7.508949491204592874e-01 3.210728514970169305e-04 0.000000000000000000e+00 0.000000000000000000e+00 7.920000000000000000e+02 0.000000000000000000e+00 0.000000000000000000e+00 1.000000000000000000e+00
0.000000000000000000e+00 5.320000000000000000e+02 4.040000000000000036e+00 0.000000000000000000e+00 7.586947673575811235e-01 3.016317307723108410e-04 0.000000000000000000e+00 0.000000000000000000e+00 7.920000000000000000e+02 0.000000000000000000e+00 0.000000000000000000e+00 1.000000000000000000e+00
0.000000000000000000e+00 5.320000000000000000e+02 4.049999999999999822e+00 0.000000000000000000e+00 7.668019834127821621e-01 2.814300788480002258e-04 0.000000000000000000e+00 0.000000000000000000e+00 7.920000000000000000e+02 0.000000000000000000e+00 0.000000000000000000e+00 1.000000000000000000e+00
0.000000000000000000e+00 5.320000000000000000e+02 4.059999999999999609e+00 0.000000000000000000e+00 7.752197016774378113e-01 2.607057217810992630e-04 0.000000000000000000e+00 0.000000000000000000e+00 7.920000000000000000e+02 0.000000000000000000e+00 0.000000000000000000e+00 1.000000000000000000e+00
0.000000000000000000e+00 5.320000000000000000e+02 4.070000000000000284e+00 0.000000000000000000e+00 7.839511454395182710e-01 2.396968829066936819e-04 0.000000000000000000e+00 0.000000000000000000e+00 7.920000000000000000e+02 0.000000000000000000e+00 0.000000000000000000e+00 1.000000000000000000e+00
0.000000000000000000e+00 5.320000000000000000e+02 4.080000000000000071e+00 0.000000000000000000e+00 7.929996581178397896e-01 2.186389782856037328e-04 0.000000000000000000e+00 0.000000000000000000e+00 7.920000000000000000e+02 0.000000000000000000e+00 0.000000000000000000e+00 1.000000000000000000e+00
0.000000000000000000e+00 5.320000000000000000e+02 4.089999999999999858e+00 0.000000000000000000e+00 8.023687045423180120e-01 1.977613488864651478e-04 0.000000000000000000e+00 0.000000000000000000e+00 7.920000000000000000e+02 0.000000000000000000e+00 0.000000000000000000e+00 1.000000000000000000e+00
0.000000000000000000e+00 5.320000000000000000e+02 4.099999999999999645e+00 0.000000000000000000e+00 8.120618722807093626e-01 1.772839556719932319e-04 0.000000000000000000e+00 0.000000000000000000e+00 7.920000000000000000e+02 0.000000000000000000e+00 0.000000000000000000e+00 1.000000000000000000e+00
0.000000000000000000e+00 5.320000000000000000e+02 4.109999999999999432e+00 0.000000000000000000e+00 8.220828730123524997e-01 1.574140720153817570e-04 0.000000000000000000e+00 0.000000000000000000e+00 7.920000000000000000e+02 0.000000000000000000e+00 0.000000000000000000e+00 1.000000000000000000e+00
0.000000000000000000e+00 5.320000000000000000e+02 4.120000000000000107e+00 0.000000000000000000e+00 8.324355439494341979e-01 1.383430176396572859e-04 0.000000000000000000e+00 0.000000000000000000e+00 7.920000000000000000e+02 0.000000000000000000e+00 0.000000000000000000e+00 1.000000000000000000e+00
0.000000000000000000e+00 5.320000000000000000e+02 4.129999999999999893e+00 0.000000000000000000e+00 8.431238493063215600e-01 1.202429895335917903e-04 0.000000000000000000e+00 0.000000000000000000e+00 7.920000000000000000e+02 0.000000000000000000e+00 0.000000000000000000e+00 1.000000000000000000e+00
0.000000000000000000e+00 5.320000000000000000e+02 4.139999999999999680e+00 0.000000000000000000e+00 8.541518818175297678e-01 1.032640579285712748e-04 0.000000000000000000e+00 0.000000000000000000e+00 7.920000000000000000e+02 0.000000000000000000e+00 0.000000000000000000e+00 1.000000000000000000e+00
0.000000000000000000e+00 5.320000000000000000e+02 4.149999999999999467e+00 0.000000000000000000e+00 8.655238643048981384e-01 8.753140913685141834e-05 0.000000000000000000e+00 0.000000000000000000e+00 7.920000000000000000e+02 0.000000000000000000e+00 0.000000000000000000e+00 1.000000000000000000e+00
0.000000000000000000e+00 5.320000000000000000e+02 4.160000000000000142e+00 0.000000000000000000e+00 8.772441512945812203e-01 7.314293133526075536e-05 0.000000000000000000e+00 0.000000000000000000e+00 7.920000000000000000e+02 0.000000000000000000e+00 0.000000000000000000e+00 1.000000000000000000e+00
0.000000000000000000e+00 5.320000000000000000e+02 4.169999999999999929e+00 0.000000000000000000e+00 8.893172306844719932e-01 6.016725338917018259e-05 0.000000000000000000e+00 0.000000000000000000e+00 7.920000000000000000e+02 0.000000000000000000e+00 0.000000000000000000e+00 1.000000000000000000e+00
0.000000000000000000e+00 5.320000000000000000e+02 4.179999999999999716e+00 0.000000000000000000e+00 9.017477254626928840e-01 4.864235927820397508e-05 0.000000000000000000e+00 0.000000000000000000e+00 7.920000000000000000e+02 0.000000000000000000e+00 0.000000000000000000e+00 1.000000000000000000e+00
0.000000000000000000e+00 5.320000000000000000e+02 4.189999999999999503e+00 0.000000000000000000e+00 9.145403954778179578e-01 3.857490978474470596e-05 0.000000000000000000e+00 0.000000000000000000e+00 7.920000000000000000e+02 0.000000000000000000e+00 0.000000000000000000e+00 1.000000000000000000e+00
0.000000000000000000e+00 5.320000000000000000e+02 4.200000000000000178e+00 0.000000000000000000e+00 9.277001392614997455e-01 2.994040634297364745e-05 0.000000000000000000e+00 0.000000000000000000e+00 7.920000000000000000e+02 0.000000000000000000e+00 0.000000000000000000e+00 1.000000000000000000e+00
0.000000000000000000e+00 5.320000000000000000e+02 4.209999999999999964e+00 0.000000000000000000e+00 9.412319959042017015e-01 2.268432606080409081e-05 0.000000000000000000e+00 0.000000000000000000e+00 7.920000000000000000e+02 0.000000000000000000e+00 0.000000000000000000e+00 1.000000000000000000e+00
0.000000000000000000e+00 5.320000000000000000e+02 4.219999999999999751e+00 0.000000000000000000e+00 9.551411469847502778e-01 1.672433788470488632e-05 0.000000000000000000e+00 0.000000000000000000e+00 7.920000000000000000e+02 0.000000000000000000e+00 0.000000000000000000e+00 1.000000000000000000e+00
0.000000000000000000e+00 5.320000000000000000e+02 4.229999999999999538e+00 0.000000000000000000e+00 9.694329185544501293e-01 1.195367302107692401e-05 0.000000000000000000e+00 0.000000000000000000e+00 7.920000000000000000e+02 0.000000000000000000e+00 0.000000000000000000e+00 1.000000000000000000e+00
0.000000000000000000e+00 5.320000000000000000e+02 4.240000000000000213e+00 0.000000000000000000e+00 9.841127831765219547e-01 8.245663227774064664e-06 0.000000000000000000e+00 0.000000000000000000e+00 7.920000000000000000e+02 0.000000000000000000e+00 0.000000000000000000e+00 1.000000000000000000e+00
0.000000000000000000e+00 5.320000000000000000e+02 4.250000000000000000e+00 0.000000000000000000e+00 9.991863620216376862e-01 5.459374368614589284e-06 0.000000000000000000e+00 0.000000000000000000e+00 7.920000000000000000e+02 0.000000000000000000e+00 0.000000000000000000e+00 1.000000000000000000e+00
0.000000000000000000e+00 5.320000000000000000e+02 4.259999999999999787e+00 0.000000000000000000e+00 1.014659427020364824e+00 3.446147985124595821e-06 0.000000000000000000e+00 0.000000000000000000e+00 7.920000000000000000e+02 0.000000000000000000e+00 0.000000000000000000e+00 1.000000000000000000e+00
0.000000000000000000e+00 5.320000000000000000e+02 4.269999999999999574e+00 0.000000000000000000e+00 1.030537903073335038e+00 2.056723798044891340e-06 0.000000000000000000e+00 0.000000000000000000e+00 7.920000000000000000e+02 0.000000000000000000e+00 0.000000000000000000e+00 1.000000000000000000e+00
0.000000000000000000e+00 5.320000000000000000e+02 4.280000000000000249e+00 0.000000000000000000e+00 1.046827870319992249e+00 1.148462612003415661e-06 0.000000000000000000e+00 0.000000000000000000e+00 7.920000000000000000e+02 0.000000000000000000e+00 0.000000000000000000e+00 1.000000000000000000e+00
0.000000000000000000e+00 5.320000000000000000e+02 4.290000000000000036e+00 0.000000000000000000e+00 1.063535566466779159e+00 5.920460540384857794e-07 0.000000000000000000e+00 0.000000000000000000e+00 7.920000000000000000e+02 0.000000000000000000e+00 0.000000000000000000e+00 1.000000000000000000e+00
0.000000000000000000e+00 5.320000000000000000e+02 4.299999999999999822e+00 0.000000000000000000e+00 1.080667389175664628e+00 2.769363998158827321e-07 0.000000000000000000e+00 0.000000000000000000e+00 7.920000000000000000e+02 0.000000000000000000e+00 0.000000000000000000e+00 1.000000000000000000e+00
0.000000000000000000e+00 5.320000000000000000e+02 4.309999999999999609e+00 0.000000000000000000e+00 1.098229898513913172e+00 1.148904414029436349e-07 0.000000000000000000e+00 0.000000000000000000e+00 7.920000000000000000e+02 0.000000000000000000e+00 0.000000000000000000e+00 1.000000000000000000e+00
0.000000000000000000e+00 5.320000000000000000e+02 4.320000000000000284e+00 0.000000000000000000e+00 1.116229819466051820e+00 4.099427915529778261e-08 0.000000000000000000e+00 0.000000000000000000e+00 7.920000000000000000e+02 0.000000000000000000e+00 0.000000000000000000e+00 1.000000000000000000e+00
0.000000000000000000e+00 5.320000000000000000e+02 4.330000000000000071e+00 0.000000000000000000e+00 1.134674044508976909e+00 1.205801837250785866e-08 0.000000000000000000e+00 0.000000000000000000e+00 7.920000000000000000e+02 0.000000000000000000e+00 0.000000000000000000e+00 1.000000000000000000e+00
0.000000000000000000e+00 5.320000000000000000e+02 4.339999999999999858e+00 0.000000000000000000e+00 1.153569636251204455e+00 2.752685950863510266e-09 0.000000000000000000e+00 0.000000000000000000e+00 7.920000000000000000e+02 0.000000000000000000e+00 0.000000000000000000e+00 1.000000000000000000e+00
0.000000000000000000e+00 5.320000000000000000e+02 4.349999999999999645e+00 0.000000000000000000e+00 1.172923830137261536e+00 4.462937195155022655e-10 0.000000000000000000e+00 0.000000000000000000e+00 7.920000000000000000e+02 0.000000000000000000e+00 0.000000000000000000e+00 1.000000000000000000e+00
0.000000000000000000e+00 5.320000000000000000e+02 4.360000000000000320e+00 0.000000000000000000e+00 1.192744037218262054e+00 4.483849868601590397e-11 0.000000000000000000e+00 0.000000000000000000e+00 7.920000000000000000e+02 0.000000000000000000e+00 0.000000000000000000e+00 1.000000000000000000e+00
0.000000000000000000e+00 5.320000000000000000e+02 4.370000000000000107e+00 0.000000000000000000e+00 1.213037846989724500e+00 2.238029065377088631e-12 0.000000000000000000e+00 0.000000000000000000e+00 7.920000000000000000e+02 0.000000000000000000e+00 0.000000000000000000e+00 1.000000000000000000e+00
0.000000000000000000e+00 5.320000000000000000e+02 4.379999999999999893e+00 0.000000000000000000e+00 1.233813030297720381e+00 3.780635420174967961e-14 0.000000000000000000e+00 0.000000000000000000e+00 7.920000000000000000e+02 0.000000000000000000e+00 0.000000000000000000e+00 1.000000000000000000e+00
0.000000000000000000e+00 5.320000000000000000e+02 4.389999999999999680e+00 0.000000000000000000e+00 1.255077542314460670e+00 1.040097632540906098e-16 0.000000000000000000e+00 0.000000000000000000e+00 7.920000000000000000e+02 0.000000000000000000e+00 0.000000000000000000e+00 1.000000000000000000e+00
0.000000000000000000e+00 5.320000000000000000e+02 4.399999999999999467e+00 0.000000000000000000e+00 1.276839525584472002e+00 9.498139918548862052e-21 0.000000000000000000e+00 0.000000000000000000e+00 7.920000000000000000e+02 0.000000000000000000e+00 0.000000000000000000e+00 1.000000000000000000e+00
0.000000000000000000e+00 5.320000000000000000e+02 4.410000000000000142e+00 0.000000000000000000e+00 1.299107313142511710e+00 4.128462056671836536e-28 0.000000000000000000e+00 0.000000000000000000e+00 7.920000000000000000e+02 0.000000000000000000e+00 0.000000000000000000e+00 1.000000000000000000e+00
0.000000000000000000e+00 5.320000000000000000e+02 4.419999999999999929e+00 0.000000000000000000e+00 1.321889431704429851e+00 6.053578190284890733e-46 0.000000000000000000e+00 0.000000000000000000e+00 7.920000000000000000e+02 0.000000000000000000e+00 0.000000000000000000e+00 1.000000000000000000e+00
0.000000000000000000e+00 5.320000000000000000e+02 4.429999999999999716e+00 0.000000000000000000e+00 1.345194604932196336e+00 7.374028311889183454e-156 1.000000000000000000e+00 1.000000000000000000e+00 7.920000000000000000e+02 0.000000000000000000e+00 0.000000000000000000e+00 1.000000000000000000e+00
0.000000000000000000e+00 5.320000000000000000e+02 4.439999999999999503e+00 0.000000000000000000e+00 1.321265729739068862e+00 7.063132619779432726e-46 0.000000000000000000e+00 0.000000000000000000e+00 7.920000000000000000e+02 0.000000000000000000e+00 0.000000000000000000e+00 1.000000000000000000e+00
0.000000000000000000e+00 5.320000000000000000e+02 4.450000000000000178e+00 0.000000000000000000e+00 1.297859670385663078e+00 4.934125701533920495e-28 0.000000000000000000e+00 0.000000000000000000e+00 7.920000000000000000e+02 0.000000000000000000e+00 0.000000000000000000e+00 1.000000000000000000e+00
0.000000000000000000e+00 5.320000000000000000e+02 4.459999999999999964e+00 0.000000000000000000e+00 1.274967464292434460e+00 1.149809040866178141e-20 0.000000000000000000e+00 0.000000000000000000e+00 7.920000000000000000e+02 0.000000000000000000e+00 0.000000000000000000e+00 1.000000000000000000e+00
0.000000000000000000e+00 5.320000000000000000e+02 4.469999999999999751e+00 0.000000000000000000e+00 1.252580345643018678e+00 1.271278270772716805e-16 0.000000000000000000e+00 0.000000000000000000e+00 7.920000000000000000e+02 0.000000000000000000e+00 0.000000000000000000e+00 1.000000000000000000e+00
0.000000000000000000e+00 5.320000000000000000e+02 4.479999999999999538e+00 0.000000000000000000e+00 1.230689742027653466e+00 4.659761280322395360e-14 0.000000000000000000e+00 0.000000000000000000e+00 7.920000000000000000e+02 0.000000000000000000e+00 0.000000000000000000e+00 1.000000000000000000e+00
0.000000000000000000e+00 5.320000000000000000e+02 4.490000000000000213e+00 0.000000000000000000e+00 1.209287271160657040e+00 2.780064303384387493e-12 0.000000000000000000e+00 0.000000000000000000e+00 7.920000000000000000e+02 0.000000000000000000e+00 0.000000000000000000e+00 1.000000000000000000e+00
0.000000000000000000e+00 5.320000000000000000e+02 4.500000000000000000e+00 0.000000000000000000e+00 1.188364737670706273e+00 5.612125329428814226e-11 0.000000000000000000e+00 0.000000000000000000e+00 7.920000000000000000e+02 0.000000000000000000e+00 0.000000000000000000e+00 1.000000000000000000e+00
0.000000000000000000e+00 5.320000000000000000e+02 4.509999999999999787e+00 0.000000000000000000e+00 1.167914129962688063e+00 5.628011634089998581e-10 0.000000000000000000e+00 0.000000000000000000e+00 7.920000000000000000e+02 0.000000000000000000e+00 0.000000000000000000e+00 1.000000000000000000e+00
0.000000000000000000e+00 5.320000000000000000e+02 4.519999999999999574e+00 0.000000000000000000e+00 1.147927617149927970e+00 3.497546391824368793e-09 0.000000000000000000e+00 0.000000000000000000e+00 7.920000000000000000e+02 0.000000000000000000e+00 0.000000000000000000e+00 1.000000000000000000e+00
0.000000000000000000e+00 5.320000000000000000e+02 4.530000000000000249e+00 0.000000000000000000e+00 1.128397546055603051e+00 1.543827788228823989e-08 0.000000000000000000e+00 0.000000000000000000e+00 7.920000000000000000e+02 0.000000000000000000e+00 0.000000000000000000e+00 1.000000000000000000e+00
0.000000000000000000e+00 5.320000000000000000e+02 4.540000000000000036e+00 0.000000000000000000e+00 1.109316438282216266e+00 5.289641529206074134e-08 0.000000000000000000e+00 0.000000000000000000e+00 7.920000000000000000e+02 0.000000000000000000e+00 0.000000000000000000e+00 1.000000000000000000e+00
0.000000000000000000e+00 5.320000000000000000e+02 4.549999999999999822e+00 0.000000000000000000e+00 1.090676987347985349e+00 1.494330406894837586e-07 0.000000000000000000e+00 0.000000000000000000e+00 7.920000000000000000e+02 0.000000000000000000e+00 0.000000000000000000e+00 1.000000000000000000e+00
0.000000000000000000e+00 5.320000000000000000e+02 4.559999999999999609e+00 0.000000000000000000e+00 1.072472055889070353e+00 3.631575054941256492e-07 0.000000000000000000e+00 0.000000000000000000e+00 7.920000000000000000e+02 0.000000000000000000e+00 0.000000000000000000e+00 1.000000000000000000e+00
0.000000000000000000e+00 5.320000000000000000e+02 4.570000000000000284e+00 0.000000000000000000e+00 1.054694672926551613e+00 7.829360676741622266e-07 0.000000000000000000e+00 0.000000000000000000e+00 7.920000000000000000e+02 0.000000000000000000e+00 0.000000000000000000e+00 1.000000000000000000e+00
0.000000000000000000e+00 5.320000000000000000e+02 4.580000000000000071e+00 0.000000000000000000e+00 1.037338031197126753e+00 1.531994163333639511e-06 0.000000000000000000e+00 0.000000000000000000e+00 7.920000000000000000e+02 0.000000000000000000e+00 0.000000000000000000e+00 1.000000000000000000e+00
0.000000000000000000e+00 5.320000000000000000e+02 4.589999999999999858e+00 0.000000000000000000e+00 1.020395484546489318e+00 2.768271648617192987e-06 0.000000000000000000e+00 0.000000000000000000e+00 7.920000000000000000e+02 0.000000000000000000e+00 0.000000000000000000e+00 1.000000000000000000e+00
0.000000000000000000e+00 5.320000000000000000e+02 4.599999999999999645e+00 0.000000000000000000e+00 1.003860545384406944e+00 4.681567700314876379e-06 0.000000000000000000e+00 0.000000000000000000e+00 7.920000000000000000e+02 0.000000000000000000e+00 0.000000000000000000e+00 1.000000000000000000e+00
0.000000000000000000e+00 5.320000000000000000e+02 4.610000000000000320e+00 0.000000000000000000e+00 9.877268822005085269e-01 7.488005030485461646e-06 0.000000000000000000e+00 0.000000000000000000e+00 7.920000000000000000e+02 0.000000000000000000e+00 0.000000000000000000e+00 1.000000000000000000e+00
0.000000000000000000e+00 5.320000000000000000e+02 4.620000000000000107e+00 0.000000000000000000e+00 9.719883171398449040e-01 1.142260175571879494e-05 0.000000000000000000e+00 0.000000000000000000e+00 7.920000000000000000e+02 0.000000000000000000e+00 0.000000000000000000e+00 1.000000000000000000e+00
0.000000000000000000e+00 5.320000000000000000e+02 4.629999999999999893e+00 0.000000000000000000e+00 9.566388236372782572e-01 1.673079731454800000e-05 0.000000000000000000e+00 0.000000000000000000e+00 7.920000000000000000e+02 0.000000000000000000e+00 0.000000000000000000e+00 1.000000000000000000e+00
0.000000000000000000e+00 5.320000000000000000e+02 4.639999999999999680e+00 0.000000000000000000e+00 9.416725241098113930e-01 2.365970129029291167e-05 0.000000000000000000e+00 0.000000000000000000e+00 7.920000000000000000e+02 0.000000000000000000e+00 0.000000000000000000e+00 1.000000000000000000e+00
0.000000000000000000e+00 5.320000000000000000e+02 4.649999999999999467e+00 0.000000000000000000e+00 9.270836877059581704e-01 3.244968478547765852e-05 0.000000000000000000e+00 0.000000000000000000e+00 7.920000000000000000e+02 0.000000000000000000e+00 0.000000000000000000e+00 1.000000000000000000e+00
0.000000000000000000e+00 5.320000000000000000e+02 4.660000000000000142e+00 0.000000000000000000e+00 9.128667281113045373e-01 4.332676186952081135e-05 0.000000000000000000e+00 0.000000000000000000e+00 7.920000000000000000e+02 0.000000000000000000e+00 0.000000000000000000e+00 1.000000000000000000e+00
0.000000000000000000e+00 5.320000000000000000e+02 4.669999999999999929e+00 0.000000000000000000e+00 8.990162014094127407e-01 5.649604471515731318e-05 0.000000000000000000e+00 0.000000000000000000e+00 7.920000000000000000e+02 0.000000000000000000e+00 0.000000000000000000e+00 1.000000000000000000e+00
0.000000000000000000e+00 5.320000000000000000e+02 4.679999999999999716e+00 0.000000000000000000e+00 8.855268039972526983e-01 7.213641672237794747e-05 0.000000000000000000e+00 0.000000000000000000e+00 7.920000000000000000e+02 0.000000000000000000e+00 0.000000000000000000e+00 1.000000000000000000e+00
0.000000000000000000e+00 5.320000000000000000e+02 4.689999999999999503e+00 0.000000000000000000e+00 8.723933705543610584e-01 9.039645918739337010e-05 0.000000000000000000e+00 0.000000000000000000e+00 7.920000000000000000e+02 0.000000000000000000e+00 0.000000000000000000e+00 1.000000000000000000e+00
0.000000000000000000e+00 5.320000000000000000e+02 4.700000000000000178e+00 0.000000000000000000e+00 8.596108720649540125e-01 1.113915885326008728e-04 0.000000000000000000e+00 0.000000000000000000e+00 7.920000000000000000e+02 0.000000000000000000e+00 0.000000000000000000e+00 1.000000000000000000e+00
0.000000000000000000e+00 5.320000000000000000e+02 4.709999999999999964e+00 0.000000000000000000e+00 8.471744138922290279e-01 1.352023090714995785e-04 0.000000000000000000e+00 0.000000000000000000e+00 7.920000000000000000e+02 0.000000000000000000e+00 0.000000000000000000e+00 1.000000000000000000e+00
0.000000000000000000e+00 5.320000000000000000e+02 4.719999999999999751e+00 0.000000000000000000e+00 8.350792339041268608e-01 1.618734557352018415e-04 0.000000000000000000e+00 0.000000000000000000e+00 7.920000000000000000e+02 0.000000000000000000e+00 0.000000000000000000e+00 1.000000000000000000e+00
0.000000000000000000e+00 5.320000000000000000e+02 4.729999999999999538e+00 0.000000000000000000e+00 8.233207006498282077e-01 1.914142870256493358e-04 0.000000000000000000e+00 0.000000000000000000e+00 7.920000000000000000e+02 0.000000000000000000e+00 0.000000000000000000e+00 1.000000000000000000e+00
0.000000000000000000e+00 5.320000000000000000e+02 4.740000000000000213e+00 0.000000000000000000e+00 8.118943115862932158e-01 2.237992860957761961e-04 0.000000000000000000e+00 0.000000000000000000e+00 7.920000000000000000e+02 0.000000000000000000e+00 0.000000000000000000e+00 1.000000000000000000e+00
0.000000000000000000e+00 5.320000000000000000e+02 4.750000000000000000e+00 0.000000000000000000e+00 8.007956913541612876e-01 2.589695334763836808e-04 0.000000000000000000e+00 0.000000000000000000e+00 7.920000000000000000e+02 0.000000000000000000e+00 0.000000000000000000e+00 1.000000000000000000e+00
0.000000000000000000e+00 5.320000000000000000e+02 4.759999999999999787e+00 0.000000000000000000e+00 7.900205901023494848e-01 2.968345255799399729e-04 0.000000000000000000e+00 0.000000000000000000e+00 7.920000000000000000e+02 0.000000000000000000e+00 0.000000000000000000e+00 1.000000000000000000e+00
0.000000000000000000e+00 5.320000000000000000e+02 4.769999999999999574e+00 0.000000000000000000e+00 7.795648818607139319e-01 3.372743264681088773e-04 0.000000000000000000e+00 0.000000000000000000e+00 7.920000000000000000e+02 0.000000000000000000e+00 0.000000000000000000e+00 1.000000000000000000e+00
0.000000000000000000e+00 5.320000000000000000e+02 4.780000000000000249e+00 0.000000000000000000e+00 7.694245629601442760e-01 3.801419548620996181e-04 0.000000000000000000e+00 0.000000000000000000e+00 7.920000000000000000e+02 0.000000000000000000e+00 0.000000000000000000e+00 1.000000000000000000e+00
0.000000000000000000e+00 5.320000000000000000e+02 4.790000000000000036e+00 0.000000000000000000e+00 7.595957504994919063e-01 4.252659228995104776e-04 0.000000000000000000e+00 0.000000000000000000e+00 7.920000000000000000e+02 0.000000000000000000e+00 0.000000000000000000e+00 1.000000000000000000e+00
0.000000000000000000e+00 5.320000000000000000e+02 4.799999999999999822e+00 0.000000000000000000e+00 7.500746808587394066e-01 4.724528569833791672e-04 0.000000000000000000e+00 0.000000000000000000e+00 7.920000000000000000e+02 0.000000000000000000e+00 0.000000000000000000e+00 1.000000000000000000e+00
0.000000000000000000e+00 5.320000000000000000e+02 4.809999999999999609e+00 0.000000000000000000e+00 7.408577082578451378e-01 5.214901438033827177e-04 0.000000000000000000e+00 0.000000000000000000e+00 7.920000000000000000e+02 0.000000000000000000e+00 0.000000000000000000e+00 1.000000000000000000e+00
0.000000000000000000e+00 5.320000000000000000e+02 4.820000000000000284e+00 0.000000000000000000e+00 7.319413033607158336e-01 5.721485560156117783e-04 0.000000000000000000e+00 0.000000000000000000e+00 7.920000000000000000e+02 0.000000000000000000e+00 0.000000000000000000e+00 1.000000000000000000e+00
0.000000000000000000e+00 5.320000000000000000e+02 4.830000000000000071e+00 0.000000000000000000e+00 7.233220519237595347e-01 6.241848220700551078e-04 0.000000000000000000e+00 0.000000000000000000e+00 7.920000000000000000e+02 0.000000000000000000e+00 0.000000000000000000e+00 1.000000000000000000e+00
0.000000000000000000e+00 5.320000000000000000e+02 4.839999999999999858e+00 0.000000000000000000e+00 7.149966534885152658e-01 6.773441132906597023e-04 0.000000000000000000e+00 0.000000000000000000e+00 7.920000000000000000e+02 0.000000000000000000e+00 0.000000000000000000e+00 1.000000000000000000e+00
0.000000000000000000e+00 5.320000000000000000e+02 4.849999999999999645e+00 0.000000000000000000e+00 7.069619201178515278e-01 7.313624286192444215e-04 0.000000000000000000e+00 0.000000000000000000e+00 7.920000000000000000e+02 0.000000000000000000e+00 0.000000000000000000e+00 1.000000000000000000e+00
0.000000000000000000e+00 5.320000000000000000e+02 4.860000000000000320e+00 0.000000000000000000e+00 6.992147751752495477e-01 7.859688635404706372e-04 0.000000000000000000e+00 0.000000000000000000e+00 7.920000000000000000e+02 0.000000000000000000e+00 0.000000000000000000e+00 1.000000000000000000e+00
0.000000000000000000e+00 5.320000000000000000e+02 4.870000000000000107e+00 0.000000000000000000e+00 6.917522521467072139e-01 8.408877547376372025e-04 0.000000000000000000e+00 0.000000000000000000e+00 7.920000000000000000e+02 0.000000000000000000e+00 0.000000000000000000e+00 1.000000000000000000e+00
0.000000000000000000e+00 5.320000000000000000e+02 4.879999999999999893e+00 0.000000000000000000e+00 6.845714935048113903e-01 8.958406961177183339e-04 0.000000000000000000e+00 0.000000000000000000e+00 7.920000000000000000e+02 0.000000000000000000e+00 0.000000000000000000e+00 1.000000000000000000e+00
0.000000000000000000e+00 5.320000000000000000e+02 4.889999999999999680e+00 0.000000000000000000e+00 6.776697496145394073e-01 9.505484251151660041e-04 0.000000000000000000e+00 0.000000000000000000e+00 7.920000000000000000e+02 0.000000000000000000e+00 0.000000000000000000e+00 1.000000000000000000e+00
0.000000000000000000e+00 5.320000000000000000e+02 4.899999999999999467e+00 0.000000000000000000e+00 6.710443776803789451e-01 1.004732580756687033e-03 0.000000000000000000e+00 0.000000000000000000e+00 7.920000000000000000e+02 0.000000000000000000e+00 0.000000000000000000e+00 1.000000000000000000e+00
0.000000000000000000e+00 5.320000000000000000e+02 4.910000000000000142e+00 0.000000000000000000e+00 6.646928407343561940e-01 1.058117336949828194e-03 0.000000000000000000e+00 0.000000000000000000e+00 7.920000000000000000e+02 0.000000000000000000e+00 0.000000000000000000e+00 1.000000000000000000e+00
0.000000000000000000e+00 5.320000000000000000e+02 4.919999999999999929e+00 0.000000000000000000e+00 6.586127066645868222e-01 1.110430915944043626e-03 0.000000000000000000e+00 0.000000000000000000e+00 7.920000000000000000e+02 0.000000000000000000e+00 0.000000000000000000e+00 1.000000000000000000e+00
0.000000000000000000e+00 5.320000000000000000e+02 4.929999999999999716e+00 0.000000000000000000e+00 6.528016472839798245e-01 1.161406987987008421e-03 0.000000000000000000e+00 0.000000000000000000e+00 7.920000000000000000e+02 0.000000000000000000e+00 0.000000000000000000e+00 1.000000000000000000e+00
0.000000000000000000e+00 5.320000000000000000e+02 4.939999999999999503e+00 0.000000000000000000e+00 6.472574374387334295e-01 1.210785963933921211e-03 0.000000000000000000e+00 0.000000000000000000e+00 7.920000000000000000e+02 0.000000000000000000e+00 0.000000000000000000e+00 1.000000000000000000e+00
0.000000000000000000e+00 5.320000000000000000e+02 4.950000000000000178e+00 0.000000000000000000e+00 6.419779541562874448e-01 1.258316188026261870e-03 0.000000000000000000e+00 0.000000000000000000e+00 7.920000000000000000e+02 0.000000000000000000e+00 0.000000000000000000e+00 1.000000000000000000e+00
0.000000000000000000e+00 5.320000000000000000e+02 4.959999999999999964e+00 0.000000000000000000e+00 6.369611758323997508e-01 1.303755038289632073e-03 0.000000000000000000e+00 0.000000000000000000e+00 7.920000000000000000e+02 0.000000000000000000e+00 0.000000000000000000e+00 1.000000000000000000e+00
0.000000000000000000e+00 5.320000000000000000e+02 4.969999999999999751e+00 0.000000000000000000e+00 6.322051814570400774e-01 1.346869942053342123e-03 0.000000000000000000e+00 0.000000000000000000e+00 7.920000000000000000e+02 0.000000000000000000e+00 0.000000000000000000e+00 1.000000000000000000e+00
0.000000000000000000e+00 5.320000000000000000e+02 4.979999999999999538e+00 0.000000000000000000e+00 6.277081498788017466e-01 1.387439314001783636e-03 0.000000000000000000e+00 0.000000000000000000e+00 7.920000000000000000e+02 0.000000000000000000e+00 0.000000000000000000e+00 1.000000000000000000e+00
0.000000000000000000e+00 5.320000000000000000e+02 4.990000000000000213e+00 0.000000000000000000e+00 6.234683591075530495e-01 1.425253423959504245e-03 0.000000000000000000e+00 0.000000000000000000e+00 7.920000000000000000e+02 0.000000000000000000e+00 0.000000000000000000e+00 1.000000000000000000e+00
0.000000000000000000e+00 5.320000000000000000e+02 5.000000000000000000e+00 0.000000000000000000e+00 6.194841856550563630e-01 1.460115201312240860e-03 0.000000000000000000e+00 0.000000000000000000e+00 7.920000000000000000e+02 0.000000000000000000e+00 0.000000000000000000e+00 1.000000000000000000e+00
0.000000000000000000e+00 5.320000000000000000e+02 5.009999999999999787e+00 0.000000000000000000e+00 6.157541039133076488e-01 1.491840982592251841e-03 0.000000000000000000e+00 0.000000000000000000e+00 7.920000000000000000e+02 0.000000000000000000e+00 0.000000000000000000e+00 1.000000000000000000e+00
0.000000000000000000e+00 5.320000000000000000e+02 5.019999999999999574e+00 0.000000000000000000e+00 6.122766855703554167e-01 1.520261208324089064e-03 0.000000000000000000e+00 0.000000000000000000e+00 7.920000000000000000e+02 0.000000000000000000e+00 0.000000000000000000e+00 1.000000000000000000e+00
0.000000000000000000e+00 5.320000000000000000e+02 5.030000000000000249e+00 0.000000000000000000e+00 6.090505990633742206e-01 1.545221074745738513e-03 0.000000000000000000e+00 0.000000000000000000e+00 7.920000000000000000e+02 0.000000000000000000e+00 0.000000000000000000e+00 1.000000000000000000e+00
0.000000000000000000e+00 5.320000000000000000e+02 5.040000000000000036e+00 0.000000000000000000e+00 6.060746090687887389e-01 1.566581145498010391e-03 0.000000000000000000e+00 0.000000000000000000e+00 7.920000000000000000e+02 0.000000000000000000e+00 0.000000000000000000e+00 1.000000000000000000e+00
0.000000000000000000e+00 5.320000000000000000e+02 5.049999999999999822e+00 0.000000000000000000e+00 6.033475760292447143e-01 1.584217927816900309e-03 0.000000000000000000e+00 0.000000000000000000e+00 7.920000000000000000e+02 0.000000000000000000e+00 0.000000000000000000e+00 1.000000000000000000e+00
0.000000000000000000e+00 5.320000000000000000e+02 5.059999999999999609e+00 0.000000000000000000e+00 6.008684557172558893e-01 1.598024417170341646e-03 0.000000000000000000e+00 0.000000000000000000e+00 7.920000000000000000e+02 0.000000000000000000e+00 0.000000000000000000e+00 1.000000000000000000e+00
0.000000000000000000e+00 5.320000000000000000e+02 5.070000000000000284e+00 0.000000000000000000e+00 5.986362988353484127e-01 1.607910613655257406e-03 0.000000000000000000e+00 0.000000000000000000e+00 7.920000000000000000e+02 0.000000000000000000e+00 0.000000000000000000e+00 1.000000000000000000e+00
0.000000000000000000e+00 5.320000000000000000e+02 5.080000000000000071e+00 0.000000000000000000e+00 5.966502506525611649e-01 1.613804012806939470e-03 0.000000000000000000e+00 0.000000000000000000e+00 7.920000000000000000e+02 0.000000000000000000e+00 0.000000000000000000e+00 1.000000000000000000e+00
0.000000000000000000e+00 5.320000000000000000e+02 5.089999999999999858e+00 0.000000000000000000e+00 5.949095506771540087e-01 1.615650072772225471e-03 0.000000000000000000e+00 0.000000000000000000e+00 7.920000000000000000e+02 0.000000000000000000e+00 0.000000000000000000e+00 1.000000000000000000e+00
0.000000000000000000e+00 5.320000000000000000e+02 5.099999999999999645e+00 0.000000000000000000e+00 5.934135323654009531e-01 1.613412659050348849e-03 0.000000000000000000e+00 0.000000000000000000e+00 7.920000000000000000e+02 0.000000000000000000e+00 0.000000000000000000e+00 1.000000000000000000e+00
0.000000000000000000e+00 5.320000000000000000e+02 5.110000000000000320e+00 0.000000000000000000e+00 5.921616228663617587e-01 1.607074467208645038e-03 0.000000000000000000e+00 0.000000000000000000e+00 7.920000000000000000e+02 0.000000000000000000e+00 0.000000000000000000e+00 1.000000000000000000e+00
0.000000000000000000e+00 5.320000000000000000e+02 5.120000000000000107e+00 0.000000000000000000e+00 5.911533428025250725e-01 1.596637423122826416e-03 0.000000000000000000e+00 0.000000000000000000e+00 7.920000000000000000e+02 0.000000000000000000e+00 0.000000000000000000e+00 1.000000000000000000e+00
0.000000000000000000e+00 5.320000000000000000e+02 5.129999999999999893e+00 0.000000000000000000e+00 5.903883060862491483e-01 1.582123059366377649e-03 0.000000000000000000e+00 0.000000000000000000e+00 7.920000000000000000e+02 0.000000000000000000e+00 0.000000000000000000e+00 1.000000000000000000e+00
0.000000000000000000e+00 5.320000000000000000e+02 5.139999999999999680e+00 0.000000000000000000e+00 5.898662197719196643e-01 1.563572865369105419e-03 0.000000000000000000e+00 0.000000000000000000e+00 7.920000000000000000e+02 0.000000000000000000e+00 0.000000000000000000e+00 1.000000000000000000e+00
0.000000000000000000e+00 5.320000000000000000e+02 5.149999999999999467e+00 0.000000000000000000e+00 5.895868839437776732e-01 1.541048607869105469e-03 0.000000000000000000e+00 0.000000000000000000e+00 7.920000000000000000e+02 0.000000000000000000e+00 0.000000000000000000e+00 1.000000000000000000e+00
0.000000000000000000e+00 5.320000000000000000e+02 5.160000000000000142e+00 0.000000000000000000e+00 5.895501916393679487e-01 1.514632616982456575e-03 0.000000000000000000e+00 0.000000000000000000e+00 7.920000000000000000e+02 0.000000000000000000e+00 0.000000000000000000e+00 1.000000000000000000e+00
0.000000000000000000e+00 5.320000000000000000e+02 5.169999999999999929e+00 0.000000000000000000e+00 5.897561288085806375e-01 1.484428031897827571e-03 0.000000000000000000e+00 0.000000000000000000e+00 7.920000000000000000e+02 0.000000000000000000e+00 0.000000000000000000e+00 1.000000000000000000e+00
0.000000000000000000e+00 5.320000000000000000e+02 5.179999999999999716e+00 0.000000000000000000e+00 5.902047743082724507e-01 1.450558998752560919e-03 0.000000000000000000e+00 0.000000000000000000e+00 7.920000000000000000e+02 0.000000000000000000e+00 0.000000000000000000e+00 1.000000000000000000e+00
0.000000000000000000e+00 5.320000000000000000e+02 5.189999999999999503e+00 0.000000000000000000e+00 5.908962999324611776e-01 1.413170811649426539e-03 0.000000000000000000e+00 0.000000000000000000e+00 7.920000000000000000e+02 0.000000000000000000e+00 0.000000000000000000e+00 1.000000000000000000e+00
0.000000000000000000e+00 5.320000000000000000e+02 5.200000000000000178e+00 0.000000000000000000e+00 5.918309704781091751e-01 1.372429986013357431e-03 0.000000000000000000e+00 0.000000000000000000e+00 7.920000000000000000e+02 0.000000000000000000e+00 0.000000000000000000e+00 1.000000000000000000e+00
0.000000000000000000e+00 5.320000000000000000e+02 5.209999999999999964e+00 0.000000000000000000e+00 5.930091438465177056e-01 1.328524251550623411e-03 0.000000000000000000e+00 0.000000000000000000e+00 7.920000000000000000e+02 0.000000000000000000e+00 0.000000000000000000e+00 1.000000000000000000e+00
0.000000000000000000e+00 5.320000000000000000e+02 5.219999999999999751e+00 0.000000000000000000e+00 5.944312711803753091e-01 1.281662449948183999e-03 0.000000000000000000e+00 0.000000000000000000e+00 7.920000000000000000e+02 0.000000000000000000e+00 0.000000000000000000e+00 1.000000000000000000e+00
0.000000000000000000e+00 5.320000000000000000e+02 5.229999999999999538e+00 0.000000000000000000e+00 5.960978970365065077e-01 1.232074320127877001e-03 0.000000000000000000e+00 0.000000000000000000e+00 7.920000000000000000e+02 0.000000000000000000e+00 0.000000000000000000e+00 1.000000000000000000e+00
0.000000000000000000e+00 5.320000000000000000e+02 5.240000000000000213e+00 0.000000000000000000e+00 5.980096595943920068e-01 1.180010151345818256e-03 0.000000000000000000e+00 0.000000000000000000e+00 7.920000000000000000e+02 0.000000000000000000e+00 0.000000000000000000e+00 1.000000000000000000e+00
0.000000000000000000e+00 5.320000000000000000e+02 5.250000000000000000e+00 0.000000000000000000e+00 6.001672909005389966e-01 1.125740281704737736e-03 0.000000000000000000e+00 0.000000000000000000e+00 7.920000000000000000e+02 0.000000000000000000e+00 0.000000000000000000e+00 1.000000000000000000e+00
0.000000000000000000e+00 5.320000000000000000e+02 5.259999999999999787e+00 0.000000000000000000e+00 6.025716171487941475e-01 1.069554416742734410e-03 0.000000000000000000e+00 0.000000000000000000e+00 7.920000000000000000e+02 0.000000000000000000e+00 0.000000000000000000e+00 1.000000000000000000e+00
0.000000000000000000e+00 5.320000000000000000e+02 5.269999999999999574e+00 0.000000000000000000e+00 6.052235589967069895e-01 1.011760739704967854e-03 0.000000000000000000e+00 0.000000000000000000e+00 7.920000000000000000e+02 0.000000000000000000e+00 0.000000000000000000e+00 1.000000000000000000e+00
0.000000000000000000e+00 5.320000000000000000e+02 5.280000000000000249e+00 0.000000000000000000e+00 6.081241319180663574e-01 9.526847819506488457e-04 0.000000000000000000e+00 0.000000000000000000e+00 7.920000000000000000e+02 0.000000000000000000e+00 0.000000000000000000e+00 1.000000000000000000e+00
0.000000000000000000e+00 5.320000000000000000e+02 5.290000000000000036e+00 0.000000000000000000e+00 6.112744465917411274e-01 8.926680187789342441e-04 0.000000000000000000e+00 0.000000000000000000e+00 7.920000000000000000e+02 0.000000000000000000e+00 0.000000000000000000e+00 1.000000000000000000e+00
0.000000000000000000e+00 5.320000000000000000e+02 5.299999999999999822e+00 0.000000000000000000e+00 6.146757093269793470e-01 8.320661528994650197e-04 0.000000000000000000e+00 0.000000000000000000e+00 7.920000000000000000e+02 0.000000000000000000e+00 0.000000000000000000e+00 1.000000000000000000e+00
0.000000000000000000e+00 5.320000000000000000e+02 5.309999999999999609e+00 0.000000000000000000e+00 6.183292225253239627e-01 7.712470450065471786e-04 0.000000000000000000e+00 0.000000000000000000e+00 7.920000000000000000e+02 0.000000000000000000e+00 0.000000000000000000e+00 1.000000000000000000e+00
0.000000000000000000e+00 5.320000000000000000e+02 5.320000000000000284e+00 0.000000000000000000e+00 6.222363851793251133e-01 7.105882486927164385e-04 0.000000000000000000e+00 0.000000000000000000e+00 7.920000000000000000e+02 0.000000000000000000e+00 0.000000000000000000e+00 1.000000000000000000e+00
0.000000000000000000e+00 5.320000000000000000e+02 5.330000000000000071e+00 0.000000000000000000e+00 6.263986934082379499e-01 6.504741056058676446e-04 0.000000000000000000e+00 0.000000000000000000e+00 7.920000000000000000e+02 0.000000000000000000e+00 0.000000000000000000e+00 1.000000000000000000e+00
0.000000000000000000e+00 5.320000000000000000e+02 5.339999999999999858e+00 0.000000000000000000e+00 6.308177410309121491e-01 5.912923567835993988e-04 0.000000000000000000e+00 0.000000000000000000e+00 7.920000000000000000e+02 0.000000000000000000e+00 0.000000000000000000e+00 1.000000000000000000e+00
0.000000000000000000e+00 5.320000000000000000e+02 5.349999999999999645e+00 0.000000000000000000e+00 6.354952201760926123e-01 5.334302281151991412e-04 0.000000000000000000e+00 0.000000000000000000e+00 7.920000000000000000e+02 0.000000000000000000e+00 0.000000000000000000e+00 1.000000000000000000e+00
0.000000000000000000e+00 5.320000000000000000e+02 5.360000000000000320e+00 0.000000000000000000e+00 6.404329219303636078e-01 4.772699527053770457e-04 0.000000000000000000e+00 0.000000000000000000e+00 7.920000000000000000e+02 0.000000000000000000e+00 0.000000000000000000e+00 1.000000000000000000e+00
0.000000000000000000e+00 5.320000000000000000e+02 5.370000000000000107e+00 0.000000000000000000e+00 6.456327370239883789e-01 4.231837016048442535e-04 0.000000000000000000e+00 0.000000000000000000e+00 7.920000000000000000e+02 0.000000000000000000e+00 0.000000000000000000e+00 1.000000000000000000e+00
0.000000000000000000e+00 5.320000000000000000e+02 5.379999999999999893e+00 0.000000000000000000e+00 6.510966565548997886e-01 3.715279082732894471e-04 0.000000000000000000e+00 0.000000000000000000e+00 7.920000000000000000e+02 0.000000000000000000e+00 0.000000000000000000e+00 1.000000000000000000e+00
0.000000000000000000e+00 5.320000000000000000e+02 5.389999999999999680e+00 0.000000000000000000e+00 6.568267727511263310e-01 3.226369929214211417e-04 0.000000000000000000e+00 0.000000000000000000e+00 7.920000000000000000e+02 0.000000000000000000e+00 0.000000000000000000e+00 1.000000000000000000e+00
0.000000000000000000e+00 5.320000000000000000e+02 5.399999999999999467e+00 0.000000000000000000e+00 6.628252797719427214e-01 2.768165225600577664e-04 0.000000000000000000e+00 0.000000000000000000e+00 7.920000000000000000e+02 0.000000000000000000e+00 0.000000000000000000e+00 1.000000000000000000e+00
0.000000000000000000e+00 5.320000000000000000e+02 5.410000000000000142e+00 0.000000000000000000e+00 6.690944745480511546e-01 2.343358835264733493e-04 0.000000000000000000e+00 0.000000000000000000e+00 7.920000000000000000e+02 0.000000000000000000e+00 0.000000000000000000e+00 1.000000000000000000e+00
0.000000000000000000e+00 5.320000000000000000e+02 5.419999999999999929e+00 0.000000000000000000e+00 6.756367576611129744e-01 1.954205980731434956e-04 0.000000000000000000e+00 0.000000000000000000e+00 7.920000000000000000e+02 0.000000000000000000e+00 0.000000000000000000e+00 1.000000000000000000e+00
0.000000000000000000e+00 5.320000000000000000e+02 5.429999999999999716e+00 0.000000000000000000e+00 6.824546342629749240e-01 1.602444879439035227e-04 0.000000000000000000e+00 0.000000000000000000e+00 7.920000000000000000e+02 0.000000000000000000e+00 0.000000000000000000e+00 1.000000000000000000e+00
0.000000000000000000e+00 5.320000000000000000e+02 5.439999999999999503e+00 0.000000000000000000e+00 6.895507150349337033e-01 1.289219779792441858e-04 0.000000000000000000e+00 0.000000000000000000e+00 7.920000000000000000e+02 0.000000000000000000e+00 0.000000000000000000e+00 1.000000000000000000e+00
0.000000000000000000e+00 5.320000000000000000e+02 5.450000000000000178e+00 0.000000000000000000e+00 6.969277171874097565e-01 1.015009427545725696e-04 0.000000000000000000e+00 0.000000000000000000e+00 7.920000000000000000e+02 0.000000000000000000e+00 0.000000000000000000e+00 1.000000000000000000e+00
0.000000000000000000e+00 5.320000000000000000e+02 5.459999999999999964e+00 0.000000000000000000e+00 7.045884655004137631e-01 7.795662761722317678e-05 0.000000000000000000e+00 0.000000000000000000e+00 7.920000000000000000e+02 0.000000000000000000e+00 0.000000000000000000e+00 1.000000000000000000e+00
0.000000000000000000e+00 5.320000000000000000e+02 5.469999999999999751e+00 0.000000000000000000e+00 7.125358934052041793e-01 5.818731618473086710e-05 0.000000000000000000e+00 0.000000000000000000e+00 7.920000000000000000e+02 0.000000000000000000e+00 0.000000000000000000e+00 1.000000000000000000e+00
0.000000000000000000e+00 5.320000000000000000e+02 5.479999999999999538e+00 0.000000000000000000e+00 7.207730441075466121e-01 4.201255556784716950e-05 0.000000000000000000e+00 0.000000000000000000e+00 7.920000000000000000e+02 0.000000000000000000e+00 0.000000000000000000e+00 1.000000000000000000e+00
0.000000000000000000e+00 5.320000000000000000e+02 5.490000000000000213e+00 0.000000000000000000e+00 7.293030717530103457e-01 2.917486232895344454e-05 0.000000000000000000e+00 0.000000000000000000e+00 7.920000000000000000e+02 0.000000000000000000e+00 0.000000000000000000e+00 1.000000000000000000e+00
0.000000000000000000e+00 5.320000000000000000e+02 5.500000000000000000e+00 0.000000000000000000e+00 7.381292426347436653e-01 1.934587301252472386e-05 0.000000000000000000e+00 0.000000000000000000e+00 7.920000000000000000e+02 0.000000000000000000e+00 0.000000000000000000e+00 1.000000000000000000e+00
0.000000000000000000e+00 5.320000000000000000e+02 5.509999999999999787e+00 0.000000000000000000e+00 7.472549364441940511e-01 1.213780674140575743e-05 0.000000000000000000e+00 0.000000000000000000e+00 7.920000000000000000e+02 0.000000000000000000e+00 0.000000000000000000e+00 1.000000000000000000e+00
0.000000000000000000e+00 5.320000000000000000e+02 5.519999999999999574e+00 0.000000000000000000e+00 7.566836475652486405e-01 7.120782877767278980e-06 0.000000000000000000e+00 0.000000000000000000e+00 7.920000000000000000e+02 0.000000000000000000e+00 0.000000000000000000e+00 1.000000000000000000e+00
0.000000000000000000e+00 5.320000000000000000e+02 5.530000000000000249e+00 0.000000000000000000e+00 7.664189864122950002e-01 3.845876809140607406e-06 0.000000000000000000e+00 0.000000000000000000e+00 7.920000000000000000e+02 0.000000000000000000e+00 0.000000000000000000e+00 1.000000000000000000e+00
0.000000000000000000e+00 5.320000000000000000e+02 5.540000000000000036e+00 0.000000000000000000e+00 7.764646808127082522e-01 1.872709871576625938e-06 0.000000000000000000e+00 0.000000000000000000e+00 7.920000000000000000e+02 0.000000000000000000e+00 0.000000000000000000e+00 1.000000000000000000e+00
0.000000000000000000e+00 5.320000000000000000e+02 5.549999999999999822e+00 0.000000000000000000e+00 7.868245774343025634e-01 7.988542927062593419e-07 0.000000000000000000e+00 0.000000000000000000e+00 7.920000000000000000e+02 0.000000000000000000e+00 0.000000000000000000e+00 1.000000000000000000e+00
0.000000000000000000e+00 5.320000000000000000e+02 5.559999999999999609e+00 0.000000000000000000e+00 7.975026432582834612e-01 2.866167359172953590e-07 0.000000000000000000e+00 0.000000000000000000e+00 7.920000000000000000e+02 0.000000000000000000e+00 0.000000000000000000e+00 1.000000000000000000e+00
0.000000000000000000e+00 5.320000000000000000e+02 5.570000000000000284e+00 0.000000000000000000e+00 8.085029670982732952e-01 8.147824255932850667e-08 0.000000000000000000e+00 0.000000000000000000e+00 7.920000000000000000e+02 0.000000000000000000e+00 0.000000000000000000e+00 1.000000000000000000e+00
0.000000000000000000e+00 5.320000000000000000e+02 5.580000000000000071e+00 0.000000000000000000e+00 8.198297611659891571e-01 1.675048398022802411e-08 0.000000000000000000e+00 0.000000000000000000e+00 7.920000000000000000e+02 0.000000000000000000e+00 0.000000000000000000e+00 1.000000000000000000e+00
0.000000000000000000e+00 5.320000000000000000e+02 5.589999999999999858e+00 0.000000000000000000e+00 8.314873626841683407e-01 2.149373678213541595e-09 0.000000000000000000e+00 0.000000000000000000e+00 7.920000000000000000e+02 0.000000000000000000e+00 0.000000000000000000e+00 1.000000000000000000e+00
0.000000000000000000e+00 5.320000000000000000e+02 5.599999999999999645e+00 0.000000000000000000e+00 8.434802355473670632e-01 1.335187720878781788e-10 0.000000000000000000e+00 0.000000000000000000e+00 7.920000000000000000e+02 0.000000000000000000e+00 0.000000000000000000e+00 1.000000000000000000e+00
0.000000000000000000e+00 5.320000000000000000e+02 5.610000000000000320e+00 0.000000000000000000e+00 8.558129720312593891e-01 2.483934671365657348e-12 0.000000000000000000e+00 0.000000000000000000e+00 7.920000000000000000e+02 0.000000000000000000e+00 0.000000000000000000e+00 1.000000000000000000e+00
0.000000000000000000e+00 5.320000000000000000e+02 5.620000000000000107e+00 0.000000000000000000e+00 8.684902945511010497e-01 4.927847003029907790e-15 0.000000000000000000e+00 0.000000000000000000e+00 7.920000000000000000e+02 0.000000000000000000e+00 0.000000000000000000e+00 1.000000000000000000e+00
0.000000000000000000e+00 5.320000000000000000e+02 5.629999999999999893e+00 0.000000000000000000e+00 8.815170574700202932e-01 6.949081972418041389e-20 0.000000000000000000e+00 0.000000000000000000e+00 7.920000000000000000e+02 0.000000000000000000e+00 0.000000000000000000e+00 1.000000000000000000e+00
0.000000000000000000e+00 5.320000000000000000e+02 5.639999999999999680e+00 0.000000000000000000e+00 8.948982489578376498e-01 2.701341599378618022e-31 0.000000000000000000e+00 0.000000000000000000e+00 7.920000000000000000e+02 0.000000000000000000e+00 0.000000000000000000e+00 1.000000000000000000e+00
0.000000000000000000e+00 5.320000000000000000e+02 5.649999999999999467e+00 0.000000000000000000e+00 9.086389929011209343e-01 2.956183776447437122e-93 1.000000000000000000e+00 1.000000000000000000e+00 7.920000000000000000e+02 0.000000000000000000e+00 0.000000000000000000e+00 1.000000000000000000e+00
0.000000000000000000e+00 5.320000000000000000e+02 5.660000000000000142e+00 0.000000000000000000e+00 8.876907412537820008e-01 3.793069922194503579e-31 0.000000000000000000e+00 0.000000000000000000e+00 7.920000000000000000e+02 0.000000000000000000e+00 0.000000000000000000e+00 1.000000000000000000e+00
0.000000000000000000e+00 5.320000000000000000e+02 5.669999999999999929e+00 0.000000000000000000e+00 8.670992821842147258e-01 1.052815881056168414e-19 0.000000000000000000e+00 0.000000000000000000e+00 7.920000000000000000e+02 0.000000000000000000e+00 0.000000000000000000e+00 1.000000000000000000e+00
0.000000000000000000e+00 5.320000000000000000e+02 5.679999999999999716e+00 0.000000000000000000e+00 8.468567308713526032e-01 7.752573314145341652e-15 0.000000000000000000e+00 0.000000000000000000e+00 7.920000000000000000e+02 0.000000000000000000e+00 0.000000000000000000e+00 1.000000000000000000e+00
0.000000000000000000e+00 5.320000000000000000e+02 5.689999999999999503e+00 0.000000000000000000e+00 8.269553360968627809e-01 4.006131225034631237e-12 0.000000000000000000e+00 0.000000000000000000e+00 7.920000000000000000e+02 0.000000000000000000e+00 0.000000000000000000e+00 1.000000000000000000e+00
0.000000000000000000e+00 5.320000000000000000e+02 5.700000000000000178e+00 0.000000000000000000e+00 8.073874772770738284e-01 2.194749800448113964e-10 0.000000000000000000e+00 0.000000000000000000e+00 7.920000000000000000e+02 0.000000000000000000e+00 0.000000000000000000e+00 1.000000000000000000e+00
0.000000000000000000e+00 5.320000000000000000e+02 5.709999999999999964e+00 0.000000000000000000e+00 7.881456615449224934e-01 3.589550990426297808e-09 0.000000000000000000e+00 0.000000000000000000e+00 7.920000000000000000e+02 0.000000000000000000e+00 0.000000000000000000e+00 1.000000000000000000e+00
0.000000000000000000e+00 5.320000000000000000e+02 5.719999999999999751e+00 0.000000000000000000e+00 7.692225208808075587e-01 2.836704282432240442e-08 0.000000000000000000e+00 0.000000000000000000e+00 7.920000000000000000e+02 0.000000000000000000e+00 0.000000000000000000e+00 1.000000000000000000e+00
0.000000000000000000e+00 5.320000000000000000e+02 5.729999999999999538e+00 0.000000000000000000e+00 7.506108092912501251e-01 1.397490631561101903e-07 0.000000000000000000e+00 0.000000000000000000e+00 7.920000000000000000e+02 0.000000000000000000e+00 0.000000000000000000e+00 1.000000000000000000e+00
0.000000000000000000e+00 5.320000000000000000e+02 5.740000000000000213e+00 0.000000000000000000e+00 7.323034000342767413e-01 4.974608644271860517e-07 0.000000000000000000e+00 0.000000000000000000e+00 7.920000000000000000e+02 0.000000000000000000e+00 0.000000000000000000e+00 1.000000000000000000e+00
0.000000000000000000e+00 5.320000000000000000e+02 5.750000000000000000e+00 0.000000000000000000e+00 7.142932828904723364e-01 1.402194797016531087e-06 0.000000000000000000e+00 0.000000000000000000e+00 7.920000000000000000e+02 0.000000000000000000e+00 0.000000000000000000e+00 1.000000000000000000e+00
0.000000000000000000e+00 5.320000000000000000e+02 5.759999999999999787e+00 0.000000000000000000e+00 6.965735614786433549e-01 3.322733054220074634e-06 0.000000000000000000e+00 0.000000000000000000e+00 7.920000000000000000e+02 0.000000000000000000e+00 0.000000000000000000e+00 1.000000000000000000e+00
0.000000000000000000e+00 5.320000000000000000e+02 5.769999999999999574e+00 0.000000000000000000e+00 6.791374506150783530e-01 6.895263941054797347e-06 0.000000000000000000e+00 0.000000000000000000e+00 7.920000000000000000e+02 0.000000000000000000e+00 0.000000000000000000e+00 1.000000000000000000e+00
0.000000000000000000e+00 5.320000000000000000e+02 5.780000000000000249e+00 0.000000000000000000e+00 6.619782737153838692e-01 1.289709782773549099e-05 0.000000000000000000e+00 0.000000000000000000e+00 7.920000000000000000e+02 0.000000000000000000e+00 0.000000000000000000e+00 1.000000000000000000e+00
0.000000000000000000e+00 5.320000000000000000e+02 5.790000000000000036e+00 0.000000000000000000e+00 6.450894602379080300e-01 2.220311402038053009e-05 0.000000000000000000e+00 0.000000000000000000e+00 7.920000000000000000e+02 0.000000000000000000e+00 0.000000000000000000e+00 1.000000000000000000e+00
0.000000000000000000e+00 5.320000000000000000e+02 5.799999999999999822e+00 0.000000000000000000e+00 6.284645431677661209e-01 3.573455078327336708e-05 0.000000000000000000e+00 0.000000000000000000e+00 7.920000000000000000e+02 0.000000000000000000e+00 0.000000000000000000e+00 1.000000000000000000e+00
0.000000000000000000e+00 5.320000000000000000e+02 5.809999999999999609e+00 0.000000000000000000e+00 6.120971565405117776e-01 5.440812019872980597e-05 0.000000000000000000e+00 0.000000000000000000e+00 7.920000000000000000e+02 0.000000000000000000e+00 0.000000000000000000e+00 1.000000000000000000e+00
0.000000000000000000e+00 5.320000000000000000e+02 5.820000000000000284e+00 0.000000000000000000e+00 5.959810330044995608e-01 7.909078011363284821e-05 0.000000000000000000e+00 0.000000000000000000e+00 7.920000000000000000e+02 0.000000000000000000e+00 0.000000000000000000e+00 1.000000000000000000e+00
0.000000000000000000e+00 5.320000000000000000e+02 5.830000000000000071e+00 0.000000000000000000e+00 5.801100014210094358e-01 1.105629709858364697e-04 0.000000000000000000e+00 0.000000000000000000e+00 7.920000000000000000e+02 0.000000000000000000e+00 0.000000000000000000e+00 1.000000000000000000e+00
0.000000000000000000e+00 5.320000000000000000e+02 5.839999999999999858e+00 0.000000000000000000e+00 5.644779845012126707e-01 1.494911982880514200e-04 0.000000000000000000e+00 0.000000000000000000e+00 7.920000000000000000e+02 0.000000000000000000e+00 0.000000000000000000e+00 1.000000000000000000e+00
0.000000000000000000e+00 5.320000000000000000e+02 5.849999999999999645e+00 0.000000000000000000e+00 5.490789964790735445e-01 1.964095816199841991e-04 0.000000000000000000e+00 0.000000000000000000e+00 7.920000000000000000e+02 0.000000000000000000e+00 0.000000000000000000e+00 1.000000000000000000e+00
0.000000000000000000e+00 5.320000000000000000e+02 5.860000000000000320e+00 0.000000000000000000e+00 5.339071408192985757e-01 2.517092909288206649e-04 0.000000000000000000e+00 0.000000000000000000e+00 7.920000000000000000e+02 0.000000000000000000e+00 0.000000000000000000e+00 1.000000000000000000e+00
0.000000000000000000e+00 5.320000000000000000e+02 5.870000000000000107e+00 0.000000000000000000e+00 5.189566079594510883e-01 3.156344913041765621e-04 0.000000000000000000e+00 0.000000000000000000e+00 7.920000000000000000e+02 0.000000000000000000e+00 0.000000000000000000e+00 1.000000000000000000e+00
0.000000000000000000e+00 5.320000000000000000e+02 5.879999999999999893e+00 0.000000000000000000e+00 5.042216730853716911e-01 3.882833767453229903e-04 0.000000000000000000e+00 0.000000000000000000e+00 7.920000000000000000e+02 0.000000000000000000e+00 0.000000000000000000e+00 1.000000000000000000e+00
0.000000000000000000e+00 5.320000000000000000e+02 5.889999999999999680e+00 0.000000000000000000e+00 4.896966939390482443e-01 4.696129794877455799e-04 0.000000000000000000e+00 0.000000000000000000e+00 7.920000000000000000e+02 0.000000000000000000e+00 0.000000000000000000e+00 1.000000000000000000e+00
0.000000000000000000e+00 5.320000000000000000e+02 5.899999999999999467e+00 0.000000000000000000e+00 4.753761086581007600e-01 5.594466186145674591e-04 0.000000000000000000e+00 0.000000000000000000e+00 7.920000000000000000e+02 0.000000000000000000e+00 0.000000000000000000e+00 1.000000000000000000e+00
0.000000000000000000e+00 5.320000000000000000e+02 5.910000000000000142e+00 0.000000000000000000e+00 4.612544336460473460e-01 6.574830514598358974e-04 0.000000000000000000e+00 0.000000000000000000e+00 7.920000000000000000e+02 0.000000000000000000e+00 0.000000000000000000e+00 1.000000000000000000e+00
0.000000000000000000e+00 5.320000000000000000e+02 5.919999999999999929e+00 0.000000000000000000e+00 4.473262614725426189e-01 7.633065857496580328e-04 0.000000000000000000e+00 0.000000000000000000e+00 7.920000000000000000e+02 0.000000000000000000e+00 0.000000000000000000e+00 1.000000000000000000e+00
0.000000000000000000e+00 5.320000000000000000e+02 5.929999999999999716e+00 0.000000000000000000e+00 4.335862588027800668e-01 8.763975851663980896e-04 0.000000000000000000e+00 0.000000000000000000e+00 7.920000000000000000e+02 0.000000000000000000e+00 0.000000000000000000e+00 1.000000000000000000e+00
0.000000000000000000e+00 5.320000000000000000e+02 5.939999999999999503e+00 0.000000000000000000e+00 4.200291643552679366e-01 9.961429502525348534e-04 0.000000000000000000e+00 0.000000000000000000e+00 7.920000000000000000e+02 0.000000000000000000e+00 0.000000000000000000e+00 1.000000000000000000e+00
0.000000000000000000e+00 5.320000000000000000e+02 5.950000000000000178e+00 0.000000000000000000e+00 4.066497868871929988e-01 1.121846279492961021e-03 0.000000000000000000e+00 0.000000000000000000e+00 7.920000000000000000e+02 0.000000000000000000e+00 0.000000000000000000e+00 1.000000000000000000e+00
0.000000000000000000e+00 5.320000000000000000e+02 5.959999999999999964e+00 0.000000000000000000e+00 3.934430032066065785e-01 1.252737513904931058e-03 0.000000000000000000e+00 0.000000000000000000e+00 7.920000000000000000e+02 0.000000000000000000e+00 0.000000000000000000e+00 1.000000000000000000e+00
0.000000000000000000e+00 5.320000000000000000e+02 5.969999999999999751e+00 0.000000000000000000e+00 3.804037562106669101e-01 1.387981945630081121e-03 0.000000000000000000e+00 0.000000000000000000e+00 7.920000000000000000e+02 0.000000000000000000e+00 0.000000000000000000e+00 1.000000000000000000e+00
0.000000000000000000e+00 5.320000000000000000e+02 5.979999999999999538e+00 0.000000000000000000e+00 3.675270529491873606e-01 1.526688530340518032e-03 0.000000000000000000e+00 0.000000000000000000e+00 7.920000000000000000e+02 0.000000000000000000e+00 0.000000000000000000e+00 1.000000000000000000e+00
0.000000000000000000e+00 5.320000000000000000e+02 5.990000000000000213e+00 0.000000000000000000e+00 3.548079627127512237e-01 1.667917488124521369e-03 0.000000000000000000e+00 0.000000000000000000e+00 7.920000000000000000e+02 0.000000000000000000e+00 0.000000000000000000e+00 1.000000000000000000e+00
0.000000000000000000e+00 5.320000000000000000e+02 6.000000000000000000e+00 0.000000000000000000e+00 3.422416151446578958e-01 1.810687210962485388e-03 0.000000000000000000e+00 0.000000000000000000e+00 7.920000000000000000e+02 0.000000000000000000e+00 0.000000000000000000e+00 1.000000000000000000e+00
0.000000000000000000e+00 5.320000000000000000e+02 6.009999999999999787e+00 0.000000000000000000e+00 3.298231983759823960e-01 1.953980519585602968e-03 0.000000000000000000e+00 0.000000000000000000e+00 7.920000000000000000e+02 0.000000000000000000e+00 0.000000000000000000e+00 1.000000000000000000e+00
0.000000000000000000e+00 5.320000000000000000e+02 6.019999999999999574e+00 0.000000000000000000e+00 3.175479571830264747e-01 2.096750330654765376e-03 0.000000000000000000e+00 0.000000000000000000e+00 7.920000000000000000e+02 0.000000000000000000e+00 0.000000000000000000e+00 1.000000000000000000e+00
0.000000000000000000e+00 5.320000000000000000e+02 6.030000000000000249e+00 0.000000000000000000e+00 3.054111911664625367e-01 2.237924808645368191e-03 0.000000000000000000e+00 0.000000000000000000e+00 7.920000000000000000e+02 0.000000000000000000e+00 0.000000000000000000e+00 1.000000000000000000e+00
0.000000000000000000e+00 5.320000000000000000e+02 6.040000000000000036e+00 0.000000000000000000e+00 2.934082529514723259e-01 2.376412087090683245e-03 0.000000000000000000e+00 0.000000000000000000e+00 7.920000000000000000e+02 0.000000000000000000e+00 0.000000000000000000e+00 1.000000000000000000e+00
0.000000000000000000e+00 5.320000000000000000e+02 6.049999999999999822e+00 0.000000000000000000e+00 2.815345464081854820e-01 2.511104652161397915e-03 0.000000000000000000e+00 0.000000000000000000e+00 7.920000000000000000e+02 0.000000000000000000e+00 0.000000000000000000e+00 1.000000000000000000e+00
0.000000000000000000e+00 5.320000000000000000e+02 6.059999999999999609e+00 0.000000000000000000e+00 2.697855248917444548e-01 2.640883488972286391e-03 0.000000000000000000e+00 0.000000000000000000e+00 7.920000000000000000e+02 0.000000000000000000e+00 0.000000000000000000e+00 1.000000000000000000e+00
0.000000000000000000e+00 5.320000000000000000e+02 6.070000000000000284e+00 0.000000000000000000e+00 2.581566895013164831e-01 2.764622098379607845e-03 0.000000000000000000e+00 0.000000000000000000e+00 7.920000000000000000e+02 0.000000000000000000e+00 0.000000000000000000e+00 1.000000000000000000e+00
0.000000000000000000e+00 5.320000000000000000e+02 6.080000000000000071e+00 0.000000000000000000e+00 2.466435873573868953e-01 2.881190500123077119e-03 0.000000000000000000e+00 0.000000000000000000e+00 7.920000000000000000e+02 0.000000000000000000e+00 0.000000000000000000e+00 1.000000000000000000e+00
0.000000000000000000e+00 5.320000000000000000e+02 6.089999999999999858e+00 0.000000000000000000e+00 2.352418098966761462e-01 2.989459347664983474e-03 0.000000000000000000e+00 0.000000000000000000e+00 7.920000000000000000e+02 0.000000000000000000e+00 0.000000000000000000e+00 1.000000000000000000e+00
0.000000000000000000e+00 5.320000000000000000e+02 6.099999999999999645e+00 0.000000000000000000e+00 2.239469911840260563e-01 3.088304291645541100e-03 0.000000000000000000e+00 0.000000000000000000e+00 7.920000000000000000e+02 0.000000000000000000e+00 0.000000000000000000e+00 1.000000000000000000e+00
0.000000000000000000e+00 5.320000000000000000e+02 6.110000000000000320e+00 0.000000000000000000e+00 2.127548062406077745e-01 3.176610743168738205e-03 0.000000000000000000e+00 0.000000000000000000e+00 7.920000000000000000e+02 0.000000000000000000e+00 0.000000000000000000e+00 1.000000000000000000e+00
0.000000000000000000e+00 5.320000000000000000e+02 6.120000000000000107e+00 0.000000000000000000e+00 2.016609693878144149e-01 3.253279205846816569e-03 0.000000000000000000e+00 0.000000000000000000e+00 7.920000000000000000e+02 0.000000000000000000e+00 0.000000000000000000e+00 1.000000000000000000e+00
0.000000000000000000e+00 5.320000000000000000e+02 6.129999999999999893e+00 0.000000000000000000e+00 1.906612326062014640e-01 3.317231367414883586e-03 0.000000000000000000e+00 0.000000000000000000e+00 7.920000000000000000e+02 0.000000000000000000e+00 0.000000000000000000e+00 1.000000000000000000e+00
0.000000000000000000e+00 5.320000000000000000e+02 6.139999999999999680e+00 0.000000000000000000e+00 1.797513839088469012e-01 3.367417168596956861e-03 0.000000000000000000e+00 0.000000000000000000e+00 7.920000000000000000e+02 0.000000000000000000e+00 0.000000000000000000e+00 1.000000000000000000e+00
0.000000000000000000e+00 5.320000000000000000e+02 6.150000000000000355e+00 0.000000000000000000e+00 1.689272457285103668e-01 3.402823099676679369e-03 0.000000000000000000e+00 0.000000000000000000e+00 7.920000000000000000e+02 0.000000000000000000e+00 0.000000000000000000e+00 1.000000000000000000e+00
0.000000000000000000e+00 5.320000000000000000e+02 6.160000000000000142e+00 0.000000000000000000e+00 1.581846733179713416e-01 3.422482014889136059e-03 0.000000000000000000e+00 0.000000000000000000e+00 7.920000000000000000e+02 0.000000000000000000e+00 0.000000000000000000e+00 1.000000000000000000e+00
0.000000000000000000e+00 5.320000000000000000e+02 6.169999999999999929e+00 0.000000000000000000e+00 1.475195531629341361e-01 3.425484802362568221e-03 0.000000000000000000e+00 0.000000000000000000e+00 7.920000000000000000e+02 0.000000000000000000e+00 0.000000000000000000e+00 1.000000000000000000e+00
0.000000000000000000e+00 5.320000000000000000e+02 6.179999999999999716e+00 0.000000000000000000e+00 1.369278014068934790e-01 3.410994303947888218e-03 0.000000000000000000e+00 0.000000000000000000e+00 7.920000000000000000e+02 0.000000000000000000e+00 0.000000000000000000e+00 1.000000000000000000e+00
0.000000000000000000e+00 5.320000000000000000e+02 6.189999999999999503e+00 0.000000000000000000e+00 1.264053622873562155e-01 3.378261945790096005e-03 0.000000000000000000e+00 0.000000000000000000e+00 7.920000000000000000e+02 0.000000000000000000e+00 0.000000000000000000e+00 1.000000000000000000e+00
0.000000000000000000e+00 5.320000000000000000e+02 6.200000000000000178e+00 0.000000000000000000e+00 1.159482065828204012e-01 3.326647617437984705e-03 0.000000000000000000e+00 0.000000000000000000e+00 7.920000000000000000e+02 0.000000000000000000e+00 0.000000000000000000e+00 1.000000000000000000e+00
0.000000000000000000e+00 5.320000000000000000e+02 6.209999999999999964e+00 0.000000000000000000e+00 1.055523300699177103e-01 3.255643424337633512e-03 0.000000000000000000e+00 0.000000000000000000e+00 7.920000000000000000e+02 0.000000000000000000e+00 0.000000000000000000e+00 1.000000000000000000e+00
0.000000000000000000e+00 5.320000000000000000e+02 6.219999999999999751e+00 0.000000000000000000e+00 9.521375199012804824e-02 3.164902033770254641e-03 0.000000000000000000e+00 0.000000000000000000e+00 7.920000000000000000e+02 0.000000000000000000e+00 0.000000000000000000e+00 1.000000000000000000e+00
0.000000000000000000e+00 5.320000000000000000e+02 6.229999999999999538e+00 0.000000000000000000e+00 8.492851352547928223e-02 3.054270432772648869e-03 0.000000000000000000e+00 0.000000000000000000e+00 7.920000000000000000e+02 0.000000000000000000e+00 0.000000000000000000e+00 1.000000000000000000e+00
0.000000000000000000e+00 5.320000000000000000e+02 6.240000000000000213e+00 0.000000000000000000e+00 7.469267628264783521e-02 2.923830008182855961e-03 0.000000000000000000e+00 0.000000000000000000e+00 7.920000000000000000e+02 0.000000000000000000e+00 0.000000000000000000e+00 1.000000000000000000e+00
0.000000000000000000e+00 5.320000000000000000e+02 6.250000000000000000e+00 0.000000000000000000e+00 6.450232078488132847e-02 2.773943924457594745e-03 0.000000000000000000e+00 0.000000000000000000e+00 7.920000000000000000e+02 0.000000000000000000e+00 0.000000000000000000e+00 1.000000000000000000e+00
0.000000000000000000e+00 5.320000000000000000e+02 6.259999999999999787e+00 0.000000000000000000e+00 5.435354497116349354e-02 2.605312779535219614e-03 0.000000000000000000e+00 0.000000000000000000e+00 7.920000000000000000e+02 0.000000000000000000e+00 0.000000000000000000e+00 1.000000000000000000e+00
0.000000000000000000e+00 5.320000000000000000e+02 6.269999999999999574e+00 0.000000000000000000e+00 4.424246270204854753e-02 2.419039401550821672e-03 0.000000000000000000e+00 0.000000000000000000e+00 7.920000000000000000e+02 0.000000000000000000e+00 0.000000000000000000e+00 1.000000000000000000e+00
0.000000000000000000e+00 5.320000000000000000e+02 6.280000000000000249e+00 0.000000000000000000e+00 3.416520227159252493e-02 2.216703303780246173e-03 0.000000000000000000e+00 0.000000000000000000e+00 7.920000000000000000e+02 0.000000000000000000e+00 0.000000000000000000e+00 1.000000000000000000e+00
0.000000000000000000e+00 5.320000000000000000e+02 6.290000000000000036e+00 0.000000000000000000e+00 2.411790492481035580e-02 2.000444560888950396e-03 0.000000000000000000e+00 0.000000000000000000e+00 7.920000000000000000e+02 0.000000000000000000e+00 0.000000000000000000e+00 1.000000000000000000e+00
0.000000000000000000e+00 5.320000000000000000e+02 6.299999999999999822e+00 0.000000000000000000e+00 1.409672338009296949e-02 1.773055400231962966e-03 0.000000000000000000e+00 0.000000000000000000e+00 7.920000000000000000e+02 0.000000000000000000e+00 0.000000000000000000e+00 1.000000000000000000e+00
0.000000000000000000e+00 5.320000000000000000e+02 6.309999999999999609e+00 0.000000000000000000e+00 4.097820356017772836e-03 1.538075104661350626e-03 0.000000000000000000e+00 0.000000000000000000e+00 7.920000000000000000e+02 0.000000000000000000e+00 0.000000000000000000e+00 1.000000000000000000e+00
0.000000000000000000e+00 5.320000000000000000e+02 6.320000000000000284e+00 0.000000000000000000e+00 -5.882632898012198075e-03 1.299879050540547754e-03 0.000000000000000000e+00 0.000000000000000000e+00 7.920000000000000000e+02 0.000000000000000000e+00 0.000000000000000000e+00 1.000000000000000000e+00
0.000000000000000000e+00 5.320000000000000000e+02 6.330000000000000071e+00 0.000000000000000000e+00 -1.584845806786210065e-02 1.063744488376802688e-03 0.000000000000000000e+00 0.000000000000000000e+00 7.920000000000000000e+02 0.000000000000000000e+00 0.000000000000000000e+00 1.000000000000000000e+00
0.000000000000000000e+00 5.320000000000000000e+02 6.339999999999999858e+00 0.000000000000000000e+00 -2.580347123805405707e-02 8.358619003431275521e-04 0.000000000000000000e+00 0.000000000000000000e+00 7.920000000000000000e+02 0.000000000000000000e+00 0.000000000000000000e+00 1.000000000000000000e+00
0.000000000000000000e+00 5.320000000000000000e+02 6.349999999999999645e+00 0.000000000000000000e+00 -3.575148435301092609e-02 6.232384666162178039e-04 0.000000000000000000e+00 0.000000000000000000e+00 7.920000000000000000e+02 0.000000000000000000e+00 0.000000000000000000e+00 1.000000000000000000e+00
0.000000000000000000e+00 5.320000000000000000e+02 6.360000000000000320e+00 0.000000000000000000e+00 -4.569630667671505109e-02 4.334060986368112878e-04 0.000000000000000000e+00 0.000000000000000000e+00 7.920000000000000000e+02 0.000000000000000000e+00 0.000000000000000000e+00 1.000000000000000000e+00
0.000000000000000000e+00 5.320000000000000000e+02 6.370000000000000107e+00 0.000000000000000000e+00 -5.564174625134037794e-02 2.738003908909565805e-04 0.000000000000000000e+00 0.000000000000000000e+00 7.920000000000000000e+02 0.000000000000000000e+00 0.000000000000000000e+00 1.000000000000000000e+00
0.000000000000000000e+00 5.320000000000000000e+02 6.379999999999999893e+00 0.000000000000000000e+00 -6.559161135541669019e-02 1.506331695892118745e-04 0.000000000000000000e+00 0.000000000000000000e+00 7.920000000000000000e+02 0.000000000000000000e+00 0.000000000000000000e+00 1.000000000000000000e+00
0.000000000000000000e+00 5.320000000000000000e+02 6.389999999999999680e+00 0.000000000000000000e+00 -7.554971196208454254e-02 6.710471119025123495e-05 0.000000000000000000e+00 0.000000000000000000e+00 7.920000000000000000e+02 0.000000000000000000e+00 0.000000000000000000e+00 1.000000000000000000e+00
0.000000000000000000e+00 5.320000000000000000e+02 6.400000000000000355e+00 0.000000000000000000e+00 -8.551986119799898090e-02 2.109384251477769336e-05 0.000000000000000000e+00 0.000000000000000000e+00 7.920000000000000000e+02 0.000000000000000000e+00 0.000000000000000000e+00 1.000000000000000000e+00
0.000000000000000000e+00 5.320000000000000000e+02 6.410000000000000142e+00 0.000000000000000000e+00 -9.550587680344083119e-02 3.473802719502541161e-06 0.000000000000000000e+00 0.000000000000000000e+00 7.920000000000000000e+02 0.000000000000000000e+00 0.000000000000000000e+00 1.000000000000000000e+00
0.000000000000000000e+00 5.320000000000000000e+02 6.419999999999999929e+00 0.000000000000000000e+00 -1.055115825941944641e-01 1.353134838039948795e-07 0.000000000000000000e+00 0.000000000000000000e+00 7.920000000000000000e+02 0.000000000000000000e+00 0.000000000000000000e+00 1.000000000000000000e+00
0.000000000000000000e+00 5.320000000000000000e+02 6.429999999999999716e+00 0.000000000000000000e+00 -1.155408099257523025e-01 5.401727739532578001e-11 0.000000000000000000e+00 0.000000000000000000e+00 7.920000000000000000e+02 0.000000000000000000e+00 0.000000000000000000e+00 1.000000000000000000e+00
0.000000000000000000e+00 5.320000000000000000e+02 6.439999999999999503e+00 0.000000000000000000e+00 -1.255973991604061313e-01 1.823935159019062073e-34 1.000000000000000000e+00 1.000000000000000000e+00 7.920000000000000000e+02 0.000000000000000000e+00 0.000000000000000000e+00 1.000000000000000000e+00
0.000000000000000000e+00 5.320000000000000000e+02 6.450000000000000178e+00 0.000000000000000000e+00 -1.342392748296263039e-01 8.240643788527573758e-11 0.000000000000000000e+00 0.000000000000000000e+00 7.920000000000000000e+02 0.000000000000000000e+00 0.000000000000000000e+00 1.000000000000000000e+00
0.000000000000000000e+00 5.320000000000000000e+02 6.459999999999999964e+00 0.000000000000000000e+00 -1.429156723632392101e-01 2.213762698621113046e-07 0.000000000000000000e+00 0.000000000000000000e+00 7.920000000000000000e+02 0.000000000000000000e+00 0.000000000000000000e+00 1.000000000000000000e+00
0.000000000000000000e+00 5.320000000000000000e+02 6.469999999999999751e+00 0.000000000000000000e+00 -1.516299141019213093e-01 5.889895918769819908e-06 0.000000000000000000e+00 0.000000000000000000e+00 7.920000000000000000e+02 0.000000000000000000e+00 0.000000000000000000e+00 1.000000000000000000e+00
0.000000000000000000e+00 5.320000000000000000e+02 6.479999999999999538e+00 0.000000000000000000e+00 -1.603853368775408350e-01 3.662534638995223980e-05 0.000000000000000000e+00 0.000000000000000000e+00 7.920000000000000000e+02 0.000000000000000000e+00 0.000000000000000000e+00 1.000000000000000000e+00
0.000000000000000000e+00 5.320000000000000000e+02 6.490000000000000213e+00 0.000000000000000000e+00 -1.691852932908879670e-01 1.185500491029710737e-04 0.000000000000000000e+00 0.000000000000000000e+00 7.920000000000000000e+02 0.000000000000000000e+00 0.000000000000000000e+00 1.000000000000000000e+00
0.000000000000000000e+00 5.320000000000000000e+02 6.500000000000000000e+00 0.000000000000000000e+00 -1.780331529954425618e-01 2.695583066775874420e-04 0.000000000000000000e+00 0.000000000000000000e+00 7.920000000000000000e+02 0.000000000000000000e+00 0.000000000000000000e+00 1.000000000000000000e+00
0.000000000000000000e+00 5.320000000000000000e+02 6.509999999999999787e+00 0.000000000000000000e+00 -1.869323039876723269e-01 4.945073144991003061e-04 0.000000000000000000e+00 0.000000000000000000e+00 7.920000000000000000e+02 0.000000000000000000e+00 0.000000000000000000e+00 1.000000000000000000e+00
0.000000000000000000e+00 5.320000000000000000e+02 6.519999999999999574e+00 0.000000000000000000e+00 -1.958861539043541267e-01 7.874319327419946474e-04 0.000000000000000000e+00 0.000000000000000000e+00 7.920000000000000000e+02 0.000000000000000000e+00 0.000000000000000000e+00 1.000000000000000000e+00
0.000000000000000000e+00 5.320000000000000000e+02 6.530000000000000249e+00 0.000000000000000000e+00 -2.048981313274165217e-01 1.135435670292056845e-03 0.000000000000000000e+00 0.000000000000000000e+00 7.920000000000000000e+02 0.000000000000000000e+00 0.000000000000000000e+00 1.000000000000000000e+00
0.000000000000000000e+00 5.320000000000000000e+02 6.540000000000000036e+00 0.000000000000000000e+00 -2.139716870968023099e-01 1.521989596509043183e-03 0.000000000000000000e+00 0.000000000000000000e+00 7.920000000000000000e+02 0.000000000000000000e+00 0.000000000000000000e+00 1.000000000000000000e+00
0.000000000000000000e+00 5.320000000000000000e+02 6.549999999999999822e+00 0.000000000000000000e+00 -2.231102956318534725e-01 1.929195562596096314e-03 0.000000000000000000e+00 0.000000000000000000e+00 7.920000000000000000e+02 0.000000000000000000e+00 0.000000000000000000e+00 1.000000000000000000e+00
0.000000000000000000e+00 5.320000000000000000e+02 6.559999999999999609e+00 0.000000000000000000e+00 -2.323174562617266181e-01 2.339178687681213106e-03 0.000000000000000000e+00 0.000000000000000000e+00 7.920000000000000000e+02 0.000000000000000000e+00 0.000000000000000000e+00 1.000000000000000000e+00
0.000000000000000000e+00 5.320000000000000000e+02 6.570000000000000284e+00 0.000000000000000000e+00 -2.415966945653449660e-01 2.734878584163949466e-03 0.000000000000000000e+00 0.000000000000000000e+00 7.920000000000000000e+02 0.000000000000000000e+00 0.000000000000000000e+00 1.000000000000000000e+00
0.000000000000000000e+00 5.320000000000000000e+02 6.580000000000000071e+00 0.000000000000000000e+00 -2.509515637214030925e-01 3.100465325588563220e-03 0.000000000000000000e+00 0.000000000000000000e+00 7.920000000000000000e+02 0.000000000000000000e+00 0.000000000000000000e+00 1.000000000000000000e+00
0.000000000000000000e+00 5.320000000000000000e+02 6.589999999999999858e+00 0.000000000000000000e+00 -2.603856458689395859e-01 3.421540802464016068e-03 0.000000000000000000e+00 0.000000000000000000e+00 7.920000000000000000e+02 0.000000000000000000e+00 0.000000000000000000e+00 1.000000000000000000e+00
0.000000000000000000e+00 5.320000000000000000e+02 6.599999999999999645e+00 0.000000000000000000e+00 -2.699025534789992742e-01 3.685233418504692271e-03 0.000000000000000000e+00 0.000000000000000000e+00 7.920000000000000000e+02 0.000000000000000000e+00 0.000000000000000000e+00 1.000000000000000000e+00
0.000000000000000000e+00 5.320000000000000000e+02 6.610000000000000320e+00 0.000000000000000000e+00 -2.795059307379096913e-01 3.880258803143306345e-03 0.000000000000000000e+00 0.000000000000000000e+00 7.920000000000000000e+02 0.000000000000000000e+00 0.000000000000000000e+00 1.000000000000000000e+00
0.000000000000000000e+00 5.320000000000000000e+02 6.620000000000000107e+00 0.000000000000000000e+00 -2.891994549427031047e-01 3.996998477700668823e-03 0.000000000000000000e+00 0.000000000000000000e+00 7.920000000000000000e+02 0.000000000000000000e+00 0.000000000000000000e+00 1.000000000000000000e+00
0.000000000000000000e+00 5.320000000000000000e+02 6.629999999999999893e+00 0.000000000000000000e+00 -2.989868379092150974e-01 4.027638628070245169e-03 0.000000000000000000e+00 0.000000000000000000e+00 7.920000000000000000e+02 0.000000000000000000e+00 0.000000000000000000e+00 1.000000000000000000e+00
0.000000000000000000e+00 5.320000000000000000e+02 6.639999999999999680e+00 0.000000000000000000e+00 -3.088718273934032421e-01 3.966409755734059267e-03 0.000000000000000000e+00 0.000000000000000000e+00 7.920000000000000000e+02 0.000000000000000000e+00 0.000000000000000000e+00 1.000000000000000000e+00
0.000000000000000000e+00 5.320000000000000000e+02 6.650000000000000355e+00 0.000000000000000000e+00 -3.188582085264258237e-01 3.809973612766935636e-03 0.000000000000000000e+00 0.000000000000000000e+00 7.920000000000000000e+02 0.000000000000000000e+00 0.000000000000000000e+00 1.000000000000000000e+00
0.000000000000000000e+00 5.320000000000000000e+02 6.660000000000000142e+00 0.000000000000000000e+00 -3.289498052640343895e-01 3.558015820450916716e-03 0.000000000000000000e+00 0.000000000000000000e+00 7.920000000000000000e+02 0.000000000000000000e+00 0.000000000000000000e+00 1.000000000000000000e+00
0.000000000000000000e+00 5.320000000000000000e+02 6.669999999999999929e+00 0.000000000000000000e+00 -3.391504818508302987e-01 3.214119982371706208e-03 0.000000000000000000e+00 0.000000000000000000e+00 7.920000000000000000e+02 0.000000000000000000e+00 0.000000000000000000e+00 1.000000000000000000e+00
0.000000000000000000e+00 5.320000000000000000e+02 6.679999999999999716e+00 0.000000000000000000e+00 -3.494641442999510961e-01 2.787018052490382314e-03 0.000000000000000000e+00 0.000000000000000000e+00 7.920000000000000000e+02 0.000000000000000000e+00 0.000000000000000000e+00 1.000000000000000000e+00
0.000000000000000000e+00 5.320000000000000000e+02 6.689999999999999503e+00 0.000000000000000000e+00 -3.598947418887489258e-01 2.292317931686719407e-03 0.000000000000000000e+00 0.000000000000000000e+00 7.920000000000000000e+02 0.000000000000000000e+00 0.000000000000000000e+00 1.000000000000000000e+00
0.000000000000000000e+00 5.320000000000000000e+02 6.700000000000000178e+00 0.000000000000000000e+00 -3.704462686710361385e-01 1.754756603796361544e-03 0.000000000000000000e+00 0.000000000000000000e+00 7.920000000000000000e+02 0.000000000000000000e+00 0.000000000000000000e+00 1.000000000000000000e+00
0.000000000000000000e+00 5.320000000000000000e+02 6.709999999999999964e+00 0.000000000000000000e+00 -3.811227650064772376e-01 1.210775861243351681e-03 0.000000000000000000e+00 0.000000000000000000e+00 7.920000000000000000e+02 0.000000000000000000e+00 0.000000000000000000e+00 1.000000000000000000e+00
0.000000000000000000e+00 5.320000000000000000e+02 6.719999999999999751e+00 0.000000000000000000e+00 -3.919283191077109207e-01 7.103622545080812492e-04 0.000000000000000000e+00 0.000000000000000000e+00 7.920000000000000000e+02 0.000000000000000000e+00 0.000000000000000000e+00 1.000000000000000000e+00
0.000000000000000000e+00 5.320000000000000000e+02 6.729999999999999538e+00 0.000000000000000000e+00 -4.028670686057971295e-01 3.145442735677374084e-04 0.000000000000000000e+00 0.000000000000000000e+00 7.920000000000000000e+02 0.000000000000000000e+00 0.000000000000000000e+00 1.000000000000000000e+00
0.000000000000000000e+00 5.320000000000000000e+02 6.740000000000000213e+00 0.000000000000000000e+00 -4.139432021345857970e-01 7.857445532687677182e-05 0.000000000000000000e+00 0.000000000000000000e+00 7.920000000000000000e+02 0.000000000000000000e+00 0.000000000000000000e+00 1.000000000000000000e+00
0.000000000000000000e+00 5.320000000000000000e+02 6.750000000000000000e+00 0.000000000000000000e+00 -4.251609609346168606e-01 4.199323909392707328e-06 0.000000000000000000e+00 0.000000000000000000e+00 7.920000000000000000e+02 0.000000000000000000e+00 0.000000000000000000e+00 1.000000000000000000e+00
0.000000000000000000e+00 5.320000000000000000e+02 6.759999999999999787e+00 0.000000000000000000e+00 -4.365246404771633837e-01 4.992515168341734723e-11 1.000000000000000000e+00 0.000000000000000000e+00 7.920000000000000000e+02 0.000000000000000000e+00 0.000000000000000000e+00 1.000000000000000000e+00
0.000000000000000000e+00 5.320000000000000000e+02 6.769999999999999574e+00 0.000000000000000000e+00 -4.449310960177244034e-01 5.659946456610629199e-06 0.000000000000000000e+00 0.000000000000000000e+00 7.920000000000000000e+02 0.000000000000000000e+00 0.000000000000000000e+00 1.000000000000000000e+00
0.000000000000000000e+00 5.320000000000000000e+02 6.780000000000000249e+00 0.000000000000000000e+00 -4.534910426228970226e-01 1.132039770735510618e-04 0.000000000000000000e+00 0.000000000000000000e+00 7.920000000000000000e+02 0.000000000000000000e+00 0.000000000000000000e+00 1.000000000000000000e+00
0.000000000000000000e+00 5.320000000000000000e+02 6.790000000000000036e+00 0.000000000000000000e+00 -4.622077580423099574e-01 4.678927213012814244e-04 0.000000000000000000e+00 0.000000000000000000e+00 7.920000000000000000e+02 0.000000000000000000e+00 0.000000000000000000e+00 1.000000000000000000e+00
0.000000000000000000e+00 5.320000000000000000e+02 6.799999999999999822e+00 0.000000000000000000e+00 -4.710845800550462203e-01 1.074960663848596558e-03 0.000000000000000000e+00 0.000000000000000000e+00 7.920000000000000000e+02 0.000000000000000000e+00 0.000000000000000000e+00 1.000000000000000000e+00
0.000000000000000000e+00 5.320000000000000000e+02 6.809999999999999609e+00 0.000000000000000000e+00 -4.801249077477354188e-01 1.845072533116212318e-03 0.000000000000000000e+00 0.000000000000000000e+00 7.920000000000000000e+02 0.000000000000000000e+00 0.000000000000000000e+00 1.000000000000000000e+00
0.000000000000000000e+00 5.320000000000000000e+02 6.820000000000000284e+00 0.000000000000000000e+00 -4.893322028161221082e-01 2.668182004362919593e-03 0.000000000000000000e+00 0.000000000000000000e+00 7.920000000000000000e+02 0.000000000000000000e+00 0.000000000000000000e+00 1.000000000000000000e+00
0.000000000000000000e+00 5.320000000000000000e+02 6.830000000000000071e+00 0.000000000000000000e+00 -4.987099908906086343e-01 3.444083549459447252e-03 0.000000000000000000e+00 0.000000000000000000e+00 7.920000000000000000e+02 0.000000000000000000e+00 0.000000000000000000e+00 1.000000000000000000e+00
0.000000000000000000e+00 5.320000000000000000e+02 6.839999999999999858e+00 0.000000000000000000e+00 -5.082618628862786148e-01 4.090178913207016820e-03 0.000000000000000000e+00 0.000000000000000000e+00 7.920000000000000000e+02 0.000000000000000000e+00 0.000000000000000000e+00 1.000000000000000000e+00
0.000000000000000000e+00 5.320000000000000000e+02 6.849999999999999645e+00 0.000000000000000000e+00 -5.179914763779193132e-01 4.541512387489940461e-03 0.000000000000000000e+00 0.000000000000000000e+00 7.920000000000000000e+02 0.000000000000000000e+00 0.000000000000000000e+00 1.000000000000000000e+00
0.000000000000000000e+00 5.320000000000000000e+02 6.860000000000000320e+00 0.000000000000000000e+00 -5.279025570005710932e-01 4.749305841266020928e-03 0.000000000000000000e+00 0.000000000000000000e+00 7.920000000000000000e+02 0.000000000000000000e+00 0.000000000000000000e+00 1.000000000000000000e+00
0.000000000000000000e+00 5.320000000000000000e+02 6.870000000000000107e+00 0.000000000000000000e+00 -5.379988998761336960e-01 4.680455243218983180e-03 0.000000000000000000e+00 0.000000000000000000e+00 7.920000000000000000e+02 0.000000000000000000e+00 0.000000000000000000e+00 1.000000000000000000e+00
0.000000000000000000e+00 5.320000000000000000e+02 6.879999999999999893e+00 0.000000000000000000e+00 -5.482843710665870063e-01 4.319344057784797047e-03 0.000000000000000000e+00 0.000000000000000000e+00 7.920000000000000000e+02 0.000000000000000000e+00 0.000000000000000000e+00 1.000000000000000000e+00
0.000000000000000000e+00 5.320000000000000000e+02 6.889999999999999680e+00 0.000000000000000000e+00 -5.587629090543682064e-01 3.673483974866321305e-03 0.000000000000000000e+00 0.000000000000000000e+00 7.920000000000000000e+02 0.000000000000000000e+00 0.000000000000000000e+00 1.000000000000000000e+00
0.000000000000000000e+00 5.320000000000000000e+02 6.900000000000000355e+00 0.000000000000000000e+00 -5.694385262504872980e-01 2.785466727628303427e-03 0.000000000000000000e+00 0.000000000000000000e+00 7.920000000000000000e+02 0.000000000000000000e+00 0.000000000000000000e+00 1.000000000000000000e+00
0.000000000000000000e+00 5.320000000000000000e+02 6.910000000000000142e+00 0.000000000000000000e+00 -5.803153105309454274e-01 1.755083035122376525e-03 0.000000000000000000e+00 0.000000000000000000e+00 7.920000000000000000e+02 0.000000000000000000e+00 0.000000000000000000e+00 1.000000000000000000e+00
0.000000000000000000e+00 5.320000000000000000e+02 6.919999999999999929e+00 0.000000000000000000e+00 -5.913974268020536496e-01 7.733523275282802589e-04 0.000000000000000000e+00 0.000000000000000000e+00 7.920000000000000000e+02 0.000000000000000000e+00 0.000000000000000000e+00 1.000000000000000000e+00
0.000000000000000000e+00 5.320000000000000000e+02 6.929999999999999716e+00 0.000000000000000000e+00 -6.026891185952456542e-01 1.353405351128846284e-04 0.000000000000000000e+00 0.000000000000000000e+00 7.920000000000000000e+02 0.000000000000000000e+00 0.000000000000000000e+00 1.000000000000000000e+00
0.000000000000000000e+00 5.320000000000000000e+02 6.939999999999999503e+00 0.000000000000000000e+00 -6.141947096919995186e-01 1.951140159736751303e-07 1.000000000000000000e+00 0.000000000000000000e+00 7.920000000000000000e+02 0.000000000000000000e+00 0.000000000000000000e+00 1.000000000000000000e+00
0.000000000000000000e+00 5.320000000000000000e+02 6.950000000000000178e+00 0.000000000000000000e+00 -6.218082214505240568e-01 1.718960871421051050e-04 0.000000000000000000e+00 0.000000000000000000e+00 7.920000000000000000e+02 0.000000000000000000e+00 0.000000000000000000e+00 1.000000000000000000e+00
0.000000000000000000e+00 5.320000000000000000e+02 6.959999999999999964e+00 0.000000000000000000e+00 -6.296429535433573088e-01 1.042130619760734539e-03 0.000000000000000000e+00 0.000000000000000000e+00 7.920000000000000000e+02 0.000000000000000000e+00 0.000000000000000000e+00 1.000000000000000000e+00
0.000000000000000000e+00 5.320000000000000000e+02 6.969999999999999751e+00 0.000000000000000000e+00 -6.377019060231149394e-01 2.430799910529428745e-03 0.000000000000000000e+00 0.000000000000000000e+00 7.920000000000000000e+02 0.000000000000000000e+00 0.000000000000000000e+00 1.000000000000000000e+00
0.000000000000000000e+00 5.320000000000000000e+02 6.979999999999999538e+00 0.000000000000000000e+00 -6.459881648002254728e-01 3.895440833354094079e-03 0.000000000000000000e+00 0.000000000000000000e+00 7.920000000000000000e+02 0.000000000000000000e+00 0.000000000000000000e+00 1.000000000000000000e+00
0.000000000000000000e+00 5.320000000000000000e+02 6.990000000000000213e+00 0.000000000000000000e+00 -6.545049028245785161e-01 5.100031187288921880e-03 0.000000000000000000e+00 0.000000000000000000e+00 7.920000000000000000e+02 0.000000000000000000e+00 0.000000000000000000e+00 1.000000000000000000e+00
0.000000000000000000e+00 5.320000000000000000e+02 7.000000000000000000e+00 0.000000000000000000e+00 -6.632553813004993248e-01 5.826152362052687550e-03 0.000000000000000000e+00 0.000000000000000000e+00 7.920000000000000000e+02 0.000000000000000000e+00 0.000000000000000000e+00 1.000000000000000000e+00
0.000000000000000000e+00 5.320000000000000000e+02 7.009999999999999787e+00 0.000000000000000000e+00 -6.722429509355216659e-01 5.940391887681868710e-03 0.000000000000000000e+00 0.000000000000000000e+00 7.920000000000000000e+02 0.000000000000000000e+00 0.000000000000000000e+00 1.000000000000000000e+00
0.000000000000000000e+00 5.320000000000000000e+02 7.019999999999999574e+00 0.000000000000000000e+00 -6.814710532234293794e-01 5.378777322510228109e-03 0.000000000000000000e+00 0.000000000000000000e+00 7.920000000000000000e+02 0.000000000000000000e+00 0.000000000000000000e+00 1.000000000000000000e+00
0.000000000000000000e+00 5.320000000000000000e+02 7.030000000000000249e+00 0.000000000000000000e+00 -6.909432217620639083e-01 4.160849538147947529e-03 0.000000000000000000e+00 0.000000000000000000e+00 7.920000000000000000e+02 0.000000000000000000e+00 0.000000000000000000e+00 1.000000000000000000e+00
0.000000000000000000e+00 5.320000000000000000e+02 7.040000000000000036e+00 0.000000000000000000e+00 -7.006630836063996171e-01 2.456027094544309397e-03 0.000000000000000000e+00 0.000000000000000000e+00 7.920000000000000000e+02 0.000000000000000000e+00 0.000000000000000000e+00 1.000000000000000000e+00
0.000000000000000000e+00 5.320000000000000000e+02 7.049999999999999822e+00 0.000000000000000000e+00 -7.106343606574033744e-01 7.552547179439208017e-04 0.000000000000000000e+00 0.000000000000000000e+00 7.920000000000000000e+02 0.000000000000000000e+00 0.000000000000000000e+00 1.000000000000000000e+00
0.000000000000000000e+00 5.320000000000000000e+02 7.059999999999999609e+00 0.000000000000000000e+00 -7.208608710872156378e-01 9.178623168001507574e-06 1.000000000000000000e+00 0.000000000000000000e+00 7.920000000000000000e+02 0.000000000000000000e+00 0.000000000000000000e+00 1.000000000000000000e+00
0.000000000000000000e+00 5.320000000000000000e+02 7.070000000000000284e+00 0.000000000000000000e+00 -7.279080219576619104e-01 8.871891909525628228e-04 0.000000000000000000e+00 0.000000000000000000e+00 7.920000000000000000e+02 0.000000000000000000e+00 0.000000000000000000e+00 1.000000000000000000e+00
0.000000000000000000e+00 5.320000000000000000e+02 7.080000000000000071e+00 0.000000000000000000e+00 -7.352170205865996566e-01 2.932664299593813056e-03 0.000000000000000000e+00 0.000000000000000000e+00 7.920000000000000000e+02 0.000000000000000000e+00 0.000000000000000000e+00 1.000000000000000000e+00
0.000000000000000000e+00 5.320000000000000000e+02 7.089999999999999858e+00 0.000000000000000000e+00 -7.427906657143306113e-01 4.863110240514431637e-03 0.000000000000000000e+00 0.000000000000000000e+00 7.920000000000000000e+02 0.000000000000000000e+00 0.000000000000000000e+00 1.000000000000000000e+00
0.000000000000000000e+00 5.320000000000000000e+02 7.099999999999999645e+00 0.000000000000000000e+00 -7.506318574188164394e-01 5.904043391904343491e-03 0.000000000000000000e+00 0.000000000000000000e+00 7.920000000000000000e+02 0.000000000000000000e+00 0.000000000000000000e+00 1.000000000000000000e+00
0.000000000000000000e+00 5.320000000000000000e+02 7.110000000000000320e+00 0.000000000000000000e+00 -7.587435982261693246e-01 5.707214312911455811e-03 0.000000000000000000e+00 0.000000000000000000e+00 7.920000000000000000e+02 0.000000000000000000e+00 0.000000000000000000e+00 1.000000000000000000e+00
0.000000000000000000e+00 5.320000000000000000e+02 7.120000000000000107e+00 0.000000000000000000e+00 -7.671289942603691792e-01 4.213353629457915889e-03 0.000000000000000000e+00 0.000000000000000000e+00 7.920000000000000000e+02 0.000000000000000000e+00 0.000000000000000000e+00 1.000000000000000000e+00
0.000000000000000000e+00 5.320000000000000000e+02 7.129999999999999893e+00 0.000000000000000000e+00 -7.757912564326527871e-01 1.811359811858592739e-03 0.000000000000000000e+00 0.000000000000000000e+00 7.920000000000000000e+02 0.000000000000000000e+00 0.000000000000000000e+00 1.000000000000000000e+00
0.000000000000000000e+00 5.320000000000000000e+02 7.139999999999999680e+00 0.000000000000000000e+00 -7.847337016710249635e-01 6.485940912255821599e-05 1.000000000000000000e+00 0.000000000000000000e+00 7.920000000000000000e+02 0.000000000000000000e+00 0.000000000000000000e+00 1.000000000000000000e+00
0.000000000000000000e+00 5.320000000000000000e+02 7.150000000000000355e+00 0.000000000000000000e+00 -7.916635327509802256e-01 1.748141588371502492e-03 0.000000000000000000e+00 0.000000000000000000e+00 7.920000000000000000e+02 0.000000000000000000e+00 0.000000000000000000e+00 1.000000000000000000e+00
0.000000000000000000e+00 5.320000000000000000e+02 7.160000000000000142e+00 0.000000000000000000e+00 -7.988796246624834119e-01 3.084750259163058020e-03 0.000000000000000000e+00 0.000000000000000000e+00 7.920000000000000000e+02 0.000000000000000000e+00 0.000000000000000000e+00 1.000000000000000000e+00
0.000000000000000000e+00 5.320000000000000000e+02 7.169999999999999929e+00 0.000000000000000000e+00 -8.063847405702683213e-01 2.171725369052843191e-03 0.000000000000000000e+00 0.000000000000000000e+00 7.920000000000000000e+02 0.000000000000000000e+00 0.000000000000000000e+00 1.000000000000000000e+00
0.000000000000000000e+00 5.320000000000000000e+02 7.179999999999999716e+00 0.000000000000000000e+00 -8.141817543112889188e-01 1.466689577731821337e-04 1.000000000000000000e+00 0.000000000000000000e+00 7.920000000000000000e+02 0.000000000000000000e+00 0.000000000000000000e+00 1.000000000000000000e+00
0.000000000000000000e+00 5.320000000000000000e+02 7.189999999999999503e+00 0.000000000000000000e+00 -8.208550081103060947e-01 2.252571498681779985e-03 0.000000000000000000e+00 0.000000000000000000e+00 7.920000000000000000e+02 0.000000000000000000e+00 0.000000000000000000e+00 1.000000000000000000e+00
0.000000000000000000e+00 5.320000000000000000e+02 7.200000000000000178e+00 0.000000000000000000e+00 -8.278257006549321062e-01 2.496745609358025711e-03 0.000000000000000000e+00 0.000000000000000000e+00 7.920000000000000000e+02 0.000000000000000000e+00 0.000000000000000000e+00 1.000000000000000000e+00
0.000000000000000000e+00 5.320000000000000000e+02 7.209999999999999964e+00 0.000000000000000000e+00 -8.350965011422956108e-01 2.534913025580543509e-04 1.000000000000000000e+00 0.000000000000000000e+00 7.920000000000000000e+02 0.000000000000000000e+00 0.000000000000000000e+00 1.000000000000000000e+00
0.000000000000000000e+00 5.320000000000000000e+02 7.219999999999999751e+00 0.000000000000000000e+00 -8.409814352271935967e-01 3.860209890099244173e-03 0.000000000000000000e+00 0.000000000000000000e+00 7.920000000000000000e+02 0.000000000000000000e+00 0.000000000000000000e+00 1.000000000000000000e+00
0.000000000000000000e+00 5.320000000000000000e+02 7.229999999999999538e+00 0.000000000000000000e+00 -8.471715148100961157e-01 7.180511948866860616e-03 0.000000000000000000e+00 0.000000000000000000e+00 7.920000000000000000e+02 0.000000000000000000e+00 0.000000000000000000e+00 1.000000000000000000e+00
0.000000000000000000e+00 5.320000000000000000e+02 7.240000000000000213e+00 0.000000000000000000e+00 -8.536691101781084257e-01 7.704966367418419199e-03 0.000000000000000000e+00 0.000000000000000000e+00 7.920000000000000000e+02 0.000000000000000000e+00 0.000000000000000000e+00 1.000000000000000000e+00
0.000000000000000000e+00 5.320000000000000000e+02 7.250000000000000000e+00 0.000000000000000000e+00 -8.604767093713762138e-01 4.974992338868552272e-03 0.000000000000000000e+00 0.000000000000000000e+00 7.920000000000000000e+02 0.000000000000000000e+00 0.000000000000000000e+00 1.000000000000000000e+00
0.000000000000000000e+00 5.320000000000000000e+02 7.259999999999999787e+00 0.000000000000000000e+00 -8.675969191358016142e-01 5.625302096597967899e-04 1.000000000000000000e+00 0.000000000000000000e+00 7.920000000000000000e+02 0.000000000000000000e+00 0.000000000000000000e+00 1.000000000000000000e+00
0.000000000000000000e+00 5.320000000000000000e+02 7.269999999999999574e+00 0.000000000000000000e+00 -8.732834218460141518e-01 4.723410598145103695e-03 0.000000000000000000e+00 0.000000000000000000e+00 7.920000000000000000e+02 0.000000000000000000e+00 0.000000000000000000e+00 1.000000000000000000e+00
0.000000000000000000e+00 5.320000000000000000e+02 7.280000000000000249e+00 0.000000000000000000e+00 -8.792874390361340442e-01 5.116062391661242714e-03 0.000000000000000000e+00 0.000000000000000000e+00 7.920000000000000000e+02 0.000000000000000000e+00 0.000000000000000000e+00 1.000000000000000000e+00
0.000000000000000000e+00 5.320000000000000000e+02 7.290000000000000036e+00 0.000000000000000000e+00 -8.856112697468006001e-01 8.508967202066350724e-04 1.000000000000000000e+00 0.000000000000000000e+00 7.920000000000000000e+02 0.000000000000000000e+00 0.000000000000000000e+00 1.000000000000000000e+00
0.000000000000000000e+00 5.320000000000000000e+02 7.299999999999999822e+00 0.000000000000000000e+00 -8.911302686106673532e-01 4.455161898588097177e-03 0.000000000000000000e+00 0.000000000000000000e+00 7.920000000000000000e+02 0.000000000000000000e+00 0.000000000000000000e+00 1.000000000000000000e+00
0.000000000000000000e+00 5.320000000000000000e+02 7.309999999999999609e+00 0.000000000000000000e+00 -8.969736158166202733e-01 1.093232752247653462e-03 1.000000000000000000e+00 0.000000000000000000e+00 7.920000000000000000e+02 0.000000000000000000e+00 0.000000000000000000e+00 1.000000000000000000e+00
0.000000000000000000e+00 5.320000000000000000e+02 7.320000000000000284e+00 0.000000000000000000e+00 -9.022233521844372772e-01 5.206984136133078339e-03 0.000000000000000000e+00 0.000000000000000000e+00 7.920000000000000000e+02 0.000000000000000000e+00 0.000000000000000000e+00 1.000000000000000000e+00
0.000000000000000000e+00 5.320000000000000000e+02 7.330000000000000071e+00 0.000000000000000000e+00 -9.078016846253414984e-01 1.377515249904935450e-03 1.000000000000000000e+00 0.000000000000000000e+00 7.920000000000000000e+02 0.000000000000000000e+00 0.000000000000000000e+00 1.000000000000000000e+00
0.000000000000000000e+00 5.320000000000000000e+02 7.339999999999999858e+00 0.000000000000000000e+00 -9.127748687737828881e-01 6.016115773954489737e-03 0.000000000000000000e+00 0.000000000000000000e+00 7.920000000000000000e+02 0.000000000000000000e+00 0.000000000000000000e+00 1.000000000000000000e+00
0.000000000000000000e+00 5.320000000000000000e+02 7.349999999999999645e+00 0.000000000000000000e+00 -9.180806893510732314e-01 1.703267324939129919e-03 1.000000000000000000e+00 0.000000000000000000e+00 7.920000000000000000e+02 0.000000000000000000e+00 0.000000000000000000e+00 1.000000000000000000e+00
0.000000000000000000e+00 5.320000000000000000e+02 7.360000000000000320e+00 0.000000000000000000e+00 -9.227696894312735765e-01 6.873414186502183054e-03 0.000000000000000000e+00 0.000000000000000000e+00 7.920000000000000000e+02 0.000000000000000000e+00 0.000000000000000000e+00 1.000000000000000000e+00
0.000000000000000000e+00 5.320000000000000000e+02 7.370000000000000107e+00 0.000000000000000000e+00 -9.277951531277119912e-01 2.067715272383471165e-03 1.000000000000000000e+00 0.000000000000000000e+00 7.920000000000000000e+02 0.000000000000000000e+00 0.000000000000000000e+00 1.000000000000000000e+00
0.000000000000000000e+00 5.320000000000000000e+02 7.379999999999999893e+00 0.000000000000000000e+00 -9.324356280440828648e-01 2.262870632879068755e-03 1.000000000000000000e+00 0.000000000000000000e+00 7.920000000000000000e+02 0.000000000000000000e+00 0.000000000000000000e+00 1.000000000000000000e+00
0.000000000000000000e+00 5.320000000000000000e+02 7.389999999999999680e+00 0.000000000000000000e+00 -9.366831470843826057e-01 8.223006847802315916e-03 0.000000000000000000e+00 0.000000000000000000e+00 7.920000000000000000e+02 0.000000000000000000e+00 0.000000000000000000e+00 1.000000000000000000e+00
0.000000000000000000e+00 5.320000000000000000e+02 7.400000000000000355e+00 0.000000000000000000e+00 -9.412724574412856260e-01 2.674327794795247626e-03 1.000000000000000000e+00 0.000000000000000000e+00 7.920000000000000000e+02 0.000000000000000000e+00 0.000000000000000000e+00 1.000000000000000000e+00
0.000000000000000000e+00 5.320000000000000000e+02 7.410000000000000142e+00 0.000000000000000000e+00 -9.454643776556767021e-01 2.888181388217904086e-03 1.000000000000000000e+00 0.000000000000000000e+00 7.920000000000000000e+02 0.000000000000000000e+00 0.000000000000000000e+00 1.000000000000000000e+00
0.000000000000000000e+00 5.320000000000000000e+02 7.419999999999999929e+00 0.000000000000000000e+00 -9.495022279786318187e-01 3.105499884257359455e-03 1.000000000000000000e+00 0.000000000000000000e+00 7.920000000000000000e+02 0.000000000000000000e+00 0.000000000000000000e+00 1.000000000000000000e+00
0.000000000000000000e+00 5.320000000000000000e+02 7.429999999999999716e+00 0.000000000000000000e+00 -9.533836076940302995e-01 3.324578388597336509e-03 1.000000000000000000e+00 0.000000000000000000e+00 7.920000000000000000e+02 0.000000000000000000e+00 0.000000000000000000e+00 1.000000000000000000e+00
0.000000000000000000e+00 5.320000000000000000e+02 7.439999999999999503e+00 0.000000000000000000e+00 -9.571060332912642021e-01 3.543520617920166080e-03 1.000000000000000000e+00 0.000000000000000000e+00 7.920000000000000000e+02 0.000000000000000000e+00 0.000000000000000000e+00 1.000000000000000000e+00
0.000000000000000000e+00 5.320000000000000000e+02 7.450000000000000178e+00 0.000000000000000000e+00 -9.606669328372618999e-01 3.760242254855777552e-03 1.000000000000000000e+00 0.000000000000000000e+00 7.920000000000000000e+02 0.000000000000000000e+00 0.000000000000000000e+00 1.000000000000000000e+00
0.000000000000000000e+00 5.320000000000000000e+02 7.459999999999999964e+00 0.000000000000000000e+00 -9.640636400502274883e-01 3.972476152567554902e-03 1.000000000000000000e+00 0.000000000000000000e+00 7.920000000000000000e+02 0.000000000000000000e+00 0.000000000000000000e+00 1.000000000000000000e+00
0.000000000000000000e+00 5.320000000000000000e+02 7.469999999999999751e+00 0.000000000000000000e+00 -9.672933880575491639e-01 4.177779418508607498e-03 1.000000000000000000e+00 0.000000000000000000e+00 7.920000000000000000e+02 0.000000000000000000e+00 0.000000000000000000e+00 1.000000000000000000e+00
0.000000000000000000e+00 5.320000000000000000e+02 7.479999999999999538e+00 0.000000000000000000e+00 -9.703533028191839716e-01 4.373542434078538099e-03 1.000000000000000000e+00 0.000000000000000000e+00 7.920000000000000000e+02 0.000000000000000000e+00 0.000000000000000000e+00 1.000000000000000000e+00
0.000000000000000000e+00 5.320000000000000000e+02 7.490000000000000213e+00 0.000000000000000000e+00 -9.732403961970309547e-01 4.556999912364885844e-03 1.000000000000000000e+00 0.000000000000000000e+00 7.920000000000000000e+02 0.000000000000000000e+00 0.000000000000000000e+00 1.000000000000000000e+00
0.000000000000000000e+00 5.320000000000000000e+02 7.500000000000000000e+00 0.000000000000000000e+00 -9.759515586496565476e-01 4.725244164816786926e-03 1.000000000000000000e+00 0.000000000000000000e+00 7.920000000000000000e+02 0.000000000000000000e+00 0.000000000000000000e+00 1.000000000000000000e+00
0.000000000000000000e+00 5.320000000000000000e+02 7.509999999999999787e+00 0.000000000000000000e+00 -9.784835515306418152e-01 4.875240846407192033e-03 1.000000000000000000e+00 0.000000000000000000e+00 7.920000000000000000e+02 0.000000000000000000e+00 0.000000000000000000e+00 1.000000000000000000e+00
0.000000000000000000e+00 5.320000000000000000e+02 7.519999999999999574e+00 0.000000000000000000e+00 -9.808329989677033733e-01 5.003847587042418651e-03 1.000000000000000000e+00 0.000000000000000000e+00 7.920000000000000000e+02 0.000000000000000000e+00 0.000000000000000000e+00 1.000000000000000000e+00
0.000000000000000000e+00 5.320000000000000000e+02 7.530000000000000249e+00 0.000000000000000000e+00 -9.829963792984739435e-01 5.107836107967647990e-03 1.000000000000000000e+00 0.000000000000000000e+00 7.920000000000000000e+02 0.000000000000000000e+00 0.000000000000000000e+00 1.000000000000000000e+00
0.000000000000000000e+00 5.320000000000000000e+02 7.540000000000000036e+00 0.000000000000000000e+00 -9.849700160375020053e-01 5.183918684655829459e-03 1.000000000000000000e+00 0.000000000000000000e+00 7.920000000000000000e+02 0.000000000000000000e+00 0.000000000000000000e+00 1.000000000000000000e+00
0.000000000000000000e+00 5.320000000000000000e+02 7.549999999999999822e+00 0.000000000000000000e+00 -9.867500683477283818e-01 5.228780179405419920e-03 1.000000000000000000e+00 0.000000000000000000e+00 7.920000000000000000e+02 0.000000000000000000e+00 0.000000000000000000e+00 1.000000000000000000e+00
0.000000000000000000e+00 5.320000000000000000e+02 7.559999999999999609e+00 0.000000000000000000e+00 -9.883325209881179685e-01 5.239117367115304902e-03 1.000000000000000000e+00 0.000000000000000000e+00 7.920000000000000000e+02 0.000000000000000000e+00 0.000000000000000000e+00 1.000000000000000000e+00
0.000000000000000000e+00 5.320000000000000000e+02 7.570000000000000284e+00 0.000000000000000000e+00 -9.897131737077192737e-01 5.211687974303455193e-03 1.000000000000000000e+00 0.000000000000000000e+00 7.920000000000000000e+02 0.000000000000000000e+00 0.000000000000000000e+00 1.000000000000000000e+00
0.000000000000000000e+00 5.320000000000000000e+02 7.580000000000000071e+00 0.000000000000000000e+00 -9.908876300546805016e-01 5.143372829604222346e-03 1.000000000000000000e+00 0.000000000000000000e+00 7.920000000000000000e+02 0.000000000000000000e+00 0.000000000000000000e+00 1.000000000000000000e+00
0.000000000000000000e+00 5.320000000000000000e+02 7.589999999999999858e+00 0.000000000000000000e+00 -9.918512855670891248e-01 5.031255910394773559e-03 1.000000000000000000e+00 0.000000000000000000e+00 7.920000000000000000e+02 0.000000000000000000e+00 0.000000000000000000e+00 1.000000000000000000e+00
0.000000000000000000e+00 5.320000000000000000e+02 7.599999999999999645e+00 0.000000000000000000e+00 -9.925993153106829059e-01 4.872729054102300020e-03 1.000000000000000000e+00 0.000000000000000000e+00 7.920000000000000000e+02 0.000000000000000000e+00 0.000000000000000000e+00 1.000000000000000000e+00
0.000000000000000000e+00 5.320000000000000000e+02 7.610000000000000320e+00 0.000000000000000000e+00 -9.931266607265242241e-01 4.665630967883268795e-03 1.000000000000000000e+00 0.000000000000000000e+00 7.920000000000000000e+02 0.000000000000000000e+00 0.000000000000000000e+00 1.000000000000000000e+00
0.000000000000000000e+00 5.320000000000000000e+02 7.620000000000000107e+00 0.000000000000000000e+00 -9.934280157497040742e-01 4.408434341367457876e-03 1.000000000000000000e+00 0.000000000000000000e+00 7.920000000000000000e+02 0.000000000000000000e+00 0.000000000000000000e+00 1.000000000000000000e+00
0.000000000000000000e+00 5.320000000000000000e+02 7.629999999999999893e+00 0.000000000000000000e+00 -9.934978121580330113e-01 4.100500971713908968e-03 1.000000000000000000e+00 0.000000000000000000e+00 7.920000000000000000e+02 0.000000000000000000e+00 0.000000000000000000e+00 1.000000000000000000e+00
0.000000000000000000e+00 5.320000000000000000e+02 7.639999999999999680e+00 0.000000000000000000e+00 -9.933302041073521771e-01 3.742433745353787242e-03 1.000000000000000000e+00 0.000000000000000000e+00 7.920000000000000000e+02 0.000000000000000000e+00 0.000000000000000000e+00 1.000000000000000000e+00
0.000000000000000000e+00 5.320000000000000000e+02 7.650000000000000355e+00 0.000000000000000000e+00 -9.929190518077593008e-01 3.336567261724196487e-03 1.000000000000000000e+00 0.000000000000000000e+00 7.920000000000000000e+02 0.000000000000000000e+00 0.000000000000000000e+00 1.000000000000000000e+00
0.000000000000000000e+00 5.320000000000000000e+02 7.660000000000000142e+00 0.000000000000000000e+00 -9.922579042924313253e-01 2.887657005049353368e-03 1.000000000000000000e+00 0.000000000000000000e+00 7.920000000000000000e+02 0.000000000000000000e+00 0.000000000000000000e+00 1.000000000000000000e+00
0.000000000000000000e+00 5.320000000000000000e+02 7.669999999999999929e+00 0.000000000000000000e+00 -9.913399812281784573e-01 2.403850083643802732e-03 1.000000000000000000e+00 0.000000000000000000e+00 7.920000000000000000e+02 0.000000000000000000e+00 0.000000000000000000e+00 1.000000000000000000e+00
0.000000000000000000e+00 5.320000000000000000e+02 7.679999999999999716e+00 0.000000000000000000e+00 -9.901581537138752775e-01 1.898042003264258613e-03 1.000000000000000000e+00 0.000000000000000000e+00 7.920000000000000000e+02 0.000000000000000000e+00 0.000000000000000000e+00 1.000000000000000000e+00
0.000000000000000000e+00 5.320000000000000000e+02 7.689999999999999503e+00 0.000000000000000000e+00 -9.887049240100953540e-01 1.389712658094851595e-03 1.000000000000000000e+00 1.000000000000000000e+00 7.920000000000000000e+02 0.000000000000000000e+00 0.000000000000000000e+00 1.000000000000000000e+00
0.000000000000000000e+00 5.320000000000000000e+02 7.700000000000000178e+00 0.000000000000000000e+00 -1.004849077506013044e+00 2.303434364566411818e-03 1.000000000000000000e+00 0.000000000000000000e+00 7.920000000000000000e+02 0.000000000000000000e+00 0.000000000000000000e+00 1.000000000000000000e+00
0.000000000000000000e+00 5.320000000000000000e+02 7.709999999999999964e+00 0.000000000000000000e+00 -1.020758397542508744e+00 3.486123921990885374e-03 1.000000000000000000e+00 0.000000000000000000e+00 7.920000000000000000e+02 0.000000000000000000e+00 0.000000000000000000e+00 1.000000000000000000e+00
0.000000000000000000e+00 5.320000000000000000e+02 7.719999999999999751e+00 0.000000000000000000e+00 -1.036477059845862581e+00 4.930587676980239392e-03 1.000000000000000000e+00 0.000000000000000000e+00 7.920000000000000000e+02 0.000000000000000000e+00 0.000000000000000000e+00 1.000000000000000000e+00
0.000000000000000000e+00 5.320000000000000000e+02 7.729999999999999538e+00 0.000000000000000000e+00 -1.052049090139975274e+00 6.617507569493233724e-03 1.000000000000000000e+00 1.000000000000000000e+00 7.920000000000000000e+02 0.000000000000000000e+00 0.000000000000000000e+00 1.000000000000000000e+00
0.000000000000000000e+00 5.320000000000000000e+02 7.740000000000000213e+00 0.000000000000000000e+00 -1.066139200720859659e+00 8.584413934456027254e-03 1.000000000000000000e+00 0.000000000000000000e+00 7.920000000000000000e+02 0.000000000000000000e+00 0.000000000000000000e+00 1.000000000000000000e+00
0.000000000000000000e+00 5.320000000000000000e+02 7.750000000000000000e+00 0.000000000000000000e+00 -1.080166732052718404e+00 1.068557082444443300e-02 1.000000000000000000e+00 1.000000000000000000e+00 7.920000000000000000e+02 0.000000000000000000e+00 0.000000000000000000e+00 1.000000000000000000e+00
0.000000000000000000e+00 5.320000000000000000e+02 7.759999999999999787e+00 0.000000000000000000e+00 -1.094503048927899735e+00 1.346716461658884791e-02 1.000000000000000000e+00 0.000000000000000000e+00 7.920000000000000000e+02 0.000000000000000000e+00 0.000000000000000000e+00 1.000000000000000000e+00
0.000000000000000000e+00 5.320000000000000000e+02 7.769999999999999574e+00 0.000000000000000000e+00 -1.108858664735964838e+00 1.633551408692319323e-02 1.000000000000000000e+00 0.000000000000000000e+00 7.920000000000000000e+02 0.000000000000000000e+00 0.000000000000000000e+00 1.000000000000000000e+00
0.000000000000000000e+00 5.320000000000000000e+02 7.780000000000000249e+00 0.000000000000000000e+00 -1.123275653602550328e+00 1.918031535343615521e-02 1.000000000000000000e+00 1.000000000000000000e+00 7.920000000000000000e+02 0.000000000000000000e+00 0.000000000000000000e+00 1.000000000000000000e+00
0.000000000000000000e+00 5.320000000000000000e+02 7.790000000000000036e+00 0.000000000000000000e+00 -1.114022519673239398e+00 1.770786269255474402e-02 1.000000000000000000e+00 1.000000000000000000e+00 7.920000000000000000e+02 0.000000000000000000e+00 0.000000000000000000e+00 1.000000000000000000e+00
0.000000000000000000e+00 5.320000000000000000e+02 7.799999999999999822e+00 0.000000000000000000e+00 -1.107091774855580191e+00 1.682542715162900146e-02 1.000000000000000000e+00 1.000000000000000000e+00 7.920000000000000000e+02 0.000000000000000000e+00 0.000000000000000000e+00 1.000000000000000000e+00
0.000000000000000000e+00 5.320000000000000000e+02 7.809999999999999609e+00 0.000000000000000000e+00 -1.100318870004719729e+00 1.560948027101945711e-02 1.000000000000000000e+00 1.000000000000000000e+00 7.920000000000000000e+02 0.000000000000000000e+00 0.000000000000000000e+00 1.000000000000000000e+00
0.000000000000000000e+00 5.320000000000000000e+02 7.820000000000000284e+00 0.000000000000000000e+00 -1.094088907054681092e+00 1.433337507146849842e-02 1.000000000000000000e+00 1.000000000000000000e+00 7.920000000000000000e+02 0.000000000000000000e+00 0.000000000000000000e+00 1.000000000000000000e+00
0.000000000000000000e+00 5.320000000000000000e+02 7.830000000000000071e+00 0.000000000000000000e+00 -1.086963636364899788e+00 1.284826079846464360e-02 1.000000000000000000e+00 0.000000000000000000e+00 7.920000000000000000e+02 0.000000000000000000e+00 0.000000000000000000e+00 1.000000000000000000e+00
0.000000000000000000e+00 5.320000000000000000e+02 7.839999999999999858e+00 0.000000000000000000e+00 -1.079842104328859520e+00 1.106145871482480843e-02 1.000000000000000000e+00 1.000000000000000000e+00 7.920000000000000000e+02 0.000000000000000000e+00 0.000000000000000000e+00 1.000000000000000000e+00
0.000000000000000000e+00 5.320000000000000000e+02 7.849999999999999645e+00 0.000000000000000000e+00 -1.083801405552403896e+00 1.234840652441182053e-02 1.000000000000000000e+00 0.000000000000000000e+00 7.920000000000000000e+02 0.000000000000000000e+00 0.000000000000000000e+00 1.000000000000000000e+00
0.000000000000000000e+00 5.320000000000000000e+02 7.860000000000000320e+00 0.000000000000000000e+00 -1.087760772884779348e+00 1.325403785320216667e-02 1.000000000000000000e+00 0.000000000000000000e+00 7.920000000000000000e+02 0.000000000000000000e+00 0.000000000000000000e+00 1.000000000000000000e+00
0.000000000000000000e+00 5.320000000000000000e+02 7.870000000000000107e+00 0.000000000000000000e+00 -1.091735346410388718e+00 1.373364129387878198e-02 1.000000000000000000e+00 0.000000000000000000e+00 7.920000000000000000e+02 0.000000000000000000e+00 0.000000000000000000e+00 1.000000000000000000e+00
0.000000000000000000e+00 5.320000000000000000e+02 7.879999999999999893e+00 0.000000000000000000e+00 -1.095740727980332174e+00 1.371631749742956673e-02 1.000000000000000000e+00 1.000000000000000000e+00 7.920000000000000000e+02 0.000000000000000000e+00 0.000000000000000000e+00 1.000000000000000000e+00
0.000000000000000000e+00 5.320000000000000000e+02 7.889999999999999680e+00 0.000000000000000000e+00 -1.105486380383255973e+00 1.554137120728758988e-02 1.000000000000000000e+00 1.000000000000000000e+00 7.920000000000000000e+02 0.000000000000000000e+00 0.000000000000000000e+00 1.000000000000000000e+00
0.000000000000000000e+00 5.320000000000000000e+02 7.900000000000000355e+00 0.000000000000000000e+00 -1.112435240785087043e+00 1.709264616595277883e-02 1.000000000000000000e+00 1.000000000000000000e+00 7.920000000000000000e+02 0.000000000000000000e+00 0.000000000000000000e+00 1.000000000000000000e+00
0.000000000000000000e+00 5.320000000000000000e+02 7.910000000000000142e+00 0.000000000000000000e+00 -1.122052492913804933e+00 1.929347974626073950e-02 1.000000000000000000e+00 1.000000000000000000e+00 7.920000000000000000e+02 0.000000000000000000e+00 0.000000000000000000e+00 1.000000000000000000e+00
0.000000000000000000e+00 5.320000000000000000e+02 7.919999999999999929e+00 0.000000000000000000e+00 -1.135507678267491105e+00 2.311713544870113574e-02 1.000000000000000000e+00 1.000000000000000000e+00 7.920000000000000000e+02 0.000000000000000000e+00 0.000000000000000000e+00 1.000000000000000000e+00
0.000000000000000000e+00 5.320000000000000000e+02 7.929999999999999716e+00 0.000000000000000000e+00 -1.139867238259103077e+00 2.508875566241780888e-02 1.000000000000000000e+00 1.000000000000000000e+00 7.920000000000000000e+02 0.000000000000000000e+00 0.000000000000000000e+00 1.000000000000000000e+00
0.000000000000000000e+00 5.320000000000000000e+02 7.940000000000000391e+00 0.000000000000000000e+00 -1.128882219682588506e+00 2.097720509564386313e-02 1.000000000000000000e+00 1.000000000000000000e+00 7.920000000000000000e+02 0.000000000000000000e+00 0.000000000000000000e+00 1.000000000000000000e+00
0.000000000000000000e+00 5.320000000000000000e+02 7.950000000000000178e+00 0.000000000000000000e+00 -1.121846475814559430e+00 1.836250530414476612e-02 1.000000000000000000e+00 1.000000000000000000e+00 7.920000000000000000e+02 0.000000000000000000e+00 0.000000000000000000e+00 1.000000000000000000e+00
0.000000000000000000e+00 5.320000000000000000e+02 7.959999999999999964e+00 0.000000000000000000e+00 -1.118683248578538292e+00 1.758849619828061275e-02 1.000000000000000000e+00 1.000000000000000000e+00 7.920000000000000000e+02 0.000000000000000000e+00 0.000000000000000000e+00 1.000000000000000000e+00
0.000000000000000000e+00 5.320000000000000000e+02 7.969999999999999751e+00 0.000000000000000000e+00 -1.118462477181094483e+00 1.700734740650920035e-02 1.000000000000000000e+00 1.000000000000000000e+00 7.920000000000000000e+02 0.000000000000000000e+00 0.000000000000000000e+00 1.000000000000000000e+00
0.000000000000000000e+00 5.320000000000000000e+02 7.979999999999999538e+00 0.000000000000000000e+00 -1.120243798376919120e+00 1.656863163505874204e-02 1.000000000000000000e+00 1.000000000000000000e+00 7.920000000000000000e+02 0.000000000000000000e+00 0.000000000000000000e+00 1.000000000000000000e+00
0.000000000000000000e+00 5.320000000000000000e+02 7.990000000000000213e+00 0.000000000000000000e+00 -1.122484830876547157e+00 1.597695556562135286e-02 1.000000000000000000e+00 1.000000000000000000e+00 7.920000000000000000e+02 0.000000000000000000e+00 0.000000000000000000e+00 1.000000000000000000e+00
0.000000000000000000e+00 5.320000000000000000e+02 8.000000000000000000e+00 0.000000000000000000e+00 -1.125162398359105032e+00 1.453133612141698644e-02 1.000000000000000000e+00 1.000000000000000000e+00 7.920000000000000000e+02 0.000000000000000000e+00 0.000000000000000000e+00 1.000000000000000000e+00
0.000000000000000000e+00 5.320000000000000000e+02 8.009999999999999787e+00 0.000000000000000000e+00 -1.130897347773253570e+00 1.243056621341319390e-02 1.000000000000000000e+00 1.000000000000000000e+00 7.920000000000000000e+02 0.000000000000000000e+00 0.000000000000000000e+00 1.000000000000000000e+00
0.000000000000000000e+00 5.320000000000000000e+02 8.019999999999999574e+00 0.000000000000000000e+00 -1.132900190487246661e+00 0.000000000000000000e+00 1.000000000000000000e+00 1.000000000000000000e+00 7.920000000000000000e+02 1.000000000000000000e+00 0.000000000000000000e+00 1.000000000000000000e+00
0.000000000000000000e+00 5.320000000000000000e+02 8.029999999999999361e+00 0.000000000000000000e+00 -1.124427505206226030e+00 9.797104217770016485e-03 1.000000000000000000e+00 1.000000000000000000e+00 7.920000000000000000e+02 0.000000000000000000e+00 0.000000000000000000e+00 1.000000000000000000e+00
0.000000000000000000e+00 5.320000000000000000e+02 8.039999999999999147e+00 0.000000000000000000e+00 -1.114045593640498044e+00 1.129102147543621475e-02 1.000000000000000000e+00 0.000000000000000000e+00 7.920000000000000000e+02 0.000000000000000000e+00 0.000000000000000000e+00 1.000000000000000000e+00
0.000000000000000000e+00 5.320000000000000000e+02 8.050000000000000711e+00 0.000000000000000000e+00 -1.103889740199716973e+00 1.155055088570039988e-02 1.000000000000000000e+00 0.000000000000000000e+00 7.920000000000000000e+02 0.000000000000000000e+00 0.000000000000000000e+00 1.000000000000000000e+00
0.000000000000000000e+00 5.320000000000000000e+02 8.060000000000000497e+00 0.000000000000000000e+00 -1.093941301888245121e+00 1.129405388717516327e-02 1.000000000000000000e+00 0.000000000000000000e+00 7.920000000000000000e+02 0.000000000000000000e+00 0.000000000000000000e+00 1.000000000000000000e+00
0.000000000000000000e+00 5.320000000000000000e+02 8.070000000000000284e+00 0.000000000000000000e+00 -1.084182656897176411e+00 1.077925193278671950e-02 1.000000000000000000e+00 0.000000000000000000e+00 7.920000000000000000e+02 0.000000000000000000e+00 0.000000000000000000e+00 1.000000000000000000e+00
0.000000000000000000e+00 5.320000000000000000e+02 8.080000000000000071e+00 0.000000000000000000e+00 -1.074597151782287874e+00 1.013008760338096614e-02 1.000000000000000000e+00 0.000000000000000000e+00 7.920000000000000000e+02 0.000000000000000000e+00 0.000000000000000000e+00 1.000000000000000000e+00
0.000000000000000000e+00 5.320000000000000000e+02 8.089999999999999858e+00 0.000000000000000000e+00 -1.065169051459765592e+00 9.415249086824142161e-03 1.000000000000000000e+00 0.000000000000000000e+00 7.920000000000000000e+02 0.000000000000000000e+00 0.000000000000000000e+00 1.000000000000000000e+00
0.000000000000000000e+00 5.320000000000000000e+02 8.099999999999999645e+00 0.000000000000000000e+00 -1.055883491872270596e+00 8.675993247845304943e-03 1.000000000000000000e+00 0.000000000000000000e+00 7.920000000000000000e+02 0.000000000000000000e+00 0.000000000000000000e+00 1.000000000000000000e+00
0.000000000000000000e+00 5.320000000000000000e+02 8.109999999999999432e+00 0.000000000000000000e+00 -1.046726435185677540e+00 7.938286861186145960e-03 1.000000000000000000e+00 0.000000000000000000e+00 7.920000000000000000e+02 0.000000000000000000e+00 0.000000000000000000e+00 1.000000000000000000e+00
0.000000000000000000e+00 5.320000000000000000e+02 8.119999999999999218e+00 0.000000000000000000e+00 -1.037684627384394487e+00 7.218866230935861578e-03 1.000000000000000000e+00 0.000000000000000000e+00 7.920000000000000000e+02 0.000000000000000000e+00 0.000000000000000000e+00 1.000000000000000000e+00
0.000000000000000000e+00 5.320000000000000000e+02 8.130000000000000782e+00 0.000000000000000000e+00 -1.028745558140245819e+00 6.528563073458710717e-03 1.000000000000000000e+00 0.000000000000000000e+00 7.920000000000000000e+02 0.000000000000000000e+00 0.000000000000000000e+00 1.000000000000000000e+00
0.000000000000000000e+00 5.320000000000000000e+02 8.140000000000000568e+00 0.000000000000000000e+00 -1.019897422836490986e+00 5.874265009619473663e-03 1.000000000000000000e+00 0.000000000000000000e+00 7.920000000000000000e+02 0.000000000000000000e+00 0.000000000000000000e+00 1.000000000000000000e+00
0.000000000000000000e+00 5.320000000000000000e+02 8.150000000000000355e+00 0.000000000000000000e+00 -1.011129086635131458e+00 5.260137687923860036e-03 1.000000000000000000e+00 0.000000000000000000e+00 7.920000000000000000e+02 0.000000000000000000e+00 0.000000000000000000e+00 1.000000000000000000e+00
0.000000000000000000e+00 5.320000000000000000e+02 8.160000000000000142e+00 0.000000000000000000e+00 -1.002430050481456947e+00 4.688421957073987678e-03 1.000000000000000000e+00 0.000000000000000000e+00 7.920000000000000000e+02 0.000000000000000000e+00 0.000000000000000000e+00 1.000000000000000000e+00
0.000000000000000000e+00 5.320000000000000000e+02 8.169999999999999929e+00 0.000000000000000000e+00 -9.937904189457180681e-01 4.159973866460249872e-03 1.000000000000000000e+00 0.000000000000000000e+00 7.920000000000000000e+02 0.000000000000000000e+00 0.000000000000000000e+00 1.000000000000000000e+00
0.000000000000000000e+00 5.320000000000000000e+02 8.179999999999999716e+00 0.000000000000000000e+00 -9.852008698070462422e-01 3.674642430909582855e-03 1.000000000000000000e+00 0.000000000000000000e+00 7.920000000000000000e+02 0.000000000000000000e+00 0.000000000000000000e+00 1.000000000000000000e+00
0.000000000000000000e+00 5.320000000000000000e+02 8.189999999999999503e+00 0.000000000000000000e+00 -9.764906301975702085e-01 1.121571414612107173e-02 0.000000000000000000e+00 0.000000000000000000e+00 7.920000000000000000e+02 0.000000000000000000e+00 0.000000000000000000e+00 1.000000000000000000e+00
0.000000000000000000e+00 5.320000000000000000e+02 8.199999999999999289e+00 0.000000000000000000e+00 -9.681374248692873330e-01 2.829249563313292540e-03 1.000000000000000000e+00 0.000000000000000000e+00 7.920000000000000000e+02 0.000000000000000000e+00 0.000000000000000000e+00 1.000000000000000000e+00
0.000000000000000000e+00 5.320000000000000000e+02 8.209999999999999076e+00 0.000000000000000000e+00 -9.594812257045955972e-01 9.273382032148582560e-03 0.000000000000000000e+00 0.000000000000000000e+00 7.920000000000000000e+02 0.000000000000000000e+00 0.000000000000000000e+00 1.000000000000000000e+00
0.000000000000000000e+00 5.320000000000000000e+02 8.220000000000000639e+00 0.000000000000000000e+00 -9.511755476298546785e-01 2.139604736598669024e-03 1.000000000000000000e+00 0.000000000000000000e+00 7.920000000000000000e+02 0.000000000000000000e+00 0.000000000000000000e+00 1.000000000000000000e+00
0.000000000000000000e+00 5.320000000000000000e+02 8.230000000000000426e+00 0.000000000000000000e+00 -9.425450342087815514e-01 7.599546758228482163e-03 0.000000000000000000e+00 0.000000000000000000e+00 7.920000000000000000e+02 0.000000000000000000e+00 0.000000000000000000e+00 1.000000000000000000e+00
0.000000000000000000e+00 5.320000000000000000e+02 8.240000000000000213e+00 0.000000000000000000e+00 -9.342585567209233943e-01 1.588572321004021876e-03 1.000000000000000000e+00 0.000000000000000000e+00 7.920000000000000000e+02 0.000000000000000000e+00 0.000000000000000000e+00 1.000000000000000000e+00
0.000000000000000000e+00 5.320000000000000000e+02 8.250000000000000000e+00 0.000000000000000000e+00 -9.256287702516415861e-01 6.169000015741912119e-03 0.000000000000000000e+00 0.000000000000000000e+00 7.920000000000000000e+02 0.000000000000000000e+00 0.000000000000000000e+00 1.000000000000000000e+00
0.000000000000000000e+00 5.320000000000000000e+02 8.259999999999999787e+00 0.000000000000000000e+00 -9.173365421894335014e-01 1.157198584014334196e-03 1.000000000000000000e+00 0.000000000000000000e+00 7.920000000000000000e+02 0.000000000000000000e+00 0.000000000000000000e+00 1.000000000000000000e+00
0.000000000000000000e+00 5.320000000000000000e+02 8.269999999999999574e+00 0.000000000000000000e+00 -9.086855997004406049e-01 4.957359339701154083e-03 0.000000000000000000e+00 0.000000000000000000e+00 7.920000000000000000e+02 0.000000000000000000e+00 0.000000000000000000e+00 1.000000000000000000e+00
0.000000000000000000e+00 5.320000000000000000e+02 8.279999999999999361e+00 0.000000000000000000e+00 -9.003657277893856170e-01 8.263999814325231549e-04 1.000000000000000000e+00 0.000000000000000000e+00 7.920000000000000000e+02 0.000000000000000000e+00 0.000000000000000000e+00 1.000000000000000000e+00
0.000000000000000000e+00 5.320000000000000000e+02 8.289999999999999147e+00 0.000000000000000000e+00 -8.913234499084001783e-01 6.174055490190885620e-03 0.000000000000000000e+00 0.000000000000000000e+00 7.920000000000000000e+02 0.000000000000000000e+00 0.000000000000000000e+00 1.000000000000000000e+00
0.000000000000000000e+00 5.320000000000000000e+02 8.300000000000000711e+00 0.000000000000000000e+00 -8.826055943419160998e-01 7.866641822566074888e-03 0.000000000000000000e+00 0.000000000000000000e+00 7.920000000000000000e+02 0.000000000000000000e+00 0.000000000000000000e+00 1.000000000000000000e+00
0.000000000000000000e+00 5.320000000000000000e+02 8.310000000000000497e+00 0.000000000000000000e+00 -8.742088228742690426e-01 5.011221850106613307e-03 0.000000000000000000e+00 0.000000000000000000e+00 7.920000000000000000e+02 0.000000000000000000e+00 0.000000000000000000e+00 1.000000000000000000e+00
0.000000000000000000e+00 5.320000000000000000e+02 8.320000000000000284e+00 0.000000000000000000e+00 -8.661299202383744289e-01 3.956390185494550876e-04 1.000000000000000000e+00 0.000000000000000000e+00 7.920000000000000000e+02 0.000000000000000000e+00 0.000000000000000000e+00 1.000000000000000000e+00
0.000000000000000000e+00 5.320000000000000000e+02 8.330000000000000071e+00 0.000000000000000000e+00 -8.567848063546160686e-01 4.383049535076396358e-03 0.000000000000000000e+00 0.000000000000000000e+00 7.920000000000000000e+02 0.000000000000000000e+00 0.000000000000000000e+00 1.000000000000000000e+00
0.000000000000000000e+00 5.320000000000000000e+02 8.339999999999999858e+00 0.000000000000000000e+00 -8.477508893493483910e-01 6.858206005733807897e-03 0.000000000000000000e+00 0.000000000000000000e+00 7.920000000000000000e+02 0.000000000000000000e+00 0.000000000000000000e+00 1.000000000000000000e+00
0.000000000000000000e+00 5.320000000000000000e+02 8.349999999999999645e+00 0.000000000000000000e+00 -8.390247099815879572e-01 6.241961068612869590e-03 0.000000000000000000e+00 0.000000000000000000e+00 7.920000000000000000e+02 0.000000000000000000e+00 0.000000000000000000e+00 1.000000000000000000e+00
0.000000000000000000e+00 5.320000000000000000e+02 8.359999999999999432e+00 0.000000000000000000e+00 -8.306029268483448025e-01 3.125155604350570576e-03 0.000000000000000000e+00 0.000000000000000000e+00 7.920000000000000000e+02 0.000000000000000000e+00 0.000000000000000000e+00 1.000000000000000000e+00
0.000000000000000000e+00 5.320000000000000000e+02 8.369999999999999218e+00 0.000000000000000000e+00 -8.224823151051416925e-01 1.384648780199896484e-04 1.000000000000000000e+00 0.000000000000000000e+00 7.920000000000000000e+02 0.000000000000000000e+00 0.000000000000000000e+00 1.000000000000000000e+00
0.000000000000000000e+00 5.320000000000000000e+02 8.380000000000000782e+00 0.000000000000000000e+00 -8.125795824219211871e-01 2.739281913246580449e-03 0.000000000000000000e+00 0.000000000000000000e+00 7.920000000000000000e+02 0.000000000000000000e+00 0.000000000000000000e+00 1.000000000000000000e+00
0.000000000000000000e+00 5.320000000000000000e+02 8.390000000000000568e+00 0.000000000000000000e+00 -8.029711196825949360e-01 5.531535596855086806e-03 0.000000000000000000e+00 0.000000000000000000e+00 7.920000000000000000e+02 0.000000000000000000e+00 0.000000000000000000e+00 1.000000000000000000e+00
0.000000000000000000e+00 5.320000000000000000e+02 8.400000000000000355e+00 0.000000000000000000e+00 -7.936532476428143079e-01 6.742481472274314963e-03 0.000000000000000000e+00 0.000000000000000000e+00 7.920000000000000000e+02 0.000000000000000000e+00 0.000000000000000000e+00 1.000000000000000000e+00
0.000000000000000000e+00 5.320000000000000000e+02 8.410000000000000142e+00 0.000000000000000000e+00 -7.846223983303673988e-01 6.167433629005236728e-03 0.000000000000000000e+00 0.000000000000000000e+00 7.920000000000000000e+02 0.000000000000000000e+00 0.000000000000000000e+00 1.000000000000000000e+00
0.000000000000000000e+00 5.320000000000000000e+02 8.419999999999999929e+00 0.000000000000000000e+00 -7.758751136789435732e-01 4.120219095468159037e-03 0.000000000000000000e+00 0.000000000000000000e+00 7.920000000000000000e+02 0.000000000000000000e+00 0.000000000000000000e+00 1.000000000000000000e+00
0.000000000000000000e+00 5.320000000000000000e+02 8.429999999999999716e+00 0.000000000000000000e+00 -7.674080442039791228e-01 1.461102630289083659e-03 0.000000000000000000e+00 0.000000000000000000e+00 7.920000000000000000e+02 0.000000000000000000e+00 0.000000000000000000e+00 1.000000000000000000e+00
0.000000000000000000e+00 5.320000000000000000e+02 8.439999999999999503e+00 0.000000000000000000e+00 -7.592179477200835525e-01 2.424453459773823639e-05 1.000000000000000000e+00 0.000000000000000000e+00 7.920000000000000000e+02 0.000000000000000000e+00 0.000000000000000000e+00 1.000000000000000000e+00
0.000000000000000000e+00 5.320000000000000000e+02 8.449999999999999289e+00 0.000000000000000000e+00 -7.489700598001016729e-01 1.113628434014261349e-03 0.000000000000000000e+00 0.000000000000000000e+00 7.920000000000000000e+02 0.000000000000000000e+00 0.000000000000000000e+00 1.000000000000000000e+00
0.000000000000000000e+00 5.320000000000000000e+02 8.459999999999999076e+00 0.000000000000000000e+00 -7.389920846523199138e-01 2.701092132207842320e-03 0.000000000000000000e+00 0.000000000000000000e+00 7.920000000000000000e+02 0.000000000000000000e+00 0.000000000000000000e+00 1.000000000000000000e+00
0.000000000000000000e+00 5.320000000000000000e+02 8.470000000000000639e+00 0.000000000000000000e+00 -7.292802015397830129e-01 3.472968985400486791e-03 0.000000000000000000e+00 0.000000000000000000e+00 7.920000000000000000e+02 0.000000000000000000e+00 0.000000000000000000e+00 1.000000000000000000e+00
0.000000000000000000e+00 5.320000000000000000e+02 8.480000000000000426e+00 0.000000000000000000e+00 -7.198306916167154235e-01 3.133223124267475734e-03 0.000000000000000000e+00 0.000000000000000000e+00 7.920000000000000000e+02 0.000000000000000000e+00 0.000000000000000000e+00 1.000000000000000000e+00
0.000000000000000000e+00 5.320000000000000000e+02 8.490000000000000213e+00 0.000000000000000000e+00 -7.106399365045142913e-01 1.919366132004687170e-03 0.000000000000000000e+00 0.000000000000000000e+00 7.920000000000000000e+02 0.000000000000000000e+00 0.000000000000000000e+00 1.000000000000000000e+00
0.000000000000000000e+00 5.320000000000000000e+02 8.500000000000000000e+00 0.000000000000000000e+00 -7.017044169062087722e-01 5.328173400739838299e-04 0.000000000000000000e+00 0.000000000000000000e+00 7.920000000000000000e+02 0.000000000000000000e+00 0.000000000000000000e+00 1.000000000000000000e+00
0.000000000000000000e+00 5.320000000000000000e+02 8.509999999999999787e+00 0.000000000000000000e+00 -6.930207112588623319e-01 2.949054407470020017e-06 1.000000000000000000e+00 0.000000000000000000e+00 7.920000000000000000e+02 0.000000000000000000e+00 0.000000000000000000e+00 1.000000000000000000e+00
0.000000000000000000e+00 5.320000000000000000e+02 8.519999999999999574e+00 0.000000000000000000e+00 -6.819962024271692957e-01 4.374043829767858792e-04 0.000000000000000000e+00 0.000000000000000000e+00 7.920000000000000000e+02 0.000000000000000000e+00 0.000000000000000000e+00 1.000000000000000000e+00
0.000000000000000000e+00 5.320000000000000000e+02 8.529999999999999361e+00 0.000000000000000000e+00 -6.712159609347947420e-01 1.539962113642700040e-03 0.000000000000000000e+00 0.000000000000000000e+00 7.920000000000000000e+02 0.000000000000000000e+00 0.000000000000000000e+00 1.000000000000000000e+00
0.000000000000000000e+00 5.320000000000000000e+02 8.539999999999999147e+00 0.000000000000000000e+00 -6.606758588433090384e-01 2.586368890166165085e-03 0.000000000000000000e+00 0.000000000000000000e+00 7.920000000000000000e+02 0.000000000000000000e+00 0.000000000000000000e+00 1.000000000000000000e+00
0.000000000000000000e+00 5.320000000000000000e+02 8.550000000000000711e+00 0.000000000000000000e+00 -6.503718601677566102e-01 3.160556837376437417e-03 0.000000000000000000e+00 0.000000000000000000e+00 7.920000000000000000e+02 0.000000000000000000e+00 0.000000000000000000e+00 1.000000000000000000e+00
0.000000000000000000e+00 5.320000000000000000e+02 8.560000000000000497e+00 0.000000000000000000e+00 -6.403000193312096133e-01 3.144471346391520747e-03 0.000000000000000000e+00 0.000000000000000000e+00 7.920000000000000000e+02 0.000000000000000000e+00 0.000000000000000000e+00 1.000000000000000000e+00
0.000000000000000000e+00 5.320000000000000000e+02 8.570000000000000284e+00 0.000000000000000000e+00 -6.304564796539378069e-01 2.590794169600329003e-03 0.000000000000000000e+00 0.000000000000000000e+00 7.920000000000000000e+02 0.000000000000000000e+00 0.000000000000000000e+00 1.000000000000000000e+00
0.000000000000000000e+00 5.320000000000000000e+02 8.580000000000000071e+00 0.000000000000000000e+00 -6.208374718766207501e-01 1.679494940784984763e-03 0.000000000000000000e+00 0.000000000000000000e+00 7.920000000000000000e+02 0.000000000000000000e+00 0.000000000000000000e+00 1.000000000000000000e+00
0.000000000000000000e+00 5.320000000000000000e+02 8.589999999999999858e+00 0.000000000000000000e+00 -6.114393127170346665e-01 7.187087572001838245e-04 0.000000000000000000e+00 0.000000000000000000e+00 7.920000000000000000e+02 0.000000000000000000e+00 0.000000000000000000e+00 1.000000000000000000e+00
0.000000000000000000e+00 5.320000000000000000e+02 8.599999999999999645e+00 0.000000000000000000e+00 -6.022584034596597524e-01 1.092045031453226130e-04 0.000000000000000000e+00 0.000000000000000000e+00 7.920000000000000000e+02 0.000000000000000000e+00 0.000000000000000000e+00 1.000000000000000000e+00
0.000000000000000000e+00 5.320000000000000000e+02 8.609999999999999432e+00 0.000000000000000000e+00 -5.932912285776711370e-01 6.937028215125987042e-08 1.000000000000000000e+00 0.000000000000000000e+00 7.920000000000000000e+02 0.000000000000000000e+00 0.000000000000000000e+00 1.000000000000000000e+00
0.000000000000000000e+00 5.320000000000000000e+02 8.619999999999999218e+00 0.000000000000000000e+00 -5.815274996271393437e-01 8.301895697930843001e-05 0.000000000000000000e+00 0.000000000000000000e+00 7.920000000000000000e+02 0.000000000000000000e+00 0.000000000000000000e+00 1.000000000000000000e+00
0.000000000000000000e+00 5.320000000000000000e+02 8.630000000000000782e+00 0.000000000000000000e+00 -5.699695668351481004e-01 5.107716403254781122e-04 0.000000000000000000e+00 0.000000000000000000e+00 7.920000000000000000e+02 0.000000000000000000e+00 0.000000000000000000e+00 1.000000000000000000e+00
0.000000000000000000e+00 5.320000000000000000e+02 8.640000000000000568e+00 0.000000000000000000e+00 -5.586130044719979093e-01 1.158253529828852380e-03 0.000000000000000000e+00 0.000000000000000000e+00 7.920000000000000000e+02 0.000000000000000000e+00 0.000000000000000000e+00 1.000000000000000000e+00
0.000000000000000000e+00 5.320000000000000000e+02 8.650000000000000355e+00 0.000000000000000000e+00 -5.474534639161625638e-01 1.776706020239294040e-03 0.000000000000000000e+00 0.000000000000000000e+00 7.920000000000000000e+02 0.000000000000000000e+00 0.000000000000000000e+00 1.000000000000000000e+00
0.000000000000000000e+00 5.320000000000000000e+02 8.660000000000000142e+00 0.000000000000000000e+00 -5.364866719891285829e-01 2.208129549247478743e-03 0.000000000000000000e+00 0.000000000000000000e+00 7.920000000000000000e+02 0.000000000000000000e+00 0.000000000000000000e+00 1.000000000000000000e+00
0.000000000000000000e+00 5.320000000000000000e+02 8.669999999999999929e+00 0.000000000000000000e+00 -5.257084293191210955e-01 2.382428845939428552e-03 0.000000000000000000e+00 0.000000000000000000e+00 7.920000000000000000e+02 0.000000000000000000e+00 0.000000000000000000e+00 1.000000000000000000e+00
0.000000000000000000e+00 5.320000000000000000e+02 8.679999999999999716e+00 0.000000000000000000e+00 -5.151146087330933376e-01 2.290288296626424511e-03 0.000000000000000000e+00 0.000000000000000000e+00 7.920000000000000000e+02 0.000000000000000000e+00 0.000000000000000000e+00 1.000000000000000000e+00
0.000000000000000000e+00 5.320000000000000000e+02 8.689999999999999503e+00 0.000000000000000000e+00 -5.047011536763620354e-01 1.965662047170748175e-03 0.000000000000000000e+00 0.000000000000000000e+00 7.920000000000000000e+02 0.000000000000000000e+00 0.000000000000000000e+00 1.000000000000000000e+00
0.000000000000000000e+00 5.320000000000000000e+02 8.699999999999999289e+00 0.000000000000000000e+00 -4.944640766592823811e-01 1.477341066382130766e-03 0.000000000000000000e+00 0.000000000000000000e+00 7.920000000000000000e+02 0.000000000000000000e+00 0.000000000000000000e+00 1.000000000000000000e+00
0.000000000000000000e+00 5.320000000000000000e+02 8.710000000000000853e+00 0.000000000000000000e+00 -4.843994577303714077e-01 9.247546188252920782e-04 0.000000000000000000e+00 0.000000000000000000e+00 7.920000000000000000e+02 0.000000000000000000e+00 0.000000000000000000e+00 1.000000000000000000e+00
0.000000000000000000e+00 5.320000000000000000e+02 8.720000000000000639e+00 0.000000000000000000e+00 -4.745034429752906235e-01 4.303004792604999892e-04 0.000000000000000000e+00 0.000000000000000000e+00 7.920000000000000000e+02 0.000000000000000000e+00 0.000000000000000000e+00 1.000000000000000000e+00
0.000000000000000000e+00 5.320000000000000000e+02 8.730000000000000426e+00 0.000000000000000000e+00 -4.647722430411170835e-01 1.116220533378244149e-04 0.000000000000000000e+00 0.000000000000000000e+00 7.920000000000000000e+02 0.000000000000000000e+00 0.000000000000000000e+00 1.000000000000000000e+00
0.000000000000000000e+00 5.320000000000000000e+02 8.740000000000000213e+00 0.000000000000000000e+00 -4.552021316853351873e-01 6.084845130346745409e-06 0.000000000000000000e+00 0.000000000000000000e+00 7.920000000000000000e+02 0.000000000000000000e+00 0.000000000000000000e+00 1.000000000000000000e+00
0.000000000000000000e+00 5.320000000000000000e+02 8.750000000000000000e+00 0.000000000000000000e+00 -4.457894443489950342e-01 5.651644738517975402e-11 1.000000000000000000e+00 0.000000000000000000e+00 7.920000000000000000e+02 0.000000000000000000e+00 0.000000000000000000e+00 1.000000000000000000e+00
0.000000000000000000e+00 5.320000000000000000e+02 8.759999999999999787e+00 0.000000000000000000e+00 -4.341798345508994794e-01 4.303250071334749740e-06 0.000000000000000000e+00 0.000000000000000000e+00 7.920000000000000000e+02 0.000000000000000000e+00 0.000000000000000000e+00 1.000000000000000000e+00
0.000000000000000000e+00 5.320000000000000000e+02 8.769999999999999574e+00 0.000000000000000000e+00 -4.227195989759321426e-01 7.318525077386025309e-05 0.000000000000000000e+00 0.000000000000000000e+00 7.920000000000000000e+02 0.000000000000000000e+00 0.000000000000000000e+00 1.000000000000000000e+00
0.000000000000000000e+00 5.320000000000000000e+02 8.779999999999999361e+00 0.000000000000000000e+00 -4.114043493043249566e-01 2.717557581113508661e-04 0.000000000000000000e+00 0.000000000000000000e+00 7.920000000000000000e+02 0.000000000000000000e+00 0.000000000000000000e+00 1.000000000000000000e+00
0.000000000000000000e+00 5.320000000000000000e+02 8.789999999999999147e+00 0.000000000000000000e+00 -4.002297527338865013e-01 5.725290285139069540e-04 0.000000000000000000e+00 0.000000000000000000e+00 7.920000000000000000e+02 0.000000000000000000e+00 0.000000000000000000e+00 1.000000000000000000e+00
0.000000000000000000e+00 5.320000000000000000e+02 8.800000000000000711e+00 0.000000000000000000e+00 -3.891915303208979826e-01 9.094613605914970630e-04 0.000000000000000000e+00 0.000000000000000000e+00 7.920000000000000000e+02 0.000000000000000000e+00 0.000000000000000000e+00 1.000000000000000000e+00
0.000000000000000000e+00 5.320000000000000000e+02 8.810000000000000497e+00 0.000000000000000000e+00 -3.782854553416328258e-01 1.222335516832160143e-03 0.000000000000000000e+00 0.000000000000000000e+00 7.920000000000000000e+02 0.000000000000000000e+00 0.000000000000000000e+00 1.000000000000000000e+00
0.000000000000000000e+00 5.320000000000000000e+02 8.820000000000000284e+00 0.000000000000000000e+00 -3.675073516738714963e-01 1.468791700741049061e-03 0.000000000000000000e+00 0.000000000000000000e+00 7.920000000000000000e+02 0.000000000000000000e+00 0.000000000000000000e+00 1.000000000000000000e+00
0.000000000000000000e+00 5.320000000000000000e+02 8.830000000000000071e+00 0.000000000000000000e+00 -3.568530921977939308e-01 1.624042802037201430e-03 0.000000000000000000e+00 0.000000000000000000e+00 7.920000000000000000e+02 0.000000000000000000e+00 0.000000000000000000e+00 1.000000000000000000e+00
0.000000000000000000e+00 5.320000000000000000e+02 8.839999999999999858e+00 0.000000000000000000e+00 -3.463185972156341275e-01 1.677761094650632653e-03 0.000000000000000000e+00 0.000000000000000000e+00 7.920000000000000000e+02 0.000000000000000000e+00 0.000000000000000000e+00 1.000000000000000000e+00
0.000000000000000000e+00 5.320000000000000000e+02 8.849999999999999645e+00 0.000000000000000000e+00 -3.358998328894946539e-01 1.631062683758479487e-03 0.000000000000000000e+00 0.000000000000000000e+00 7.920000000000000000e+02 0.000000000000000000e+00 0.000000000000000000e+00 1.000000000000000000e+00
0.000000000000000000e+00 5.320000000000000000e+02 8.859999999999999432e+00 0.000000000000000000e+00 -3.255928096967211083e-01 1.494215344097113776e-03 0.000000000000000000e+00 0.000000000000000000e+00 7.920000000000000000e+02 0.000000000000000000e+00 0.000000000000000000e+00 1.000000000000000000e+00
0.000000000000000000e+00 5.320000000000000000e+02 8.869999999999999218e+00 0.000000000000000000e+00 -3.153935809022459513e-01 1.284994359286261573e-03 0.000000000000000000e+00 0.000000000000000000e+00 7.920000000000000000e+02 0.000000000000000000e+00 0.000000000000000000e+00 1.000000000000000000e+00
0.000000000000000000e+00 5.320000000000000000e+02 8.880000000000000782e+00 0.000000000000000000e+00 -3.052982410473162322e-01 1.027392474158460127e-03 0.000000000000000000e+00 0.000000000000000000e+00 7.920000000000000000e+02 0.000000000000000000e+00 0.000000000000000000e+00 1.000000000000000000e+00
0.000000000000000000e+00 5.320000000000000000e+02 8.890000000000000568e+00 0.000000000000000000e+00 -2.953029244540267828e-01 7.502609901159727063e-04 0.000000000000000000e+00 0.000000000000000000e+00 7.920000000000000000e+02 0.000000000000000000e+00 0.000000000000000000e+00 1.000000000000000000e+00
0.000000000000000000e+00 5.320000000000000000e+02 8.900000000000000355e+00 0.000000000000000000e+00 -2.854038037450862264e-01 4.852723014271741533e-04 0.000000000000000000e+00 0.000000000000000000e+00 7.920000000000000000e+02 0.000000000000000000e+00 0.000000000000000000e+00 1.000000000000000000e+00
0.000000000000000000e+00 5.320000000000000000e+02 8.910000000000000142e+00 0.000000000000000000e+00 -2.755970883782487557e-01 2.633069715936003224e-04 0.000000000000000000e+00 0.000000000000000000e+00 7.920000000000000000e+02 0.000000000000000000e+00 0.000000000000000000e+00 1.000000000000000000e+00
0.000000000000000000e+00 5.320000000000000000e+02 8.919999999999999929e+00 0.000000000000000000e+00 -2.658790231948511273e-01 1.081375710049643519e-04 0.000000000000000000e+00 0.000000000000000000e+00 7.920000000000000000e+02 0.000000000000000000e+00 0.000000000000000000e+00 1.000000000000000000e+00
0.000000000000000000e+00 5.320000000000000000e+02 8.929999999999999716e+00 0.000000000000000000e+00 -2.562458869818979856e-01 2.700697227365692196e-05 0.000000000000000000e+00 0.000000000000000000e+00 7.920000000000000000e+02 0.000000000000000000e+00 0.000000000000000000e+00 1.000000000000000000e+00
0.000000000000000000e+00 5.320000000000000000e+02 8.939999999999999503e+00 0.000000000000000000e+00 -2.466939910471460939e-01 2.333179159108419640e-06 0.000000000000000000e+00 0.000000000000000000e+00 7.920000000000000000e+02 0.000000000000000000e+00 0.000000000000000000e+00 1.000000000000000000e+00
0.000000000000000000e+00 5.320000000000000000e+02 8.949999999999999289e+00 0.000000000000000000e+00 -2.372196778066410494e-01 8.823069860048096014e-09 0.000000000000000000e+00 0.000000000000000000e+00 7.920000000000000000e+02 0.000000000000000000e+00 0.000000000000000000e+00 1.000000000000000000e+00
0.000000000000000000e+00 5.320000000000000000e+02 8.960000000000000853e+00 0.000000000000000000e+00 -2.278193193841661079e-01 3.537938814249959931e-21 1.000000000000000000e+00 1.000000000000000000e+00 7.920000000000000000e+02 0.000000000000000000e+00 0.000000000000000000e+00 1.000000000000000000e+00
0.000000000000000000e+00 5.320000000000000000e+02 8.970000000000000639e+00 0.000000000000000000e+00 -2.142067463595067889e-01 5.741556633614979303e-09 0.000000000000000000e+00 0.000000000000000000e+00 7.920000000000000000e+02 0.000000000000000000e+00 0.000000000000000000e+00 1.000000000000000000e+00
0.000000000000000000e+00 5.320000000000000000e+02 8.980000000000000426e+00 0.000000000000000000e+00 -2.006593161087158461e-01 1.404319548973953654e-06 0.000000000000000000e+00 0.000000000000000000e+00 7.920000000000000000e+02 0.000000000000000000e+00 0.000000000000000000e+00 1.000000000000000000e+00
0.000000000000000000e+00 5.320000000000000000e+02 8.990000000000000213e+00 0.000000000000000000e+00 -1.871718410895665541e-01 1.567541114957853661e-05 0.000000000000000000e+00 0.000000000000000000e+00 7.920000000000000000e+02 0.000000000000000000e+00 0.000000000000000000e+00 1.000000000000000000e+00
0.000000000000000000e+00 5.320000000000000000e+02 9.000000000000000000e+00 0.000000000000000000e+00 -1.737391567177132001e-01 6.153510824735480486e-05 0.000000000000000000e+00 0.000000000000000000e+00 7.920000000000000000e+02 0.000000000000000000e+00 0.000000000000000000e+00 1.000000000000000000e+00
0.000000000000000000e+00 5.320000000000000000e+02 9.009999999999999787e+00 0.000000000000000000e+00 -1.603561193890842285e-01 1.484618463809422341e-04 0.000000000000000000e+00 0.000000000000000000e+00 7.920000000000000000e+02 0.000000000000000000e+00 0.000000000000000000e+00 1.000000000000000000e+00
0.000000000000000000e+00 5.320000000000000000e+02 9.019999999999999574e+00 0.000000000000000000e+00 -1.470176045103078755e-01 2.735512081400172900e-04 0.000000000000000000e+00 0.000000000000000000e+00 7.920000000000000000e+02 0.000000000000000000e+00 0.000000000000000000e+00 1.000000000000000000e+00
0.000000000000000000e+00 5.320000000000000000e+02 9.029999999999999361e+00 0.000000000000000000e+00 -1.337185045364183422e-01 4.266273202629547803e-04 0.000000000000000000e+00 0.000000000000000000e+00 7.920000000000000000e+02 0.000000000000000000e+00 0.000000000000000000e+00 1.000000000000000000e+00
0.000000000000000000e+00 5.320000000000000000e+02 9.039999999999999147e+00 0.000000000000000000e+00 -1.204537270150894956e-01 5.951458699776542016e-04 0.000000000000000000e+00 0.000000000000000000e+00 7.920000000000000000e+02 0.000000000000000000e+00 0.000000000000000000e+00 1.000000000000000000e+00
0.000000000000000000e+00 5.320000000000000000e+02 9.050000000000000711e+00 0.000000000000000000e+00 -1.072181926366479188e-01 7.670526048458694082e-04 0.000000000000000000e+00 0.000000000000000000e+00 7.920000000000000000e+02 0.000000000000000000e+00 0.000000000000000000e+00 1.000000000000000000e+00
0.000000000000000000e+00 5.320000000000000000e+02 9.060000000000000497e+00 0.000000000000000000e+00 -9.400683328911874082e-02 9.320725880217570897e-04 0.000000000000000000e+00 0.000000000000000000e+00 7.920000000000000000e+02 0.000000000000000000e+00 0.000000000000000000e+00 1.000000000000000000e+00
0.000000000000000000e+00 5.320000000000000000e+02 9.070000000000000284e+00 0.000000000000000000e+00 -8.081459011755892652e-02 1.082108553787937411e-03 0.000000000000000000e+00 0.000000000000000000e+00 7.920000000000000000e+02 0.000000000000000000e+00 0.000000000000000000e+00 1.000000000000000000e+00
0.000000000000000000e+00 5.320000000000000000e+02 9.080000000000000071e+00 0.000000000000000000e+00 -6.763641158693539657e-02 1.211203873904517433e-03 0.000000000000000000e+00 0.000000000000000000e+00 7.920000000000000000e+02 0.000000000000000000e+00 0.000000000000000000e+00 1.000000000000000000e+00
0.000000000000000000e+00 5.320000000000000000e+02 9.089999999999999858e+00 0.000000000000000000e+00 -5.446725154780609340e-02 1.315322981647061226e-03 0.000000000000000000e+00 0.000000000000000000e+00 7.920000000000000000e+02 0.000000000000000000e+00 0.000000000000000000e+00 1.000000000000000000e+00
0.000000000000000000e+00 5.320000000000000000e+02 9.099999999999999645e+00 0.000000000000000000e+00 -4.130206730406332100e-02 1.392076747809372489e-03 0.000000000000000000e+00 0.000000000000000000e+00 7.920000000000000000e+02 0.000000000000000000e+00 0.000000000000000000e+00 1.000000000000000000e+00
0.000000000000000000e+00 5.320000000000000000e+02 9.109999999999999432e+00 0.000000000000000000e+00 -2.813581768199922145e-02 1.440451836614876913e-03 0.000000000000000000e+00 0.000000000000000000e+00 7.920000000000000000e+02 0.000000000000000000e+00 0.000000000000000000e+00 1.000000000000000000e+00
0.000000000000000000e+00 5.320000000000000000e+02 9.119999999999999218e+00 0.000000000000000000e+00 -1.496346109995443791e-02 1.460567933439066782e-03 0.000000000000000000e+00 0.000000000000000000e+00 7.920000000000000000e+02 0.000000000000000000e+00 0.000000000000000000e+00 1.000000000000000000e+00
0.000000000000000000e+00 5.320000000000000000e+02 9.130000000000000782e+00 0.000000000000000000e+00 -1.779953637810381684e-03 1.453469543140514103e-03 0.000000000000000000e+00 0.000000000000000000e+00 7.920000000000000000e+02 0.000000000000000000e+00 0.000000000000000000e+00 1.000000000000000000e+00
0.000000000000000000e+00 5.320000000000000000e+02 9.140000000000000568e+00 0.000000000000000000e+00 1.141975289441377744e-02 1.420951110677946133e-03 0.000000000000000000e+00 0.000000000000000000e+00 7.920000000000000000e+02 0.000000000000000000e+00 0.000000000000000000e+00 1.000000000000000000e+00
0.000000000000000000e+00 5.320000000000000000e+02 9.150000000000000355e+00 0.000000000000000000e+00 2.464071288959922973e-02 1.365410875351396464e-03 0.000000000000000000e+00 0.000000000000000000e+00 7.920000000000000000e+02 0.000000000000000000e+00 0.000000000000000000e+00 1.000000000000000000e+00
0.000000000000000000e+00 5.320000000000000000e+02 9.160000000000000142e+00 0.000000000000000000e+00 3.788798887894084116e-02 1.289727732225126947e-03 0.000000000000000000e+00 0.000000000000000000e+00 7.920000000000000000e+02 0.000000000000000000e+00 0.000000000000000000e+00 1.000000000000000000e+00
0.000000000000000000e+00 5.320000000000000000e+02 9.169999999999999929e+00 0.000000000000000000e+00 5.116665347047678197e-02 1.197155218204803279e-03 0.000000000000000000e+00 0.000000000000000000e+00 7.920000000000000000e+02 0.000000000000000000e+00 0.000000000000000000e+00 1.000000000000000000e+00
0.000000000000000000e+00 5.320000000000000000e+02 9.179999999999999716e+00 0.000000000000000000e+00 6.448179129147652011e-02 1.091226961552027933e-03 0.000000000000000000e+00 0.000000000000000000e+00 7.920000000000000000e+02 0.000000000000000000e+00 0.000000000000000000e+00 1.000000000000000000e+00
0.000000000000000000e+00 5.320000000000000000e+02 9.189999999999999503e+00 0.000000000000000000e+00 7.783850093543157045e-02 9.756682493796981631e-04 0.000000000000000000e+00 0.000000000000000000e+00 7.920000000000000000e+02 0.000000000000000000e+00 0.000000000000000000e+00 1.000000000000000000e+00
0.000000000000000000e+00 5.320000000000000000e+02 9.199999999999999289e+00 0.000000000000000000e+00 9.124189691439377192e-02 8.543086675078049100e-04 0.000000000000000000e+00 0.000000000000000000e+00 7.920000000000000000e+02 0.000000000000000000e+00 0.000000000000000000e+00 1.000000000000000000e+00
0.000000000000000000e+00 5.320000000000000000e+02 9.210000000000000853e+00 0.000000000000000000e+00 1.046971116174095495e-01 7.309910436876319167e-04 0.000000000000000000e+00 0.000000000000000000e+00 7.920000000000000000e+02 0.000000000000000000e+00 0.000000000000000000e+00 1.000000000000000000e+00
0.000000000000000000e+00 5.320000000000000000e+02 9.220000000000000639e+00 0.000000000000000000e+00 1.182092972757987637e-01 6.094722502750313936e-04 0.000000000000000000e+00 0.000000000000000000e+00 7.920000000000000000e+02 0.000000000000000000e+00 0.000000000000000000e+00 1.000000000000000000e+00
0.000000000000000000e+00 5.320000000000000000e+02 9.230000000000000426e+00 0.000000000000000000e+00 1.317836279360325158e-01 4.933119518391879468e-04 0.000000000000000000e+00 0.000000000000000000e+00 7.920000000000000000e+02 0.000000000000000000e+00 0.000000000000000000e+00 1.000000000000000000e+00
0.000000000000000000e+00 5.320000000000000000e+02 9.240000000000000213e+00 0.000000000000000000e+00 1.454253014409634392e-01 3.857463851811237208e-04 0.000000000000000000e+00 0.000000000000000000e+00 7.920000000000000000e+02 0.000000000000000000e+00 0.000000000000000000e+00 1.000000000000000000e+00
0.000000000000000000e+00 5.320000000000000000e+02 9.250000000000000000e+00 0.000000000000000000e+00 1.591395414201686731e-01 2.895461614653206152e-04 0.000000000000000000e+00 0.000000000000000000e+00 7.920000000000000000e+02 0.000000000000000000e+00 0.000000000000000000e+00 1.000000000000000000e+00
0.000000000000000000e+00 5.320000000000000000e+02 9.259999999999999787e+00 0.000000000000000000e+00 1.729315992901666876e-01 2.068605256832054158e-04 0.000000000000000000e+00 0.000000000000000000e+00 7.920000000000000000e+02 0.000000000000000000e+00 0.000000000000000000e+00 1.000000000000000000e+00
0.000000000000000000e+00 5.320000000000000000e+02 9.269999999999999574e+00 0.000000000000000000e+00 1.868067562652742930e-01 1.390563867848721748e-04 0.000000000000000000e+00 0.000000000000000000e+00 7.920000000000000000e+02 0.000000000000000000e+00 0.000000000000000000e+00 1.000000000000000000e+00
0.000000000000000000e+00 5.320000000000000000e+02 9.279999999999999361e+00 0.000000000000000000e+00 2.007703253798735488e-01 8.656978592217010743e-05 0.000000000000000000e+00 0.000000000000000000e+00 7.920000000000000000e+02 0.000000000000000000e+00 0.000000000000000000e+00 1.000000000000000000e+00
0.000000000000000000e+00 5.320000000000000000e+02 9.289999999999999147e+00 0.000000000000000000e+00 2.148276535228637596e-01 4.880103879536753543e-05 0.000000000000000000e+00 0.000000000000000000e+00 7.920000000000000000e+02 0.000000000000000000e+00 0.000000000000000000e+00 1.000000000000000000e+00
0.000000000000000000e+00 5.320000000000000000e+02 9.300000000000000711e+00 0.000000000000000000e+00 2.289841234850759077e-01 2.410165372963819037e-05 0.000000000000000000e+00 0.000000000000000000e+00 7.920000000000000000e+02 0.000000000000000000e+00 0.000000000000000000e+00 1.000000000000000000e+00
0.000000000000000000e+00 5.320000000000000000e+02 9.310000000000000497e+00 0.000000000000000000e+00 2.432451560204356711e-01 9.915571878622245899e-06 0.000000000000000000e+00 0.000000000000000000e+00 7.920000000000000000e+02 0.000000000000000000e+00 0.000000000000000000e+00 1.000000000000000000e+00
0.000000000000000000e+00 5.320000000000000000e+02 9.320000000000000284e+00 0.000000000000000000e+00 2.576162119216620083e-01 3.133102463358258360e-06 0.000000000000000000e+00 0.000000000000000000e+00 7.920000000000000000e+02 0.000000000000000000e+00 0.000000000000000000e+00 1.000000000000000000e+00
0.000000000000000000e+00 5.320000000000000000e+02 9.330000000000000071e+00 0.000000000000000000e+00 2.721027941112983406e-01 6.610587760351991672e-07 0.000000000000000000e+00 0.000000000000000000e+00 7.920000000000000000e+02 0.000000000000000000e+00 0.000000000000000000e+00 1.000000000000000000e+00
0.000000000000000000e+00 5.320000000000000000e+02 9.339999999999999858e+00 0.000000000000000000e+00 2.867104497488753845e-01 7.150761529273295918e-08 0.000000000000000000e+00 0.000000000000000000e+00 7.920000000000000000e+02 0.000000000000000000e+00 0.000000000000000000e+00 1.000000000000000000e+00
0.000000000000000000e+00 5.320000000000000000e+02 9.349999999999999645e+00 0.000000000000000000e+00 3.014447723550131575e-01 2.246724905161812352e-09 0.000000000000000000e+00 0.000000000000000000e+00 7.920000000000000000e+02 0.000000000000000000e+00 0.000000000000000000e+00 1.000000000000000000e+00
0.000000000000000000e+00 5.320000000000000000e+02 9.359999999999999432e+00 0.000000000000000000e+00 3.163114039532754496e-01 4.602144863942392151e-12 0.000000000000000000e+00 0.000000000000000000e+00 7.920000000000000000e+02 0.000000000000000000e+00 0.000000000000000000e+00 1.000000000000000000e+00
0.000000000000000000e+00 5.320000000000000000e+02 9.369999999999999218e+00 0.000000000000000000e+00 3.313160372305969381e-01 2.144786442454916539e-18 0.000000000000000000e+00 0.000000000000000000e+00 7.920000000000000000e+02 0.000000000000000000e+00 0.000000000000000000e+00 1.000000000000000000e+00
0.000000000000000000e+00 5.320000000000000000e+02 9.380000000000000782e+00 0.000000000000000000e+00 3.464644177171101735e-01 3.072666621886724007e-54 1.000000000000000000e+00 1.000000000000000000e+00 7.920000000000000000e+02 0.000000000000000000e+00 0.000000000000000000e+00 1.000000000000000000e+00
0.000000000000000000e+00 5.320000000000000000e+02 9.390000000000000568e+00 0.000000000000000000e+00 3.374772141719487029e-01 1.977666038780481754e-18 0.000000000000000000e+00 0.000000000000000000e+00 7.920000000000000000e+02 0.000000000000000000e+00 0.000000000000000000e+00 1.000000000000000000e+00
0.000000000000000000e+00 5.320000000000000000e+02 9.400000000000000355e+00 0.000000000000000000e+00 3.286361170557688949e-01 4.178483429612111649e-12 0.000000000000000000e+00 0.000000000000000000e+00 7.920000000000000000e+02 0.000000000000000000e+00 0.000000000000000000e+00 1.000000000000000000e+00
0.000000000000000000e+00 5.320000000000000000e+02 9.410000000000000142e+00 0.000000000000000000e+00 3.199377409616138146e-01 2.031621976406565489e-09 0.000000000000000000e+00 0.000000000000000000e+00 7.920000000000000000e+02 0.000000000000000000e+00 0.000000000000000000e+00 1.000000000000000000e+00
0.000000000000000000e+00 5.320000000000000000e+02 9.419999999999999929e+00 0.000000000000000000e+00 3.113787551328407455e-01 6.468152561460032420e-08 0.000000000000000000e+00 0.000000000000000000e+00 7.920000000000000000e+02 0.000000000000000000e+00 0.000000000000000000e+00 1.000000000000000000e+00
0.000000000000000000e+00 5.320000000000000000e+02 9.429999999999999716e+00 0.000000000000000000e+00 3.029558821877191832e-01 5.996115127782779985e-07 0.000000000000000000e+00 0.000000000000000000e+00 7.920000000000000000e+02 0.000000000000000000e+00 0.000000000000000000e+00 1.000000000000000000e+00
0.000000000000000000e+00 5.320000000000000000e+02 9.439999999999999503e+00 0.000000000000000000e+00 2.946658968644637056e-01 2.854732890798278202e-06 0.000000000000000000e+00 0.000000000000000000e+00 7.920000000000000000e+02 0.000000000000000000e+00 0.000000000000000000e+00 1.000000000000000000e+00
0.000000000000000000e+00 5.320000000000000000e+02 9.449999999999999289e+00 0.000000000000000000e+00 2.865056247862274308e-01 9.088674651096983114e-06 0.000000000000000000e+00 0.000000000000000000e+00 7.920000000000000000e+02 0.000000000000000000e+00 0.000000000000000000e+00 1.000000000000000000e+00
0.000000000000000000e+00 5.320000000000000000e+02 9.460000000000000853e+00 0.000000000000000000e+00 2.784719412455784471e-01 2.225366252462665029e-05 0.000000000000000000e+00 0.000000000000000000e+00 7.920000000000000000e+02 0.000000000000000000e+00 0.000000000000000000e+00 1.000000000000000000e+00
0.000000000000000000e+00 5.320000000000000000e+02 9.470000000000000639e+00 0.000000000000000000e+00 2.705617700079959720e-01 4.544897088025392096e-05 0.000000000000000000e+00 0.000000000000000000e+00 7.920000000000000000e+02 0.000000000000000000e+00 0.000000000000000000e+00 1.000000000000000000e+00
0.000000000000000000e+00 5.320000000000000000e+02 9.480000000000000426e+00 0.000000000000000000e+00 2.627720821339278312e-01 8.142959195128209558e-05 0.000000000000000000e+00 0.000000000000000000e+00 7.920000000000000000e+02 0.000000000000000000e+00 0.000000000000000000e+00 1.000000000000000000e+00
0.000000000000000000e+00 5.320000000000000000e+02 9.490000000000000213e+00 0.000000000000000000e+00 2.550998948189577287e-01 1.322930299833035075e-04 0.000000000000000000e+00 0.000000000000000000e+00 7.920000000000000000e+02 0.000000000000000000e+00 0.000000000000000000e+00 1.000000000000000000e+00
0.000000000000000000e+00 5.320000000000000000e+02 9.500000000000000000e+00 0.000000000000000000e+00 2.475422702516386630e-01 1.993447293071369877e-04 0.000000000000000000e+00 0.000000000000000000e+00 7.920000000000000000e+02 0.000000000000000000e+00 0.000000000000000000e+00 1.000000000000000000e+00
0.000000000000000000e+00 5.320000000000000000e+02 9.509999999999999787e+00 0.000000000000000000e+00 2.400963144885546185e-01 2.830941714127965109e-04 0.000000000000000000e+00 0.000000000000000000e+00 7.920000000000000000e+02 0.000000000000000000e+00 0.000000000000000000e+00 1.000000000000000000e+00
0.000000000000000000e+00 5.320000000000000000e+02 9.519999999999999574e+00 0.000000000000000000e+00 2.327591763461803187e-01 3.833290686710969820e-04 0.000000000000000000e+00 0.000000000000000000e+00 7.920000000000000000e+02 0.000000000000000000e+00 0.000000000000000000e+00 1.000000000000000000e+00
0.000000000000000000e+00 5.320000000000000000e+02 9.529999999999999361e+00 0.000000000000000000e+00 2.255280463091146048e-01 4.992267899655289387e-04 0.000000000000000000e+00 0.000000000000000000e+00 7.920000000000000000e+02 0.000000000000000000e+00 0.000000000000000000e+00 1.000000000000000000e+00
0.000000000000000000e+00 5.320000000000000000e+02 9.539999999999999147e+00 0.000000000000000000e+00 2.184001554542684409e-01 6.294761728377696111e-04 0.000000000000000000e+00 0.000000000000000000e+00 7.920000000000000000e+02 0.000000000000000000e+00 0.000000000000000000e+00 1.000000000000000000e+00
0.000000000000000000e+00 5.320000000000000000e+02 9.550000000000000711e+00 0.000000000000000000e+00 2.113727743905977063e-01 7.723942113460318531e-04 0.000000000000000000e+00 0.000000000000000000e+00 7.920000000000000000e+02 0.000000000000000000e+00 0.000000000000000000e+00 1.000000000000000000e+00
0.000000000000000000e+00 5.320000000000000000e+02 9.560000000000000497e+00 0.000000000000000000e+00 2.044432122139725749e-01 9.260299068081781146e-04 0.000000000000000000e+00 0.000000000000000000e+00 7.920000000000000000e+02 0.000000000000000000e+00 0.000000000000000000e+00 1.000000000000000000e+00
0.000000000000000000e+00 5.320000000000000000e+02 9.570000000000000284e+00 0.000000000000000000e+00 1.976088154767840777e-01 1.088252418604501379e-03 0.000000000000000000e+00 0.000000000000000000e+00 7.920000000000000000e+02 0.000000000000000000e+00 0.000000000000000000e+00 1.000000000000000000e+00
0.000000000000000000e+00 5.320000000000000000e+02 9.580000000000000071e+00 0.000000000000000000e+00 1.908669671718941641e-01 1.256823417668825535e-03 0.000000000000000000e+00 0.000000000000000000e+00 7.920000000000000000e+02 0.000000000000000000e+00 0.000000000000000000e+00 1.000000000000000000e+00
0.000000000000000000e+00 5.320000000000000000e+02 9.589999999999999858e+00 0.000000000000000000e+00 1.842150857305387412e-01 1.429454965599912669e-03 0.000000000000000000e+00 0.000000000000000000e+00 7.920000000000000000e+02 0.000000000000000000e+00 0.000000000000000000e+00 1.000000000000000000e+00
0.000000000000000000e+00 5.320000000000000000e+02 9.599999999999999645e+00 0.000000000000000000e+00 1.776506240338010523e-01 1.603854850632076973e-03 0.000000000000000000e+00 0.000000000000000000e+00 7.920000000000000000e+02 0.000000000000000000e+00 0.000000000000000000e+00 1.000000000000000000e+00
0.000000000000000000e+00 5.320000000000000000e+02 9.609999999999999432e+00 0.000000000000000000e+00 1.711710684372763636e-01 1.777761460003137242e-03 0.000000000000000000e+00 0.000000000000000000e+00 7.920000000000000000e+02 0.000000000000000000e+00 0.000000000000000000e+00 1.000000000000000000e+00
0.000000000000000000e+00 5.320000000000000000e+02 9.619999999999999218e+00 0.000000000000000000e+00 1.647739378085545936e-01 1.948970175943217850e-03 0.000000000000000000e+00 0.000000000000000000e+00 7.920000000000000000e+02 0.000000000000000000e+00 0.000000000000000000e+00 1.000000000000000000e+00
0.000000000000000000e+00 5.320000000000000000e+02 9.630000000000000782e+00 0.000000000000000000e+00 1.584567825771524829e-01 2.115353080114266288e-03 0.000000000000000000e+00 0.000000000000000000e+00 7.920000000000000000e+02 0.000000000000000000e+00 0.000000000000000000e+00 1.000000000000000000e+00
0.000000000000000000e+00 5.320000000000000000e+02 9.640000000000000568e+00 0.000000000000000000e+00 1.522171837965310415e-01 2.274873512965111533e-03 0.000000000000000000e+00 0.000000000000000000e+00 7.920000000000000000e+02 0.000000000000000000e+00 0.000000000000000000e+00 1.000000000000000000e+00
0.000000000000000000e+00 5.320000000000000000e+02 9.650000000000000355e+00 0.000000000000000000e+00 1.460527522178397819e-01 2.425596799780684737e-03 0.000000000000000000e+00 0.000000000000000000e+00 7.920000000000000000e+02 0.000000000000000000e+00 0.000000000000000000e+00 1.000000000000000000e+00
0.000000000000000000e+00 5.320000000000000000e+02 9.660000000000000142e+00 0.000000000000000000e+00 1.399611273750326346e-01 2.565698243525794953e-03 0.000000000000000000e+00 0.000000000000000000e+00 7.920000000000000000e+02 0.000000000000000000e+00 0.000000000000000000e+00 1.000000000000000000e+00
0.000000000000000000e+00 5.320000000000000000e+02 9.669999999999999929e+00 0.000000000000000000e+00 1.339399766810050185e-01 2.693469303693844796e-03 0.000000000000000000e+00 0.000000000000000000e+00 7.920000000000000000e+02 0.000000000000000000e+00 0.000000000000000000e+00 1.000000000000000000e+00
0.000000000000000000e+00 5.320000000000000000e+02 9.679999999999999716e+00 0.000000000000000000e+00 1.279869945344066506e-01 2.807322731795906107e-03 0.000000000000000000e+00 0.000000000000000000e+00 7.920000000000000000e+02 0.000000000000000000e+00 0.000000000000000000e+00 1.000000000000000000e+00
0.000000000000000000e+00 5.320000000000000000e+02 9.689999999999999503e+00 0.000000000000000000e+00 1.220999014367873392e-01 2.905797316244060347e-03 0.000000000000000000e+00 0.000000000000000000e+00 7.920000000000000000e+02 0.000000000000000000e+00 0.000000000000000000e+00 1.000000000000000000e+00
0.000000000000000000e+00 5.320000000000000000e+02 9.699999999999999289e+00 0.000000000000000000e+00 1.162764431197380044e-01 2.987562799182157114e-03 0.000000000000000000e+00 0.000000000000000000e+00 7.920000000000000000e+02 0.000000000000000000e+00 0.000000000000000000e+00 1.000000000000000000e+00
0.000000000000000000e+00 5.320000000000000000e+02 9.710000000000000853e+00 0.000000000000000000e+00 1.105143896816931093e-01 3.051425461841703740e-03 0.000000000000000000e+00 0.000000000000000000e+00 7.920000000000000000e+02 0.000000000000000000e+00 0.000000000000000000e+00 1.000000000000000000e+00
0.000000000000000000e+00 5.320000000000000000e+02 9.720000000000000639e+00 0.000000000000000000e+00 1.048115347340630166e-01 3.096334829794517018e-03 0.000000000000000000e+00 0.000000000000000000e+00 7.920000000000000000e+02 0.000000000000000000e+00 0.000000000000000000e+00 1.000000000000000000e+00
0.000000000000000000e+00 5.320000000000000000e+02 9.730000000000000426e+00 0.000000000000000000e+00 9.916569455637042063e-02 3.121391921733752961e-03 0.000000000000000000e+00 0.000000000000000000e+00 7.920000000000000000e+02 0.000000000000000000e+00 0.000000000000000000e+00 1.000000000000000000e+00
0.000000000000000000e+00 5.320000000000000000e+02 9.740000000000000213e+00 0.000000000000000000e+00 9.357470726006622552e-02 3.125859451924384996e-03 0.000000000000000000e+00 0.000000000000000000e+00 7.920000000000000000e+02 0.000000000000000000e+00 0.000000000000000000e+00 1.000000000000000000e+00
0.000000000000000000e+00 5.320000000000000000e+02 9.750000000000000000e+00 0.000000000000000000e+00 8.803643196070579102e-02 3.109174393878515880e-03 0.000000000000000000e+00 0.000000000000000000e+00 7.920000000000000000e+02 0.000000000000000000e+00 0.000000000000000000e+00 1.000000000000000000e+00
0.000000000000000000e+00 5.320000000000000000e+02 9.759999999999999787e+00 0.000000000000000000e+00 8.254874795816749544e-02 3.070963317266733189e-03 0.000000000000000000e+00 0.000000000000000000e+00 7.920000000000000000e+02 0.000000000000000000e+00 0.000000000000000000e+00 1.000000000000000000e+00
0.000000000000000000e+00 5.320000000000000000e+02 9.769999999999999574e+00 0.000000000000000000e+00 7.710955392460075442e-02 3.011060916587565695e-03 0.000000000000000000e+00 0.000000000000000000e+00 7.920000000000000000e+02 0.000000000000000000e+00 0.000000000000000000e+00 1.000000000000000000e+00
0.000000000000000000e+00 5.320000000000000000e+02 9.779999999999999361e+00 0.000000000000000000e+00 7.171676709979146747e-02 2.929532151670653783e-03 0.000000000000000000e+00 0.000000000000000000e+00 7.920000000000000000e+02 0.000000000000000000e+00 0.000000000000000000e+00 1.000000000000000000e+00
0.000000000000000000e+00 5.320000000000000000e+02 9.789999999999999147e+00 0.000000000000000000e+00 6.636832249363772140e-02 2.826698406240439609e-03 0.000000000000000000e+00 0.000000000000000000e+00 7.920000000000000000e+02 0.000000000000000000e+00 0.000000000000000000e+00 1.000000000000000000e+00
0.000000000000000000e+00 5.320000000000000000e+02 9.800000000000000711e+00 0.000000000000000000e+00 6.106217209542979391e-02 2.703168025542285885e-03 0.000000000000000000e+00 0.000000000000000000e+00 7.920000000000000000e+02 0.000000000000000000e+00 0.000000000000000000e+00 1.000000000000000000e+00
0.000000000000000000e+00 5.320000000000000000e+02 9.810000000000000497e+00 0.000000000000000000e+00 5.579628408963197700e-02 2.559871492653159608e-03 0.000000000000000000e+00 0.000000000000000000e+00 7.920000000000000000e+02 0.000000000000000000e+00 0.000000000000000000e+00 1.000000000000000000e+00
0.000000000000000000e+00 5.320000000000000000e+02 9.820000000000000284e+00 0.000000000000000000e+00 5.056864207786563453e-02 2.398101306996606660e-03 0.000000000000000000e+00 0.000000000000000000e+00 7.920000000000000000e+02 0.000000000000000000e+00 0.000000000000000000e+00 1.000000000000000000e+00
0.000000000000000000e+00 5.320000000000000000e+02 9.830000000000000071e+00 0.000000000000000000e+00 4.537724430679593995e-02 2.219556277733054570e-03 0.000000000000000000e+00 0.000000000000000000e+00 7.920000000000000000e+02 0.000000000000000000e+00 0.000000000000000000e+00 1.000000000000000000e+00
0.000000000000000000e+00 5.320000000000000000e+02 9.839999999999999858e+00 0.000000000000000000e+00 4.022010290162628815e-02 2.026389345985828497e-03 0.000000000000000000e+00 0.000000000000000000e+00 7.920000000000000000e+02 0.000000000000000000e+00 0.000000000000000000e+00 1.000000000000000000e+00
0.000000000000000000e+00 5.320000000000000000e+02 9.849999999999999645e+00 0.000000000000000000e+00 3.509524310490721305e-02 1.821257059681067117e-03 0.000000000000000000e+00 0.000000000000000000e+00 7.920000000000000000e+02 0.000000000000000000e+00 0.000000000000000000e+00 1.000000000000000000e+00
0.000000000000000000e+00 5.320000000000000000e+02 9.859999999999999432e+00 0.000000000000000000e+00 3.000070252036795421e-02 1.607367223786836455e-03 0.000000000000000000e+00 0.000000000000000000e+00 7.920000000000000000e+02 0.000000000000000000e+00 0.000000000000000000e+00 1.000000000000000000e+00
0.000000000000000000e+00 5.320000000000000000e+02 9.869999999999999218e+00 0.000000000000000000e+00 2.493453036148152863e-02 1.388518707382425249e-03 0.000000000000000000e+00 0.000000000000000000e+00 7.920000000000000000e+02 0.000000000000000000e+00 0.000000000000000000e+00 1.000000000000000000e+00
0.000000000000000000e+00 5.320000000000000000e+02 9.880000000000000782e+00 0.000000000000000000e+00 1.989478670447521885e-02 1.169123426082744818e-03 0.000000000000000000e+00 0.000000000000000000e+00 7.920000000000000000e+02 0.000000000000000000e+00 0.000000000000000000e+00 1.000000000000000000e+00
0.000000000000000000e+00 5.320000000000000000e+02 9.890000000000000568e+00 0.000000000000000000e+00 1.487954174550060182e-02 9.541944678180726974e-04 0.000000000000000000e+00 0.000000000000000000e+00 7.920000000000000000e+02 0.000000000000000000e+00 0.000000000000000000e+00 1.000000000000000000e+00
0.000000000000000000e+00 5.320000000000000000e+02 9.900000000000000355e+00 0.000000000000000000e+00 9.886875061678915277e-03 7.492753677751139499e-04 0.000000000000000000e+00 0.000000000000000000e+00 7.920000000000000000e+02 0.000000000000000000e+00 0.000000000000000000e+00 1.000000000000000000e+00
0.000000000000000000e+00 5.320000000000000000e+02 9.910000000000000142e+00 0.000000000000000000e+00 4.914874875738169113e-03 5.602729207323398769e-04 0.000000000000000000e+00 0.000000000000000000e+00 7.920000000000000000e+02 0.000000000000000000e+00 0.000000000000000000e+00 1.000000000000000000e+00
0.000000000000000000e+00 5.320000000000000000e+02 9.919999999999999929e+00 0.000000000000000000e+00 -3.836267603889859101e-05 3.931398360346857399e-04 0.000000000000000000e+00 0.000000000000000000e+00 7.920000000000000000e+02 0.000000000000000000e+00 0.000000000000000000e+00 1.000000000000000000e+00
0.000000000000000000e+00 5.320000000000000000e+02 9.929999999999999716e+00 0.000000000000000000e+00 -4.974734272836733862e-03 2.533375908182139771e-04 0.000000000000000000e+00 0.000000000000000000e+00 7.920000000000000000e+02 0.000000000000000000e+00 0.000000000000000000e+00 1.000000000000000000e+00
0.000000000000000000e+00 5.320000000000000000e+02 9.939999999999999503e+00 0.000000000000000000e+00 -9.896130135577843601e-03 1.450074149917893618e-04 0.000000000000000000e+00 0.000000000000000000e+00 7.920000000000000000e+02 0.000000000000000000e+00 0.000000000000000000e+00 1.000000000000000000e+00
0.000000000000000000e+00 5.320000000000000000e+02 9.949999999999999289e+00 0.000000000000000000e+00 -1.480443475072056383e-02 6.982617478159462536e-05 0.000000000000000000e+00 0.000000000000000000e+00 7.920000000000000000e+02 0.000000000000000000e+00 0.000000000000000000e+00 1.000000000000000000e+00
0.000000000000000000e+00 5.320000000000000000e+02 9.960000000000000853e+00 0.000000000000000000e+00 -1.970152759186115030e-02 2.571163590794634793e-05 0.000000000000000000e+00 0.000000000000000000e+00 7.920000000000000000e+02 0.000000000000000000e+00 0.000000000000000000e+00 1.000000000000000000e+00
0.000000000000000000e+00 5.320000000000000000e+02 9.970000000000000639e+00 0.000000000000000000e+00 -2.458928383941626911e-02 6.014177714377719306e-06 0.000000000000000000e+00 0.000000000000000000e+00 7.920000000000000000e+02 0.000000000000000000e+00 0.000000000000000000e+00 1.000000000000000000e+00
0.000000000000000000e+00 5.320000000000000000e+02 9.980000000000000426e+00 0.000000000000000000e+00 -2.946957509866156635e-02 5.887022960963405097e-07 0.000000000000000000e+00 0.000000000000000000e+00 7.920000000000000000e+02 0.000000000000000000e+00 0.000000000000000000e+00 1.000000000000000000e+00
0.000000000000000000e+00 5.320000000000000000e+02 9.990000000000000213e+00 0.000000000000000000e+00 -3.434427011640128063e-02 7.338837330687566751e-09 0.000000000000000000e+00 0.000000000000000000e+00 7.920000000000000000e+02 0.000000000000000000e+00 0.000000000000000000e+00 1.000000000000000000e+00
0.000000000000000000e+00 5.320000000000000000e+02 1.000000000000000000e+01 0.000000000000000000e+00 -3.921523549654327284e-02 5.263716880248825226e-14 0.000000000000000000e+00 0.000000000000000000e+00 7.920000000000000000e+02 0.000000000000000000e+00 0.000000000000000000e+00 1.000000000000000000e+00
