macrorep i x y cond_mean cond_var cei lf hf maxcei x_star lf_next hf_next
1.000000000000000000e+00 5.530000000000000000e+02 1.000000000000000021e-02 0.000000000000000000e+00 -6.520612057304409764e-03 2.623036029271675479e-02 3.753974838013570081e-12 0.000000000000000000e+00 0.000000000000000000e+00 7.810000000000000000e+02 0.000000000000000000e+00 0.000000000000000000e+00 1.000000000000000000e+00
1.000000000000000000e+00 5.530000000000000000e+02 2.000000000000000042e-02 0.000000000000000000e+00 -1.039364574549637293e-02 5.022698833411432667e-02 8.141561128664967162e-08 0.000000000000000000e+00 0.000000000000000000e+00 7.810000000000000000e+02 0.000000000000000000e+00 0.000000000000000000e+00 1.000000000000000000e+00
1.000000000000000000e+00 5.530000000000000000e+02 2.999999999999999889e-02 0.000000000000000000e+00 -1.427025630528502495e-02 7.203422279758167623e-02 3.233138853287884291e-06 0.000000000000000000e+00 0.000000000000000000e+00 7.810000000000000000e+02 0.000000000000000000e+00 0.000000000000000000e+00 1.000000000000000000e+00
1.000000000000000000e+00 5.530000000000000000e+02 4.000000000000000083e-02 0.000000000000000000e+00 -1.815223423744774869e-02 9.169235700452735283e-02 2.249090788996552801e-05 0.000000000000000000e+00 0.000000000000000000e+00 7.810000000000000000e+02 0.000000000000000000e+00 0.000000000000000000e+00 1.000000000000000000e+00
1.000000000000000000e+00 5.530000000000000000e+02 5.000000000000000278e-02 0.000000000000000000e+00 -2.204137252180496387e-02 1.092377133745235374e-01 7.461531277686158335e-05 0.000000000000000000e+00 0.000000000000000000e+00 7.810000000000000000e+02 0.000000000000000000e+00 0.000000000000000000e+00 1.000000000000000000e+00
1.000000000000000000e+00 5.530000000000000000e+02 6.000000000000000472e-02 0.000000000000000000e+00 -2.593946744534865109e-02 1.247027105383979456e-01 1.677159868810657213e-04 0.000000000000000000e+00 0.000000000000000000e+00 7.810000000000000000e+02 0.000000000000000000e+00 0.000000000000000000e+00 1.000000000000000000e+00
1.000000000000000000e+00 5.530000000000000000e+02 6.999999999999999278e-02 0.000000000000000000e+00 -2.984831943189833123e-02 1.381159232382778990e-01 2.984709307966562294e-04 0.000000000000000000e+00 0.000000000000000000e+00 7.810000000000000000e+02 0.000000000000000000e+00 0.000000000000000000e+00 1.000000000000000000e+00
1.000000000000000000e+00 5.530000000000000000e+02 8.000000000000000167e-02 0.000000000000000000e+00 -3.376973387366782181e-02 1.495021351252651953e-01 4.554805147327428347e-04 0.000000000000000000e+00 0.000000000000000000e+00 7.810000000000000000e+02 0.000000000000000000e+00 0.000000000000000000e+00 1.000000000000000000e+00
1.000000000000000000e+00 5.530000000000000000e+02 8.999999999999999667e-02 0.000000000000000000e+00 -3.770552196512665794e-02 1.588823845522952249e-01 6.234450865032388489e-04 0.000000000000000000e+00 0.000000000000000000e+00 7.810000000000000000e+02 0.000000000000000000e+00 0.000000000000000000e+00 1.000000000000000000e+00
1.000000000000000000e+00 5.530000000000000000e+02 9.999999999999999167e-02 0.000000000000000000e+00 -4.165750153954147356e-02 1.662740034467928563e-01 7.863007242943920172e-04 0.000000000000000000e+00 0.000000000000000000e+00 7.810000000000000000e+02 0.000000000000000000e+00 0.000000000000000000e+00 1.000000000000000000e+00
1.000000000000000000e+00 5.530000000000000000e+02 1.100000000000000006e-01 0.000000000000000000e+00 -4.562749790858366961e-02 1.716906493349492635e-01 9.291906807773484336e-04 0.000000000000000000e+00 0.000000000000000000e+00 7.810000000000000000e+02 0.000000000000000000e+00 0.000000000000000000e+00 1.000000000000000000e+00
1.000000000000000000e+00 5.530000000000000000e+02 1.199999999999999956e-01 0.000000000000000000e+00 -4.961734470539107267e-02 1.751423305767926819e-01 1.039604029793066847e-03 0.000000000000000000e+00 0.000000000000000000e+00 7.810000000000000000e+02 0.000000000000000000e+00 0.000000000000000000e+00 1.000000000000000000e+00
1.000000000000000000e+00 5.530000000000000000e+02 1.300000000000000044e-01 0.000000000000000000e+00 -5.362888473147321006e-02 1.766354248586781139e-01 1.108016163512184557e-03 0.000000000000000000e+00 0.000000000000000000e+00 7.810000000000000000e+02 0.000000000000000000e+00 0.000000000000000000e+00 1.000000000000000000e+00
1.000000000000000000e+00 5.530000000000000000e+02 1.400000000000000133e-01 0.000000000000000000e+00 -5.766397080785103796e-02 1.761726909773659033e-01 1.128271336332484567e-03 0.000000000000000000e+00 0.000000000000000000e+00 7.810000000000000000e+02 0.000000000000000000e+00 0.000000000000000000e+00 1.000000000000000000e+00
1.000000000000000000e+00 5.530000000000000000e+02 1.500000000000000222e-01 0.000000000000000000e+00 -6.172446663082443302e-02 1.737532739374628710e-01 1.097857832511546505e-03 0.000000000000000000e+00 0.000000000000000000e+00 7.810000000000000000e+02 0.000000000000000000e+00 0.000000000000000000e+00 1.000000000000000000e+00
1.000000000000000000e+00 5.530000000000000000e+02 1.600000000000000033e-01 0.000000000000000000e+00 -6.581224763276291578e-02 1.693727033716433128e-01 1.018157380188012585e-03 0.000000000000000000e+00 0.000000000000000000e+00 7.810000000000000000e+02 0.000000000000000000e+00 0.000000000000000000e+00 1.000000000000000000e+00
1.000000000000000000e+00 5.530000000000000000e+02 1.700000000000000122e-01 0.000000000000000000e+00 -6.992920184831656616e-02 1.630228852807319717e-01 8.946926992925811895e-04 0.000000000000000000e+00 0.000000000000000000e+00 7.810000000000000000e+02 0.000000000000000000e+00 0.000000000000000000e+00 1.000000000000000000e+00
1.000000000000000000e+00 5.530000000000000000e+02 1.800000000000000211e-01 0.000000000000000000e+00 -7.407723078644777581e-02 1.546920870783868029e-01 7.373325725404051081e-04 0.000000000000000000e+00 0.000000000000000000e+00 7.810000000000000000e+02 0.000000000000000000e+00 0.000000000000000000e+00 1.000000000000000000e+00
1.000000000000000000e+00 5.530000000000000000e+02 1.900000000000000022e-01 0.000000000000000000e+00 -7.825825030868661936e-02 1.443649159127486092e-01 5.603167424917078129e-04 0.000000000000000000e+00 0.000000000000000000e+00 7.810000000000000000e+02 0.000000000000000000e+00 0.000000000000000000e+00 1.000000000000000000e+00
1.000000000000000000e+00 5.530000000000000000e+02 2.000000000000000111e-01 0.000000000000000000e+00 -8.247419151401486070e-02 1.320222902250018371e-01 3.817957668526251146e-04 0.000000000000000000e+00 0.000000000000000000e+00 7.810000000000000000e+02 0.000000000000000000e+00 0.000000000000000000e+00 1.000000000000000000e+00
1.000000000000000000e+00 5.530000000000000000e+02 2.100000000000000200e-01 0.000000000000000000e+00 -8.672700163078810032e-02 1.176414044922961255e-01 2.222998235898200614e-04 0.000000000000000000e+00 0.000000000000000000e+00 7.810000000000000000e+02 0.000000000000000000e+00 0.000000000000000000e+00 1.000000000000000000e+00
1.000000000000000000e+00 5.530000000000000000e+02 2.200000000000000011e-01 0.000000000000000000e+00 -9.101864491610742181e-02 1.011956870898829131e-01 1.011716468952456472e-04 0.000000000000000000e+00 0.000000000000000000e+00 7.810000000000000000e+02 0.000000000000000000e+00 0.000000000000000000e+00 1.000000000000000000e+00
1.000000000000000000e+00 5.530000000000000000e+02 2.300000000000000100e-01 0.000000000000000000e+00 -9.535110356305617763e-02 8.265475119460954923e-02 2.992753120021289905e-05 0.000000000000000000e+00 0.000000000000000000e+00 7.810000000000000000e+02 0.000000000000000000e+00 0.000000000000000000e+00 1.000000000000000000e+00
1.000000000000000000e+00 5.530000000000000000e+02 2.400000000000000189e-01 0.000000000000000000e+00 -9.972637861622110633e-02 6.198433863905480207e-02 3.646656458363822231e-06 0.000000000000000000e+00 0.000000000000000000e+00 7.810000000000000000e+02 0.000000000000000000e+00 0.000000000000000000e+00 1.000000000000000000e+00
1.000000000000000000e+00 5.530000000000000000e+02 2.500000000000000000e-01 0.000000000000000000e+00 -1.041464908959200686e-01 3.914625661256484340e-02 3.915158895878361184e-08 1.000000000000000000e+00 0.000000000000000000e+00 7.810000000000000000e+02 0.000000000000000000e+00 0.000000000000000000e+00 1.000000000000000000e+00
1.000000000000000000e+00 5.530000000000000000e+02 2.600000000000000089e-01 0.000000000000000000e+00 -1.167363179829751380e-01 6.096668130971018285e-02 4.234253854097045364e-06 0.000000000000000000e+00 0.000000000000000000e+00 7.810000000000000000e+02 0.000000000000000000e+00 0.000000000000000000e+00 1.000000000000000000e+00
1.000000000000000000e+00 5.530000000000000000e+02 2.700000000000000178e-01 0.000000000000000000e+00 -1.293788387240257798e-01 7.995539698006245977e-02 3.760680113152573435e-05 0.000000000000000000e+00 0.000000000000000000e+00 7.810000000000000000e+02 0.000000000000000000e+00 0.000000000000000000e+00 1.000000000000000000e+00
1.000000000000000000e+00 5.530000000000000000e+02 2.800000000000000266e-01 0.000000000000000000e+00 -1.420798923548853010e-01 9.614748915566938281e-02 1.335372740024784542e-04 0.000000000000000000e+00 0.000000000000000000e+00 7.810000000000000000e+02 0.000000000000000000e+00 0.000000000000000000e+00 1.000000000000000000e+00
1.000000000000000000e+00 5.530000000000000000e+02 2.900000000000000355e-01 0.000000000000000000e+00 -1.548453451461137276e-01 1.095728760352554232e-01 3.030235859657931692e-04 0.000000000000000000e+00 0.000000000000000000e+00 7.810000000000000000e+02 0.000000000000000000e+00 0.000000000000000000e+00 1.000000000000000000e+00
1.000000000000000000e+00 5.530000000000000000e+02 2.999999999999999889e-01 0.000000000000000000e+00 -1.676810931124883275e-01 1.202563637642068001e-01 5.310308976100106687e-04 0.000000000000000000e+00 0.000000000000000000e+00 7.810000000000000000e+02 0.000000000000000000e+00 0.000000000000000000e+00 1.000000000000000000e+00
1.000000000000000000e+00 5.530000000000000000e+02 3.099999999999999978e-01 0.000000000000000000e+00 -1.805930647362122832e-01 1.282176922689936827e-01 7.869129451112868295e-04 0.000000000000000000e+00 0.000000000000000000e+00 7.810000000000000000e+02 0.000000000000000000e+00 0.000000000000000000e+00 1.000000000000000000e+00
1.000000000000000000e+00 5.530000000000000000e+02 3.200000000000000067e-01 0.000000000000000000e+00 -1.935872237051188827e-01 1.334715717307176086e-01 1.034476544772506071e-03 0.000000000000000000e+00 0.000000000000000000e+00 7.810000000000000000e+02 0.000000000000000000e+00 0.000000000000000000e+00 1.000000000000000000e+00
1.000000000000000000e+00 5.530000000000000000e+02 3.300000000000000155e-01 0.000000000000000000e+00 -2.066695716671363425e-01 1.360277097651767797e-01 1.238607773098636400e-03 0.000000000000000000e+00 0.000000000000000000e+00 7.810000000000000000e+02 0.000000000000000000e+00 0.000000000000000000e+00 1.000000000000000000e+00
1.000000000000000000e+00 5.530000000000000000e+02 3.400000000000000244e-01 0.000000000000000000e+00 -2.198461510022859666e-01 1.358908293596697847e-01 1.369298736738928240e-03 0.000000000000000000e+00 0.000000000000000000e+00 7.810000000000000000e+02 0.000000000000000000e+00 0.000000000000000000e+00 1.000000000000000000e+00
1.000000000000000000e+00 5.530000000000000000e+02 3.500000000000000333e-01 0.000000000000000000e+00 -2.331230476134920904e-01 1.330606775996794611e-01 1.404385638198739697e-03 0.000000000000000000e+00 0.000000000000000000e+00 7.810000000000000000e+02 0.000000000000000000e+00 0.000000000000000000e+00 1.000000000000000000e+00
1.000000000000000000e+00 5.530000000000000000e+02 3.600000000000000422e-01 0.000000000000000000e+00 -2.465063937374954162e-01 1.275320252015619271e-01 1.332030592444259989e-03 0.000000000000000000e+00 0.000000000000000000e+00 7.810000000000000000e+02 0.000000000000000000e+00 0.000000000000000000e+00 1.000000000000000000e+00
1.000000000000000000e+00 5.530000000000000000e+02 3.699999999999999956e-01 0.000000000000000000e+00 -2.600023707771655368e-01 1.192946568503762683e-01 1.153679813066774834e-03 0.000000000000000000e+00 0.000000000000000000e+00 7.810000000000000000e+02 0.000000000000000000e+00 0.000000000000000000e+00 1.000000000000000000e+00
1.000000000000000000e+00 5.530000000000000000e+02 3.800000000000000044e-01 0.000000000000000000e+00 -2.736172121565228488e-01 1.083333523250031988e-01 8.879160224133861301e-04 0.000000000000000000e+00 0.000000000000000000e+00 7.810000000000000000e+02 0.000000000000000000e+00 0.000000000000000000e+00 1.000000000000000000e+00
1.000000000000000000e+00 5.530000000000000000e+02 3.900000000000000133e-01 0.000000000000000000e+00 -2.873572061997872185e-01 9.462785837567659619e-02 5.748715947418549591e-04 0.000000000000000000e+00 0.000000000000000000e+00 7.810000000000000000e+02 0.000000000000000000e+00 0.000000000000000000e+00 1.000000000000000000e+00
1.000000000000000000e+00 5.530000000000000000e+02 4.000000000000000222e-01 0.000000000000000000e+00 -3.012286990357832539e-01 7.815285130196626684e-02 2.783415240339083725e-04 0.000000000000000000e+00 0.000000000000000000e+00 7.810000000000000000e+02 0.000000000000000000e+00 0.000000000000000000e+00 1.000000000000000000e+00
1.000000000000000000e+00 5.530000000000000000e+02 4.100000000000000311e-01 0.000000000000000000e+00 -3.152380975290448584e-01 5.887789016206735476e-02 7.486147249223876199e-05 0.000000000000000000e+00 0.000000000000000000e+00 7.810000000000000000e+02 0.000000000000000000e+00 0.000000000000000000e+00 1.000000000000000000e+00
1.000000000000000000e+00 5.530000000000000000e+02 4.200000000000000400e-01 0.000000000000000000e+00 -3.293918722389704845e-01 3.676736052694034446e-02 3.966314768203779858e-06 0.000000000000000000e+00 0.000000000000000000e+00 7.810000000000000000e+02 0.000000000000000000e+00 0.000000000000000000e+00 1.000000000000000000e+00
1.000000000000000000e+00 5.530000000000000000e+02 4.299999999999999933e-01 0.000000000000000000e+00 -3.436965604083990211e-01 1.178040867537663745e-02 8.784275956810942854e-12 1.000000000000000000e+00 1.000000000000000000e+00 7.810000000000000000e+02 0.000000000000000000e+00 0.000000000000000000e+00 1.000000000000000000e+00
1.000000000000000000e+00 5.530000000000000000e+02 4.400000000000000022e-01 0.000000000000000000e+00 -3.519052390459315172e-01 3.650425219059599130e-02 6.030970487160870752e-06 0.000000000000000000e+00 0.000000000000000000e+00 7.810000000000000000e+02 0.000000000000000000e+00 0.000000000000000000e+00 1.000000000000000000e+00
1.000000000000000000e+00 5.530000000000000000e+02 4.500000000000000111e-01 0.000000000000000000e+00 -3.602752294535912503e-01 5.786913258639386076e-02 1.294043496345492414e-04 0.000000000000000000e+00 0.000000000000000000e+00 7.810000000000000000e+02 0.000000000000000000e+00 0.000000000000000000e+00 1.000000000000000000e+00
1.000000000000000000e+00 5.530000000000000000e+02 4.600000000000000200e-01 0.000000000000000000e+00 -3.688103975018594549e-01 7.591452584465523123e-02 5.254639459401824059e-04 0.000000000000000000e+00 0.000000000000000000e+00 7.810000000000000000e+02 0.000000000000000000e+00 0.000000000000000000e+00 1.000000000000000000e+00
1.000000000000000000e+00 5.530000000000000000e+02 4.700000000000000289e-01 0.000000000000000000e+00 -3.775146853522688972e-01 9.067377451652826326e-02 1.169916768645656684e-03 0.000000000000000000e+00 0.000000000000000000e+00 7.810000000000000000e+02 0.000000000000000000e+00 0.000000000000000000e+00 1.000000000000000000e+00
1.000000000000000000e+00 5.530000000000000000e+02 4.800000000000000377e-01 0.000000000000000000e+00 -3.863921132781800716e-01 1.021741493296002418e-01 1.937517341031355644e-03 0.000000000000000000e+00 0.000000000000000000e+00 7.810000000000000000e+02 0.000000000000000000e+00 0.000000000000000000e+00 1.000000000000000000e+00
1.000000000000000000e+00 5.530000000000000000e+02 4.899999999999999911e-01 0.000000000000000000e+00 -3.954467815216363702e-01 1.104368995761386418e-01 2.692981005670251268e-03 0.000000000000000000e+00 0.000000000000000000e+00 7.810000000000000000e+02 0.000000000000000000e+00 0.000000000000000000e+00 1.000000000000000000e+00
1.000000000000000000e+00 5.530000000000000000e+02 5.000000000000000000e-01 0.000000000000000000e+00 -4.046828721871534862e-01 1.154772923755005981e-01 3.322467645184797036e-03 0.000000000000000000e+00 0.000000000000000000e+00 7.810000000000000000e+02 0.000000000000000000e+00 0.000000000000000000e+00 1.000000000000000000e+00
1.000000000000000000e+00 5.530000000000000000e+02 5.100000000000000089e-01 0.000000000000000000e+00 -4.141046511733204594e-01 1.173046408832552068e-01 3.739430251211310618e-03 0.000000000000000000e+00 0.000000000000000000e+00 7.810000000000000000e+02 0.000000000000000000e+00 0.000000000000000000e+00 1.000000000000000000e+00
1.000000000000000000e+00 5.530000000000000000e+02 5.200000000000000178e-01 0.000000000000000000e+00 -4.237164701431013758e-01 1.159223214991413203e-01 3.883893098711063002e-03 0.000000000000000000e+00 0.000000000000000000e+00 7.810000000000000000e+02 0.000000000000000000e+00 0.000000000000000000e+00 1.000000000000000000e+00
1.000000000000000000e+00 5.530000000000000000e+02 5.300000000000000266e-01 0.000000000000000000e+00 -4.335227685337499914e-01 1.113277801056560684e-01 3.722405934814494721e-03 0.000000000000000000e+00 0.000000000000000000e+00 7.810000000000000000e+02 0.000000000000000000e+00 0.000000000000000000e+00 1.000000000000000000e+00
1.000000000000000000e+00 5.530000000000000000e+02 5.400000000000000355e-01 0.000000000000000000e+00 -4.435280756072649266e-01 1.035125273488007730e-01 3.251931790179869025e-03 0.000000000000000000e+00 0.000000000000000000e+00 7.810000000000000000e+02 0.000000000000000000e+00 0.000000000000000000e+00 1.000000000000000000e+00
1.000000000000000000e+00 5.530000000000000000e+02 5.500000000000000444e-01 0.000000000000000000e+00 -4.537370125423319522e-01 9.246212295226489963e-02 2.510447082462998955e-03 0.000000000000000000e+00 0.000000000000000000e+00 7.810000000000000000e+02 0.000000000000000000e+00 0.000000000000000000e+00 1.000000000000000000e+00
1.000000000000000000e+00 5.530000000000000000e+02 5.600000000000000533e-01 0.000000000000000000e+00 -4.641542945687217592e-01 7.815614903606514507e-02 1.597629507797352494e-03 0.000000000000000000e+00 0.000000000000000000e+00 7.810000000000000000e+02 0.000000000000000000e+00 0.000000000000000000e+00 1.000000000000000000e+00
1.000000000000000000e+00 5.530000000000000000e+02 5.700000000000000622e-01 0.000000000000000000e+00 -4.747847331451239827e-01 6.056817239034020112e-02 7.056462810522481921e-04 0.000000000000000000e+00 0.000000000000000000e+00 7.810000000000000000e+02 0.000000000000000000e+00 0.000000000000000000e+00 1.000000000000000000e+00
1.000000000000000000e+00 5.530000000000000000e+02 5.800000000000000711e-01 0.000000000000000000e+00 -4.856332381814309485e-01 3.966569563459465542e-02 1.236048776866497355e-04 1.000000000000000000e+00 0.000000000000000000e+00 7.810000000000000000e+02 0.000000000000000000e+00 0.000000000000000000e+00 1.000000000000000000e+00
1.000000000000000000e+00 5.530000000000000000e+02 5.899999999999999689e-01 0.000000000000000000e+00 -4.937592508420226567e-01 6.115023720433907656e-02 9.154475206215803573e-04 0.000000000000000000e+00 0.000000000000000000e+00 7.810000000000000000e+02 0.000000000000000000e+00 0.000000000000000000e+00 1.000000000000000000e+00
1.000000000000000000e+00 5.530000000000000000e+02 5.999999999999999778e-01 0.000000000000000000e+00 -5.021120937751751834e-01 7.791518926423095237e-02 2.284605600905129791e-03 0.000000000000000000e+00 0.000000000000000000e+00 7.810000000000000000e+02 0.000000000000000000e+00 0.000000000000000000e+00 1.000000000000000000e+00
1.000000000000000000e+00 5.530000000000000000e+02 6.099999999999999867e-01 0.000000000000000000e+00 -5.106956249314187346e-01 8.999152848867982002e-02 3.777087853050725696e-03 0.000000000000000000e+00 0.000000000000000000e+00 7.810000000000000000e+02 0.000000000000000000e+00 0.000000000000000000e+00 1.000000000000000000e+00
1.000000000000000000e+00 5.530000000000000000e+02 6.199999999999999956e-01 0.000000000000000000e+00 -5.195138088098876228e-01 9.740156838188651633e-02 5.026142609965655178e-03 0.000000000000000000e+00 0.000000000000000000e+00 7.810000000000000000e+02 0.000000000000000000e+00 0.000000000000000000e+00 1.000000000000000000e+00
1.000000000000000000e+00 5.530000000000000000e+02 6.300000000000000044e-01 0.000000000000000000e+00 -5.285707182894141543e-01 1.001590005066013006e-01 5.791089955004744688e-03 0.000000000000000000e+00 0.000000000000000000e+00 7.810000000000000000e+02 0.000000000000000000e+00 0.000000000000000000e+00 1.000000000000000000e+00
1.000000000000000000e+00 5.530000000000000000e+02 6.400000000000000133e-01 0.000000000000000000e+00 -5.378705365096798641e-01 9.826891978208367184e-02 5.927603115125492511e-03 0.000000000000000000e+00 0.000000000000000000e+00 7.810000000000000000e+02 0.000000000000000000e+00 0.000000000000000000e+00 1.000000000000000000e+00
1.000000000000000000e+00 5.530000000000000000e+02 6.500000000000000222e-01 0.000000000000000000e+00 -5.474175588032947903e-01 9.172783389800655274e-02 5.371379804683974746e-03 0.000000000000000000e+00 0.000000000000000000e+00 7.810000000000000000e+02 0.000000000000000000e+00 0.000000000000000000e+00 1.000000000000000000e+00
1.000000000000000000e+00 5.530000000000000000e+02 6.600000000000000311e-01 0.000000000000000000e+00 -5.572161946796936327e-01 8.052365686169947467e-02 4.151680829571954140e-03 0.000000000000000000e+00 0.000000000000000000e+00 7.810000000000000000e+02 0.000000000000000000e+00 0.000000000000000000e+00 1.000000000000000000e+00
1.000000000000000000e+00 5.530000000000000000e+02 6.700000000000000400e-01 0.000000000000000000e+00 -5.672709698617683927e-01 6.463568666680778729e-02 2.455117334512041047e-03 0.000000000000000000e+00 0.000000000000000000e+00 7.810000000000000000e+02 0.000000000000000000e+00 0.000000000000000000e+00 1.000000000000000000e+00
1.000000000000000000e+00 5.530000000000000000e+02 6.800000000000000488e-01 0.000000000000000000e+00 -5.775865283761767444e-01 4.403456704210575307e-02 7.784778937113953287e-04 1.000000000000000000e+00 0.000000000000000000e+00 7.810000000000000000e+02 0.000000000000000000e+00 0.000000000000000000e+00 1.000000000000000000e+00
1.000000000000000000e+00 5.530000000000000000e+02 6.900000000000000577e-01 0.000000000000000000e+00 -5.853622587002048627e-01 6.392661032381412312e-02 2.856321154130227885e-03 0.000000000000000000e+00 0.000000000000000000e+00 7.810000000000000000e+02 0.000000000000000000e+00 0.000000000000000000e+00 1.000000000000000000e+00
1.000000000000000000e+00 5.530000000000000000e+02 7.000000000000000666e-01 0.000000000000000000e+00 -5.934071282298812866e-01 7.721610389955628484e-02 5.100595231951488701e-03 0.000000000000000000e+00 0.000000000000000000e+00 7.810000000000000000e+02 0.000000000000000000e+00 0.000000000000000000e+00 1.000000000000000000e+00
1.000000000000000000e+00 5.530000000000000000e+02 7.100000000000000755e-01 0.000000000000000000e+00 -6.017248526712140055e-01 8.392760282407341066e-02 6.686253523435825574e-03 0.000000000000000000e+00 0.000000000000000000e+00 7.810000000000000000e+02 0.000000000000000000e+00 0.000000000000000000e+00 1.000000000000000000e+00
1.000000000000000000e+00 5.530000000000000000e+02 7.199999999999999734e-01 0.000000000000000000e+00 -6.103192737544587132e-01 8.407350796294756068e-02 7.190922825220841946e-03 0.000000000000000000e+00 0.000000000000000000e+00 7.810000000000000000e+02 0.000000000000000000e+00 0.000000000000000000e+00 1.000000000000000000e+00
1.000000000000000000e+00 5.530000000000000000e+02 7.299999999999999822e-01 0.000000000000000000e+00 -6.191943610085103300e-01 7.765408890573474721e-02 6.437730804522635158e-03 0.000000000000000000e+00 0.000000000000000000e+00 7.810000000000000000e+02 0.000000000000000000e+00 0.000000000000000000e+00 1.000000000000000000e+00
1.000000000000000000e+00 5.530000000000000000e+02 7.399999999999999911e-01 0.000000000000000000e+00 -6.283542135943196438e-01 6.465748446408656203e-02 4.482618779765894929e-03 0.000000000000000000e+00 0.000000000000000000e+00 7.810000000000000000e+02 0.000000000000000000e+00 0.000000000000000000e+00 1.000000000000000000e+00
1.000000000000000000e+00 5.530000000000000000e+02 7.500000000000000000e-01 0.000000000000000000e+00 -6.378030621981836124e-01 4.505968075578131032e-02 1.832636083527173360e-03 1.000000000000000000e+00 0.000000000000000000e+00 7.810000000000000000e+02 0.000000000000000000e+00 0.000000000000000000e+00 1.000000000000000000e+00
1.000000000000000000e+00 5.530000000000000000e+02 7.600000000000000089e-01 0.000000000000000000e+00 -6.449946359587478417e-01 6.419924720560570008e-02 5.150546403275158697e-03 0.000000000000000000e+00 0.000000000000000000e+00 7.810000000000000000e+02 0.000000000000000000e+00 0.000000000000000000e+00 1.000000000000000000e+00
1.000000000000000000e+00 5.530000000000000000e+02 7.700000000000000178e-01 0.000000000000000000e+00 -6.524828914949950542e-01 7.568150118024644102e-02 8.002382335351235221e-03 0.000000000000000000e+00 0.000000000000000000e+00 7.810000000000000000e+02 0.000000000000000000e+00 0.000000000000000000e+00 1.000000000000000000e+00
1.000000000000000000e+00 5.530000000000000000e+02 7.800000000000000266e-01 0.000000000000000000e+00 -6.602712874280969313e-01 7.952765849001956766e-02 9.453655856690959536e-03 0.000000000000000000e+00 0.000000000000000000e+00 7.810000000000000000e+02 0.000000000000000000e+00 0.000000000000000000e+00 1.000000000000000000e+00
1.000000000000000000e+00 5.530000000000000000e+02 7.900000000000000355e-01 0.000000000000000000e+00 -6.683634210058965186e-01 7.574482569641639851e-02 9.117014137914505878e-03 0.000000000000000000e+00 0.000000000000000000e+00 7.810000000000000000e+02 0.000000000000000000e+00 0.000000000000000000e+00 1.000000000000000000e+00
1.000000000000000000e+00 5.530000000000000000e+02 8.000000000000000444e-01 0.000000000000000000e+00 -6.767630297643771886e-01 6.432601324292794298e-02 6.915290835460160407e-03 0.000000000000000000e+00 0.000000000000000000e+00 7.810000000000000000e+02 0.000000000000000000e+00 0.000000000000000000e+00 1.000000000000000000e+00
1.000000000000000000e+00 5.530000000000000000e+02 8.100000000000000533e-01 0.000000000000000000e+00 -6.854739932539298808e-01 4.525012254041112236e-02 3.266140081000762363e-03 1.000000000000000000e+00 0.000000000000000000e+00 7.810000000000000000e+02 0.000000000000000000e+00 0.000000000000000000e+00 1.000000000000000000e+00
1.000000000000000000e+00 5.530000000000000000e+02 8.200000000000000622e-01 0.000000000000000000e+00 -6.923102148531319333e-01 6.225831241994911336e-02 7.406113992774823046e-03 0.000000000000000000e+00 0.000000000000000000e+00 7.810000000000000000e+02 0.000000000000000000e+00 0.000000000000000000e+00 1.000000000000000000e+00
1.000000000000000000e+00 5.530000000000000000e+02 8.300000000000000711e-01 0.000000000000000000e+00 -6.994649720045271746e-01 6.789664711887978543e-02 9.419541795584678023e-03 0.000000000000000000e+00 0.000000000000000000e+00 7.810000000000000000e+02 0.000000000000000000e+00 0.000000000000000000e+00 1.000000000000000000e+00
1.000000000000000000e+00 5.530000000000000000e+02 8.400000000000000799e-01 0.000000000000000000e+00 -7.069415692954718056e-01 6.217554461260541010e-02 8.410834515583758692e-03 0.000000000000000000e+00 0.000000000000000000e+00 7.810000000000000000e+02 0.000000000000000000e+00 0.000000000000000000e+00 1.000000000000000000e+00
1.000000000000000000e+00 5.530000000000000000e+02 8.499999999999999778e-01 0.000000000000000000e+00 -7.147434599625133167e-01 4.508443399528819229e-02 4.495153129319241075e-03 1.000000000000000000e+00 0.000000000000000000e+00 7.810000000000000000e+02 0.000000000000000000e+00 0.000000000000000000e+00 1.000000000000000000e+00
1.000000000000000000e+00 5.530000000000000000e+02 8.599999999999999867e-01 0.000000000000000000e+00 -7.214611676140503249e-01 5.625649219100496007e-02 7.817661617307257449e-03 0.000000000000000000e+00 0.000000000000000000e+00 7.810000000000000000e+02 0.000000000000000000e+00 0.000000000000000000e+00 1.000000000000000000e+00
1.000000000000000000e+00 5.530000000000000000e+02 8.699999999999999956e-01 0.000000000000000000e+00 -7.285108748484786512e-01 4.490608139956488165e-02 5.175166922386519736e-03 1.000000000000000000e+00 0.000000000000000000e+00 7.810000000000000000e+02 0.000000000000000000e+00 0.000000000000000000e+00 1.000000000000000000e+00
1.000000000000000000e+00 5.530000000000000000e+02 8.800000000000000044e-01 0.000000000000000000e+00 -7.349084518796120680e-01 5.604186585655372005e-02 8.778910030725478597e-03 0.000000000000000000e+00 0.000000000000000000e+00 7.810000000000000000e+02 0.000000000000000000e+00 0.000000000000000000e+00 1.000000000000000000e+00
1.000000000000000000e+00 5.530000000000000000e+02 8.900000000000000133e-01 0.000000000000000000e+00 -7.416442394277913408e-01 4.465370414517136344e-02 5.883333100646998687e-03 1.000000000000000000e+00 0.000000000000000000e+00 7.810000000000000000e+02 0.000000000000000000e+00 0.000000000000000000e+00 1.000000000000000000e+00
1.000000000000000000e+00 5.530000000000000000e+02 9.000000000000000222e-01 0.000000000000000000e+00 -7.476990990698715311e-01 5.574744089773951000e-02 9.757034167009511622e-03 0.000000000000000000e+00 0.000000000000000000e+00 7.810000000000000000e+02 0.000000000000000000e+00 0.000000000000000000e+00 1.000000000000000000e+00
1.000000000000000000e+00 5.530000000000000000e+02 9.100000000000000311e-01 0.000000000000000000e+00 -7.540980768803809964e-01 4.431520508093916150e-02 6.602480490107375671e-03 1.000000000000000000e+00 0.000000000000000000e+00 7.810000000000000000e+02 0.000000000000000000e+00 0.000000000000000000e+00 1.000000000000000000e+00
1.000000000000000000e+00 5.530000000000000000e+02 9.200000000000000400e-01 0.000000000000000000e+00 -7.600550363088471872e-01 4.410877050758901796e-02 6.959428783482053682e-03 1.000000000000000000e+00 0.000000000000000000e+00 7.810000000000000000e+02 0.000000000000000000e+00 0.000000000000000000e+00 1.000000000000000000e+00
1.000000000000000000e+00 5.530000000000000000e+02 9.300000000000000488e-01 0.000000000000000000e+00 -7.658234771400574958e-01 4.387435899528862454e-02 7.310348812694544840e-03 1.000000000000000000e+00 0.000000000000000000e+00 7.810000000000000000e+02 0.000000000000000000e+00 0.000000000000000000e+00 1.000000000000000000e+00
1.000000000000000000e+00 5.530000000000000000e+02 9.400000000000000577e-01 0.000000000000000000e+00 -7.713966653197346091e-01 4.360916990853469510e-02 7.651580319313996958e-03 1.000000000000000000e+00 0.000000000000000000e+00 7.810000000000000000e+02 0.000000000000000000e+00 0.000000000000000000e+00 1.000000000000000000e+00
1.000000000000000000e+00 5.530000000000000000e+02 9.500000000000000666e-01 0.000000000000000000e+00 -7.767675856877216400e-01 4.331003489623323072e-02 7.979086211931381983e-03 1.000000000000000000e+00 0.000000000000000000e+00 7.810000000000000000e+02 0.000000000000000000e+00 0.000000000000000000e+00 1.000000000000000000e+00
1.000000000000000000e+00 5.530000000000000000e+02 9.600000000000000755e-01 0.000000000000000000e+00 -7.819289232223529673e-01 4.297338003777129156e-02 8.288442000940421384e-03 1.000000000000000000e+00 0.000000000000000000e+00 7.810000000000000000e+02 0.000000000000000000e+00 0.000000000000000000e+00 1.000000000000000000e+00
1.000000000000000000e+00 5.530000000000000000e+02 9.699999999999999734e-01 0.000000000000000000e+00 -7.868730433601034413e-01 4.259518314354006352e-02 8.574827874534549088e-03 1.000000000000000000e+00 0.000000000000000000e+00 7.810000000000000000e+02 0.000000000000000000e+00 0.000000000000000000e+00 1.000000000000000000e+00
1.000000000000000000e+00 5.530000000000000000e+02 9.799999999999999822e-01 0.000000000000000000e+00 -7.915919713316890149e-01 4.217092569975661176e-02 8.833024243644835294e-03 1.000000000000000000e+00 0.000000000000000000e+00 7.810000000000000000e+02 0.000000000000000000e+00 0.000000000000000000e+00 1.000000000000000000e+00
1.000000000000000000e+00 5.530000000000000000e+02 9.899999999999999911e-01 0.000000000000000000e+00 -7.960773704526228345e-01 4.169553888344406517e-02 9.057411887186107152e-03 1.000000000000000000e+00 0.000000000000000000e+00 7.810000000000000000e+02 0.000000000000000000e+00 0.000000000000000000e+00 1.000000000000000000e+00
1.000000000000000000e+00 5.530000000000000000e+02 1.000000000000000000e+00 0.000000000000000000e+00 -8.003205193032911779e-01 4.116334300258354256e-02 9.241978261607899925e-03 1.000000000000000000e+00 0.000000000000000000e+00 7.810000000000000000e+02 0.000000000000000000e+00 0.000000000000000000e+00 1.000000000000000000e+00
1.000000000000000000e+00 5.530000000000000000e+02 1.010000000000000009e+00 0.000000000000000000e+00 -8.043122877301970286e-01 4.056797963789771089e-02 9.380332158451538255e-03 1.000000000000000000e+00 0.000000000000000000e+00 7.810000000000000000e+02 0.000000000000000000e+00 0.000000000000000000e+00 1.000000000000000000e+00
1.000000000000000000e+00 5.530000000000000000e+02 1.020000000000000018e+00 0.000000000000000000e+00 -8.080431115965639455e-01 3.990233567552914362e-02 9.465729787652008703e-03 1.000000000000000000e+00 0.000000000000000000e+00 7.810000000000000000e+02 0.000000000000000000e+00 0.000000000000000000e+00 1.000000000000000000e+00
1.000000000000000000e+00 5.530000000000000000e+02 1.030000000000000027e+00 0.000000000000000000e+00 -8.115029662067192451e-01 3.915845832299229279e-02 9.491116665222534138e-03 1.000000000000000000e+00 0.000000000000000000e+00 7.810000000000000000e+02 0.000000000000000000e+00 0.000000000000000000e+00 1.000000000000000000e+00
1.000000000000000000e+00 5.530000000000000000e+02 1.040000000000000036e+00 0.000000000000000000e+00 -8.146813383247598628e-01 3.832746009305094265e-02 9.449191595996608850e-03 1.000000000000000000e+00 0.000000000000000000e+00 7.810000000000000000e+02 0.000000000000000000e+00 0.000000000000000000e+00 1.000000000000000000e+00
1.000000000000000000e+00 5.530000000000000000e+02 1.050000000000000044e+00 0.000000000000000000e+00 -8.175671967037678733e-01 3.739941262031429292e-02 9.332501884540544967e-03 1.000000000000000000e+00 0.000000000000000000e+00 7.810000000000000000e+02 0.000000000000000000e+00 0.000000000000000000e+00 1.000000000000000000e+00
1.000000000000000000e+00 5.530000000000000000e+02 1.060000000000000053e+00 0.000000000000000000e+00 -8.201489610374512740e-01 3.636322804192371888e-02 9.133583186685317185e-03 1.000000000000000000e+00 0.000000000000000000e+00 7.810000000000000000e+02 0.000000000000000000e+00 0.000000000000000000e+00 1.000000000000000000e+00
1.000000000000000000e+00 5.530000000000000000e+02 1.070000000000000062e+00 0.000000000000000000e+00 -8.224144692413438706e-01 3.520652652512396008e-02 8.845163945858072058e-03 1.000000000000000000e+00 0.000000000000000000e+00 7.810000000000000000e+02 0.000000000000000000e+00 0.000000000000000000e+00 1.000000000000000000e+00
1.000000000000000000e+00 5.530000000000000000e+02 1.080000000000000071e+00 0.000000000000000000e+00 -8.243509429657126519e-01 3.391548835900216191e-02 8.460464474754000874e-03 1.000000000000000000e+00 0.000000000000000000e+00 7.810000000000000000e+02 0.000000000000000000e+00 0.000000000000000000e+00 1.000000000000000000e+00
1.000000000000000000e+00 5.530000000000000000e+02 1.090000000000000080e+00 0.000000000000000000e+00 -8.259449512370840019e-01 3.247468884325826338e-02 7.973636648629482682e-03 1.000000000000000000e+00 0.000000000000000000e+00 7.810000000000000000e+02 0.000000000000000000e+00 0.000000000000000000e+00 1.000000000000000000e+00
1.000000000000000000e+00 5.530000000000000000e+02 1.100000000000000089e+00 0.000000000000000000e+00 -8.271823721196626122e-01 3.086691400133756077e-02 7.380415554377801890e-03 1.000000000000000000e+00 0.000000000000000000e+00 7.810000000000000000e+02 0.000000000000000000e+00 0.000000000000000000e+00 1.000000000000000000e+00
1.000000000000000000e+00 5.530000000000000000e+02 1.110000000000000098e+00 0.000000000000000000e+00 -8.280483522820749620e-01 2.907295491615503880e-02 6.679095447497691157e-03 1.000000000000000000e+00 0.000000000000000000e+00 7.810000000000000000e+02 0.000000000000000000e+00 0.000000000000000000e+00 1.000000000000000000e+00
1.000000000000000000e+00 5.530000000000000000e+02 1.120000000000000107e+00 0.000000000000000000e+00 -8.285272643485691590e-01 2.707137823123399734e-02 5.872009119276218325e-03 1.000000000000000000e+00 1.000000000000000000e+00 7.810000000000000000e+02 0.000000000000000000e+00 0.000000000000000000e+00 1.000000000000000000e+00
1.000000000000000000e+00 5.530000000000000000e+02 1.130000000000000115e+00 0.000000000000000000e+00 -8.350373628620100241e-01 2.799135833663826678e-02 6.791690818517381878e-03 1.000000000000000000e+00 0.000000000000000000e+00 7.810000000000000000e+02 0.000000000000000000e+00 0.000000000000000000e+00 1.000000000000000000e+00
1.000000000000000000e+00 5.530000000000000000e+02 1.140000000000000124e+00 0.000000000000000000e+00 -8.411458392944380913e-01 2.862919008214977537e-02 7.625806701090465795e-03 1.000000000000000000e+00 0.000000000000000000e+00 7.810000000000000000e+02 0.000000000000000000e+00 0.000000000000000000e+00 1.000000000000000000e+00
1.000000000000000000e+00 5.530000000000000000e+02 1.150000000000000133e+00 0.000000000000000000e+00 -8.468537267999753926e-01 2.899249397332330155e-02 8.349096539619689505e-03 1.000000000000000000e+00 0.000000000000000000e+00 7.810000000000000000e+02 0.000000000000000000e+00 0.000000000000000000e+00 1.000000000000000000e+00
1.000000000000000000e+00 5.530000000000000000e+02 1.160000000000000142e+00 0.000000000000000000e+00 -8.521612038948536139e-01 2.908561058953619896e-02 8.938830501972947623e-03 1.000000000000000000e+00 0.000000000000000000e+00 7.810000000000000000e+02 0.000000000000000000e+00 0.000000000000000000e+00 1.000000000000000000e+00
1.000000000000000000e+00 5.530000000000000000e+02 1.169999999999999929e+00 0.000000000000000000e+00 -8.570675965080798431e-01 2.890965244313372165e-02 9.374031143363291407e-03 1.000000000000000000e+00 0.000000000000000000e+00 7.810000000000000000e+02 0.000000000000000000e+00 0.000000000000000000e+00 1.000000000000000000e+00
1.000000000000000000e+00 5.530000000000000000e+02 1.179999999999999938e+00 0.000000000000000000e+00 -8.615713774538715786e-01 2.846251727118916455e-02 9.634927384242718967e-03 1.000000000000000000e+00 0.000000000000000000e+00 7.810000000000000000e+02 0.000000000000000000e+00 0.000000000000000000e+00 1.000000000000000000e+00
1.000000000000000000e+00 5.530000000000000000e+02 1.189999999999999947e+00 0.000000000000000000e+00 -8.656701633241865590e-01 2.773886291868197726e-02 9.702643060613642956e-03 1.000000000000000000e+00 0.000000000000000000e+00 7.810000000000000000e+02 0.000000000000000000e+00 0.000000000000000000e+00 1.000000000000000000e+00
1.000000000000000000e+00 5.530000000000000000e+02 1.199999999999999956e+00 0.000000000000000000e+00 -8.693607087918313603e-01 2.673004351301042428e-02 9.559161136012114812e-03 1.000000000000000000e+00 0.000000000000000000e+00 7.810000000000000000e+02 0.000000000000000000e+00 0.000000000000000000e+00 1.000000000000000000e+00
1.000000000000000000e+00 5.530000000000000000e+02 1.209999999999999964e+00 0.000000000000000000e+00 -8.726388983071304839e-01 2.542400616728261731e-02 9.187673683325361940e-03 1.000000000000000000e+00 0.000000000000000000e+00 7.810000000000000000e+02 0.000000000000000000e+00 0.000000000000000000e+00 1.000000000000000000e+00
1.000000000000000000e+00 5.530000000000000000e+02 1.219999999999999973e+00 0.000000000000000000e+00 -8.754997351631045310e-01 2.380514697824675369e-02 8.573556473926775834e-03 1.000000000000000000e+00 0.000000000000000000e+00 7.810000000000000000e+02 0.000000000000000000e+00 0.000000000000000000e+00 1.000000000000000000e+00
1.000000000000000000e+00 5.530000000000000000e+02 1.229999999999999982e+00 0.000000000000000000e+00 -8.779373278965137972e-01 2.185412459839341029e-02 7.706464144133090555e-03 1.000000000000000000e+00 0.000000000000000000e+00 7.810000000000000000e+02 0.000000000000000000e+00 0.000000000000000000e+00 1.000000000000000000e+00
1.000000000000000000e+00 5.530000000000000000e+02 1.239999999999999991e+00 0.000000000000000000e+00 -8.799448739839265121e-01 1.954762915487943259e-02 6.584589399528228276e-03 1.000000000000000000e+00 0.000000000000000000e+00 7.810000000000000000e+02 0.000000000000000000e+00 0.000000000000000000e+00 1.000000000000000000e+00
1.000000000000000000e+00 5.530000000000000000e+02 1.250000000000000000e+00 0.000000000000000000e+00 -8.815146407841225606e-01 1.685810375442832812e-02 5.223364568683979553e-03 1.000000000000000000e+00 1.000000000000000000e+00 7.810000000000000000e+02 0.000000000000000000e+00 0.000000000000000000e+00 1.000000000000000000e+00
1.000000000000000000e+00 5.530000000000000000e+02 1.260000000000000009e+00 0.000000000000000000e+00 -8.776983438730172615e-01 1.867185753655035280e-02 5.891010828181622583e-03 1.000000000000000000e+00 0.000000000000000000e+00 7.810000000000000000e+02 0.000000000000000000e+00 0.000000000000000000e+00 1.000000000000000000e+00
1.000000000000000000e+00 5.530000000000000000e+02 1.270000000000000018e+00 0.000000000000000000e+00 -8.734111787021148210e-01 1.997202774715498355e-02 6.217755818700949205e-03 1.000000000000000000e+00 0.000000000000000000e+00 7.810000000000000000e+02 0.000000000000000000e+00 0.000000000000000000e+00 1.000000000000000000e+00
1.000000000000000000e+00 5.530000000000000000e+02 1.280000000000000027e+00 0.000000000000000000e+00 -8.686276924984320802e-01 2.077414819179800726e-02 6.219242814990266072e-03 1.000000000000000000e+00 0.000000000000000000e+00 7.810000000000000000e+02 0.000000000000000000e+00 0.000000000000000000e+00 1.000000000000000000e+00
1.000000000000000000e+00 5.530000000000000000e+02 1.290000000000000036e+00 0.000000000000000000e+00 -8.633213091998741540e-01 2.108780221804254507e-02 5.922753149267667022e-03 1.000000000000000000e+00 0.000000000000000000e+00 7.810000000000000000e+02 0.000000000000000000e+00 0.000000000000000000e+00 1.000000000000000000e+00
1.000000000000000000e+00 5.530000000000000000e+02 1.300000000000000044e+00 0.000000000000000000e+00 -8.574642512061309008e-01 2.091673721266590347e-02 5.364735484535660542e-03 1.000000000000000000e+00 0.000000000000000000e+00 7.810000000000000000e+02 0.000000000000000000e+00 0.000000000000000000e+00 1.000000000000000000e+00
1.000000000000000000e+00 5.530000000000000000e+02 1.310000000000000053e+00 0.000000000000000000e+00 -8.510274575081996362e-01 2.025890937362642696e-02 4.591549936183715944e-03 1.000000000000000000e+00 0.000000000000000000e+00 7.810000000000000000e+02 0.000000000000000000e+00 0.000000000000000000e+00 1.000000000000000000e+00
1.000000000000000000e+00 5.530000000000000000e+02 1.320000000000000062e+00 0.000000000000000000e+00 -8.439804979520736383e-01 1.910645929170410456e-02 3.662327954158613175e-03 1.000000000000000000e+00 0.000000000000000000e+00 7.810000000000000000e+02 0.000000000000000000e+00 0.000000000000000000e+00 1.000000000000000000e+00
1.000000000000000000e+00 5.530000000000000000e+02 1.330000000000000071e+00 0.000000000000000000e+00 -8.362914833805954462e-01 1.744561805007607824e-02 2.653461458572418941e-03 1.000000000000000000e+00 0.000000000000000000e+00 7.810000000000000000e+02 0.000000000000000000e+00 0.000000000000000000e+00 1.000000000000000000e+00
1.000000000000000000e+00 5.530000000000000000e+02 1.340000000000000080e+00 0.000000000000000000e+00 -8.279269713851978851e-01 1.525654271995035768e-02 1.663801398257275591e-03 1.000000000000000000e+00 1.000000000000000000e+00 7.810000000000000000e+02 0.000000000000000000e+00 0.000000000000000000e+00 1.000000000000000000e+00
1.000000000000000000e+00 5.530000000000000000e+02 1.350000000000000089e+00 0.000000000000000000e+00 -8.072698382216885182e-01 1.588821872290086326e-02 1.237341309592115274e-03 1.000000000000000000e+00 0.000000000000000000e+00 7.810000000000000000e+02 0.000000000000000000e+00 0.000000000000000000e+00 1.000000000000000000e+00
1.000000000000000000e+00 5.530000000000000000e+02 1.360000000000000098e+00 0.000000000000000000e+00 -7.858306940882529013e-01 1.580647195586503198e-02 7.921871433685511582e-04 1.000000000000000000e+00 0.000000000000000000e+00 7.810000000000000000e+02 0.000000000000000000e+00 0.000000000000000000e+00 1.000000000000000000e+00
1.000000000000000000e+00 5.530000000000000000e+02 1.370000000000000107e+00 0.000000000000000000e+00 -7.635361516227829881e-01 1.501032574796270537e-02 4.151138282021903624e-04 1.000000000000000000e+00 0.000000000000000000e+00 7.810000000000000000e+02 0.000000000000000000e+00 0.000000000000000000e+00 1.000000000000000000e+00
1.000000000000000000e+00 5.530000000000000000e+02 1.380000000000000115e+00 0.000000000000000000e+00 -7.403106368184085850e-01 1.349026812892516365e-02 1.600674370804476380e-04 1.000000000000000000e+00 0.000000000000000000e+00 7.810000000000000000e+02 0.000000000000000000e+00 0.000000000000000000e+00 1.000000000000000000e+00
1.000000000000000000e+00 5.530000000000000000e+02 1.390000000000000124e+00 0.000000000000000000e+00 -7.160761642122993598e-01 1.122813818466965319e-02 3.591869310645196987e-05 1.000000000000000000e+00 0.000000000000000000e+00 7.810000000000000000e+02 0.000000000000000000e+00 0.000000000000000000e+00 1.000000000000000000e+00
1.000000000000000000e+00 5.530000000000000000e+02 1.400000000000000133e+00 0.000000000000000000e+00 -6.907521048411124909e-01 8.196909079471575640e-03 2.532040534246724113e-06 1.000000000000000000e+00 1.000000000000000000e+00 7.810000000000000000e+02 0.000000000000000000e+00 0.000000000000000000e+00 1.000000000000000000e+00
1.000000000000000000e+00 5.530000000000000000e+02 1.410000000000000142e+00 0.000000000000000000e+00 -7.186192071415776761e-01 1.114712903212647724e-02 3.747830900319940733e-05 1.000000000000000000e+00 0.000000000000000000e+00 7.810000000000000000e+02 0.000000000000000000e+00 0.000000000000000000e+00 1.000000000000000000e+00
1.000000000000000000e+00 5.530000000000000000e+02 1.419999999999999929e+00 0.000000000000000000e+00 -7.453888241341737331e-01 1.329951844396948420e-02 1.721283205326008033e-04 1.000000000000000000e+00 0.000000000000000000e+00 7.810000000000000000e+02 0.000000000000000000e+00 0.000000000000000000e+00 1.000000000000000000e+00
1.000000000000000000e+00 5.530000000000000000e+02 1.429999999999999938e+00 0.000000000000000000e+00 -7.711336639142222227e-01 1.467979302386026967e-02 4.566271465541635842e-04 1.000000000000000000e+00 0.000000000000000000e+00 7.810000000000000000e+02 0.000000000000000000e+00 0.000000000000000000e+00 1.000000000000000000e+00
1.000000000000000000e+00 5.530000000000000000e+02 1.439999999999999947e+00 0.000000000000000000e+00 -7.959237463592918616e-01 1.530444362565994143e-02 8.868802373082733392e-04 1.000000000000000000e+00 0.000000000000000000e+00 7.810000000000000000e+02 0.000000000000000000e+00 0.000000000000000000e+00 1.000000000000000000e+00
1.000000000000000000e+00 5.530000000000000000e+02 1.449999999999999956e+00 0.000000000000000000e+00 -8.198266126480415750e-01 1.518093327298611871e-02 1.403829219878687841e-03 1.000000000000000000e+00 0.000000000000000000e+00 7.810000000000000000e+02 0.000000000000000000e+00 0.000000000000000000e+00 1.000000000000000000e+00
1.000000000000000000e+00 5.530000000000000000e+02 1.459999999999999964e+00 0.000000000000000000e+00 -8.429075273446564598e-01 1.430778632381369229e-02 1.903591600008658694e-03 1.000000000000000000e+00 0.000000000000000000e+00 7.810000000000000000e+02 0.000000000000000000e+00 0.000000000000000000e+00 1.000000000000000000e+00
1.000000000000000000e+00 5.530000000000000000e+02 1.469999999999999973e+00 0.000000000000000000e+00 -8.652296736519011766e-01 1.267457084021680024e-02 2.245139393018395768e-03 1.000000000000000000e+00 1.000000000000000000e+00 7.810000000000000000e+02 0.000000000000000000e+00 0.000000000000000000e+00 1.000000000000000000e+00
1.000000000000000000e+00 5.530000000000000000e+02 1.479999999999999982e+00 0.000000000000000000e+00 -8.695203118279724031e-01 1.548776290345785234e-02 3.663752543499059280e-03 1.000000000000000000e+00 0.000000000000000000e+00 7.810000000000000000e+02 0.000000000000000000e+00 0.000000000000000000e+00 1.000000000000000000e+00
1.000000000000000000e+00 5.530000000000000000e+02 1.489999999999999991e+00 0.000000000000000000e+00 -8.731213182169783593e-01 1.777079471550779138e-02 5.032713435080701792e-03 1.000000000000000000e+00 0.000000000000000000e+00 7.810000000000000000e+02 0.000000000000000000e+00 0.000000000000000000e+00 1.000000000000000000e+00
1.000000000000000000e+00 5.530000000000000000e+02 1.500000000000000000e+00 0.000000000000000000e+00 -8.760388533066952865e-01 1.955094283750977505e-02 6.225048273408684968e-03 1.000000000000000000e+00 0.000000000000000000e+00 7.810000000000000000e+02 0.000000000000000000e+00 0.000000000000000000e+00 1.000000000000000000e+00
1.000000000000000000e+00 5.530000000000000000e+02 1.510000000000000009e+00 0.000000000000000000e+00 -8.782774110180192606e-01 2.084947561922461876e-02 7.164310231261919459e-03 1.000000000000000000e+00 0.000000000000000000e+00 7.810000000000000000e+02 0.000000000000000000e+00 0.000000000000000000e+00 1.000000000000000000e+00
1.000000000000000000e+00 5.530000000000000000e+02 1.520000000000000018e+00 0.000000000000000000e+00 -8.798398323960048284e-01 2.168190730299879646e-02 7.804823501561995724e-03 1.000000000000000000e+00 0.000000000000000000e+00 7.810000000000000000e+02 0.000000000000000000e+00 0.000000000000000000e+00 1.000000000000000000e+00
1.000000000000000000e+00 5.530000000000000000e+02 1.530000000000000027e+00 0.000000000000000000e+00 -8.807273143310054841e-01 2.205818338043699298e-02 8.120449472798694363e-03 1.000000000000000000e+00 0.000000000000000000e+00 7.810000000000000000e+02 0.000000000000000000e+00 0.000000000000000000e+00 1.000000000000000000e+00
1.000000000000000000e+00 5.530000000000000000e+02 1.540000000000000036e+00 0.000000000000000000e+00 -8.809394133359144119e-01 2.198279941633107804e-02 8.098708982983548327e-03 1.000000000000000000e+00 0.000000000000000000e+00 7.810000000000000000e+02 0.000000000000000000e+00 0.000000000000000000e+00 1.000000000000000000e+00
1.000000000000000000e+00 5.530000000000000000e+02 1.550000000000000044e+00 0.000000000000000000e+00 -8.804740443907411729e-01 2.145485475949638482e-02 7.738402037211065954e-03 1.000000000000000000e+00 0.000000000000000000e+00 7.810000000000000000e+02 0.000000000000000000e+00 0.000000000000000000e+00 1.000000000000000000e+00
1.000000000000000000e+00 5.530000000000000000e+02 1.560000000000000053e+00 0.000000000000000000e+00 -8.793274748510511163e-01 2.046804178222646695e-02 7.049989166789345785e-03 1.000000000000000000e+00 0.000000000000000000e+00 7.810000000000000000e+02 0.000000000000000000e+00 0.000000000000000000e+00 1.000000000000000000e+00
1.000000000000000000e+00 5.530000000000000000e+02 1.570000000000000062e+00 0.000000000000000000e+00 -8.774943134021093716e-01 1.901057051980454757e-02 6.058906385183842475e-03 1.000000000000000000e+00 0.000000000000000000e+00 7.810000000000000000e+02 0.000000000000000000e+00 0.000000000000000000e+00 1.000000000000000000e+00
1.000000000000000000e+00 5.530000000000000000e+02 1.580000000000000071e+00 0.000000000000000000e+00 -8.749674940257279321e-01 1.706502780970084454e-02 4.812987671069609077e-03 1.000000000000000000e+00 0.000000000000000000e+00 7.810000000000000000e+02 0.000000000000000000e+00 0.000000000000000000e+00 1.000000000000000000e+00
1.000000000000000000e+00 5.530000000000000000e+02 1.590000000000000080e+00 0.000000000000000000e+00 -8.717382549319471208e-01 1.460816924751910141e-02 3.396605847306839732e-03 1.000000000000000000e+00 1.000000000000000000e+00 7.810000000000000000e+02 0.000000000000000000e+00 0.000000000000000000e+00 1.000000000000000000e+00
1.000000000000000000e+00 5.530000000000000000e+02 1.600000000000000089e+00 0.000000000000000000e+00 -8.782490602663308721e-01 1.717173557851923299e-02 5.126549408511916345e-03 1.000000000000000000e+00 0.000000000000000000e+00 7.810000000000000000e+02 0.000000000000000000e+00 0.000000000000000000e+00 1.000000000000000000e+00
1.000000000000000000e+00 5.530000000000000000e+02 1.610000000000000098e+00 0.000000000000000000e+00 -8.840659235603064436e-01 1.924372838279092904e-02 6.806132501686205927e-03 1.000000000000000000e+00 0.000000000000000000e+00 7.810000000000000000e+02 0.000000000000000000e+00 0.000000000000000000e+00 1.000000000000000000e+00
1.000000000000000000e+00 5.530000000000000000e+02 1.620000000000000107e+00 0.000000000000000000e+00 -8.892061094425994794e-01 2.084890282936669934e-02 8.318384265719448029e-03 1.000000000000000000e+00 0.000000000000000000e+00 7.810000000000000000e+02 0.000000000000000000e+00 0.000000000000000000e+00 1.000000000000000000e+00
1.000000000000000000e+00 5.530000000000000000e+02 1.630000000000000115e+00 0.000000000000000000e+00 -8.936852371688409624e-01 2.200643676706427049e-02 9.585944972313315687e-03 1.000000000000000000e+00 0.000000000000000000e+00 7.810000000000000000e+02 0.000000000000000000e+00 0.000000000000000000e+00 1.000000000000000000e+00
1.000000000000000000e+00 5.530000000000000000e+02 1.640000000000000124e+00 0.000000000000000000e+00 -8.975173270772349721e-01 2.273015985215922491e-02 1.055606761177516756e-02 1.000000000000000000e+00 0.000000000000000000e+00 7.810000000000000000e+02 0.000000000000000000e+00 0.000000000000000000e+00 1.000000000000000000e+00
1.000000000000000000e+00 5.530000000000000000e+02 1.650000000000000133e+00 0.000000000000000000e+00 -9.007148422352839745e-01 2.302871877843705797e-02 1.119144819522738601e-02 1.000000000000000000e+00 0.000000000000000000e+00 7.810000000000000000e+02 0.000000000000000000e+00 0.000000000000000000e+00 1.000000000000000000e+00
1.000000000000000000e+00 5.530000000000000000e+02 1.660000000000000142e+00 0.000000000000000000e+00 -9.032887254019384971e-01 2.290568058371321089e-02 1.146479685037887081e-02 1.000000000000000000e+00 0.000000000000000000e+00 7.810000000000000000e+02 0.000000000000000000e+00 0.000000000000000000e+00 1.000000000000000000e+00
1.000000000000000000e+00 5.530000000000000000e+02 1.670000000000000151e+00 0.000000000000000000e+00 -9.052484314154920497e-01 2.235957526707766513e-02 1.135587342272876415e-02 1.000000000000000000e+00 0.000000000000000000e+00 7.810000000000000000e+02 0.000000000000000000e+00 0.000000000000000000e+00 1.000000000000000000e+00
1.000000000000000000e+00 5.530000000000000000e+02 1.679999999999999938e+00 0.000000000000000000e+00 -9.066019551039160573e-01 2.138387822603420377e-02 1.085042949535356543e-02 1.000000000000000000e+00 0.000000000000000000e+00 7.810000000000000000e+02 0.000000000000000000e+00 0.000000000000000000e+00 1.000000000000000000e+00
1.000000000000000000e+00 5.530000000000000000e+02 1.689999999999999947e+00 0.000000000000000000e+00 -9.073558548009692526e-01 1.996693230370190017e-02 9.941151106364936457e-03 1.000000000000000000e+00 0.000000000000000000e+00 7.810000000000000000e+02 0.000000000000000000e+00 0.000000000000000000e+00 1.000000000000000000e+00
1.000000000000000000e+00 5.530000000000000000e+02 1.699999999999999956e+00 0.000000000000000000e+00 -9.075152715383001389e-01 1.809180851473631349e-02 8.631578454387934390e-03 1.000000000000000000e+00 0.000000000000000000e+00 7.810000000000000000e+02 0.000000000000000000e+00 0.000000000000000000e+00 1.000000000000000000e+00
1.000000000000000000e+00 5.530000000000000000e+02 1.709999999999999964e+00 0.000000000000000000e+00 -9.070839439708803242e-01 1.573610378599112070e-02 6.945724951285273119e-03 1.000000000000000000e+00 0.000000000000000000e+00 7.810000000000000000e+02 0.000000000000000000e+00 0.000000000000000000e+00 1.000000000000000000e+00
1.000000000000000000e+00 5.530000000000000000e+02 1.719999999999999973e+00 0.000000000000000000e+00 -9.060642190803288587e-01 1.287167329542321381e-02 4.950366576206090968e-03 1.000000000000000000e+00 0.000000000000000000e+00 7.810000000000000000e+02 0.000000000000000000e+00 0.000000000000000000e+00 1.000000000000000000e+00
1.000000000000000000e+00 5.530000000000000000e+02 1.729999999999999982e+00 0.000000000000000000e+00 -9.044570586881474084e-01 9.464294211355882280e-03 2.808252568525045414e-03 1.000000000000000000e+00 1.000000000000000000e+00 7.810000000000000000e+02 0.000000000000000000e+00 0.000000000000000000e+00 1.000000000000000000e+00
1.000000000000000000e+00 5.530000000000000000e+02 1.739999999999999991e+00 0.000000000000000000e+00 -8.897330672930648943e-01 2.314819532196712645e-02 9.833863746450923621e-03 0.000000000000000000e+00 0.000000000000000000e+00 7.810000000000000000e+02 0.000000000000000000e+00 0.000000000000000000e+00 1.000000000000000000e+00
1.000000000000000000e+00 5.530000000000000000e+02 1.750000000000000000e+00 0.000000000000000000e+00 -8.754187956858154873e-01 1.367428655661774226e-02 3.187410405329722807e-03 1.000000000000000000e+00 0.000000000000000000e+00 7.810000000000000000e+02 0.000000000000000000e+00 0.000000000000000000e+00 1.000000000000000000e+00
1.000000000000000000e+00 5.530000000000000000e+02 1.760000000000000009e+00 0.000000000000000000e+00 -8.599222434048232611e-01 1.457055904842261343e-02 2.730523596239355089e-03 1.000000000000000000e+00 0.000000000000000000e+00 7.810000000000000000e+02 0.000000000000000000e+00 0.000000000000000000e+00 1.000000000000000000e+00
1.000000000000000000e+00 5.530000000000000000e+02 1.770000000000000018e+00 0.000000000000000000e+00 -8.437202581619642761e-01 1.467847567126971155e-02 2.051587743387333143e-03 1.000000000000000000e+00 0.000000000000000000e+00 7.810000000000000000e+02 0.000000000000000000e+00 0.000000000000000000e+00 1.000000000000000000e+00
1.000000000000000000e+00 5.530000000000000000e+02 1.780000000000000027e+00 0.000000000000000000e+00 -8.267703343711299002e-01 1.399932576083360095e-02 1.309266237234416042e-03 1.000000000000000000e+00 0.000000000000000000e+00 7.810000000000000000e+02 0.000000000000000000e+00 0.000000000000000000e+00 1.000000000000000000e+00
1.000000000000000000e+00 5.530000000000000000e+02 1.790000000000000036e+00 0.000000000000000000e+00 -8.090281013985936021e-01 1.252499516208602746e-02 6.551358851578942960e-04 1.000000000000000000e+00 0.000000000000000000e+00 7.810000000000000000e+02 0.000000000000000000e+00 0.000000000000000000e+00 1.000000000000000000e+00
1.000000000000000000e+00 5.530000000000000000e+02 1.800000000000000044e+00 0.000000000000000000e+00 -7.904471903868851568e-01 1.023786928529165675e-02 2.127521059048982123e-04 1.000000000000000000e+00 0.000000000000000000e+00 7.810000000000000000e+02 0.000000000000000000e+00 0.000000000000000000e+00 1.000000000000000000e+00
1.000000000000000000e+00 5.530000000000000000e+02 1.810000000000000053e+00 0.000000000000000000e+00 -7.709790950787445141e-01 7.110622655399613523e-03 2.624074043865414884e-05 1.000000000000000000e+00 1.000000000000000000e+00 7.810000000000000000e+02 0.000000000000000000e+00 0.000000000000000000e+00 1.000000000000000000e+00
1.000000000000000000e+00 5.530000000000000000e+02 1.820000000000000062e+00 0.000000000000000000e+00 -7.784323751278718895e-01 1.099566553073237293e-02 1.983402747854220386e-04 1.000000000000000000e+00 0.000000000000000000e+00 7.810000000000000000e+02 0.000000000000000000e+00 0.000000000000000000e+00 1.000000000000000000e+00
1.000000000000000000e+00 5.530000000000000000e+02 1.830000000000000071e+00 0.000000000000000000e+00 -7.849776074182226449e-01 1.437270427564450725e-02 5.803763268359481316e-04 1.000000000000000000e+00 0.000000000000000000e+00 7.810000000000000000e+02 0.000000000000000000e+00 0.000000000000000000e+00 1.000000000000000000e+00
1.000000000000000000e+00 5.530000000000000000e+02 1.840000000000000080e+00 0.000000000000000000e+00 -7.906423707332210782e-01 1.728208611759131375e-02 1.130344885610166071e-03 1.000000000000000000e+00 0.000000000000000000e+00 7.810000000000000000e+02 0.000000000000000000e+00 0.000000000000000000e+00 1.000000000000000000e+00
1.000000000000000000e+00 5.530000000000000000e+02 1.850000000000000089e+00 0.000000000000000000e+00 -7.954519782426336949e-01 1.975857094527950705e-02 1.770901515063845813e-03 1.000000000000000000e+00 0.000000000000000000e+00 7.810000000000000000e+02 0.000000000000000000e+00 0.000000000000000000e+00 1.000000000000000000e+00
1.000000000000000000e+00 5.530000000000000000e+02 1.860000000000000098e+00 0.000000000000000000e+00 -7.994295520939227462e-01 2.183174660302471259e-02 2.428105805603972267e-03 1.000000000000000000e+00 0.000000000000000000e+00 7.810000000000000000e+02 0.000000000000000000e+00 0.000000000000000000e+00 1.000000000000000000e+00
1.000000000000000000e+00 5.530000000000000000e+02 1.870000000000000107e+00 0.000000000000000000e+00 -8.025960914287594283e-01 2.352638239202132706e-02 3.042528101362488788e-03 1.000000000000000000e+00 0.000000000000000000e+00 7.810000000000000000e+02 0.000000000000000000e+00 0.000000000000000000e+00 1.000000000000000000e+00
1.000000000000000000e+00 5.530000000000000000e+02 1.880000000000000115e+00 0.000000000000000000e+00 -8.049705340277636401e-01 2.486272500198694752e-02 3.570019912343104507e-03 1.000000000000000000e+00 0.000000000000000000e+00 7.810000000000000000e+02 0.000000000000000000e+00 0.000000000000000000e+00 1.000000000000000000e+00
1.000000000000000000e+00 5.530000000000000000e+02 1.890000000000000124e+00 0.000000000000000000e+00 -8.065698117675773604e-01 2.585674040882982722e-02 3.979640072893406155e-03 1.000000000000000000e+00 0.000000000000000000e+00 7.810000000000000000e+02 0.000000000000000000e+00 0.000000000000000000e+00 1.000000000000000000e+00
1.000000000000000000e+00 5.530000000000000000e+02 1.900000000000000133e+00 0.000000000000000000e+00 -8.068496174893782236e-01 3.772624927205987105e-02 8.454294158216926758e-03 0.000000000000000000e+00 0.000000000000000000e+00 7.810000000000000000e+02 0.000000000000000000e+00 0.000000000000000000e+00 1.000000000000000000e+00
1.000000000000000000e+00 5.530000000000000000e+02 1.910000000000000142e+00 0.000000000000000000e+00 -8.075008613921763612e-01 2.686134560546821551e-02 4.373743102033905011e-03 1.000000000000000000e+00 0.000000000000000000e+00 7.810000000000000000e+02 0.000000000000000000e+00 0.000000000000000000e+00 1.000000000000000000e+00
1.000000000000000000e+00 5.530000000000000000e+02 1.920000000000000151e+00 0.000000000000000000e+00 -8.063079916526207924e-01 3.809080030959593327e-02 8.553507233090163614e-03 0.000000000000000000e+00 0.000000000000000000e+00 7.810000000000000000e+02 0.000000000000000000e+00 0.000000000000000000e+00 1.000000000000000000e+00
1.000000000000000000e+00 5.530000000000000000e+02 1.929999999999999938e+00 0.000000000000000000e+00 -8.054863099318483322e-01 2.658835153268983981e-02 4.163406646236957748e-03 1.000000000000000000e+00 0.000000000000000000e+00 7.810000000000000000e+02 0.000000000000000000e+00 0.000000000000000000e+00 1.000000000000000000e+00
1.000000000000000000e+00 5.530000000000000000e+02 1.939999999999999947e+00 0.000000000000000000e+00 -8.023157413988184494e-01 4.094422267452063613e-02 9.342822660485097797e-03 0.000000000000000000e+00 0.000000000000000000e+00 7.810000000000000000e+02 0.000000000000000000e+00 0.000000000000000000e+00 1.000000000000000000e+00
1.000000000000000000e+00 5.530000000000000000e+02 1.949999999999999956e+00 0.000000000000000000e+00 -7.995145169729709345e-01 3.999465647751962449e-02 8.700006150111756070e-03 0.000000000000000000e+00 0.000000000000000000e+00 7.810000000000000000e+02 0.000000000000000000e+00 0.000000000000000000e+00 1.000000000000000000e+00
1.000000000000000000e+00 5.530000000000000000e+02 1.959999999999999964e+00 0.000000000000000000e+00 -7.970813428450780336e-01 2.373789842411883760e-02 2.858665029702958660e-03 1.000000000000000000e+00 0.000000000000000000e+00 7.810000000000000000e+02 0.000000000000000000e+00 0.000000000000000000e+00 1.000000000000000000e+00
1.000000000000000000e+00 5.530000000000000000e+02 1.969999999999999973e+00 0.000000000000000000e+00 -7.907211871090440436e-01 4.008831870627065780e-02 7.966139804276770736e-03 0.000000000000000000e+00 0.000000000000000000e+00 7.810000000000000000e+02 0.000000000000000000e+00 0.000000000000000000e+00 1.000000000000000000e+00
1.000000000000000000e+00 5.530000000000000000e+02 1.979999999999999982e+00 0.000000000000000000e+00 -7.847250202715247980e-01 4.703617592079228915e-02 1.006157044216257970e-02 0.000000000000000000e+00 0.000000000000000000e+00 7.810000000000000000e+02 0.000000000000000000e+00 0.000000000000000000e+00 1.000000000000000000e+00
1.000000000000000000e+00 5.530000000000000000e+02 1.989999999999999991e+00 0.000000000000000000e+00 -7.790900728664575947e-01 4.459430765350020504e-02 8.634916232594113533e-03 0.000000000000000000e+00 0.000000000000000000e+00 7.810000000000000000e+02 0.000000000000000000e+00 0.000000000000000000e+00 1.000000000000000000e+00
1.000000000000000000e+00 5.530000000000000000e+02 2.000000000000000000e+00 0.000000000000000000e+00 -7.738137422651918396e-01 3.275820205383876693e-02 4.333668660563380626e-03 0.000000000000000000e+00 0.000000000000000000e+00 7.810000000000000000e+02 0.000000000000000000e+00 0.000000000000000000e+00 1.000000000000000000e+00
1.000000000000000000e+00 5.530000000000000000e+02 2.009999999999999787e+00 0.000000000000000000e+00 -7.688935914744067235e-01 1.150598949831439441e-02 1.816720199624933738e-04 1.000000000000000000e+00 1.000000000000000000e+00 7.810000000000000000e+02 0.000000000000000000e+00 0.000000000000000000e+00 1.000000000000000000e+00
1.000000000000000000e+00 5.530000000000000000e+02 2.020000000000000018e+00 0.000000000000000000e+00 -7.734828011063984432e-01 3.192849993156624683e-02 4.074735501649447145e-03 0.000000000000000000e+00 0.000000000000000000e+00 7.810000000000000000e+02 0.000000000000000000e+00 0.000000000000000000e+00 1.000000000000000000e+00
1.000000000000000000e+00 5.530000000000000000e+02 2.029999999999999805e+00 0.000000000000000000e+00 -7.784280376961674186e-01 4.078962759881001737e-02 7.227389982291856224e-03 0.000000000000000000e+00 0.000000000000000000e+00 7.810000000000000000e+02 0.000000000000000000e+00 0.000000000000000000e+00 1.000000000000000000e+00
1.000000000000000000e+00 5.530000000000000000e+02 2.040000000000000036e+00 0.000000000000000000e+00 -7.837315853137338806e-01 3.810574524395031470e-02 6.694493126968563412e-03 0.000000000000000000e+00 0.000000000000000000e+00 7.810000000000000000e+02 0.000000000000000000e+00 0.000000000000000000e+00 1.000000000000000000e+00
1.000000000000000000e+00 5.530000000000000000e+02 2.049999999999999822e+00 0.000000000000000000e+00 -7.893958935232171514e-01 2.387189384595546707e-02 2.577865975068788229e-03 1.000000000000000000e+00 0.000000000000000000e+00 7.810000000000000000e+02 0.000000000000000000e+00 0.000000000000000000e+00 1.000000000000000000e+00
1.000000000000000000e+00 5.530000000000000000e+02 2.059999999999999609e+00 0.000000000000000000e+00 -7.924780970202034425e-01 3.741219455889889522e-02 7.115428036723707439e-03 0.000000000000000000e+00 0.000000000000000000e+00 7.810000000000000000e+02 0.000000000000000000e+00 0.000000000000000000e+00 1.000000000000000000e+00
1.000000000000000000e+00 5.530000000000000000e+02 2.069999999999999840e+00 0.000000000000000000e+00 -7.959251008845154018e-01 2.830051234208282029e-02 4.185277174476439641e-03 1.000000000000000000e+00 0.000000000000000000e+00 7.810000000000000000e+02 0.000000000000000000e+00 0.000000000000000000e+00 1.000000000000000000e+00
1.000000000000000000e+00 5.530000000000000000e+02 2.079999999999999627e+00 0.000000000000000000e+00 -7.979079666102562030e-01 4.139249525586179146e-02 9.107345657886629919e-03 0.000000000000000000e+00 0.000000000000000000e+00 7.810000000000000000e+02 0.000000000000000000e+00 0.000000000000000000e+00 1.000000000000000000e+00
1.000000000000000000e+00 5.530000000000000000e+02 2.089999999999999858e+00 0.000000000000000000e+00 -8.002581406121185292e-01 3.185988994627593496e-02 5.670445744417242778e-03 1.000000000000000000e+00 0.000000000000000000e+00 7.810000000000000000e+02 0.000000000000000000e+00 0.000000000000000000e+00 1.000000000000000000e+00
1.000000000000000000e+00 5.530000000000000000e+02 2.099999999999999645e+00 0.000000000000000000e+00 -8.016603049038947271e-01 3.336832145967034979e-02 6.323276777925077724e-03 1.000000000000000000e+00 0.000000000000000000e+00 7.810000000000000000e+02 0.000000000000000000e+00 0.000000000000000000e+00 1.000000000000000000e+00
1.000000000000000000e+00 5.530000000000000000e+02 2.109999999999999876e+00 0.000000000000000000e+00 -8.025820517291688549e-01 3.472063763156912203e-02 6.904302077592513326e-03 1.000000000000000000e+00 0.000000000000000000e+00 7.810000000000000000e+02 0.000000000000000000e+00 0.000000000000000000e+00 1.000000000000000000e+00
1.000000000000000000e+00 5.530000000000000000e+02 2.119999999999999662e+00 0.000000000000000000e+00 -8.030438431489919093e-01 3.593299528228154072e-02 7.409357929431082540e-03 1.000000000000000000e+00 0.000000000000000000e+00 7.810000000000000000e+02 0.000000000000000000e+00 0.000000000000000000e+00 1.000000000000000000e+00
1.000000000000000000e+00 5.530000000000000000e+02 2.129999999999999893e+00 0.000000000000000000e+00 -8.030650908343579530e-01 3.701987907532064415e-02 7.836988509662110719e-03 1.000000000000000000e+00 0.000000000000000000e+00 7.810000000000000000e+02 0.000000000000000000e+00 0.000000000000000000e+00 1.000000000000000000e+00
1.000000000000000000e+00 5.530000000000000000e+02 2.139999999999999680e+00 0.000000000000000000e+00 -8.026642121006990482e-01 3.799427457316515572e-02 8.187752361444190080e-03 1.000000000000000000e+00 0.000000000000000000e+00 7.810000000000000000e+02 0.000000000000000000e+00 0.000000000000000000e+00 1.000000000000000000e+00
1.000000000000000000e+00 5.530000000000000000e+02 2.149999999999999911e+00 0.000000000000000000e+00 -8.018586829432539087e-01 3.886782338248667007e-02 8.463692855419670952e-03 1.000000000000000000e+00 0.000000000000000000e+00 7.810000000000000000e+02 0.000000000000000000e+00 0.000000000000000000e+00 1.000000000000000000e+00
1.000000000000000000e+00 5.530000000000000000e+02 2.159999999999999698e+00 0.000000000000000000e+00 -8.006650882317527529e-01 3.965096224244196721e-02 8.667932855087167460e-03 1.000000000000000000e+00 0.000000000000000000e+00 7.810000000000000000e+02 0.000000000000000000e+00 0.000000000000000000e+00 1.000000000000000000e+00
1.000000000000000000e+00 5.530000000000000000e+02 2.169999999999999929e+00 0.000000000000000000e+00 -7.990991692144677749e-01 4.035304771779044813e-02 8.804363194957802452e-03 1.000000000000000000e+00 0.000000000000000000e+00 7.810000000000000000e+02 0.000000000000000000e+00 0.000000000000000000e+00 1.000000000000000000e+00
1.000000000000000000e+00 5.530000000000000000e+02 2.179999999999999716e+00 0.000000000000000000e+00 -7.971758684735712475e-01 4.098246798660954565e-02 8.877402153502616383e-03 1.000000000000000000e+00 0.000000000000000000e+00 7.810000000000000000e+02 0.000000000000000000e+00 0.000000000000000000e+00 1.000000000000000000e+00
1.000000000000000000e+00 5.530000000000000000e+02 2.189999999999999947e+00 0.000000000000000000e+00 -7.949093724662258387e-01 4.154674305819425206e-02 8.891808901736738407e-03 1.000000000000000000e+00 0.000000000000000000e+00 7.810000000000000000e+02 0.000000000000000000e+00 0.000000000000000000e+00 1.000000000000000000e+00
1.000000000000000000e+00 5.530000000000000000e+02 2.199999999999999734e+00 0.000000000000000000e+00 -7.923131517785384492e-01 4.205261461849495175e-02 8.852538243989703515e-03 1.000000000000000000e+00 0.000000000000000000e+00 7.810000000000000000e+02 0.000000000000000000e+00 0.000000000000000000e+00 1.000000000000000000e+00
1.000000000000000000e+00 5.530000000000000000e+02 2.209999999999999964e+00 0.000000000000000000e+00 -7.893999992127613829e-01 4.250612657652435428e-02 8.764627176376264817e-03 1.000000000000000000e+00 0.000000000000000000e+00 7.810000000000000000e+02 0.000000000000000000e+00 0.000000000000000000e+00 1.000000000000000000e+00
1.000000000000000000e+00 5.530000000000000000e+02 2.219999999999999751e+00 0.000000000000000000e+00 -7.861820658216204238e-01 4.291269727406248069e-02 8.633106156101306994e-03 1.000000000000000000e+00 0.000000000000000000e+00 7.810000000000000000e+02 0.000000000000000000e+00 0.000000000000000000e+00 1.000000000000000000e+00
1.000000000000000000e+00 5.530000000000000000e+02 2.229999999999999982e+00 0.000000000000000000e+00 -7.826708949975247354e-01 4.327718422138659288e-02 8.462929722907689550e-03 1.000000000000000000e+00 0.000000000000000000e+00 7.810000000000000000e+02 0.000000000000000000e+00 0.000000000000000000e+00 1.000000000000000000e+00
1.000000000000000000e+00 5.530000000000000000e+02 2.239999999999999769e+00 0.000000000000000000e+00 -7.788774547186434472e-01 4.360394213245743361e-02 8.258922408478083094e-03 1.000000000000000000e+00 0.000000000000000000e+00 7.810000000000000000e+02 0.000000000000000000e+00 0.000000000000000000e+00 1.000000000000000000e+00
1.000000000000000000e+00 5.530000000000000000e+02 2.250000000000000000e+00 0.000000000000000000e+00 -7.748121680482757956e-01 4.389687495293757152e-02 8.025736831989323250e-03 1.000000000000000000e+00 0.000000000000000000e+00 7.810000000000000000e+02 0.000000000000000000e+00 0.000000000000000000e+00 1.000000000000000000e+00
1.000000000000000000e+00 5.530000000000000000e+02 2.259999999999999787e+00 0.000000000000000000e+00 -7.704849419788162290e-01 4.415948250264845054e-02 7.767821598717247061e-03 1.000000000000000000e+00 0.000000000000000000e+00 7.810000000000000000e+02 0.000000000000000000e+00 0.000000000000000000e+00 1.000000000000000000e+00
1.000000000000000000e+00 5.530000000000000000e+02 2.270000000000000018e+00 0.000000000000000000e+00 -7.659051947065990129e-01 4.439490228972659686e-02 7.489397157733269222e-03 1.000000000000000000e+00 0.000000000000000000e+00 7.810000000000000000e+02 0.000000000000000000e+00 0.000000000000000000e+00 1.000000000000000000e+00
1.000000000000000000e+00 5.530000000000000000e+02 2.279999999999999805e+00 0.000000000000000000e+00 -7.610818814192419346e-01 4.460594699605525265e-02 7.194438180962742235e-03 1.000000000000000000e+00 0.000000000000000000e+00 7.810000000000000000e+02 0.000000000000000000e+00 0.000000000000000000e+00 1.000000000000000000e+00
1.000000000000000000e+00 5.530000000000000000e+02 2.290000000000000036e+00 0.000000000000000000e+00 -7.560235186727540801e-01 4.479513808182856993e-02 6.886661333174896177e-03 1.000000000000000000e+00 0.000000000000000000e+00 7.810000000000000000e+02 0.000000000000000000e+00 0.000000000000000000e+00 1.000000000000000000e+00
1.000000000000000000e+00 5.530000000000000000e+02 2.299999999999999822e+00 0.000000000000000000e+00 -7.507382074313105891e-01 4.496473591073998216e-02 6.569517535725558077e-03 1.000000000000000000e+00 0.000000000000000000e+00 7.810000000000000000e+02 0.000000000000000000e+00 0.000000000000000000e+00 1.000000000000000000e+00
1.000000000000000000e+00 5.530000000000000000e+02 2.310000000000000053e+00 0.000000000000000000e+00 -7.449562754427313527e-01 5.636964491503155400e-02 9.721649394830292334e-03 0.000000000000000000e+00 0.000000000000000000e+00 7.810000000000000000e+02 0.000000000000000000e+00 0.000000000000000000e+00 1.000000000000000000e+00
1.000000000000000000e+00 5.530000000000000000e+02 2.319999999999999840e+00 0.000000000000000000e+00 -7.395171947870923246e-01 4.525304700784380657e-02 5.919583477819151396e-03 1.000000000000000000e+00 0.000000000000000000e+00 7.810000000000000000e+02 0.000000000000000000e+00 0.000000000000000000e+00 1.000000000000000000e+00
1.000000000000000000e+00 5.530000000000000000e+02 2.329999999999999627e+00 0.000000000000000000e+00 -7.333279256829480230e-01 5.662873527991591632e-02 8.832330171512518813e-03 0.000000000000000000e+00 0.000000000000000000e+00 7.810000000000000000e+02 0.000000000000000000e+00 0.000000000000000000e+00 1.000000000000000000e+00
1.000000000000000000e+00 5.530000000000000000e+02 2.339999999999999858e+00 0.000000000000000000e+00 -7.274761370938702676e-01 4.548469984861688159e-02 5.266853939370756688e-03 1.000000000000000000e+00 0.000000000000000000e+00 7.810000000000000000e+02 0.000000000000000000e+00 0.000000000000000000e+00 1.000000000000000000e+00
1.000000000000000000e+00 5.530000000000000000e+02 2.349999999999999645e+00 0.000000000000000000e+00 -7.206498664302577462e-01 6.065582475226526799e-02 9.029194503841233427e-03 0.000000000000000000e+00 0.000000000000000000e+00 7.810000000000000000e+02 0.000000000000000000e+00 0.000000000000000000e+00 1.000000000000000000e+00
1.000000000000000000e+00 5.530000000000000000e+02 2.359999999999999876e+00 0.000000000000000000e+00 -7.141552206316281737e-01 6.074407878141745154e-02 8.550899851009294977e-03 0.000000000000000000e+00 0.000000000000000000e+00 7.810000000000000000e+02 0.000000000000000000e+00 0.000000000000000000e+00 1.000000000000000000e+00
1.000000000000000000e+00 5.530000000000000000e+02 2.369999999999999662e+00 0.000000000000000000e+00 -7.079891999980704176e-01 4.574962500342469318e-02 4.320804571308987235e-03 1.000000000000000000e+00 0.000000000000000000e+00 7.810000000000000000e+02 0.000000000000000000e+00 0.000000000000000000e+00 1.000000000000000000e+00
1.000000000000000000e+00 5.530000000000000000e+02 2.379999999999999893e+00 0.000000000000000000e+00 -7.006475500474641516e-01 6.089442446995201735e-02 7.617232223964452709e-03 0.000000000000000000e+00 0.000000000000000000e+00 7.810000000000000000e+02 0.000000000000000000e+00 0.000000000000000000e+00 1.000000000000000000e+00
1.000000000000000000e+00 5.530000000000000000e+02 2.389999999999999680e+00 0.000000000000000000e+00 -6.936282864369798240e-01 6.095792913930483253e-02 7.164209020602108069e-03 0.000000000000000000e+00 0.000000000000000000e+00 7.810000000000000000e+02 0.000000000000000000e+00 0.000000000000000000e+00 1.000000000000000000e+00
1.000000000000000000e+00 5.530000000000000000e+02 2.399999999999999911e+00 0.000000000000000000e+00 -6.869281671600351302e-01 4.594025634933529556e-02 3.452297843165185245e-03 1.000000000000000000e+00 0.000000000000000000e+00 7.810000000000000000e+02 0.000000000000000000e+00 0.000000000000000000e+00 1.000000000000000000e+00
1.000000000000000000e+00 5.530000000000000000e+02 2.409999999999999698e+00 0.000000000000000000e+00 -6.788880832499029072e-01 6.302431370804038868e-02 6.738897768261191412e-03 0.000000000000000000e+00 0.000000000000000000e+00 7.810000000000000000e+02 0.000000000000000000e+00 0.000000000000000000e+00 1.000000000000000000e+00
1.000000000000000000e+00 5.530000000000000000e+02 2.419999999999999929e+00 0.000000000000000000e+00 -6.711603355751383226e-01 6.874435778414375586e-02 7.606779799490651778e-03 0.000000000000000000e+00 0.000000000000000000e+00 7.810000000000000000e+02 0.000000000000000000e+00 0.000000000000000000e+00 1.000000000000000000e+00
1.000000000000000000e+00 5.530000000000000000e+02 2.429999999999999716e+00 0.000000000000000000e+00 -6.637413548996768942e-01 6.311095752781721580e-02 5.886418208826519477e-03 0.000000000000000000e+00 0.000000000000000000e+00 7.810000000000000000e+02 0.000000000000000000e+00 0.000000000000000000e+00 1.000000000000000000e+00
1.000000000000000000e+00 5.530000000000000000e+02 2.439999999999999947e+00 0.000000000000000000e+00 -6.566277145985164321e-01 4.611370408104942253e-02 2.458745103309083538e-03 1.000000000000000000e+00 0.000000000000000000e+00 7.810000000000000000e+02 0.000000000000000000e+00 0.000000000000000000e+00 1.000000000000000000e+00
1.000000000000000000e+00 5.530000000000000000e+02 2.449999999999999734e+00 0.000000000000000000e+00 -6.478251189433962276e-01 6.439246208445928432e-02 5.326160604261505338e-03 0.000000000000000000e+00 0.000000000000000000e+00 7.810000000000000000e+02 0.000000000000000000e+00 0.000000000000000000e+00 1.000000000000000000e+00
1.000000000000000000e+00 5.530000000000000000e+02 2.459999999999999964e+00 0.000000000000000000e+00 -6.393205123869168949e-01 7.353655351326469913e-02 6.728688044783198013e-03 0.000000000000000000e+00 0.000000000000000000e+00 7.810000000000000000e+02 0.000000000000000000e+00 0.000000000000000000e+00 1.000000000000000000e+00
1.000000000000000000e+00 5.530000000000000000e+02 2.469999999999999751e+00 0.000000000000000000e+00 -6.311099668830658649e-01 7.356287394473595698e-02 6.278573939651668073e-03 0.000000000000000000e+00 0.000000000000000000e+00 7.810000000000000000e+02 0.000000000000000000e+00 0.000000000000000000e+00 1.000000000000000000e+00
1.000000000000000000e+00 5.530000000000000000e+02 2.479999999999999982e+00 0.000000000000000000e+00 -6.231896902046178965e-01 6.447147201124814320e-02 4.236581123669556914e-03 0.000000000000000000e+00 0.000000000000000000e+00 7.810000000000000000e+02 0.000000000000000000e+00 0.000000000000000000e+00 1.000000000000000000e+00
1.000000000000000000e+00 5.530000000000000000e+02 2.489999999999999769e+00 0.000000000000000000e+00 -6.155560241916075981e-01 4.624554949013921085e-02 1.508563996468748752e-03 1.000000000000000000e+00 0.000000000000000000e+00 7.810000000000000000e+02 0.000000000000000000e+00 0.000000000000000000e+00 1.000000000000000000e+00
1.000000000000000000e+00 5.530000000000000000e+02 2.500000000000000000e+00 0.000000000000000000e+00 -6.059691249027894244e-01 6.534812954083912828e-02 3.719309734186080491e-03 0.000000000000000000e+00 0.000000000000000000e+00 7.810000000000000000e+02 0.000000000000000000e+00 0.000000000000000000e+00 1.000000000000000000e+00
1.000000000000000000e+00 5.530000000000000000e+02 2.509999999999999787e+00 0.000000000000000000e+00 -5.966608825695680629e-01 7.680114651610055188e-02 5.176122377138509673e-03 0.000000000000000000e+00 0.000000000000000000e+00 7.810000000000000000e+02 0.000000000000000000e+00 0.000000000000000000e+00 1.000000000000000000e+00
1.000000000000000000e+00 5.530000000000000000e+02 2.520000000000000018e+00 0.000000000000000000e+00 -5.876269979684651812e-01 8.062576220490931533e-02 5.406061061300530823e-03 0.000000000000000000e+00 0.000000000000000000e+00 7.810000000000000000e+02 0.000000000000000000e+00 0.000000000000000000e+00 1.000000000000000000e+00
1.000000000000000000e+00 5.530000000000000000e+02 2.529999999999999805e+00 0.000000000000000000e+00 -5.788632985943630294e-01 7.682904336621060315e-02 4.434869215815033516e-03 0.000000000000000000e+00 0.000000000000000000e+00 7.810000000000000000e+02 0.000000000000000000e+00 0.000000000000000000e+00 1.000000000000000000e+00
1.000000000000000000e+00 5.530000000000000000e+02 2.540000000000000036e+00 0.000000000000000000e+00 -5.703657367333372363e-01 6.540397478618983906e-02 2.623400570098809864e-03 0.000000000000000000e+00 0.000000000000000000e+00 7.810000000000000000e+02 0.000000000000000000e+00 0.000000000000000000e+00 1.000000000000000000e+00
1.000000000000000000e+00 5.530000000000000000e+02 2.549999999999999822e+00 0.000000000000000000e+00 -5.621303875931287219e-01 4.632944631623187731e-02 7.627591869180626316e-04 1.000000000000000000e+00 0.000000000000000000e+00 7.810000000000000000e+02 0.000000000000000000e+00 0.000000000000000000e+00 1.000000000000000000e+00
1.000000000000000000e+00 5.530000000000000000e+02 2.560000000000000053e+00 0.000000000000000000e+00 -5.516039255377357398e-01 6.652933509534755818e-02 2.282934043475022545e-03 0.000000000000000000e+00 0.000000000000000000e+00 7.810000000000000000e+02 0.000000000000000000e+00 0.000000000000000000e+00 1.000000000000000000e+00
1.000000000000000000e+00 5.530000000000000000e+02 2.569999999999999840e+00 0.000000000000000000e+00 -5.413310106338403704e-01 8.093271247790145839e-02 3.661114656239021492e-03 0.000000000000000000e+00 0.000000000000000000e+00 7.810000000000000000e+02 0.000000000000000000e+00 0.000000000000000000e+00 1.000000000000000000e+00
1.000000000000000000e+00 5.530000000000000000e+02 2.579999999999999627e+00 0.000000000000000000e+00 -5.313068981019918313e-01 8.956619164656078047e-02 4.428368953311983408e-03 0.000000000000000000e+00 0.000000000000000000e+00 7.810000000000000000e+02 0.000000000000000000e+00 0.000000000000000000e+00 1.000000000000000000e+00
1.000000000000000000e+00 5.530000000000000000e+02 2.589999999999999858e+00 0.000000000000000000e+00 -5.215269580777754932e-01 9.244572471811501879e-02 4.448024506985882170e-03 0.000000000000000000e+00 0.000000000000000000e+00 7.810000000000000000e+02 0.000000000000000000e+00 0.000000000000000000e+00 1.000000000000000000e+00
1.000000000000000000e+00 5.530000000000000000e+02 2.599999999999999645e+00 0.000000000000000000e+00 -5.119866734734036529e-01 8.957663221827102951e-02 3.769382158126829280e-03 0.000000000000000000e+00 0.000000000000000000e+00 7.810000000000000000e+02 0.000000000000000000e+00 0.000000000000000000e+00 1.000000000000000000e+00
1.000000000000000000e+00 5.530000000000000000e+02 2.609999999999999876e+00 0.000000000000000000e+00 -5.026816378913969707e-01 8.095361291241146007e-02 2.584271292063729936e-03 0.000000000000000000e+00 0.000000000000000000e+00 7.810000000000000000e+02 0.000000000000000000e+00 0.000000000000000000e+00 1.000000000000000000e+00
1.000000000000000000e+00 5.530000000000000000e+02 2.619999999999999662e+00 0.000000000000000000e+00 -4.936075535893881816e-01 6.656073401048051563e-02 1.242482076872079497e-03 0.000000000000000000e+00 0.000000000000000000e+00 7.810000000000000000e+02 0.000000000000000000e+00 0.000000000000000000e+00 1.000000000000000000e+00
1.000000000000000000e+00 5.530000000000000000e+02 2.629999999999999893e+00 0.000000000000000000e+00 -4.847602294951128821e-01 4.637140172789904619e-02 2.591856585283562955e-04 1.000000000000000000e+00 0.000000000000000000e+00 7.810000000000000000e+02 0.000000000000000000e+00 0.000000000000000000e+00 1.000000000000000000e+00
1.000000000000000000e+00 5.530000000000000000e+02 2.639999999999999680e+00 0.000000000000000000e+00 -4.730322278967812877e-01 6.780952997874177546e-02 1.061279657022853699e-03 0.000000000000000000e+00 0.000000000000000000e+00 7.810000000000000000e+02 0.000000000000000000e+00 0.000000000000000000e+00 1.000000000000000000e+00
1.000000000000000000e+00 5.530000000000000000e+02 2.649999999999999911e+00 0.000000000000000000e+00 -4.615214833239372205e-01 8.529553752389945620e-02 2.082632915793837525e-03 0.000000000000000000e+00 0.000000000000000000e+00 7.810000000000000000e+02 0.000000000000000000e+00 0.000000000000000000e+00 1.000000000000000000e+00
1.000000000000000000e+00 5.530000000000000000e+02 2.659999999999999698e+00 0.000000000000000000e+00 -4.502226792773375563e-01 9.886173333511942551e-02 2.992914568686076693e-03 0.000000000000000000e+00 0.000000000000000000e+00 7.810000000000000000e+02 0.000000000000000000e+00 0.000000000000000000e+00 1.000000000000000000e+00
1.000000000000000000e+00 5.530000000000000000e+02 2.669999999999999929e+00 0.000000000000000000e+00 -4.391305971472930225e-01 1.085331837310597736e-01 3.610633807700828340e-03 0.000000000000000000e+00 0.000000000000000000e+00 7.810000000000000000e+02 0.000000000000000000e+00 0.000000000000000000e+00 1.000000000000000000e+00
1.000000000000000000e+00 5.530000000000000000e+02 2.679999999999999716e+00 0.000000000000000000e+00 -4.282401138033344323e-01 1.143277586924346251e-01 3.861321514161328988e-03 0.000000000000000000e+00 0.000000000000000000e+00 7.810000000000000000e+02 0.000000000000000000e+00 0.000000000000000000e+00 1.000000000000000000e+00
1.000000000000000000e+00 5.530000000000000000e+02 2.689999999999999947e+00 0.000000000000000000e+00 -4.175461992279778101e-01 1.162561648804547321e-01 3.738371581691497803e-03 0.000000000000000000e+00 0.000000000000000000e+00 7.810000000000000000e+02 0.000000000000000000e+00 0.000000000000000000e+00 1.000000000000000000e+00
1.000000000000000000e+00 5.530000000000000000e+02 2.699999999999999734e+00 0.000000000000000000e+00 -4.070439141934971139e-01 1.143219654195717361e-01 3.282536171576165562e-03 0.000000000000000000e+00 0.000000000000000000e+00 7.810000000000000000e+02 0.000000000000000000e+00 0.000000000000000000e+00 1.000000000000000000e+00
1.000000000000000000e+00 5.530000000000000000e+02 2.709999999999999964e+00 0.000000000000000000e+00 -3.967284079806290831e-01 1.085215864810786662e-01 2.574268090939177411e-03 0.000000000000000000e+00 0.000000000000000000e+00 7.810000000000000000e+02 0.000000000000000000e+00 0.000000000000000000e+00 1.000000000000000000e+00
1.000000000000000000e+00 5.530000000000000000e+02 2.719999999999999751e+00 0.000000000000000000e+00 -3.865949161381582178e-01 9.884431067973112328e-02 1.733205070030550618e-03 0.000000000000000000e+00 0.000000000000000000e+00 7.810000000000000000e+02 0.000000000000000000e+00 0.000000000000000000e+00 1.000000000000000000e+00
1.000000000000000000e+00 5.530000000000000000e+02 2.729999999999999982e+00 0.000000000000000000e+00 -3.766387582823468305e-01 8.527225727118827037e-02 9.179307228760784018e-04 0.000000000000000000e+00 0.000000000000000000e+00 7.810000000000000000e+02 0.000000000000000000e+00 0.000000000000000000e+00 1.000000000000000000e+00
1.000000000000000000e+00 5.530000000000000000e+02 2.739999999999999769e+00 0.000000000000000000e+00 -3.668553359351932053e-01 6.778034911368417681e-02 3.094213625463478057e-04 0.000000000000000000e+00 0.000000000000000000e+00 7.810000000000000000e+02 0.000000000000000000e+00 0.000000000000000000e+00 1.000000000000000000e+00
1.000000000000000000e+00 5.530000000000000000e+02 2.750000000000000000e+00 0.000000000000000000e+00 -3.572401304005199396e-01 4.633626633288445013e-02 3.434149517112016024e-05 1.000000000000000000e+00 0.000000000000000000e+00 7.810000000000000000e+02 0.000000000000000000e+00 0.000000000000000000e+00 1.000000000000000000e+00
1.000000000000000000e+00 5.530000000000000000e+02 2.759999999999999787e+00 0.000000000000000000e+00 -3.441837788178334634e-01 6.877043546827145415e-02 2.507932903765713352e-04 0.000000000000000000e+00 0.000000000000000000e+00 7.810000000000000000e+02 0.000000000000000000e+00 0.000000000000000000e+00 1.000000000000000000e+00
1.000000000000000000e+00 5.530000000000000000e+02 2.770000000000000018e+00 0.000000000000000000e+00 -3.312851726732097268e-01 8.846545329945718072e-02 6.729055127364606120e-04 0.000000000000000000e+00 0.000000000000000000e+00 7.810000000000000000e+02 0.000000000000000000e+00 0.000000000000000000e+00 1.000000000000000000e+00
1.000000000000000000e+00 5.530000000000000000e+02 2.779999999999999805e+00 0.000000000000000000e+00 -3.185383544519656551e-01 1.054577103960457896e-01 1.197140154228035908e-03 0.000000000000000000e+00 0.000000000000000000e+00 7.810000000000000000e+02 0.000000000000000000e+00 0.000000000000000000e+00 1.000000000000000000e+00
1.000000000000000000e+00 5.530000000000000000e+02 2.790000000000000036e+00 0.000000000000000000e+00 -3.059374367461241695e-01 1.197786034249460480e-01 1.715025892310241551e-03 0.000000000000000000e+00 0.000000000000000000e+00 7.810000000000000000e+02 0.000000000000000000e+00 0.000000000000000000e+00 1.000000000000000000e+00
1.000000000000000000e+00 5.530000000000000000e+02 2.799999999999999822e+00 0.000000000000000000e+00 -2.934765995351804047e-01 1.314545931621282360e-01 2.149502199605770464e-03 0.000000000000000000e+00 0.000000000000000000e+00 7.810000000000000000e+02 0.000000000000000000e+00 0.000000000000000000e+00 1.000000000000000000e+00
1.000000000000000000e+00 5.530000000000000000e+02 2.810000000000000053e+00 0.000000000000000000e+00 -2.811500874979924181e-01 1.405072533843145510e-01 2.454873567824675945e-03 0.000000000000000000e+00 0.000000000000000000e+00 7.810000000000000000e+02 0.000000000000000000e+00 0.000000000000000000e+00 1.000000000000000000e+00
1.000000000000000000e+00 5.530000000000000000e+02 2.819999999999999840e+00 0.000000000000000000e+00 -2.689522073545558833e-01 1.469533107309394238e-01 2.609756781543700818e-03 0.000000000000000000e+00 0.000000000000000000e+00 7.810000000000000000e+02 0.000000000000000000e+00 0.000000000000000000e+00 1.000000000000000000e+00
1.000000000000000000e+00 5.530000000000000000e+02 2.829999999999999627e+00 0.000000000000000000e+00 -2.568773252364326964e-01 1.508046756100338281e-01 2.610730983497193750e-03 0.000000000000000000e+00 0.000000000000000000e+00 7.810000000000000000e+02 0.000000000000000000e+00 0.000000000000000000e+00 1.000000000000000000e+00
1.000000000000000000e+00 5.530000000000000000e+02 2.839999999999999858e+00 0.000000000000000000e+00 -2.449198640846209640e-01 1.520684642051374214e-01 2.467909852349098321e-03 0.000000000000000000e+00 0.000000000000000000e+00 7.810000000000000000e+02 0.000000000000000000e+00 0.000000000000000000e+00 1.000000000000000000e+00
1.000000000000000000e+00 5.530000000000000000e+02 2.849999999999999645e+00 0.000000000000000000e+00 -2.330743010736634480e-01 1.507470116239017777e-01 2.202139751097707127e-03 0.000000000000000000e+00 0.000000000000000000e+00 7.810000000000000000e+02 0.000000000000000000e+00 0.000000000000000000e+00 1.000000000000000000e+00
1.000000000000000000e+00 5.530000000000000000e+02 2.859999999999999876e+00 0.000000000000000000e+00 -2.213351650608045840e-01 1.468378762126787695e-01 1.843271775049616992e-03 0.000000000000000000e+00 0.000000000000000000e+00 7.810000000000000000e+02 0.000000000000000000e+00 0.000000000000000000e+00 1.000000000000000000e+00
1.000000000000000000e+00 5.530000000000000000e+02 2.869999999999999662e+00 0.000000000000000000e+00 -2.096970340590194049e-01 1.403338350450668848e-01 1.428914737511308847e-03 0.000000000000000000e+00 0.000000000000000000e+00 7.810000000000000000e+02 0.000000000000000000e+00 0.000000000000000000e+00 1.000000000000000000e+00
1.000000000000000000e+00 5.530000000000000000e+02 2.879999999999999893e+00 0.000000000000000000e+00 -1.981545327327447481e-01 1.312228705760783154e-01 1.002942518704222526e-03 0.000000000000000000e+00 0.000000000000000000e+00 7.810000000000000000e+02 0.000000000000000000e+00 0.000000000000000000e+00 1.000000000000000000e+00
1.000000000000000000e+00 5.530000000000000000e+02 2.889999999999999680e+00 0.000000000000000000e+00 -1.867023299151587545e-01 1.194881484372697367e-01 6.126647847749687112e-04 0.000000000000000000e+00 0.000000000000000000e+00 7.810000000000000000e+02 0.000000000000000000e+00 0.000000000000000000e+00 1.000000000000000000e+00
1.000000000000000000e+00 5.530000000000000000e+02 2.899999999999999911e+00 0.000000000000000000e+00 -1.753351361458601043e-01 1.051079863318064855e-01 3.029111327687160522e-04 0.000000000000000000e+00 0.000000000000000000e+00 7.810000000000000000e+02 0.000000000000000000e+00 0.000000000000000000e+00 1.000000000000000000e+00
1.000000000000000000e+00 5.530000000000000000e+02 2.909999999999999698e+00 0.000000000000000000e+00 -1.640477012278102054e-01 8.805581397198923577e-02 1.046784205182697044e-04 0.000000000000000000e+00 0.000000000000000000e+00 7.810000000000000000e+02 0.000000000000000000e+00 0.000000000000000000e+00 1.000000000000000000e+00
1.000000000000000000e+00 5.530000000000000000e+02 2.919999999999999929e+00 0.000000000000000000e+00 -1.528348118024104030e-01 6.830012398521834172e-02 1.787558638203818207e-05 0.000000000000000000e+00 0.000000000000000000e+00 7.810000000000000000e+02 0.000000000000000000e+00 0.000000000000000000e+00 1.000000000000000000e+00
1.000000000000000000e+00 5.530000000000000000e+02 2.929999999999999716e+00 0.000000000000000000e+00 -1.416912889415937182e-01 4.580441369768536997e-02 5.140486245114374997e-07 1.000000000000000000e+00 0.000000000000000000e+00 7.810000000000000000e+02 0.000000000000000000e+00 0.000000000000000000e+00 1.000000000000000000e+00
1.000000000000000000e+00 5.530000000000000000e+02 2.939999999999999947e+00 0.000000000000000000e+00 -1.257981088007747716e-01 6.948561257045693385e-02 1.352828990060263845e-05 0.000000000000000000e+00 0.000000000000000000e+00 7.810000000000000000e+02 0.000000000000000000e+00 0.000000000000000000e+00 1.000000000000000000e+00
1.000000000000000000e+00 5.530000000000000000e+02 2.949999999999999734e+00 0.000000000000000000e+00 -1.099618077081905010e-01 9.160380622927560834e-02 6.953208833875186567e-05 0.000000000000000000e+00 0.000000000000000000e+00 7.810000000000000000e+02 0.000000000000000000e+00 0.000000000000000000e+00 1.000000000000000000e+00
1.000000000000000000e+00 5.530000000000000000e+02 2.959999999999999964e+00 0.000000000000000000e+00 -9.417507130791556713e-02 1.121998625561995699e-01 1.863143148000175747e-04 0.000000000000000000e+00 0.000000000000000000e+00 7.810000000000000000e+02 0.000000000000000000e+00 0.000000000000000000e+00 1.000000000000000000e+00
1.000000000000000000e+00 5.530000000000000000e+02 2.969999999999999751e+00 0.000000000000000000e+00 -7.843060813660585051e-02 1.313118369735576663e-01 3.586676863055358530e-04 0.000000000000000000e+00 0.000000000000000000e+00 7.810000000000000000e+02 0.000000000000000000e+00 0.000000000000000000e+00 1.000000000000000000e+00
1.000000000000000000e+00 5.530000000000000000e+02 2.979999999999999982e+00 0.000000000000000000e+00 -6.272114625576936942e-02 1.489750427591173543e-01 5.689643366287924775e-04 0.000000000000000000e+00 0.000000000000000000e+00 7.810000000000000000e+02 0.000000000000000000e+00 0.000000000000000000e+00 1.000000000000000000e+00
1.000000000000000000e+00 5.530000000000000000e+02 2.989999999999999769e+00 0.000000000000000000e+00 -4.703942989305650441e-02 1.652221162945810284e-01 7.967889438413580314e-04 0.000000000000000000e+00 0.000000000000000000e+00 7.810000000000000000e+02 0.000000000000000000e+00 0.000000000000000000e+00 1.000000000000000000e+00
1.000000000000000000e+00 5.530000000000000000e+02 3.000000000000000000e+00 0.000000000000000000e+00 -3.137821609101643788e-02 1.800830773679693020e-01 1.023759940841163611e-03 0.000000000000000000e+00 0.000000000000000000e+00 7.810000000000000000e+02 0.000000000000000000e+00 0.000000000000000000e+00 1.000000000000000000e+00
1.000000000000000000e+00 5.530000000000000000e+02 3.009999999999999787e+00 0.000000000000000000e+00 -1.573027136177232096e-02 1.935853846413135015e-01 1.235222515756249570e-03 0.000000000000000000e+00 0.000000000000000000e+00 7.810000000000000000e+02 0.000000000000000000e+00 0.000000000000000000e+00 1.000000000000000000e+00
1.000000000000000000e+00 5.530000000000000000e+02 3.020000000000000018e+00 0.000000000000000000e+00 -8.836834607053433571e-05 2.057539863861441165e-01 1.420442101287515760e-03 0.000000000000000000e+00 0.000000000000000000e+00 7.810000000000000000e+02 0.000000000000000000e+00 0.000000000000000000e+00 1.000000000000000000e+00
1.000000000000000000e+00 5.530000000000000000e+02 3.029999999999999805e+00 0.000000000000000000e+00 1.555471752483982353e-02 2.166113665805196875e-01 1.572203319664424587e-03 0.000000000000000000e+00 0.000000000000000000e+00 7.810000000000000000e+02 0.000000000000000000e+00 0.000000000000000000e+00 1.000000000000000000e+00
1.000000000000000000e+00 5.530000000000000000e+02 3.040000000000000036e+00 0.000000000000000000e+00 3.120621136603815918e-02 2.261775864527706681e-01 1.686239252300297808e-03 0.000000000000000000e+00 0.000000000000000000e+00 7.810000000000000000e+02 0.000000000000000000e+00 0.000000000000000000e+00 1.000000000000000000e+00
1.000000000000000000e+00 5.530000000000000000e+02 3.049999999999999822e+00 0.000000000000000000e+00 4.687334217601616532e-02 2.344703215487177195e-01 1.760669269931323250e-03 0.000000000000000000e+00 0.000000000000000000e+00 7.810000000000000000e+02 0.000000000000000000e+00 0.000000000000000000e+00 1.000000000000000000e+00
1.000000000000000000e+00 5.530000000000000000e+02 3.060000000000000053e+00 0.000000000000000000e+00 6.256334617555543709e-02 2.415048943908536805e-01 1.795508764368862822e-03 0.000000000000000000e+00 0.000000000000000000e+00 7.810000000000000000e+02 0.000000000000000000e+00 0.000000000000000000e+00 1.000000000000000000e+00
1.000000000000000000e+00 5.530000000000000000e+02 3.069999999999999840e+00 0.000000000000000000e+00 7.828347014994042896e-02 2.472943027898350521e-01 1.792264053186769235e-03 0.000000000000000000e+00 0.000000000000000000e+00 7.810000000000000000e+02 0.000000000000000000e+00 0.000000000000000000e+00 1.000000000000000000e+00
1.000000000000000000e+00 5.530000000000000000e+02 3.080000000000000071e+00 0.000000000000000000e+00 9.404097479605121046e-02 2.518492438605931527e-01 1.753605703728962351e-03 0.000000000000000000e+00 0.000000000000000000e+00 7.810000000000000000e+02 0.000000000000000000e+00 0.000000000000000000e+00 1.000000000000000000e+00
1.000000000000000000e+00 5.530000000000000000e+02 3.089999999999999858e+00 0.000000000000000000e+00 1.098431380758815579e-01 2.551781337874390321e-01 1.683106821423235172e-03 0.000000000000000000e+00 0.000000000000000000e+00 7.810000000000000000e+02 0.000000000000000000e+00 0.000000000000000000e+00 1.000000000000000000e+00
1.000000000000000000e+00 5.530000000000000000e+02 3.099999999999999645e+00 0.000000000000000000e+00 1.256972585780309348e-01 2.572871233746840680e-01 1.585031711817529165e-03 0.000000000000000000e+00 0.000000000000000000e+00 7.810000000000000000e+02 0.000000000000000000e+00 0.000000000000000000e+00 1.000000000000000000e+00
1.000000000000000000e+00 5.530000000000000000e+02 3.109999999999999876e+00 0.000000000000000000e+00 1.416106588887243167e-01 2.581801094115073192e-01 1.464161250181568452e-03 0.000000000000000000e+00 0.000000000000000000e+00 7.810000000000000000e+02 0.000000000000000000e+00 0.000000000000000000e+00 1.000000000000000000e+00
1.000000000000000000e+00 5.530000000000000000e+02 3.119999999999999662e+00 0.000000000000000000e+00 1.575906889739144279e-01 2.578587418720702518e-01 1.325642749935381295e-03 0.000000000000000000e+00 0.000000000000000000e+00 7.810000000000000000e+02 0.000000000000000000e+00 0.000000000000000000e+00 1.000000000000000000e+00
1.000000000000000000e+00 5.530000000000000000e+02 3.129999999999999893e+00 0.000000000000000000e+00 1.736447295740313757e-01 2.563224269641807829e-01 1.174853499462669149e-03 0.000000000000000000e+00 0.000000000000000000e+00 7.810000000000000000e+02 0.000000000000000000e+00 0.000000000000000000e+00 1.000000000000000000e+00
1.000000000000000000e+00 5.530000000000000000e+02 3.139999999999999680e+00 0.000000000000000000e+00 1.897801956129451795e-01 2.535683260321406896e-01 1.017268253293715854e-03 0.000000000000000000e+00 0.000000000000000000e+00 7.810000000000000000e+02 0.000000000000000000e+00 0.000000000000000000e+00 1.000000000000000000e+00
1.000000000000000000e+00 5.530000000000000000e+02 3.149999999999999911e+00 0.000000000000000000e+00 2.060045396227172532e-01 2.495913503117498933e-01 8.583218565828007809e-04 0.000000000000000000e+00 0.000000000000000000e+00 7.810000000000000000e+02 0.000000000000000000e+00 0.000000000000000000e+00 1.000000000000000000e+00
1.000000000000000000e+00 5.530000000000000000e+02 3.159999999999999698e+00 0.000000000000000000e+00 2.223252551857216597e-01 2.443841515277740128e-01 7.032590418420484046e-04 0.000000000000000000e+00 0.000000000000000000e+00 7.810000000000000000e+02 0.000000000000000000e+00 0.000000000000000000e+00 1.000000000000000000e+00
1.000000000000000000e+00 5.530000000000000000e+02 3.169999999999999929e+00 0.000000000000000000e+00 2.387498803957267268e-01 2.379371083165047751e-01 5.569646173500591643e-04 0.000000000000000000e+00 0.000000000000000000e+00 7.810000000000000000e+02 0.000000000000000000e+00 0.000000000000000000e+00 1.000000000000000000e+00
1.000000000000000000e+00 5.530000000000000000e+02 3.179999999999999716e+00 0.000000000000000000e+00 2.552860013395351069e-01 2.302383084483249631e-01 4.237693501122057754e-04 0.000000000000000000e+00 0.000000000000000000e+00 7.810000000000000000e+02 0.000000000000000000e+00 0.000000000000000000e+00 1.000000000000000000e+00
1.000000000000000000e+00 5.530000000000000000e+02 3.189999999999999947e+00 0.000000000000000000e+00 2.719412556007905768e-01 2.212735268174303160e-01 3.072307546638994302e-04 0.000000000000000000e+00 0.000000000000000000e+00 7.810000000000000000e+02 0.000000000000000000e+00 0.000000000000000000e+00 1.000000000000000000e+00
1.000000000000000000e+00 5.530000000000000000e+02 3.199999999999999734e+00 0.000000000000000000e+00 2.887233357875698125e-01 2.110261991580389129e-01 2.098951184550637734e-04 0.000000000000000000e+00 0.000000000000000000e+00 7.810000000000000000e+02 0.000000000000000000e+00 0.000000000000000000e+00 1.000000000000000000e+00
1.000000000000000000e+00 5.530000000000000000e+02 3.209999999999999964e+00 0.000000000000000000e+00 3.056399930853884173e-01 1.994773914385273295e-01 1.330593134048366297e-04 0.000000000000000000e+00 0.000000000000000000e+00 7.810000000000000000e+02 0.000000000000000000e+00 0.000000000000000000e+00 1.000000000000000000e+00
1.000000000000000000e+00 5.530000000000000000e+02 3.219999999999999751e+00 0.000000000000000000e+00 3.226990408372622521e-01 1.866057648769371968e-01 7.657030474961137693e-05 0.000000000000000000e+00 0.000000000000000000e+00 7.810000000000000000e+02 0.000000000000000000e+00 0.000000000000000000e+00 1.000000000000000000e+00
1.000000000000000000e+00 5.530000000000000000e+02 3.229999999999999982e+00 0.000000000000000000e+00 3.399083581524776632e-01 1.723875365132163107e-01 3.872748315212010215e-05 0.000000000000000000e+00 0.000000000000000000e+00 7.810000000000000000e+02 0.000000000000000000e+00 0.000000000000000000e+00 1.000000000000000000e+00
1.000000000000000000e+00 5.530000000000000000e+02 3.239999999999999769e+00 0.000000000000000000e+00 3.572758935457372997e-01 1.567964352653399840e-01 1.638317042009870979e-05 0.000000000000000000e+00 0.000000000000000000e+00 7.810000000000000000e+02 0.000000000000000000e+00 0.000000000000000000e+00 1.000000000000000000e+00
1.000000000000000000e+00 5.530000000000000000e+02 3.250000000000000000e+00 0.000000000000000000e+00 3.748096686083626228e-01 1.398036533881195365e-01 5.350170763502345560e-06 0.000000000000000000e+00 0.000000000000000000e+00 7.810000000000000000e+02 0.000000000000000000e+00 0.000000000000000000e+00 1.000000000000000000e+00
1.000000000000000000e+00 5.530000000000000000e+02 3.259999999999999787e+00 0.000000000000000000e+00 3.925177817132480818e-01 1.213777932450068736e-01 1.173611344723475130e-06 0.000000000000000000e+00 0.000000000000000000e+00 7.810000000000000000e+02 0.000000000000000000e+00 0.000000000000000000e+00 1.000000000000000000e+00
1.000000000000000000e+00 5.530000000000000000e+02 3.270000000000000018e+00 0.000000000000000000e+00 4.104084117552792565e-01 1.014848092945456470e-01 1.326796880140472216e-07 0.000000000000000000e+00 0.000000000000000000e+00 7.810000000000000000e+02 0.000000000000000000e+00 0.000000000000000000e+00 1.000000000000000000e+00
1.000000000000000000e+00 5.530000000000000000e+02 3.279999999999999805e+00 0.000000000000000000e+00 4.284898219289409727e-01 8.008794518427707343e-02 4.340479814677177040e-09 0.000000000000000000e+00 0.000000000000000000e+00 7.810000000000000000e+02 0.000000000000000000e+00 0.000000000000000000e+00 1.000000000000000000e+00
1.000000000000000000e+00 5.530000000000000000e+02 3.290000000000000036e+00 0.000000000000000000e+00 4.467703635448624366e-01 5.714766583586861765e-02 8.710094451539624894e-12 0.000000000000000000e+00 0.000000000000000000e+00 7.810000000000000000e+02 0.000000000000000000e+00 0.000000000000000000e+00 1.000000000000000000e+00
1.000000000000000000e+00 5.530000000000000000e+02 3.299999999999999822e+00 0.000000000000000000e+00 4.652584798870588734e-01 3.262158439597877269e-02 2.294311844550286042e-18 0.000000000000000000e+00 0.000000000000000000e+00 7.810000000000000000e+02 0.000000000000000000e+00 0.000000000000000000e+00 1.000000000000000000e+00
1.000000000000000000e+00 5.530000000000000000e+02 3.310000000000000053e+00 0.000000000000000000e+00 4.839627101126559583e-01 6.464383917884927548e-03 1.838212586291369030e-63 1.000000000000000000e+00 1.000000000000000000e+00 7.810000000000000000e+02 0.000000000000000000e+00 0.000000000000000000e+00 1.000000000000000000e+00
1.000000000000000000e+00 5.530000000000000000e+02 3.319999999999999840e+00 0.000000000000000000e+00 4.855087238188069976e-01 2.850656330297587915e-02 7.663126296060198863e-21 0.000000000000000000e+00 0.000000000000000000e+00 7.810000000000000000e+02 0.000000000000000000e+00 0.000000000000000000e+00 1.000000000000000000e+00
1.000000000000000000e+00 5.530000000000000000e+02 3.330000000000000071e+00 0.000000000000000000e+00 4.872802044441978953e-01 4.119497600692738348e-02 1.059486014358570209e-15 0.000000000000000000e+00 0.000000000000000000e+00 7.810000000000000000e+02 0.000000000000000000e+00 0.000000000000000000e+00 1.000000000000000000e+00
1.000000000000000000e+00 5.530000000000000000e+02 3.339999999999999858e+00 0.000000000000000000e+00 4.892779701874556131e-01 4.455306646475481330e-02 8.079720656698104502e-15 0.000000000000000000e+00 0.000000000000000000e+00 7.810000000000000000e+02 0.000000000000000000e+00 0.000000000000000000e+00 1.000000000000000000e+00
1.000000000000000000e+00 5.530000000000000000e+02 3.349999999999999645e+00 0.000000000000000000e+00 4.915029437621366015e-01 3.858703943471685632e-02 1.394415191517941502e-16 0.000000000000000000e+00 0.000000000000000000e+00 7.810000000000000000e+02 0.000000000000000000e+00 0.000000000000000000e+00 1.000000000000000000e+00
1.000000000000000000e+00 5.530000000000000000e+02 3.359999999999999876e+00 0.000000000000000000e+00 4.939561528229030052e-01 2.328587146287414492e-02 1.221960062780784760e-24 1.000000000000000000e+00 0.000000000000000000e+00 7.810000000000000000e+02 0.000000000000000000e+00 0.000000000000000000e+00 1.000000000000000000e+00
1.000000000000000000e+00 5.530000000000000000e+02 3.369999999999999662e+00 0.000000000000000000e+00 4.932191088672994161e-01 4.898289454647457297e-02 7.608919158928152706e-14 0.000000000000000000e+00 0.000000000000000000e+00 7.810000000000000000e+02 0.000000000000000000e+00 0.000000000000000000e+00 1.000000000000000000e+00
1.000000000000000000e+00 5.530000000000000000e+02 3.379999999999999893e+00 0.000000000000000000e+00 4.927110930476766293e-01 7.351715463645858151e-02 2.993552472086771864e-10 0.000000000000000000e+00 0.000000000000000000e+00 7.810000000000000000e+02 0.000000000000000000e+00 0.000000000000000000e+00 1.000000000000000000e+00
1.000000000000000000e+00 5.530000000000000000e+02 3.389999999999999680e+00 0.000000000000000000e+00 4.924318707253713123e-01 9.693398379127590725e-02 1.977533247295788272e-08 0.000000000000000000e+00 0.000000000000000000e+00 7.810000000000000000e+02 0.000000000000000000e+00 0.000000000000000000e+00 1.000000000000000000e+00
1.000000000000000000e+00 5.530000000000000000e+02 3.399999999999999911e+00 0.000000000000000000e+00 4.923813129352018758e-01 1.192766493874058142e-01 2.531919663792346937e-07 0.000000000000000000e+00 0.000000000000000000e+00 7.810000000000000000e+02 0.000000000000000000e+00 0.000000000000000000e+00 1.000000000000000000e+00
1.000000000000000000e+00 5.530000000000000000e+02 3.409999999999999698e+00 0.000000000000000000e+00 4.925593963259026764e-01 1.405864340646758304e-01 1.417074584371255045e-06 0.000000000000000000e+00 0.000000000000000000e+00 7.810000000000000000e+02 0.000000000000000000e+00 0.000000000000000000e+00 1.000000000000000000e+00
1.000000000000000000e+00 5.530000000000000000e+02 3.419999999999999929e+00 0.000000000000000000e+00 4.929662031493389773e-01 1.609027120043735881e-01 4.917846986347872758e-06 0.000000000000000000e+00 0.000000000000000000e+00 7.810000000000000000e+02 0.000000000000000000e+00 0.000000000000000000e+00 1.000000000000000000e+00
1.000000000000000000e+00 5.530000000000000000e+02 3.429999999999999716e+00 0.000000000000000000e+00 4.936019212984968929e-01 1.802630216810918451e-01 1.261549605092098869e-05 0.000000000000000000e+00 0.000000000000000000e+00 7.810000000000000000e+02 0.000000000000000000e+00 0.000000000000000000e+00 1.000000000000000000e+00
1.000000000000000000e+00 5.530000000000000000e+02 3.439999999999999947e+00 0.000000000000000000e+00 4.944668443942656366e-01 1.987031352227308645e-01 2.639024285949222431e-05 0.000000000000000000e+00 0.000000000000000000e+00 7.810000000000000000e+02 0.000000000000000000e+00 0.000000000000000000e+00 1.000000000000000000e+00
1.000000000000000000e+00 5.530000000000000000e+02 3.449999999999999734e+00 0.000000000000000000e+00 4.955613719210534840e-01 2.162571245068128090e-01 4.777134437274033977e-05 0.000000000000000000e+00 0.000000000000000000e+00 7.810000000000000000e+02 0.000000000000000000e+00 0.000000000000000000e+00 1.000000000000000000e+00
1.000000000000000000e+00 5.530000000000000000e+02 3.459999999999999964e+00 0.000000000000000000e+00 4.968860094112986237e-01 2.329574241152383707e-01 7.773151341348028681e-05 0.000000000000000000e+00 0.000000000000000000e+00 7.810000000000000000e+02 0.000000000000000000e+00 0.000000000000000000e+00 1.000000000000000000e+00
1.000000000000000000e+00 5.530000000000000000e+02 3.469999999999999751e+00 0.000000000000000000e+00 4.984413686789603282e-01 2.488348912638026211e-01 1.166342159379528572e-04 0.000000000000000000e+00 0.000000000000000000e+00 7.810000000000000000e+02 0.000000000000000000e+00 0.000000000000000000e+00 1.000000000000000000e+00
1.000000000000000000e+00 5.530000000000000000e+02 3.479999999999999982e+00 0.000000000000000000e+00 5.002281681020999127e-01 2.639188628172074447e-01 1.642816933495041751e-04 0.000000000000000000e+00 0.000000000000000000e+00 7.810000000000000000e+02 0.000000000000000000e+00 0.000000000000000000e+00 1.000000000000000000e+00
1.000000000000000000e+00 5.530000000000000000e+02 3.489999999999999769e+00 0.000000000000000000e+00 5.022472329546794345e-01 2.782372094949121522e-01 2.200139048545903669e-04 0.000000000000000000e+00 0.000000000000000000e+00 7.810000000000000000e+02 0.000000000000000000e+00 0.000000000000000000e+00 1.000000000000000000e+00
1.000000000000000000e+00 5.530000000000000000e+02 3.500000000000000000e+00 0.000000000000000000e+00 5.044994957877335651e-01 2.918163873679829878e-01 2.828235576065340519e-04 0.000000000000000000e+00 0.000000000000000000e+00 7.810000000000000000e+02 0.000000000000000000e+00 0.000000000000000000e+00 1.000000000000000000e+00
1.000000000000000000e+00 5.530000000000000000e+02 3.509999999999999787e+00 0.000000000000000000e+00 5.069859968600890499e-01 3.046814867420898354e-01 3.514669229306550090e-04 0.000000000000000000e+00 0.000000000000000000e+00 7.810000000000000000e+02 0.000000000000000000e+00 0.000000000000000000e+00 1.000000000000000000e+00
1.000000000000000000e+00 5.530000000000000000e+02 3.520000000000000018e+00 0.000000000000000000e+00 5.097078846188326517e-01 3.168562785169727336e-01 4.245605782729148375e-04 0.000000000000000000e+00 0.000000000000000000e+00 7.810000000000000000e+02 0.000000000000000000e+00 0.000000000000000000e+00 1.000000000000000000e+00
1.000000000000000000e+00 5.530000000000000000e+02 3.529999999999999805e+00 0.000000000000000000e+00 5.126664162297467353e-01 3.283632581080352386e-01 5.006606651369724034e-04 0.000000000000000000e+00 0.000000000000000000e+00 7.810000000000000000e+02 0.000000000000000000e+00 0.000000000000000000e+00 1.000000000000000000e+00
1.000000000000000000e+00 5.530000000000000000e+02 3.540000000000000036e+00 0.000000000000000000e+00 5.158629581579605716e-01 3.392236870112219638e-01 5.783247976864705486e-04 0.000000000000000000e+00 0.000000000000000000e+00 7.810000000000000000e+02 0.000000000000000000e+00 0.000000000000000000e+00 1.000000000000000000e+00
1.000000000000000000e+00 5.530000000000000000e+02 3.549999999999999822e+00 0.000000000000000000e+00 5.192989867990828179e-01 3.494576320879755893e-01 6.561584519796824153e-04 0.000000000000000000e+00 0.000000000000000000e+00 7.810000000000000000e+02 0.000000000000000000e+00 0.000000000000000000e+00 1.000000000000000000e+00
1.000000000000000000e+00 5.530000000000000000e+02 3.560000000000000053e+00 0.000000000000000000e+00 5.229760891611088258e-01 3.590840026428643306e-01 7.328482866256740696e-04 0.000000000000000000e+00 0.000000000000000000e+00 7.810000000000000000e+02 0.000000000000000000e+00 0.000000000000000000e+00 1.000000000000000000e+00
1.000000000000000000e+00 5.530000000000000000e+02 3.569999999999999840e+00 0.000000000000000000e+00 5.268959635974161948e-01 3.681205853623849555e-01 8.071848929693181338e-04 0.000000000000000000e+00 0.000000000000000000e+00 7.810000000000000000e+02 0.000000000000000000e+00 0.000000000000000000e+00 1.000000000000000000e+00
1.000000000000000000e+00 5.530000000000000000e+02 3.580000000000000071e+00 0.000000000000000000e+00 5.310604205911878539e-01 3.765840771795011532e-01 8.780772466868373011e-04 0.000000000000000000e+00 0.000000000000000000e+00 7.810000000000000000e+02 0.000000000000000000e+00 0.000000000000000000e+00 1.000000000000000000e+00
1.000000000000000000e+00 5.530000000000000000e+02 3.589999999999999858e+00 0.000000000000000000e+00 5.354713835916251607e-01 3.844901161246375154e-01 9.445608016556278352e-04 0.000000000000000000e+00 0.000000000000000000e+00 7.810000000000000000e+02 0.000000000000000000e+00 0.000000000000000000e+00 1.000000000000000000e+00
1.000000000000000000e+00 5.530000000000000000e+02 3.599999999999999645e+00 0.000000000000000000e+00 5.401308899023362642e-01 3.918533102201374185e-01 1.005800819947763602e-03 0.000000000000000000e+00 0.000000000000000000e+00 7.810000000000000000e+02 0.000000000000000000e+00 0.000000000000000000e+00 1.000000000000000000e+00
1.000000000000000000e+00 5.530000000000000000e+02 3.609999999999999876e+00 0.000000000000000000e+00 5.450410916223115132e-01 3.986872644715676595e-01 1.061092211246717626e-03 0.000000000000000000e+00 0.000000000000000000e+00 7.810000000000000000e+02 0.000000000000000000e+00 0.000000000000000000e+00 1.000000000000000000e+00
1.000000000000000000e+00 5.530000000000000000e+02 3.619999999999999662e+00 0.000000000000000000e+00 5.502042566399192314e-01 4.050046060057478914e-01 1.109856877750243359e-03 0.000000000000000000e+00 0.000000000000000000e+00 7.810000000000000000e+02 0.000000000000000000e+00 0.000000000000000000e+00 1.000000000000000000e+00
1.000000000000000000e+00 5.530000000000000000e+02 3.629999999999999893e+00 0.000000000000000000e+00 5.556227696803809346e-01 4.108170074019455997e-01 1.151639330149906854e-03 0.000000000000000000e+00 0.000000000000000000e+00 7.810000000000000000e+02 0.000000000000000000e+00 0.000000000000000000e+00 1.000000000000000000e+00
1.000000000000000000e+00 5.530000000000000000e+02 3.639999999999999680e+00 0.000000000000000000e+00 5.612991334072126026e-01 4.161352082593524626e-01 1.186101153578100059e-03 0.000000000000000000e+00 0.000000000000000000e+00 7.810000000000000000e+02 0.000000000000000000e+00 0.000000000000000000e+00 1.000000000000000000e+00
1.000000000000000000e+00 5.530000000000000000e+02 3.649999999999999911e+00 0.000000000000000000e+00 5.672359695781347133e-01 4.209690350406870563e-01 1.213014753861192327e-03 0.000000000000000000e+00 0.000000000000000000e+00 7.810000000000000000e+02 0.000000000000000000e+00 0.000000000000000000e+00 1.000000000000000000e+00
1.000000000000000000e+00 5.530000000000000000e+02 3.659999999999999698e+00 0.000000000000000000e+00 5.734360202559918296e-01 4.253274192285946831e-01 1.232256697739709042e-03 0.000000000000000000e+00 0.000000000000000000e+00 7.810000000000000000e+02 0.000000000000000000e+00 0.000000000000000000e+00 1.000000000000000000e+00
1.000000000000000000e+00 5.530000000000000000e+02 3.669999999999999929e+00 0.000000000000000000e+00 5.799021490752369612e-01 4.292184138283832717e-01 1.243800869958653493e-03 0.000000000000000000e+00 0.000000000000000000e+00 7.810000000000000000e+02 0.000000000000000000e+00 0.000000000000000000e+00 1.000000000000000000e+00
1.000000000000000000e+00 5.530000000000000000e+02 3.679999999999999716e+00 0.000000000000000000e+00 5.866373425645651229e-01 4.326492082475992262e-01 1.247711600062404586e-03 0.000000000000000000e+00 0.000000000000000000e+00 7.810000000000000000e+02 0.000000000000000000e+00 0.000000000000000000e+00 1.000000000000000000e+00
1.000000000000000000e+00 5.530000000000000000e+02 3.689999999999999947e+00 0.000000000000000000e+00 5.936447115263104868e-01 4.356261415799249637e-01 1.244136857951820552e-03 0.000000000000000000e+00 0.000000000000000000e+00 7.810000000000000000e+02 0.000000000000000000e+00 0.000000000000000000e+00 1.000000000000000000e+00
1.000000000000000000e+00 5.530000000000000000e+02 3.699999999999999734e+00 0.000000000000000000e+00 6.009274924732415091e-01 4.381547143179500559e-01 1.233301576191557156e-03 0.000000000000000000e+00 0.000000000000000000e+00 7.810000000000000000e+02 0.000000000000000000e+00 0.000000000000000000e+00 1.000000000000000000e+00
1.000000000000000000e+00 5.530000000000000000e+02 3.709999999999999964e+00 0.000000000000000000e+00 6.084890491234167254e-01 4.402395985164564984e-01 1.215501125822207595e-03 0.000000000000000000e+00 0.000000000000000000e+00 7.810000000000000000e+02 0.000000000000000000e+00 0.000000000000000000e+00 1.000000000000000000e+00
1.000000000000000000e+00 5.530000000000000000e+02 3.719999999999999751e+00 0.000000000000000000e+00 6.163328739537956569e-01 4.418846464249915340e-01 1.191094948776930465e-03 0.000000000000000000e+00 0.000000000000000000e+00 7.810000000000000000e+02 0.000000000000000000e+00 0.000000000000000000e+00 1.000000000000000000e+00
1.000000000000000000e+00 5.530000000000000000e+02 3.729999999999999982e+00 0.000000000000000000e+00 6.244625898133180364e-01 4.430928976056890956e-01 1.160500332175502455e-03 0.000000000000000000e+00 0.000000000000000000e+00 7.810000000000000000e+02 0.000000000000000000e+00 0.000000000000000000e+00 1.000000000000000000e+00
1.000000000000000000e+00 5.530000000000000000e+02 3.739999999999999769e+00 0.000000000000000000e+00 6.328819515961993103e-01 4.438665845494800810e-01 1.124186296428828641e-03 0.000000000000000000e+00 0.000000000000000000e+00 7.810000000000000000e+02 0.000000000000000000e+00 0.000000000000000000e+00 1.000000000000000000e+00
1.000000000000000000e+00 5.530000000000000000e+02 3.750000000000000000e+00 0.000000000000000000e+00 6.415948479762134671e-01 4.442071368010755417e-01 1.082667559237067076e-03 0.000000000000000000e+00 0.000000000000000000e+00 7.810000000000000000e+02 0.000000000000000000e+00 0.000000000000000000e+00 1.000000000000000000e+00
1.000000000000000000e+00 5.530000000000000000e+02 3.759999999999999787e+00 0.000000000000000000e+00 6.506053032027667715e-01 4.441151836003435216e-01 1.036498530474881316e-03 0.000000000000000000e+00 0.000000000000000000e+00 7.810000000000000000e+02 0.000000000000000000e+00 0.000000000000000000e+00 1.000000000000000000e+00
1.000000000000000000e+00 5.530000000000000000e+02 3.770000000000000018e+00 0.000000000000000000e+00 6.599174789595874113e-01 4.435905550449570911e-01 9.862672881361372185e-04 0.000000000000000000e+00 0.000000000000000000e+00 7.810000000000000000e+02 0.000000000000000000e+00 0.000000000000000000e+00 1.000000000000000000e+00
1.000000000000000000e+00 5.530000000000000000e+02 3.779999999999999805e+00 0.000000000000000000e+00 6.695356762868945877e-01 4.426322817764665185e-01 9.325894826522924258e-04 0.000000000000000000e+00 0.000000000000000000e+00 7.810000000000000000e+02 0.000000000000000000e+00 0.000000000000000000e+00 1.000000000000000000e+00
1.000000000000000000e+00 5.530000000000000000e+02 3.790000000000000036e+00 0.000000000000000000e+00 6.794643375679315644e-01 4.412385931892098823e-01 8.761021158776209974e-04 0.000000000000000000e+00 0.000000000000000000e+00 7.810000000000000000e+02 0.000000000000000000e+00 0.000000000000000000e+00 1.000000000000000000e+00
1.000000000000000000e+00 5.530000000000000000e+02 3.799999999999999822e+00 0.000000000000000000e+00 6.897080485807813854e-01 4.394069141587586547e-01 8.174571418758658226e-04 0.000000000000000000e+00 0.000000000000000000e+00 7.810000000000000000e+02 0.000000000000000000e+00 0.000000000000000000e+00 1.000000000000000000e+00
1.000000000000000000e+00 5.530000000000000000e+02 3.810000000000000053e+00 0.000000000000000000e+00 7.002715406164133904e-01 4.371338602838480414e-01 7.573148395287679358e-04 0.000000000000000000e+00 0.000000000000000000e+00 7.810000000000000000e+02 0.000000000000000000e+00 0.000000000000000000e+00 1.000000000000000000e+00
1.000000000000000000e+00 5.530000000000000000e+02 3.819999999999999840e+00 0.000000000000000000e+00 7.111596926639360827e-01 4.344152316330056052e-01 6.963369122484882115e-04 0.000000000000000000e+00 0.000000000000000000e+00 7.810000000000000000e+02 0.000000000000000000e+00 0.000000000000000000e+00 1.000000000000000000e+00
1.000000000000000000e+00 5.530000000000000000e+02 3.830000000000000071e+00 0.000000000000000000e+00 7.223775336640714251e-01 4.312460049843181431e-01 6.351792782016167302e-04 0.000000000000000000e+00 0.000000000000000000e+00 7.810000000000000000e+02 0.000000000000000000e+00 0.000000000000000000e+00 1.000000000000000000e+00
1.000000000000000000e+00 5.530000000000000000e+02 3.839999999999999858e+00 0.000000000000000000e+00 7.339302448318839600e-01 4.276203245440036160e-01 5.744845260942628776e-04 0.000000000000000000e+00 0.000000000000000000e+00 7.810000000000000000e+02 0.000000000000000000e+00 0.000000000000000000e+00 1.000000000000000000e+00
1.000000000000000000e+00 5.530000000000000000e+02 3.849999999999999645e+00 0.000000000000000000e+00 7.458231620498428915e-01 4.235314911266359061e-01 5.148740275465321301e-04 0.000000000000000000e+00 0.000000000000000000e+00 7.810000000000000000e+02 0.000000000000000000e+00 0.000000000000000000e+00 1.000000000000000000e+00
1.000000000000000000e+00 5.530000000000000000e+02 3.859999999999999876e+00 0.000000000000000000e+00 7.580617783323211345e-01 4.189719497770301726e-01 4.569397183888978045e-04 0.000000000000000000e+00 0.000000000000000000e+00 7.810000000000000000e+02 0.000000000000000000e+00 0.000000000000000000e+00 1.000000000000000000e+00
1.000000000000000000e+00 5.530000000000000000e+02 3.869999999999999662e+00 0.000000000000000000e+00 7.706517463626700870e-01 4.139332758109204868e-01 4.012355889865997297e-04 0.000000000000000000e+00 0.000000000000000000e+00 7.810000000000000000e+02 0.000000000000000000e+00 0.000000000000000000e+00 1.000000000000000000e+00
1.000000000000000000e+00 5.530000000000000000e+02 3.879999999999999893e+00 0.000000000000000000e+00 7.835988811040373037e-01 4.084061592486331604e-01 3.482689591980318682e-04 0.000000000000000000e+00 0.000000000000000000e+00 7.810000000000000000e+02 0.000000000000000000e+00 0.000000000000000000e+00 1.000000000000000000e+00
1.000000000000000000e+00 5.530000000000000000e+02 3.889999999999999680e+00 0.000000000000000000e+00 7.969091624851418754e-01 4.023803876129978252e-01 2.984916580903982687e-04 0.000000000000000000e+00 0.000000000000000000e+00 7.810000000000000000e+02 0.000000000000000000e+00 0.000000000000000000e+00 1.000000000000000000e+00
1.000000000000000000e+00 5.530000000000000000e+02 3.899999999999999911e+00 0.000000000000000000e+00 8.105887381622406407e-01 3.958448270597093588e-01 2.522912832433293721e-04 0.000000000000000000e+00 0.000000000000000000e+00 7.810000000000000000e+02 0.000000000000000000e+00 0.000000000000000000e+00 1.000000000000000000e+00
1.000000000000000000e+00 5.530000000000000000e+02 3.909999999999999698e+00 0.000000000000000000e+00 8.246439263585606527e-01 3.887874018052744352e-01 2.099827801723317365e-04 0.000000000000000000e+00 0.000000000000000000e+00 7.810000000000000000e+02 0.000000000000000000e+00 0.000000000000000000e+00 1.000000000000000000e+00
1.000000000000000000e+00 5.530000000000000000e+02 3.919999999999999929e+00 0.000000000000000000e+00 8.390812187825169577e-01 3.811950718145357131e-01 1.718006591294668831e-04 0.000000000000000000e+00 0.000000000000000000e+00 7.810000000000000000e+02 0.000000000000000000e+00 0.000000000000000000e+00 1.000000000000000000e+00
1.000000000000000000e+00 5.530000000000000000e+02 3.929999999999999716e+00 0.000000000000000000e+00 8.539072836260541699e-01 3.730538087065414232e-01 1.378922529273016347e-04 0.000000000000000000e+00 0.000000000000000000e+00 7.810000000000000000e+02 0.000000000000000000e+00 0.000000000000000000e+00 1.000000000000000000e+00
1.000000000000000000e+00 5.530000000000000000e+02 3.939999999999999947e+00 0.000000000000000000e+00 8.691289686445041740e-01 3.643485698342456280e-01 1.083125118290196535e-04 0.000000000000000000e+00 0.000000000000000000e+00 7.810000000000000000e+02 0.000000000000000000e+00 0.000000000000000000e+00 1.000000000000000000e+00
1.000000000000000000e+00 5.530000000000000000e+02 3.949999999999999734e+00 0.000000000000000000e+00 8.847533043193753777e-01 3.550632704901441894e-01 8.302092274207811470e-05 0.000000000000000000e+00 0.000000000000000000e+00 7.810000000000000000e+02 0.000000000000000000e+00 0.000000000000000000e+00 1.000000000000000000e+00
1.000000000000000000e+00 5.530000000000000000e+02 3.959999999999999964e+00 0.000000000000000000e+00 9.007875071055434502e-01 3.451807541864913009e-01 6.188121751920854993e-05 0.000000000000000000e+00 0.000000000000000000e+00 7.810000000000000000e+02 0.000000000000000000e+00 0.000000000000000000e+00 1.000000000000000000e+00
1.000000000000000000e+00 5.530000000000000000e+02 3.969999999999999751e+00 0.000000000000000000e+00 9.172389827643318005e-01 3.346827609551824567e-01 4.466457947593005431e-05 0.000000000000000000e+00 0.000000000000000000e+00 7.810000000000000000e+02 0.000000000000000000e+00 0.000000000000000000e+00 1.000000000000000000e+00
1.000000000000000000e+00 5.530000000000000000e+02 3.979999999999999982e+00 0.000000000000000000e+00 9.341153297840345537e-01 3.235498936087327082e-01 3.105703939467331209e-05 0.000000000000000000e+00 0.000000000000000000e+00 7.810000000000000000e+02 0.000000000000000000e+00 0.000000000000000000e+00 1.000000000000000000e+00
1.000000000000000000e+00 5.530000000000000000e+02 3.989999999999999769e+00 0.000000000000000000e+00 9.514243428894481047e-01 3.117615819000098543e-01 2.067163283270696513e-05 0.000000000000000000e+00 0.000000000000000000e+00 7.810000000000000000e+02 0.000000000000000000e+00 0.000000000000000000e+00 1.000000000000000000e+00
1.000000000000000000e+00 5.530000000000000000e+02 4.000000000000000000e+00 0.000000000000000000e+00 9.691740166420437230e-01 2.992960445144989268e-01 1.306562036151257813e-05 0.000000000000000000e+00 0.000000000000000000e+00 7.810000000000000000e+02 0.000000000000000000e+00 0.000000000000000000e+00 1.000000000000000000e+00
1.000000000000000000e+00 5.530000000000000000e+02 4.009999999999999787e+00 0.000000000000000000e+00 9.873725491324377712e-01 2.861302488248742004e-01 7.762598744568869561e-06 0.000000000000000000e+00 0.000000000000000000e+00 7.810000000000000000e+02 0.000000000000000000e+00 0.000000000000000000e+00 1.000000000000000000e+00
1.000000000000000000e+00 5.530000000000000000e+02 4.019999999999999574e+00 0.000000000000000000e+00 1.006028345766865728e+00 2.722398683335137126e-01 4.278613575601231405e-06 0.000000000000000000e+00 0.000000000000000000e+00 7.810000000000000000e+02 0.000000000000000000e+00 0.000000000000000000e+00 1.000000000000000000e+00
1.000000000000000000e+00 5.530000000000000000e+02 4.030000000000000249e+00 0.000000000000000000e+00 1.025150023149409284e+00 2.575992377243238596e-01 2.150426036746047760e-06 0.000000000000000000e+00 0.000000000000000000e+00 7.810000000000000000e+02 0.000000000000000000e+00 0.000000000000000000e+00 1.000000000000000000e+00
1.000000000000000000e+00 5.530000000000000000e+02 4.040000000000000036e+00 0.000000000000000000e+00 1.044746413061774737e+00 2.421813054408251120e-01 9.629880531500210764e-07 0.000000000000000000e+00 0.000000000000000000e+00 7.810000000000000000e+02 0.000000000000000000e+00 0.000000000000000000e+00 1.000000000000000000e+00
1.000000000000000000e+00 5.530000000000000000e+02 4.049999999999999822e+00 0.000000000000000000e+00 1.064826566542447228e+00 2.259575837028729162e-01 3.722064615510729081e-07 0.000000000000000000e+00 0.000000000000000000e+00 7.810000000000000000e+02 0.000000000000000000e+00 0.000000000000000000e+00 1.000000000000000000e+00
1.000000000000000000e+00 5.530000000000000000e+02 4.059999999999999609e+00 0.000000000000000000e+00 1.085399758067122855e+00 2.088980958696635970e-01 1.187126462457193333e-07 0.000000000000000000e+00 0.000000000000000000e+00 7.810000000000000000e+02 0.000000000000000000e+00 0.000000000000000000e+00 1.000000000000000000e+00
1.000000000000000000e+00 5.530000000000000000e+02 4.070000000000000284e+00 0.000000000000000000e+00 1.106475489832333015e+00 1.909713210517658410e-01 2.925654227730057568e-08 0.000000000000000000e+00 0.000000000000000000e+00 7.810000000000000000e+02 0.000000000000000000e+00 0.000000000000000000e+00 1.000000000000000000e+00
1.000000000000000000e+00 5.530000000000000000e+02 4.080000000000000071e+00 0.000000000000000000e+00 1.128063496144252831e+00 1.721441358698366508e-01 5.040469242157036394e-09 0.000000000000000000e+00 0.000000000000000000e+00 7.810000000000000000e+02 0.000000000000000000e+00 0.000000000000000000e+00 1.000000000000000000e+00
1.000000000000000000e+00 5.530000000000000000e+02 4.089999999999999858e+00 0.000000000000000000e+00 1.150173747914710276e+00 1.523817532524101848e-01 5.169486042621183409e-10 0.000000000000000000e+00 0.000000000000000000e+00 7.810000000000000000e+02 0.000000000000000000e+00 0.000000000000000000e+00 1.000000000000000000e+00
1.000000000000000000e+00 5.530000000000000000e+02 4.099999999999999645e+00 0.000000000000000000e+00 1.172816457266480317e+00 1.316476581596753292e-01 2.395918578757393998e-11 0.000000000000000000e+00 0.000000000000000000e+00 7.810000000000000000e+02 0.000000000000000000e+00 0.000000000000000000e+00 1.000000000000000000e+00
1.000000000000000000e+00 5.530000000000000000e+02 4.109999999999999432e+00 0.000000000000000000e+00 1.196002082249982612e+00 1.099035401144789204e-01 2.994654969366771198e-13 0.000000000000000000e+00 0.000000000000000000e+00 7.810000000000000000e+02 0.000000000000000000e+00 0.000000000000000000e+00 1.000000000000000000e+00
1.000000000000000000e+00 5.530000000000000000e+02 4.120000000000000107e+00 0.000000000000000000e+00 1.219741331673573681e+00 8.710922241589144632e-02 3.376099191090159151e-16 0.000000000000000000e+00 0.000000000000000000e+00 7.810000000000000000e+02 0.000000000000000000e+00 0.000000000000000000e+00 1.000000000000000000e+00
1.000000000000000000e+00 5.530000000000000000e+02 4.129999999999999893e+00 0.000000000000000000e+00 1.244045170049652649e+00 6.322258790454286792e-02 2.066506267442071463e-21 0.000000000000000000e+00 0.000000000000000000e+00 7.810000000000000000e+02 0.000000000000000000e+00 0.000000000000000000e+00 1.000000000000000000e+00
1.000000000000000000e+00 5.530000000000000000e+02 4.139999999999999680e+00 0.000000000000000000e+00 1.268924822658869411e+00 3.819950114256529666e-02 2.862042711100605982e-33 0.000000000000000000e+00 0.000000000000000000e+00 7.810000000000000000e+02 0.000000000000000000e+00 0.000000000000000000e+00 1.000000000000000000e+00
1.000000000000000000e+00 5.530000000000000000e+02 4.149999999999999467e+00 0.000000000000000000e+00 1.294391780734778008e+00 1.199372686435349819e-02 9.505209802916520777e-89 1.000000000000000000e+00 1.000000000000000000e+00 7.810000000000000000e+02 0.000000000000000000e+00 0.000000000000000000e+00 1.000000000000000000e+00
1.000000000000000000e+00 5.530000000000000000e+02 4.160000000000000142e+00 0.000000000000000000e+00 1.273067589705199731e+00 3.823559882292636158e-02 2.388381781088666341e-33 0.000000000000000000e+00 0.000000000000000000e+00 7.810000000000000000e+02 0.000000000000000000e+00 0.000000000000000000e+00 1.000000000000000000e+00
1.000000000000000000e+00 5.530000000000000000e+02 4.169999999999999929e+00 0.000000000000000000e+00 1.252332617573518547e+00 6.333307005615600171e-02 1.644837324307901803e-21 0.000000000000000000e+00 0.000000000000000000e+00 7.810000000000000000e+02 0.000000000000000000e+00 0.000000000000000000e+00 1.000000000000000000e+00
1.000000000000000000e+00 5.530000000000000000e+02 4.179999999999999716e+00 0.000000000000000000e+00 1.232177287421148293e+00 8.733251327015677246e-02 2.623565254889087949e-16 0.000000000000000000e+00 0.000000000000000000e+00 7.810000000000000000e+02 0.000000000000000000e+00 0.000000000000000000e+00 1.000000000000000000e+00
1.000000000000000000e+00 5.530000000000000000e+02 4.189999999999999503e+00 0.000000000000000000e+00 1.212592290050336974e+00 1.102782723399242243e-01 2.290676210709140973e-13 0.000000000000000000e+00 0.000000000000000000e+00 7.810000000000000000e+02 0.000000000000000000e+00 0.000000000000000000e+00 1.000000000000000000e+00
1.000000000000000000e+00 5.530000000000000000e+02 4.200000000000000178e+00 0.000000000000000000e+00 1.193568579684503694e+00 1.322127442437047162e-01 1.810837372489214345e-11 0.000000000000000000e+00 0.000000000000000000e+00 7.810000000000000000e+02 0.000000000000000000e+00 0.000000000000000000e+00 1.000000000000000000e+00
1.000000000000000000e+00 5.530000000000000000e+02 4.209999999999999964e+00 0.000000000000000000e+00 1.175097369790238933e+00 1.531764574000754331e-01 3.868508399473451791e-10 0.000000000000000000e+00 0.000000000000000000e+00 7.810000000000000000e+02 0.000000000000000000e+00 0.000000000000000000e+00 1.000000000000000000e+00
1.000000000000000000e+00 5.530000000000000000e+02 4.219999999999999751e+00 0.000000000000000000e+00 1.157170129019045035e+00 1.732081465524783481e-01 3.739356976820562145e-09 0.000000000000000000e+00 0.000000000000000000e+00 7.810000000000000000e+02 0.000000000000000000e+00 0.000000000000000000e+00 1.000000000000000000e+00
1.000000000000000000e+00 5.530000000000000000e+02 4.229999999999999538e+00 0.000000000000000000e+00 1.139778577266939319e+00 1.923448243395737001e-01 2.153417276881167939e-08 0.000000000000000000e+00 0.000000000000000000e+00 7.810000000000000000e+02 0.000000000000000000e+00 0.000000000000000000e+00 1.000000000000000000e+00
1.000000000000000000e+00 5.530000000000000000e+02 4.240000000000000213e+00 0.000000000000000000e+00 1.122914681850097685e+00 2.106218496836521903e-01 8.673991763068994394e-08 0.000000000000000000e+00 0.000000000000000000e+00 7.810000000000000000e+02 0.000000000000000000e+00 0.000000000000000000e+00 1.000000000000000000e+00
1.000000000000000000e+00 5.530000000000000000e+02 4.250000000000000000e+00 0.000000000000000000e+00 1.106570653794780146e+00 2.280729931234682373e-01 2.700789236630100147e-07 0.000000000000000000e+00 0.000000000000000000e+00 7.810000000000000000e+02 0.000000000000000000e+00 0.000000000000000000e+00 1.000000000000000000e+00
1.000000000000000000e+00 5.530000000000000000e+02 4.259999999999999787e+00 0.000000000000000000e+00 1.090738944239813657e+00 2.447304992122112388e-01 6.941205152878605867e-07 0.000000000000000000e+00 0.000000000000000000e+00 7.810000000000000000e+02 0.000000000000000000e+00 0.000000000000000000e+00 1.000000000000000000e+00
1.000000000000000000e+00 5.530000000000000000e+02 4.269999999999999574e+00 0.000000000000000000e+00 1.075412240949978893e+00 2.606251460959052579e-01 1.540058573812875761e-06 0.000000000000000000e+00 0.000000000000000000e+00 7.810000000000000000e+02 0.000000000000000000e+00 0.000000000000000000e+00 1.000000000000000000e+00
1.000000000000000000e+00 5.530000000000000000e+02 4.280000000000000249e+00 0.000000000000000000e+00 1.060583464938688492e+00 2.757863023823228232e-01 3.044980751919035636e-06 0.000000000000000000e+00 0.000000000000000000e+00 7.810000000000000000e+02 0.000000000000000000e+00 0.000000000000000000e+00 1.000000000000000000e+00
1.000000000000000000e+00 5.530000000000000000e+02 4.290000000000000036e+00 0.000000000000000000e+00 1.046245767198397791e+00 2.902419814054882363e-01 5.490502069531501294e-06 0.000000000000000000e+00 0.000000000000000000e+00 7.810000000000000000e+02 0.000000000000000000e+00 0.000000000000000000e+00 1.000000000000000000e+00
1.000000000000000000e+00 5.530000000000000000e+02 4.299999999999999822e+00 0.000000000000000000e+00 1.032392525537231265e+00 3.040188929860361822e-01 9.185483662375653821e-06 0.000000000000000000e+00 0.000000000000000000e+00 7.810000000000000000e+02 0.000000000000000000e+00 0.000000000000000000e+00 1.000000000000000000e+00
1.000000000000000000e+00 5.530000000000000000e+02 4.309999999999999609e+00 0.000000000000000000e+00 1.019017341520376041e+00 3.171424927830629459e-01 1.444606345349272155e-05 0.000000000000000000e+00 0.000000000000000000e+00 7.810000000000000000e+02 0.000000000000000000e+00 0.000000000000000000e+00 1.000000000000000000e+00
1.000000000000000000e+00 5.530000000000000000e+02 4.320000000000000284e+00 0.000000000000000000e+00 1.006114037514817428e+00 3.296370293286572939e-01 2.157582977089264435e-05 0.000000000000000000e+00 0.000000000000000000e+00 7.810000000000000000e+02 0.000000000000000000e+00 0.000000000000000000e+00 1.000000000000000000e+00
1.000000000000000000e+00 5.530000000000000000e+02 4.330000000000000071e+00 0.000000000000000000e+00 9.936766538360584100e-01 3.415255888320185562e-01 3.084817294032453664e-05 0.000000000000000000e+00 0.000000000000000000e+00 7.810000000000000000e+02 0.000000000000000000e+00 0.000000000000000000e+00 1.000000000000000000e+00
1.000000000000000000e+00 5.530000000000000000e+02 4.339999999999999858e+00 0.000000000000000000e+00 9.816994459955047381e-01 3.528301378359450236e-01 4.249200692555321537e-05 0.000000000000000000e+00 0.000000000000000000e+00 7.810000000000000000e+02 0.000000000000000000e+00 0.000000000000000000e+00 1.000000000000000000e+00
1.000000000000000000e+00 5.530000000000000000e+02 4.349999999999999645e+00 0.000000000000000000e+00 9.701768820472418398e-01 3.635715638045100562e-01 5.668134623963445168e-05 0.000000000000000000e+00 0.000000000000000000e+00 7.810000000000000000e+02 0.000000000000000000e+00 0.000000000000000000e+00 1.000000000000000000e+00
1.000000000000000000e+00 5.530000000000000000e+02 4.360000000000000320e+00 0.000000000000000000e+00 9.591036400329793210e-01 3.737697137169199157e-01 7.352871311416657191e-05 0.000000000000000000e+00 0.000000000000000000e+00 7.810000000000000000e+02 0.000000000000000000e+00 0.000000000000000000e+00 1.000000000000000000e+00
1.000000000000000000e+00 5.530000000000000000e+02 4.370000000000000107e+00 0.000000000000000000e+00 9.484746055239835494e-01 3.834434307388621677e-01 9.308202843064800058e-05 0.000000000000000000e+00 0.000000000000000000e+00 7.810000000000000000e+02 0.000000000000000000e+00 0.000000000000000000e+00 1.000000000000000000e+00
1.000000000000000000e+00 5.530000000000000000e+02 4.379999999999999893e+00 0.000000000000000000e+00 9.382848692588636741e-01 3.926105890391060060e-01 1.153244703419886458e-04 0.000000000000000000e+00 0.000000000000000000e+00 7.810000000000000000e+02 0.000000000000000000e+00 0.000000000000000000e+00 1.000000000000000000e+00
1.000000000000000000e+00 5.530000000000000000e+02 4.389999999999999680e+00 0.000000000000000000e+00 9.285297248761152922e-01 4.012881268156793801e-01 1.401767238817274493e-04 0.000000000000000000e+00 0.000000000000000000e+00 7.810000000000000000e+02 0.000000000000000000e+00 0.000000000000000000e+00 1.000000000000000000e+00
1.000000000000000000e+00 5.530000000000000000e+02 4.399999999999999467e+00 0.000000000000000000e+00 9.192046667403821480e-01 4.094920775926522150e-01 1.675010549685742017e-04 0.000000000000000000e+00 0.000000000000000000e+00 7.810000000000000000e+02 0.000000000000000000e+00 0.000000000000000000e+00 1.000000000000000000e+00
1.000000000000000000e+00 5.530000000000000000e+02 4.410000000000000142e+00 0.000000000000000000e+00 9.103053878614257854e-01 4.172375998453479728e-01 1.971066933428244038e-04 0.000000000000000000e+00 0.000000000000000000e+00 7.810000000000000000e+02 0.000000000000000000e+00 0.000000000000000000e+00 1.000000000000000000e+00
1.000000000000000000e+00 5.530000000000000000e+02 4.419999999999999929e+00 0.000000000000000000e+00 9.018277779048423648e-01 4.245390050087221034e-01 2.287560799884122593e-04 0.000000000000000000e+00 0.000000000000000000e+00 7.810000000000000000e+02 0.000000000000000000e+00 0.000000000000000000e+00 1.000000000000000000e+00
1.000000000000000000e+00 5.530000000000000000e+02 4.429999999999999716e+00 0.000000000000000000e+00 8.937679212936138207e-01 4.314097839206660900e-01 2.621716115783598484e-04 0.000000000000000000e+00 0.000000000000000000e+00 7.810000000000000000e+02 0.000000000000000000e+00 0.000000000000000000e+00 1.000000000000000000e+00
1.000000000000000000e+00 5.530000000000000000e+02 4.439999999999999503e+00 0.000000000000000000e+00 8.861220953996079563e-01 4.378626317490825204e-01 2.970425889665599499e-04 0.000000000000000000e+00 0.000000000000000000e+00 7.810000000000000000e+02 0.000000000000000000e+00 0.000000000000000000e+00 1.000000000000000000e+00
1.000000000000000000e+00 5.530000000000000000e+02 4.450000000000000178e+00 0.000000000000000000e+00 8.788867688241981391e-01 4.439094714488053262e-01 3.330321441167897155e-04 0.000000000000000000e+00 0.000000000000000000e+00 7.810000000000000000e+02 0.000000000000000000e+00 0.000000000000000000e+00 1.000000000000000000e+00
1.000000000000000000e+00 5.530000000000000000e+02 4.459999999999999964e+00 0.000000000000000000e+00 8.720585997672061218e-01 4.495614757916929771e-01 3.697839780429051752e-04 0.000000000000000000e+00 0.000000000000000000e+00 7.810000000000000000e+02 0.000000000000000000e+00 0.000000000000000000e+00 1.000000000000000000e+00
1.000000000000000000e+00 5.530000000000000000e+02 4.469999999999999751e+00 0.000000000000000000e+00 8.656344344834170368e-01 4.548290880106077294e-01 4.069287908604318077e-04 0.000000000000000000e+00 0.000000000000000000e+00 7.810000000000000000e+02 0.000000000000000000e+00 0.000000000000000000e+00 1.000000000000000000e+00
1.000000000000000000e+00 5.530000000000000000e+02 4.479999999999999538e+00 0.000000000000000000e+00 8.596113058259481354e-01 4.597220410954228620e-01 4.440903243705333209e-04 0.000000000000000000e+00 0.000000000000000000e+00 7.810000000000000000e+02 0.000000000000000000e+00 0.000000000000000000e+00 1.000000000000000000e+00
1.000000000000000000e+00 5.530000000000000000e+02 4.490000000000000213e+00 0.000000000000000000e+00 8.539864318758081385e-01 4.642493757767094942e-01 4.808909686423402594e-04 0.000000000000000000e+00 0.000000000000000000e+00 7.810000000000000000e+02 0.000000000000000000e+00 0.000000000000000000e+00 1.000000000000000000e+00
1.000000000000000000e+00 5.530000000000000000e+02 4.500000000000000000e+00 0.000000000000000000e+00 8.487572146569997145e-01 4.684194572303337356e-01 5.169569079524248892e-04 0.000000000000000000e+00 0.000000000000000000e+00 7.810000000000000000e+02 0.000000000000000000e+00 0.000000000000000000e+00 1.000000000000000000e+00
1.000000000000000000e+00 5.530000000000000000e+02 4.509999999999999787e+00 0.000000000000000000e+00 8.439212389365899902e-01 4.722399905338276471e-01 5.519227993280037894e-04 0.000000000000000000e+00 0.000000000000000000e+00 7.810000000000000000e+02 0.000000000000000000e+00 0.000000000000000000e+00 1.000000000000000000e+00
1.000000000000000000e+00 5.530000000000000000e+02 4.519999999999999574e+00 0.000000000000000000e+00 8.394762711091771079e-01 4.757180349030957767e-01 5.854359898988387156e-04 0.000000000000000000e+00 0.000000000000000000e+00 7.810000000000000000e+02 0.000000000000000000e+00 0.000000000000000000e+00 1.000000000000000000e+00
1.000000000000000000e+00 5.530000000000000000e+02 4.530000000000000249e+00 0.000000000000000000e+00 8.354202581652492299e-01 4.788600167357576765e-01 6.171602882487072991e-04 0.000000000000000000e+00 0.000000000000000000e+00 7.810000000000000000e+02 0.000000000000000000e+00 0.000000000000000000e+00 1.000000000000000000e+00
1.000000000000000000e+00 5.530000000000000000e+02 4.540000000000000036e+00 0.000000000000000000e+00 8.317513267429574864e-01 4.816717414852300094e-01 6.467793107931803578e-04 0.000000000000000000e+00 0.000000000000000000e+00 7.810000000000000000e+02 0.000000000000000000e+00 0.000000000000000000e+00 1.000000000000000000e+00
1.000000000000000000e+00 5.530000000000000000e+02 4.549999999999999822e+00 0.000000000000000000e+00 8.284677822628577770e-01 4.841584043874908594e-01 6.739994275836679039e-04 0.000000000000000000e+00 0.000000000000000000e+00 7.810000000000000000e+02 0.000000000000000000e+00 0.000000000000000000e+00 1.000000000000000000e+00
1.000000000000000000e+00 5.530000000000000000e+02 4.559999999999999609e+00 0.000000000000000000e+00 8.255681081452341807e-01 4.863246000603362873e-01 6.985523334118049626e-04 0.000000000000000000e+00 0.000000000000000000e+00 7.810000000000000000e+02 0.000000000000000000e+00 0.000000000000000000e+00 1.000000000000000000e+00
1.000000000000000000e+00 5.530000000000000000e+02 4.570000000000000284e+00 0.000000000000000000e+00 8.230509651096296064e-01 4.881743309928766039e-01 7.201972701167186006e-04 0.000000000000000000e+00 0.000000000000000000e+00 7.810000000000000000e+02 0.000000000000000000e+00 0.000000000000000000e+00 1.000000000000000000e+00
1.000000000000000000e+00 5.530000000000000000e+02 4.580000000000000071e+00 0.000000000000000000e+00 8.209151905562694918e-01 4.897110149409546476e-01 7.387229249404001288e-04 0.000000000000000000e+00 0.000000000000000000e+00 7.810000000000000000e+02 0.000000000000000000e+00 0.000000000000000000e+00 1.000000000000000000e+00
1.000000000000000000e+00 5.530000000000000000e+02 4.589999999999999858e+00 0.000000000000000000e+00 8.191597980290891146e-01 4.909374912421451964e-01 7.539490279125831210e-04 0.000000000000000000e+00 0.000000000000000000e+00 7.810000000000000000e+02 0.000000000000000000e+00 0.000000000000000000e+00 1.000000000000000000e+00
1.000000000000000000e+00 5.530000000000000000e+02 4.599999999999999645e+00 0.000000000000000000e+00 8.177839767601160492e-01 4.918560260620128410e-01 7.657276687946280858e-04 0.000000000000000000e+00 0.000000000000000000e+00 7.810000000000000000e+02 0.000000000000000000e+00 0.000000000000000000e+00 1.000000000000000000e+00
1.000000000000000000e+00 5.530000000000000000e+02 4.610000000000000320e+00 0.000000000000000000e+00 8.167870912949972695e-01 4.924683165813157348e-01 7.739443512326544400e-04 0.000000000000000000e+00 0.000000000000000000e+00 7.810000000000000000e+02 0.000000000000000000e+00 0.000000000000000000e+00 1.000000000000000000e+00
1.000000000000000000e+00 5.530000000000000000e+02 4.620000000000000107e+00 0.000000000000000000e+00 8.161686811995031432e-01 4.927754941318944204e-01 7.785187985887226728e-04 0.000000000000000000e+00 0.000000000000000000e+00 7.810000000000000000e+02 0.000000000000000000e+00 0.000000000000000000e+00 1.000000000000000000e+00
1.000000000000000000e+00 5.530000000000000000e+02 4.629999999999999893e+00 0.000000000000000000e+00 8.159284608468623246e-01 4.927781262870366552e-01 7.794055225234094650e-04 0.000000000000000000e+00 0.000000000000000000e+00 7.810000000000000000e+02 0.000000000000000000e+00 0.000000000000000000e+00 1.000000000000000000e+00
1.000000000000000000e+00 5.530000000000000000e+02 4.639999999999999680e+00 0.000000000000000000e+00 8.160663192858398363e-01 4.924762179101871973e-01 7.765941618607030347e-04 0.000000000000000000e+00 0.000000000000000000e+00 7.810000000000000000e+02 0.000000000000000000e+00 0.000000000000000000e+00 1.000000000000000000e+00
1.000000000000000000e+00 5.530000000000000000e+02 4.649999999999999467e+00 0.000000000000000000e+00 8.165823201894921723e-01 4.918692111639328957e-01 7.701095956242319518e-04 0.000000000000000000e+00 0.000000000000000000e+00 7.810000000000000000e+02 0.000000000000000000e+00 0.000000000000000000e+00 1.000000000000000000e+00
1.000000000000000000e+00 5.530000000000000000e+02 4.660000000000000142e+00 0.000000000000000000e+00 8.174767018845753297e-01 4.909559844792839578e-01 7.600118304296266461e-04 0.000000000000000000e+00 0.000000000000000000e+00 7.810000000000000000e+02 0.000000000000000000e+00 0.000000000000000000e+00 1.000000000000000000e+00
1.000000000000000000e+00 5.530000000000000000e+02 4.669999999999999929e+00 0.000000000000000000e+00 8.187498774616219777e-01 4.897348504833463623e-01 7.463956586816044431e-04 0.000000000000000000e+00 0.000000000000000000e+00 7.810000000000000000e+02 0.000000000000000000e+00 0.000000000000000000e+00 1.000000000000000000e+00
1.000000000000000000e+00 5.530000000000000000e+02 4.679999999999999716e+00 0.000000000000000000e+00 8.204024349657359494e-01 4.882035528815560355e-01 7.293900802854092966e-04 0.000000000000000000e+00 0.000000000000000000e+00 7.810000000000000000e+02 0.000000000000000000e+00 0.000000000000000000e+00 1.000000000000000000e+00
1.000000000000000000e+00 5.530000000000000000e+02 4.689999999999999503e+00 0.000000000000000000e+00 8.224351376681953152e-01 4.863592622887131234e-01 7.091574768740421808e-04 0.000000000000000000e+00 0.000000000000000000e+00 7.810000000000000000e+02 0.000000000000000000e+00 0.000000000000000000e+00 1.000000000000000000e+00
1.000000000000000000e+00 5.530000000000000000e+02 4.700000000000000178e+00 0.000000000000000000e+00 8.248489244189859404e-01 4.841985710011149080e-01 6.858925239184169090e-04 0.000000000000000000e+00 0.000000000000000000e+00 7.810000000000000000e+02 0.000000000000000000e+00 0.000000000000000000e+00 1.000000000000000000e+00
1.000000000000000000e+00 5.530000000000000000e+02 4.709999999999999964e+00 0.000000000000000000e+00 8.276449100804302850e-01 4.817174867001268734e-01 6.598208225850818454e-04 0.000000000000000000e+00 0.000000000000000000e+00 7.810000000000000000e+02 0.000000000000000000e+00 0.000000000000000000e+00 1.000000000000000000e+00
1.000000000000000000e+00 5.530000000000000000e+02 4.719999999999999751e+00 0.000000000000000000e+00 8.308243860421135052e-01 4.789114250755578950e-01 6.311972299162414354e-04 0.000000000000000000e+00 0.000000000000000000e+00 7.810000000000000000e+02 0.000000000000000000e+00 0.000000000000000000e+00 1.000000000000000000e+00
1.000000000000000000e+00 5.530000000000000000e+02 4.729999999999999538e+00 0.000000000000000000e+00 8.343888208173393384e-01 4.757752013552118964e-01 6.003038629409070473e-04 0.000000000000000000e+00 0.000000000000000000e+00 7.810000000000000000e+02 0.000000000000000000e+00 0.000000000000000000e+00 1.000000000000000000e+00
1.000000000000000000e+00 5.530000000000000000e+02 4.740000000000000213e+00 0.000000000000000000e+00 8.383398607213967679e-01 4.723030207249599433e-01 5.674477498342142545e-04 0.000000000000000000e+00 0.000000000000000000e+00 7.810000000000000000e+02 0.000000000000000000e+00 0.000000000000000000e+00 1.000000000000000000e+00
1.000000000000000000e+00 5.530000000000000000e+02 4.750000000000000000e+00 0.000000000000000000e+00 8.426793306319497745e-01 4.684884676216390376e-01 5.329580994272269112e-04 0.000000000000000000e+00 0.000000000000000000e+00 7.810000000000000000e+02 0.000000000000000000e+00 0.000000000000000000e+00 1.000000000000000000e+00
1.000000000000000000e+00 5.530000000000000000e+02 4.759999999999999787e+00 0.000000000000000000e+00 8.474092348318960077e-01 4.643244938789865550e-01 4.971831594985003447e-04 0.000000000000000000e+00 0.000000000000000000e+00 7.810000000000000000e+02 0.000000000000000000e+00 0.000000000000000000e+00 1.000000000000000000e+00
1.000000000000000000e+00 5.530000000000000000e+02 4.769999999999999574e+00 0.000000000000000000e+00 8.525317579350932817e-01 4.598034057047135637e-01 4.604866346985389200e-04 0.000000000000000000e+00 0.000000000000000000e+00 7.810000000000000000e+02 0.000000000000000000e+00 0.000000000000000000e+00 1.000000000000000000e+00
1.000000000000000000e+00 5.530000000000000000e+02 4.780000000000000249e+00 0.000000000000000000e+00 8.580492658953700058e-01 4.549168494646525507e-01 4.232436371145132867e-04 0.000000000000000000e+00 0.000000000000000000e+00 7.810000000000000000e+02 0.000000000000000000e+00 0.000000000000000000e+00 1.000000000000000000e+00
1.000000000000000000e+00 5.530000000000000000e+02 4.790000000000000036e+00 0.000000000000000000e+00 8.639643070992973906e-01 4.496557962477100157e-01 3.858361469378482518e-04 0.000000000000000000e+00 0.000000000000000000e+00 7.810000000000000000e+02 0.000000000000000000e+00 0.000000000000000000e+00 1.000000000000000000e+00
1.000000000000000000e+00 5.530000000000000000e+02 4.799999999999999822e+00 0.000000000000000000e+00 8.702796135432191438e-01 4.440105251831092947e-01 3.486479681503468903e-04 0.000000000000000000e+00 0.000000000000000000e+00 7.810000000000000000e+02 0.000000000000000000e+00 0.000000000000000000e+00 1.000000000000000000e+00
1.000000000000000000e+00 5.530000000000000000e+02 4.809999999999999609e+00 0.000000000000000000e+00 8.769981020950849970e-01 4.379706054790951097e-01 3.120591754495558728e-04 0.000000000000000000e+00 0.000000000000000000e+00 7.810000000000000000e+02 0.000000000000000000e+00 0.000000000000000000e+00 1.000000000000000000e+00
1.000000000000000000e+00 5.530000000000000000e+02 4.820000000000000284e+00 0.000000000000000000e+00 8.841228758416743716e-01 4.315248771499148317e-01 2.764400648076182319e-04 0.000000000000000000e+00 0.000000000000000000e+00 7.810000000000000000e+02 0.000000000000000000e+00 0.000000000000000000e+00 1.000000000000000000e+00
1.000000000000000000e+00 5.530000000000000000e+02 4.830000000000000071e+00 0.000000000000000000e+00 8.916572255218258025e-01 4.246614303954647229e-01 2.421446422802833384e-04 0.000000000000000000e+00 0.000000000000000000e+00 7.810000000000000000e+02 0.000000000000000000e+00 0.000000000000000000e+00 1.000000000000000000e+00
1.000000000000000000e+00 5.530000000000000000e+02 4.839999999999999858e+00 0.000000000000000000e+00 8.996046310463408080e-01 4.173675835955004687e-01 2.095037152646038285e-04 0.000000000000000000e+00 0.000000000000000000e+00 7.810000000000000000e+02 0.000000000000000000e+00 0.000000000000000000e+00 1.000000000000000000e+00
1.000000000000000000e+00 5.530000000000000000e+02 4.849999999999999645e+00 0.000000000000000000e+00 9.079687631052590913e-01 4.096298598777523559e-01 1.788176887171266834e-04 0.000000000000000000e+00 0.000000000000000000e+00 7.810000000000000000e+02 0.000000000000000000e+00 0.000000000000000000e+00 1.000000000000000000e+00
1.000000000000000000e+00 5.530000000000000000e+02 4.860000000000000320e+00 0.000000000000000000e+00 9.167534848632499234e-01 4.014339622166505639e-01 1.503492171775553787e-04 0.000000000000000000e+00 0.000000000000000000e+00 7.810000000000000000e+02 0.000000000000000000e+00 0.000000000000000000e+00 1.000000000000000000e+00
1.000000000000000000e+00 5.530000000000000000e+02 4.870000000000000107e+00 0.000000000000000000e+00 9.259628537439046347e-01 3.927647470166493182e-01 1.243159227479306416e-04 0.000000000000000000e+00 0.000000000000000000e+00 7.810000000000000000e+02 0.000000000000000000e+00 0.000000000000000000e+00 1.000000000000000000e+00
1.000000000000000000e+00 5.530000000000000000e+02 4.879999999999999893e+00 0.000000000000000000e+00 9.356011233037481167e-01 3.836061961313397273e-01 1.008834596549551196e-04 0.000000000000000000e+00 0.000000000000000000e+00 7.810000000000000000e+02 0.000000000000000000e+00 0.000000000000000000e+00 1.000000000000000000e+00
1.000000000000000000e+00 5.530000000000000000e+02 4.889999999999999680e+00 0.000000000000000000e+00 9.456727451968401921e-01 3.739413872666507710e-01 8.015928647029063429e-05 0.000000000000000000e+00 0.000000000000000000e+00 7.810000000000000000e+02 0.000000000000000000e+00 0.000000000000000000e+00 1.000000000000000000e+00
1.000000000000000000e+00 5.530000000000000000e+02 4.899999999999999467e+00 0.000000000000000000e+00 9.561823712308747947e-01 3.637524627134544608e-01 6.218759390919158074e-05 0.000000000000000000e+00 0.000000000000000000e+00 7.810000000000000000e+02 0.000000000000000000e+00 0.000000000000000000e+00 1.000000000000000000e+00
1.000000000000000000e+00 5.530000000000000000e+02 4.910000000000000142e+00 0.000000000000000000e+00 9.671348555157237570e-01 3.530205963517988876e-01 4.694592206782341286e-05 0.000000000000000000e+00 0.000000000000000000e+00 7.810000000000000000e+02 0.000000000000000000e+00 0.000000000000000000e+00 1.000000000000000000e+00
1.000000000000000000e+00 5.530000000000000000e+02 4.919999999999999929e+00 0.000000000000000000e+00 9.785352567054150796e-01 3.417259588658052016e-01 3.434407316549434232e-05 0.000000000000000000e+00 0.000000000000000000e+00 7.810000000000000000e+02 0.000000000000000000e+00 0.000000000000000000e+00 1.000000000000000000e+00
1.000000000000000000e+00 5.530000000000000000e+02 4.929999999999999716e+00 0.000000000000000000e+00 9.903888403345900704e-01 3.298476811049543822e-01 2.422596384471108113e-05 0.000000000000000000e+00 0.000000000000000000e+00 7.810000000000000000e+02 0.000000000000000000e+00 0.000000000000000000e+00 1.000000000000000000e+00
1.000000000000000000e+00 5.530000000000000000e+02 4.939999999999999503e+00 0.000000000000000000e+00 1.002701081250509052e+00 3.173638155240685599e-01 1.637503464224079539e-05 0.000000000000000000e+00 0.000000000000000000e+00 7.810000000000000000e+02 0.000000000000000000e+00 0.000000000000000000e+00 1.000000000000000000e+00
1.000000000000000000e+00 5.530000000000000000e+02 4.950000000000000178e+00 0.000000000000000000e+00 1.015477666141734625e+00 3.042512956307358296e-01 1.052370244287014075e-05 0.000000000000000000e+00 0.000000000000000000e+00 7.810000000000000000e+02 0.000000000000000000e+00 0.000000000000000000e+00 1.000000000000000000e+00
1.000000000000000000e+00 5.530000000000000000e+02 4.959999999999999964e+00 0.000000000000000000e+00 1.028724496164657776e+00 2.904858933652532671e-01 6.367055019044985903e-06 0.000000000000000000e+00 0.000000000000000000e+00 7.810000000000000000e+02 0.000000000000000000e+00 0.000000000000000000e+00 1.000000000000000000e+00
1.000000000000000000e+00 5.530000000000000000e+02 4.969999999999999751e+00 0.000000000000000000e+00 1.042447689669081301e+00 2.760421743343360879e-01 3.580495921189574219e-06 0.000000000000000000e+00 0.000000000000000000e+00 7.810000000000000000e+02 0.000000000000000000e+00 0.000000000000000000e+00 1.000000000000000000e+00
1.000000000000000000e+00 5.530000000000000000e+02 4.979999999999999538e+00 0.000000000000000000e+00 1.056653585024118325e+00 2.608934508158788912e-01 1.840325489051092614e-06 0.000000000000000000e+00 0.000000000000000000e+00 7.810000000000000000e+02 0.000000000000000000e+00 0.000000000000000000e+00 1.000000000000000000e+00
1.000000000000000000e+00 5.530000000000000000e+02 4.990000000000000213e+00 0.000000000000000000e+00 1.071348743545713855e+00 2.450117324479361425e-01 8.453240990648696425e-07 0.000000000000000000e+00 0.000000000000000000e+00 7.810000000000000000e+02 0.000000000000000000e+00 0.000000000000000000e+00 1.000000000000000000e+00
1.000000000000000000e+00 5.530000000000000000e+02 5.000000000000000000e+00 0.000000000000000000e+00 1.086539952527136199e+00 2.283676745108100814e-01 3.364450492602171094e-07 0.000000000000000000e+00 0.000000000000000000e+00 7.810000000000000000e+02 0.000000000000000000e+00 0.000000000000000000e+00 1.000000000000000000e+00
1.000000000000000000e+00 5.530000000000000000e+02 5.009999999999999787e+00 0.000000000000000000e+00 1.102234228373843772e+00 2.109305237066844974e-01 1.110756996503418663e-07 0.000000000000000000e+00 0.000000000000000000e+00 7.810000000000000000e+02 0.000000000000000000e+00 0.000000000000000000e+00 1.000000000000000000e+00
1.000000000000000000e+00 5.530000000000000000e+02 5.019999999999999574e+00 0.000000000000000000e+00 1.118438819844170373e+00 1.926680613366236750e-01 2.853990594086698149e-08 0.000000000000000000e+00 0.000000000000000000e+00 7.810000000000000000e+02 0.000000000000000000e+00 0.000000000000000000e+00 1.000000000000000000e+00
1.000000000000000000e+00 5.530000000000000000e+02 5.030000000000000249e+00 0.000000000000000000e+00 1.135161211397330838e+00 1.735465437699429403e-01 5.179159542756653992e-09 0.000000000000000000e+00 0.000000000000000000e+00 7.810000000000000000e+02 0.000000000000000000e+00 0.000000000000000000e+00 1.000000000000000000e+00
1.000000000000000000e+00 5.530000000000000000e+02 5.040000000000000036e+00 0.000000000000000000e+00 1.152409126650286275e+00 1.535306400959565998e-01 5.681509055201325614e-10 0.000000000000000000e+00 0.000000000000000000e+00 7.810000000000000000e+02 0.000000000000000000e+00 0.000000000000000000e+00 1.000000000000000000e+00
1.000000000000000000e+00 5.530000000000000000e+02 5.049999999999999822e+00 0.000000000000000000e+00 1.170190531945076495e+00 1.325833668429011736e-01 2.886367265575936442e-11 0.000000000000000000e+00 0.000000000000000000e+00 7.810000000000000000e+02 0.000000000000000000e+00 0.000000000000000000e+00 1.000000000000000000e+00
1.000000000000000000e+00 5.530000000000000000e+02 5.059999999999999609e+00 0.000000000000000000e+00 1.188513640028251661e+00 1.106660196434149784e-01 4.126301879533565063e-13 0.000000000000000000e+00 0.000000000000000000e+00 7.810000000000000000e+02 0.000000000000000000e+00 0.000000000000000000e+00 1.000000000000000000e+00
1.000000000000000000e+00 5.530000000000000000e+02 5.070000000000000284e+00 0.000000000000000000e+00 1.207386913844118892e+00 8.773810172031101806e-02 5.784824797968567126e-16 0.000000000000000000e+00 0.000000000000000000e+00 7.810000000000000000e+02 0.000000000000000000e+00 0.000000000000000000e+00 1.000000000000000000e+00
1.000000000000000000e+00 5.530000000000000000e+02 5.080000000000000071e+00 0.000000000000000000e+00 1.226819070443543991e+00 6.375724906050678209e-02 5.381251354006646840e-21 0.000000000000000000e+00 0.000000000000000000e+00 7.810000000000000000e+02 0.000000000000000000e+00 0.000000000000000000e+00 1.000000000000000000e+00
1.000000000000000000e+00 5.530000000000000000e+02 5.089999999999999858e+00 0.000000000000000000e+00 1.246819085010121508e+00 3.867915213885408238e-02 2.277930296969625507e-32 0.000000000000000000e+00 0.000000000000000000e+00 7.810000000000000000e+02 0.000000000000000000e+00 0.000000000000000000e+00 1.000000000000000000e+00
1.000000000000000000e+00 5.530000000000000000e+02 5.099999999999999645e+00 0.000000000000000000e+00 1.267396195005566994e+00 1.245747404723781225e-02 2.906701027065077536e-84 1.000000000000000000e+00 1.000000000000000000e+00 7.810000000000000000e+02 0.000000000000000000e+00 0.000000000000000000e+00 1.000000000000000000e+00
1.000000000000000000e+00 5.530000000000000000e+02 5.110000000000000320e+00 0.000000000000000000e+00 1.241426390351359155e+00 3.869609034364380334e-02 3.186460944312871526e-32 0.000000000000000000e+00 0.000000000000000000e+00 7.810000000000000000e+02 0.000000000000000000e+00 0.000000000000000000e+00 1.000000000000000000e+00
1.000000000000000000e+00 5.530000000000000000e+02 5.120000000000000107e+00 0.000000000000000000e+00 1.216031190387310446e+00 6.380861710670000797e-02 8.147327614045884757e-21 0.000000000000000000e+00 0.000000000000000000e+00 7.810000000000000000e+02 0.000000000000000000e+00 0.000000000000000000e+00 1.000000000000000000e+00
1.000000000000000000e+00 5.530000000000000000e+02 5.129999999999999893e+00 0.000000000000000000e+00 1.191198865762592929e+00 8.784145486068832553e-02 9.124733188281335256e-16 0.000000000000000000e+00 0.000000000000000000e+00 7.810000000000000000e+02 0.000000000000000000e+00 0.000000000000000000e+00 1.000000000000000000e+00
1.000000000000000000e+00 5.530000000000000000e+02 5.139999999999999680e+00 0.000000000000000000e+00 1.166917947103159658e+00 1.108390091838402786e-01 6.695207442129787887e-13 0.000000000000000000e+00 0.000000000000000000e+00 7.810000000000000000e+02 0.000000000000000000e+00 0.000000000000000000e+00 1.000000000000000000e+00
1.000000000000000000e+00 5.530000000000000000e+02 5.149999999999999467e+00 0.000000000000000000e+00 1.143177219714352599e+00 1.328437727567158000e-01 4.790223397724777145e-11 0.000000000000000000e+00 0.000000000000000000e+00 7.810000000000000000e+02 0.000000000000000000e+00 0.000000000000000000e+00 1.000000000000000000e+00
1.000000000000000000e+00 5.530000000000000000e+02 5.160000000000000142e+00 0.000000000000000000e+00 1.119965718401141785e+00 1.538964038761130304e-01 9.615733737121524335e-10 0.000000000000000000e+00 0.000000000000000000e+00 7.810000000000000000e+02 0.000000000000000000e+00 0.000000000000000000e+00 1.000000000000000000e+00
1.000000000000000000e+00 5.530000000000000000e+02 5.169999999999999929e+00 0.000000000000000000e+00 1.097272722403598744e+00 1.740358015795786528e-01 8.924101481473224183e-09 0.000000000000000000e+00 0.000000000000000000e+00 7.810000000000000000e+02 0.000000000000000000e+00 0.000000000000000000e+00 1.000000000000000000e+00
1.000000000000000000e+00 5.530000000000000000e+02 5.179999999999999716e+00 0.000000000000000000e+00 1.075087750445271384e+00 1.932991775193284856e-01 5.001675274286667918e-08 0.000000000000000000e+00 0.000000000000000000e+00 7.810000000000000000e+02 0.000000000000000000e+00 0.000000000000000000e+00 1.000000000000000000e+00
1.000000000000000000e+00 5.530000000000000000e+02 5.189999999999999503e+00 0.000000000000000000e+00 1.053400555892167301e+00 2.117221247183775357e-01 1.978733121632012340e-07 0.000000000000000000e+00 0.000000000000000000e+00 7.810000000000000000e+02 0.000000000000000000e+00 0.000000000000000000e+00 1.000000000000000000e+00
1.000000000000000000e+00 5.530000000000000000e+02 5.200000000000000178e+00 0.000000000000000000e+00 1.032201122020112383e+00 2.293386833359228605e-01 6.090411076970604154e-07 0.000000000000000000e+00 0.000000000000000000e+00 7.810000000000000000e+02 0.000000000000000000e+00 0.000000000000000000e+00 1.000000000000000000e+00
1.000000000000000000e+00 5.530000000000000000e+02 5.209999999999999964e+00 0.000000000000000000e+00 1.011479657388300479e+00 2.461814035634928011e-01 1.554727253788456583e-06 0.000000000000000000e+00 0.000000000000000000e+00 7.810000000000000000e+02 0.000000000000000000e+00 0.000000000000000000e+00 1.000000000000000000e+00
1.000000000000000000e+00 5.530000000000000000e+02 5.219999999999999751e+00 0.000000000000000000e+00 9.912265913168911702e-01 2.622814057680765698e-01 3.438836580468084101e-06 0.000000000000000000e+00 0.000000000000000000e+00 7.810000000000000000e+02 0.000000000000000000e+00 0.000000000000000000e+00 1.000000000000000000e+00
1.000000000000000000e+00 5.530000000000000000e+02 5.229999999999999538e+00 0.000000000000000000e+00 9.714325694665753019e-01 2.776684379933609392e-01 6.797871980696452683e-06 0.000000000000000000e+00 0.000000000000000000e+00 7.810000000000000000e+02 0.000000000000000000e+00 0.000000000000000000e+00 1.000000000000000000e+00
1.000000000000000000e+00 5.530000000000000000e+02 5.240000000000000213e+00 0.000000000000000000e+00 9.520884495180607088e-01 2.923709309253192945e-01 1.228397384769647129e-05 0.000000000000000000e+00 0.000000000000000000e+00 7.810000000000000000e+02 0.000000000000000000e+00 0.000000000000000000e+00 1.000000000000000000e+00
1.000000000000000000e+00 5.530000000000000000e+02 5.250000000000000000e+00 0.000000000000000000e+00 9.331852969494826011e-01 3.064160504237127824e-01 2.063581177317582805e-05 0.000000000000000000e+00 0.000000000000000000e+00 7.810000000000000000e+02 0.000000000000000000e+00 0.000000000000000000e+00 1.000000000000000000e+00
1.000000000000000000e+00 5.530000000000000000e+02 5.259999999999999787e+00 0.000000000000000000e+00 9.147143809097930678e-01 3.198297477165669700e-01 3.264305256180745135e-05 0.000000000000000000e+00 0.000000000000000000e+00 7.810000000000000000e+02 0.000000000000000000e+00 0.000000000000000000e+00 1.000000000000000000e+00
1.000000000000000000e+00 5.530000000000000000e+02 5.269999999999999574e+00 0.000000000000000000e+00 8.966671701862183319e-01 3.326368073503679912e-01 4.910952489694977822e-05 0.000000000000000000e+00 0.000000000000000000e+00 7.810000000000000000e+02 0.000000000000000000e+00 0.000000000000000000e+00 1.000000000000000000e+00
1.000000000000000000e+00 5.530000000000000000e+02 5.280000000000000249e+00 0.000000000000000000e+00 8.790353292639229155e-01 3.448608929845767834e-01 7.081887159724007275e-05 0.000000000000000000e+00 0.000000000000000000e+00 7.810000000000000000e+02 0.000000000000000000e+00 0.000000000000000000e+00 1.000000000000000000e+00
1.000000000000000000e+00 5.530000000000000000e+02 5.290000000000000036e+00 0.000000000000000000e+00 8.618107144760647209e-01 3.565245911150742852e-01 9.850504317731895859e-05 0.000000000000000000e+00 0.000000000000000000e+00 7.810000000000000000e+02 0.000000000000000000e+00 0.000000000000000000e+00 1.000000000000000000e+00
1.000000000000000000e+00 5.530000000000000000e+02 5.299999999999999822e+00 0.000000000000000000e+00 8.449853702424544588e-01 3.676494528073277479e-01 1.328287615835995524e-04 0.000000000000000000e+00 0.000000000000000000e+00 7.810000000000000000e+02 0.000000000000000000e+00 0.000000000000000000e+00 1.000000000000000000e+00
1.000000000000000000e+00 5.530000000000000000e+02 5.309999999999999609e+00 0.000000000000000000e+00 8.285515253950930248e-01 3.782560335163877574e-01 1.743601798357737997e-04 0.000000000000000000e+00 0.000000000000000000e+00 7.810000000000000000e+02 0.000000000000000000e+00 0.000000000000000000e+00 1.000000000000000000e+00
1.000000000000000000e+00 5.530000000000000000e+02 5.320000000000000284e+00 0.000000000000000000e+00 8.125015895888783035e-01 3.883639310672916678e-01 2.235673741232441399e-04 0.000000000000000000e+00 0.000000000000000000e+00 7.810000000000000000e+02 0.000000000000000000e+00 0.000000000000000000e+00 1.000000000000000000e+00
1.000000000000000000e+00 5.530000000000000000e+02 5.330000000000000071e+00 0.000000000000000000e+00 7.968281497958323856e-01 3.979918218660485896e-01 2.808099718342544834e-04 0.000000000000000000e+00 0.000000000000000000e+00 7.810000000000000000e+02 0.000000000000000000e+00 0.000000000000000000e+00 1.000000000000000000e+00
1.000000000000000000e+00 5.530000000000000000e+02 5.339999999999999858e+00 0.000000000000000000e+00 7.815239668812268281e-01 4.071574954081166875e-01 3.463370726848099407e-04 0.000000000000000000e+00 0.000000000000000000e+00 7.810000000000000000e+02 0.000000000000000000e+00 0.000000000000000000e+00 1.000000000000000000e+00
1.000000000000000000e+00 5.530000000000000000e+02 5.349999999999999645e+00 0.000000000000000000e+00 7.665819722600220043e-01 4.158778871481296768e-01 4.202885980894802836e-04 0.000000000000000000e+00 0.000000000000000000e+00 7.810000000000000000e+02 0.000000000000000000e+00 0.000000000000000000e+00 1.000000000000000000e+00
1.000000000000000000e+00 5.530000000000000000e+02 5.360000000000000320e+00 0.000000000000000000e+00 7.519952646320817724e-01 4.241691097916118758e-01 5.026992570206553074e-04 0.000000000000000000e+00 0.000000000000000000e+00 7.810000000000000000e+02 0.000000000000000000e+00 0.000000000000000000e+00 1.000000000000000000e+00
1.000000000000000000e+00 5.530000000000000000e+02 5.370000000000000107e+00 0.000000000000000000e+00 7.377571067946500083e-01 4.320464830664905165e-01 5.935044094146539953e-04 0.000000000000000000e+00 0.000000000000000000e+00 7.810000000000000000e+02 0.000000000000000000e+00 0.000000000000000000e+00 1.000000000000000000e+00
1.000000000000000000e+00 5.530000000000000000e+02 5.379999999999999893e+00 0.000000000000000000e+00 7.238609225306207318e-01 4.395245620294262467e-01 6.925472169269208250e-04 0.000000000000000000e+00 0.000000000000000000e+00 7.810000000000000000e+02 0.000000000000000000e+00 0.000000000000000000e+00 1.000000000000000000e+00
1.000000000000000000e+00 5.530000000000000000e+02 5.389999999999999680e+00 0.000000000000000000e+00 7.103002935711625332e-01 4.466171639592527720e-01 7.995865806362453809e-04 0.000000000000000000e+00 0.000000000000000000e+00 7.810000000000000000e+02 0.000000000000000000e+00 0.000000000000000000e+00 1.000000000000000000e+00
1.000000000000000000e+00 5.530000000000000000e+02 5.399999999999999467e+00 0.000000000000000000e+00 6.970689566312954222e-01 4.533373938872225506e-01 9.143054676191923053e-04 0.000000000000000000e+00 0.000000000000000000e+00 7.810000000000000000e+02 0.000000000000000000e+00 0.000000000000000000e+00 1.000000000000000000e+00
1.000000000000000000e+00 5.530000000000000000e+02 5.410000000000000142e+00 0.000000000000000000e+00 6.841608005170490836e-01 4.596976688112307530e-01 1.036319318903690737e-03 0.000000000000000000e+00 0.000000000000000000e+00 7.810000000000000000e+02 0.000000000000000000e+00 0.000000000000000000e+00 1.000000000000000000e+00
1.000000000000000000e+00 5.530000000000000000e+02 5.419999999999999929e+00 0.000000000000000000e+00 6.715698633028698294e-01 4.657097406387551430e-01 1.165184308635618463e-03 0.000000000000000000e+00 0.000000000000000000e+00 7.810000000000000000e+02 0.000000000000000000e+00 0.000000000000000000e+00 1.000000000000000000e+00
1.000000000000000000e+00 5.530000000000000000e+02 5.429999999999999716e+00 0.000000000000000000e+00 6.592903295779704020e-01 4.713847179009061916e-01 1.300405288464737477e-03 0.000000000000000000e+00 0.000000000000000000e+00 7.810000000000000000e+02 0.000000000000000000e+00 0.000000000000000000e+00 1.000000000000000000e+00
1.000000000000000000e+00 5.530000000000000000e+02 5.439999999999999503e+00 0.000000000000000000e+00 6.473165277603483148e-01 4.767330862777088285e-01 1.441443303184974239e-03 0.000000000000000000e+00 0.000000000000000000e+00 7.810000000000000000e+02 0.000000000000000000e+00 0.000000000000000000e+00 1.000000000000000000e+00
1.000000000000000000e+00 5.530000000000000000e+02 5.450000000000000178e+00 0.000000000000000000e+00 6.356429274772379401e-01 4.817647279725384979e-01 1.587722604982608893e-03 0.000000000000000000e+00 0.000000000000000000e+00 7.810000000000000000e+02 0.000000000000000000e+00 0.000000000000000000e+00 1.000000000000000000e+00
1.000000000000000000e+00 5.530000000000000000e+02 5.459999999999999964e+00 0.000000000000000000e+00 6.242641370107817611e-01 4.864889399715104368e-01 1.738637125820513205e-03 0.000000000000000000e+00 0.000000000000000000e+00 7.810000000000000000e+02 0.000000000000000000e+00 0.000000000000000000e+00 1.000000000000000000e+00
1.000000000000000000e+00 5.530000000000000000e+02 5.469999999999999751e+00 0.000000000000000000e+00 6.131749008077427288e-01 4.909144512215616873e-01 1.893556392040255526e-03 0.000000000000000000e+00 0.000000000000000000e+00 7.810000000000000000e+02 0.000000000000000000e+00 0.000000000000000000e+00 1.000000000000000000e+00
1.000000000000000000e+00 5.530000000000000000e+02 5.479999999999999538e+00 0.000000000000000000e+00 6.023700970521081999e-01 4.950494387589641776e-01 2.051830883593619426e-03 0.000000000000000000e+00 0.000000000000000000e+00 7.810000000000000000e+02 0.000000000000000000e+00 0.000000000000000000e+00 1.000000000000000000e+00
1.000000000000000000e+00 5.530000000000000000e+02 5.490000000000000213e+00 0.000000000000000000e+00 5.918447352994605781e-01 4.989015428180695322e-01 2.212796853643669154e-03 0.000000000000000000e+00 0.000000000000000000e+00 7.810000000000000000e+02 0.000000000000000000e+00 0.000000000000000000e+00 1.000000000000000000e+00
1.000000000000000000e+00 5.530000000000000000e+02 5.500000000000000000e+00 0.000000000000000000e+00 5.815939541720299699e-01 5.024778809482030040e-01 2.375780633649373502e-03 0.000000000000000000e+00 0.000000000000000000e+00 7.810000000000000000e+02 0.000000000000000000e+00 0.000000000000000000e+00 1.000000000000000000e+00
1.000000000000000000e+00 5.530000000000000000e+02 5.509999999999999787e+00 0.000000000000000000e+00 5.716130191133538263e-01 5.057850611647921601e-01 2.540102455340479543e-03 0.000000000000000000e+00 0.000000000000000000e+00 7.810000000000000000e+02 0.000000000000000000e+00 0.000000000000000000e+00 1.000000000000000000e+00
1.000000000000000000e+00 5.530000000000000000e+02 5.519999999999999574e+00 0.000000000000000000e+00 5.618973202015158375e-01 5.088291941590223910e-01 2.705079824915111036e-03 0.000000000000000000e+00 0.000000000000000000e+00 7.810000000000000000e+02 0.000000000000000000e+00 0.000000000000000000e+00 1.000000000000000000e+00
1.000000000000000000e+00 5.530000000000000000e+02 5.530000000000000249e+00 0.000000000000000000e+00 5.524423700199474485e-01 5.116159045885889656e-01 2.870030486936906572e-03 0.000000000000000000e+00 0.000000000000000000e+00 7.810000000000000000e+02 0.000000000000000000e+00 0.000000000000000000e+00 1.000000000000000000e+00
1.000000000000000000e+00 5.530000000000000000e+02 5.540000000000000036e+00 0.000000000000000000e+00 5.432438015848137791e-01 5.141503414704025055e-01 3.034275016232650113e-03 0.000000000000000000e+00 0.000000000000000000e+00 7.810000000000000000e+02 0.000000000000000000e+00 0.000000000000000000e+00 1.000000000000000000e+00
1.000000000000000000e+00 5.530000000000000000e+02 5.549999999999999822e+00 0.000000000000000000e+00 5.342973663280214947e-01 5.164371876944474637e-01 3.197139075965898386e-03 0.000000000000000000e+00 0.000000000000000000e+00 7.810000000000000000e+02 0.000000000000000000e+00 0.000000000000000000e+00 1.000000000000000000e+00
1.000000000000000000e+00 5.530000000000000000e+02 5.559999999999999609e+00 0.000000000000000000e+00 5.255989321349215926e-01 5.184806686763796524e-01 3.357955379277473285e-03 0.000000000000000000e+00 0.000000000000000000e+00 7.810000000000000000e+02 0.000000000000000000e+00 0.000000000000000000e+00 1.000000000000000000e+00
1.000000000000000000e+00 5.530000000000000000e+02 5.570000000000000284e+00 0.000000000000000000e+00 5.171444814357983866e-01 5.202845601648456997e-01 3.516065390661862744e-03 0.000000000000000000e+00 0.000000000000000000e+00 7.810000000000000000e+02 0.000000000000000000e+00 0.000000000000000000e+00 1.000000000000000000e+00
1.000000000000000000e+00 5.530000000000000000e+02 5.580000000000000071e+00 0.000000000000000000e+00 5.089301093502633933e-01 5.218521952179477896e-01 3.670820801766689484e-03 0.000000000000000000e+00 0.000000000000000000e+00 7.810000000000000000e+02 0.000000000000000000e+00 0.000000000000000000e+00 1.000000000000000000e+00
1.000000000000000000e+00 5.530000000000000000e+02 5.589999999999999858e+00 0.000000000000000000e+00 5.009520218836971406e-01 5.231864703617523649e-01 3.821584814689537452e-03 0.000000000000000000e+00 0.000000000000000000e+00 7.810000000000000000e+02 0.000000000000000000e+00 0.000000000000000000e+00 1.000000000000000000e+00
1.000000000000000000e+00 5.530000000000000000e+02 5.599999999999999645e+00 0.000000000000000000e+00 4.932065341749071741e-01 5.242898509422115882e-01 3.967733264204895138e-03 0.000000000000000000e+00 0.000000000000000000e+00 7.810000000000000000e+02 0.000000000000000000e+00 0.000000000000000000e+00 1.000000000000000000e+00
1.000000000000000000e+00 5.530000000000000000e+02 5.610000000000000320e+00 0.000000000000000000e+00 4.856900687941902439e-01 5.251643756803946461e-01 4.108655608756679734e-03 0.000000000000000000e+00 0.000000000000000000e+00 7.810000000000000000e+02 0.000000000000000000e+00 0.000000000000000000e+00 1.000000000000000000e+00
1.000000000000000000e+00 5.530000000000000000e+02 5.620000000000000107e+00 0.000000000000000000e+00 4.783991540910157436e-01 5.258116604394416083e-01 4.243755818556193410e-03 0.000000000000000000e+00 0.000000000000000000e+00 7.810000000000000000e+02 0.000000000000000000e+00 0.000000000000000000e+00 1.000000000000000000e+00
1.000000000000000000e+00 5.530000000000000000e+02 5.629999999999999893e+00 0.000000000000000000e+00 4.713304225905643463e-01 5.262329012102004988e-01 4.372453187768240296e-03 0.000000000000000000e+00 0.000000000000000000e+00 7.810000000000000000e+02 0.000000000000000000e+00 0.000000000000000000e+00 1.000000000000000000e+00
1.000000000000000000e+00 5.530000000000000000e+02 5.639999999999999680e+00 0.000000000000000000e+00 4.644806094383838180e-01 5.264288763210649424e-01 4.494183096582903686e-03 0.000000000000000000e+00 0.000000000000000000e+00 7.810000000000000000e+02 0.000000000000000000e+00 0.000000000000000000e+00 1.000000000000000000e+00
1.000000000000000000e+00 5.530000000000000000e+02 5.649999999999999467e+00 0.000000000000000000e+00 4.578465508924408622e-01 5.263999478760947870e-01 4.608397747974009306e-03 0.000000000000000000e+00 0.000000000000000000e+00 7.810000000000000000e+02 0.000000000000000000e+00 0.000000000000000000e+00 1.000000000000000000e+00
1.000000000000000000e+00 5.530000000000000000e+02 5.660000000000000142e+00 0.000000000000000000e+00 4.514251828618754403e-01 5.261460624240764661e-01 4.714566903152271615e-03 0.000000000000000000e+00 0.000000000000000000e+00 7.810000000000000000e+02 0.000000000000000000e+00 0.000000000000000000e+00 1.000000000000000000e+00
1.000000000000000000e+00 5.530000000000000000e+02 5.669999999999999929e+00 0.000000000000000000e+00 4.452135394917809963e-01 5.256667508597631100e-01 4.812178639145243964e-03 0.000000000000000000e+00 0.000000000000000000e+00 7.810000000000000000e+02 0.000000000000000000e+00 0.000000000000000000e+00 1.000000000000000000e+00
1.000000000000000000e+00 5.530000000000000000e+02 5.679999999999999716e+00 0.000000000000000000e+00 4.392087517933560004e-01 5.249611275571053337e-01 4.900740151576741394e-03 0.000000000000000000e+00 0.000000000000000000e+00 7.810000000000000000e+02 0.000000000000000000e+00 0.000000000000000000e+00 1.000000000000000000e+00
1.000000000000000000e+00 5.530000000000000000e+02 5.689999999999999503e+00 0.000000000000000000e+00 4.334080463187971466e-01 5.240278887328743140e-01 4.979778625587231999e-03 0.000000000000000000e+00 0.000000000000000000e+00 7.810000000000000000e+02 0.000000000000000000e+00 0.000000000000000000e+00 1.000000000000000000e+00
1.000000000000000000e+00 5.530000000000000000e+02 5.700000000000000178e+00 0.000000000000000000e+00 4.278087438803186981e-01 5.228653100376609020e-01 5.048842197930364373e-03 0.000000000000000000e+00 0.000000000000000000e+00 7.810000000000000000e+02 0.000000000000000000e+00 0.000000000000000000e+00 1.000000000000000000e+00
1.000000000000000000e+00 5.530000000000000000e+02 5.709999999999999964e+00 0.000000000000000000e+00 4.224082583127090063e-01 5.214712433697825666e-01 5.107501033601816176e-03 0.000000000000000000e+00 0.000000000000000000e+00 7.810000000000000000e+02 0.000000000000000000e+00 0.000000000000000000e+00 1.000000000000000000e+00
1.000000000000000000e+00 5.530000000000000000e+02 5.719999999999999751e+00 0.000000000000000000e+00 4.172040952788512169e-01 5.198431129062293099e-01 5.155348540906705412e-03 0.000000000000000000e+00 0.000000000000000000e+00 7.810000000000000000e+02 0.000000000000000000e+00 0.000000000000000000e+00 1.000000000000000000e+00
1.000000000000000000e+00 5.530000000000000000e+02 5.729999999999999538e+00 0.000000000000000000e+00 4.121938511176568287e-01 5.179779103433044263e-01 5.192002749642442988e-03 0.000000000000000000e+00 0.000000000000000000e+00 7.810000000000000000e+02 0.000000000000000000e+00 0.000000000000000000e+00 1.000000000000000000e+00
1.000000000000000000e+00 5.530000000000000000e+02 5.740000000000000213e+00 0.000000000000000000e+00 4.073752117338798051e-01 5.158721893381669199e-01 5.217107878065428000e-03 0.000000000000000000e+00 0.000000000000000000e+00 7.810000000000000000e+02 0.000000000000000000e+00 0.000000000000000000e+00 1.000000000000000000e+00
1.000000000000000000e+00 5.530000000000000000e+02 5.750000000000000000e+00 0.000000000000000000e+00 4.027459515293005388e-01 5.135220591410111224e-01 5.230336115509832962e-03 0.000000000000000000e+00 0.000000000000000000e+00 7.810000000000000000e+02 0.000000000000000000e+00 0.000000000000000000e+00 1.000000000000000000e+00
1.000000000000000000e+00 5.530000000000000000e+02 5.759999999999999787e+00 0.000000000000000000e+00 3.983039323747806226e-01 5.109231774061101516e-01 5.231389648921700580e-03 0.000000000000000000e+00 0.000000000000000000e+00 7.810000000000000000e+02 0.000000000000000000e+00 0.000000000000000000e+00 1.000000000000000000e+00
1.000000000000000000e+00 5.530000000000000000e+02 5.769999999999999574e+00 0.000000000000000000e+00 3.940471026227204132e-01 5.080707421684452774e-01 5.220002963137303914e-03 0.000000000000000000e+00 0.000000000000000000e+00 7.810000000000000000e+02 0.000000000000000000e+00 0.000000000000000000e+00 1.000000000000000000e+00
1.000000000000000000e+00 5.530000000000000000e+02 5.780000000000000249e+00 0.000000000000000000e+00 3.899734961594589211e-01 5.049594829710946087e-01 5.195945446441738169e-03 0.000000000000000000e+00 0.000000000000000000e+00 7.810000000000000000e+02 0.000000000000000000e+00 0.000000000000000000e+00 1.000000000000000000e+00
1.000000000000000000e+00 5.530000000000000000e+02 5.790000000000000036e+00 0.000000000000000000e+00 3.860812314971792669e-01 5.015836511269873288e-01 5.159024334740046347e-03 0.000000000000000000e+00 0.000000000000000000e+00 7.810000000000000000e+02 0.000000000000000000e+00 0.000000000000000000e+00 1.000000000000000000e+00
1.000000000000000000e+00 5.530000000000000000e+02 5.799999999999999822e+00 0.000000000000000000e+00 3.823685109049008157e-01 4.979370090970277607e-01 5.109088029490015809e-03 0.000000000000000000e+00 0.000000000000000000e+00 7.810000000000000000e+02 0.000000000000000000e+00 0.000000000000000000e+00 1.000000000000000000e+00
1.000000000000000000e+00 5.530000000000000000e+02 5.809999999999999609e+00 0.000000000000000000e+00 3.788336195781559224e-01 4.940128189649700685e-01 5.046029826285526598e-03 0.000000000000000000e+00 0.000000000000000000e+00 7.810000000000000000e+02 0.000000000000000000e+00 0.000000000000000000e+00 1.000000000000000000e+00
1.000000000000000000e+00 5.530000000000000000e+02 5.820000000000000284e+00 0.000000000000000000e+00 3.754749248469688161e-01 4.898038299877394697e-01 4.969792092501219144e-03 0.000000000000000000e+00 0.000000000000000000e+00 7.810000000000000000e+02 0.000000000000000000e+00 0.000000000000000000e+00 1.000000000000000000e+00
1.000000000000000000e+00 5.530000000000000000e+02 5.830000000000000071e+00 0.000000000000000000e+00 3.722908754217699179e-01 4.853022651982047964e-01 4.880370933521532839e-03 0.000000000000000000e+00 0.000000000000000000e+00 7.810000000000000000e+02 0.000000000000000000e+00 0.000000000000000000e+00 1.000000000000000000e+00
1.000000000000000000e+00 5.530000000000000000e+02 5.839999999999999858e+00 0.000000000000000000e+00 3.692800006768972021e-01 4.804998070356397144e-01 4.777821387511854007e-03 0.000000000000000000e+00 0.000000000000000000e+00 7.810000000000000000e+02 0.000000000000000000e+00 0.000000000000000000e+00 1.000000000000000000e+00
1.000000000000000000e+00 5.530000000000000000e+02 5.849999999999999645e+00 0.000000000000000000e+00 3.664409099713542006e-01 4.753875819773322187e-01 4.662263188081227500e-03 0.000000000000000000e+00 0.000000000000000000e+00 7.810000000000000000e+02 0.000000000000000000e+00 0.000000000000000000e+00 1.000000000000000000e+00
1.000000000000000000e+00 5.530000000000000000e+02 5.860000000000000320e+00 0.000000000000000000e+00 3.637722920065111776e-01 4.699561441429383479e-01 4.533887132030952477e-03 0.000000000000000000e+00 0.000000000000000000e+00 7.810000000000000000e+02 0.000000000000000000e+00 0.000000000000000000e+00 1.000000000000000000e+00
1.000000000000000000e+00 5.530000000000000000e+02 5.870000000000000107e+00 0.000000000000000000e+00 3.612729142204515465e-01 4.641954578412864629e-01 4.392962085003278977e-03 0.000000000000000000e+00 0.000000000000000000e+00 7.810000000000000000e+02 0.000000000000000000e+00 0.000000000000000000e+00 1.000000000000000000e+00
1.000000000000000000e+00 5.530000000000000000e+02 5.879999999999999893e+00 0.000000000000000000e+00 3.589416222186859184e-01 4.580948790273892124e-01 4.239842650306687583e-03 0.000000000000000000e+00 0.000000000000000000e+00 7.810000000000000000e+02 0.000000000000000000e+00 0.000000000000000000e+00 1.000000000000000000e+00
1.000000000000000000e+00 5.530000000000000000e+02 5.889999999999999680e+00 0.000000000000000000e+00 3.567773392409678279e-01 4.516431356353943216e-01 4.074977514252241945e-03 0.000000000000000000e+00 0.000000000000000000e+00 7.810000000000000000e+02 0.000000000000000000e+00 0.000000000000000000e+00 1.000000000000000000e+00
1.000000000000000000e+00 5.530000000000000000e+02 5.899999999999999467e+00 0.000000000000000000e+00 3.547790656639679407e-01 4.448283067511404343e-01 3.898918463290549502e-03 0.000000000000000000e+00 0.000000000000000000e+00 7.810000000000000000e+02 0.000000000000000000e+00 0.000000000000000000e+00 1.000000000000000000e+00
1.000000000000000000e+00 5.530000000000000000e+02 5.910000000000000142e+00 0.000000000000000000e+00 3.529458785395753195e-01 4.376378005858315712e-01 3.712330041818326376e-03 0.000000000000000000e+00 0.000000000000000000e+00 7.810000000000000000e+02 0.000000000000000000e+00 0.000000000000000000e+00 1.000000000000000000e+00
1.000000000000000000e+00 5.530000000000000000e+02 5.919999999999999929e+00 0.000000000000000000e+00 3.512769311686127494e-01 4.300583312101362021e-01 3.515999781667639157e-03 0.000000000000000000e+00 0.000000000000000000e+00 7.810000000000000000e+02 0.000000000000000000e+00 0.000000000000000000e+00 1.000000000000000000e+00
1.000000000000000000e+00 5.530000000000000000e+02 5.929999999999999716e+00 0.000000000000000000e+00 3.497714527097696147e-01 4.220758940057166009e-01 3.310848880911352460e-03 0.000000000000000000e+00 0.000000000000000000e+00 7.810000000000000000e+02 0.000000000000000000e+00 0.000000000000000000e+00 1.000000000000000000e+00
1.000000000000000000e+00 5.530000000000000000e+02 5.939999999999999503e+00 0.000000000000000000e+00 3.484287478235709723e-01 4.136757397888352061e-01 3.097943135269065618e-03 0.000000000000000000e+00 0.000000000000000000e+00 7.810000000000000000e+02 0.000000000000000000e+00 0.000000000000000000e+00 1.000000000000000000e+00
1.000000000000000000e+00 5.530000000000000000e+02 5.950000000000000178e+00 0.000000000000000000e+00 3.472481963512192848e-01 4.048423475582252351e-01 2.878503822867441858e-03 0.000000000000000000e+00 0.000000000000000000e+00 7.810000000000000000e+02 0.000000000000000000e+00 0.000000000000000000e+00 1.000000000000000000e+00
1.000000000000000000e+00 5.530000000000000000e+02 5.959999999999999964e+00 0.000000000000000000e+00 3.462292530281605440e-01 3.955593958168681090e-01 2.653918102926054734e-03 0.000000000000000000e+00 0.000000000000000000e+00 7.810000000000000000e+02 0.000000000000000000e+00 0.000000000000000000e+00 1.000000000000000000e+00
1.000000000000000000e+00 5.530000000000000000e+02 5.969999999999999751e+00 0.000000000000000000e+00 3.453714472322406137e-01 3.858097324146937401e-01 2.425748298809690673e-03 0.000000000000000000e+00 0.000000000000000000e+00 7.810000000000000000e+02 0.000000000000000000e+00 0.000000000000000000e+00 1.000000000000000000e+00
1.000000000000000000e+00 5.530000000000000000e+02 5.979999999999999538e+00 0.000000000000000000e+00 3.446743827663381055e-01 3.755753428564778673e-01 2.195739180119676490e-03 0.000000000000000000e+00 0.000000000000000000e+00 7.810000000000000000e+02 0.000000000000000000e+00 0.000000000000000000e+00 1.000000000000000000e+00
1.000000000000000000e+00 5.530000000000000000e+02 5.990000000000000213e+00 0.000000000000000000e+00 3.441377376753716466e-01 3.648373170163827783e-01 1.965822017594303500e-03 0.000000000000000000e+00 0.000000000000000000e+00 7.810000000000000000e+02 0.000000000000000000e+00 0.000000000000000000e+00 1.000000000000000000e+00
1.000000000000000000e+00 5.530000000000000000e+02 6.000000000000000000e+00 0.000000000000000000e+00 3.437612640975977740e-01 3.535758141976339530e-01 1.738113735339278515e-03 0.000000000000000000e+00 0.000000000000000000e+00 7.810000000000000000e+02 0.000000000000000000e+00 0.000000000000000000e+00 1.000000000000000000e+00
1.000000000000000000e+00 5.530000000000000000e+02 6.009999999999999787e+00 0.000000000000000000e+00 3.435447881501300094e-01 3.417700264727809856e-01 1.514908901739924624e-03 0.000000000000000000e+00 0.000000000000000000e+00 7.810000000000000000e+02 0.000000000000000000e+00 0.000000000000000000e+00 1.000000000000000000e+00
1.000000000000000000e+00 5.530000000000000000e+02 6.019999999999999574e+00 0.000000000000000000e+00 3.434882098486273239e-01 3.293981402367984757e-01 1.298661559389869061e-03 0.000000000000000000e+00 0.000000000000000000e+00 7.810000000000000000e+02 0.000000000000000000e+00 0.000000000000000000e+00 1.000000000000000000e+00
1.000000000000000000e+00 5.530000000000000000e+02 6.030000000000000249e+00 0.000000000000000000e+00 3.435915030611140231e-01 3.164372959019945419e-01 1.091952982742014702e-03 0.000000000000000000e+00 0.000000000000000000e+00 7.810000000000000000e+02 0.000000000000000000e+00 0.000000000000000000e+00 1.000000000000000000e+00
1.000000000000000000e+00 5.530000000000000000e+02 6.040000000000000036e+00 0.000000000000000000e+00 3.438547154959103458e-01 3.028635456602514764e-01 8.974403884496502670e-04 0.000000000000000000e+00 0.000000000000000000e+00 7.810000000000000000e+02 0.000000000000000000e+00 0.000000000000000000e+00 1.000000000000000000e+00
1.000000000000000000e+00 5.530000000000000000e+02 6.049999999999999822e+00 0.000000000000000000e+00 3.442779687236667274e-01 2.886518092345574105e-01 7.177804974793679238e-04 0.000000000000000000e+00 0.000000000000000000e+00 7.810000000000000000e+02 0.000000000000000000e+00 0.000000000000000000e+00 1.000000000000000000e+00
1.000000000000000000e+00 5.530000000000000000e+02 6.059999999999999609e+00 0.000000000000000000e+00 3.448614582335157719e-01 2.737758275380696160e-01 5.555208980356166754e-04 0.000000000000000000e+00 0.000000000000000000e+00 7.810000000000000000e+02 0.000000000000000000e+00 0.000000000000000000e+00 1.000000000000000000e+00
1.000000000000000000e+00 5.530000000000000000e+02 6.070000000000000284e+00 0.000000000000000000e+00 3.456054535233611946e-01 2.582081141550865988e-01 4.129519099120744496e-04 0.000000000000000000e+00 0.000000000000000000e+00 7.810000000000000000e+02 0.000000000000000000e+00 0.000000000000000000e+00 1.000000000000000000e+00
1.000000000000000000e+00 5.530000000000000000e+02 6.080000000000000071e+00 0.000000000000000000e+00 3.465102982243529750e-01 2.419199045542785587e-01 2.919131585926689268e-04 0.000000000000000000e+00 0.000000000000000000e+00 7.810000000000000000e+02 0.000000000000000000e+00 0.000000000000000000e+00 1.000000000000000000e+00
1.000000000000000000e+00 5.530000000000000000e+02 6.089999999999999858e+00 0.000000000000000000e+00 3.475764102596011762e-01 2.248811029403391393e-01 1.935542930390685666e-04 0.000000000000000000e+00 0.000000000000000000e+00 7.810000000000000000e+02 0.000000000000000000e+00 0.000000000000000000e+00 1.000000000000000000e+00
1.000000000000000000e+00 5.530000000000000000e+02 6.099999999999999645e+00 0.000000000000000000e+00 3.488042820372023178e-01 2.070602266458536900e-01 1.180615786200919781e-04 0.000000000000000000e+00 0.000000000000000000e+00 7.810000000000000000e+02 0.000000000000000000e+00 0.000000000000000000e+00 1.000000000000000000e+00
1.000000000000000000e+00 5.530000000000000000e+02 6.110000000000000320e+00 0.000000000000000000e+00 3.501944806776702834e-01 1.884243479606386718e-01 6.438647571823199502e-05 0.000000000000000000e+00 0.000000000000000000e+00 7.810000000000000000e+02 0.000000000000000000e+00 0.000000000000000000e+00 1.000000000000000000e+00
1.000000000000000000e+00 5.530000000000000000e+02 6.120000000000000107e+00 0.000000000000000000e+00 3.517476482758733480e-01 1.689390332910695181e-01 3.005418980533719909e-05 0.000000000000000000e+00 0.000000000000000000e+00 7.810000000000000000e+02 0.000000000000000000e+00 0.000000000000000000e+00 1.000000000000000000e+00
1.000000000000000000e+00 5.530000000000000000e+02 6.129999999999999893e+00 0.000000000000000000e+00 3.534645021976001722e-01 1.485682795369804299e-01 1.118876946711619240e-05 0.000000000000000000e+00 0.000000000000000000e+00 7.810000000000000000e+02 0.000000000000000000e+00 0.000000000000000000e+00 1.000000000000000000e+00
1.000000000000000000e+00 5.530000000000000000e+02 6.139999999999999680e+00 0.000000000000000000e+00 3.553458354108919859e-01 1.272744475685806675e-01 2.939161927264721742e-06 0.000000000000000000e+00 0.000000000000000000e+00 7.810000000000000000e+02 0.000000000000000000e+00 0.000000000000000000e+00 1.000000000000000000e+00
1.000000000000000000e+00 5.530000000000000000e+02 6.150000000000000355e+00 0.000000000000000000e+00 3.573925168522922857e-01 1.050181926804717031e-01 4.312045392854448598e-07 0.000000000000000000e+00 0.000000000000000000e+00 7.810000000000000000e+02 0.000000000000000000e+00 0.000000000000000000e+00 1.000000000000000000e+00
1.000000000000000000e+00 5.530000000000000000e+02 6.160000000000000142e+00 0.000000000000000000e+00 3.596054918281852975e-01 8.175839189426489795e-02 2.118693096277939127e-08 0.000000000000000000e+00 0.000000000000000000e+00 7.810000000000000000e+02 0.000000000000000000e+00 0.000000000000000000e+00 1.000000000000000000e+00
1.000000000000000000e+00 5.530000000000000000e+02 6.169999999999999929e+00 0.000000000000000000e+00 3.619857824514078892e-01 5.745206797547668109e-02 8.726529790387428393e-11 0.000000000000000000e+00 0.000000000000000000e+00 7.810000000000000000e+02 0.000000000000000000e+00 0.000000000000000000e+00 1.000000000000000000e+00
1.000000000000000000e+00 5.530000000000000000e+02 6.179999999999999716e+00 0.000000000000000000e+00 3.645344881133339432e-01 3.205431002430631643e-02 1.126772870149177780e-16 0.000000000000000000e+00 0.000000000000000000e+00 7.810000000000000000e+02 0.000000000000000000e+00 0.000000000000000000e+00 1.000000000000000000e+00
1.000000000000000000e+00 5.530000000000000000e+02 6.189999999999999503e+00 0.000000000000000000e+00 3.672527859916550619e-01 5.518190493572301160e-03 6.267758641595577789e-61 1.000000000000000000e+00 1.000000000000000000e+00 7.810000000000000000e+02 0.000000000000000000e+00 0.000000000000000000e+00 1.000000000000000000e+00
1.000000000000000000e+00 5.530000000000000000e+02 6.200000000000000178e+00 0.000000000000000000e+00 3.527707856534412212e-01 3.186827201895790773e-02 1.577064952150369676e-16 0.000000000000000000e+00 0.000000000000000000e+00 7.810000000000000000e+02 0.000000000000000000e+00 0.000000000000000000e+00 1.000000000000000000e+00
1.000000000000000000e+00 5.530000000000000000e+02 6.209999999999999964e+00 0.000000000000000000e+00 3.384529441980247966e-01 5.680438586825463376e-02 1.292174954747965040e-10 0.000000000000000000e+00 0.000000000000000000e+00 7.810000000000000000e+02 0.000000000000000000e+00 0.000000000000000000e+00 1.000000000000000000e+00
1.000000000000000000e+00 5.530000000000000000e+02 6.219999999999999751e+00 0.000000000000000000e+00 3.242926486046079360e-01 8.037260660684084068e-02 3.228524944049520029e-08 0.000000000000000000e+00 0.000000000000000000e+00 7.810000000000000000e+02 0.000000000000000000e+00 0.000000000000000000e+00 1.000000000000000000e+00
1.000000000000000000e+00 5.530000000000000000e+02 6.229999999999999538e+00 0.000000000000000000e+00 3.102833586185333448e-01 1.026164813380797819e-01 6.702300204158296562e-07 0.000000000000000000e+00 0.000000000000000000e+00 7.810000000000000000e+02 0.000000000000000000e+00 0.000000000000000000e+00 1.000000000000000000e+00
1.000000000000000000e+00 5.530000000000000000e+02 6.240000000000000213e+00 0.000000000000000000e+00 2.964186037305191479e-01 1.235771101654906945e-01 4.640360515445685540e-06 0.000000000000000000e+00 0.000000000000000000e+00 7.810000000000000000e+02 0.000000000000000000e+00 0.000000000000000000e+00 1.000000000000000000e+00
1.000000000000000000e+00 5.530000000000000000e+02 6.250000000000000000e+00 0.000000000000000000e+00 2.826919801881059846e-01 1.432932221335877776e-01 1.789917348703077074e-05 0.000000000000000000e+00 0.000000000000000000e+00 7.810000000000000000e+02 0.000000000000000000e+00 0.000000000000000000e+00 1.000000000000000000e+00
1.000000000000000000e+00 5.530000000000000000e+02 6.259999999999999787e+00 0.000000000000000000e+00 2.690971480379391600e-01 1.618012467877031346e-01 4.863561851774851792e-05 0.000000000000000000e+00 0.000000000000000000e+00 7.810000000000000000e+02 0.000000000000000000e+00 0.000000000000000000e+00 1.000000000000000000e+00
1.000000000000000000e+00 5.530000000000000000e+02 6.269999999999999574e+00 0.000000000000000000e+00 2.556278281975166711e-01 1.791353814850154547e-01 1.052676118437735966e-04 0.000000000000000000e+00 0.000000000000000000e+00 7.810000000000000000e+02 0.000000000000000000e+00 0.000000000000000000e+00 1.000000000000000000e+00
1.000000000000000000e+00 5.530000000000000000e+02 6.280000000000000249e+00 0.000000000000000000e+00 2.422777995550518815e-01 1.953276545811543918e-01 1.948086621216156555e-04 0.000000000000000000e+00 0.000000000000000000e+00 7.810000000000000000e+02 0.000000000000000000e+00 0.000000000000000000e+00 1.000000000000000000e+00
1.000000000000000000e+00 5.530000000000000000e+02 6.290000000000000036e+00 0.000000000000000000e+00 2.290408960961120843e-01 2.104079846091321260e-01 3.220370479363721637e-04 0.000000000000000000e+00 0.000000000000000000e+00 7.810000000000000000e+02 0.000000000000000000e+00 0.000000000000000000e+00 1.000000000000000000e+00
1.000000000000000000e+00 5.530000000000000000e+02 6.299999999999999822e+00 0.000000000000000000e+00 2.159110040557038757e-01 2.244042355599458749e-01 4.893212036349335950e-04 0.000000000000000000e+00 0.000000000000000000e+00 7.810000000000000000e+02 0.000000000000000000e+00 0.000000000000000000e+00 1.000000000000000000e+00
1.000000000000000000e+00 5.530000000000000000e+02 6.309999999999999609e+00 0.000000000000000000e+00 2.028820590944917512e-01 2.373422683669945410e-01 6.968278034937052876e-04 0.000000000000000000e+00 0.000000000000000000e+00 7.810000000000000000e+02 0.000000000000000000e+00 0.000000000000000000e+00 1.000000000000000000e+00
1.000000000000000000e+00 5.530000000000000000e+02 6.320000000000000284e+00 0.000000000000000000e+00 1.899480434978457477e-01 2.492459886894373977e-01 9.428954517464102625e-04 0.000000000000000000e+00 0.000000000000000000e+00 7.810000000000000000e+02 0.000000000000000000e+00 0.000000000000000000e+00 1.000000000000000000e+00
1.000000000000000000e+00 5.530000000000000000e+02 6.330000000000000071e+00 0.000000000000000000e+00 1.771029833964218869e-01 2.601373910827836089e-01 1.224442232450580550e-03 0.000000000000000000e+00 0.000000000000000000e+00 7.810000000000000000e+02 0.000000000000000000e+00 0.000000000000000000e+00 1.000000000000000000e+00
1.000000000000000000e+00 5.530000000000000000e+02 6.339999999999999858e+00 0.000000000000000000e+00 1.643409460069959471e-01 2.700365996383277123e-01 1.537340599549973791e-03 0.000000000000000000e+00 0.000000000000000000e+00 7.810000000000000000e+02 0.000000000000000000e+00 0.000000000000000000e+00 1.000000000000000000e+00
1.000000000000000000e+00 5.530000000000000000e+02 6.349999999999999645e+00 0.000000000000000000e+00 1.516560368922713897e-01 2.789619051665201410e-01 1.876733130141130731e-03 0.000000000000000000e+00 0.000000000000000000e+00 7.810000000000000000e+02 0.000000000000000000e+00 0.000000000000000000e+00 1.000000000000000000e+00
1.000000000000000000e+00 5.530000000000000000e+02 6.360000000000000320e+00 0.000000000000000000e+00 1.390423972384003948e-01 2.869297989929766035e-01 2.237284174706513987e-03 0.000000000000000000e+00 0.000000000000000000e+00 7.810000000000000000e+02 0.000000000000000000e+00 0.000000000000000000e+00 1.000000000000000000e+00
1.000000000000000000e+00 5.530000000000000000e+02 6.370000000000000107e+00 0.000000000000000000e+00 1.264942011489565976e-01 2.939550034295720371e-01 2.613372573761100354e-03 0.000000000000000000e+00 0.000000000000000000e+00 7.810000000000000000e+02 0.000000000000000000e+00 0.000000000000000000e+00 1.000000000000000000e+00
1.000000000000000000e+00 5.530000000000000000e+02 6.379999999999999893e+00 0.000000000000000000e+00 1.140056529541130792e-01 3.000504989769194886e-01 2.999234459522329838e-03 0.000000000000000000e+00 0.000000000000000000e+00 7.810000000000000000e+02 0.000000000000000000e+00 0.000000000000000000e+00 1.000000000000000000e+00
1.000000000000000000e+00 5.530000000000000000e+02 6.389999999999999680e+00 0.000000000000000000e+00 1.015709845337796069e-01 3.052275483084975205e-01 3.389065834627339596e-03 0.000000000000000000e+00 0.000000000000000000e+00 7.810000000000000000e+02 0.000000000000000000e+00 0.000000000000000000e+00 1.000000000000000000e+00
1.000000000000000000e+00 5.530000000000000000e+02 6.400000000000000355e+00 0.000000000000000000e+00 8.918445265346587603e-02 3.094957170807409730e-01 3.777093865067589207e-03 0.000000000000000000e+00 0.000000000000000000e+00 7.810000000000000000e+02 0.000000000000000000e+00 0.000000000000000000e+00 1.000000000000000000e+00
1.000000000000000000e+00 5.530000000000000000e+02 6.410000000000000142e+00 0.000000000000000000e+00 7.684033631163730838e-02 3.128628916075447686e-01 4.157624561668273044e-03 0.000000000000000000e+00 0.000000000000000000e+00 7.810000000000000000e+02 0.000000000000000000e+00 0.000000000000000000e+00 1.000000000000000000e+00
1.000000000000000000e+00 5.530000000000000000e+02 6.419999999999999929e+00 0.000000000000000000e+00 6.453293409734114916e-02 3.153352934318413014e-01 4.525073206596071096e-03 0.000000000000000000e+00 0.000000000000000000e+00 7.810000000000000000e+02 0.000000000000000000e+00 0.000000000000000000e+00 1.000000000000000000e+00
1.000000000000000000e+00 5.530000000000000000e+02 6.429999999999999716e+00 0.000000000000000000e+00 5.225656155687912613e-02 3.169174908211714325e-01 4.873982711332120604e-03 0.000000000000000000e+00 0.000000000000000000e+00 7.810000000000000000e+02 0.000000000000000000e+00 0.000000000000000000e+00 1.000000000000000000e+00
1.000000000000000000e+00 5.530000000000000000e+02 6.439999999999999503e+00 0.000000000000000000e+00 4.000554856831400191e-02 3.176124072084922645e-01 5.199034146439407422e-03 0.000000000000000000e+00 0.000000000000000000e+00 7.810000000000000000e+02 0.000000000000000000e+00 0.000000000000000000e+00 1.000000000000000000e+00
1.000000000000000000e+00 5.530000000000000000e+02 6.450000000000000178e+00 0.000000000000000000e+00 2.777423672259475909e-02 3.174213265938180539e-01 5.495052978472862032e-03 0.000000000000000000e+00 0.000000000000000000e+00 7.810000000000000000e+02 0.000000000000000000e+00 0.000000000000000000e+00 1.000000000000000000e+00
1.000000000000000000e+00 5.530000000000000000e+02 6.459999999999999964e+00 0.000000000000000000e+00 1.555697671009096186e-02 3.163438959166699482e-01 5.757014079917965876e-03 0.000000000000000000e+00 0.000000000000000000e+00 7.810000000000000000e+02 0.000000000000000000e+00 0.000000000000000000e+00 1.000000000000000000e+00
1.000000000000000000e+00 5.530000000000000000e+02 6.469999999999999751e+00 0.000000000000000000e+00 3.348125711331241712e-03 3.143781244037278100e-01 5.980048334789919706e-03 0.000000000000000000e+00 0.000000000000000000e+00 7.810000000000000000e+02 0.000000000000000000e+00 0.000000000000000000e+00 1.000000000000000000e+00
1.000000000000000000e+00 5.530000000000000000e+02 6.479999999999999538e+00 0.000000000000000000e+00 -8.857955209261619139e-03 3.115203798904674359e-01 6.159453642798472933e-03 0.000000000000000000e+00 0.000000000000000000e+00 7.810000000000000000e+02 0.000000000000000000e+00 0.000000000000000000e+00 1.000000000000000000e+00
1.000000000000000000e+00 5.530000000000000000e+02 6.490000000000000213e+00 0.000000000000000000e+00 -2.106690370784105801e-02 3.077653821099952114e-01 6.290713339076155902e-03 0.000000000000000000e+00 0.000000000000000000e+00 7.810000000000000000e+02 0.000000000000000000e+00 0.000000000000000000e+00 1.000000000000000000e+00
1.000000000000000000e+00 5.530000000000000000e+02 6.500000000000000000e+00 0.000000000000000000e+00 -3.328435876501661256e-02 3.031061929366763996e-01 6.369525522667559420e-03 0.000000000000000000e+00 0.000000000000000000e+00 7.810000000000000000e+02 0.000000000000000000e+00 0.000000000000000000e+00 1.000000000000000000e+00
1.000000000000000000e+00 5.530000000000000000e+02 6.509999999999999787e+00 0.000000000000000000e+00 -4.551596329034567762e-02 2.975342035665297646e-01 6.391847576999263453e-03 0.000000000000000000e+00 0.000000000000000000e+00 7.810000000000000000e+02 0.000000000000000000e+00 0.000000000000000000e+00 1.000000000000000000e+00
1.000000000000000000e+00 5.530000000000000000e+02 6.519999999999999574e+00 0.000000000000000000e+00 -5.776736672863922589e-02 2.910391186107038619e-01 6.353961351348007963e-03 0.000000000000000000e+00 0.000000000000000000e+00 7.810000000000000000e+02 0.000000000000000000e+00 0.000000000000000000e+00 1.000000000000000000e+00
1.000000000000000000e+00 5.530000000000000000e+02 6.530000000000000249e+00 0.000000000000000000e+00 -7.004422766928657118e-02 2.836089370726426195e-01 6.252566174903207569e-03 0.000000000000000000e+00 0.000000000000000000e+00 7.810000000000000000e+02 0.000000000000000000e+00 0.000000000000000000e+00 1.000000000000000000e+00
1.000000000000000000e+00 5.530000000000000000e+02 6.540000000000000036e+00 0.000000000000000000e+00 -8.235221645980363159e-02 2.752299301737912707e-01 6.084909264811432655e-03 0.000000000000000000e+00 0.000000000000000000e+00 7.810000000000000000e+02 0.000000000000000000e+00 0.000000000000000000e+00 1.000000000000000000e+00
1.000000000000000000e+00 5.530000000000000000e+02 6.549999999999999822e+00 0.000000000000000000e+00 -9.469701782481211583e-02 2.658866159868734647e-01 5.848966395864865775e-03 0.000000000000000000e+00 0.000000000000000000e+00 7.810000000000000000e+02 0.000000000000000000e+00 0.000000000000000000e+00 1.000000000000000000e+00
1.000000000000000000e+00 5.530000000000000000e+02 6.559999999999999609e+00 0.000000000000000000e+00 -1.070843334916584677e-01 2.555617308298674950e-01 5.543690210203417595e-03 0.000000000000000000e+00 0.000000000000000000e+00 7.810000000000000000e+02 0.000000000000000000e+00 0.000000000000000000e+00 1.000000000000000000e+00
1.000000000000000000e+00 5.530000000000000000e+02 6.570000000000000284e+00 0.000000000000000000e+00 -1.195198848238867850e-01 2.442361973678257858e-01 5.169349573885768934e-03 0.000000000000000000e+00 0.000000000000000000e+00 7.810000000000000000e+02 0.000000000000000000e+00 0.000000000000000000e+00 1.000000000000000000e+00
1.000000000000000000e+00 5.530000000000000000e+02 6.580000000000000071e+00 0.000000000000000000e+00 -1.320094154637804218e-01 2.318890893636012251e-01 4.727991143801468094e-03 0.000000000000000000e+00 0.000000000000000000e+00 7.810000000000000000e+02 0.000000000000000000e+00 0.000000000000000000e+00 1.000000000000000000e+00
1.000000000000000000e+00 5.530000000000000000e+02 6.589999999999999858e+00 0.000000000000000000e+00 -1.445586939851939701e-01 2.184975930123475296e-01 4.224063518072553730e-03 0.000000000000000000e+00 0.000000000000000000e+00 7.810000000000000000e+02 0.000000000000000000e+00 0.000000000000000000e+00 1.000000000000000000e+00
1.000000000000000000e+00 5.530000000000000000e+02 6.599999999999999645e+00 0.000000000000000000e+00 -1.571735165579006555e-01 2.040369647883545912e-01 3.665253202522651688e-03 0.000000000000000000e+00 0.000000000000000000e+00 7.810000000000000000e+02 0.000000000000000000e+00 0.000000000000000000e+00 1.000000000000000000e+00
1.000000000000000000e+00 5.530000000000000000e+02 6.610000000000000320e+00 0.000000000000000000e+00 -1.698597096246843297e-01 1.884804857263275846e-01 3.063584057253321280e-03 0.000000000000000000e+00 0.000000000000000000e+00 7.810000000000000000e+02 0.000000000000000000e+00 0.000000000000000000e+00 1.000000000000000000e+00
1.000000000000000000e+00 5.530000000000000000e+02 6.620000000000000107e+00 0.000000000000000000e+00 -1.826231325924156934e-01 1.717994120526404322e-01 2.436810398611386277e-03 0.000000000000000000e+00 0.000000000000000000e+00 7.810000000000000000e+02 0.000000000000000000e+00 0.000000000000000000e+00 1.000000000000000000e+00
1.000000000000000000e+00 5.530000000000000000e+02 6.629999999999999893e+00 0.000000000000000000e+00 -1.954696805383518421e-01 1.539629220753405137e-01 1.810041173968181955e-03 0.000000000000000000e+00 0.000000000000000000e+00 7.810000000000000000e+02 0.000000000000000000e+00 0.000000000000000000e+00 1.000000000000000000e+00
1.000000000000000000e+00 5.530000000000000000e+02 6.639999999999999680e+00 0.000000000000000000e+00 -2.084052869329121038e-01 1.349380592347750596e-01 1.217244603383892468e-03 0.000000000000000000e+00 0.000000000000000000e+00 7.810000000000000000e+02 0.000000000000000000e+00 0.000000000000000000e+00 1.000000000000000000e+00
1.000000000000000000e+00 5.530000000000000000e+02 6.650000000000000355e+00 0.000000000000000000e+00 -2.214359263801860822e-01 1.146896712096136667e-01 7.014879569254240874e-04 0.000000000000000000e+00 0.000000000000000000e+00 7.810000000000000000e+02 0.000000000000000000e+00 0.000000000000000000e+00 1.000000000000000000e+00
1.000000000000000000e+00 5.530000000000000000e+02 6.660000000000000142e+00 0.000000000000000000e+00 -2.345676173774413342e-01 9.318034496575203218e-02 3.107713762685025173e-04 0.000000000000000000e+00 0.000000000000000000e+00 7.810000000000000000e+02 0.000000000000000000e+00 0.000000000000000000e+00 1.000000000000000000e+00
1.000000000000000000e+00 5.530000000000000000e+02 6.669999999999999929e+00 0.000000000000000000e+00 -2.478064250949022773e-01 7.037033762808715676e-02 8.225761472582045382e-05 0.000000000000000000e+00 0.000000000000000000e+00 7.810000000000000000e+02 0.000000000000000000e+00 0.000000000000000000e+00 1.000000000000000000e+00
1.000000000000000000e+00 5.530000000000000000e+02 6.679999999999999716e+00 0.000000000000000000e+00 -2.611584641770872683e-01 4.621750304743500737e-02 6.054292212856566212e-06 1.000000000000000000e+00 0.000000000000000000e+00 7.810000000000000000e+02 0.000000000000000000e+00 0.000000000000000000e+00 1.000000000000000000e+00
1.000000000000000000e+00 5.530000000000000000e+02 6.689999999999999503e+00 0.000000000000000000e+00 -2.698104070880685823e-01 6.901625937031026503e-02 9.858227495174133256e-05 0.000000000000000000e+00 0.000000000000000000e+00 7.810000000000000000e+02 0.000000000000000000e+00 0.000000000000000000e+00 1.000000000000000000e+00
1.000000000000000000e+00 5.530000000000000000e+02 6.700000000000000178e+00 0.000000000000000000e+00 -2.785857444034338104e-01 8.941657910826963929e-02 4.081065764505145861e-04 0.000000000000000000e+00 0.000000000000000000e+00 7.810000000000000000e+02 0.000000000000000000e+00 0.000000000000000000e+00 1.000000000000000000e+00
1.000000000000000000e+00 5.530000000000000000e+02 6.709999999999999964e+00 0.000000000000000000e+00 -2.874885292123549041e-01 1.074561560203000088e-01 9.744030759418365745e-04 0.000000000000000000e+00 0.000000000000000000e+00 7.810000000000000000e+02 0.000000000000000000e+00 0.000000000000000000e+00 1.000000000000000000e+00
1.000000000000000000e+00 5.530000000000000000e+02 6.719999999999999751e+00 0.000000000000000000e+00 -2.965228734685285139e-01 1.231683219106615296e-01 1.755014854440932123e-03 0.000000000000000000e+00 0.000000000000000000e+00 7.810000000000000000e+02 0.000000000000000000e+00 0.000000000000000000e+00 1.000000000000000000e+00
1.000000000000000000e+00 5.530000000000000000e+02 6.729999999999999538e+00 0.000000000000000000e+00 -3.056929498893750097e-01 1.365821082162062827e-01 2.675416208238712637e-03 0.000000000000000000e+00 0.000000000000000000e+00 7.810000000000000000e+02 0.000000000000000000e+00 0.000000000000000000e+00 1.000000000000000000e+00
1.000000000000000000e+00 5.530000000000000000e+02 6.740000000000000213e+00 0.000000000000000000e+00 -3.150029938833022736e-01 1.477222996478896322e-01 3.657513839618126150e-03 0.000000000000000000e+00 0.000000000000000000e+00 7.810000000000000000e+02 0.000000000000000000e+00 0.000000000000000000e+00 1.000000000000000000e+00
1.000000000000000000e+00 5.530000000000000000e+02 6.750000000000000000e+00 0.000000000000000000e+00 -3.244573055059264965e-01 1.566094799855879682e-01 4.630660323622491636e-03 0.000000000000000000e+00 0.000000000000000000e+00 7.810000000000000000e+02 0.000000000000000000e+00 0.000000000000000000e+00 1.000000000000000000e+00
1.000000000000000000e+00 5.530000000000000000e+02 6.759999999999999787e+00 0.000000000000000000e+00 -3.340602514461497585e-01 1.632600701108377628e-01 5.534461203416600472e-03 0.000000000000000000e+00 0.000000000000000000e+00 7.810000000000000000e+02 0.000000000000000000e+00 0.000000000000000000e+00 1.000000000000000000e+00
1.000000000000000000e+00 5.530000000000000000e+02 6.769999999999999574e+00 0.000000000000000000e+00 -3.438162670430153223e-01 1.676863583477693764e-01 6.318427007490114156e-03 0.000000000000000000e+00 0.000000000000000000e+00 7.810000000000000000e+02 0.000000000000000000e+00 0.000000000000000000e+00 1.000000000000000000e+00
1.000000000000000000e+00 5.530000000000000000e+02 6.780000000000000249e+00 0.000000000000000000e+00 -3.537298583342696201e-01 1.698965231682965371e-01 6.940704752569491764e-03 0.000000000000000000e+00 0.000000000000000000e+00 7.810000000000000000e+02 0.000000000000000000e+00 0.000000000000000000e+00 1.000000000000000000e+00
1.000000000000000000e+00 5.530000000000000000e+02 6.790000000000000036e+00 0.000000000000000000e+00 -3.638056041375782867e-01 1.698946483035146116e-01 7.366814317121789940e-03 0.000000000000000000e+00 0.000000000000000000e+00 7.810000000000000000e+02 0.000000000000000000e+00 0.000000000000000000e+00 1.000000000000000000e+00
1.000000000000000000e+00 5.530000000000000000e+02 6.799999999999999822e+00 0.000000000000000000e+00 -3.740481581653572474e-01 1.676807302892277529e-01 7.568783288297097067e-03 0.000000000000000000e+00 0.000000000000000000e+00 7.810000000000000000e+02 0.000000000000000000e+00 0.000000000000000000e+00 1.000000000000000000e+00
1.000000000000000000e+00 5.530000000000000000e+02 6.809999999999999609e+00 0.000000000000000000e+00 -3.844622511741953019e-01 1.632506784595484095e-01 7.524903464260896541e-03 0.000000000000000000e+00 0.000000000000000000e+00 7.810000000000000000e+02 0.000000000000000000e+00 0.000000000000000000e+00 1.000000000000000000e+00
1.000000000000000000e+00 5.530000000000000000e+02 6.820000000000000284e+00 0.000000000000000000e+00 -3.950526931498627436e-01 1.565963073885562884e-01 7.220345854118213197e-03 0.000000000000000000e+00 0.000000000000000000e+00 7.810000000000000000e+02 0.000000000000000000e+00 0.000000000000000000e+00 1.000000000000000000e+00
1.000000000000000000e+00 5.530000000000000000e+02 6.830000000000000071e+00 0.000000000000000000e+00 -4.058243755289112076e-01 1.477053217660510565e-01 6.649017542819404131e-03 0.000000000000000000e+00 0.000000000000000000e+00 7.810000000000000000e+02 0.000000000000000000e+00 0.000000000000000000e+00 1.000000000000000000e+00
1.000000000000000000e+00 5.530000000000000000e+02 6.839999999999999858e+00 0.000000000000000000e+00 -4.167822734578965904e-01 1.365612936794552146e-01 5.817345975964949290e-03 0.000000000000000000e+00 0.000000000000000000e+00 7.810000000000000000e+02 0.000000000000000000e+00 0.000000000000000000e+00 1.000000000000000000e+00
1.000000000000000000e+00 5.530000000000000000e+02 6.849999999999999645e+00 0.000000000000000000e+00 -4.279314480912621010e-01 1.231436322598885025e-01 4.751211360774811043e-03 0.000000000000000000e+00 0.000000000000000000e+00 7.810000000000000000e+02 0.000000000000000000e+00 0.000000000000000000e+00 1.000000000000000000e+00
1.000000000000000000e+00 5.530000000000000000e+02 6.860000000000000320e+00 0.000000000000000000e+00 -4.392770489289485880e-01 1.074275456363304460e-01 3.508090243323394586e-03 0.000000000000000000e+00 0.000000000000000000e+00 7.810000000000000000e+02 0.000000000000000000e+00 0.000000000000000000e+00 1.000000000000000000e+00
1.000000000000000000e+00 5.530000000000000000e+02 6.870000000000000107e+00 0.000000000000000000e+00 -4.508243161948080613e-01 8.938399512757334853e-02 2.197266722772286268e-03 0.000000000000000000e+00 0.000000000000000000e+00 7.810000000000000000e+02 0.000000000000000000e+00 0.000000000000000000e+00 1.000000000000000000e+00
1.000000000000000000e+00 5.530000000000000000e+02 6.879999999999999893e+00 0.000000000000000000e+00 -4.625785832569199729e-01 6.897964158732529383e-02 1.008214321171169853e-03 0.000000000000000000e+00 0.000000000000000000e+00 7.810000000000000000e+02 0.000000000000000000e+00 0.000000000000000000e+00 1.000000000000000000e+00
1.000000000000000000e+00 5.530000000000000000e+02 6.889999999999999680e+00 0.000000000000000000e+00 -4.745452790909288066e-01 4.617678380332540522e-02 2.185259381528737582e-04 1.000000000000000000e+00 0.000000000000000000e+00 7.810000000000000000e+02 0.000000000000000000e+00 0.000000000000000000e+00 1.000000000000000000e+00
1.000000000000000000e+00 5.530000000000000000e+02 6.900000000000000355e+00 0.000000000000000000e+00 -4.825854759829447671e-01 6.758029234571016897e-02 1.163455414991142883e-03 0.000000000000000000e+00 0.000000000000000000e+00 7.810000000000000000e+02 0.000000000000000000e+00 0.000000000000000000e+00 1.000000000000000000e+00
1.000000000000000000e+00 5.530000000000000000e+02 6.910000000000000142e+00 0.000000000000000000e+00 -4.908473422854066626e-01 8.502917882656362003e-02 2.693902225746256512e-03 0.000000000000000000e+00 0.000000000000000000e+00 7.810000000000000000e+02 0.000000000000000000e+00 0.000000000000000000e+00 1.000000000000000000e+00
1.000000000000000000e+00 5.530000000000000000e+02 6.919999999999999929e+00 0.000000000000000000e+00 -4.993346939292184761e-01 9.855568362888207645e-02 4.422254079725792403e-03 0.000000000000000000e+00 0.000000000000000000e+00 7.810000000000000000e+02 0.000000000000000000e+00 0.000000000000000000e+00 1.000000000000000000e+00
1.000000000000000000e+00 5.530000000000000000e+02 6.929999999999999716e+00 0.000000000000000000e+00 -5.080514509908187204e-01 1.081847997340748685e-01 6.032221959690602098e-03 0.000000000000000000e+00 0.000000000000000000e+00 7.810000000000000000e+02 0.000000000000000000e+00 0.000000000000000000e+00 1.000000000000000000e+00
1.000000000000000000e+00 5.530000000000000000e+02 6.939999999999999503e+00 0.000000000000000000e+00 -5.170016395027563494e-01 1.139343189016040481e-01 7.304302575899274813e-03 0.000000000000000000e+00 0.000000000000000000e+00 7.810000000000000000e+02 0.000000000000000000e+00 0.000000000000000000e+00 1.000000000000000000e+00
1.000000000000000000e+00 5.530000000000000000e+02 6.950000000000000178e+00 0.000000000000000000e+00 -5.261893933132070211e-01 1.158148645428952739e-01 8.090347124581575428e-03 0.000000000000000000e+00 0.000000000000000000e+00 7.810000000000000000e+02 0.000000000000000000e+00 0.000000000000000000e+00 1.000000000000000000e+00
1.000000000000000000e+00 5.530000000000000000e+02 6.959999999999999964e+00 0.000000000000000000e+00 -5.356189559952830859e-01 1.138299113502611176e-01 8.292198631892989946e-03 0.000000000000000000e+00 0.000000000000000000e+00 7.810000000000000000e+02 0.000000000000000000e+00 0.000000000000000000e+00 1.000000000000000000e+00
1.000000000000000000e+00 5.530000000000000000e+02 6.969999999999999751e+00 0.000000000000000000e+00 -5.452946828070257546e-01 1.079757917171048492e-01 7.852074025128656654e-03 0.000000000000000000e+00 0.000000000000000000e+00 7.810000000000000000e+02 0.000000000000000000e+00 0.000000000000000000e+00 1.000000000000000000e+00
1.000000000000000000e+00 5.530000000000000000e+02 6.979999999999999538e+00 0.000000000000000000e+00 -5.552210427029794504e-01 9.824168896126837802e-02 6.757064411625282596e-03 0.000000000000000000e+00 0.000000000000000000e+00 7.810000000000000000e+02 0.000000000000000000e+00 0.000000000000000000e+00 1.000000000000000000e+00
1.000000000000000000e+00 5.530000000000000000e+02 6.990000000000000213e+00 0.000000000000000000e+00 -5.654026203982802645e-01 8.460961733900120019e-02 5.065510106179383493e-03 0.000000000000000000e+00 0.000000000000000000e+00 7.810000000000000000e+02 0.000000000000000000e+00 0.000000000000000000e+00 1.000000000000000000e+00
1.000000000000000000e+00 5.530000000000000000e+02 7.000000000000000000e+00 0.000000000000000000e+00 -5.758441184862110873e-01 6.705438881262440476e-02 2.977090328236878594e-03 0.000000000000000000e+00 0.000000000000000000e+00 7.810000000000000000e+02 0.000000000000000000e+00 0.000000000000000000e+00 1.000000000000000000e+00
1.000000000000000000e+00 5.530000000000000000e+02 7.009999999999999787e+00 0.000000000000000000e+00 -5.865503596102009665e-01 4.554356651048428739e-02 9.900231684798572671e-04 1.000000000000000000e+00 0.000000000000000000e+00 7.810000000000000000e+02 0.000000000000000000e+00 0.000000000000000000e+00 1.000000000000000000e+00
1.000000000000000000e+00 5.530000000000000000e+02 7.019999999999999574e+00 0.000000000000000000e+00 -5.945639918339468144e-01 6.561481487114396993e-02 3.366000643773202350e-03 0.000000000000000000e+00 0.000000000000000000e+00 7.810000000000000000e+02 0.000000000000000000e+00 0.000000000000000000e+00 1.000000000000000000e+00
1.000000000000000000e+00 5.530000000000000000e+02 7.030000000000000249e+00 0.000000000000000000e+00 -6.028510132931219623e-01 7.988125461621817247e-02 6.004534315759368912e-03 0.000000000000000000e+00 0.000000000000000000e+00 7.810000000000000000e+02 0.000000000000000000e+00 0.000000000000000000e+00 1.000000000000000000e+00
1.000000000000000000e+00 5.530000000000000000e+02 7.040000000000000036e+00 0.000000000000000000e+00 -6.114152515371118479e-01 8.836924590810926738e-02 8.111430821042750483e-03 0.000000000000000000e+00 0.000000000000000000e+00 7.810000000000000000e+02 0.000000000000000000e+00 0.000000000000000000e+00 1.000000000000000000e+00
1.000000000000000000e+00 5.530000000000000000e+02 7.049999999999999822e+00 0.000000000000000000e+00 -6.202606621541802978e-01 9.109447204502776896e-02 9.261026309494907460e-03 0.000000000000000000e+00 0.000000000000000000e+00 7.810000000000000000e+02 0.000000000000000000e+00 0.000000000000000000e+00 1.000000000000000000e+00
1.000000000000000000e+00 5.530000000000000000e+02 7.059999999999999609e+00 0.000000000000000000e+00 -6.293913305984482065e-01 8.806196843909021299e-02 9.227565940892898388e-03 0.000000000000000000e+00 0.000000000000000000e+00 7.810000000000000000e+02 0.000000000000000000e+00 0.000000000000000000e+00 1.000000000000000000e+00
1.000000000000000000e+00 5.530000000000000000e+02 7.070000000000000284e+00 0.000000000000000000e+00 -6.388114740768533473e-01 7.926613192027194554e-02 7.919089106108331139e-03 0.000000000000000000e+00 0.000000000000000000e+00 7.810000000000000000e+02 0.000000000000000000e+00 0.000000000000000000e+00 1.000000000000000000e+00
1.000000000000000000e+00 5.530000000000000000e+02 7.080000000000000071e+00 0.000000000000000000e+00 -6.485254434969629500e-01 6.469071038340556967e-02 5.420003195755328240e-03 0.000000000000000000e+00 0.000000000000000000e+00 7.810000000000000000e+02 0.000000000000000000e+00 0.000000000000000000e+00 1.000000000000000000e+00
1.000000000000000000e+00 5.530000000000000000e+02 7.089999999999999858e+00 0.000000000000000000e+00 -6.585377254765401034e-01 4.430877275909609475e-02 2.246350060553308284e-03 1.000000000000000000e+00 0.000000000000000000e+00 7.810000000000000000e+02 0.000000000000000000e+00 0.000000000000000000e+00 1.000000000000000000e+00
1.000000000000000000e+00 5.530000000000000000e+02 7.099999999999999645e+00 0.000000000000000000e+00 -6.671501856641207651e-01 5.912878447109806701e-02 5.220902976820443464e-03 0.000000000000000000e+00 0.000000000000000000e+00 7.810000000000000000e+02 0.000000000000000000e+00 0.000000000000000000e+00 1.000000000000000000e+00
1.000000000000000000e+00 5.530000000000000000e+02 7.110000000000000320e+00 0.000000000000000000e+00 -6.760695606720396045e-01 5.885452951415189038e-02 5.625777464681680495e-03 0.000000000000000000e+00 0.000000000000000000e+00 7.810000000000000000e+02 0.000000000000000000e+00 0.000000000000000000e+00 1.000000000000000000e+00
1.000000000000000000e+00 5.530000000000000000e+02 7.120000000000000107e+00 0.000000000000000000e+00 -6.852999701165538582e-01 4.348550114618771750e-02 2.937310242614999539e-03 1.000000000000000000e+00 0.000000000000000000e+00 7.810000000000000000e+02 0.000000000000000000e+00 0.000000000000000000e+00 1.000000000000000000e+00
1.000000000000000000e+00 5.530000000000000000e+02 7.129999999999999893e+00 0.000000000000000000e+00 -6.939115932552736288e-01 5.820561394390975224e-02 6.497646184140486864e-03 0.000000000000000000e+00 0.000000000000000000e+00 7.810000000000000000e+02 0.000000000000000000e+00 0.000000000000000000e+00 1.000000000000000000e+00
1.000000000000000000e+00 5.530000000000000000e+02 7.139999999999999680e+00 0.000000000000000000e+00 -7.028424915792321759e-01 5.782485455798079543e-02 6.964460064525300476e-03 0.000000000000000000e+00 0.000000000000000000e+00 7.810000000000000000e+02 0.000000000000000000e+00 0.000000000000000000e+00 1.000000000000000000e+00
1.000000000000000000e+00 5.530000000000000000e+02 7.150000000000000355e+00 0.000000000000000000e+00 -7.120967900269923323e-01 4.234251945763713165e-02 3.753062750395948222e-03 1.000000000000000000e+00 0.000000000000000000e+00 7.810000000000000000e+02 0.000000000000000000e+00 0.000000000000000000e+00 1.000000000000000000e+00
1.000000000000000000e+00 5.530000000000000000e+02 7.160000000000000142e+00 0.000000000000000000e+00 -7.207527822358763547e-01 5.692402876764046660e-02 7.955919588534983433e-03 0.000000000000000000e+00 0.000000000000000000e+00 7.810000000000000000e+02 0.000000000000000000e+00 0.000000000000000000e+00 1.000000000000000000e+00
1.000000000000000000e+00 5.530000000000000000e+02 7.169999999999999929e+00 0.000000000000000000e+00 -7.297404468437493907e-01 5.639549603582199450e-02 8.478755367403528753e-03 0.000000000000000000e+00 0.000000000000000000e+00 7.810000000000000000e+02 0.000000000000000000e+00 0.000000000000000000e+00 1.000000000000000000e+00
1.000000000000000000e+00 5.530000000000000000e+02 7.179999999999999716e+00 0.000000000000000000e+00 -7.390639350079735159e-01 4.075594468996782127e-02 4.673112874011130929e-03 1.000000000000000000e+00 0.000000000000000000e+00 7.810000000000000000e+02 0.000000000000000000e+00 0.000000000000000000e+00 1.000000000000000000e+00
1.000000000000000000e+00 5.530000000000000000e+02 7.189999999999999503e+00 0.000000000000000000e+00 -7.479679334628991372e-01 5.134071570584742422e-02 8.349055053915706293e-03 0.000000000000000000e+00 0.000000000000000000e+00 7.810000000000000000e+02 0.000000000000000000e+00 0.000000000000000000e+00 1.000000000000000000e+00
1.000000000000000000e+00 5.530000000000000000e+02 7.200000000000000178e+00 0.000000000000000000e+00 -7.572161742535342688e-01 3.936936592959303788e-02 5.319420032658367381e-03 1.000000000000000000e+00 0.000000000000000000e+00 7.810000000000000000e+02 0.000000000000000000e+00 0.000000000000000000e+00 1.000000000000000000e+00
1.000000000000000000e+00 5.530000000000000000e+02 7.209999999999999964e+00 0.000000000000000000e+00 -7.662180211313497358e-01 4.979012930552334515e-02 9.362362885835740639e-03 0.000000000000000000e+00 0.000000000000000000e+00 7.810000000000000000e+02 0.000000000000000000e+00 0.000000000000000000e+00 1.000000000000000000e+00
1.000000000000000000e+00 5.530000000000000000e+02 7.219999999999999751e+00 0.000000000000000000e+00 -7.755725395630421737e-01 3.764409986667350411e-02 5.959457957160914365e-03 1.000000000000000000e+00 0.000000000000000000e+00 7.810000000000000000e+02 0.000000000000000000e+00 0.000000000000000000e+00 1.000000000000000000e+00
1.000000000000000000e+00 5.530000000000000000e+02 7.229999999999999538e+00 0.000000000000000000e+00 -7.848468381255541138e-01 3.662935277198826195e-02 6.263589201125529388e-03 1.000000000000000000e+00 0.000000000000000000e+00 7.810000000000000000e+02 0.000000000000000000e+00 0.000000000000000000e+00 1.000000000000000000e+00
1.000000000000000000e+00 5.530000000000000000e+02 7.240000000000000213e+00 0.000000000000000000e+00 -7.941966239743276645e-01 3.549744964954868603e-02 6.547243397211181815e-03 1.000000000000000000e+00 0.000000000000000000e+00 7.810000000000000000e+02 0.000000000000000000e+00 0.000000000000000000e+00 1.000000000000000000e+00
1.000000000000000000e+00 5.530000000000000000e+02 7.250000000000000000e+00 0.000000000000000000e+00 -8.036311108613843901e-01 3.423486706767746302e-02 6.800832995528388603e-03 1.000000000000000000e+00 0.000000000000000000e+00 7.810000000000000000e+02 0.000000000000000000e+00 0.000000000000000000e+00 1.000000000000000000e+00
1.000000000000000000e+00 5.530000000000000000e+02 7.259999999999999787e+00 0.000000000000000000e+00 -8.131600727793129035e-01 3.282652029964806123e-02 7.012568431578648093e-03 1.000000000000000000e+00 0.000000000000000000e+00 7.810000000000000000e+02 0.000000000000000000e+00 0.000000000000000000e+00 1.000000000000000000e+00
1.000000000000000000e+00 5.530000000000000000e+02 7.269999999999999574e+00 0.000000000000000000e+00 -8.227938752353380902e-01 3.125558309865737044e-02 7.167957724599584302e-03 1.000000000000000000e+00 0.000000000000000000e+00 7.810000000000000000e+02 0.000000000000000000e+00 0.000000000000000000e+00 1.000000000000000000e+00
1.000000000000000000e+00 5.530000000000000000e+02 7.280000000000000249e+00 0.000000000000000000e+00 -8.325435082605923132e-01 2.950328666595768146e-02 7.249177759858064368e-03 1.000000000000000000e+00 0.000000000000000000e+00 7.810000000000000000e+02 0.000000000000000000e+00 0.000000000000000000e+00 1.000000000000000000e+00
1.000000000000000000e+00 5.530000000000000000e+02 7.290000000000000036e+00 0.000000000000000000e+00 -8.424206212529496973e-01 2.754869541031668145e-02 7.234288068382419695e-03 1.000000000000000000e+00 0.000000000000000000e+00 7.810000000000000000e+02 0.000000000000000000e+00 0.000000000000000000e+00 1.000000000000000000e+00
1.000000000000000000e+00 5.530000000000000000e+02 7.299999999999999822e+00 0.000000000000000000e+00 -8.524375597571492991e-01 2.536845681968741967e-02 7.096267427706307723e-03 1.000000000000000000e+00 0.000000000000000000e+00 7.810000000000000000e+02 0.000000000000000000e+00 0.000000000000000000e+00 1.000000000000000000e+00
1.000000000000000000e+00 5.530000000000000000e+02 7.309999999999999609e+00 0.000000000000000000e+00 -8.626074042918425722e-01 2.293652245667621506e-02 6.801902446995303914e-03 1.000000000000000000e+00 0.000000000000000000e+00 7.810000000000000000e+02 0.000000000000000000e+00 0.000000000000000000e+00 1.000000000000000000e+00
1.000000000000000000e+00 5.530000000000000000e+02 7.320000000000000284e+00 0.000000000000000000e+00 -8.729440113392059608e-01 2.022383674439676149e-02 6.310733032690880179e-03 1.000000000000000000e+00 0.000000000000000000e+00 7.810000000000000000e+02 0.000000000000000000e+00 0.000000000000000000e+00 1.000000000000000000e+00
1.000000000000000000e+00 5.530000000000000000e+02 7.330000000000000071e+00 0.000000000000000000e+00 -8.834620566193087665e-01 1.719798982447448554e-02 5.574856774276035210e-03 1.000000000000000000e+00 0.000000000000000000e+00 7.810000000000000000e+02 0.000000000000000000e+00 0.000000000000000000e+00 1.000000000000000000e+00
1.000000000000000000e+00 5.530000000000000000e+02 7.339999999999999858e+00 0.000000000000000000e+00 -8.940779338407762733e-01 2.499672925850976446e-02 1.160654164580226036e-02 0.000000000000000000e+00 0.000000000000000000e+00 7.810000000000000000e+02 0.000000000000000000e+00 0.000000000000000000e+00 1.000000000000000000e+00
1.000000000000000000e+00 5.530000000000000000e+02 7.349999999999999645e+00 0.000000000000000000e+00 -9.051055376255344731e-01 1.005803351515860596e-02 3.176505272448360354e-03 1.000000000000000000e+00 1.000000000000000000e+00 7.810000000000000000e+02 0.000000000000000000e+00 0.000000000000000000e+00 1.000000000000000000e+00
1.000000000000000000e+00 5.530000000000000000e+02 7.360000000000000320e+00 0.000000000000000000e+00 -9.027801068219616365e-01 1.308343532885384783e-02 4.800979761188369638e-03 1.000000000000000000e+00 0.000000000000000000e+00 7.810000000000000000e+02 0.000000000000000000e+00 0.000000000000000000e+00 1.000000000000000000e+00
1.000000000000000000e+00 5.530000000000000000e+02 7.370000000000000107e+00 0.000000000000000000e+00 -9.006637151365078919e-01 1.548281220858974822e-02 6.120639688212137219e-03 1.000000000000000000e+00 0.000000000000000000e+00 7.810000000000000000e+02 0.000000000000000000e+00 0.000000000000000000e+00 1.000000000000000000e+00
1.000000000000000000e+00 5.530000000000000000e+02 7.379999999999999893e+00 0.000000000000000000e+00 -8.987355056247805507e-01 1.728483075017113457e-02 7.086032045399037749e-03 1.000000000000000000e+00 0.000000000000000000e+00 7.810000000000000000e+02 0.000000000000000000e+00 0.000000000000000000e+00 1.000000000000000000e+00
1.000000000000000000e+00 5.530000000000000000e+02 7.389999999999999680e+00 0.000000000000000000e+00 -8.969755153491347777e-01 1.851102060056622131e-02 7.690863827314691620e-03 1.000000000000000000e+00 0.000000000000000000e+00 7.810000000000000000e+02 0.000000000000000000e+00 0.000000000000000000e+00 1.000000000000000000e+00
1.000000000000000000e+00 5.530000000000000000e+02 7.400000000000000355e+00 0.000000000000000000e+00 -8.953646174898655108e-01 1.917603168372739031e-02 7.941933081655448007e-03 1.000000000000000000e+00 0.000000000000000000e+00 7.810000000000000000e+02 0.000000000000000000e+00 0.000000000000000000e+00 1.000000000000000000e+00
1.000000000000000000e+00 5.530000000000000000e+02 7.410000000000000142e+00 0.000000000000000000e+00 -8.938844659192255460e-01 1.928780923080517309e-02 7.849036565255776421e-03 1.000000000000000000e+00 0.000000000000000000e+00 7.810000000000000000e+02 0.000000000000000000e+00 0.000000000000000000e+00 1.000000000000000000e+00
1.000000000000000000e+00 5.530000000000000000e+02 7.419999999999999929e+00 0.000000000000000000e+00 -8.925174420726713631e-01 1.884768870593160964e-02 7.422403415601155213e-03 1.000000000000000000e+00 0.000000000000000000e+00 7.810000000000000000e+02 0.000000000000000000e+00 0.000000000000000000e+00 1.000000000000000000e+00
1.000000000000000000e+00 5.530000000000000000e+02 7.429999999999999716e+00 0.000000000000000000e+00 -8.912466039586173228e-01 1.785041176170053256e-02 6.674057294467666129e-03 1.000000000000000000e+00 0.000000000000000000e+00 7.810000000000000000e+02 0.000000000000000000e+00 0.000000000000000000e+00 1.000000000000000000e+00
1.000000000000000000e+00 5.530000000000000000e+02 7.439999999999999503e+00 0.000000000000000000e+00 -8.900556371543177914e-01 1.628406341497311283e-02 5.623017148153660466e-03 1.000000000000000000e+00 0.000000000000000000e+00 7.810000000000000000e+02 0.000000000000000000e+00 0.000000000000000000e+00 1.000000000000000000e+00
1.000000000000000000e+00 5.530000000000000000e+02 7.450000000000000178e+00 0.000000000000000000e+00 -8.889288076415167161e-01 1.412992969241550802e-02 4.307087828196685952e-03 1.000000000000000000e+00 1.000000000000000000e+00 7.810000000000000000e+02 0.000000000000000000e+00 0.000000000000000000e+00 1.000000000000000000e+00
1.000000000000000000e+00 5.530000000000000000e+02 7.459999999999999964e+00 0.000000000000000000e+00 -8.865980880595735192e-01 1.672234220033978411e-02 5.570261734982186186e-03 1.000000000000000000e+00 0.000000000000000000e+00 7.810000000000000000e+02 0.000000000000000000e+00 0.000000000000000000e+00 1.000000000000000000e+00
1.000000000000000000e+00 5.530000000000000000e+02 7.469999999999999751e+00 0.000000000000000000e+00 -8.842978593900966411e-01 1.880744128144186400e-02 6.563130135324290321e-03 1.000000000000000000e+00 0.000000000000000000e+00 7.810000000000000000e+02 0.000000000000000000e+00 0.000000000000000000e+00 1.000000000000000000e+00
1.000000000000000000e+00 5.530000000000000000e+02 7.479999999999999538e+00 0.000000000000000000e+00 -8.820101117385250600e-01 2.041013869221810356e-02 7.272199113157885864e-03 1.000000000000000000e+00 0.000000000000000000e+00 7.810000000000000000e+02 0.000000000000000000e+00 0.000000000000000000e+00 1.000000000000000000e+00
1.000000000000000000e+00 5.530000000000000000e+02 7.490000000000000213e+00 0.000000000000000000e+00 -8.797172202558029008e-01 2.154958268705915725e-02 7.700419460293008583e-03 1.000000000000000000e+00 0.000000000000000000e+00 7.810000000000000000e+02 0.000000000000000000e+00 0.000000000000000000e+00 1.000000000000000000e+00
1.000000000000000000e+00 5.530000000000000000e+02 7.500000000000000000e+00 0.000000000000000000e+00 -8.774018938939175394e-01 2.223938679234273991e-02 7.856799243836979502e-03 1.000000000000000000e+00 0.000000000000000000e+00 7.810000000000000000e+02 0.000000000000000000e+00 0.000000000000000000e+00 1.000000000000000000e+00
1.000000000000000000e+00 5.530000000000000000e+02 7.509999999999999787e+00 0.000000000000000000e+00 -8.750471251234956949e-01 2.248779245427000653e-02 7.752465207941396791e-03 1.000000000000000000e+00 0.000000000000000000e+00 7.810000000000000000e+02 0.000000000000000000e+00 0.000000000000000000e+00 1.000000000000000000e+00
1.000000000000000000e+00 5.530000000000000000e+02 7.519999999999999574e+00 0.000000000000000000e+00 -8.726361404632705376e-01 2.229776750368333768e-02 7.399650762640146151e-03 1.000000000000000000e+00 0.000000000000000000e+00 7.810000000000000000e+02 0.000000000000000000e+00 0.000000000000000000e+00 1.000000000000000000e+00
1.000000000000000000e+00 5.530000000000000000e+02 7.530000000000000249e+00 0.000000000000000000e+00 -8.701523516736393571e-01 2.166704161427536121e-02 6.812372362381982627e-03 1.000000000000000000e+00 0.000000000000000000e+00 7.810000000000000000e+02 0.000000000000000000e+00 0.000000000000000000e+00 1.000000000000000000e+00
1.000000000000000000e+00 5.530000000000000000e+02 7.540000000000000036e+00 0.000000000000000000e+00 -8.675793074684894357e-01 2.058807917782713715e-02 6.008571179149987257e-03 1.000000000000000000e+00 0.000000000000000000e+00 7.810000000000000000e+02 0.000000000000000000e+00 0.000000000000000000e+00 1.000000000000000000e+00
1.000000000000000000e+00 5.530000000000000000e+02 7.549999999999999822e+00 0.000000000000000000e+00 -8.649006456010915889e-01 1.904798927240159909e-02 5.014169009214676509e-03 1.000000000000000000e+00 0.000000000000000000e+00 7.810000000000000000e+02 0.000000000000000000e+00 0.000000000000000000e+00 1.000000000000000000e+00
1.000000000000000000e+00 5.530000000000000000e+02 7.559999999999999609e+00 0.000000000000000000e+00 -8.621000451808812359e-01 1.702837164783594856e-02 3.870246281133336158e-03 1.000000000000000000e+00 0.000000000000000000e+00 7.810000000000000000e+02 0.000000000000000000e+00 0.000000000000000000e+00 1.000000000000000000e+00
1.000000000000000000e+00 5.530000000000000000e+02 7.570000000000000284e+00 0.000000000000000000e+00 -8.591611790787441194e-01 1.450509688844200777e-02 2.645667759092289878e-03 1.000000000000000000e+00 1.000000000000000000e+00 7.810000000000000000e+02 0.000000000000000000e+00 0.000000000000000000e+00 1.000000000000000000e+00
1.000000000000000000e+00 5.530000000000000000e+02 7.580000000000000071e+00 0.000000000000000000e+00 -8.695297887911400680e-01 1.655742956686817244e-02 4.133809871429125482e-03 1.000000000000000000e+00 0.000000000000000000e+00 7.810000000000000000e+02 0.000000000000000000e+00 0.000000000000000000e+00 1.000000000000000000e+00
1.000000000000000000e+00 5.530000000000000000e+02 7.589999999999999858e+00 0.000000000000000000e+00 -8.797674488114788360e-01 1.802393262066686111e-02 5.669365287895775790e-03 1.000000000000000000e+00 0.000000000000000000e+00 7.810000000000000000e+02 0.000000000000000000e+00 0.000000000000000000e+00 1.000000000000000000e+00
1.000000000000000000e+00 5.530000000000000000e+02 7.599999999999999645e+00 0.000000000000000000e+00 -8.898978261536030221e-01 1.892212711984787854e-02 7.139317582512023919e-03 1.000000000000000000e+00 0.000000000000000000e+00 7.810000000000000000e+02 0.000000000000000000e+00 0.000000000000000000e+00 1.000000000000000000e+00
1.000000000000000000e+00 5.530000000000000000e+02 7.610000000000000320e+00 0.000000000000000000e+00 -8.999446294536361801e-01 1.926274425836399171e-02 8.452468923167748283e-03 1.000000000000000000e+00 0.000000000000000000e+00 7.810000000000000000e+02 0.000000000000000000e+00 0.000000000000000000e+00 1.000000000000000000e+00
1.000000000000000000e+00 5.530000000000000000e+02 7.620000000000000107e+00 0.000000000000000000e+00 -9.099316806731021501e-01 1.904985356523186332e-02 9.527848959156239028e-03 1.000000000000000000e+00 0.000000000000000000e+00 7.810000000000000000e+02 0.000000000000000000e+00 0.000000000000000000e+00 1.000000000000000000e+00
1.000000000000000000e+00 5.530000000000000000e+02 7.629999999999999893e+00 0.000000000000000000e+00 -9.198829871047287110e-01 1.828091152529880831e-02 1.028475425350700023e-02 1.000000000000000000e+00 0.000000000000000000e+00 7.810000000000000000e+02 0.000000000000000000e+00 0.000000000000000000e+00 1.000000000000000000e+00
1.000000000000000000e+00 5.530000000000000000e+02 7.639999999999999680e+00 0.000000000000000000e+00 -9.298228138957286282e-01 1.694673119055249352e-02 1.063313981618344006e-02 1.000000000000000000e+00 0.000000000000000000e+00 7.810000000000000000e+02 0.000000000000000000e+00 0.000000000000000000e+00 1.000000000000000000e+00
1.000000000000000000e+00 5.530000000000000000e+02 7.650000000000000355e+00 0.000000000000000000e+00 -9.397757573049577706e-01 1.503137241890438458e-02 1.046248954999631775e-02 1.000000000000000000e+00 0.000000000000000000e+00 7.810000000000000000e+02 0.000000000000000000e+00 0.000000000000000000e+00 1.000000000000000000e+00
1.000000000000000000e+00 5.530000000000000000e+02 7.660000000000000142e+00 0.000000000000000000e+00 -9.497668189124667260e-01 1.251195142907283141e-02 9.626804635995755283e-03 1.000000000000000000e+00 0.000000000000000000e+00 7.810000000000000000e+02 0.000000000000000000e+00 0.000000000000000000e+00 1.000000000000000000e+00
1.000000000000000000e+00 5.530000000000000000e+02 7.669999999999999929e+00 0.000000000000000000e+00 -9.598214810029270794e-01 9.358367396219650219e-03 7.924157549177121562e-03 1.000000000000000000e+00 1.000000000000000000e+00 7.810000000000000000e+02 0.000000000000000000e+00 0.000000000000000000e+00 1.000000000000000000e+00
1.000000000000000000e+00 5.530000000000000000e+02 7.679999999999999716e+00 0.000000000000000000e+00 -9.809854221030382959e-01 9.555032653199983447e-03 1.162363830232511150e-02 1.000000000000000000e+00 0.000000000000000000e+00 7.810000000000000000e+02 0.000000000000000000e+00 0.000000000000000000e+00 1.000000000000000000e+00
1.000000000000000000e+00 5.530000000000000000e+02 7.689999999999999503e+00 0.000000000000000000e+00 -1.002298568914617549e+00 8.470994379297137888e-03 1.463981164224334788e-02 1.000000000000000000e+00 0.000000000000000000e+00 7.810000000000000000e+02 0.000000000000000000e+00 0.000000000000000000e+00 1.000000000000000000e+00
1.000000000000000000e+00 5.530000000000000000e+02 7.700000000000000178e+00 0.000000000000000000e+00 -1.023821301227895608e+00 6.093301008920306086e-03 1.616837053687853604e-02 1.000000000000000000e+00 1.000000000000000000e+00 7.810000000000000000e+02 0.000000000000000000e+00 0.000000000000000000e+00 1.000000000000000000e+00
1.000000000000000000e+00 5.530000000000000000e+02 7.709999999999999964e+00 0.000000000000000000e+00 -1.049145910822783190e+00 3.875637722244829400e-03 1.932773747996767433e-02 1.000000000000000000e+00 1.000000000000000000e+00 7.810000000000000000e+02 0.000000000000000000e+00 0.000000000000000000e+00 1.000000000000000000e+00
1.000000000000000000e+00 5.530000000000000000e+02 7.719999999999999751e+00 0.000000000000000000e+00 -1.061103625380985793e+00 2.819214148358308719e-03 2.008720059853453740e-02 1.000000000000000000e+00 1.000000000000000000e+00 7.810000000000000000e+02 0.000000000000000000e+00 0.000000000000000000e+00 1.000000000000000000e+00
1.000000000000000000e+00 5.530000000000000000e+02 7.729999999999999538e+00 0.000000000000000000e+00 -1.067321514333882782e+00 2.572041202733912728e-03 1.821663988907379697e-02 1.000000000000000000e+00 1.000000000000000000e+00 7.810000000000000000e+02 0.000000000000000000e+00 0.000000000000000000e+00 1.000000000000000000e+00
1.000000000000000000e+00 5.530000000000000000e+02 7.740000000000000213e+00 0.000000000000000000e+00 -1.074791319857013594e+00 2.497104818898400035e-03 0.000000000000000000e+00 1.000000000000000000e+00 1.000000000000000000e+00 7.810000000000000000e+02 1.000000000000000000e+00 0.000000000000000000e+00 1.000000000000000000e+00
1.000000000000000000e+00 5.530000000000000000e+02 7.750000000000000000e+00 0.000000000000000000e+00 -1.040911371200778923e+00 3.578972472922403638e-03 9.877388141905803914e-03 1.000000000000000000e+00 1.000000000000000000e+00 7.810000000000000000e+02 0.000000000000000000e+00 0.000000000000000000e+00 1.000000000000000000e+00
1.000000000000000000e+00 5.530000000000000000e+02 7.759999999999999787e+00 0.000000000000000000e+00 -1.040838245772834902e+00 3.864631509998194599e-03 1.402603370217646306e-02 1.000000000000000000e+00 1.000000000000000000e+00 7.810000000000000000e+02 0.000000000000000000e+00 0.000000000000000000e+00 1.000000000000000000e+00
1.000000000000000000e+00 5.530000000000000000e+02 7.769999999999999574e+00 0.000000000000000000e+00 -1.039540115760287486e+00 4.591627891844998061e-03 1.677620240395239978e-02 1.000000000000000000e+00 1.000000000000000000e+00 7.810000000000000000e+02 0.000000000000000000e+00 0.000000000000000000e+00 1.000000000000000000e+00
1.000000000000000000e+00 5.530000000000000000e+02 7.780000000000000249e+00 0.000000000000000000e+00 -1.034909587515735474e+00 4.672327099747338418e-03 1.632077096520881052e-02 1.000000000000000000e+00 1.000000000000000000e+00 7.810000000000000000e+02 0.000000000000000000e+00 0.000000000000000000e+00 1.000000000000000000e+00
1.000000000000000000e+00 5.530000000000000000e+02 7.790000000000000036e+00 0.000000000000000000e+00 -1.038887274389868942e+00 4.115130570354439722e-03 1.692057908325082100e-02 1.000000000000000000e+00 1.000000000000000000e+00 7.810000000000000000e+02 0.000000000000000000e+00 0.000000000000000000e+00 1.000000000000000000e+00
1.000000000000000000e+00 5.530000000000000000e+02 7.799999999999999822e+00 0.000000000000000000e+00 -1.059636266628191770e+00 2.393304380720252811e-03 2.066512965674607155e-02 1.000000000000000000e+00 1.000000000000000000e+00 7.810000000000000000e+02 0.000000000000000000e+00 0.000000000000000000e+00 1.000000000000000000e+00
1.000000000000000000e+00 5.530000000000000000e+02 7.809999999999999609e+00 0.000000000000000000e+00 -1.076040882557073308e+00 9.832151506292043791e-04 2.409874221516930537e-02 1.000000000000000000e+00 1.000000000000000000e+00 7.810000000000000000e+02 0.000000000000000000e+00 0.000000000000000000e+00 1.000000000000000000e+00
1.000000000000000000e+00 5.530000000000000000e+02 7.820000000000000284e+00 0.000000000000000000e+00 -1.085752697473624906e+00 5.550474203839991230e-04 2.794570418696156605e-02 1.000000000000000000e+00 1.000000000000000000e+00 7.810000000000000000e+02 0.000000000000000000e+00 0.000000000000000000e+00 1.000000000000000000e+00
1.000000000000000000e+00 5.530000000000000000e+02 7.830000000000000071e+00 0.000000000000000000e+00 -1.055735925471185110e+00 2.836907821509573532e-03 2.059197415127596992e-02 1.000000000000000000e+00 1.000000000000000000e+00 7.810000000000000000e+02 0.000000000000000000e+00 0.000000000000000000e+00 1.000000000000000000e+00
1.000000000000000000e+00 5.530000000000000000e+02 7.839999999999999858e+00 0.000000000000000000e+00 -1.038190908175752769e+00 3.708721760244879529e-03 1.645813451004300362e-02 1.000000000000000000e+00 1.000000000000000000e+00 7.810000000000000000e+02 0.000000000000000000e+00 0.000000000000000000e+00 1.000000000000000000e+00
1.000000000000000000e+00 5.530000000000000000e+02 7.849999999999999645e+00 0.000000000000000000e+00 -1.007690208726278902e+00 5.135635152255028403e-03 1.110564342398905925e-02 1.000000000000000000e+00 1.000000000000000000e+00 7.810000000000000000e+02 0.000000000000000000e+00 0.000000000000000000e+00 1.000000000000000000e+00
1.000000000000000000e+00 5.530000000000000000e+02 7.860000000000000320e+00 0.000000000000000000e+00 -9.795035332276790241e-01 6.058232179608848827e-03 7.272916191288969837e-03 1.000000000000000000e+00 1.000000000000000000e+00 7.810000000000000000e+02 0.000000000000000000e+00 0.000000000000000000e+00 1.000000000000000000e+00
1.000000000000000000e+00 5.530000000000000000e+02 7.870000000000000107e+00 0.000000000000000000e+00 -9.804270537451976741e-01 7.106974990932032887e-03 8.758088066184197690e-03 1.000000000000000000e+00 1.000000000000000000e+00 7.810000000000000000e+02 0.000000000000000000e+00 0.000000000000000000e+00 1.000000000000000000e+00
1.000000000000000000e+00 5.530000000000000000e+02 7.879999999999999893e+00 0.000000000000000000e+00 -9.842001132290449927e-01 8.458533812708260782e-03 1.119321761553200220e-02 1.000000000000000000e+00 0.000000000000000000e+00 7.810000000000000000e+02 0.000000000000000000e+00 0.000000000000000000e+00 1.000000000000000000e+00
1.000000000000000000e+00 5.530000000000000000e+02 7.889999999999999680e+00 0.000000000000000000e+00 -9.881380374893794505e-01 8.360986912847107738e-03 1.184328239973086311e-02 1.000000000000000000e+00 1.000000000000000000e+00 7.810000000000000000e+02 0.000000000000000000e+00 0.000000000000000000e+00 1.000000000000000000e+00
1.000000000000000000e+00 5.530000000000000000e+02 7.900000000000000355e+00 0.000000000000000000e+00 -9.821668204821399906e-01 9.582862927171403172e-03 1.224529675712659679e-02 1.000000000000000000e+00 0.000000000000000000e+00 7.810000000000000000e+02 0.000000000000000000e+00 0.000000000000000000e+00 1.000000000000000000e+00
1.000000000000000000e+00 5.530000000000000000e+02 7.910000000000000142e+00 0.000000000000000000e+00 -9.763632316361134933e-01 9.535795618561623485e-03 1.107143389319566879e-02 1.000000000000000000e+00 0.000000000000000000e+00 7.810000000000000000e+02 0.000000000000000000e+00 0.000000000000000000e+00 1.000000000000000000e+00
1.000000000000000000e+00 5.530000000000000000e+02 7.919999999999999929e+00 0.000000000000000000e+00 -9.707149266075988381e-01 8.219222649553006854e-03 8.536766492182597948e-03 1.000000000000000000e+00 1.000000000000000000e+00 7.810000000000000000e+02 0.000000000000000000e+00 0.000000000000000000e+00 1.000000000000000000e+00
1.000000000000000000e+00 5.530000000000000000e+02 7.929999999999999716e+00 0.000000000000000000e+00 -9.661868431048341588e-01 1.032072502946788928e-02 1.018723172550763806e-02 1.000000000000000000e+00 0.000000000000000000e+00 7.810000000000000000e+02 0.000000000000000000e+00 0.000000000000000000e+00 1.000000000000000000e+00
1.000000000000000000e+00 5.530000000000000000e+02 7.940000000000000391e+00 0.000000000000000000e+00 -9.617947468476740758e-01 1.135454407690086528e-02 1.057370060547090443e-02 1.000000000000000000e+00 0.000000000000000000e+00 7.810000000000000000e+02 0.000000000000000000e+00 0.000000000000000000e+00 1.000000000000000000e+00
1.000000000000000000e+00 5.530000000000000000e+02 7.950000000000000178e+00 0.000000000000000000e+00 -9.575316275294943891e-01 1.133303136238609891e-02 9.852365911174092855e-03 1.000000000000000000e+00 0.000000000000000000e+00 7.810000000000000000e+02 0.000000000000000000e+00 0.000000000000000000e+00 1.000000000000000000e+00
1.000000000000000000e+00 5.530000000000000000e+02 7.959999999999999964e+00 0.000000000000000000e+00 -9.533912329899190130e-01 1.025592986240350321e-02 8.139759256362292389e-03 1.000000000000000000e+00 0.000000000000000000e+00 7.810000000000000000e+02 0.000000000000000000e+00 0.000000000000000000e+00 1.000000000000000000e+00
1.000000000000000000e+00 5.530000000000000000e+02 7.969999999999999751e+00 0.000000000000000000e+00 -9.493680502202711535e-01 8.110370888585870242e-03 5.570439715440519274e-03 1.000000000000000000e+00 1.000000000000000000e+00 7.810000000000000000e+02 0.000000000000000000e+00 0.000000000000000000e+00 1.000000000000000000e+00
1.000000000000000000e+00 5.530000000000000000e+02 7.979999999999999538e+00 0.000000000000000000e+00 -9.454025477807301847e-01 6.265904673079470723e-03 3.569356510303297106e-03 1.000000000000000000e+00 1.000000000000000000e+00 7.810000000000000000e+02 0.000000000000000000e+00 0.000000000000000000e+00 1.000000000000000000e+00
1.000000000000000000e+00 5.530000000000000000e+02 7.990000000000000213e+00 0.000000000000000000e+00 -9.819816658246288688e-01 4.857242115689307423e-03 6.094295934484137214e-03 1.000000000000000000e+00 1.000000000000000000e+00 7.810000000000000000e+02 0.000000000000000000e+00 0.000000000000000000e+00 1.000000000000000000e+00
1.000000000000000000e+00 5.530000000000000000e+02 8.000000000000000000e+00 0.000000000000000000e+00 -9.788372421164152071e-01 6.801849916960857508e-03 8.110162172472285338e-03 1.000000000000000000e+00 1.000000000000000000e+00 7.810000000000000000e+02 0.000000000000000000e+00 0.000000000000000000e+00 1.000000000000000000e+00
1.000000000000000000e+00 5.530000000000000000e+02 8.009999999999999787e+00 0.000000000000000000e+00 -9.691384306409107641e-01 8.870785445047511819e-03 9.037668535303522432e-03 1.000000000000000000e+00 0.000000000000000000e+00 7.810000000000000000e+02 0.000000000000000000e+00 0.000000000000000000e+00 1.000000000000000000e+00
1.000000000000000000e+00 5.530000000000000000e+02 8.019999999999999574e+00 0.000000000000000000e+00 -9.596436326528574590e-01 9.655048553362098607e-03 8.431366533657023987e-03 1.000000000000000000e+00 0.000000000000000000e+00 7.810000000000000000e+02 0.000000000000000000e+00 0.000000000000000000e+00 1.000000000000000000e+00
1.000000000000000000e+00 5.530000000000000000e+02 8.029999999999999361e+00 0.000000000000000000e+00 -9.503335822172137570e-01 9.164009238640262803e-03 6.672264250656843171e-03 1.000000000000000000e+00 1.000000000000000000e+00 7.810000000000000000e+02 0.000000000000000000e+00 0.000000000000000000e+00 1.000000000000000000e+00
1.000000000000000000e+00 5.530000000000000000e+02 8.039999999999999147e+00 0.000000000000000000e+00 -9.441676597153398909e-01 1.077386679721421478e-02 7.389539408675767362e-03 1.000000000000000000e+00 0.000000000000000000e+00 7.810000000000000000e+02 0.000000000000000000e+00 0.000000000000000000e+00 1.000000000000000000e+00
1.000000000000000000e+00 5.530000000000000000e+02 8.050000000000000711e+00 0.000000000000000000e+00 -9.381595477159149210e-01 1.130558805029645980e-02 7.107618661884858996e-03 1.000000000000000000e+00 0.000000000000000000e+00 7.810000000000000000e+02 0.000000000000000000e+00 0.000000000000000000e+00 1.000000000000000000e+00
1.000000000000000000e+00 5.530000000000000000e+02 8.060000000000000497e+00 0.000000000000000000e+00 -9.323014934193050163e-01 1.076552574654089309e-02 5.982198111338878424e-03 1.000000000000000000e+00 1.000000000000000000e+00 7.810000000000000000e+02 0.000000000000000000e+00 0.000000000000000000e+00 1.000000000000000000e+00
1.000000000000000000e+00 5.530000000000000000e+02 8.070000000000000284e+00 0.000000000000000000e+00 -9.398615145271362881e-01 1.141387323384344434e-02 7.413618249335812704e-03 1.000000000000000000e+00 0.000000000000000000e+00 7.810000000000000000e+02 0.000000000000000000e+00 0.000000000000000000e+00 1.000000000000000000e+00
1.000000000000000000e+00 5.530000000000000000e+02 8.080000000000000071e+00 0.000000000000000000e+00 -9.475981335817673656e-01 1.100250538570109876e-02 8.056324376970909473e-03 1.000000000000000000e+00 0.000000000000000000e+00 7.810000000000000000e+02 0.000000000000000000e+00 0.000000000000000000e+00 1.000000000000000000e+00
1.000000000000000000e+00 5.530000000000000000e+02 8.089999999999999858e+00 0.000000000000000000e+00 -9.555457213367550828e-01 9.526507377798674320e-03 7.712274611666267848e-03 1.000000000000000000e+00 1.000000000000000000e+00 7.810000000000000000e+02 0.000000000000000000e+00 0.000000000000000000e+00 1.000000000000000000e+00
1.000000000000000000e+00 5.530000000000000000e+02 8.099999999999999645e+00 0.000000000000000000e+00 -9.759182425645330783e-01 9.472384103610490338e-03 1.091271034304153523e-02 1.000000000000000000e+00 0.000000000000000000e+00 7.810000000000000000e+02 0.000000000000000000e+00 0.000000000000000000e+00 1.000000000000000000e+00
1.000000000000000000e+00 5.530000000000000000e+02 8.109999999999999432e+00 0.000000000000000000e+00 -9.966099122212533912e-01 8.140312512577154574e-03 1.334162216840370507e-02 1.000000000000000000e+00 0.000000000000000000e+00 7.810000000000000000e+02 0.000000000000000000e+00 0.000000000000000000e+00 1.000000000000000000e+00
1.000000000000000000e+00 5.530000000000000000e+02 8.119999999999999218e+00 0.000000000000000000e+00 -1.017694860442225124e+00 5.514377656861260690e-03 1.418827127870712218e-02 1.000000000000000000e+00 1.000000000000000000e+00 7.810000000000000000e+02 0.000000000000000000e+00 0.000000000000000000e+00 1.000000000000000000e+00
1.000000000000000000e+00 5.530000000000000000e+02 8.130000000000000782e+00 0.000000000000000000e+00 -1.041858349021952623e+00 4.044669545337485975e-03 1.843892464439939385e-02 1.000000000000000000e+00 1.000000000000000000e+00 7.810000000000000000e+02 0.000000000000000000e+00 0.000000000000000000e+00 1.000000000000000000e+00
1.000000000000000000e+00 5.530000000000000000e+02 8.140000000000000568e+00 0.000000000000000000e+00 -1.058698574123371428e+00 2.180889503143722090e-03 1.999144852425369448e-02 1.000000000000000000e+00 1.000000000000000000e+00 7.810000000000000000e+02 0.000000000000000000e+00 0.000000000000000000e+00 1.000000000000000000e+00
1.000000000000000000e+00 5.530000000000000000e+02 8.150000000000000355e+00 0.000000000000000000e+00 -1.064489431913610229e+00 1.713601678422964434e-03 2.106195911676867275e-02 1.000000000000000000e+00 1.000000000000000000e+00 7.810000000000000000e+02 0.000000000000000000e+00 0.000000000000000000e+00 1.000000000000000000e+00
1.000000000000000000e+00 5.530000000000000000e+02 8.160000000000000142e+00 0.000000000000000000e+00 -1.025481812296295647e+00 4.169079571881059015e-03 1.368361530119704961e-02 1.000000000000000000e+00 1.000000000000000000e+00 7.810000000000000000e+02 0.000000000000000000e+00 0.000000000000000000e+00 1.000000000000000000e+00
1.000000000000000000e+00 5.530000000000000000e+02 8.169999999999999929e+00 0.000000000000000000e+00 -1.001884698825663111e+00 7.484086360439203695e-03 1.356897303448299785e-02 1.000000000000000000e+00 0.000000000000000000e+00 7.810000000000000000e+02 0.000000000000000000e+00 0.000000000000000000e+00 1.000000000000000000e+00
1.000000000000000000e+00 5.530000000000000000e+02 8.179999999999999716e+00 0.000000000000000000e+00 -9.787784231745203511e-01 9.616954648007765977e-03 1.162552909163435191e-02 1.000000000000000000e+00 0.000000000000000000e+00 7.810000000000000000e+02 0.000000000000000000e+00 0.000000000000000000e+00 1.000000000000000000e+00
1.000000000000000000e+00 5.530000000000000000e+02 8.189999999999999503e+00 0.000000000000000000e+00 -9.561089107234926887e-01 1.059316691448436952e-02 8.873979994721215708e-03 1.000000000000000000e+00 1.000000000000000000e+00 7.810000000000000000e+02 0.000000000000000000e+00 0.000000000000000000e+00 1.000000000000000000e+00
1.000000000000000000e+00 5.530000000000000000e+02 8.199999999999999289e+00 0.000000000000000000e+00 -9.419245776940491366e-01 1.281292169763747699e-02 8.939478613152619657e-03 1.000000000000000000e+00 0.000000000000000000e+00 7.810000000000000000e+02 0.000000000000000000e+00 0.000000000000000000e+00 1.000000000000000000e+00
1.000000000000000000e+00 5.530000000000000000e+02 8.209999999999999076e+00 0.000000000000000000e+00 -9.280978555029588684e-01 1.423277576790564318e-02 8.292766427705544618e-03 1.000000000000000000e+00 0.000000000000000000e+00 7.810000000000000000e+02 0.000000000000000000e+00 0.000000000000000000e+00 1.000000000000000000e+00
1.000000000000000000e+00 5.530000000000000000e+02 8.220000000000000639e+00 0.000000000000000000e+00 -9.146034277421883907e-01 1.486969285577989346e-02 7.160752768461731144e-03 1.000000000000000000e+00 0.000000000000000000e+00 7.810000000000000000e+02 0.000000000000000000e+00 0.000000000000000000e+00 1.000000000000000000e+00
1.000000000000000000e+00 5.530000000000000000e+02 8.230000000000000426e+00 0.000000000000000000e+00 -9.014173212965703730e-01 1.473128253892745654e-02 5.715488527240263072e-03 1.000000000000000000e+00 0.000000000000000000e+00 7.810000000000000000e+02 0.000000000000000000e+00 0.000000000000000000e+00 1.000000000000000000e+00
1.000000000000000000e+00 5.530000000000000000e+02 8.240000000000000213e+00 0.000000000000000000e+00 -8.885168334943176482e-01 1.381589115774947869e-02 4.112403723597420416e-03 1.000000000000000000e+00 0.000000000000000000e+00 7.810000000000000000e+02 0.000000000000000000e+00 0.000000000000000000e+00 1.000000000000000000e+00
1.000000000000000000e+00 5.530000000000000000e+02 8.250000000000000000e+00 0.000000000000000000e+00 -8.758804630151126869e-01 1.211258205825504683e-02 2.520521435149587763e-03 1.000000000000000000e+00 1.000000000000000000e+00 7.810000000000000000e+02 0.000000000000000000e+00 0.000000000000000000e+00 1.000000000000000000e+00
1.000000000000000000e+00 5.530000000000000000e+02 8.259999999999999787e+00 0.000000000000000000e+00 -8.749677117691941897e-01 1.507448004632189892e-02 3.819392611169791438e-03 1.000000000000000000e+00 0.000000000000000000e+00 7.810000000000000000e+02 0.000000000000000000e+00 0.000000000000000000e+00 1.000000000000000000e+00
1.000000000000000000e+00 5.530000000000000000e+02 8.269999999999999574e+00 0.000000000000000000e+00 -8.743136838654449461e-01 1.751308305690308514e-02 4.993268258480457883e-03 1.000000000000000000e+00 0.000000000000000000e+00 7.810000000000000000e+02 0.000000000000000000e+00 0.000000000000000000e+00 1.000000000000000000e+00
1.000000000000000000e+00 5.530000000000000000e+02 8.279999999999999361e+00 0.000000000000000000e+00 -8.739344677090895575e-01 1.945752634066437795e-02 5.987082212433131323e-03 1.000000000000000000e+00 0.000000000000000000e+00 7.810000000000000000e+02 0.000000000000000000e+00 0.000000000000000000e+00 1.000000000000000000e+00
1.000000000000000000e+00 5.530000000000000000e+02 8.289999999999999147e+00 0.000000000000000000e+00 -8.738473151321534127e-01 2.093104116658725880e-02 6.780782101683556495e-03 1.000000000000000000e+00 0.000000000000000000e+00 7.810000000000000000e+02 0.000000000000000000e+00 0.000000000000000000e+00 1.000000000000000000e+00
1.000000000000000000e+00 5.530000000000000000e+02 8.300000000000000711e+00 0.000000000000000000e+00 -8.740706913823275137e-01 2.195123237794744872e-02 7.368857188257464663e-03 1.000000000000000000e+00 0.000000000000000000e+00 7.810000000000000000e+02 0.000000000000000000e+00 0.000000000000000000e+00 1.000000000000000000e+00
1.000000000000000000e+00 5.530000000000000000e+02 8.310000000000000497e+00 0.000000000000000000e+00 -8.746243286999985100e-01 2.253028872647741890e-02 7.750925855451205188e-03 1.000000000000000000e+00 0.000000000000000000e+00 7.810000000000000000e+02 0.000000000000000000e+00 0.000000000000000000e+00 1.000000000000000000e+00
1.000000000000000000e+00 5.530000000000000000e+02 8.320000000000000284e+00 0.000000000000000000e+00 -8.755292836434900305e-01 2.267512849768359845e-02 7.927183482586423052e-03 1.000000000000000000e+00 0.000000000000000000e+00 7.810000000000000000e+02 0.000000000000000000e+00 0.000000000000000000e+00 1.000000000000000000e+00
1.000000000000000000e+00 5.530000000000000000e+02 8.330000000000000071e+00 0.000000000000000000e+00 -8.768079983337784267e-01 2.238748216717935044e-02 7.896092439418644221e-03 1.000000000000000000e+00 0.000000000000000000e+00 7.810000000000000000e+02 0.000000000000000000e+00 0.000000000000000000e+00 1.000000000000000000e+00
1.000000000000000000e+00 5.530000000000000000e+02 8.339999999999999858e+00 0.000000000000000000e+00 -8.784843658016618928e-01 2.166391307557156282e-02 7.653209521229217133e-03 1.000000000000000000e+00 0.000000000000000000e+00 7.810000000000000000e+02 0.000000000000000000e+00 0.000000000000000000e+00 1.000000000000000000e+00
1.000000000000000000e+00 5.530000000000000000e+02 8.349999999999999645e+00 0.000000000000000000e+00 -8.805837996325318606e-01 2.049577636891455543e-02 7.190776782674455914e-03 1.000000000000000000e+00 0.000000000000000000e+00 7.810000000000000000e+02 0.000000000000000000e+00 0.000000000000000000e+00 1.000000000000000000e+00
1.000000000000000000e+00 5.530000000000000000e+02 8.359999999999999432e+00 0.000000000000000000e+00 -8.831333081168218913e-01 1.886911571417147077e-02 6.498240641773664339e-03 1.000000000000000000e+00 0.000000000000000000e+00 7.810000000000000000e+02 0.000000000000000000e+00 0.000000000000000000e+00 1.000000000000000000e+00
1.000000000000000000e+00 5.530000000000000000e+02 8.369999999999999218e+00 0.000000000000000000e+00 -8.861615731276116792e-01 1.676449655568954672e-02 5.564673754438954900e-03 1.000000000000000000e+00 0.000000000000000000e+00 7.810000000000000000e+02 0.000000000000000000e+00 0.000000000000000000e+00 1.000000000000000000e+00
1.000000000000000000e+00 5.530000000000000000e+02 8.380000000000000782e+00 0.000000000000000000e+00 -8.896990339609580634e-01 1.415677392051813664e-02 4.386046368071508383e-03 1.000000000000000000e+00 0.000000000000000000e+00 7.810000000000000000e+02 0.000000000000000000e+00 0.000000000000000000e+00 1.000000000000000000e+00
1.000000000000000000e+00 5.530000000000000000e+02 8.390000000000000568e+00 0.000000000000000000e+00 -8.938600176208839621e-01 2.218160402559940167e-02 9.722093268715537029e-03 0.000000000000000000e+00 0.000000000000000000e+00 7.810000000000000000e+02 0.000000000000000000e+00 0.000000000000000000e+00 1.000000000000000000e+00
1.000000000000000000e+00 5.530000000000000000e+02 8.400000000000000355e+00 0.000000000000000000e+00 -8.984326271945374254e-01 7.301011907300219810e-03 1.479620210377470720e-03 1.000000000000000000e+00 1.000000000000000000e+00 7.810000000000000000e+02 0.000000000000000000e+00 0.000000000000000000e+00 1.000000000000000000e+00
1.000000000000000000e+00 5.530000000000000000e+02 8.410000000000000142e+00 0.000000000000000000e+00 -8.784316592572616322e-01 2.251880604835539840e-02 8.144240011375415006e-03 0.000000000000000000e+00 0.000000000000000000e+00 7.810000000000000000e+02 0.000000000000000000e+00 0.000000000000000000e+00 1.000000000000000000e+00
1.000000000000000000e+00 5.530000000000000000e+02 8.419999999999999929e+00 0.000000000000000000e+00 -8.588351912954177436e-01 1.498211010830965452e-02 2.838544503562157387e-03 1.000000000000000000e+00 0.000000000000000000e+00 7.810000000000000000e+02 0.000000000000000000e+00 0.000000000000000000e+00 1.000000000000000000e+00
1.000000000000000000e+00 5.530000000000000000e+02 8.429999999999999716e+00 0.000000000000000000e+00 -8.399230890657498616e-01 2.942232790614463661e-02 7.884618543308449801e-03 0.000000000000000000e+00 0.000000000000000000e+00 7.810000000000000000e+02 0.000000000000000000e+00 0.000000000000000000e+00 1.000000000000000000e+00
1.000000000000000000e+00 5.530000000000000000e+02 8.439999999999999503e+00 0.000000000000000000e+00 -8.213977007523264318e-01 2.115556960958012850e-02 3.192048893553954200e-03 1.000000000000000000e+00 0.000000000000000000e+00 7.810000000000000000e+02 0.000000000000000000e+00 0.000000000000000000e+00 1.000000000000000000e+00
1.000000000000000000e+00 5.530000000000000000e+02 8.449999999999999289e+00 0.000000000000000000e+00 -8.034443840856000385e-01 3.497082970871162599e-02 7.069176462049072546e-03 0.000000000000000000e+00 0.000000000000000000e+00 7.810000000000000000e+02 0.000000000000000000e+00 0.000000000000000000e+00 1.000000000000000000e+00
1.000000000000000000e+00 5.530000000000000000e+02 8.459999999999999076e+00 0.000000000000000000e+00 -7.858609328153565166e-01 2.611730167696295693e-02 3.033344445808534504e-03 1.000000000000000000e+00 0.000000000000000000e+00 7.810000000000000000e+02 0.000000000000000000e+00 0.000000000000000000e+00 1.000000000000000000e+00
1.000000000000000000e+00 5.530000000000000000e+02 8.470000000000000639e+00 0.000000000000000000e+00 -7.687502403337211909e-01 3.943026674281868010e-02 6.074885475882651348e-03 0.000000000000000000e+00 0.000000000000000000e+00 7.810000000000000000e+02 0.000000000000000000e+00 0.000000000000000000e+00 1.000000000000000000e+00
1.000000000000000000e+00 5.530000000000000000e+02 8.480000000000000426e+00 0.000000000000000000e+00 -7.519933889690083584e-01 3.010513607455916202e-02 2.658156790180190437e-03 1.000000000000000000e+00 0.000000000000000000e+00 7.810000000000000000e+02 0.000000000000000000e+00 0.000000000000000000e+00 1.000000000000000000e+00
1.000000000000000000e+00 5.530000000000000000e+02 8.490000000000000213e+00 0.000000000000000000e+00 -7.356100884548810726e-01 4.872461047038968707e-02 6.652977950497868803e-03 0.000000000000000000e+00 0.000000000000000000e+00 7.810000000000000000e+02 0.000000000000000000e+00 0.000000000000000000e+00 1.000000000000000000e+00
1.000000000000000000e+00 5.530000000000000000e+02 8.500000000000000000e+00 0.000000000000000000e+00 -7.195653225246140261e-01 5.588930801149039063e-02 7.578238736458700608e-03 0.000000000000000000e+00 0.000000000000000000e+00 7.810000000000000000e+02 0.000000000000000000e+00 0.000000000000000000e+00 1.000000000000000000e+00
1.000000000000000000e+00 5.530000000000000000e+02 8.509999999999999787e+00 0.000000000000000000e+00 -7.038516805380541363e-01 5.161246694048673977e-02 5.474950665954103624e-03 0.000000000000000000e+00 0.000000000000000000e+00 7.810000000000000000e+02 0.000000000000000000e+00 0.000000000000000000e+00 1.000000000000000000e+00
1.000000000000000000e+00 5.530000000000000000e+02 8.519999999999999574e+00 0.000000000000000000e+00 -6.884619047921749502e-01 3.588618491963962293e-02 1.792930768274617406e-03 1.000000000000000000e+00 0.000000000000000000e+00 7.810000000000000000e+02 0.000000000000000000e+00 0.000000000000000000e+00 1.000000000000000000e+00
1.000000000000000000e+00 5.530000000000000000e+02 8.529999999999999361e+00 0.000000000000000000e+00 -6.730824068888801026e-01 5.701996737300260576e-02 5.075688777109184369e-03 0.000000000000000000e+00 0.000000000000000000e+00 7.810000000000000000e+02 0.000000000000000000e+00 0.000000000000000000e+00 1.000000000000000000e+00
1.000000000000000000e+00 5.530000000000000000e+02 8.539999999999999147e+00 0.000000000000000000e+00 -6.580125637372501446e-01 7.230538598715635645e-02 7.589267890511564030e-03 0.000000000000000000e+00 0.000000000000000000e+00 7.810000000000000000e+02 0.000000000000000000e+00 0.000000000000000000e+00 1.000000000000000000e+00
1.000000000000000000e+00 5.530000000000000000e+02 8.550000000000000711e+00 0.000000000000000000e+00 -6.432454149873967353e-01 8.177068369616546928e-02 8.770572742784900344e-03 0.000000000000000000e+00 0.000000000000000000e+00 7.810000000000000000e+02 0.000000000000000000e+00 0.000000000000000000e+00 1.000000000000000000e+00
1.000000000000000000e+00 5.530000000000000000e+02 8.560000000000000497e+00 0.000000000000000000e+00 -6.287741400957266302e-01 8.543334957153309039e-02 8.609108430167745907e-03 0.000000000000000000e+00 0.000000000000000000e+00 7.810000000000000000e+02 0.000000000000000000e+00 0.000000000000000000e+00 1.000000000000000000e+00
1.000000000000000000e+00 5.530000000000000000e+02 8.570000000000000284e+00 0.000000000000000000e+00 -6.145920551747192651e-01 8.330015113683378325e-02 7.285174831741427631e-03 0.000000000000000000e+00 0.000000000000000000e+00 7.810000000000000000e+02 0.000000000000000000e+00 0.000000000000000000e+00 1.000000000000000000e+00
1.000000000000000000e+00 5.530000000000000000e+02 8.580000000000000071e+00 0.000000000000000000e+00 -6.006926099058209623e-01 7.536714687209621066e-02 5.115195375994960325e-03 0.000000000000000000e+00 0.000000000000000000e+00 7.810000000000000000e+02 0.000000000000000000e+00 0.000000000000000000e+00 1.000000000000000000e+00
1.000000000000000000e+00 5.530000000000000000e+02 8.589999999999999858e+00 0.000000000000000000e+00 -5.870693845140304568e-01 6.161967893103961064e-02 2.614656663681783066e-03 0.000000000000000000e+00 0.000000000000000000e+00 7.810000000000000000e+02 0.000000000000000000e+00 0.000000000000000000e+00 1.000000000000000000e+00
1.000000000000000000e+00 5.530000000000000000e+02 8.599999999999999645e+00 0.000000000000000000e+00 -5.737160868027814109e-01 4.203234605770782284e-02 6.196754834430781914e-04 1.000000000000000000e+00 0.000000000000000000e+00 7.810000000000000000e+02 0.000000000000000000e+00 0.000000000000000000e+00 1.000000000000000000e+00
1.000000000000000000e+00 5.530000000000000000e+02 8.609999999999999432e+00 0.000000000000000000e+00 -5.594599902405881231e-01 6.404192970586590483e-02 2.203235419716068760e-03 0.000000000000000000e+00 0.000000000000000000e+00 7.810000000000000000e+02 0.000000000000000000e+00 0.000000000000000000e+00 1.000000000000000000e+00
1.000000000000000000e+00 5.530000000000000000e+02 8.619999999999999218e+00 0.000000000000000000e+00 -5.454610693320953718e-01 8.236321073767949308e-02 3.983124153584965271e-03 0.000000000000000000e+00 0.000000000000000000e+00 7.810000000000000000e+02 0.000000000000000000e+00 0.000000000000000000e+00 1.000000000000000000e+00
1.000000000000000000e+00 5.530000000000000000e+02 8.630000000000000782e+00 0.000000000000000000e+00 -5.317128583572154898e-01 9.703004146332877555e-02 5.474724625871656841e-03 0.000000000000000000e+00 0.000000000000000000e+00 7.810000000000000000e+02 0.000000000000000000e+00 0.000000000000000000e+00 1.000000000000000000e+00
1.000000000000000000e+00 5.530000000000000000e+02 8.640000000000000568e+00 0.000000000000000000e+00 -5.182090073919469742e-01 1.080695218493622073e-01 6.479286842922118289e-03 0.000000000000000000e+00 0.000000000000000000e+00 7.810000000000000000e+02 0.000000000000000000e+00 0.000000000000000000e+00 1.000000000000000000e+00
1.000000000000000000e+00 5.530000000000000000e+02 8.650000000000000355e+00 0.000000000000000000e+00 -5.049432793755176396e-01 1.155020495914216433e-01 6.939194010263046580e-03 0.000000000000000000e+00 0.000000000000000000e+00 7.810000000000000000e+02 0.000000000000000000e+00 0.000000000000000000e+00 1.000000000000000000e+00
1.000000000000000000e+00 5.530000000000000000e+02 8.660000000000000142e+00 0.000000000000000000e+00 -4.919095472296565741e-01 1.193413578031529559e-01 6.866915090546189815e-03 0.000000000000000000e+00 0.000000000000000000e+00 7.810000000000000000e+02 0.000000000000000000e+00 0.000000000000000000e+00 1.000000000000000000e+00
1.000000000000000000e+00 5.530000000000000000e+02 8.669999999999999929e+00 0.000000000000000000e+00 -4.791017910286634041e-01 1.195945403909393634e-01 6.315466666375033761e-03 0.000000000000000000e+00 0.000000000000000000e+00 7.810000000000000000e+02 0.000000000000000000e+00 0.000000000000000000e+00 1.000000000000000000e+00
1.000000000000000000e+00 5.530000000000000000e+02 8.679999999999999716e+00 0.000000000000000000e+00 -4.665140952189684165e-01 1.162620651613430756e-01 5.368701893996841862e-03 0.000000000000000000e+00 0.000000000000000000e+00 7.810000000000000000e+02 0.000000000000000000e+00 0.000000000000000000e+00 1.000000000000000000e+00
1.000000000000000000e+00 5.530000000000000000e+02 8.689999999999999503e+00 0.000000000000000000e+00 -4.541406458869004514e-01 1.093377746854733434e-01 4.142031618999002240e-03 0.000000000000000000e+00 0.000000000000000000e+00 7.810000000000000000e+02 0.000000000000000000e+00 0.000000000000000000e+00 1.000000000000000000e+00
1.000000000000000000e+00 5.530000000000000000e+02 8.699999999999999289e+00 0.000000000000000000e+00 -4.419757280733973004e-01 9.880887492187859222e-02 2.789136975905156385e-03 0.000000000000000000e+00 0.000000000000000000e+00 7.810000000000000000e+02 0.000000000000000000e+00 0.000000000000000000e+00 1.000000000000000000e+00
1.000000000000000000e+00 5.530000000000000000e+02 8.710000000000000853e+00 0.000000000000000000e+00 -4.300137231344231536e-01 8.465591157694067614e-02 1.509410333041817306e-03 0.000000000000000000e+00 0.000000000000000000e+00 7.810000000000000000e+02 0.000000000000000000e+00 0.000000000000000000e+00 1.000000000000000000e+00
1.000000000000000000e+00 5.530000000000000000e+02 8.720000000000000639e+00 0.000000000000000000e+00 -4.182491061458691317e-01 6.685273415909240291e-02 5.391683875169434731e-04 0.000000000000000000e+00 0.000000000000000000e+00 7.810000000000000000e+02 0.000000000000000000e+00 0.000000000000000000e+00 1.000000000000000000e+00
1.000000000000000000e+00 5.530000000000000000e+02 8.730000000000000426e+00 0.000000000000000000e+00 -4.066764433517418009e-01 4.536644766044123367e-02 6.903443091236930763e-05 1.000000000000000000e+00 0.000000000000000000e+00 7.810000000000000000e+02 0.000000000000000000e+00 0.000000000000000000e+00 1.000000000000000000e+00
1.000000000000000000e+00 5.530000000000000000e+02 8.740000000000000213e+00 0.000000000000000000e+00 -3.929904793799306462e-01 6.866136795192154252e-02 4.489902085480037587e-04 0.000000000000000000e+00 0.000000000000000000e+00 7.810000000000000000e+02 0.000000000000000000e+00 0.000000000000000000e+00 1.000000000000000000e+00
1.000000000000000000e+00 5.530000000000000000e+02 8.750000000000000000e+00 0.000000000000000000e+00 -3.794848033311571389e-01 8.994019193897556663e-02 1.156611199060119180e-03 0.000000000000000000e+00 0.000000000000000000e+00 7.810000000000000000e+02 0.000000000000000000e+00 0.000000000000000000e+00 1.000000000000000000e+00
1.000000000000000000e+00 5.530000000000000000e+02 8.759999999999999787e+00 0.000000000000000000e+00 -3.661531773016926117e-01 1.092422365966897596e-01 2.046057666533519781e-03 0.000000000000000000e+00 0.000000000000000000e+00 7.810000000000000000e+02 0.000000000000000000e+00 0.000000000000000000e+00 1.000000000000000000e+00
1.000000000000000000e+00 5.530000000000000000e+02 8.769999999999999574e+00 0.000000000000000000e+00 -3.529894437767701065e-01 1.266031663964365672e-01 2.978911128650410522e-03 0.000000000000000000e+00 0.000000000000000000e+00 7.810000000000000000e+02 0.000000000000000000e+00 0.000000000000000000e+00 1.000000000000000000e+00
1.000000000000000000e+00 5.530000000000000000e+02 8.779999999999999361e+00 0.000000000000000000e+00 -3.399875227865943872e-01 1.420550592032723825e-01 3.859152184725621326e-03 0.000000000000000000e+00 0.000000000000000000e+00 7.810000000000000000e+02 0.000000000000000000e+00 0.000000000000000000e+00 1.000000000000000000e+00
1.000000000000000000e+00 5.530000000000000000e+02 8.789999999999999147e+00 0.000000000000000000e+00 -3.271414090981711875e-01 1.556264655463474866e-01 4.627222698458319239e-03 0.000000000000000000e+00 0.000000000000000000e+00 7.810000000000000000e+02 0.000000000000000000e+00 0.000000000000000000e+00 1.000000000000000000e+00
1.000000000000000000e+00 5.530000000000000000e+02 8.800000000000000711e+00 0.000000000000000000e+00 -3.144451694416528498e-01 1.673424613718421106e-01 5.249180306586703065e-03 0.000000000000000000e+00 0.000000000000000000e+00 7.810000000000000000e+02 0.000000000000000000e+00 0.000000000000000000e+00 1.000000000000000000e+00
1.000000000000000000e+00 5.530000000000000000e+02 8.810000000000000497e+00 0.000000000000000000e+00 -3.018929397699228745e-01 1.772246943759007431e-01 5.708178834473824625e-03 0.000000000000000000e+00 0.000000000000000000e+00 7.810000000000000000e+02 0.000000000000000000e+00 0.000000000000000000e+00 1.000000000000000000e+00
1.000000000000000000e+00 5.530000000000000000e+02 8.820000000000000284e+00 0.000000000000000000e+00 -2.894789225501522845e-01 1.852914240031739990e-01 5.998720232900753291e-03 0.000000000000000000e+00 0.000000000000000000e+00 7.810000000000000000e+02 0.000000000000000000e+00 0.000000000000000000e+00 1.000000000000000000e+00
1.000000000000000000e+00 5.530000000000000000e+02 8.830000000000000071e+00 0.000000000000000000e+00 -2.771973840860775251e-01 1.915575551848731628e-01 6.122968779154740193e-03 0.000000000000000000e+00 0.000000000000000000e+00 7.810000000000000000e+02 0.000000000000000000e+00 0.000000000000000000e+00 1.000000000000000000e+00
1.000000000000000000e+00 5.530000000000000000e+02 8.839999999999999858e+00 0.000000000000000000e+00 -2.650426518697619471e-01 1.960346658786762397e-01 6.088449743472210129e-03 0.000000000000000000e+00 0.000000000000000000e+00 7.810000000000000000e+02 0.000000000000000000e+00 0.000000000000000000e+00 1.000000000000000000e+00
1.000000000000000000e+00 5.530000000000000000e+02 8.849999999999999645e+00 0.000000000000000000e+00 -2.530091119616192930e-01 1.987310284613703626e-01 5.906654813260477088e-03 0.000000000000000000e+00 0.000000000000000000e+00 7.810000000000000000e+02 0.000000000000000000e+00 0.000000000000000000e+00 1.000000000000000000e+00
1.000000000000000000e+00 5.530000000000000000e+02 8.859999999999999432e+00 0.000000000000000000e+00 -2.410912063974878783e-01 1.996516250137580772e-01 5.592242932069096256e-03 0.000000000000000000e+00 0.000000000000000000e+00 7.810000000000000000e+02 0.000000000000000000e+00 0.000000000000000000e+00 1.000000000000000000e+00
1.000000000000000000e+00 5.530000000000000000e+02 8.869999999999999218e+00 0.000000000000000000e+00 -2.292834306215583706e-01 1.987981565260698857e-01 5.162636260624783868e-03 0.000000000000000000e+00 0.000000000000000000e+00 7.810000000000000000e+02 0.000000000000000000e+00 0.000000000000000000e+00 1.000000000000000000e+00
1.000000000000000000e+00 5.530000000000000000e+02 8.880000000000000782e+00 0.000000000000000000e+00 -2.175803309439695021e-01 1.961690460408907211e-01 4.637877960076086659e-03 0.000000000000000000e+00 0.000000000000000000e+00 7.810000000000000000e+02 0.000000000000000000e+00 0.000000000000000000e+00 1.000000000000000000e+00
1.000000000000000000e+00 5.530000000000000000e+02 8.890000000000000568e+00 0.000000000000000000e+00 -2.059765020218973508e-01 1.917594357394092341e-01 4.040652884752107127e-03 0.000000000000000000e+00 0.000000000000000000e+00 7.810000000000000000e+02 0.000000000000000000e+00 0.000000000000000000e+00 1.000000000000000000e+00
1.000000000000000000e+00 5.530000000000000000e+02 8.900000000000000355e+00 0.000000000000000000e+00 -1.944665843629747592e-01 1.855611779656053395e-01 3.396379532167936172e-03 0.000000000000000000e+00 0.000000000000000000e+00 7.810000000000000000e+02 0.000000000000000000e+00 0.000000000000000000e+00 1.000000000000000000e+00
1.000000000000000000e+00 5.530000000000000000e+02 8.910000000000000142e+00 0.000000000000000000e+00 -1.830452618498879247e-01 1.775628201717900922e-01 2.733260154565951561e-03 0.000000000000000000e+00 0.000000000000000000e+00 7.810000000000000000e+02 0.000000000000000000e+00 0.000000000000000000e+00 1.000000000000000000e+00
1.000000000000000000e+00 5.530000000000000000e+02 8.919999999999999929e+00 0.000000000000000000e+00 -1.717072592850064638e-01 1.677495837576844229e-01 2.082116106605505848e-03 0.000000000000000000e+00 0.000000000000000000e+00 7.810000000000000000e+02 0.000000000000000000e+00 0.000000000000000000e+00 1.000000000000000000e+00
1.000000000000000000e+00 5.530000000000000000e+02 8.929999999999999716e+00 0.000000000000000000e+00 -1.604473399539137757e-01 1.561033367639355629e-01 1.475718158387009232e-03 0.000000000000000000e+00 0.000000000000000000e+00 7.810000000000000000e+02 0.000000000000000000e+00 0.000000000000000000e+00 1.000000000000000000e+00
1.000000000000000000e+00 5.530000000000000000e+02 8.939999999999999503e+00 0.000000000000000000e+00 -1.492603032067109925e-01 1.426025603696168820e-01 9.471207734210772625e-04 0.000000000000000000e+00 0.000000000000000000e+00 7.810000000000000000e+02 0.000000000000000000e+00 0.000000000000000000e+00 1.000000000000000000e+00
1.000000000000000000e+00 5.530000000000000000e+02 8.949999999999999289e+00 0.000000000000000000e+00 -1.381409820559786894e-01 1.272223091318099020e-01 5.262187464344153173e-04 0.000000000000000000e+00 0.000000000000000000e+00 7.810000000000000000e+02 0.000000000000000000e+00 0.000000000000000000e+00 1.000000000000000000e+00
1.000000000000000000e+00 5.530000000000000000e+02 8.960000000000000853e+00 0.000000000000000000e+00 -1.270842407902861571e-01 1.099341648938010896e-01 2.334980875687417065e-04 0.000000000000000000e+00 0.000000000000000000e+00 7.810000000000000000e+02 0.000000000000000000e+00 0.000000000000000000e+00 1.000000000000000000e+00
1.000000000000000000e+00 5.530000000000000000e+02 8.970000000000000639e+00 0.000000000000000000e+00 -1.160849726021462164e-01 9.070618427673125816e-02 7.046359400728497563e-05 0.000000000000000000e+00 0.000000000000000000e+00 7.810000000000000000e+02 0.000000000000000000e+00 0.000000000000000000e+00 1.000000000000000000e+00
1.000000000000000000e+00 5.530000000000000000e+02 8.980000000000000426e+00 0.000000000000000000e+00 -1.051380972293199656e-01 6.950283965767604932e-02 9.925423248650005808e-06 0.000000000000000000e+00 0.000000000000000000e+00 7.810000000000000000e+02 0.000000000000000000e+00 0.000000000000000000e+00 1.000000000000000000e+00
1.000000000000000000e+00 5.530000000000000000e+02 8.990000000000000213e+00 0.000000000000000000e+00 -9.423855860838233067e-02 4.628495352510363092e-02 2.057467778762565974e-07 1.000000000000000000e+00 0.000000000000000000e+00 7.810000000000000000e+02 0.000000000000000000e+00 0.000000000000000000e+00 1.000000000000000000e+00
1.000000000000000000e+00 5.530000000000000000e+02 9.000000000000000000e+00 0.000000000000000000e+00 -8.686100038075769691e-02 7.061257010448496185e-02 8.486997891610312955e-06 0.000000000000000000e+00 0.000000000000000000e+00 7.810000000000000000e+02 0.000000000000000000e+00 0.000000000000000000e+00 1.000000000000000000e+00
1.000000000000000000e+00 5.530000000000000000e+02 9.009999999999999787e+00 0.000000000000000000e+00 -7.952233721205018147e-02 9.367342744345033556e-02 5.548355128634149813e-05 0.000000000000000000e+00 0.000000000000000000e+00 7.810000000000000000e+02 0.000000000000000000e+00 0.000000000000000000e+00 1.000000000000000000e+00
1.000000000000000000e+00 5.530000000000000000e+02 9.019999999999999574e+00 0.000000000000000000e+00 -7.221917957372554764e-02 1.155101351878155963e-01 1.745564638650184183e-04 0.000000000000000000e+00 0.000000000000000000e+00 7.810000000000000000e+02 0.000000000000000000e+00 0.000000000000000000e+00 1.000000000000000000e+00
1.000000000000000000e+00 5.530000000000000000e+02 9.029999999999999361e+00 0.000000000000000000e+00 -6.494815433628643719e-02 1.361630411168978927e-01 3.796269905364702164e-04 0.000000000000000000e+00 0.000000000000000000e+00 7.810000000000000000e+02 0.000000000000000000e+00 0.000000000000000000e+00 1.000000000000000000e+00
1.000000000000000000e+00 5.530000000000000000e+02 9.039999999999999147e+00 0.000000000000000000e+00 -5.770590321131596062e-02 1.556703056942816410e-01 6.662432865120046163e-04 0.000000000000000000e+00 0.000000000000000000e+00 7.810000000000000000e+02 0.000000000000000000e+00 0.000000000000000000e+00 1.000000000000000000e+00
1.000000000000000000e+00 5.530000000000000000e+02 9.050000000000000711e+00 0.000000000000000000e+00 -5.048908120037558928e-02 1.740679725770722663e-01 1.019828931815590367e-03 0.000000000000000000e+00 0.000000000000000000e+00 7.810000000000000000e+02 0.000000000000000000e+00 0.000000000000000000e+00 1.000000000000000000e+00
1.000000000000000000e+00 5.530000000000000000e+02 9.060000000000000497e+00 0.000000000000000000e+00 -4.329435505004152612e-02 1.913900352139169536e-01 1.422191938554905402e-03 0.000000000000000000e+00 0.000000000000000000e+00 7.810000000000000000e+02 0.000000000000000000e+00 0.000000000000000000e+00 1.000000000000000000e+00
1.000000000000000000e+00 5.530000000000000000e+02 9.070000000000000284e+00 0.000000000000000000e+00 -3.611840171236604252e-02 2.076684996548472661e-01 1.855208068453944453e-03 0.000000000000000000e+00 0.000000000000000000e+00 7.810000000000000000e+02 0.000000000000000000e+00 0.000000000000000000e+00 1.000000000000000000e+00
1.000000000000000000e+00 5.530000000000000000e+02 9.080000000000000071e+00 0.000000000000000000e+00 -2.895790681005183317e-02 2.229334436889956472e-01 2.302540376696601485e-03 0.000000000000000000e+00 0.000000000000000000e+00 7.810000000000000000e+02 0.000000000000000000e+00 0.000000000000000000e+00 1.000000000000000000e+00
1.000000000000000000e+00 5.530000000000000000e+02 9.089999999999999858e+00 0.000000000000000000e+00 -2.180956310563173309e-02 2.372130724194566609e-01 2.750253684257096543e-03 0.000000000000000000e+00 0.000000000000000000e+00 7.810000000000000000e+02 0.000000000000000000e+00 0.000000000000000000e+00 1.000000000000000000e+00
1.000000000000000000e+00 5.530000000000000000e+02 9.099999999999999645e+00 0.000000000000000000e+00 -1.467006897394572060e-02 2.505337703779782488e-01 3.186873253541264162e-03 0.000000000000000000e+00 0.000000000000000000e+00 7.810000000000000000e+02 0.000000000000000000e+00 0.000000000000000000e+00 1.000000000000000000e+00
1.000000000000000000e+00 5.530000000000000000e+02 9.109999999999999432e+00 0.000000000000000000e+00 -7.536126877210283341e-03 2.629201502757744779e-01 3.603193572165798442e-03 0.000000000000000000e+00 0.000000000000000000e+00 7.810000000000000000e+02 0.000000000000000000e+00 0.000000000000000000e+00 1.000000000000000000e+00
1.000000000000000000e+00 5.530000000000000000e+02 9.119999999999999218e+00 0.000000000000000000e+00 -4.044418419755458835e-04 2.743950984805387794e-01 3.991995879472156478e-03 0.000000000000000000e+00 0.000000000000000000e+00 7.810000000000000000e+02 0.000000000000000000e+00 0.000000000000000000e+00 1.000000000000000000e+00
1.000000000000000000e+00 5.530000000000000000e+02 9.130000000000000782e+00 0.000000000000000000e+00 6.728280062733187246e-03 2.849798173036847126e-01 4.347751921312741769e-03 0.000000000000000000e+00 0.000000000000000000e+00 7.810000000000000000e+02 0.000000000000000000e+00 0.000000000000000000e+00 1.000000000000000000e+00
1.000000000000000000e+00 5.530000000000000000e+02 9.140000000000000568e+00 0.000000000000000000e+00 1.386533324679232668e-02 2.946938641759478950e-01 4.666348772491162034e-03 0.000000000000000000e+00 0.000000000000000000e+00 7.810000000000000000e+02 0.000000000000000000e+00 0.000000000000000000e+00 1.000000000000000000e+00
1.000000000000000000e+00 5.530000000000000000e+02 9.150000000000000355e+00 0.000000000000000000e+00 2.101001412057821108e-02 3.035551877837362467e-01 4.944847936778330733e-03 0.000000000000000000e+00 0.000000000000000000e+00 7.810000000000000000e+02 0.000000000000000000e+00 0.000000000000000000e+00 1.000000000000000000e+00
1.000000000000000000e+00 5.530000000000000000e+02 9.160000000000000142e+00 0.000000000000000000e+00 2.816562261748921034e-02 3.115801612329944237e-01 5.181281416636016740e-03 0.000000000000000000e+00 0.000000000000000000e+00 7.810000000000000000e+02 0.000000000000000000e+00 0.000000000000000000e+00 1.000000000000000000e+00
1.000000000000000000e+00 5.530000000000000000e+02 9.169999999999999929e+00 0.000000000000000000e+00 3.533546371809499070e-02 3.187836123018629730e-01 5.374482675723855213e-03 0.000000000000000000e+00 0.000000000000000000e+00 7.810000000000000000e+02 0.000000000000000000e+00 0.000000000000000000e+00 1.000000000000000000e+00
1.000000000000000000e+00 5.530000000000000000e+02 9.179999999999999716e+00 0.000000000000000000e+00 4.252284897661712942e-02 3.251788508380284437e-01 5.523948554626338658e-03 0.000000000000000000e+00 0.000000000000000000e+00 7.810000000000000000e+02 0.000000000000000000e+00 0.000000000000000000e+00 1.000000000000000000e+00
1.000000000000000000e+00 5.530000000000000000e+02 9.189999999999999503e+00 0.000000000000000000e+00 4.973109805044545473e-02 3.307776933513857931e-01 5.629727756902670049e-03 0.000000000000000000e+00 0.000000000000000000e+00 7.810000000000000000e+02 0.000000000000000000e+00 0.000000000000000000e+00 1.000000000000000000e+00
1.000000000000000000e+00 5.530000000000000000e+02 9.199999999999999289e+00 0.000000000000000000e+00 5.696354023339773170e-02 3.355904848474552948e-01 5.692331729857561667e-03 0.000000000000000000e+00 0.000000000000000000e+00 7.810000000000000000e+02 0.000000000000000000e+00 0.000000000000000000e+00 1.000000000000000000e+00
1.000000000000000000e+00 5.530000000000000000e+02 9.210000000000000853e+00 0.000000000000000000e+00 6.422351599342945860e-02 3.396261179418939569e-01 5.712664231756835187e-03 0.000000000000000000e+00 0.000000000000000000e+00 7.810000000000000000e+02 0.000000000000000000e+00 0.000000000000000000e+00 1.000000000000000000e+00
1.000000000000000000e+00 5.530000000000000000e+02 9.220000000000000639e+00 0.000000000000000000e+00 7.151437851550507263e-02 3.428920492914195317e-01 5.691966411664257930e-03 0.000000000000000000e+00 0.000000000000000000e+00 7.810000000000000000e+02 0.000000000000000000e+00 0.000000000000000000e+00 1.000000000000000000e+00
1.000000000000000000e+00 5.530000000000000000e+02 9.230000000000000426e+00 0.000000000000000000e+00 7.883949525034274208e-02 3.453943133715078884e-01 5.631774739117172829e-03 0.000000000000000000e+00 0.000000000000000000e+00 7.810000000000000000e+02 0.000000000000000000e+00 0.000000000000000000e+00 1.000000000000000000e+00
1.000000000000000000e+00 5.530000000000000000e+02 9.240000000000000213e+00 0.000000000000000000e+00 8.620224946974801294e-02 3.471375336263188283e-01 5.533889569979598411e-03 0.000000000000000000e+00 0.000000000000000000e+00 7.810000000000000000e+02 0.000000000000000000e+00 0.000000000000000000e+00 1.000000000000000000e+00
1.000000000000000000e+00 5.530000000000000000e+02 9.250000000000000000e+00 0.000000000000000000e+00 9.360604182925502670e-02 3.481249310114549744e-01 5.400352508994444439e-03 0.000000000000000000e+00 0.000000000000000000e+00 7.810000000000000000e+02 0.000000000000000000e+00 0.000000000000000000e+00 1.000000000000000000e+00
1.000000000000000000e+00 5.530000000000000000e+02 9.259999999999999787e+00 0.000000000000000000e+00 1.010542919387963229e-01 3.483583299453338888e-01 5.233431027302747063e-03 0.000000000000000000e+00 0.000000000000000000e+00 7.810000000000000000e+02 0.000000000000000000e+00 0.000000000000000000e+00 1.000000000000000000e+00
1.000000000000000000e+00 5.530000000000000000e+02 9.269999999999999574e+00 0.000000000000000000e+00 1.085504399421278882e-01 3.478381616801748955e-01 5.035609017179046298e-03 0.000000000000000000e+00 0.000000000000000000e+00 7.810000000000000000e+02 0.000000000000000000e+00 0.000000000000000000e+00 1.000000000000000000e+00
1.000000000000000000e+00 5.530000000000000000e+02 9.279999999999999361e+00 0.000000000000000000e+00 1.160979481057374807e-01 3.465634650988252963e-01 4.809582119414887447e-03 0.000000000000000000e+00 0.000000000000000000e+00 7.810000000000000000e+02 0.000000000000000000e+00 0.000000000000000000e+00 1.000000000000000000e+00
1.000000000000000000e+00 5.530000000000000000e+02 9.289999999999999147e+00 0.000000000000000000e+00 1.237003024179713223e-01 3.445318849389003568e-01 4.558256742295832553e-03 0.000000000000000000e+00 0.000000000000000000e+00 7.810000000000000000e+02 0.000000000000000000e+00 0.000000000000000000e+00 1.000000000000000000e+00
1.000000000000000000e+00 5.530000000000000000e+02 9.300000000000000711e+00 0.000000000000000000e+00 1.313610141991170266e-01 3.417396674409544644e-01 4.284751702980062887e-03 0.000000000000000000e+00 0.000000000000000000e+00 7.810000000000000000e+02 0.000000000000000000e+00 0.000000000000000000e+00 1.000000000000000000e+00
1.000000000000000000e+00 5.530000000000000000e+02 9.310000000000000497e+00 0.000000000000000000e+00 1.390836217231870009e-01 3.381816534126432239e-01 3.992401356281882058e-03 0.000000000000000000e+00 0.000000000000000000e+00 7.810000000000000000e+02 0.000000000000000000e+00 0.000000000000000000e+00 1.000000000000000000e+00
1.000000000000000000e+00 5.530000000000000000e+02 9.320000000000000284e+00 0.000000000000000000e+00 1.468716918521503489e-01 3.338512686960626308e-01 3.684758921549274174e-03 0.000000000000000000e+00 0.000000000000000000e+00 7.810000000000000000e+02 0.000000000000000000e+00 0.000000000000000000e+00 1.000000000000000000e+00
1.000000000000000000e+00 5.530000000000000000e+02 9.330000000000000071e+00 0.000000000000000000e+00 1.547288216833697105e-01 3.287405120206481346e-01 3.365598459048338431e-03 0.000000000000000000e+00 0.000000000000000000e+00 7.810000000000000000e+02 0.000000000000000000e+00 0.000000000000000000e+00 1.000000000000000000e+00
1.000000000000000000e+00 5.530000000000000000e+02 9.339999999999999858e+00 0.000000000000000000e+00 1.626586402110021534e-01 3.228399402191925449e-01 3.038913560383244006e-03 0.000000000000000000e+00 0.000000000000000000e+00 7.810000000000000000e+02 0.000000000000000000e+00 0.000000000000000000e+00 1.000000000000000000e+00
1.000000000000000000e+00 5.530000000000000000e+02 9.349999999999999645e+00 0.000000000000000000e+00 1.706648100021328496e-01 3.161386507796654088e-01 2.708910273998998974e-03 0.000000000000000000e+00 0.000000000000000000e+00 7.810000000000000000e+02 0.000000000000000000e+00 0.000000000000000000e+00 1.000000000000000000e+00
1.000000000000000000e+00 5.530000000000000000e+02 9.359999999999999432e+00 0.000000000000000000e+00 1.787510288884149312e-01 3.086242617005940936e-01 2.379991052640818491e-03 0.000000000000000000e+00 0.000000000000000000e+00 7.810000000000000000e+02 0.000000000000000000e+00 0.000000000000000000e+00 1.000000000000000000e+00
1.000000000000000000e+00 5.530000000000000000e+02 9.369999999999999218e+00 0.000000000000000000e+00 1.869210316739971789e-01 3.002828886127865693e-01 2.056725549745714796e-03 0.000000000000000000e+00 0.000000000000000000e+00 7.810000000000000000e+02 0.000000000000000000e+00 0.000000000000000000e+00 1.000000000000000000e+00
1.000000000000000000e+00 5.530000000000000000e+02 9.380000000000000782e+00 0.000000000000000000e+00 1.951785918605283554e-01 2.910991191251219856e-01 1.743802880644476638e-03 0.000000000000000000e+00 0.000000000000000000e+00 7.810000000000000000e+02 0.000000000000000000e+00 0.000000000000000000e+00 1.000000000000000000e+00
1.000000000000000000e+00 5.530000000000000000e+02 9.390000000000000568e+00 0.000000000000000000e+00 2.035275233900346037e-01 2.810559843470088470e-01 1.445958509252340610e-03 0.000000000000000000e+00 0.000000000000000000e+00 7.810000000000000000e+02 0.000000000000000000e+00 0.000000000000000000e+00 1.000000000000000000e+00
1.000000000000000000e+00 5.530000000000000000e+02 9.400000000000000355e+00 0.000000000000000000e+00 2.119716824064756810e-01 2.701349275348932100e-01 1.167867308538734009e-03 0.000000000000000000e+00 0.000000000000000000e+00 7.810000000000000000e+02 0.000000000000000000e+00 0.000000000000000000e+00 1.000000000000000000e+00
1.000000000000000000e+00 5.530000000000000000e+02 9.410000000000000142e+00 0.000000000000000000e+00 2.205149690367923243e-01 2.583157698048827444e-01 9.139928326386504917e-04 0.000000000000000000e+00 0.000000000000000000e+00 7.810000000000000000e+02 0.000000000000000000e+00 0.000000000000000000e+00 1.000000000000000000e+00
1.000000000000000000e+00 5.530000000000000000e+02 9.419999999999999929e+00 0.000000000000000000e+00 2.291613291922688367e-01 2.455766728481358907e-01 6.883820348744709022e-04 0.000000000000000000e+00 0.000000000000000000e+00 7.810000000000000000e+02 0.000000000000000000e+00 0.000000000000000000e+00 1.000000000000000000e+00
1.000000000000000000e+00 5.530000000000000000e+02 9.429999999999999716e+00 0.000000000000000000e+00 2.379147563910422036e-01 2.318940985801241084e-01 4.943958302579950712e-04 0.000000000000000000e+00 0.000000000000000000e+00 7.810000000000000000e+02 0.000000000000000000e+00 0.000000000000000000e+00 1.000000000000000000e+00
1.000000000000000000e+00 5.530000000000000000e+02 9.439999999999999503e+00 0.000000000000000000e+00 2.467792936025988426e-01 2.172427656492116887e-01 3.343714674652088770e-04 0.000000000000000000e+00 0.000000000000000000e+00 7.810000000000000000e+02 0.000000000000000000e+00 0.000000000000000000e+00 1.000000000000000000e+00
1.000000000000000000e+00 5.530000000000000000e+02 9.449999999999999289e+00 0.000000000000000000e+00 2.557590351151121655e-01 2.015956027241924409e-01 2.092269999687625982e-04 0.000000000000000000e+00 0.000000000000000000e+00 7.810000000000000000e+02 0.000000000000000000e+00 0.000000000000000000e+00 1.000000000000000000e+00
1.000000000000000000e+00 5.530000000000000000e+02 9.460000000000000853e+00 0.000000000000000000e+00 2.648581284264831526e-01 1.849236984744744572e-01 1.180482328073241376e-04 0.000000000000000000e+00 0.000000000000000000e+00 7.810000000000000000e+02 0.000000000000000000e+00 0.000000000000000000e+00 1.000000000000000000e+00
1.000000000000000000e+00 5.530000000000000000e+02 9.470000000000000639e+00 0.000000000000000000e+00 2.740807761599559078e-01 1.671962481504894460e-01 5.775343016627219189e-05 0.000000000000000000e+00 0.000000000000000000e+00 7.810000000000000000e+02 0.000000000000000000e+00 0.000000000000000000e+00 1.000000000000000000e+00
1.000000000000000000e+00 5.530000000000000000e+02 9.480000000000000426e+00 0.000000000000000000e+00 2.834312380051953739e-01 1.483804966656235846e-01 2.301563178836574632e-05 0.000000000000000000e+00 0.000000000000000000e+00 7.810000000000000000e+02 0.000000000000000000e+00 0.000000000000000000e+00 1.000000000000000000e+00
1.000000000000000000e+00 5.530000000000000000e+02 9.490000000000000213e+00 0.000000000000000000e+00 2.929138326857216867e-01 1.284416780745024911e-01 6.713875764231859986e-06 0.000000000000000000e+00 0.000000000000000000e+00 7.810000000000000000e+02 0.000000000000000000e+00 0.000000000000000000e+00 1.000000000000000000e+00
1.000000000000000000e+00 5.530000000000000000e+02 9.500000000000000000e+00 0.000000000000000000e+00 3.025329399536108577e-01 1.073429513358037102e-01 1.173867946124206664e-06 0.000000000000000000e+00 0.000000000000000000e+00 7.810000000000000000e+02 0.000000000000000000e+00 0.000000000000000000e+00 1.000000000000000000e+00
1.000000000000000000e+00 5.530000000000000000e+02 9.509999999999999787e+00 0.000000000000000000e+00 3.122930026123828529e-01 8.504533224090528309e-02 8.048372926564188460e-08 0.000000000000000000e+00 0.000000000000000000e+00 7.810000000000000000e+02 0.000000000000000000e+00 0.000000000000000000e+00 1.000000000000000000e+00
1.000000000000000000e+00 5.530000000000000000e+02 9.519999999999999574e+00 0.000000000000000000e+00 3.221985285690118217e-01 6.150762138259479456e-02 7.246269095561992961e-10 0.000000000000000000e+00 0.000000000000000000e+00 7.810000000000000000e+02 0.000000000000000000e+00 0.000000000000000000e+00 1.000000000000000000e+00
1.000000000000000000e+00 5.530000000000000000e+02 9.529999999999999361e+00 0.000000000000000000e+00 3.322540929160049950e-01 3.668632803074676346e-02 1.578329428180013341e-14 0.000000000000000000e+00 0.000000000000000000e+00 7.810000000000000000e+02 0.000000000000000000e+00 0.000000000000000000e+00 1.000000000000000000e+00
1.000000000000000000e+00 5.530000000000000000e+02 9.539999999999999147e+00 0.000000000000000000e+00 3.424643400445132602e-01 1.053558977431237088e-02 9.892764145848701229e-38 1.000000000000000000e+00 1.000000000000000000e+00 7.810000000000000000e+02 0.000000000000000000e+00 0.000000000000000000e+00 1.000000000000000000e+00
1.000000000000000000e+00 5.530000000000000000e+02 9.550000000000000711e+00 0.000000000000000000e+00 3.328581691063078329e-01 3.656067703119127155e-02 1.416041366263006641e-14 0.000000000000000000e+00 0.000000000000000000e+00 7.810000000000000000e+02 0.000000000000000000e+00 0.000000000000000000e+00 1.000000000000000000e+00
1.000000000000000000e+00 5.530000000000000000e+02 9.560000000000000497e+00 0.000000000000000000e+00 3.234069599559484809e-01 6.112413615624189694e-02 6.372091139270644431e-10 0.000000000000000000e+00 0.000000000000000000e+00 7.810000000000000000e+02 0.000000000000000000e+00 0.000000000000000000e+00 1.000000000000000000e+00
1.000000000000000000e+00 5.530000000000000000e+02 9.570000000000000284e+00 0.000000000000000000e+00 3.141063473374802739e-01 8.427135315909735358e-02 6.984669741321257199e-08 0.000000000000000000e+00 0.000000000000000000e+00 7.810000000000000000e+02 0.000000000000000000e+00 0.000000000000000000e+00 1.000000000000000000e+00
1.000000000000000000e+00 5.530000000000000000e+02 9.580000000000000071e+00 0.000000000000000000e+00 3.049520355513826164e-01 1.060450972526979785e-01 1.006963141870135636e-06 0.000000000000000000e+00 0.000000000000000000e+00 7.810000000000000000e+02 0.000000000000000000e+00 0.000000000000000000e+00 1.000000000000000000e+00
1.000000000000000000e+00 5.530000000000000000e+02 9.589999999999999858e+00 0.000000000000000000e+00 2.959397964705025585e-01 1.264855998781511393e-01 5.694871305400106901e-06 0.000000000000000000e+00 0.000000000000000000e+00 7.810000000000000000e+02 0.000000000000000000e+00 0.000000000000000000e+00 1.000000000000000000e+00
1.000000000000000000e+00 5.530000000000000000e+02 9.599999999999999645e+00 0.000000000000000000e+00 2.870654675871979200e-01 1.456306290405387505e-01 1.930258742662108477e-05 0.000000000000000000e+00 0.000000000000000000e+00 7.810000000000000000e+02 0.000000000000000000e+00 0.000000000000000000e+00 1.000000000000000000e+00
1.000000000000000000e+00 5.530000000000000000e+02 9.609999999999999432e+00 0.000000000000000000e+00 2.783249500907888918e-01 1.635155590930235381e-01 4.787640586872195930e-05 0.000000000000000000e+00 0.000000000000000000e+00 7.810000000000000000e+02 0.000000000000000000e+00 0.000000000000000000e+00 1.000000000000000000e+00
1.000000000000000000e+00 5.530000000000000000e+02 9.619999999999999218e+00 0.000000000000000000e+00 2.697142069744287163e-01 1.801734360981946392e-01 9.668581561835605694e-05 0.000000000000000000e+00 0.000000000000000000e+00 7.810000000000000000e+02 0.000000000000000000e+00 0.000000000000000000e+00 1.000000000000000000e+00
1.000000000000000000e+00 5.530000000000000000e+02 9.630000000000000782e+00 0.000000000000000000e+00 2.612292611705203105e-01 1.956350388874198987e-01 1.692166138001396491e-04 0.000000000000000000e+00 0.000000000000000000e+00 7.810000000000000000e+02 0.000000000000000000e+00 0.000000000000000000e+00 1.000000000000000000e+00
1.000000000000000000e+00 5.530000000000000000e+02 9.640000000000000568e+00 0.000000000000000000e+00 2.528661937138172444e-01 2.099289359310261283e-01 2.668696198857710596e-04 0.000000000000000000e+00 0.000000000000000000e+00 7.810000000000000000e+02 0.000000000000000000e+00 0.000000000000000000e+00 1.000000000000000000e+00
1.000000000000000000e+00 5.530000000000000000e+02 9.650000000000000355e+00 0.000000000000000000e+00 2.446211419313603364e-01 2.230815381243850815e-01 3.891115094147080435e-04 0.000000000000000000e+00 0.000000000000000000e+00 7.810000000000000000e+02 0.000000000000000000e+00 0.000000000000000000e+00 1.000000000000000000e+00
1.000000000000000000e+00 5.530000000000000000e+02 9.660000000000000142e+00 0.000000000000000000e+00 2.364902976584143390e-01 2.351171475874383743e-01 5.338317265622064683e-04 0.000000000000000000e+00 0.000000000000000000e+00 7.810000000000000000e+02 0.000000000000000000e+00 0.000000000000000000e+00 1.000000000000000000e+00
1.000000000000000000e+00 5.530000000000000000e+02 9.669999999999999929e+00 0.000000000000000000e+00 2.284699054795804318e-01 2.460580025678309468e-01 6.977484549859332488e-04 0.000000000000000000e+00 0.000000000000000000e+00 7.810000000000000000e+02 0.000000000000000000e+00 0.000000000000000000e+00 1.000000000000000000e+00
1.000000000000000000e+00 5.530000000000000000e+02 9.679999999999999716e+00 0.000000000000000000e+00 2.205562609942721131e-01 2.559243185306163126e-01 8.767840416099761253e-04 0.000000000000000000e+00 0.000000000000000000e+00 7.810000000000000000e+02 0.000000000000000000e+00 0.000000000000000000e+00 1.000000000000000000e+00
1.000000000000000000e+00 5.530000000000000000e+02 9.689999999999999503e+00 0.000000000000000000e+00 2.127457091057536887e-01 2.647343255104586679e-01 1.066378916852211978e-03 0.000000000000000000e+00 0.000000000000000000e+00 7.810000000000000000e+02 0.000000000000000000e+00 0.000000000000000000e+00 1.000000000000000000e+00
1.000000000000000000e+00 5.530000000000000000e+02 9.699999999999999289e+00 0.000000000000000000e+00 2.050346423329504897e-01 2.725043017953478475e-01 1.261738868236300659e-03 0.000000000000000000e+00 0.000000000000000000e+00 7.810000000000000000e+02 0.000000000000000000e+00 0.000000000000000000e+00 1.000000000000000000e+00
1.000000000000000000e+00 5.530000000000000000e+02 9.710000000000000853e+00 0.000000000000000000e+00 1.974194991442518032e-01 2.792486040040609852e-01 1.458022260107522117e-03 0.000000000000000000e+00 0.000000000000000000e+00 7.810000000000000000e+02 0.000000000000000000e+00 0.000000000000000000e+00 1.000000000000000000e+00
1.000000000000000000e+00 5.530000000000000000e+02 9.720000000000000639e+00 0.000000000000000000e+00 1.898967623125364379e-01 2.849796936129504465e-01 1.650477918295565477e-03 0.000000000000000000e+00 0.000000000000000000e+00 7.810000000000000000e+02 0.000000000000000000e+00 0.000000000000000000e+00 1.000000000000000000e+00
1.000000000000000000e+00 5.530000000000000000e+02 9.730000000000000426e+00 0.000000000000000000e+00 1.824629572906612540e-01 2.897081599810666375e-01 1.834544833046913154e-03 0.000000000000000000e+00 0.000000000000000000e+00 7.810000000000000000e+02 0.000000000000000000e+00 0.000000000000000000e+00 1.000000000000000000e+00
1.000000000000000000e+00 5.530000000000000000e+02 9.740000000000000213e+00 0.000000000000000000e+00 1.751146506066628139e-01 2.934427399161630978e-01 2.005923715768822418e-03 0.000000000000000000e+00 0.000000000000000000e+00 7.810000000000000000e+02 0.000000000000000000e+00 0.000000000000000000e+00 1.000000000000000000e+00
1.000000000000000000e+00 5.530000000000000000e+02 9.750000000000000000e+00 0.000000000000000000e+00 1.678484482779298848e-01 2.961903338177332423e-01 2.160628854665625972e-03 0.000000000000000000e+00 0.000000000000000000e+00 7.810000000000000000e+02 0.000000000000000000e+00 0.000000000000000000e+00 1.000000000000000000e+00
1.000000000000000000e+00 5.530000000000000000e+02 9.759999999999999787e+00 0.000000000000000000e+00 1.606609942436157401e-01 2.979560184269093859e-01 2.295027150058071702e-03 0.000000000000000000e+00 0.000000000000000000e+00 7.810000000000000000e+02 0.000000000000000000e+00 0.000000000000000000e+00 1.000000000000000000e+00
1.000000000000000000e+00 5.530000000000000000e+02 9.769999999999999574e+00 0.000000000000000000e+00 1.535489688145646181e-01 2.987430562067783235e-01 2.405869871366636548e-03 0.000000000000000000e+00 0.000000000000000000e+00 7.810000000000000000e+02 0.000000000000000000e+00 0.000000000000000000e+00 1.000000000000000000e+00
1.000000000000000000e+00 5.530000000000000000e+02 9.779999999999999361e+00 0.000000000000000000e+00 1.465090871400382966e-01 2.985529013704487089e-01 2.490321617971646279e-03 0.000000000000000000e+00 0.000000000000000000e+00 7.810000000000000000e+02 0.000000000000000000e+00 0.000000000000000000e+00 1.000000000000000000e+00
1.000000000000000000e+00 5.530000000000000000e+02 9.789999999999999147e+00 0.000000000000000000e+00 1.395380976905325754e-01 2.973852025680072120e-01 2.545990172931812678e-03 0.000000000000000000e+00 0.000000000000000000e+00 7.810000000000000000e+02 0.000000000000000000e+00 0.000000000000000000e+00 1.000000000000000000e+00
1.000000000000000000e+00 5.530000000000000000e+02 9.800000000000000711e+00 0.000000000000000000e+00 1.326327807559849192e-01 2.952378022373282063e-01 2.570960371834622726e-03 0.000000000000000000e+00 0.000000000000000000e+00 7.810000000000000000e+02 0.000000000000000000e+00 0.000000000000000000e+00 1.000000000000000000e+00
1.000000000000000000e+00 5.530000000000000000e+02 9.810000000000000497e+00 0.000000000000000000e+00 1.257899469586776231e-01 2.921067326175348922e-01 2.563834717420804266e-03 0.000000000000000000e+00 0.000000000000000000e+00 7.810000000000000000e+02 0.000000000000000000e+00 0.000000000000000000e+00 1.000000000000000000e+00
1.000000000000000000e+00 5.530000000000000000e+02 9.820000000000000284e+00 0.000000000000000000e+00 1.190064357801513262e-01 2.879862084177532422e-01 2.523783194362468757e-03 0.000000000000000000e+00 0.000000000000000000e+00 7.810000000000000000e+02 0.000000000000000000e+00 0.000000000000000000e+00 1.000000000000000000e+00
1.000000000000000000e+00 5.530000000000000000e+02 9.830000000000000071e+00 0.000000000000000000e+00 1.122791141014479188e-01 2.828686161276028344e-01 2.450604504063721642e-03 0.000000000000000000e+00 0.000000000000000000e+00 7.810000000000000000e+02 0.000000000000000000e+00 0.000000000000000000e+00 1.000000000000000000e+00
1.000000000000000000e+00 5.530000000000000000e+02 9.839999999999999858e+00 0.000000000000000000e+00 1.056048747560079104e-01 2.767444999496815328e-01 2.344800644972033429e-03 0.000000000000000000e+00 0.000000000000000000e+00 7.810000000000000000e+02 0.000000000000000000e+00 0.000000000000000000e+00 1.000000000000000000e+00
1.000000000000000000e+00 5.530000000000000000e+02 9.849999999999999645e+00 0.000000000000000000e+00 9.898063509455505560e-02 2.696025443280479772e-01 2.207666254652200857e-03 0.000000000000000000e+00 0.000000000000000000e+00 7.810000000000000000e+02 0.000000000000000000e+00 0.000000000000000000e+00 1.000000000000000000e+00
1.000000000000000000e+00 5.530000000000000000e+02 9.859999999999999432e+00 0.000000000000000000e+00 9.240333556130457537e-02 2.614295530404194268e-01 2.041393154426420289e-03 0.000000000000000000e+00 0.000000000000000000e+00 7.810000000000000000e+02 0.000000000000000000e+00 0.000000000000000000e+00 1.000000000000000000e+00
1.000000000000000000e+00 5.530000000000000000e+02 9.869999999999999218e+00 0.000000000000000000e+00 8.586993828083780422e-02 2.522104248154554695e-01 1.849188675961593864e-03 0.000000000000000000e+00 0.000000000000000000e+00 7.810000000000000000e+02 0.000000000000000000e+00 0.000000000000000000e+00 1.000000000000000000e+00
1.000000000000000000e+00 5.530000000000000000e+02 9.880000000000000782e+00 0.000000000000000000e+00 7.937742565499024405e-02 2.419281254300729711e-01 1.635402894370032237e-03 0.000000000000000000e+00 0.000000000000000000e+00 7.810000000000000000e+02 0.000000000000000000e+00 0.000000000000000000e+00 1.000000000000000000e+00
1.000000000000000000e+00 5.530000000000000000e+02 9.890000000000000568e+00 0.000000000000000000e+00 7.292279896910527914e-02 2.305636562352388064e-01 1.405653656623451556e-03 0.000000000000000000e+00 0.000000000000000000e+00 7.810000000000000000e+02 0.000000000000000000e+00 0.000000000000000000e+00 1.000000000000000000e+00
1.000000000000000000e+00 5.530000000000000000e+02 9.900000000000000355e+00 0.000000000000000000e+00 6.650307700700949787e-02 2.180960190520839781e-01 1.166927316461438546e-03 0.000000000000000000e+00 0.000000000000000000e+00 7.810000000000000000e+02 0.000000000000000000e+00 0.000000000000000000e+00 1.000000000000000000e+00
1.000000000000000000e+00 5.530000000000000000e+02 9.910000000000000142e+00 0.000000000000000000e+00 6.011529467407025068e-02 2.045021773734774506e-01 9.276142453759237891e-04 0.000000000000000000e+00 0.000000000000000000e+00 7.810000000000000000e+02 0.000000000000000000e+00 0.000000000000000000e+00 1.000000000000000000e+00
1.000000000000000000e+00 5.530000000000000000e+02 9.919999999999999929e+00 0.000000000000000000e+00 5.375650162769919638e-02 1.897570137993724593e-01 6.974068920913003775e-04 0.000000000000000000e+00 0.000000000000000000e+00 7.810000000000000000e+02 0.000000000000000000e+00 0.000000000000000000e+00 1.000000000000000000e+00
1.000000000000000000e+00 5.530000000000000000e+02 9.929999999999999716e+00 0.000000000000000000e+00 4.742376091466950910e-02 1.738332836272776794e-01 4.869389170395876237e-04 0.000000000000000000e+00 0.000000000000000000e+00 7.810000000000000000e+02 0.000000000000000000e+00 0.000000000000000000e+00 1.000000000000000000e+00
1.000000000000000000e+00 5.530000000000000000e+02 9.939999999999999503e+00 0.000000000000000000e+00 4.111414761461718026e-02 1.567015645121030420e-01 3.069746203746160501e-04 0.000000000000000000e+00 0.000000000000000000e+00 7.810000000000000000e+02 0.000000000000000000e+00 0.000000000000000000e+00 1.000000000000000000e+00
1.000000000000000000e+00 5.530000000000000000e+02 9.949999999999999289e+00 0.000000000000000000e+00 3.482474748910002749e-02 1.383302021023651296e-01 1.668867213480114756e-04 0.000000000000000000e+00 0.000000000000000000e+00 7.810000000000000000e+02 0.000000000000000000e+00 0.000000000000000000e+00 1.000000000000000000e+00
1.000000000000000000e+00 5.530000000000000000e+02 9.960000000000000853e+00 0.000000000000000000e+00 2.855265563559035782e-02 1.186852515523051932e-01 7.218031839583089002e-05 0.000000000000000000e+00 0.000000000000000000e+00 7.810000000000000000e+02 0.000000000000000000e+00 0.000000000000000000e+00 1.000000000000000000e+00
1.000000000000000000e+00 5.530000000000000000e+02 9.970000000000000639e+00 0.000000000000000000e+00 2.229497514577964343e-02 9.773041480185072627e-02 2.123881881389307448e-05 0.000000000000000000e+00 0.000000000000000000e+00 7.810000000000000000e+02 0.000000000000000000e+00 0.000000000000000000e+00 1.000000000000000000e+00
1.000000000000000000e+00 5.530000000000000000e+02 9.980000000000000426e+00 0.000000000000000000e+00 1.604881576757554926e-02 7.542697350853326543e-02 2.990666192891938593e-06 0.000000000000000000e+00 0.000000000000000000e+00 7.810000000000000000e+02 0.000000000000000000e+00 0.000000000000000000e+00 1.000000000000000000e+00
1.000000000000000000e+00 5.530000000000000000e+02 9.990000000000000213e+00 0.000000000000000000e+00 9.811292570173223843e-03 5.173371750743921416e-02 7.395191118168263214e-08 0.000000000000000000e+00 0.000000000000000000e+00 7.810000000000000000e+02 0.000000000000000000e+00 0.000000000000000000e+00 1.000000000000000000e+00
1.000000000000000000e+00 5.530000000000000000e+02 1.000000000000000000e+01 0.000000000000000000e+00 3.579524611584385292e-03 2.660686866701019240e-02 3.348039772575117016e-12 0.000000000000000000e+00 0.000000000000000000e+00 7.810000000000000000e+02 0.000000000000000000e+00 0.000000000000000000e+00 1.000000000000000000e+00
