macrorep i x y cond_mean cond_var cond_mean_err cond_var_err cei lf hf maxcei x_star lf_next hf_next
0.000000000000000000e+00 2.610000000000000000e+02 1.000000000000000021e-02 0.000000000000000000e+00 -4.939918425930395207e-02 2.246004137721752461e-02 -6.046554079546523353e-01 1.244165615308266129e-03 7.475898562519493735e-14 0.000000000000000000e+00 0.000000000000000000e+00 7.770000000000000000e+02 0.000000000000000000e+00 0.000000000000000000e+00 1.000000000000000000e+00
0.000000000000000000e+00 2.610000000000000000e+02 2.000000000000000042e-02 0.000000000000000000e+00 -5.471606756562019669e-02 4.340904047907867547e-02 -6.042828772233076462e-01 2.359939574862235205e-03 5.649792882495425026e-09 0.000000000000000000e+00 0.000000000000000000e+00 7.770000000000000000e+02 0.000000000000000000e+00 0.000000000000000000e+00 1.000000000000000000e+00
0.000000000000000000e+00 2.610000000000000000e+02 2.999999999999999889e-02 0.000000000000000000e+00 -6.003702194334310099e-02 6.287908729422471421e-02 -6.039081509068607856e-01 3.360503053453347145e-03 4.473490688730170060e-07 0.000000000000000000e+00 0.000000000000000000e+00 7.770000000000000000e+02 0.000000000000000000e+00 0.000000000000000000e+00 1.000000000000000000e+00
0.000000000000000000e+00 2.610000000000000000e+02 4.000000000000000083e-02 0.000000000000000000e+00 -6.536408487670478107e-02 8.090000633017054021e-02 -6.035301231156535717e-01 4.257676189012149850e-03 4.732050206524994387e-06 0.000000000000000000e+00 0.000000000000000000e+00 7.770000000000000000e+02 0.000000000000000000e+00 0.000000000000000000e+00 1.000000000000000000e+00
0.000000000000000000e+00 2.610000000000000000e+02 5.000000000000000278e-02 0.000000000000000000e+00 -7.069929618900755441e-02 9.749940229892918586e-02 -6.031476782167386474e-01 5.062057719586547481e-03 2.089905119784886195e-05 0.000000000000000000e+00 0.000000000000000000e+00 7.770000000000000000e+02 0.000000000000000000e+00 0.000000000000000000e+00 1.000000000000000000e+00
0.000000000000000000e+00 2.610000000000000000e+02 6.000000000000000472e-02 0.000000000000000000e+00 -7.604469882370709644e-02 1.127027024023206370e-01 -6.027596875414316102e-01 5.783150191335392765e-03 5.813748881814437101e-05 0.000000000000000000e+00 0.000000000000000000e+00 7.770000000000000000e+02 0.000000000000000000e+00 0.000000000000000000e+00 1.000000000000000000e+00
0.000000000000000000e+00 2.610000000000000000e+02 6.999999999999999278e-02 0.000000000000000000e+00 -8.140233962669030099e-02 1.265331952817379535e-01 -6.023650060543919160e-01 6.429472216679711812e-03 1.226441140725258259e-04 0.000000000000000000e+00 0.000000000000000000e+00 7.770000000000000000e+02 0.000000000000000000e+00 0.000000000000000000e+00 1.000000000000000000e+00
0.000000000000000000e+00 2.610000000000000000e+02 8.000000000000000167e-02 0.000000000000000000e+00 -8.677427013004757050e-02 1.390120666920349468e-01 -6.019624689744028645e-01 7.008659108771128805e-03 2.160576271464861864e-04 0.000000000000000000e+00 0.000000000000000000e+00 7.770000000000000000e+02 0.000000000000000000e+00 0.000000000000000000e+00 1.000000000000000000e+00
0.000000000000000000e+00 2.610000000000000000e+02 8.999999999999999667e-02 0.000000000000000000e+00 -9.216254733763945550e-02 1.501584319541805768e-01 -6.015508883368771986e-01 7.527553081120896654e-03 3.358778641713092150e-04 0.000000000000000000e+00 0.000000000000000000e+00 7.770000000000000000e+02 0.000000000000000000e+00 0.000000000000000000e+00 1.000000000000000000e+00
0.000000000000000000e+00 2.610000000000000000e+02 9.999999999999999167e-02 0.000000000000000000e+00 -9.756923451275843762e-02 1.599893652363924001e-01 -6.011290494879445445e-01 7.992284077961188393e-03 4.766318582656806774e-04 0.000000000000000000e+00 0.000000000000000000e+00 7.770000000000000000e+02 0.000000000000000000e+00 0.000000000000000000e+00 1.000000000000000000e+00
0.000000000000000000e+00 2.610000000000000000e+02 1.100000000000000006e-01 0.000000000000000000e+00 -1.029964019681877813e-01 1.685199257086014146e-01 -6.006957074997733015e-01 8.408342190226538587e-03 6.310716492221183152e-04 0.000000000000000000e+00 0.000000000000000000e+00 7.770000000000000000e+02 0.000000000000000000e+00 0.000000000000000000e+00 1.000000000000000000e+00
0.000000000000000000e+00 2.610000000000000000e+02 1.199999999999999956e-01 0.000000000000000000e+00 -1.084461278589596012e-01 1.757631806103126526e-01 -6.002495834965491106e-01 8.780642512640412720e-03 7.911426390606454348e-04 0.000000000000000000e+00 0.000000000000000000e+00 7.770000000000000000e+02 0.000000000000000000e+00 0.000000000000000000e+00 1.000000000000000000e+00
0.000000000000000000e+00 2.610000000000000000e+02 1.300000000000000044e-01 0.000000000000000000e+00 -1.139204989781157501e-01 1.817302252671974261e-01 -5.997893608802644660e-01 9.113583208094690538e-03 9.486850603435533977e-04 0.000000000000000000e+00 0.000000000000000000e+00 7.770000000000000000e+02 0.000000000000000000e+00 0.000000000000000000e+00 1.000000000000000000e+00
0.000000000000000000e+00 2.610000000000000000e+02 1.400000000000000133e-01 0.000000000000000000e+00 -1.194216115557767133e-01 1.864302000870781129e-01 -5.993136814451849315e-01 9.411097465264721060e-03 1.095912442500074011e-03 0.000000000000000000e+00 0.000000000000000000e+00 7.770000000000000000e+02 0.000000000000000000e+00 0.000000000000000000e+00 1.000000000000000000e+00
0.000000000000000000e+00 2.610000000000000000e+02 1.500000000000000222e-01 0.000000000000000000e+00 -1.249515720618237513e-01 1.898703045613408247e-01 -5.988211413695215812e-01 9.676699963260124854e-03 1.225728075310817192e-03 0.000000000000000000e+00 0.000000000000000000e+00 7.770000000000000000e+02 0.000000000000000000e+00 0.000000000000000000e+00 1.000000000000000000e+00
0.000000000000000000e+00 2.610000000000000000e+02 1.600000000000000033e-01 0.000000000000000000e+00 -1.305124980125020318e-01 1.920558082932238564e-01 -5.983102870724820166e-01 9.913528392220691265e-03 1.331934332923345038e-03 0.000000000000000000e+00 0.000000000000000000e+00 7.770000000000000000e+02 0.000000000000000000e+00 0.000000000000000000e+00 1.000000000000000000e+00
0.000000000000000000e+00 2.610000000000000000e+02 1.700000000000000122e-01 0.000000000000000000e+00 -1.361065187812542376e-01 1.929900590698741258e-01 -5.977796109244731815e-01 1.012438052036011317e-02 1.409377882142841265e-03 0.000000000000000000e+00 0.000000000000000000e+00 7.770000000000000000e+02 0.000000000000000000e+00 0.000000000000000000e+00 1.000000000000000000e+00
0.000000000000000000e+00 2.610000000000000000e+02 1.800000000000000211e-01 0.000000000000000000e+00 -1.417357764140932397e-01 1.926744879905369912e-01 -5.972275467977953278e-01 1.031174724534843386e-02 1.454062607770114507e-03 0.000000000000000000e+00 0.000000000000000000e+00 7.770000000000000000e+02 0.000000000000000000e+00 0.000000000000000000e+00 1.000000000000000000e+00
0.000000000000000000e+00 2.610000000000000000e+02 1.900000000000000022e-01 0.000000000000000000e+00 -1.474024264498287606e-01 1.911086116587361605e-01 -5.966524654446970777e-01 1.047784202048507307e-02 1.463253190525823713e-03 0.000000000000000000e+00 0.000000000000000000e+00 7.770000000000000000e+02 0.000000000000000000e+00 0.000000000000000000e+00 1.000000000000000000e+00
0.000000000000000000e+00 2.610000000000000000e+02 2.000000000000000111e-01 0.000000000000000000e+00 -1.531086387454595465e-01 1.882900314417990384e-01 -5.960526696891511600e-01 1.062462700328793003e-02 1.435585504209468954e-03 0.000000000000000000e+00 0.000000000000000000e+00 7.770000000000000000e+02 0.000000000000000000e+00 0.000000000000000000e+00 1.000000000000000000e+00
0.000000000000000000e+00 2.610000000000000000e+02 2.100000000000000200e-01 0.000000000000000000e+00 -1.588565983070488463e-01 1.842144297965960520e-01 -5.954263894181603956e-01 1.075383623540451979e-02 1.371194504461428418e-03 0.000000000000000000e+00 0.000000000000000000e+00 7.770000000000000000e+02 0.000000000000000000e+00 0.000000000000000000e+00 1.000000000000000000e+00
0.000000000000000000e+00 2.610000000000000000e+02 2.200000000000000011e-01 0.000000000000000000e+00 -1.646485061264004457e-01 1.788755636558634066e-01 -5.947717763578125316e-01 1.086699612768053484e-02 1.271864812394949210e-03 0.000000000000000000e+00 0.000000000000000000e+00 7.770000000000000000e+02 0.000000000000000000e+00 0.000000000000000000e+00 1.000000000000000000e+00
0.000000000000000000e+00 2.610000000000000000e+02 2.300000000000000100e-01 0.000000000000000000e+00 -1.704865800238559159e-01 1.722652548649800108e-01 -5.940868986186675915e-01 1.096544349238579193e-02 1.141201966629687425e-03 0.000000000000000000e+00 0.000000000000000000e+00 7.770000000000000000e+02 0.000000000000000000e+00 0.000000000000000000e+00 1.000000000000000000e+00
0.000000000000000000e+00 2.610000000000000000e+02 2.400000000000000189e-01 0.000000000000000000e+00 -1.763730554975360687e-01 1.643733776545482916e-01 -5.933697349943792831e-01 1.105034133562095809e-02 9.848105360249137172e-04 0.000000000000000000e+00 0.000000000000000000e+00 7.770000000000000000e+02 0.000000000000000000e+00 0.000000000000000000e+00 1.000000000000000000e+00
0.000000000000000000e+00 2.610000000000000000e+02 2.500000000000000000e-01 0.000000000000000000e+00 -1.823101865793511633e-01 1.551878431295900529e-01 -5.926181689967251476e-01 1.112269259646838857e-02 8.104443215542593559e-04 0.000000000000000000e+00 0.000000000000000000e+00 7.770000000000000000e+02 0.000000000000000000e+00 0.000000000000000000e+00 1.000000000000000000e+00
0.000000000000000000e+00 2.610000000000000000e+02 2.600000000000000089e-01 0.000000000000000000e+00 -1.883002466981081868e-01 1.446945807515971072e-01 -5.918299826094413074e-01 1.118335199519416776e-02 6.280560313908526912e-04 0.000000000000000000e+00 0.000000000000000000e+00 7.770000000000000000e+02 0.000000000000000000e+00 0.000000000000000000e+00 1.000000000000000000e+00
0.000000000000000000e+00 2.610000000000000000e+02 2.700000000000000178e-01 0.000000000000000000e+00 -1.943455295500456925e-01 1.328775167850710370e-01 -5.910028497424287819e-01 1.123303613047001159e-02 4.496071849427966255e-04 0.000000000000000000e+00 0.000000000000000000e+00 7.770000000000000000e+02 0.000000000000000000e+00 0.000000000000000000e+00 1.000000000000000000e+00
0.000000000000000000e+00 2.610000000000000000e+02 2.800000000000000266e-01 0.000000000000000000e+00 -2.004483499771289590e-01 1.197185496755360373e-01 -5.901343293670127110e-01 1.127233194489824820e-02 2.883892764352431921e-04 0.000000000000000000e+00 0.000000000000000000e+00 7.770000000000000000e+02 0.000000000000000000e+00 0.000000000000000000e+00 1.000000000000000000e+00
0.000000000000000000e+00 2.610000000000000000e+02 2.900000000000000355e-01 0.000000000000000000e+00 -2.066110448534429489e-01 1.051975223213078986e-01 -5.892218583119958053e-01 1.130170365884727510e-02 1.574543016260041353e-04 0.000000000000000000e+00 0.000000000000000000e+00 7.770000000000000000e+02 0.000000000000000000e+00 0.000000000000000000e+00 1.000000000000000000e+00
0.000000000000000000e+00 2.610000000000000000e+02 2.999999999999999889e-01 0.000000000000000000e+00 -2.128359739800207429e-01 8.929219119654611958e-02 -5.882627436992453607e-01 1.132149825451018998e-02 6.664413231436197571e-05 0.000000000000000000e+00 0.000000000000000000e+00 7.770000000000000000e+02 0.000000000000000000e+00 0.000000000000000000e+00 1.000000000000000000e+00
0.000000000000000000e+00 2.610000000000000000e+02 3.099999999999999978e-01 0.000000000000000000e+00 -2.191255209884518940e-01 7.197819227828960997e-02 -5.872541549964909180e-01 1.133194957497243860e-02 1.806652746740765531e-05 0.000000000000000000e+00 0.000000000000000000e+00 7.770000000000000000e+02 0.000000000000000000e+00 0.000000000000000000e+00 1.000000000000000000e+00
0.000000000000000000e+00 2.610000000000000000e+02 3.200000000000000067e-01 0.000000000000000000e+00 -2.254820942536155393e-01 5.322900372528382301e-02 -5.861931156638765517e-01 1.133318108671271113e-02 1.972134670686495552e-06 0.000000000000000000e+00 0.000000000000000000e+00 7.770000000000000000e+02 0.000000000000000000e+00 0.000000000000000000e+00 1.000000000000000000e+00
0.000000000000000000e+00 2.610000000000000000e+02 3.300000000000000155e-01 0.000000000000000000e+00 -2.319081278158885984e-01 3.301590525142947263e-02 -5.850764943696183940e-01 1.132520733817191962e-02 1.892570322817881901e-08 0.000000000000000000e+00 0.000000000000000000e+00 7.770000000000000000e+02 0.000000000000000000e+00 0.000000000000000000e+00 1.000000000000000000e+00
0.000000000000000000e+00 2.610000000000000000e+02 3.400000000000000244e-01 0.000000000000000000e+00 -2.384060823131807227e-01 1.130793413162086390e-02 -5.839009957488399127e-01 1.130793413162088992e-02 7.297417633758982752e-16 1.000000000000000000e+00 0.000000000000000000e+00 7.770000000000000000e+02 0.000000000000000000e+00 0.000000000000000000e+00 1.000000000000000000e+00
0.000000000000000000e+00 2.610000000000000000e+02 3.500000000000000333e-01 0.000000000000000000e+00 -2.478974985446337209e-01 3.253645717658608383e-02 -5.826631506783139791e-01 1.128115741035726205e-02 2.462109453248272547e-08 0.000000000000000000e+00 0.000000000000000000e+00 7.770000000000000000e+02 0.000000000000000000e+00 0.000000000000000000e+00 1.000000000000000000e+00
0.000000000000000000e+00 2.610000000000000000e+02 3.600000000000000422e-01 0.000000000000000000e+00 -2.574669583140127838e-01 5.162712987299970108e-02 -5.813593060384120159e-01 1.124456084808547057e-02 2.742877898199470865e-06 0.000000000000000000e+00 0.000000000000000000e+00 7.770000000000000000e+02 0.000000000000000000e+00 0.000000000000000000e+00 1.000000000000000000e+00
0.000000000000000000e+00 2.610000000000000000e+02 3.699999999999999956e-01 0.000000000000000000e+00 -2.671181259307645051e-01 6.860919559745473628e-02 -5.799856139320419546e-01 1.119771211200196008e-02 2.594770476620965284e-05 0.000000000000000000e+00 0.000000000000000000e+00 7.770000000000000000e+02 0.000000000000000000e+00 0.000000000000000000e+00 1.000000000000000000e+00
0.000000000000000000e+00 2.610000000000000000e+02 3.800000000000000044e-01 0.000000000000000000e+00 -2.768546969916643175e-01 8.350866773099879792e-02 -5.785380203287621148e-01 1.114005775543969873e-02 9.744533747110405326e-05 0.000000000000000000e+00 0.000000000000000000e+00 7.770000000000000000e+02 0.000000000000000000e+00 0.000000000000000000e+00 1.000000000000000000e+00
0.000000000000000000e+00 2.610000000000000000e+02 3.900000000000000133e-01 0.000000000000000000e+00 -2.866803997959236350e-01 9.634836950681839596e-02 -5.770122531005553723e-01 1.107091667973633502e-02 2.323398710760270908e-04 0.000000000000000000e+00 0.000000000000000000e+00 7.770000000000000000e+02 0.000000000000000000e+00 0.000000000000000000e+00 1.000000000000000000e+00
0.000000000000000000e+00 2.610000000000000000e+02 4.000000000000000222e-01 0.000000000000000000e+00 -2.965989967728198673e-01 1.071479689712072914e-01 -5.754038094139546367e-01 1.098947208808790862e-02 4.264490226889845574e-04 0.000000000000000000e+00 0.000000000000000000e+00 7.770000000000000000e+02 0.000000000000000000e+00 0.000000000000000000e+00 1.000000000000000000e+00
0.000000000000000000e+00 2.610000000000000000e+02 4.100000000000000311e-01 0.000000000000000000e+00 -3.066142859223939809e-01 1.159240091113725168e-01 -5.737079424413129569e-01 1.089476183633507518e-02 6.617941703756288069e-04 0.000000000000000000e+00 0.000000000000000000e+00 7.770000000000000000e+02 0.000000000000000000e+00 0.000000000000000000e+00 1.000000000000000000e+00
0.000000000000000000e+00 2.610000000000000000e+02 4.200000000000000400e-01 0.000000000000000000e+00 -3.167301022697699975e-01 1.226899331962285067e-01 -5.719196473519987389e-01 1.078566706669107679e-02 9.136223433803729657e-04 0.000000000000000000e+00 0.000000000000000000e+00 7.770000000000000000e+02 0.000000000000000000e+00 0.000000000000000000e+00 1.000000000000000000e+00
0.000000000000000000e+00 2.610000000000000000e+02 4.299999999999999933e-01 0.000000000000000000e+00 -3.269503193336513736e-01 1.274561053689962919e-01 -5.700336465421759202e-01 1.066089899013624755e-02 1.155512927973294593e-03 0.000000000000000000e+00 0.000000000000000000e+00 7.770000000000000000e+02 0.000000000000000000e+00 0.000000000000000000e+00 1.000000000000000000e+00
0.000000000000000000e+00 2.610000000000000000e+02 4.400000000000000022e-01 0.000000000000000000e+00 -3.372788506095577010e-01 1.302298265231526253e-01 -5.680443740595755298e-01 1.051898366133302044e-02 1.362515857690543494e-03 0.000000000000000000e+00 0.000000000000000000e+00 7.770000000000000000e+02 0.000000000000000000e+00 0.000000000000000000e+00 1.000000000000000000e+00
0.000000000000000000e+00 2.610000000000000000e+02 4.500000000000000111e-01 0.000000000000000000e+00 -3.477196510683684960e-01 1.310153454860470412e-01 -5.659459591772979525e-01 1.035824456620027673e-02 1.513012603690161439e-03 0.000000000000000000e+00 0.000000000000000000e+00 7.770000000000000000e+02 0.000000000000000000e+00 0.000000000000000000e+00 1.000000000000000000e+00
0.000000000000000000e+00 2.610000000000000000e+02 4.600000000000000200e-01 0.000000000000000000e+00 -3.582767186707494500e-01 1.298138655273191056e-01 -5.637322090681639031e-01 1.017678281644561825e-02 1.589937127355400132e-03 0.000000000000000000e+00 0.000000000000000000e+00 7.770000000000000000e+02 0.000000000000000000e+00 0.000000000000000000e+00 1.000000000000000000e+00
0.000000000000000000e+00 2.610000000000000000e+02 4.700000000000000289e-01 0.000000000000000000e+00 -3.689540958980393470e-01 1.266235462020844360e-01 -5.613965905284877822e-01 9.972454717084057452e-03 1.581819303904802299e-03 0.000000000000000000e+00 0.000000000000000000e+00 7.770000000000000000e+02 0.000000000000000000e+00 0.000000000000000000e+00 1.000000000000000000e+00
0.000000000000000000e+00 2.610000000000000000e+02 4.800000000000000377e-01 0.000000000000000000e+00 -3.797558713001856212e-01 1.214395005317141368e-01 -5.589322106973323434e-01 9.742846441937425342e-03 1.483980104613032841e-03 0.000000000000000000e+00 0.000000000000000000e+00 7.770000000000000000e+02 0.000000000000000000e+00 0.000000000000000000e+00 1.000000000000000000e+00
0.000000000000000000e+00 2.610000000000000000e+02 4.899999999999999911e-01 0.000000000000000000e+00 -3.906861810613198038e-01 1.142537875178879503e-01 -5.563317967143464049e-01 9.485245517943987834e-03 1.300118786099197302e-03 0.000000000000000000e+00 0.000000000000000000e+00 7.770000000000000000e+02 0.000000000000000000e+00 0.000000000000000000e+00 1.000000000000000000e+00
0.000000000000000000e+00 2.610000000000000000e+02 5.000000000000000000e-01 0.000000000000000000e+00 -4.017492105835723804e-01 1.050553999784550191e-01 -5.535876742561506303e-01 9.196608781408707051e-03 1.044427306940659203e-03 0.000000000000000000e+00 0.000000000000000000e+00 7.770000000000000000e+02 0.000000000000000000e+00 0.000000000000000000e+00 1.000000000000000000e+00
0.000000000000000000e+00 2.610000000000000000e+02 5.100000000000000089e-01 0.000000000000000000e+00 -4.129491960897357372e-01 9.383024768646834601e-02 -5.506917448879289356e-01 8.873526427645843720e-03 7.440905269223956758e-04 0.000000000000000000e+00 0.000000000000000000e+00 7.770000000000000000e+02 0.000000000000000000e+00 0.000000000000000000e+00 1.000000000000000000e+00
0.000000000000000000e+00 2.610000000000000000e+02 5.200000000000000178e-01 0.000000000000000000e+00 -4.242904262453854880e-01 8.056113578656537433e-02 -5.476354621633843234e-01 8.512181729315143608e-03 4.411625597511509636e-04 0.000000000000000000e+00 0.000000000000000000e+00 7.770000000000000000e+02 0.000000000000000000e+00 0.000000000000000000e+00 1.000000000000000000e+00
0.000000000000000000e+00 2.610000000000000000e+02 5.300000000000000266e-01 0.000000000000000000e+00 -4.357772438010835137e-01 6.522773845563269168e-02 -5.444098064025276740e-01 8.108305947584805440e-03 1.902627141870609061e-04 0.000000000000000000e+00 0.000000000000000000e+00 7.770000000000000000e+02 0.000000000000000000e+00 0.000000000000000000e+00 1.000000000000000000e+00
0.000000000000000000e+00 2.610000000000000000e+02 5.400000000000000355e-01 0.000000000000000000e+00 -4.474140472552921577e-01 4.780656776740761782e-02 -5.410052580728610394e-01 7.657127903465188630e-03 4.242585558753052613e-05 0.000000000000000000e+00 0.000000000000000000e+00 7.770000000000000000e+02 0.000000000000000000e+00 0.000000000000000000e+00 1.000000000000000000e+00
0.000000000000000000e+00 2.610000000000000000e+02 5.500000000000000444e-01 0.000000000000000000e+00 -4.592052925386331808e-01 2.827093771332315347e-02 -5.374117696954009427e-01 7.153317613575089357e-03 1.451939983572647961e-06 0.000000000000000000e+00 0.000000000000000000e+00 7.770000000000000000e+02 0.000000000000000000e+00 0.000000000000000000e+00 1.000000000000000000e+00
0.000000000000000000e+00 2.610000000000000000e+02 5.600000000000000533e-01 0.000000000000000000e+00 -4.711554947201407328e-01 6.590923324482816752e-03 -5.336187361926296724e-01 6.590923324482811547e-03 1.714082008066494734e-13 1.000000000000000000e+00 1.000000000000000000e+00 7.770000000000000000e+02 0.000000000000000000e+00 0.000000000000000000e+00 1.000000000000000000e+00
0.000000000000000000e+00 2.610000000000000000e+02 5.700000000000000622e-01 0.000000000000000000e+00 -4.824182744211700236e-01 2.822203807449851637e-02 -5.370971614462904942e-01 7.156504032258772206e-03 2.500409726306586692e-06 0.000000000000000000e+00 0.000000000000000000e+00 7.770000000000000000e+02 0.000000000000000000e+00 0.000000000000000000e+00 1.000000000000000000e+00
0.000000000000000000e+00 2.610000000000000000e+02 5.800000000000000711e-01 0.000000000000000000e+00 -4.938488996672530384e-01 4.761891249892819672e-02 -5.403751131049974177e-01 7.663813517069383192e-03 8.655604633063301769e-05 0.000000000000000000e+00 0.000000000000000000e+00 7.770000000000000000e+02 0.000000000000000000e+00 0.000000000000000000e+00 1.000000000000000000e+00
0.000000000000000000e+00 2.610000000000000000e+02 5.899999999999999689e-01 0.000000000000000000e+00 -5.054517474398573240e-01 6.481125901872951400e-02 -5.434622650365328322e-01 8.118844870020043916e-03 4.370008506390512734e-04 0.000000000000000000e+00 0.000000000000000000e+00 7.770000000000000000e+02 0.000000000000000000e+00 0.000000000000000000e+00 1.000000000000000000e+00
0.000000000000000000e+00 2.610000000000000000e+02 5.999999999999999778e-01 0.000000000000000000e+00 -5.172312606673952207e-01 7.982541312620235197e-02 -5.463677280218715016e-01 8.526973595483726756e-03 1.123457819547885733e-03 0.000000000000000000e+00 0.000000000000000000e+00 7.770000000000000000e+02 0.000000000000000000e+00 0.000000000000000000e+00 1.000000000000000000e+00
0.000000000000000000e+00 2.610000000000000000e+02 6.099999999999999867e-01 0.000000000000000000e+00 -5.291919499264960969e-01 9.268437372608789859e-02 -5.491000766428538737e-01 8.893021114521289239e-03 2.091160334618426611e-03 0.000000000000000000e+00 0.000000000000000000e+00 7.770000000000000000e+02 0.000000000000000000e+00 0.000000000000000000e+00 1.000000000000000000e+00
0.000000000000000000e+00 2.610000000000000000e+02 6.199999999999999956e-01 0.000000000000000000e+00 -5.413383951691838059e-01 1.034078383656332339e-01 -5.516673745874309809e-01 9.221311722648940085e-03 3.239873950856172330e-03 0.000000000000000000e+00 0.000000000000000000e+00 7.770000000000000000e+02 0.000000000000000000e+00 0.000000000000000000e+00 1.000000000000000000e+00
0.000000000000000000e+00 2.610000000000000000e+02 6.300000000000000044e-01 0.000000000000000000e+00 -5.536752474766183374e-01 1.120122334075874665e-01 -5.540771984471634104e-01 9.515723674822418668e-03 4.466074792877590405e-03 0.000000000000000000e+00 0.000000000000000000e+00 7.770000000000000000e+02 0.000000000000000000e+00 0.000000000000000000e+00 1.000000000000000000e+00
0.000000000000000000e+00 2.610000000000000000e+02 6.400000000000000133e-01 0.000000000000000000e+00 -5.662072308400732945e-01 1.185107391923487102e-01 -5.563366600772047255e-01 9.779735001129311392e-03 5.677125061615728024e-03 0.000000000000000000e+00 0.000000000000000000e+00 7.770000000000000000e+02 0.000000000000000000e+00 0.000000000000000000e+00 1.000000000000000000e+00
0.000000000000000000e+00 2.610000000000000000e+02 6.500000000000000222e-01 0.000000000000000000e+00 -5.789391439698345909e-01 1.229133102278055778e-01 -5.584524275847583263e-01 1.001646459443244867e-02 6.793718013304004405e-03 0.000000000000000000e+00 0.000000000000000000e+00 7.770000000000000000e+02 0.000000000000000000e+00 0.000000000000000000e+00 1.000000000000000000e+00
0.000000000000000000e+00 2.610000000000000000e+02 6.600000000000000311e-01 0.000000000000000000e+00 -5.918758621327065983e-01 1.252266904378005197e-01 -5.604307450079484276e-01 1.022870905535234326e-02 7.748386419250668372e-03 0.000000000000000000e+00 0.000000000000000000e+00 7.770000000000000000e+02 0.000000000000000000e+00 0.000000000000000000e+00 1.000000000000000000e+00
0.000000000000000000e+00 2.610000000000000000e+02 6.700000000000000400e-01 0.000000000000000000e+00 -6.050223390188359529e-01 1.254544234925729917e-01 -5.622774507431810287e-01 1.041897572985626789e-02 8.483137819551081482e-03 0.000000000000000000e+00 0.000000000000000000e+00 7.770000000000000000e+02 0.000000000000000000e+00 0.000000000000000000e+00 1.000000000000000000e+00
0.000000000000000000e+00 2.610000000000000000e+02 6.800000000000000488e-01 0.000000000000000000e+00 -6.183836086385641195e-01 1.235968582370059327e-01 -5.639979947753780420e-01 1.058951232974298523e-02 8.947358027732263408e-03 0.000000000000000000e+00 0.000000000000000000e+00 7.770000000000000000e+02 0.000000000000000000e+00 0.000000000000000000e+00 1.000000000000000000e+00
0.000000000000000000e+00 2.610000000000000000e+02 6.900000000000000577e-01 0.000000000000000000e+00 -6.319647872500356867e-01 1.196511492249917596e-01 -5.655974547619349035e-01 1.074233348594396190e-02 9.096471574529536863e-03 0.000000000000000000e+00 0.000000000000000000e+00 7.770000000000000000e+02 0.000000000000000000e+00 0.000000000000000000e+00 1.000000000000000000e+00
0.000000000000000000e+00 2.610000000000000000e+02 7.000000000000000666e-01 0.000000000000000000e+00 -6.457710753183004693e-01 1.136112523607357150e-01 -5.670805510178662523e-01 1.087924454832819507e-02 8.891773078768358540e-03 0.000000000000000000e+00 0.000000000000000000e+00 7.770000000000000000e+02 0.000000000000000000e+00 0.000000000000000000e+00 1.000000000000000000e+00
0.000000000000000000e+00 2.610000000000000000e+02 7.100000000000000755e-01 0.000000000000000000e+00 -6.598077595066610401e-01 1.054679156403197787e-01 -5.684516604463674128e-01 1.100186291316912132e-02 8.302161108782752513e-03 0.000000000000000000e+00 0.000000000000000000e+00 7.770000000000000000e+02 0.000000000000000000e+00 0.000000000000000000e+00 1.000000000000000000e+00
0.000000000000000000e+00 2.610000000000000000e+02 7.199999999999999734e-01 0.000000000000000000e+00 -6.740802147010261924e-01 9.520866497934553363e-02 -5.697148294558990189e-01 1.111163713022518020e-02 7.309368440229623703e-03 0.000000000000000000e+00 0.000000000000000000e+00 7.770000000000000000e+02 0.000000000000000000e+00 0.000000000000000000e+00 1.000000000000000000e+00
0.000000000000000000e+00 2.610000000000000000e+02 7.299999999999999822e-01 0.000000000000000000e+00 -6.885939060680459356e-01 8.281778510494582080e-02 -5.708737859019201721e-01 1.120986401515534740e-02 5.920304099335856746e-03 0.000000000000000000e+00 0.000000000000000000e+00 7.770000000000000000e+02 0.000000000000000000e+00 0.000000000000000000e+00 1.000000000000000000e+00
0.000000000000000000e+00 2.610000000000000000e+02 7.399999999999999911e-01 0.000000000000000000e+00 -7.033543911478176147e-01 6.827629548289607109e-02 -5.719319500885081675e-01 1.129770396942659377e-02 4.194902496574053063e-03 0.000000000000000000e+00 0.000000000000000000e+00 7.770000000000000000e+02 0.000000000000000000e+00 0.000000000000000000e+00 1.000000000000000000e+00
0.000000000000000000e+00 2.610000000000000000e+02 7.500000000000000000e-01 0.000000000000000000e+00 -7.183673219819627365e-01 5.156192124294921991e-02 -5.728924448623365917e-01 1.137619468869493534e-02 2.308664863216161947e-03 0.000000000000000000e+00 0.000000000000000000e+00 7.770000000000000000e+02 0.000000000000000000e+00 0.000000000000000000e+00 1.000000000000000000e+00
0.000000000000000000e+00 2.610000000000000000e+02 7.600000000000000089e-01 0.000000000000000000e+00 -7.336384472778901822e-01 3.264905905785812218e-02 -5.737581048287975216e-01 1.144626342160363387e-02 6.809097043534587460e-04 0.000000000000000000e+00 0.000000000000000000e+00 7.770000000000000000e+02 0.000000000000000000e+00 0.000000000000000000e+00 1.000000000000000000e+00
0.000000000000000000e+00 2.610000000000000000e+02 7.700000000000000178e-01 0.000000000000000000e+00 -7.491736146100732574e-01 1.150873792381768707e-02 -5.745314847174698425e-01 1.150873792381768707e-02 1.137623838880412008e-05 1.000000000000000000e+00 0.000000000000000000e+00 7.770000000000000000e+02 0.000000000000000000e+00 0.000000000000000000e+00 1.000000000000000000e+00
0.000000000000000000e+00 2.610000000000000000e+02 7.800000000000000266e-01 0.000000000000000000e+00 -7.590080782644896829e-01 2.994719481290823715e-02 -5.752148669216181620e-01 1.156435623669991447e-02 7.539509881869287458e-04 0.000000000000000000e+00 0.000000000000000000e+00 7.770000000000000000e+02 0.000000000000000000e+00 0.000000000000000000e+00 1.000000000000000000e+00
0.000000000000000000e+00 2.610000000000000000e+02 7.900000000000000355e-01 0.000000000000000000e+00 -7.691162984197936758e-01 4.101568621255435865e-02 -5.758102682339767409e-01 1.161377540614874464e-02 2.217278219517138452e-03 0.000000000000000000e+00 0.000000000000000000e+00 7.770000000000000000e+02 0.000000000000000000e+00 0.000000000000000000e+00 1.000000000000000000e+00
0.000000000000000000e+00 2.610000000000000000e+02 8.000000000000000444e-01 0.000000000000000000e+00 -7.795021456859777542e-01 4.473116700263186224e-02 -5.763194457986929864e-01 1.165757924459765414e-02 3.142506730127414896e-03 0.000000000000000000e+00 0.000000000000000000e+00 7.770000000000000000e+02 0.000000000000000000e+00 0.000000000000000000e+00 1.000000000000000000e+00
0.000000000000000000e+00 2.610000000000000000e+02 8.100000000000000533e-01 0.000000000000000000e+00 -7.901695969811920461e-01 4.109932861191835374e-02 -5.767439022969994555e-01 1.169628522787247160e-02 2.873030218962274035e-03 0.000000000000000000e+00 0.000000000000000000e+00 7.770000000000000000e+02 0.000000000000000000e+00 0.000000000000000000e+00 1.000000000000000000e+00
0.000000000000000000e+00 2.610000000000000000e+02 8.200000000000000622e-01 0.000000000000000000e+00 -8.011227370545757065e-01 3.011460773630855042e-02 -5.770848903819159048e-01 1.173035060838228949e-02 1.445432939699495267e-03 0.000000000000000000e+00 0.000000000000000000e+00 7.770000000000000000e+02 0.000000000000000000e+00 0.000000000000000000e+00 1.000000000000000000e+00
0.000000000000000000e+00 2.610000000000000000e+02 8.300000000000000711e-01 0.000000000000000000e+00 -8.123657600503749743e-01 1.176017781686225332e-02 -5.773434163750700288e-01 1.176017781686227587e-02 7.629732396887930253e-05 1.000000000000000000e+00 0.000000000000000000e+00 7.770000000000000000e+02 0.000000000000000000e+00 0.000000000000000000e+00 1.000000000000000000e+00
0.000000000000000000e+00 2.610000000000000000e+02 8.400000000000000799e-01 0.000000000000000000e+00 -8.215293860347430144e-01 2.829948315040502205e-02 -5.775202432365469374e-01 1.178611921648165667e-02 1.640464872151255193e-03 0.000000000000000000e+00 0.000000000000000000e+00 7.770000000000000000e+02 0.000000000000000000e+00 0.000000000000000000e+00 1.000000000000000000e+00
0.000000000000000000e+00 2.610000000000000000e+02 8.499999999999999778e-01 0.000000000000000000e+00 -8.309907089956564130e-01 3.382363814545668451e-02 -5.776158928165311401e-01 1.180848126547938241e-02 2.936867320235830164e-03 0.000000000000000000e+00 0.000000000000000000e+00 7.770000000000000000e+02 0.000000000000000000e+00 0.000000000000000000e+00 1.000000000000000000e+00
0.000000000000000000e+00 2.610000000000000000e+02 8.599999999999999867e-01 0.000000000000000000e+00 -8.407533518351321122e-01 2.834110478486338847e-02 -5.776306473953874976e-01 1.182752813750282544e-02 2.172341700818751498e-03 0.000000000000000000e+00 0.000000000000000000e+00 7.770000000000000000e+02 0.000000000000000000e+00 0.000000000000000000e+00 1.000000000000000000e+00
0.000000000000000000e+00 2.610000000000000000e+02 8.699999999999999956e-01 0.000000000000000000e+00 -8.508210528357106339e-01 1.184348484241817476e-02 -5.775645505167248395e-01 1.184348484241821119e-02 2.096147240907898258e-04 1.000000000000000000e+00 0.000000000000000000e+00 7.770000000000000000e+02 0.000000000000000000e+00 0.000000000000000000e+00 1.000000000000000000e+00
0.000000000000000000e+00 2.610000000000000000e+02 8.800000000000000044e-01 0.000000000000000000e+00 -8.592174671145481613e-01 2.837041580042568706e-02 -5.774174071159018373e-01 1.185653988446043125e-02 2.816777230107947796e-03 0.000000000000000000e+00 0.000000000000000000e+00 7.770000000000000000e+02 0.000000000000000000e+00 0.000000000000000000e+00 1.000000000000000000e+00
0.000000000000000000e+00 2.610000000000000000e+02 8.900000000000000133e-01 0.000000000000000000e+00 -8.679260097793149997e-01 3.388260555202361052e-02 -5.771887829443532736e-01 1.186684748912437623e-02 4.654821377345134265e-03 0.000000000000000000e+00 0.000000000000000000e+00 7.770000000000000000e+02 0.000000000000000000e+00 0.000000000000000000e+00 1.000000000000000000e+00
0.000000000000000000e+00 2.610000000000000000e+02 9.000000000000000222e-01 0.000000000000000000e+00 -8.769500154796067148e-01 2.838849775152006358e-02 -5.768780032880388431e-01 1.187452942510485061e-02 3.582983382988362900e-03 0.000000000000000000e+00 0.000000000000000000e+00 7.770000000000000000e+02 0.000000000000000000e+00 0.000000000000000000e+00 1.000000000000000000e+00
0.000000000000000000e+00 2.610000000000000000e+02 9.100000000000000311e-01 0.000000000000000000e+00 -8.862929396611990418e-01 1.187967644280876062e-02 -5.764841509762320682e-01 1.187967644280879531e-02 4.890493400126448564e-04 1.000000000000000000e+00 0.000000000000000000e+00 7.770000000000000000e+02 0.000000000000000000e+00 0.000000000000000000e+00 1.000000000000000000e+00
0.000000000000000000e+00 2.610000000000000000e+02 9.200000000000000400e-01 0.000000000000000000e+00 -8.938975813820621008e-01 2.839639833868898289e-02 -5.760060636747720286e-01 1.188234934643354022e-02 4.473811184037605748e-03 0.000000000000000000e+00 0.000000000000000000e+00 7.770000000000000000e+02 0.000000000000000000e+00 0.000000000000000000e+00 1.000000000000000000e+00
0.000000000000000000e+00 2.610000000000000000e+02 9.300000000000000488e-01 0.000000000000000000e+00 -9.018276310964158382e-01 3.389849981998975526e-02 -5.754423304557916286e-01 1.188257971227603925e-02 6.911304891816173052e-03 0.000000000000000000e+00 0.000000000000000000e+00 7.770000000000000000e+02 0.000000000000000000e+00 0.000000000000000000e+00 1.000000000000000000e+00
0.000000000000000000e+00 2.610000000000000000e+02 9.400000000000000577e-01 0.000000000000000000e+00 -9.100861253556207231e-01 2.839440908765660312e-02 -5.747912876337968324e-01 1.188037026175887446e-02 5.491868551416735633e-03 0.000000000000000000e+00 0.000000000000000000e+00 7.770000000000000000e+02 0.000000000000000000e+00 0.000000000000000000e+00 1.000000000000000000e+00
0.000000000000000000e+00 2.610000000000000000e+02 9.500000000000000666e-01 0.000000000000000000e+00 -9.186762264780571341e-01 1.187569489357965559e-02 -5.740510138558098108e-01 1.187569489357968681e-02 9.923816776808763382e-04 1.000000000000000000e+00 0.000000000000000000e+00 7.770000000000000000e+02 0.000000000000000000e+00 0.000000000000000000e+00 1.000000000000000000e+00
0.000000000000000000e+00 2.610000000000000000e+02 9.600000000000000755e-01 0.000000000000000000e+00 -9.257252865959665344e-01 2.653157684456738941e-02 -5.732193244310855862e-01 1.186849837536399326e-02 5.901143707440627967e-03 0.000000000000000000e+00 0.000000000000000000e+00 7.770000000000000000e+02 0.000000000000000000e+00 0.000000000000000000e+00 1.000000000000000000e+00
0.000000000000000000e+00 2.610000000000000000e+02 9.699999999999999734e-01 0.000000000000000000e+00 -9.331119420788258623e-01 2.652174058155123276e-02 -5.722937648836685653e-01 1.185869569117853177e-02 6.470803432436941088e-03 0.000000000000000000e+00 0.000000000000000000e+00 7.770000000000000000e+02 0.000000000000000000e+00 0.000000000000000000e+00 1.000000000000000000e+00
0.000000000000000000e+00 2.610000000000000000e+02 9.799999999999999822e-01 0.000000000000000000e+00 -9.408390214030708520e-01 1.184617103719707958e-02 -5.712716037087596233e-01 1.184617103719710039e-02 1.555729810513769434e-03 1.000000000000000000e+00 0.000000000000000000e+00 7.770000000000000000e+02 0.000000000000000000e+00 0.000000000000000000e+00 1.000000000000000000e+00
0.000000000000000000e+00 2.610000000000000000e+02 9.899999999999999911e-01 0.000000000000000000e+00 -9.475225110850412635e-01 2.281550704486648776e-02 -5.701498243115193931e-01 1.183077645365427678e-02 6.013614274647933328e-03 0.000000000000000000e+00 0.000000000000000000e+00 7.770000000000000000e+02 0.000000000000000000e+00 0.000000000000000000e+00 1.000000000000000000e+00
0.000000000000000000e+00 2.610000000000000000e+02 1.000000000000000000e+00 0.000000000000000000e+00 -9.545519426611831504e-01 1.181233007692544454e-02 -5.689251161045139060e-01 1.181233007692545321e-02 2.026109436323442550e-03 1.000000000000000000e+00 0.000000000000000000e+00 7.770000000000000000e+02 0.000000000000000000e+00 0.000000000000000000e+00 1.000000000000000000e+00
0.000000000000000000e+00 2.610000000000000000e+02 1.010000000000000009e+00 0.000000000000000000e+00 -9.607887123314237110e-01 2.277524138755486482e-02 -5.675938647375332602e-01 1.179061399108434147e-02 7.137348899287101339e-03 0.000000000000000000e+00 0.000000000000000000e+00 7.770000000000000000e+02 0.000000000000000000e+00 0.000000000000000000e+00 1.000000000000000000e+00
0.000000000000000000e+00 2.610000000000000000e+02 1.020000000000000018e+00 0.000000000000000000e+00 -9.673765037506772968e-01 1.176537165355723800e-02 -5.661521414309460543e-01 1.176537165355723800e-02 2.568506336932802753e-03 1.000000000000000000e+00 0.000000000000000000e+00 7.770000000000000000e+02 0.000000000000000000e+00 0.000000000000000000e+00 1.000000000000000000e+00
0.000000000000000000e+00 2.610000000000000000e+02 1.030000000000000027e+00 0.000000000000000000e+00 -9.734438296685272718e-01 1.173630486446213331e-02 -5.645956913811133182e-01 1.173630486446213331e-02 2.863746253916540918e-03 1.000000000000000000e+00 0.000000000000000000e+00 7.770000000000000000e+02 0.000000000000000000e+00 0.000000000000000000e+00 1.000000000000000000e+00
0.000000000000000000e+00 2.610000000000000000e+02 1.040000000000000036e+00 0.000000000000000000e+00 -9.792742425425822184e-01 1.170307024382998169e-02 -5.629199212036413158e-01 1.170307024382998169e-02 3.172563076322448133e-03 1.000000000000000000e+00 0.000000000000000000e+00 7.770000000000000000e+02 0.000000000000000000e+00 0.000000000000000000e+00 1.000000000000000000e+00
0.000000000000000000e+00 2.610000000000000000e+02 1.050000000000000044e+00 0.000000000000000000e+00 -9.848621124696863571e-01 1.166527517509187255e-02 -5.611198853774188589e-01 1.166527517509187255e-02 3.492547448096934917e-03 1.000000000000000000e+00 0.000000000000000000e+00 7.770000000000000000e+02 0.000000000000000000e+00 0.000000000000000000e+00 1.000000000000000000e+00
0.000000000000000000e+00 2.610000000000000000e+02 1.060000000000000053e+00 0.000000000000000000e+00 -9.902014543756511022e-01 1.162247316691053349e-02 -5.591902716494295822e-01 1.162247316691053522e-02 3.820825489756459262e-03 1.000000000000000000e+00 0.000000000000000000e+00 7.770000000000000000e+02 0.000000000000000000e+00 0.000000000000000000e+00 1.000000000000000000e+00
0.000000000000000000e+00 2.610000000000000000e+02 1.070000000000000062e+00 0.000000000000000000e+00 -9.952859124050631445e-01 1.157415857856328167e-02 -5.571253853572689652e-01 1.157415857856328167e-02 4.154061953073001287e-03 1.000000000000000000e+00 0.000000000000000000e+00 7.770000000000000000e+02 0.000000000000000000e+00 0.000000000000000000e+00 1.000000000000000000e+00
0.000000000000000000e+00 2.610000000000000000e+02 1.080000000000000071e+00 0.000000000000000000e+00 -1.000108743181344240e+00 1.151976064656480905e-02 -5.549191326230962229e-01 1.151976064656480905e-02 4.488471957596827308e-03 1.000000000000000000e+00 0.000000000000000000e+00 7.770000000000000000e+02 0.000000000000000000e+00 0.000000000000000000e+00 1.000000000000000000e+00
0.000000000000000000e+00 2.610000000000000000e+02 1.090000000000000080e+00 0.000000000000000000e+00 -1.004662797887503123e+00 1.145863674196339645e-02 -5.525650023694256285e-01 1.145863674196339645e-02 4.819841688929375409e-03 1.000000000000000000e+00 0.000000000000000000e+00 7.770000000000000000e+02 0.000000000000000000e+00 0.000000000000000000e+00 1.000000000000000000e+00
0.000000000000000000e+00 2.610000000000000000e+02 1.100000000000000089e+00 0.000000000000000000e+00 -1.008940503114450937e+00 1.139006477865587251e-02 -5.500560471036802790e-01 1.139006477865587251e-02 5.143558389336218978e-03 1.000000000000000000e+00 0.000000000000000000e+00 7.770000000000000000e+02 0.000000000000000000e+00 0.000000000000000000e+00 1.000000000000000000e+00
0.000000000000000000e+00 2.610000000000000000e+02 1.110000000000000098e+00 0.000000000000000000e+00 -1.012933840420208398e+00 1.131323468303690322e-02 -5.473848624148014430e-01 1.131323468303690322e-02 5.454649955131000982e-03 1.000000000000000000e+00 0.000000000000000000e+00 7.770000000000000000e+02 0.000000000000000000e+00 0.000000000000000000e+00 1.000000000000000000e+00
0.000000000000000000e+00 2.610000000000000000e+02 1.120000000000000107e+00 0.000000000000000000e+00 -1.016634324539468226e+00 1.122723882420963853e-02 -5.445435651214024508e-01 1.122723882420963853e-02 5.747834479169228877e-03 1.000000000000000000e+00 0.000000000000000000e+00 7.770000000000000000e+02 0.000000000000000000e+00 0.000000000000000000e+00 1.000000000000000000e+00
0.000000000000000000e+00 2.610000000000000000e+02 1.130000000000000115e+00 0.000000000000000000e+00 -1.020032980178995796e+00 1.113106129170507615e-02 -5.415237700069798210e-01 1.113106129170507615e-02 6.017580147521819217e-03 1.000000000000000000e+00 0.000000000000000000e+00 7.770000000000000000e+02 0.000000000000000000e+00 0.000000000000000000e+00 1.000000000000000000e+00
0.000000000000000000e+00 2.610000000000000000e+02 1.140000000000000124e+00 0.000000000000000000e+00 -1.023120317330264539e+00 1.102356589404277463e-02 -5.383165650735214358e-01 1.102356589404277810e-02 6.258176023708584418e-03 1.000000000000000000e+00 0.000000000000000000e+00 7.770000000000000000e+02 0.000000000000000000e+00 0.000000000000000000e+00 1.000000000000000000e+00
0.000000000000000000e+00 2.610000000000000000e+02 1.150000000000000133e+00 0.000000000000000000e+00 -1.025886305026221690e+00 1.090348273635403584e-02 -5.349124852404809616e-01 1.090348273635403584e-02 6.463814438757171238e-03 1.000000000000000000e+00 0.000000000000000000e+00 7.770000000000000000e+02 0.000000000000000000e+00 0.000000000000000000e+00 1.000000000000000000e+00
0.000000000000000000e+00 2.610000000000000000e+02 1.160000000000000142e+00 0.000000000000000000e+00 -1.028320343464598219e+00 1.076939321850264863e-02 -5.313014844114989366e-01 1.076939321850264863e-02 6.628685958413586821e-03 1.000000000000000000e+00 0.000000000000000000e+00 7.770000000000000000e+02 0.000000000000000000e+00 0.000000000000000000e+00 1.000000000000000000e+00
0.000000000000000000e+00 2.610000000000000000e+02 1.169999999999999929e+00 0.000000000000000000e+00 -1.030411234415314459e+00 1.061971327647871777e-02 -5.274729058264343573e-01 1.061971327647871777e-02 6.747088228314272046e-03 1.000000000000000000e+00 0.000000000000000000e+00 7.770000000000000000e+02 0.000000000000000000e+00 0.000000000000000000e+00 1.000000000000000000e+00
0.000000000000000000e+00 2.610000000000000000e+02 1.179999999999999938e+00 0.000000000000000000e+00 -1.032147149824457433e+00 1.045267466908815154e-02 -5.234154506112090877e-01 1.045267466908815154e-02 6.813550412798994454e-03 1.000000000000000000e+00 0.000000000000000000e+00 7.770000000000000000e+02 0.000000000000000000e+00 0.000000000000000000e+00 1.000000000000000000e+00
0.000000000000000000e+00 2.610000000000000000e+02 1.189999999999999947e+00 0.000000000000000000e+00 -1.033515598522070533e+00 1.026630408886837487e-02 -5.191171444326508899e-01 1.026630408886837487e-02 6.822975452300945182e-03 1.000000000000000000e+00 0.000000000000000000e+00 7.770000000000000000e+02 0.000000000000000000e+00 0.000000000000000000e+00 1.000000000000000000e+00
0.000000000000000000e+00 2.610000000000000000e+02 1.199999999999999956e+00 0.000000000000000000e+00 -1.034503390935232803e+00 1.005839985045755246e-02 -5.145653021599254640e-01 1.005839985045755246e-02 6.770802975123883793e-03 1.000000000000000000e+00 0.000000000000000000e+00 7.770000000000000000e+02 0.000000000000000000e+00 0.000000000000000000e+00 1.000000000000000000e+00
0.000000000000000000e+00 2.610000000000000000e+02 1.209999999999999964e+00 0.000000000000000000e+00 -1.035096601702268249e+00 9.826505881025791520e-03 -5.097464904282684728e-01 9.826505881025791520e-03 6.653196413477006216e-03 1.000000000000000000e+00 0.000000000000000000e+00 7.770000000000000000e+02 0.000000000000000000e+00 0.000000000000000000e+00 1.000000000000000000e+00
0.000000000000000000e+00 2.610000000000000000e+02 1.219999999999999973e+00 0.000000000000000000e+00 -1.035280530077460126e+00 9.567882705504690902e-03 -5.046464879945338211e-01 9.567882705504690902e-03 6.467258678027481417e-03 1.000000000000000000e+00 0.000000000000000000e+00 7.770000000000000000e+02 0.000000000000000000e+00 0.000000000000000000e+00 1.000000000000000000e+00
0.000000000000000000e+00 2.610000000000000000e+02 1.229999999999999982e+00 0.000000000000000000e+00 -1.035039658009404784e+00 9.279475083849908490e-03 -4.992502437675617188e-01 9.279475083849908490e-03 6.211281595992663995e-03 1.000000000000000000e+00 0.000000000000000000e+00 7.770000000000000000e+02 0.000000000000000000e+00 0.000000000000000000e+00 1.000000000000000000e+00
0.000000000000000000e+00 2.610000000000000000e+02 1.239999999999999991e+00 0.000000000000000000e+00 -1.034357605769004040e+00 8.957875918020073713e-03 -4.935418323895045534e-01 8.957875918020073713e-03 5.885035105707869807e-03 1.000000000000000000e+00 0.000000000000000000e+00 7.770000000000000000e+02 0.000000000000000000e+00 0.000000000000000000e+00 1.000000000000000000e+00
0.000000000000000000e+00 2.610000000000000000e+02 1.250000000000000000e+00 0.000000000000000000e+00 -1.033217084996117530e+00 8.599286002287816894e-03 -4.875044072370232073e-01 8.599286002287816894e-03 5.490102685543851030e-03 1.000000000000000000e+00 0.000000000000000000e+00 7.770000000000000000e+02 0.000000000000000000e+00 0.000000000000000000e+00 1.000000000000000000e+00
0.000000000000000000e+00 2.610000000000000000e+02 1.260000000000000009e+00 0.000000000000000000e+00 -1.031599849026085147e+00 8.199469141394017183e-03 -4.811201507036516056e-01 8.199469141394017183e-03 5.030269175795156616e-03 1.000000000000000000e+00 0.000000000000000000e+00 7.770000000000000000e+02 0.000000000000000000e+00 0.000000000000000000e+00 1.000000000000000000e+00
0.000000000000000000e+00 2.610000000000000000e+02 1.270000000000000018e+00 0.000000000000000000e+00 -1.029486640349453586e+00 7.753702106334371333e-03 -4.743702216166020280e-01 7.753702106334371333e-03 4.511965011404429210e-03 1.000000000000000000e+00 0.000000000000000000e+00 7.770000000000000000e+02 0.000000000000000000e+00 0.000000000000000000e+00 1.000000000000000000e+00
0.000000000000000000e+00 2.610000000000000000e+02 1.280000000000000027e+00 0.000000000000000000e+00 -1.026857135049657588e+00 7.256718836581953561e-03 -4.672346996328292645e-01 7.256718836581953561e-03 3.944764881798458814e-03 1.000000000000000000e+00 0.000000000000000000e+00 7.770000000000000000e+02 0.000000000000000000e+00 0.000000000000000000e+00 1.000000000000000000e+00
0.000000000000000000e+00 2.610000000000000000e+02 1.290000000000000036e+00 0.000000000000000000e+00 -1.023689884054615584e+00 6.702648229579710563e-03 -4.596925264502547126e-01 6.702648229579710563e-03 3.341924906192771452e-03 1.000000000000000000e+00 0.000000000000000000e+00 7.770000000000000000e+02 0.000000000000000000e+00 0.000000000000000000e+00 1.000000000000000000e+00
0.000000000000000000e+00 2.610000000000000000e+02 1.300000000000000044e+00 0.000000000000000000e+00 -1.019962251028689204e+00 6.084944782580281944e-03 -4.517214436606541983e-01 6.084944782580281944e-03 2.720912475869958699e-03 1.000000000000000000e+00 1.000000000000000000e+00 7.770000000000000000e+02 0.000000000000000000e+00 0.000000000000000000e+00 1.000000000000000000e+00
0.000000000000000000e+00 2.610000000000000000e+02 1.310000000000000053e+00 0.000000000000000000e+00 -1.022549480808838895e+00 5.699276510778780030e-03 -4.501970611480237139e-01 5.699276510778780030e-03 2.652209673285841132e-03 1.000000000000000000e+00 0.000000000000000000e+00 7.770000000000000000e+02 0.000000000000000000e+00 0.000000000000000000e+00 1.000000000000000000e+00
0.000000000000000000e+00 2.610000000000000000e+02 1.320000000000000062e+00 0.000000000000000000e+00 -1.024547588430788192e+00 5.212495222528730834e-03 -4.482157460782361658e-01 5.212495222528730834e-03 2.484711616819184829e-03 1.000000000000000000e+00 0.000000000000000000e+00 7.770000000000000000e+02 0.000000000000000000e+00 0.000000000000000000e+00 1.000000000000000000e+00
0.000000000000000000e+00 2.610000000000000000e+02 1.330000000000000071e+00 0.000000000000000000e+00 -1.025950387473442804e+00 4.618850336190647235e-03 -4.457716512082520732e-01 4.618850336190647235e-03 2.219475071859638299e-03 1.000000000000000000e+00 1.000000000000000000e+00 7.770000000000000000e+02 0.000000000000000000e+00 0.000000000000000000e+00 1.000000000000000000e+00
0.000000000000000000e+00 2.610000000000000000e+02 1.340000000000000080e+00 0.000000000000000000e+00 -1.023508122693902012e+00 4.259605443185173097e-03 -4.396153474872053213e-01 4.259605443185173097e-03 1.895666896819372081e-03 1.000000000000000000e+00 0.000000000000000000e+00 7.770000000000000000e+02 0.000000000000000000e+00 0.000000000000000000e+00 1.000000000000000000e+00
0.000000000000000000e+00 2.610000000000000000e+02 1.350000000000000089e+00 0.000000000000000000e+00 -1.020444528534057982e+00 3.745250257025940343e-03 -4.329708825303869579e-01 3.745250257025940343e-03 1.500794608775694525e-03 1.000000000000000000e+00 0.000000000000000000e+00 7.770000000000000000e+02 0.000000000000000000e+00 0.000000000000000000e+00 1.000000000000000000e+00
0.000000000000000000e+00 2.610000000000000000e+02 1.360000000000000098e+00 0.000000000000000000e+00 -1.016739695772404417e+00 3.069708452346510061e-03 -4.258186472397479383e-01 3.069708452346510061e-03 1.071980106956153291e-03 1.000000000000000000e+00 1.000000000000000000e+00 7.770000000000000000e+02 0.000000000000000000e+00 0.000000000000000000e+00 1.000000000000000000e+00
0.000000000000000000e+00 2.610000000000000000e+02 1.370000000000000107e+00 0.000000000000000000e+00 -1.038181922368353494e+00 2.901160511119480357e-03 -4.439472266181805349e-01 2.901160511119480357e-03 1.855644156040787106e-03 1.000000000000000000e+00 1.000000000000000000e+00 7.770000000000000000e+02 0.000000000000000000e+00 0.000000000000000000e+00 1.000000000000000000e+00
0.000000000000000000e+00 2.610000000000000000e+02 1.380000000000000115e+00 0.000000000000000000e+00 -1.048519291350887839e+00 3.093401674985749548e-03 -4.511049776294830949e-01 3.093401674985749548e-03 2.591773403234673423e-03 1.000000000000000000e+00 1.000000000000000000e+00 7.770000000000000000e+02 0.000000000000000000e+00 0.000000000000000000e+00 1.000000000000000000e+00
0.000000000000000000e+00 2.610000000000000000e+02 1.390000000000000124e+00 0.000000000000000000e+00 -1.059260639721456565e+00 3.174566500402563329e-03 -4.588009980738643190e-01 3.174566500402563329e-03 3.474442242038435630e-03 1.000000000000000000e+00 1.000000000000000000e+00 7.770000000000000000e+02 0.000000000000000000e+00 0.000000000000000000e+00 1.000000000000000000e+00
0.000000000000000000e+00 2.610000000000000000e+02 1.400000000000000133e+00 0.000000000000000000e+00 -1.057888347285684594e+00 3.736018333986079916e-03 -4.545179153935586802e-01 3.736018333986079916e-03 3.851927055128597649e-03 1.000000000000000000e+00 0.000000000000000000e+00 7.770000000000000000e+02 0.000000000000000000e+00 0.000000000000000000e+00 1.000000000000000000e+00
0.000000000000000000e+00 2.610000000000000000e+02 1.410000000000000142e+00 0.000000000000000000e+00 -1.055937101835921821e+00 4.118251848866458752e-03 -4.497906518306261647e-01 4.118251848866458752e-03 4.012489965371858133e-03 1.000000000000000000e+00 0.000000000000000000e+00 7.770000000000000000e+02 0.000000000000000000e+00 0.000000000000000000e+00 1.000000000000000000e+00
0.000000000000000000e+00 2.610000000000000000e+02 1.419999999999999929e+00 0.000000000000000000e+00 -1.053392731065970533e+00 4.325782553518909765e-03 -4.446052563182296691e-01 4.325782553518910632e-03 3.961223315179248847e-03 1.000000000000000000e+00 1.000000000000000000e+00 7.770000000000000000e+02 0.000000000000000000e+00 0.000000000000000000e+00 1.000000000000000000e+00
0.000000000000000000e+00 2.610000000000000000e+02 1.429999999999999938e+00 0.000000000000000000e+00 -1.051164518260903735e+00 4.471334077241842682e-03 -4.398712201483235829e-01 4.471334077241842682e-03 3.885955416837238302e-03 1.000000000000000000e+00 0.000000000000000000e+00 7.770000000000000000e+02 0.000000000000000000e+00 0.000000000000000000e+00 1.000000000000000000e+00
0.000000000000000000e+00 2.610000000000000000e+02 1.439999999999999947e+00 0.000000000000000000e+00 -1.048313503218442300e+00 4.450724866324080702e-03 -4.346497778722360761e-01 4.450724866324080702e-03 3.624874612157130693e-03 1.000000000000000000e+00 1.000000000000000000e+00 7.770000000000000000e+02 0.000000000000000000e+00 0.000000000000000000e+00 1.000000000000000000e+00
0.000000000000000000e+00 2.610000000000000000e+02 1.449999999999999956e+00 0.000000000000000000e+00 -1.044094883369435012e+00 4.617569065959474181e-03 -4.281963084016831567e-01 4.617569065959474181e-03 3.414272322680218796e-03 1.000000000000000000e+00 0.000000000000000000e+00 7.770000000000000000e+02 0.000000000000000000e+00 0.000000000000000000e+00 1.000000000000000000e+00
0.000000000000000000e+00 2.610000000000000000e+02 1.459999999999999964e+00 0.000000000000000000e+00 -1.039218656695129139e+00 4.625619160496745319e-03 -4.212209779078649463e-01 4.625619160496745319e-03 3.054777082599824389e-03 1.000000000000000000e+00 0.000000000000000000e+00 7.770000000000000000e+02 0.000000000000000000e+00 0.000000000000000000e+00 1.000000000000000000e+00
0.000000000000000000e+00 2.610000000000000000e+02 1.469999999999999973e+00 0.000000000000000000e+00 -1.033664082767191017e+00 4.474970249577062999e-03 -4.137032008446965836e-01 4.474970249577062999e-03 2.581853407258985489e-03 1.000000000000000000e+00 1.000000000000000000e+00 7.770000000000000000e+02 0.000000000000000000e+00 0.000000000000000000e+00 1.000000000000000000e+00
0.000000000000000000e+00 2.610000000000000000e+02 1.479999999999999982e+00 0.000000000000000000e+00 -1.041189037036377663e+00 4.552651974560872547e-03 -4.194009942219770748e-01 4.552651974560873414e-03 3.145212849708766550e-03 1.000000000000000000e+00 0.000000000000000000e+00 7.770000000000000000e+02 0.000000000000000000e+00 0.000000000000000000e+00 1.000000000000000000e+00
0.000000000000000000e+00 2.610000000000000000e+02 1.489999999999999991e+00 0.000000000000000000e+00 -1.048030003148221256e+00 4.467667048584628327e-03 -4.245509699069085485e-01 4.467667048584628327e-03 3.614897096481077196e-03 1.000000000000000000e+00 1.000000000000000000e+00 7.770000000000000000e+02 0.000000000000000000e+00 0.000000000000000000e+00 1.000000000000000000e+00
0.000000000000000000e+00 2.610000000000000000e+02 1.500000000000000000e+00 0.000000000000000000e+00 -1.052970599308521882e+00 4.484585166813236969e-03 -4.279368609767940645e-01 4.484585166813237836e-03 4.059245819985790593e-03 1.000000000000000000e+00 0.000000000000000000e+00 7.770000000000000000e+02 0.000000000000000000e+00 0.000000000000000000e+00 1.000000000000000000e+00
0.000000000000000000e+00 2.610000000000000000e+02 1.510000000000000009e+00 0.000000000000000000e+00 -1.057252181919834610e+00 4.336037516524815158e-03 -4.308001253440065792e-01 4.336037516524816025e-03 4.331475112715251624e-03 1.000000000000000000e+00 1.000000000000000000e+00 7.770000000000000000e+02 0.000000000000000000e+00 0.000000000000000000e+00 1.000000000000000000e+00
0.000000000000000000e+00 2.610000000000000000e+02 1.520000000000000018e+00 0.000000000000000000e+00 -1.064162306269209379e+00 4.288328405653840485e-03 -4.364284064335973157e-01 4.288328405653841352e-03 4.999647199585146445e-03 1.000000000000000000e+00 0.000000000000000000e+00 7.770000000000000000e+02 0.000000000000000000e+00 0.000000000000000000e+00 1.000000000000000000e+00
0.000000000000000000e+00 2.610000000000000000e+02 1.530000000000000027e+00 0.000000000000000000e+00 -1.070438314363198140e+00 4.066812399238990336e-03 -4.415591210094891306e-01 4.066812399238991203e-03 5.490289083341365686e-03 1.000000000000000000e+00 0.000000000000000000e+00 7.770000000000000000e+02 0.000000000000000000e+00 0.000000000000000000e+00 1.000000000000000000e+00
0.000000000000000000e+00 2.610000000000000000e+02 1.540000000000000036e+00 0.000000000000000000e+00 -1.076095286561160824e+00 3.668872622083763080e-03 -4.462074108002990203e-01 3.668872622083763947e-03 5.747399799271994333e-03 1.000000000000000000e+00 1.000000000000000000e+00 7.770000000000000000e+02 0.000000000000000000e+00 0.000000000000000000e+00 1.000000000000000000e+00
0.000000000000000000e+00 2.610000000000000000e+02 1.550000000000000044e+00 0.000000000000000000e+00 -1.072105922827573998e+00 4.140167293781304991e-03 -4.413460237455040791e-01 4.140167293781306726e-03 5.772830219175904484e-03 1.000000000000000000e+00 0.000000000000000000e+00 7.770000000000000000e+02 0.000000000000000000e+00 0.000000000000000000e+00 1.000000000000000000e+00
0.000000000000000000e+00 2.610000000000000000e+02 1.560000000000000053e+00 0.000000000000000000e+00 -1.067496811755856978e+00 4.445634603624968109e-03 -4.360015830144867710e-01 4.445634603624968977e-03 5.539381606792294702e-03 1.000000000000000000e+00 0.000000000000000000e+00 7.770000000000000000e+02 0.000000000000000000e+00 0.000000000000000000e+00 1.000000000000000000e+00
0.000000000000000000e+00 2.610000000000000000e+02 1.570000000000000062e+00 0.000000000000000000e+00 -1.062252159696813303e+00 4.588883183963303990e-03 -4.301583161315108983e-01 4.588883183963306592e-03 5.085918419175043670e-03 1.000000000000000000e+00 1.000000000000000000e+00 7.770000000000000000e+02 0.000000000000000000e+00 0.000000000000000000e+00 1.000000000000000000e+00
0.000000000000000000e+00 2.610000000000000000e+02 1.580000000000000071e+00 0.000000000000000000e+00 -1.061386081839968965e+00 5.001205959355572300e-03 -4.288303460549365842e-01 5.001205959355573168e-03 5.391825982242333740e-03 1.000000000000000000e+00 0.000000000000000000e+00 7.770000000000000000e+02 0.000000000000000000e+00 0.000000000000000000e+00 1.000000000000000000e+00
0.000000000000000000e+00 2.610000000000000000e+02 1.590000000000000080e+00 0.000000000000000000e+00 -1.059863297159660434e+00 5.282500872279158495e-03 -4.269823861225409134e-01 5.282500872279159362e-03 5.492240796228941083e-03 1.000000000000000000e+00 0.000000000000000000e+00 7.770000000000000000e+02 0.000000000000000000e+00 0.000000000000000000e+00 1.000000000000000000e+00
0.000000000000000000e+00 2.610000000000000000e+02 1.600000000000000089e+00 0.000000000000000000e+00 -1.057678371010985829e+00 5.436090994923941169e-03 -4.246089826480239360e-01 5.436090994923941169e-03 5.393500129416006414e-03 1.000000000000000000e+00 0.000000000000000000e+00 7.770000000000000000e+02 0.000000000000000000e+00 0.000000000000000000e+00 1.000000000000000000e+00
0.000000000000000000e+00 2.610000000000000000e+02 1.610000000000000098e+00 0.000000000000000000e+00 -1.054824331466704512e+00 5.463790761329621361e-03 -4.217031312598156223e-01 5.463790761329622228e-03 5.109504180377462054e-03 1.000000000000000000e+00 0.000000000000000000e+00 7.770000000000000000e+02 0.000000000000000000e+00 0.000000000000000000e+00 1.000000000000000000e+00
0.000000000000000000e+00 2.610000000000000000e+02 1.620000000000000107e+00 0.000000000000000000e+00 -1.051292648642735861e+00 5.365927402168274747e-03 -4.182562562298238751e-01 5.365927402168274747e-03 4.661162016368519331e-03 1.000000000000000000e+00 0.000000000000000000e+00 7.770000000000000000e+02 0.000000000000000000e+00 0.000000000000000000e+00 1.000000000000000000e+00
0.000000000000000000e+00 2.610000000000000000e+02 1.630000000000000115e+00 0.000000000000000000e+00 -1.047073209384948855e+00 5.141344810477791599e-03 -4.142581851648062807e-01 5.141344810477791599e-03 4.076463096145996334e-03 1.000000000000000000e+00 0.000000000000000000e+00 7.770000000000000000e+02 0.000000000000000000e+00 0.000000000000000000e+00 1.000000000000000000e+00
0.000000000000000000e+00 2.610000000000000000e+02 1.640000000000000124e+00 0.000000000000000000e+00 -1.042154287242555100e+00 4.787389884013904147e-03 -4.096971189856752349e-01 4.787389884013904147e-03 3.390956741436074520e-03 1.000000000000000000e+00 1.000000000000000000e+00 7.770000000000000000e+02 0.000000000000000000e+00 0.000000000000000000e+00 1.000000000000000000e+00
0.000000000000000000e+00 2.610000000000000000e+02 1.650000000000000133e+00 0.000000000000000000e+00 -1.035635000390763727e+00 4.678518908180382026e-03 -4.036720898574314154e-01 4.678518908180382026e-03 2.843187380280149876e-03 1.000000000000000000e+00 0.000000000000000000e+00 7.770000000000000000e+02 0.000000000000000000e+00 0.000000000000000000e+00 1.000000000000000000e+00
0.000000000000000000e+00 2.610000000000000000e+02 1.660000000000000142e+00 0.000000000000000000e+00 -1.028385174438398275e+00 4.416487741905835568e-03 -3.970528240053751157e-01 4.416487741905835568e-03 2.235723182990454611e-03 1.000000000000000000e+00 1.000000000000000000e+00 7.770000000000000000e+02 0.000000000000000000e+00 0.000000000000000000e+00 1.000000000000000000e+00
0.000000000000000000e+00 2.610000000000000000e+02 1.670000000000000151e+00 0.000000000000000000e+00 -1.037444071419419300e+00 4.487184481239968846e-03 -4.068784707165665759e-01 4.487184481239968846e-03 2.835249259017239704e-03 1.000000000000000000e+00 0.000000000000000000e+00 7.770000000000000000e+02 0.000000000000000000e+00 0.000000000000000000e+00 1.000000000000000000e+00
0.000000000000000000e+00 2.610000000000000000e+02 1.679999999999999938e+00 0.000000000000000000e+00 -1.045782130794314924e+00 4.392077310301736003e-03 -4.161193433524896790e-01 4.392077310301736003e-03 3.374040058733627362e-03 1.000000000000000000e+00 1.000000000000000000e+00 7.770000000000000000e+02 0.000000000000000000e+00 0.000000000000000000e+00 1.000000000000000000e+00
0.000000000000000000e+00 2.610000000000000000e+02 1.689999999999999947e+00 0.000000000000000000e+00 -1.052402681586276589e+00 4.440011945089365059e-03 -4.237786314978376767e-01 4.440011945089365059e-03 3.969701633643109295e-03 1.000000000000000000e+00 0.000000000000000000e+00 7.770000000000000000e+02 0.000000000000000000e+00 0.000000000000000000e+00 1.000000000000000000e+00
0.000000000000000000e+00 2.610000000000000000e+02 1.699999999999999956e+00 0.000000000000000000e+00 -1.058352562609781389e+00 4.319950171588675912e-03 -4.309030212030448559e-01 4.319950171588675912e-03 4.424623175795764154e-03 1.000000000000000000e+00 1.000000000000000000e+00 7.770000000000000000e+02 0.000000000000000000e+00 0.000000000000000000e+00 1.000000000000000000e+00
0.000000000000000000e+00 2.610000000000000000e+02 1.709999999999999964e+00 0.000000000000000000e+00 -1.061557480384813568e+00 4.362880313483583246e-03 -4.354180529137764433e-01 4.362880313483583246e-03 4.792364863733609287e-03 1.000000000000000000e+00 0.000000000000000000e+00 7.770000000000000000e+02 0.000000000000000000e+00 0.000000000000000000e+00 1.000000000000000000e+00
0.000000000000000000e+00 2.610000000000000000e+02 1.719999999999999973e+00 0.000000000000000000e+00 -1.064126424011962557e+00 4.233987263841949844e-03 -4.394325363626379044e-01 4.233987263841950711e-03 4.941891017036363978e-03 1.000000000000000000e+00 1.000000000000000000e+00 7.770000000000000000e+02 0.000000000000000000e+00 0.000000000000000000e+00 1.000000000000000000e+00
0.000000000000000000e+00 2.610000000000000000e+02 1.729999999999999982e+00 0.000000000000000000e+00 -1.062524382366918152e+00 4.460097559122410370e-03 -4.394112677816022772e-01 4.460097559122410370e-03 4.989955344979332338e-03 1.000000000000000000e+00 0.000000000000000000e+00 7.770000000000000000e+02 0.000000000000000000e+00 0.000000000000000000e+00 1.000000000000000000e+00
0.000000000000000000e+00 2.610000000000000000e+02 1.739999999999999991e+00 0.000000000000000000e+00 -1.060298549865392959e+00 4.521367173374463318e-03 -4.389012356862093123e-01 4.521367173374465052e-03 4.811230695444701499e-03 1.000000000000000000e+00 0.000000000000000000e+00 7.770000000000000000e+02 0.000000000000000000e+00 0.000000000000000000e+00 1.000000000000000000e+00
0.000000000000000000e+00 2.610000000000000000e+02 1.750000000000000000e+00 0.000000000000000000e+00 -1.057447640440327019e+00 4.418519914039526451e-03 -4.379009348733415852e-01 4.418519914039528186e-03 4.425515526409162445e-03 1.000000000000000000e+00 1.000000000000000000e+00 7.770000000000000000e+02 0.000000000000000000e+00 0.000000000000000000e+00 1.000000000000000000e+00
0.000000000000000000e+00 2.610000000000000000e+02 1.760000000000000009e+00 0.000000000000000000e+00 -1.056646654994555901e+00 5.032812232439187045e-03 -4.390851338958163819e-01 5.032812232439188779e-03 4.906812515529877447e-03 1.000000000000000000e+00 0.000000000000000000e+00 7.770000000000000000e+02 0.000000000000000000e+00 0.000000000000000000e+00 1.000000000000000000e+00
0.000000000000000000e+00 2.610000000000000000e+02 1.770000000000000018e+00 0.000000000000000000e+00 -1.055221613235098665e+00 5.536298415629498093e-03 -4.397796069199137459e-01 5.536298415629500695e-03 5.218169210216273141e-03 1.000000000000000000e+00 0.000000000000000000e+00 7.770000000000000000e+02 0.000000000000000000e+00 0.000000000000000000e+00 1.000000000000000000e+00
0.000000000000000000e+00 2.610000000000000000e+02 1.780000000000000027e+00 0.000000000000000000e+00 -1.053174823392757586e+00 5.934926388213715605e-03 -4.399864034695170623e-01 5.934926388213719074e-03 5.360018904464382977e-03 1.000000000000000000e+00 0.000000000000000000e+00 7.770000000000000000e+02 0.000000000000000000e+00 0.000000000000000000e+00 1.000000000000000000e+00
0.000000000000000000e+00 2.610000000000000000e+02 1.790000000000000036e+00 0.000000000000000000e+00 -1.050507167611274495e+00 6.233405334286344288e-03 -4.397061338411428766e-01 6.233405334286348624e-03 5.339691010036368146e-03 1.000000000000000000e+00 0.000000000000000000e+00 7.770000000000000000e+02 0.000000000000000000e+00 0.000000000000000000e+00 1.000000000000000000e+00
0.000000000000000000e+00 2.610000000000000000e+02 1.800000000000000044e+00 0.000000000000000000e+00 -1.047218103721235805e+00 6.435261329291301971e-03 -4.389379709050435507e-01 6.435261329291307175e-03 5.169729130808153883e-03 1.000000000000000000e+00 1.000000000000000000e+00 7.770000000000000000e+02 0.000000000000000000e+00 0.000000000000000000e+00 1.000000000000000000e+00
0.000000000000000000e+00 2.610000000000000000e+02 1.810000000000000053e+00 0.000000000000000000e+00 -1.046259226139653942e+00 6.798937578191943665e-03 -4.406332110332639718e-01 6.798937578191949736e-03 5.379455845931583463e-03 1.000000000000000000e+00 0.000000000000000000e+00 7.770000000000000000e+02 0.000000000000000000e+00 0.000000000000000000e+00 1.000000000000000000e+00
0.000000000000000000e+00 2.610000000000000000e+02 1.820000000000000062e+00 0.000000000000000000e+00 -1.044682285577927416e+00 7.083546122883939596e-03 -4.418432938374204366e-01 7.083546122883944800e-03 5.454227307965285945e-03 1.000000000000000000e+00 0.000000000000000000e+00 7.770000000000000000e+02 0.000000000000000000e+00 0.000000000000000000e+00 1.000000000000000000e+00
0.000000000000000000e+00 2.610000000000000000e+02 1.830000000000000071e+00 0.000000000000000000e+00 -1.042491177347373954e+00 7.292449181084049124e-03 -4.425717905053375700e-01 7.292449181084053461e-03 5.399293543987427474e-03 1.000000000000000000e+00 0.000000000000000000e+00 7.770000000000000000e+02 0.000000000000000000e+00 0.000000000000000000e+00 1.000000000000000000e+00
0.000000000000000000e+00 2.610000000000000000e+02 1.840000000000000080e+00 0.000000000000000000e+00 -1.039688388497001181e+00 7.428114625161075235e-03 -4.428208509712360796e-01 7.428114625161080439e-03 5.223701572129247489e-03 1.000000000000000000e+00 0.000000000000000000e+00 7.770000000000000000e+02 0.000000000000000000e+00 0.000000000000000000e+00 1.000000000000000000e+00
0.000000000000000000e+00 2.610000000000000000e+02 1.850000000000000089e+00 0.000000000000000000e+00 -1.036275004124679100e+00 7.492145136299874567e-03 -4.425912102606037735e-01 7.492145136299880638e-03 4.939721815594658866e-03 1.000000000000000000e+00 0.000000000000000000e+00 7.770000000000000000e+02 0.000000000000000000e+00 0.000000000000000000e+00 1.000000000000000000e+00
0.000000000000000000e+00 2.610000000000000000e+02 1.860000000000000098e+00 0.000000000000000000e+00 -1.032250709511318698e+00 7.485297137745569422e-03 -4.418821906593974891e-01 7.485297137745576361e-03 4.562425316089083888e-03 1.000000000000000000e+00 0.000000000000000000e+00 7.770000000000000000e+02 0.000000000000000000e+00 0.000000000000000000e+00 1.000000000000000000e+00
0.000000000000000000e+00 2.610000000000000000e+02 1.870000000000000107e+00 0.000000000000000000e+00 -1.027613788084519530e+00 7.407489730795388354e-03 -4.406916997139780912e-01 7.407489730795396160e-03 4.109347720112840191e-03 1.000000000000000000e+00 1.000000000000000000e+00 7.770000000000000000e+02 0.000000000000000000e+00 0.000000000000000000e+00 1.000000000000000000e+00
0.000000000000000000e+00 2.610000000000000000e+02 1.880000000000000115e+00 0.000000000000000000e+00 -1.031033823676813288e+00 7.788975350915826844e-03 -4.476889325269447495e-01 7.788975350915835517e-03 4.675279998149631591e-03 1.000000000000000000e+00 0.000000000000000000e+00 7.770000000000000000e+02 0.000000000000000000e+00 0.000000000000000000e+00 1.000000000000000000e+00
0.000000000000000000e+00 2.610000000000000000e+02 1.890000000000000124e+00 0.000000000000000000e+00 -1.033859159540934769e+00 8.113650165598694508e-03 -4.542218308112833114e-01 8.113650165598703182e-03 5.182715493837046841e-03 1.000000000000000000e+00 0.000000000000000000e+00 7.770000000000000000e+02 0.000000000000000000e+00 0.000000000000000000e+00 1.000000000000000000e+00
0.000000000000000000e+00 2.610000000000000000e+02 1.900000000000000133e+00 0.000000000000000000e+00 -1.036109489829579289e+00 8.385349714691514578e-03 -4.603096744102671556e-01 8.385349714691528455e-03 5.618885401070817728e-03 1.000000000000000000e+00 0.000000000000000000e+00 7.770000000000000000e+02 0.000000000000000000e+00 0.000000000000000000e+00 1.000000000000000000e+00
0.000000000000000000e+00 2.610000000000000000e+02 1.910000000000000142e+00 0.000000000000000000e+00 -1.037803207981431886e+00 8.607283715733132778e-03 -4.659704297249254723e-01 8.607283715733144921e-03 5.974357645044958004e-03 1.000000000000000000e+00 0.000000000000000000e+00 7.770000000000000000e+02 0.000000000000000000e+00 0.000000000000000000e+00 1.000000000000000000e+00
0.000000000000000000e+00 2.610000000000000000e+02 1.920000000000000151e+00 0.000000000000000000e+00 -1.038957459700782682e+00 8.782073981891735937e-03 -4.712208027363596896e-01 8.782073981891753284e-03 6.242693891806479906e-03 1.000000000000000000e+00 0.000000000000000000e+00 7.770000000000000000e+02 0.000000000000000000e+00 0.000000000000000000e+00 1.000000000000000000e+00
0.000000000000000000e+00 2.610000000000000000e+02 1.929999999999999938e+00 0.000000000000000000e+00 -1.039588192216124751e+00 8.911785394705702343e-03 -4.760762883083163866e-01 8.911785394705723160e-03 6.420117722086442213e-03 1.000000000000000000e+00 0.000000000000000000e+00 7.770000000000000000e+02 0.000000000000000000e+00 0.000000000000000000e+00 1.000000000000000000e+00
0.000000000000000000e+00 2.610000000000000000e+02 1.939999999999999947e+00 0.000000000000000000e+00 -1.039710199963267190e+00 8.997950297522988236e-03 -4.805512159155200802e-01 8.997950297523012522e-03 6.505211024489473276e-03 1.000000000000000000e+00 0.000000000000000000e+00 7.770000000000000000e+02 0.000000000000000000e+00 0.000000000000000000e+00 1.000000000000000000e+00
0.000000000000000000e+00 2.610000000000000000e+02 1.949999999999999956e+00 0.000000000000000000e+00 -1.039337166827857928e+00 9.041586597810596926e-03 -4.846587919327176586e-01 9.041586597810622947e-03 6.498646027615496978e-03 1.000000000000000000e+00 0.000000000000000000e+00 7.770000000000000000e+02 0.000000000000000000e+00 0.000000000000000000e+00 1.000000000000000000e+00
0.000000000000000000e+00 2.610000000000000000e+02 1.959999999999999964e+00 0.000000000000000000e+00 -1.038481705072214378e+00 9.043209792185404050e-03 -4.884111386092380713e-01 9.043209792185435275e-03 6.402955285569965349e-03 1.000000000000000000e+00 0.000000000000000000e+00 7.770000000000000000e+02 0.000000000000000000e+00 0.000000000000000000e+00 1.000000000000000000e+00
0.000000000000000000e+00 2.610000000000000000e+02 1.969999999999999973e+00 0.000000000000000000e+00 -1.037155391061407528e+00 9.002839056223782901e-03 -4.918193298440894368e-01 9.002839056223817596e-03 6.222339365386533871e-03 1.000000000000000000e+00 0.000000000000000000e+00 7.770000000000000000e+02 0.000000000000000000e+00 0.000000000000000000e+00 1.000000000000000000e+00
0.000000000000000000e+00 2.610000000000000000e+02 1.979999999999999982e+00 0.000000000000000000e+00 -1.035368797894235415e+00 8.919997470991909358e-03 -4.948934238671711672e-01 8.919997470991949257e-03 5.962510799524487273e-03 1.000000000000000000e+00 1.000000000000000000e+00 7.770000000000000000e+02 0.000000000000000000e+00 0.000000000000000000e+00 1.000000000000000000e+00
0.000000000000000000e+00 2.610000000000000000e+02 1.989999999999999991e+00 0.000000000000000000e+00 -1.036000005940943769e+00 9.245328158566995178e-03 -5.005109738284851950e-01 9.245328158567029872e-03 6.289530526634595081e-03 1.000000000000000000e+00 0.000000000000000000e+00 7.770000000000000000e+02 0.000000000000000000e+00 0.000000000000000000e+00 1.000000000000000000e+00
0.000000000000000000e+00 2.610000000000000000e+02 2.000000000000000000e+00 0.000000000000000000e+00 -1.036197652288736837e+00 9.537057239405198616e-03 -5.058200772963651337e-01 9.537057239405229842e-03 6.545734723862866450e-03 1.000000000000000000e+00 0.000000000000000000e+00 7.770000000000000000e+02 0.000000000000000000e+00 0.000000000000000000e+00 1.000000000000000000e+00
0.000000000000000000e+00 2.610000000000000000e+02 2.009999999999999787e+00 0.000000000000000000e+00 -1.035977956889808205e+00 9.798631049543796503e-03 -5.108364024594657105e-01 9.798631049543825994e-03 6.731537730760253635e-03 1.000000000000000000e+00 0.000000000000000000e+00 7.770000000000000000e+02 0.000000000000000000e+00 0.000000000000000000e+00 1.000000000000000000e+00
0.000000000000000000e+00 2.610000000000000000e+02 2.020000000000000018e+00 0.000000000000000000e+00 -1.035356287840592637e+00 1.003313968629397993e-02 -5.155747534611768712e-01 1.003313968629400248e-02 6.848799831455389814e-03 1.000000000000000000e+00 0.000000000000000000e+00 7.770000000000000000e+02 0.000000000000000000e+00 0.000000000000000000e+00 1.000000000000000000e+00
0.000000000000000000e+00 2.610000000000000000e+02 2.029999999999999805e+00 0.000000000000000000e+00 -1.034347205015236915e+00 1.024335351304756989e-02 -5.200491140895067144e-01 1.024335351304759417e-02 6.900537154294391490e-03 1.000000000000000000e+00 0.000000000000000000e+00 7.770000000000000000e+02 0.000000000000000000e+00 0.000000000000000000e+00 1.000000000000000000e+00
0.000000000000000000e+00 2.610000000000000000e+02 2.040000000000000036e+00 0.000000000000000000e+00 -1.032964501276866232e+00 1.043175588691314278e-02 -5.242726890459378231e-01 1.043175588691316359e-02 6.890673262665961835e-03 1.000000000000000000e+00 0.000000000000000000e+00 7.770000000000000000e+02 0.000000000000000000e+00 0.000000000000000000e+00 1.000000000000000000e+00
0.000000000000000000e+00 2.610000000000000000e+02 2.049999999999999822e+00 0.000000000000000000e+00 -1.031221241388378784e+00 1.060057249580874210e-02 -5.282579429150496830e-01 1.060057249580875945e-02 6.823825757462625985e-03 1.000000000000000000e+00 0.000000000000000000e+00 7.770000000000000000e+02 0.000000000000000000e+00 0.000000000000000000e+00 1.000000000000000000e+00
0.000000000000000000e+00 2.610000000000000000e+02 2.059999999999999609e+00 0.000000000000000000e+00 -1.029129798737821178e+00 1.075179765158444482e-02 -5.320166369499119696e-01 1.075179765158445870e-02 6.705122221029168050e-03 1.000000000000000000e+00 0.000000000000000000e+00 7.770000000000000000e+02 0.000000000000000000e+00 0.000000000000000000e+00 1.000000000000000000e+00
0.000000000000000000e+00 2.610000000000000000e+02 2.069999999999999840e+00 0.000000000000000000e+00 -1.026701889986916028e+00 1.088721784978809171e-02 -5.355598637818116403e-01 1.088721784978810558e-02 6.540040831100352170e-03 1.000000000000000000e+00 0.000000000000000000e+00 7.770000000000000000e+02 0.000000000000000000e+00 0.000000000000000000e+00 1.000000000000000000e+00
0.000000000000000000e+00 2.610000000000000000e+02 2.079999999999999627e+00 0.000000000000000000e+00 -1.023948607745135408e+00 1.100843287439701862e-02 -5.388980801567484491e-01 1.100843287439703076e-02 6.334271875378130051e-03 1.000000000000000000e+00 0.000000000000000000e+00 7.770000000000000000e+02 0.000000000000000000e+00 0.000000000000000000e+00 1.000000000000000000e+00
0.000000000000000000e+00 2.610000000000000000e+02 2.089999999999999858e+00 0.000000000000000000e+00 -1.020880451366010577e+00 1.111687469683610846e-02 -5.420411377953093801e-01 1.111687469683611887e-02 6.093597175217534134e-03 1.000000000000000000e+00 0.000000000000000000e+00 7.770000000000000000e+02 0.000000000000000000e+00 0.000000000000000000e+00 1.000000000000000000e+00
0.000000000000000000e+00 2.610000000000000000e+02 2.099999999999999645e+00 0.000000000000000000e+00 -1.017507355956679405e+00 1.121382439254545171e-02 -5.449983124669970369e-01 1.121382439254546386e-02 5.823785078775785967e-03 1.000000000000000000e+00 0.000000000000000000e+00 7.770000000000000000e+02 0.000000000000000000e+00 0.000000000000000000e+00 1.000000000000000000e+00
0.000000000000000000e+00 2.610000000000000000e+02 2.109999999999999876e+00 0.000000000000000000e+00 -1.013838719686552814e+00 1.130042727494106995e-02 -5.477783313648155739e-01 1.130042727494107689e-02 5.530499219233686245e-03 1.000000000000000000e+00 0.000000000000000000e+00 7.770000000000000000e+02 0.000000000000000000e+00 0.000000000000000000e+00 1.000000000000000000e+00
0.000000000000000000e+00 2.610000000000000000e+02 2.119999999999999662e+00 0.000000000000000000e+00 -1.009883429475834316e+00 1.137770642555351389e-02 -5.503893988608998811e-01 1.137770642555352256e-02 5.219219664908167355e-03 1.000000000000000000e+00 0.000000000000000000e+00 7.770000000000000000e+02 0.000000000000000000e+00 0.000000000000000000e+00 1.000000000000000000e+00
0.000000000000000000e+00 2.610000000000000000e+02 2.129999999999999893e+00 0.000000000000000000e+00 -1.005649885139968003e+00 1.144657478018241276e-02 -5.528392207192021068e-01 1.144657478018241796e-02 4.895175428065296624e-03 1.000000000000000000e+00 0.000000000000000000e+00 7.770000000000000000e+02 0.000000000000000000e+00 0.000000000000000000e+00 1.000000000000000000e+00
0.000000000000000000e+00 2.610000000000000000e+02 2.139999999999999680e+00 0.000000000000000000e+00 -1.001146022061412344e+00 1.150784591384640745e-02 -5.551350268366866958e-01 1.150784591384641439e-02 4.563287559578495592e-03 1.000000000000000000e+00 0.000000000000000000e+00 7.770000000000000000e+02 0.000000000000000000e+00 0.000000000000000000e+00 1.000000000000000000e+00
0.000000000000000000e+00 2.610000000000000000e+02 2.149999999999999911e+00 0.000000000000000000e+00 -9.963793324559284681e-01 1.156224365193647165e-02 -5.572835925801515877e-01 1.156224365193647512e-02 4.228122247481562110e-03 1.000000000000000000e+00 0.000000000000000000e+00 7.770000000000000000e+02 0.000000000000000000e+00 0.000000000000000000e+00 1.000000000000000000e+00
0.000000000000000000e+00 2.610000000000000000e+02 2.159999999999999698e+00 0.000000000000000000e+00 -9.913568852963007272e-01 1.161041062111356145e-02 -5.592912587816430969e-01 1.161041062111356319e-02 3.893853467773477142e-03 1.000000000000000000e+00 0.000000000000000000e+00 7.770000000000000000e+02 0.000000000000000000e+00 0.000000000000000000e+00 1.000000000000000000e+00
0.000000000000000000e+00 2.610000000000000000e+02 2.169999999999999929e+00 0.000000000000000000e+00 -9.860853449525491810e-01 1.165291584096669365e-02 -5.611639504514744914e-01 1.165291584096670059e-02 3.564234813498547497e-03 1.000000000000000000e+00 0.000000000000000000e+00 7.770000000000000000e+02 0.000000000000000000e+00 0.000000000000000000e+00 1.000000000000000000e+00
0.000000000000000000e+00 2.610000000000000000e+02 2.179999999999999716e+00 0.000000000000000000e+00 -9.805709886038329604e-01 1.169026144611520247e-02 -5.629071942640744286e-01 1.169026144611520247e-02 3.242580160405957729e-03 1.000000000000000000e+00 0.000000000000000000e+00 7.770000000000000000e+02 0.000000000000000000e+00 0.000000000000000000e+00 1.000000000000000000e+00
0.000000000000000000e+00 2.610000000000000000e+02 2.189999999999999947e+00 0.000000000000000000e+00 -9.748197224736941946e-01 1.172288861816663669e-02 -5.645261348682697466e-01 1.172288861816663842e-02 2.931752821393927844e-03 1.000000000000000000e+00 0.000000000000000000e+00 7.770000000000000000e+02 0.000000000000000000e+00 0.000000000000000000e+00 1.000000000000000000e+00
0.000000000000000000e+00 2.610000000000000000e+02 2.199999999999999734e+00 0.000000000000000000e+00 -9.688370969367463559e-01 1.175118279760747723e-02 -5.660255500701364406e-01 1.175118279760747897e-02 2.634162804348158179e-03 1.000000000000000000e+00 0.000000000000000000e+00 7.770000000000000000e+02 0.000000000000000000e+00 0.000000000000000000e+00 1.000000000000000000e+00
0.000000000000000000e+00 2.610000000000000000e+02 2.209999999999999964e+00 0.000000000000000000e+00 -9.623418767232730930e-01 2.276006674336773089e-02 -5.674098649332276478e-01 1.177547823719707343e-02 7.274500304564036901e-03 0.000000000000000000e+00 0.000000000000000000e+00 7.770000000000000000e+02 0.000000000000000000e+00 0.000000000000000000e+00 1.000000000000000000e+00
0.000000000000000000e+00 2.610000000000000000e+02 2.219999999999999751e+00 0.000000000000000000e+00 -9.561982729919632495e-01 1.179606195065636270e-02 -5.686831648377894677e-01 1.179606195065636617e-02 2.086104854092720243e-03 1.000000000000000000e+00 0.000000000000000000e+00 7.770000000000000000e+02 0.000000000000000000e+00 0.000000000000000000e+00 1.000000000000000000e+00
0.000000000000000000e+00 2.610000000000000000e+02 2.229999999999999982e+00 0.000000000000000000e+00 -9.492719855538919171e-01 2.279786247416632633e-02 -5.698492075375067856e-01 1.181317710329912035e-02 6.146999651962369721e-03 0.000000000000000000e+00 0.000000000000000000e+00 7.770000000000000000e+02 0.000000000000000000e+00 0.000000000000000000e+00 1.000000000000000000e+00
0.000000000000000000e+00 2.610000000000000000e+02 2.239999999999999769e+00 0.000000000000000000e+00 -9.426923099136202966e-01 1.182702588466078703e-02 -5.709114342493587513e-01 1.182702588466080264e-02 1.608980192971089067e-03 1.000000000000000000e+00 0.000000000000000000e+00 7.770000000000000000e+02 0.000000000000000000e+00 0.000000000000000000e+00 1.000000000000000000e+00
0.000000000000000000e+00 2.610000000000000000e+02 2.250000000000000000e+00 0.000000000000000000e+00 -9.353515640546160581e-01 2.282252046259360123e-02 -5.718729798093146188e-01 1.183777189706086523e-02 5.106417359838640035e-03 0.000000000000000000e+00 0.000000000000000000e+00 7.770000000000000000e+02 0.000000000000000000e+00 0.000000000000000000e+00 1.000000000000000000e+00
0.000000000000000000e+00 2.610000000000000000e+02 2.259999999999999787e+00 0.000000000000000000e+00 -9.283520996264708058e-01 1.184554208831569040e-02 -5.727366819238394191e-01 1.184554208831571122e-02 1.207107699642892031e-03 1.000000000000000000e+00 0.000000000000000000e+00 7.770000000000000000e+02 0.000000000000000000e+00 0.000000000000000000e+00 1.000000000000000000e+00
0.000000000000000000e+00 2.610000000000000000e+02 2.270000000000000018e+00 0.000000000000000000e+00 -9.206112018570371536e-01 2.283520933661691010e-02 -5.735050895445130692e-01 1.185042825143432094e-02 4.167390998387575721e-03 0.000000000000000000e+00 0.000000000000000000e+00 7.770000000000000000e+02 0.000000000000000000e+00 0.000000000000000000e+00 1.000000000000000000e+00
0.000000000000000000e+00 2.610000000000000000e+02 2.279999999999999805e+00 0.000000000000000000e+00 -9.132059411822359696e-01 1.185248810901323203e-02 -5.741804703904779261e-01 1.185248810901326152e-02 8.795424735062052496e-04 1.000000000000000000e+00 0.000000000000000000e+00 7.770000000000000000e+02 0.000000000000000000e+00 0.000000000000000000e+00 1.000000000000000000e+00
0.000000000000000000e+00 2.610000000000000000e+02 2.290000000000000036e+00 0.000000000000000000e+00 -9.048176740142803709e-01 2.651474373610267915e-02 -5.747648176409165810e-01 1.185174599514149905e-02 4.499173973190006420e-03 0.000000000000000000e+00 0.000000000000000000e+00 7.770000000000000000e+02 0.000000000000000000e+00 0.000000000000000000e+00 1.000000000000000000e+00
0.000000000000000000e+00 2.610000000000000000e+02 2.299999999999999822e+00 0.000000000000000000e+00 -8.967589963296334066e-01 2.651117871363208381e-02 -5.752598558173068755e-01 1.184819314287068395e-02 4.041368748390301163e-03 0.000000000000000000e+00 0.000000000000000000e+00 7.770000000000000000e+02 0.000000000000000000e+00 0.000000000000000000e+00 1.000000000000000000e+00
0.000000000000000000e+00 2.610000000000000000e+02 2.310000000000000053e+00 0.000000000000000000e+00 -8.890268223230897160e-01 1.184178758064697613e-02 -5.756670458728184725e-01 1.184178758064701950e-02 5.157509689401049494e-04 1.000000000000000000e+00 0.000000000000000000e+00 7.770000000000000000e+02 0.000000000000000000e+00 0.000000000000000000e+00 1.000000000000000000e+00
0.000000000000000000e+00 2.610000000000000000e+02 2.319999999999999840e+00 0.000000000000000000e+00 -8.800824631596304570e-01 2.649534468585626815e-02 -5.759875895038671922e-01 1.183245363648103253e-02 3.217280984939362154e-03 0.000000000000000000e+00 0.000000000000000000e+00 7.770000000000000000e+02 0.000000000000000000e+00 0.000000000000000000e+00 1.000000000000000000e+00
0.000000000000000000e+00 2.610000000000000000e+02 2.329999999999999627e+00 0.000000000000000000e+00 -8.714582219451426637e-01 2.648292971139085475e-02 -5.762224326965528221e-01 1.182008104399798372e-02 2.850191897908596617e-03 0.000000000000000000e+00 0.000000000000000000e+00 7.770000000000000000e+02 0.000000000000000000e+00 0.000000000000000000e+00 1.000000000000000000e+00
0.000000000000000000e+00 2.610000000000000000e+02 2.339999999999999858e+00 0.000000000000000000e+00 -8.631507963104944059e-01 1.180452363980807363e-02 -5.763722685184468064e-01 1.180452363980811874e-02 2.797836608657540761e-04 1.000000000000000000e+00 0.000000000000000000e+00 7.770000000000000000e+02 0.000000000000000000e+00 0.000000000000000000e+00 1.000000000000000000e+00
0.000000000000000000e+00 2.610000000000000000e+02 2.349999999999999645e+00 0.000000000000000000e+00 -8.534223732933258200e-01 2.829884203297379150e-02 -5.764375391639685597e-01 1.178559763680815664e-02 2.585094287514541275e-03 0.000000000000000000e+00 0.000000000000000000e+00 7.770000000000000000e+02 0.000000000000000000e+00 0.000000000000000000e+00 1.000000000000000000e+00
0.000000000000000000e+00 2.610000000000000000e+02 2.359999999999999876e+00 0.000000000000000000e+00 -8.440038596217706024e-01 3.377776868590936371e-02 -5.764184372593860184e-01 1.176307945301583238e-02 3.450245414859885382e-03 0.000000000000000000e+00 0.000000000000000000e+00 7.770000000000000000e+02 0.000000000000000000e+00 0.000000000000000000e+00 1.000000000000000000e+00
0.000000000000000000e+00 2.610000000000000000e+02 2.369999999999999662e+00 0.000000000000000000e+00 -8.348916487862187985e-01 2.824969630001327239e-02 -5.763149064312933501e-01 1.173670307028830406e-02 1.981977262348583180e-03 0.000000000000000000e+00 0.000000000000000000e+00 7.770000000000000000e+02 0.000000000000000000e+00 0.000000000000000000e+00 1.000000000000000000e+00
0.000000000000000000e+00 2.610000000000000000e+02 2.379999999999999893e+00 0.000000000000000000e+00 -8.260822515656439657e-01 1.170615689172176989e-02 -5.761266411402419241e-01 1.170615689172180285e-02 1.076644498565404104e-04 1.000000000000000000e+00 0.000000000000000000e+00 7.770000000000000000e+02 0.000000000000000000e+00 0.000000000000000000e+00 1.000000000000000000e+00
0.000000000000000000e+00 2.610000000000000000e+02 2.389999999999999680e+00 0.000000000000000000e+00 -8.144959761266766796e-01 3.133207984716650935e-02 -5.758530857790344903e-01 1.167108006060745343e-02 1.946201863628803722e-03 0.000000000000000000e+00 0.000000000000000000e+00 7.770000000000000000e+02 0.000000000000000000e+00 0.000000000000000000e+00 1.000000000000000000e+00
0.000000000000000000e+00 2.610000000000000000e+02 2.399999999999999911e+00 0.000000000000000000e+00 -8.032047044515769896e-01 4.601034519061890371e-02 -5.754934330330212511e-01 1.163105819745728978e-02 4.368144224289605138e-03 0.000000000000000000e+00 0.000000000000000000e+00 7.770000000000000000e+02 0.000000000000000000e+00 0.000000000000000000e+00 1.000000000000000000e+00
0.000000000000000000e+00 2.610000000000000000e+02 2.409999999999999698e+00 0.000000000000000000e+00 -7.922041129197378018e-01 5.576343730741185889e-02 -5.750466214975585855e-01 1.158561850473992412e-02 6.000426414553117205e-03 0.000000000000000000e+00 0.000000000000000000e+00 7.770000000000000000e+02 0.000000000000000000e+00 0.000000000000000000e+00 1.000000000000000000e+00
0.000000000000000000e+00 2.610000000000000000e+02 2.419999999999999929e+00 0.000000000000000000e+00 -7.814899892169392404e-01 6.060629612922053405e-02 -5.745113325455989406e-01 1.153422418149576203e-02 6.500596142082617351e-03 0.000000000000000000e+00 0.000000000000000000e+00 7.770000000000000000e+02 0.000000000000000000e+00 0.000000000000000000e+00 1.000000000000000000e+00
0.000000000000000000e+00 2.610000000000000000e+02 2.429999999999999716e+00 0.000000000000000000e+00 -7.710582307223808884e-01 6.054634001927210185e-02 -5.738859864361681717e-01 1.147626808184891954e-02 5.894387326946297356e-03 0.000000000000000000e+00 0.000000000000000000e+00 7.770000000000000000e+02 0.000000000000000000e+00 0.000000000000000000e+00 1.000000000000000000e+00
0.000000000000000000e+00 2.610000000000000000e+02 2.439999999999999947e+00 0.000000000000000000e+00 -7.609048429377197609e-01 5.558347713590494621e-02 -5.731687376522449640e-01 1.141106554250076455e-02 4.391085017332260060e-03 0.000000000000000000e+00 0.000000000000000000e+00 7.770000000000000000e+02 0.000000000000000000e+00 0.000000000000000000e+00 1.000000000000000000e+00
0.000000000000000000e+00 2.610000000000000000e+02 2.449999999999999734e+00 0.000000000000000000e+00 -7.510259379575083827e-01 4.571010529188416355e-02 -5.723574694542845620e-01 1.133784629447285967e-02 2.398031959152424272e-03 0.000000000000000000e+00 0.000000000000000000e+00 7.770000000000000000e+02 0.000000000000000000e+00 0.000000000000000000e+00 1.000000000000000000e+00
0.000000000000000000e+00 2.610000000000000000e+02 2.459999999999999964e+00 0.000000000000000000e+00 -7.414177329804475525e-01 3.091110030925810909e-02 -5.714497876333112236e-01 1.125574536354879106e-02 6.368863785462756250e-04 0.000000000000000000e+00 0.000000000000000000e+00 7.770000000000000000e+02 0.000000000000000000e+00 0.000000000000000000e+00 1.000000000000000000e+00
0.000000000000000000e+00 2.610000000000000000e+02 2.469999999999999751e+00 0.000000000000000000e+00 -7.320765488608905747e-01 1.116379285191744855e-02 -5.704430134451459189e-01 1.116379285191746416e-02 5.680232233053669473e-06 1.000000000000000000e+00 0.000000000000000000e+00 7.770000000000000000e+02 0.000000000000000000e+00 0.000000000000000000e+00 1.000000000000000000e+00
0.000000000000000000e+00 2.610000000000000000e+02 2.479999999999999982e+00 0.000000000000000000e+00 -7.178384007837812497e-01 3.164829289493722997e-02 -5.693341757049158458e-01 1.106090248030345592e-02 4.769486627300497002e-04 0.000000000000000000e+00 0.000000000000000000e+00 7.770000000000000000e+02 0.000000000000000000e+00 0.000000000000000000e+00 1.000000000000000000e+00
0.000000000000000000e+00 2.610000000000000000e+02 2.489999999999999769e+00 0.000000000000000000e+00 -7.038582446355011735e-01 4.889367139414863700e-02 -5.681200020185139810e-01 1.094585875522710756e-02 1.674478455611298766e-03 0.000000000000000000e+00 0.000000000000000000e+00 7.770000000000000000e+02 0.000000000000000000e+00 0.000000000000000000e+00 1.000000000000000000e+00
0.000000000000000000e+00 2.610000000000000000e+02 2.500000000000000000e+00 0.000000000000000000e+00 -6.901307271756932371e-01 6.292634507702693503e-02 -5.667969091251329194e-01 1.081730260979507988e-02 2.982070964411890485e-03 0.000000000000000000e+00 0.000000000000000000e+00 7.770000000000000000e+02 0.000000000000000000e+00 0.000000000000000000e+00 1.000000000000000000e+00
0.000000000000000000e+00 2.610000000000000000e+02 2.509999999999999787e+00 0.000000000000000000e+00 -6.766505919036646111e-01 7.376780940199001435e-02 -5.653609923223712475e-01 1.067371534838900717e-02 4.011224613544379231e-03 0.000000000000000000e+00 0.000000000000000000e+00 7.770000000000000000e+02 0.000000000000000000e+00 0.000000000000000000e+00 1.000000000000000000e+00
0.000000000000000000e+00 2.610000000000000000e+02 2.520000000000000018e+00 0.000000000000000000e+00 -6.634126770455849309e-01 8.143467148546147671e-02 -5.638080139427026349e-01 1.051340070558326109e-02 4.608411031722405710e-03 0.000000000000000000e+00 0.000000000000000000e+00 7.770000000000000000e+02 0.000000000000000000e+00 0.000000000000000000e+00 1.000000000000000000e+00
0.000000000000000000e+00 2.610000000000000000e+02 2.529999999999999805e+00 0.000000000000000000e+00 -6.504119135779521388e-01 8.593867554089880401e-02 -5.621333908473022944e-01 1.033446480734504999e-02 4.741095175264723599e-03 0.000000000000000000e+00 0.000000000000000000e+00 7.770000000000000000e+02 0.000000000000000000e+00 0.000000000000000000e+00 1.000000000000000000e+00
0.000000000000000000e+00 2.610000000000000000e+02 2.540000000000000036e+00 0.000000000000000000e+00 -6.376433232865800216e-01 8.728672086875433056e-02 -5.603321809003193321e-01 1.013479379778902192e-02 4.440877969582240209e-03 0.000000000000000000e+00 0.000000000000000000e+00 7.770000000000000000e+02 0.000000000000000000e+00 0.000000000000000000e+00 1.000000000000000000e+00
0.000000000000000000e+00 2.610000000000000000e+02 2.549999999999999822e+00 0.000000000000000000e+00 -6.251020168603523830e-01 8.548087242492630189e-02 -5.583990683836804747e-01 9.912028867180264907e-03 3.780841313665423559e-03 0.000000000000000000e+00 0.000000000000000000e+00 7.770000000000000000e+02 0.000000000000000000e+00 0.000000000000000000e+00 1.000000000000000000e+00
0.000000000000000000e+00 2.610000000000000000e+02 2.560000000000000053e+00 0.000000000000000000e+00 -6.127831920190244253e-01 8.051836398388922955e-02 -5.563283483093808268e-01 9.663538386179702094e-03 2.869721593973337953e-03 0.000000000000000000e+00 0.000000000000000000e+00 7.770000000000000000e+02 0.000000000000000000e+00 0.000000000000000000e+00 1.000000000000000000e+00
0.000000000000000000e+00 2.610000000000000000e+02 2.569999999999999840e+00 0.000000000000000000e+00 -6.006821316743462535e-01 7.239159390134823624e-02 -5.541139095829629158e-01 9.386386817140084798e-03 1.854027493161687981e-03 0.000000000000000000e+00 0.000000000000000000e+00 7.770000000000000000e+02 0.000000000000000000e+00 0.000000000000000000e+00 1.000000000000000000e+00
0.000000000000000000e+00 2.610000000000000000e+02 2.579999999999999627e+00 0.000000000000000000e+00 -5.887942021238101731e-01 6.108811346992736729e-02 -5.517492169684986569e-01 9.077300035186973079e-03 9.194016780834863081e-04 0.000000000000000000e+00 0.000000000000000000e+00 7.770000000000000000e+02 0.000000000000000000e+00 0.000000000000000000e+00 1.000000000000000000e+00
0.000000000000000000e+00 2.610000000000000000e+02 2.589999999999999858e+00 0.000000000000000000e+00 -5.771148512763261129e-01 4.659060785005420674e-02 -5.492272918018467065e-01 8.732626649405777694e-03 2.691130062303366370e-04 0.000000000000000000e+00 0.000000000000000000e+00 7.770000000000000000e+02 0.000000000000000000e+00 0.000000000000000000e+00 1.000000000000000000e+00
0.000000000000000000e+00 2.610000000000000000e+02 2.599999999999999645e+00 0.000000000000000000e+00 -5.656396069091492729e-01 2.887686954683096191e-02 -5.465406913952680634e-01 8.348294867203528632e-03 1.873750399963584261e-05 0.000000000000000000e+00 0.000000000000000000e+00 7.770000000000000000e+02 0.000000000000000000e+00 0.000000000000000000e+00 1.000000000000000000e+00
0.000000000000000000e+00 2.610000000000000000e+02 2.609999999999999876e+00 0.000000000000000000e+00 -5.543640749553889746e-01 7.919764392263245467e-03 -5.436814870726189852e-01 7.919764392263276692e-03 2.240862341669477264e-10 1.000000000000000000e+00 1.000000000000000000e+00 7.770000000000000000e+02 0.000000000000000000e+00 0.000000000000000000e+00 1.000000000000000000e+00
0.000000000000000000e+00 2.610000000000000000e+02 2.619999999999999662e+00 0.000000000000000000e+00 -5.421140171319991374e-01 2.965197624765689155e-02 -5.468463610748993675e-01 8.348767183083144125e-03 1.341385995524903459e-05 0.000000000000000000e+00 0.000000000000000000e+00 7.770000000000000000e+02 0.000000000000000000e+00 0.000000000000000000e+00 1.000000000000000000e+00
0.000000000000000000e+00 2.610000000000000000e+02 2.629999999999999893e+00 0.000000000000000000e+00 -5.300546633722412748e-01 4.947011481609702582e-02 -5.498395332513088540e-01 8.733603072309071430e-03 1.799207058398178804e-04 0.000000000000000000e+00 0.000000000000000000e+00 7.770000000000000000e+02 0.000000000000000000e+00 0.000000000000000000e+00 1.000000000000000000e+00
0.000000000000000000e+00 2.610000000000000000e+02 2.639999999999999680e+00 0.000000000000000000e+00 -5.181813959437705508e-01 6.740453781722743898e-02 -5.526698370304329311e-01 9.078818311516906672e-03 5.960826413386891356e-04 0.000000000000000000e+00 0.000000000000000000e+00 7.770000000000000000e+02 0.000000000000000000e+00 0.000000000000000000e+00 1.000000000000000000e+00
0.000000000000000000e+00 2.610000000000000000e+02 2.649999999999999911e+00 0.000000000000000000e+00 -5.064896683698740798e-01 8.348271746714762409e-02 -5.553456251847933567e-01 9.388491094474930160e-03 1.187087385907373630e-03 0.000000000000000000e+00 0.000000000000000000e+00 7.770000000000000000e+02 0.000000000000000000e+00 0.000000000000000000e+00 1.000000000000000000e+00
0.000000000000000000e+00 2.610000000000000000e+02 2.659999999999999698e+00 0.000000000000000000e+00 -4.949750036885471882e-01 9.772928256076220122e-02 -5.578747944814916870e-01 9.666279734809641797e-03 1.841888003815730576e-03 0.000000000000000000e+00 0.000000000000000000e+00 7.770000000000000000e+02 0.000000000000000000e+00 0.000000000000000000e+00 1.000000000000000000e+00
0.000000000000000000e+00 2.610000000000000000e+02 2.669999999999999929e+00 0.000000000000000000e+00 -4.836329927381882166e-01 1.101660561985357417e-01 -5.602648089870920778e-01 9.915465883425303439e-03 2.472355494563019743e-03 0.000000000000000000e+00 0.000000000000000000e+00 7.770000000000000000e+02 0.000000000000000000e+00 0.000000000000000000e+00 1.000000000000000000e+00
0.000000000000000000e+00 2.610000000000000000e+02 2.679999999999999716e+00 0.000000000000000000e+00 -4.724592924692552209e-01 1.208120892154426890e-01 -5.625227220955221208e-01 1.013899329622550659e-02 3.019802600571185047e-03 0.000000000000000000e+00 0.000000000000000000e+00 7.770000000000000000e+02 0.000000000000000000e+00 0.000000000000000000e+00 1.000000000000000000e+00
0.000000000000000000e+00 2.610000000000000000e+02 2.689999999999999947e+00 0.000000000000000000e+00 -4.614496242812386462e-01 1.296836893633200594e-01 -5.646551973439993821e-01 1.033950261011844056e-02 3.449030353458493875e-03 0.000000000000000000e+00 0.000000000000000000e+00 7.770000000000000000e+02 0.000000000000000000e+00 0.000000000000000000e+00 1.000000000000000000e+00
0.000000000000000000e+00 2.610000000000000000e+02 2.699999999999999734e+00 0.000000000000000000e+00 -4.505997723843119251e-01 1.367944462913244508e-01 -5.666685280784148349e-01 1.051936253813160263e-02 3.741697292635827454e-03 0.000000000000000000e+00 0.000000000000000000e+00 7.770000000000000000e+02 0.000000000000000000e+00 0.000000000000000000e+00 1.000000000000000000e+00
0.000000000000000000e+00 2.610000000000000000e+02 2.709999999999999964e+00 0.000000000000000000e+00 -4.399055821850330616e-01 1.421552523627587772e-01 -5.685686560262113165e-01 1.068069785215881862e-02 3.891326642941353442e-03 0.000000000000000000e+00 0.000000000000000000e+00 7.770000000000000000e+02 0.000000000000000000e+00 0.000000000000000000e+00 1.000000000000000000e+00
0.000000000000000000e+00 2.610000000000000000e+02 2.719999999999999751e+00 0.000000000000000000e+00 -4.293629586954813560e-01 1.457743193401565829e-01 -5.703611888315671674e-01 1.082541448391322915e-02 3.899948709795771074e-03 0.000000000000000000e+00 0.000000000000000000e+00 7.770000000000000000e+02 0.000000000000000000e+00 0.000000000000000000e+00 1.000000000000000000e+00
0.000000000000000000e+00 2.610000000000000000e+02 2.729999999999999982e+00 0.000000000000000000e+00 -4.189678649652145981e-01 1.476571909641821445e-01 -5.720514166046365423e-01 1.095522204061596082e-02 3.775971191756443551e-03 0.000000000000000000e+00 0.000000000000000000e+00 7.770000000000000000e+02 0.000000000000000000e+00 0.000000000000000000e+00 1.000000000000000000e+00
0.000000000000000000e+00 2.610000000000000000e+02 2.739999999999999769e+00 0.000000000000000000e+00 -4.087163205354538698e-01 1.478067514456148090e-01 -5.736443275336848835e-01 1.107165400140899467e-02 3.532903222055388398e-03 0.000000000000000000e+00 0.000000000000000000e+00 7.770000000000000000e+02 0.000000000000000000e+00 0.000000000000000000e+00 1.000000000000000000e+00
0.000000000000000000e+00 2.610000000000000000e+02 2.750000000000000000e+00 0.000000000000000000e+00 -3.986043999148966011e-01 1.462232298834262312e-01 -5.751446226061946998e-01 1.117608583308233802e-02 3.188654310608444314e-03 0.000000000000000000e+00 0.000000000000000000e+00 7.770000000000000000e+02 0.000000000000000000e+00 0.000000000000000000e+00 1.000000000000000000e+00
0.000000000000000000e+00 2.610000000000000000e+02 2.759999999999999787e+00 0.000000000000000000e+00 -3.886282310765795112e-01 1.429042006157174027e-01 -5.765567294823871203e-01 1.126975123912520894e-02 2.765199978565209202e-03 0.000000000000000000e+00 0.000000000000000000e+00 7.770000000000000000e+02 0.000000000000000000e+00 0.000000000000000000e+00 1.000000000000000000e+00
0.000000000000000000e+00 2.610000000000000000e+02 2.770000000000000018e+00 0.000000000000000000e+00 -3.787839939752133400e-01 1.378445795040537658e-01 -5.778848155621011395e-01 1.135375673405910474e-02 2.288433352492017653e-03 0.000000000000000000e+00 0.000000000000000000e+00 7.770000000000000000e+02 0.000000000000000000e+00 0.000000000000000000e+00 1.000000000000000000e+00
0.000000000000000000e+00 2.610000000000000000e+02 2.779999999999999805e+00 0.000000000000000000e+00 -3.690679190844224911e-01 1.310366161455060741e-01 -5.791328002835945954e-01 1.142909471522642224e-02 1.787996586959231249e-03 0.000000000000000000e+00 0.000000000000000000e+00 7.770000000000000000e+02 0.000000000000000000e+00 0.000000000000000000e+00 1.000000000000000000e+00
0.000000000000000000e+00 2.610000000000000000e+02 2.790000000000000036e+00 0.000000000000000000e+00 -3.594762859533283672e-01 1.224698820004680722e-01 -5.803043666905627340e-01 1.149665518645784888e-02 1.296788309442341650e-03 0.000000000000000000e+00 0.000000000000000000e+00 7.770000000000000000e+02 0.000000000000000000e+00 0.000000000000000000e+00 1.000000000000000000e+00
0.000000000000000000e+00 2.610000000000000000e+02 2.799999999999999822e+00 0.000000000000000000e+00 -3.500054217819261737e-01 1.121312544180641801e-01 -5.814029723015106121e-01 1.155723627211601053e-02 8.496385290481843836e-04 0.000000000000000000e+00 0.000000000000000000e+00 7.770000000000000000e+02 0.000000000000000000e+00 0.000000000000000000e+00 1.000000000000000000e+00
0.000000000000000000e+00 2.610000000000000000e+02 2.810000000000000053e+00 0.000000000000000000e+00 -3.406517000147063490e-01 1.000048965346774510e-01 -5.824318593135577871e-01 1.161155364572265952e-02 4.802953931341662208e-04 0.000000000000000000e+00 0.000000000000000000e+00 7.770000000000000000e+02 0.000000000000000000e+00 0.000000000000000000e+00 1.000000000000000000e+00
0.000000000000000000e+00 2.610000000000000000e+02 2.819999999999999840e+00 0.000000000000000000e+00 -3.314115389519852739e-01 8.607223301480650124e-02 -5.833940641707866526e-01 1.166024898455444297e-02 2.154497463095362414e-04 0.000000000000000000e+00 0.000000000000000000e+00 7.770000000000000000e+02 0.000000000000000000e+00 0.000000000000000000e+00 1.000000000000000000e+00
0.000000000000000000e+00 2.610000000000000000e+02 2.829999999999999627e+00 0.000000000000000000e+00 -3.222814003784105763e-01 7.031192159708972433e-02 -5.842924265253757188e-01 1.170389755008540561e-02 6.467766492170663392e-05 0.000000000000000000e+00 0.000000000000000000e+00 7.770000000000000000e+02 0.000000000000000000e+00 0.000000000000000000e+00 1.000000000000000000e+00
0.000000000000000000e+00 2.610000000000000000e+02 2.839999999999999858e+00 0.000000000000000000e+00 -3.132577882081188925e-01 5.269982040191185935e-02 -5.851295976179604619e-01 1.174301498382763868e-02 8.609816989226106798e-06 0.000000000000000000e+00 0.000000000000000000e+00 7.770000000000000000e+02 0.000000000000000000e+00 0.000000000000000000e+00 1.000000000000000000e+00
0.000000000000000000e+00 2.610000000000000000e+02 2.849999999999999645e+00 0.000000000000000000e+00 -3.043372471460241702e-01 3.320895095051344670e-02 -5.859080481019561804e-01 1.177806339885264543e-02 1.337179632781280640e-07 0.000000000000000000e+00 0.000000000000000000e+00 7.770000000000000000e+02 0.000000000000000000e+00 0.000000000000000000e+00 1.000000000000000000e+00
0.000000000000000000e+00 2.610000000000000000e+02 2.859999999999999876e+00 0.000000000000000000e+00 -2.955163613647266985e-01 1.180945683895542886e-02 -5.866300753349329433e-01 1.180945683895545661e-02 4.766854156155889430e-14 1.000000000000000000e+00 0.000000000000000000e+00 7.770000000000000000e+02 0.000000000000000000e+00 0.000000000000000000e+00 1.000000000000000000e+00
0.000000000000000000e+00 2.610000000000000000e+02 2.869999999999999662e+00 0.000000000000000000e+00 -2.817929945121457336e-01 3.400854291368223675e-02 -5.872978101585606403e-01 1.183756616995324668e-02 9.671763919780632730e-08 0.000000000000000000e+00 0.000000000000000000e+00 7.770000000000000000e+02 0.000000000000000000e+00 0.000000000000000000e+00 1.000000000000000000e+00
0.000000000000000000e+00 2.610000000000000000e+02 2.879999999999999893e+00 0.000000000000000000e+00 -2.681606503613159220e-01 5.522413836891164329e-02 -5.879132231871344594e-01 1.186272346090173901e-02 5.648061269758971356e-06 0.000000000000000000e+00 0.000000000000000000e+00 7.770000000000000000e+02 0.000000000000000000e+00 0.000000000000000000e+00 1.000000000000000000e+00
0.000000000000000000e+00 2.610000000000000000e+02 2.889999999999999680e+00 0.000000000000000000e+00 -2.546141088550289977e-01 7.548874156954715753e-02 -5.884781306232377274e-01 1.188522590698678875e-02 4.035234208016682828e-05 0.000000000000000000e+00 0.000000000000000000e+00 7.770000000000000000e+02 0.000000000000000000e+00 0.000000000000000000e+00 1.000000000000000000e+00
0.000000000000000000e+00 2.610000000000000000e+02 2.899999999999999911e+00 0.000000000000000000e+00 -2.411481827913735110e-01 9.483339413640161364e-02 -5.889941996177054939e-01 1.190533934043411929e-02 1.304084471819963367e-04 0.000000000000000000e+00 0.000000000000000000e+00 7.770000000000000000e+02 0.000000000000000000e+00 0.000000000000000000e+00 1.000000000000000000e+00
0.000000000000000000e+00 2.610000000000000000e+02 2.909999999999999698e+00 0.000000000000000000e+00 -2.277577158374668453e-01 1.132877284962139353e-01 -5.894629531897092045e-01 1.192330137091337366e-02 2.853434499897884551e-04 0.000000000000000000e+00 0.000000000000000000e+00 7.770000000000000000e+02 0.000000000000000000e+00 0.000000000000000000e+00 1.000000000000000000e+00
0.000000000000000000e+00 2.610000000000000000e+02 2.919999999999999929e+00 0.000000000000000000e+00 -2.144375805550068903e-01 1.308800132730414401e-01 -5.898857747214797387e-01 1.193932419253549912e-02 4.996579911026918092e-04 0.000000000000000000e+00 0.000000000000000000e+00 7.770000000000000000e+02 0.000000000000000000e+00 0.000000000000000000e+00 1.000000000000000000e+00
0.000000000000000000e+00 2.610000000000000000e+02 2.929999999999999716e+00 0.000000000000000000e+00 -2.011826764368889187e-01 1.476371965905590444e-01 -5.902639120409350904e-01 1.195359709060388187e-02 7.603458799190386183e-04 0.000000000000000000e+00 0.000000000000000000e+00 7.770000000000000000e+02 0.000000000000000000e+00 0.000000000000000000e+00 1.000000000000000000e+00
0.000000000000000000e+00 2.610000000000000000e+02 2.939999999999999947e+00 0.000000000000000000e+00 -1.879879279541341597e-01 1.635849473515962049e-01 -5.905984811042616078e-01 1.196628867773276254e-02 1.052377630515988552e-03 0.000000000000000000e+00 0.000000000000000000e+00 7.770000000000000000e+02 0.000000000000000000e+00 0.000000000000000000e+00 1.000000000000000000e+00
0.000000000000000000e+00 2.610000000000000000e+02 2.949999999999999734e+00 0.000000000000000000e+00 -1.748482826123831657e-01 1.787476945581441268e-01 -5.908904692893156563e-01 1.197754888574918686e-02 1.361549971942235121e-03 0.000000000000000000e+00 0.000000000000000000e+00 7.770000000000000000e+02 0.000000000000000000e+00 0.000000000000000000e+00 1.000000000000000000e+00
0.000000000000000000e+00 2.610000000000000000e+02 2.959999999999999964e+00 0.000000000000000000e+00 -1.617587090172094566e-01 1.931486647320648509e-01 -5.911407383095668155e-01 1.198751073690983854e-02 1.675652487881275007e-03 0.000000000000000000e+00 0.000000000000000000e+00 7.770000000000000000e+02 0.000000000000000000e+00 0.000000000000000000e+00 1.000000000000000000e+00
0.000000000000000000e+00 2.610000000000000000e+02 2.969999999999999751e+00 0.000000000000000000e+00 -1.487141949475128122e-01 2.068099174938232976e-01 -5.913500267571797364e-01 1.199629191535699253e-02 1.984756676344108170e-03 0.000000000000000000e+00 0.000000000000000000e+00 7.770000000000000000e+02 0.000000000000000000e+00 0.000000000000000000e+00 1.000000000000000000e+00
0.000000000000000000e+00 2.610000000000000000e+02 2.979999999999999982e+00 0.000000000000000000e+00 -1.357097454362543032e-01 2.197523793537419223e-01 -5.915189522827428714e-01 1.200399615737790526e-02 2.281102715410494863e-03 0.000000000000000000e+00 0.000000000000000000e+00 7.770000000000000000e+02 0.000000000000000000e+00 0.000000000000000000e+00 1.000000000000000000e+00
0.000000000000000000e+00 2.610000000000000000e+02 2.989999999999999769e+00 0.000000000000000000e+00 -1.227403808577978706e-01 2.319958757675407157e-01 -5.916480134180741590e-01 1.201071447689152326e-02 2.558830969413446871e-03 0.000000000000000000e+00 0.000000000000000000e+00 7.770000000000000000e+02 0.000000000000000000e+00 0.000000000000000000e+00 1.000000000000000000e+00
0.000000000000000000e+00 2.610000000000000000e+02 3.000000000000000000e+00 0.000000000000000000e+00 -1.098011350211273440e-01 2.435591615052656034e-01 -5.917375910474844680e-01 1.201652624063969180e-02 2.813677047433373740e-03 0.000000000000000000e+00 0.000000000000000000e+00 7.770000000000000000e+02 0.000000000000000000e+00 0.000000000000000000e+00 1.000000000000000000e+00
0.000000000000000000e+00 2.610000000000000000e+02 3.009999999999999787e+00 0.000000000000000000e+00 -9.688705326820654107e-02 2.544599493801242285e-01 -5.917879495318411065e-01 1.202150010578469964e-02 3.042682876262147590e-03 0.000000000000000000e+00 0.000000000000000000e+00 7.770000000000000000e+02 0.000000000000000000e+00 0.000000000000000000e+00 1.000000000000000000e+00
0.000000000000000000e+00 2.610000000000000000e+02 3.020000000000000018e+00 0.000000000000000000e+00 -8.399319057675615208e-02 2.647149373812372475e-01 -5.917992374887472984e-01 1.202569483098936062e-02 3.243943555121614475e-03 0.000000000000000000e+00 0.000000000000000000e+00 7.770000000000000000e+02 0.000000000000000000e+00 0.000000000000000000e+00 1.000000000000000000e+00
0.000000000000000000e+00 2.610000000000000000e+02 3.029999999999999805e+00 0.000000000000000000e+00 -7.111460966672104866e-02 2.743398342518656996e-01 -5.917714882311418956e-01 1.202915997056138407e-02 3.416394406593463440e-03 0.000000000000000000e+00 0.000000000000000000e+00 7.770000000000000000e+02 0.000000000000000000e+00 0.000000000000000000e+00 1.000000000000000000e+00
0.000000000000000000e+00 2.610000000000000000e+02 3.040000000000000036e+00 0.000000000000000000e+00 -5.824637910970047183e-02 2.833493835522985504e-01 -5.917046198656116252e-01 1.203193645986225073e-02 3.559635946731424389e-03 0.000000000000000000e+00 0.000000000000000000e+00 7.770000000000000000e+02 0.000000000000000000e+00 0.000000000000000000e+00 1.000000000000000000e+00
0.000000000000000000e+00 2.610000000000000000e+02 3.049999999999999822e+00 0.000000000000000000e+00 -4.538357144062075965e-02 2.917573862442577881e-01 -5.915984350507087486e-01 1.203405709889637278e-02 3.673792010189635970e-03 0.000000000000000000e+00 0.000000000000000000e+00 7.770000000000000000e+02 0.000000000000000000e+00 0.000000000000000000e+00 1.000000000000000000e+00
0.000000000000000000e+00 2.610000000000000000e+02 3.060000000000000053e+00 0.000000000000000000e+00 -3.252126127092454244e-02 2.995767218314161484e-01 -5.914526204145572619e-01 1.203554693979327905e-02 3.759395739593621166e-03 0.000000000000000000e+00 0.000000000000000000e+00 7.770000000000000000e+02 0.000000000000000000e+00 0.000000000000000000e+00 1.000000000000000000e+00
0.000000000000000000e+00 2.610000000000000000e+02 3.069999999999999840e+00 0.000000000000000000e+00 -1.965452340255523234e-02 3.068193680884138130e-01 -5.912667456300330082e-01 1.203642358276054564e-02 3.817298471351121547e-03 0.000000000000000000e+00 0.000000000000000000e+00 7.770000000000000000e+02 0.000000000000000000e+00 0.000000000000000000e+00 1.000000000000000000e+00
0.000000000000000000e+00 2.610000000000000000e+02 3.080000000000000071e+00 0.000000000000000000e+00 -6.778430942015287175e-03 3.134964194085907985e-01 -5.910402621447846672e-01 1.203669738400344608e-02 3.848597184793359910e-03 0.000000000000000000e+00 0.000000000000000000e+00 7.770000000000000000e+02 0.000000000000000000e+00 0.000000000000000000e+00 1.000000000000000000e+00
0.000000000000000000e+00 2.610000000000000000e+02 3.089999999999999858e+00 0.000000000000000000e+00 6.111946586226199574e-03 3.196181037985445506e-01 -5.907725015623503939e-01 1.203637157806785110e-02 3.854576877393919854e-03 0.000000000000000000e+00 0.000000000000000000e+00 7.770000000000000000e+02 0.000000000000000000e+00 0.000000000000000000e+00 1.000000000000000000e+00
0.000000000000000000e+00 2.610000000000000000e+02 3.099999999999999645e+00 0.000000000000000000e+00 1.902154512769606287e-02 3.251937985455426450e-01 -5.904626736695905986e-01 1.203544231605143018e-02 3.836664877548426333e-03 0.000000000000000000e+00 0.000000000000000000e+00 7.770000000000000000e+02 0.000000000000000000e+00 0.000000000000000000e+00 1.000000000000000000e+00
0.000000000000000000e+00 2.610000000000000000e+02 3.109999999999999876e+00 0.000000000000000000e+00 3.195530798797542593e-02 3.302320445817895633e-01 -5.901098641046165216e-01 1.203389862013473990e-02 3.796394668712076842e-03 0.000000000000000000e+00 0.000000000000000000e+00 7.770000000000000000e+02 0.000000000000000000e+00 0.000000000000000000e+00 1.000000000000000000e+00
0.000000000000000000e+00 2.610000000000000000e+02 3.119999999999999662e+00 0.000000000000000000e+00 4.491818772557508443e-02 3.347405595675567169e-01 -5.897130316583318876e-01 1.203172225389496572e-02 3.735377267439828758e-03 0.000000000000000000e+00 0.000000000000000000e+00 7.770000000000000000e+02 0.000000000000000000e+00 0.000000000000000000e+00 1.000000000000000000e+00
0.000000000000000000e+00 2.610000000000000000e+02 3.129999999999999893e+00 0.000000000000000000e+00 5.791514804835524999e-02 3.387262497132060290e-01 -5.892710052016243427e-01 1.202888750687024916e-02 3.655278579758787505e-03 0.000000000000000000e+00 0.000000000000000000e+00 7.770000000000000000e+02 0.000000000000000000e+00 0.000000000000000000e+00 1.000000000000000000e+00
0.000000000000000000e+00 2.610000000000000000e+02 3.139999999999999680e+00 0.000000000000000000e+00 7.095116571421361540e-02 3.421952203582283025e-01 -5.887824802291368176e-01 1.202536089082966407e-02 3.557801466989505418e-03 0.000000000000000000e+00 0.000000000000000000e+00 7.770000000000000000e+02 0.000000000000000000e+00 0.000000000000000000e+00 1.000000000000000000e+00
0.000000000000000000e+00 2.610000000000000000e+02 3.149999999999999911e+00 0.000000000000000000e+00 8.403123243677136645e-02 3.451527853234914178e-01 -5.882460150094210860e-01 1.202110074416061145e-02 3.444671496087483437e-03 0.000000000000000000e+00 0.000000000000000000e+00 7.770000000000000000e+02 0.000000000000000000e+00 0.000000000000000000e+00 1.000000000000000000e+00
0.000000000000000000e+00 2.610000000000000000e+02 3.159999999999999698e+00 0.000000000000000000e+00 9.716035679678479420e-02 3.476034750510315630e-01 -5.876600263301100524e-01 1.201605673970013860e-02 3.317625542292212265e-03 0.000000000000000000e+00 0.000000000000000000e+00 7.770000000000000000e+02 0.000000000000000000e+00 0.000000000000000000e+00 1.000000000000000000e+00
0.000000000000000000e+00 2.610000000000000000e+02 3.169999999999999929e+00 0.000000000000000000e+00 1.103435661600168788e-01 3.495510435438504704e-01 -5.870227848255522574e-01 1.201016929019594302e-02 3.178402563241301132e-03 0.000000000000000000e+00 0.000000000000000000e+00 7.770000000000000000e+02 0.000000000000000000e+00 0.000000000000000000e+00 1.000000000000000000e+00
0.000000000000000000e+00 2.610000000000000000e+02 3.179999999999999716e+00 0.000000000000000000e+00 1.235859086023014669e-01 3.509984741163544864e-01 -5.863324098731204082e-01 1.200336884437346908e-02 3.028735981951143075e-03 0.000000000000000000e+00 0.000000000000000000e+00 7.770000000000000000e+02 0.000000000000000000e+00 0.000000000000000000e+00 1.000000000000000000e+00
0.000000000000000000e+00 2.610000000000000000e+02 3.189999999999999947e+00 0.000000000000000000e+00 1.368924548425371479e-01 3.519479839642389862e-01 -5.855868640431312055e-01 1.199557506529326523e-02 2.870347207869043682e-03 0.000000000000000000e+00 0.000000000000000000e+00 7.770000000000000000e+02 0.000000000000000000e+00 0.000000000000000000e+00 1.000000000000000000e+00
0.000000000000000000e+00 2.610000000000000000e+02 3.199999999999999734e+00 0.000000000000000000e+00 1.502683001843526656e-01 3.524010275608218112e-01 -5.847839470859971245e-01 1.198669588129201019e-02 2.704939895971876507e-03 0.000000000000000000e+00 0.000000000000000000e+00 7.770000000000000000e+02 0.000000000000000000e+00 0.000000000000000000e+00 1.000000000000000000e+00
0.000000000000000000e+00 2.610000000000000000e+02 3.209999999999999964e+00 0.000000000000000000e+00 1.637185664671849672e-01 3.523582988850276210e-01 -5.839212894388654540e-01 1.197662639829565404e-02 2.534194597986490216e-03 0.000000000000000000e+00 0.000000000000000000e+00 7.770000000000000000e+02 0.000000000000000000e+00 0.000000000000000000e+00 1.000000000000000000e+00
0.000000000000000000e+00 2.610000000000000000e+02 3.219999999999999751e+00 0.000000000000000000e+00 1.772484040275197348e-01 3.518197324844352103e-01 -5.829963452325812590e-01 1.196524766065526144e-02 2.359763500812133916e-03 0.000000000000000000e+00 0.000000000000000000e+00 7.770000000000000000e+02 0.000000000000000000e+00 0.000000000000000000e+00 1.000000000000000000e+00
0.000000000000000000e+00 2.610000000000000000e+02 3.229999999999999982e+00 0.000000000000000000e+00 1.908629936710423691e-01 3.507845033750151553e-01 -5.820063847783359945e-01 1.195242524586664565e-02 2.183264978131529629e-03 0.000000000000000000e+00 0.000000000000000000e+00 7.770000000000000000e+02 0.000000000000000000e+00 0.000000000000000000e+00 1.000000000000000000e+00
0.000000000000000000e+00 2.610000000000000000e+02 3.239999999999999769e+00 0.000000000000000000e+00 2.045675486564572099e-01 3.492510257774093518e-01 -5.809484865118293984e-01 1.193800767657265428e-02 2.006277704631360959e-03 0.000000000000000000e+00 0.000000000000000000e+00 7.770000000000000000e+02 0.000000000000000000e+00 0.000000000000000000e+00 1.000000000000000000e+00
0.000000000000000000e+00 2.610000000000000000e+02 3.250000000000000000e+00 0.000000000000000000e+00 2.183673166917334818e-01 3.472169506878082235e-01 -5.798195283711695680e-01 1.192182463108823476e-02 1.830334100661825530e-03 0.000000000000000000e+00 0.000000000000000000e+00 7.770000000000000000e+02 0.000000000000000000e+00 0.000000000000000000e+00 1.000000000000000000e+00
0.000000000000000000e+00 2.610000000000000000e+02 3.259999999999999787e+00 0.000000000000000000e+00 2.322675819435418010e-01 3.446791622797132360e-01 -5.786161785830660209e-01 1.190368493130839270e-02 1.656912891008752858e-03 0.000000000000000000e+00 0.000000000000000000e+00 7.770000000000000000e+02 0.000000000000000000e+00 0.000000000000000000e+00 1.000000000000000000e+00
0.000000000000000000e+00 2.610000000000000000e+02 3.270000000000000018e+00 0.000000000000000000e+00 2.462736670606519018e-01 3.416337731310670756e-01 -5.773348858301234898e-01 1.188337428422922386e-02 1.487430577405994200e-03 0.000000000000000000e+00 0.000000000000000000e+00 7.770000000000000000e+02 0.000000000000000000e+00 0.000000000000000000e+00 1.000000000000000000e+00
0.000000000000000000e+00 2.610000000000000000e+02 3.279999999999999805e+00 0.000000000000000000e+00 2.603909352120659104e-01 3.380761182694424494e-01 -5.759718687702196638e-01 1.186065275040154229e-02 1.323231643592782600e-03 0.000000000000000000e+00 0.000000000000000000e+00 7.770000000000000000e+02 0.000000000000000000e+00 0.000000000000000000e+00 1.000000000000000000e+00
0.000000000000000000e+00 2.610000000000000000e+02 3.290000000000000036e+00 0.000000000000000000e+00 2.746247921406668180e-01 3.340007480261679707e-01 -5.745231048770346183e-01 1.183525190941066979e-02 1.165577337921223228e-03 0.000000000000000000e+00 0.000000000000000000e+00 7.770000000000000000e+02 0.000000000000000000e+00 0.000000000000000000e+00 1.000000000000000000e+00
0.000000000000000000e+00 2.610000000000000000e+02 3.299999999999999822e+00 0.000000000000000000e+00 2.889806882331703020e-01 3.294014196884449963e-01 -5.729843185687998330e-01 1.180687168889688922e-02 1.015632916515678275e-03 0.000000000000000000e+00 0.000000000000000000e+00 7.770000000000000000e+02 0.000000000000000000e+00 0.000000000000000000e+00 1.000000000000000000e+00
0.000000000000000000e+00 2.610000000000000000e+02 3.310000000000000053e+00 0.000000000000000000e+00 3.034641206071703179e-01 3.242710879366667021e-01 -5.713509685902313784e-01 1.177517681965625437e-02 8.744532858375141104e-04 0.000000000000000000e+00 0.000000000000000000e+00 7.770000000000000000e+02 0.000000000000000000e+00 0.000000000000000000e+00 1.000000000000000000e+00
0.000000000000000000e+00 2.610000000000000000e+02 3.319999999999999840e+00 0.000000000000000000e+00 3.180806352160793771e-01 3.186018940522928888e-01 -5.696182346104089467e-01 1.173979287494409177e-02 7.429670648817525078e-04 0.000000000000000000e+00 0.000000000000000000e+00 7.770000000000000000e+02 0.000000000000000000e+00 0.000000000000000000e+00 1.000000000000000000e+00
0.000000000000000000e+00 2.610000000000000000e+02 3.330000000000000071e+00 0.000000000000000000e+00 3.328358289727687547e-01 3.123851538797478566e-01 -5.677810029970503658e-01 1.170030184719170890e-02 6.219592036768003054e-04 0.000000000000000000e+00 0.000000000000000000e+00 7.770000000000000000e+02 0.000000000000000000e+00 0.000000000000000000e+00 1.000000000000000000e+00
0.000000000000000000e+00 2.610000000000000000e+02 3.339999999999999858e+00 0.000000000000000000e+00 3.477353518927219778e-01 3.056113445239020399e-01 -5.658338517251949584e-01 1.165623720988173163e-02 5.120524578246538755e-04 0.000000000000000000e+00 0.000000000000000000e+00 7.770000000000000000e+02 0.000000000000000000e+00 0.000000000000000000e+00 1.000000000000000000e+00
0.000000000000000000e+00 2.610000000000000000e+02 3.349999999999999645e+00 0.000000000000000000e+00 3.627849092575220480e-01 2.982700897627583170e-01 -5.637710343757623699e-01 1.160707840624591869e-02 4.136882418014110885e-04 0.000000000000000000e+00 0.000000000000000000e+00 7.770000000000000000e+02 0.000000000000000000e+00 0.000000000000000000e+00 1.000000000000000000e+00
0.000000000000000000e+00 2.610000000000000000e+02 3.359999999999999876e+00 0.000000000000000000e+00 3.779902637995012360e-01 2.903501441530023652e-01 -5.615864631767611970e-01 1.155224469967742508e-02 3.271076806581245736e-04 0.000000000000000000e+00 0.000000000000000000e+00 7.770000000000000000e+02 0.000000000000000000e+00 0.000000000000000000e+00 1.000000000000000000e+00
0.000000000000000000e+00 2.610000000000000000e+02 3.369999999999999662e+00 0.000000000000000000e+00 3.933572379083896675e-01 2.818393758040643182e-01 -5.592736910370992298e-01 1.149108831320981572e-02 2.523340629434420168e-04 0.000000000000000000e+00 0.000000000000000000e+00 7.770000000000000000e+02 0.000000000000000000e+00 0.000000000000000000e+00 1.000000000000000000e+00
0.000000000000000000e+00 2.610000000000000000e+02 3.379999999999999893e+00 0.000000000000000000e+00 4.088917158608075808e-01 2.727247477943076648e-01 -5.568258925199734977e-01 1.142288677701600551e-02 1.891583728257767959e-04 0.000000000000000000e+00 0.000000000000000000e+00 7.770000000000000000e+02 0.000000000000000000e+00 0.000000000000000000e+00 1.000000000000000000e+00
0.000000000000000000e+00 2.610000000000000000e+02 3.389999999999999680e+00 0.000000000000000000e+00 4.245996460734553501e-01 2.629922982008799925e-01 -5.542358436996895898e-01 1.134683439352442667e-02 1.371301366298717603e-04 0.000000000000000000e+00 0.000000000000000000e+00 7.770000000000000000e+02 0.000000000000000000e+00 0.000000000000000000e+00 1.000000000000000000e+00
0.000000000000000000e+00 2.610000000000000000e+02 3.399999999999999911e+00 0.000000000000000000e+00 4.404870433808636965e-01 2.526271187126306050e-01 -5.514959008424633602e-01 1.126203271932589567e-02 9.555641747982079187e-05 0.000000000000000000e+00 0.000000000000000000e+00 7.770000000000000000e+02 0.000000000000000000e+00 0.000000000000000000e+00 1.000000000000000000e+00
0.000000000000000000e+00 2.610000000000000000e+02 3.409999999999999698e+00 0.000000000000000000e+00 4.565599913385762765e-01 2.416133317933379931e-01 -5.485979778482874547e-01 1.116747995142918122e-02 6.351233543014497482e-05 0.000000000000000000e+00 0.000000000000000000e+00 7.770000000000000000e+02 0.000000000000000000e+00 0.000000000000000000e+00 1.000000000000000000e+00
0.000000000000000000e+00 2.610000000000000000e+02 3.419999999999999929e+00 0.000000000000000000e+00 4.728246445526480546e-01 2.299340663602637003e-01 -5.455335223872901373e-01 1.106205909248012681e-02 3.986679341932888171e-05 0.000000000000000000e+00 0.000000000000000000e+00 7.770000000000000000e+02 0.000000000000000000e+00 0.000000000000000000e+00 1.000000000000000000e+00
0.000000000000000000e+00 2.610000000000000000e+02 3.429999999999999716e+00 0.000000000000000000e+00 4.892872310363465260e-01 2.175714319407763830e-01 -5.422934906601598604e-01 1.094452475513430119e-02 2.332683363154709321e-05 0.000000000000000000e+00 0.000000000000000000e+00 7.770000000000000000e+02 0.000000000000000000e+00 0.000000000000000000e+00 1.000000000000000000e+00
0.000000000000000000e+00 2.610000000000000000e+02 3.439999999999999947e+00 0.000000000000000000e+00 5.059540545949670065e-01 2.045064912674596780e-01 -5.388683207081489401e-01 1.081348844969692337e-02 1.250275172359359335e-05 0.000000000000000000e+00 0.000000000000000000e+00 7.770000000000000000e+02 0.000000000000000000e+00 0.000000000000000000e+00 1.000000000000000000e+00
0.000000000000000000e+00 2.610000000000000000e+02 3.449999999999999734e+00 0.000000000000000000e+00 5.228314972396655991e-01 1.907192312697239822e-01 -5.352479041938875692e-01 1.066740218122581504e-02 5.993135268224594899e-06 0.000000000000000000e+00 0.000000000000000000e+00 7.770000000000000000e+02 0.000000000000000000e+00 0.000000000000000000e+00 1.000000000000000000e+00
0.000000000000000000e+00 2.610000000000000000e+02 3.459999999999999964e+00 0.000000000000000000e+00 5.399260216312409266e-01 1.761885324174873590e-01 -5.314215565697307797e-01 1.050454016232214849e-02 2.483794615111343640e-06 0.000000000000000000e+00 0.000000000000000000e+00 7.770000000000000000e+02 0.000000000000000000e+00 0.000000000000000000e+00 1.000000000000000000e+00
0.000000000000000000e+00 2.610000000000000000e+02 3.469999999999999751e+00 0.000000000000000000e+00 5.572441735547964958e-01 1.608921363699644114e-01 -5.273779855455966725e-01 1.032297842557328323e-02 8.471356843740829572e-07 0.000000000000000000e+00 0.000000000000000000e+00 7.770000000000000000e+02 0.000000000000000000e+00 0.000000000000000000e+00 1.000000000000000000e+00
0.000000000000000000e+00 2.610000000000000000e+02 3.479999999999999982e+00 0.000000000000000000e+00 5.747925844262342654e-01 1.448066118800092617e-01 -5.231052577632395728e-01 1.012057209479974226e-02 2.205732757370438042e-07 0.000000000000000000e+00 0.000000000000000000e+00 7.770000000000000000e+02 0.000000000000000000e+00 0.000000000000000000e+00 1.000000000000000000e+00
0.000000000000000000e+00 2.610000000000000000e+02 3.489999999999999769e+00 0.000000000000000000e+00 5.925779738315365419e-01 1.279073189017818635e-01 -5.185907635786075609e-01 9.894930046600611956e-03 3.887567923775911461e-08 0.000000000000000000e+00 0.000000000000000000e+00 7.770000000000000000e+02 0.000000000000000000e+00 0.000000000000000000e+00 1.000000000000000000e+00
0.000000000000000000e+00 2.610000000000000000e+02 3.500000000000000000e+00 0.000000000000000000e+00 6.106071520998104241e-01 1.101683708467593725e-01 -5.138211798483498516e-01 9.643386662861982636e-03 3.775185036135287584e-09 0.000000000000000000e+00 0.000000000000000000e+00 7.770000000000000000e+02 0.000000000000000000e+00 0.000000000000000000e+00 1.000000000000000000e+00
0.000000000000000000e+00 2.610000000000000000e+02 3.509999999999999787e+00 0.000000000000000000e+00 6.288870229110784527e-01 9.156259493027429919e-02 -5.087824306106506489e-01 9.362970340527252203e-03 1.374882427888437006e-10 0.000000000000000000e+00 0.000000000000000000e+00 7.770000000000000000e+02 0.000000000000000000e+00 0.000000000000000000e+00 1.000000000000000000e+00
0.000000000000000000e+00 2.610000000000000000e+02 3.520000000000000018e+00 0.000000000000000000e+00 6.474245859398166658e-01 7.206149054783866914e-02 -5.034596455443492991e-01 9.050368386620025532e-03 8.320855404418333057e-13 0.000000000000000000e+00 0.000000000000000000e+00 7.770000000000000000e+02 0.000000000000000000e+00 0.000000000000000000e+00 1.000000000000000000e+00
0.000000000000000000e+00 2.610000000000000000e+02 3.529999999999999805e+00 0.000000000000000000e+00 6.662269395352473644e-01 5.163518561749371599e-02 -4.978371160837545273e-01 8.701887883807608859e-03 1.044151709270499206e-16 0.000000000000000000e+00 0.000000000000000000e+00 7.770000000000000000e+02 0.000000000000000000e+00 0.000000000000000000e+00 1.000000000000000000e+00
0.000000000000000000e+00 2.610000000000000000e+02 3.540000000000000036e+00 0.000000000000000000e+00 6.853012834394206498e-01 3.025239082131020787e-02 -4.918982490596354173e-01 8.313412064191231382e-03 1.610223188167039873e-25 0.000000000000000000e+00 0.000000000000000000e+00 7.770000000000000000e+02 0.000000000000000000e+00 0.000000000000000000e+00 1.000000000000000000e+00
0.000000000000000000e+00 2.610000000000000000e+02 3.549999999999999822e+00 0.000000000000000000e+00 7.046549215441165748e-01 7.880351675945472187e-03 -4.856255177295781822e-01 7.880351675945496473e-03 4.193426891716486428e-66 1.000000000000000000e+00 1.000000000000000000e+00 7.770000000000000000e+02 0.000000000000000000e+00 0.000000000000000000e+00 1.000000000000000000e+00
0.000000000000000000e+00 2.610000000000000000e+02 3.560000000000000053e+00 0.000000000000000000e+00 6.992171438520816684e-01 3.030701475458213653e-02 -4.919447617815592699e-01 8.313376868357182092e-03 8.160412347080343246e-26 0.000000000000000000e+00 0.000000000000000000e+00 7.770000000000000000e+02 0.000000000000000000e+00 0.000000000000000000e+00 1.000000000000000000e+00
0.000000000000000000e+00 2.610000000000000000e+02 3.569999999999999840e+00 0.000000000000000000e+00 6.940639889809926411e-01 5.181247621561065053e-02 -4.979302787956186860e-01 8.701815094700023762e-03 4.480055086431047884e-17 0.000000000000000000e+00 0.000000000000000000e+00 7.770000000000000000e+02 0.000000000000000000e+00 0.000000000000000000e+00 1.000000000000000000e+00
0.000000000000000000e+00 2.610000000000000000e+02 3.580000000000000071e+00 0.000000000000000000e+00 6.891934836999118463e-01 7.242967844499675900e-02 -5.035997331872910099e-01 9.050255162691978050e-03 3.271949506216892101e-13 0.000000000000000000e+00 0.000000000000000000e+00 7.770000000000000000e+02 0.000000000000000000e+00 0.000000000000000000e+00 1.000000000000000000e+00
0.000000000000000000e+00 2.610000000000000000e+02 3.589999999999999858e+00 0.000000000000000000e+00 6.846037630092531856e-01 9.219020317999383762e-02 -5.089698566103321165e-01 9.362813362555830188e-03 5.089872779764260866e-11 0.000000000000000000e+00 0.000000000000000000e+00 7.770000000000000000e+02 0.000000000000000000e+00 0.000000000000000000e+00 1.000000000000000000e+00
0.000000000000000000e+00 2.610000000000000000e+02 3.599999999999999645e+00 0.000000000000000000e+00 6.802930694266416944e-01 1.111243198865180110e-01 -5.140564973350577604e-01 9.643182094736694326e-03 1.332010274618111721e-09 0.000000000000000000e+00 0.000000000000000000e+00 7.770000000000000000e+02 0.000000000000000000e+00 0.000000000000000000e+00 1.000000000000000000e+00
0.000000000000000000e+00 2.610000000000000000e+02 3.609999999999999876e+00 0.000000000000000000e+00 6.762597523139433076e-01 1.292610321263667206e-01 -5.188746670196463517e-01 9.894673490005573974e-03 1.315882265072099986e-08 0.000000000000000000e+00 0.000000000000000000e+00 7.770000000000000000e+02 0.000000000000000000e+00 0.000000000000000000e+00 1.000000000000000000e+00
0.000000000000000000e+00 2.610000000000000000e+02 3.619999999999999662e+00 0.000000000000000000e+00 6.725022672452082295e-01 1.466281219853062256e-01 -5.234385850124393391e-01 1.012025853725426541e-02 7.190003724323199970e-08 0.000000000000000000e+00 0.000000000000000000e+00 7.770000000000000000e+02 0.000000000000000000e+00 0.000000000000000000e+00 1.000000000000000000e+00
0.000000000000000000e+00 2.610000000000000000e+02 3.629999999999999893e+00 0.000000000000000000e+00 6.690191754152828851e-01 1.632521926300843362e-01 -5.277617203159806758e-01 1.032260218121700684e-02 2.665652839123549363e-07 0.000000000000000000e+00 0.000000000000000000e+00 7.770000000000000000e+02 0.000000000000000000e+00 0.000000000000000000e+00 1.000000000000000000e+00
0.000000000000000000e+00 2.610000000000000000e+02 3.639999999999999680e+00 0.000000000000000000e+00 6.658091430888674056e-01 1.791587090595569698e-01 -5.318568313366430766e-01 1.050409480474525162e-02 7.556264853940950540e-07 0.000000000000000000e+00 0.000000000000000000e+00 7.770000000000000000e+02 0.000000000000000000e+00 0.000000000000000000e+00 1.000000000000000000e+00
0.000000000000000000e+00 2.610000000000000000e+02 3.649999999999999911e+00 0.000000000000000000e+00 6.628709410898055987e-01 1.943720371123526525e-01 -5.357360035371457885e-01 1.066688046755073956e-02 1.764489135706824303e-06 0.000000000000000000e+00 0.000000000000000000e+00 7.770000000000000000e+02 0.000000000000000000e+00 0.000000000000000000e+00 1.000000000000000000e+00
0.000000000000000000e+00 2.610000000000000000e+02 3.659999999999999698e+00 0.000000000000000000e+00 6.602034443304117817e-01 2.089154807908264189e-01 -5.394106851030873173e-01 1.081288223501475874e-02 3.564677598735918520e-06 0.000000000000000000e+00 0.000000000000000000e+00 7.770000000000000000e+02 0.000000000000000000e+00 0.000000000000000000e+00 1.000000000000000000e+00
0.000000000000000000e+00 2.610000000000000000e+02 3.669999999999999929e+00 0.000000000000000000e+00 6.578056313806573963e-01 2.228113179584782777e-01 -5.428917207287500268e-01 1.094382489628509258e-02 6.442985730499968490e-06 0.000000000000000000e+00 0.000000000000000000e+00 7.770000000000000000e+02 0.000000000000000000e+00 0.000000000000000000e+00 1.000000000000000000e+00
0.000000000000000000e+00 2.610000000000000000e+02 3.679999999999999716e+00 0.000000000000000000e+00 6.556765840770453213e-01 2.360808344655151159e-01 -5.461893836218848497e-01 1.106125534004029701e-02 1.066956516354979154e-05 0.000000000000000000e+00 0.000000000000000000e+00 7.770000000000000000e+02 0.000000000000000000e+00 0.000000000000000000e+00 1.000000000000000000e+00
0.000000000000000000e+00 2.610000000000000000e+02 3.689999999999999947e+00 0.000000000000000000e+00 6.538154871710309957e-01 2.487443567548336676e-01 -5.493134058219298899e-01 1.116656082863015827e-02 1.647117891225084426e-05 0.000000000000000000e+00 0.000000000000000000e+00 7.770000000000000000e+02 0.000000000000000000e+00 0.000000000000000000e+00 1.000000000000000000e+00
0.000000000000000000e+00 2.610000000000000000e+02 3.699999999999999734e+00 0.000000000000000000e+00 6.522216280168505742e-01 2.608212829983677095e-01 -5.522730069211360115e-01 1.126098538647353660e-02 2.401252979189797375e-05 0.000000000000000000e+00 0.000000000000000000e+00 7.770000000000000000e+02 0.000000000000000000e+00 0.000000000000000000e+00 1.000000000000000000e+00
0.000000000000000000e+00 2.610000000000000000e+02 3.709999999999999964e+00 0.000000000000000000e+00 6.508943962986344367e-01 2.723301128114972713e-01 -5.550769212733630553e-01 1.134564449631751681e-02 3.338605404676109377e-05 0.000000000000000000e+00 0.000000000000000000e+00 7.770000000000000000e+02 0.000000000000000000e+00 0.000000000000000000e+00 1.000000000000000000e+00
0.000000000000000000e+00 2.610000000000000000e+02 3.719999999999999751e+00 0.000000000000000000e+00 6.498332837967094600e-01 2.832884755910342056e-01 -5.577334237708422293e-01 1.142153827697199760e-02 4.460911446982612077e-05 0.000000000000000000e+00 0.000000000000000000e+00 7.770000000000000000e+02 0.000000000000000000e+00 0.000000000000000000e+00 1.000000000000000000e+00
0.000000000000000000e+00 2.610000000000000000e+02 3.729999999999999982e+00 0.000000000000000000e+00 6.490378841929903553e-01 2.937131575201947231e-01 -5.602503542649809321e-01 1.148956329819451720e-02 5.762691924286451970e-05 0.000000000000000000e+00 0.000000000000000000e+00 7.770000000000000000e+02 0.000000000000000000e+00 0.000000000000000000e+00 1.000000000000000000e+00
0.000000000000000000e+00 2.610000000000000000e+02 3.739999999999999769e+00 0.000000000000000000e+00 6.485078929153960114e-01 3.036201272819248342e-01 -5.626351407032754715e-01 1.155052317230032682e-02 7.231941957908723673e-05 0.000000000000000000e+00 0.000000000000000000e+00 7.770000000000000000e+02 0.000000000000000000e+00 0.000000000000000000e+00 1.000000000000000000e+00
0.000000000000000000e+00 2.610000000000000000e+02 3.750000000000000000e+00 0.000000000000000000e+00 6.482431070212216762e-01 3.130245605199667436e-01 -5.648948210506182788e-01 1.160513804762140777e-02 8.851064284602747252e-05 0.000000000000000000e+00 0.000000000000000000e+00 7.770000000000000000e+02 0.000000000000000000e+00 0.000000000000000000e+00 1.000000000000000000e+00
0.000000000000000000e+00 2.610000000000000000e+02 3.759999999999999787e+00 0.000000000000000000e+00 6.482434251194302277e-01 3.219408630851355868e-01 -5.670360640596898705e-01 1.165405311596535640e-02 1.059792274938152045e-04 0.000000000000000000e+00 0.000000000000000000e+00 7.770000000000000000e+02 0.000000000000000000e+00 0.000000000000000000e+00 1.000000000000000000e+00
0.000000000000000000e+00 2.610000000000000000e+02 3.770000000000000018e+00 0.000000000000000000e+00 6.485088473318267877e-01 3.303826931024159697e-01 -5.690651889517343021e-01 1.169784623457668232e-02 1.244692449883747377e-04 0.000000000000000000e+00 0.000000000000000000e+00 7.770000000000000000e+02 0.000000000000000000e+00 0.000000000000000000e+00 1.000000000000000000e+00
0.000000000000000000e+00 2.610000000000000000e+02 3.779999999999999805e+00 0.000000000000000000e+00 6.490394752931060163e-01 3.383629818926812693e-01 -5.709881840658008745e-01 1.173703475264260138e-02 1.437006755062868353e-04 0.000000000000000000e+00 0.000000000000000000e+00 7.770000000000000000e+02 0.000000000000000000e+00 0.000000000000000000e+00 1.000000000000000000e+00
0.000000000000000000e+00 2.610000000000000000e+02 3.790000000000000036e+00 0.000000000000000000e+00 6.498355121897690934e-01 3.458939537810841180e-01 -5.728107245314875140e-01 1.177208162298793576e-02 1.633791318385658439e-04 0.000000000000000000e+00 0.000000000000000000e+00 7.770000000000000000e+02 0.000000000000000000e+00 0.000000000000000000e+00 1.000000000000000000e+00
0.000000000000000000e+00 2.610000000000000000e+02 3.799999999999999822e+00 0.000000000000000000e+00 6.508972628379282588e-01 3.529871448224580766e-01 -5.745381890173436590e-01 1.180340087115967253e-02 1.832045991370313993e-04 0.000000000000000000e+00 0.000000000000000000e+00 7.770000000000000000e+02 0.000000000000000000e+00 0.000000000000000000e+00 1.000000000000000000e+00
0.000000000000000000e+00 2.610000000000000000e+02 3.810000000000000053e+00 0.000000000000000000e+00 6.522251338000248921e-01 3.596534204724198269e-01 -5.761756756043584504e-01 1.183136248650999527e-02 2.028790834249279834e-04 0.000000000000000000e+00 0.000000000000000000e+00 7.770000000000000000e+02 0.000000000000000000e+00 0.000000000000000000e+00 1.000000000000000000e+00
0.000000000000000000e+00 2.610000000000000000e+02 3.819999999999999840e+00 0.000000000000000000e+00 6.538196335405104254e-01 3.659029922312343475e-01 -5.777280168313814190e-01 1.185629679305860544e-02 2.221131481792652101e-04 0.000000000000000000e+00 0.000000000000000000e+00 7.770000000000000000e+02 0.000000000000000000e+00 0.000000000000000000e+00 1.000000000000000000e+00
0.000000000000000000e+00 2.610000000000000000e+02 3.830000000000000071e+00 0.000000000000000000e+00 6.556813726205451553e-01 3.717454332859441712e-01 -5.791997939568771514e-01 1.187849835176929547e-02 2.406313747043303287e-04 0.000000000000000000e+00 0.000000000000000000e+00 7.770000000000000000e+02 0.000000000000000000e+00 0.000000000000000000e+00 1.000000000000000000e+00
0.000000000000000000e+00 2.610000000000000000e+02 3.839999999999999858e+00 0.000000000000000000e+00 6.578110639317930053e-01 3.771896931747192871e-01 -5.805953504791029340e-01 1.189822944034044268e-02 2.581768162432883894e-04 0.000000000000000000e+00 0.000000000000000000e+00 7.770000000000000000e+02 0.000000000000000000e+00 0.000000000000000000e+00 1.000000000000000000e+00
0.000000000000000000e+00 2.610000000000000000e+02 3.849999999999999645e+00 0.000000000000000000e+00 6.602095229693997203e-01 3.822441114958927688e-01 -5.819188049546100139e-01 1.191572315161765205e-02 2.745145341465260631e-04 0.000000000000000000e+00 0.000000000000000000e+00 7.770000000000000000e+02 0.000000000000000000e+00 0.000000000000000000e+00 1.000000000000000000e+00
0.000000000000000000e+00 2.610000000000000000e+02 3.859999999999999876e+00 0.000000000000000000e+00 6.628776681442599683e-01 3.869164306826816668e-01 -5.831740631528986585e-01 1.193118614723173015e-02 2.894343118342536034e-04 0.000000000000000000e+00 0.000000000000000000e+00 7.770000000000000000e+02 0.000000000000000000e+00 0.000000000000000000e+00 1.000000000000000000e+00
0.000000000000000000e+00 2.610000000000000000e+02 3.869999999999999662e+00 0.000000000000000000e+00 6.658165211346925849e-01 3.912138078631618998e-01 -5.843648295830974337e-01 1.194480109899198790e-02 3.027526424310648251e-04 0.000000000000000000e+00 0.000000000000000000e+00 7.770000000000000000e+02 0.000000000000000000e+00 0.000000000000000000e+00 1.000000000000000000e+00
0.000000000000000000e+00 2.610000000000000000e+02 3.879999999999999893e+00 0.000000000000000000e+00 6.690272072776585199e-01 3.951428258236636126e-01 -5.854946184266843767e-01 1.195672884687628765e-02 3.143140814863411119e-04 0.000000000000000000e+00 0.000000000000000000e+00 7.770000000000000000e+02 0.000000000000000000e+00 0.000000000000000000e+00 1.000000000000000000e+00
0.000000000000000000e+00 2.610000000000000000e+02 3.889999999999999680e+00 0.000000000000000000e+00 6.725109559996710340e-01 3.987095030923798467e-01 -5.865667639085148100e-01 1.196711029911104278e-02 3.239920490267929852e-04 0.000000000000000000e+00 0.000000000000000000e+00 7.770000000000000000e+02 0.000000000000000000e+00 0.000000000000000000e+00 1.000000000000000000e+00
0.000000000000000000e+00 2.610000000000000000e+02 3.899999999999999911e+00 0.000000000000000000e+00 6.762691012875657881e-01 4.019193031586395515e-01 -5.875844301367617595e-01 1.197606809678794688e-02 3.316891566344519655e-04 0.000000000000000000e+00 0.000000000000000000e+00 7.770000000000000000e+02 0.000000000000000000e+00 0.000000000000000000e+00 1.000000000000000000e+00
0.000000000000000000e+00 2.610000000000000000e+02 3.909999999999999698e+00 0.000000000000000000e+00 6.803030821993052424e-01 4.047771428419607576e-01 -5.885506204408101905e-01 1.198370806268224398e-02 3.373371261920937204e-04 0.000000000000000000e+00 0.000000000000000000e+00 7.770000000000000000e+02 0.000000000000000000e+00 0.000000000000000000e+00 1.000000000000000000e+00
0.000000000000000000e+00 2.610000000000000000e+02 3.919999999999999929e+00 0.000000000000000000e+00 6.846144434150195357e-01 4.072873998237083737e-01 -5.894681862346607959e-01 1.199012045138805188e-02 3.408963579705492908e-04 0.000000000000000000e+00 0.000000000000000000e+00 7.770000000000000000e+02 0.000000000000000000e+00 0.000000000000000000e+00 1.000000000000000000e+00
0.000000000000000000e+00 2.610000000000000000e+02 3.929999999999999716e+00 0.000000000000000000e+00 6.892048358284905696e-01 4.094539193528907162e-01 -5.903398354320034125e-01 1.199538101553934873e-02 3.423551972108990031e-04 0.000000000000000000e+00 0.000000000000000000e+00 7.770000000000000000e+02 0.000000000000000000e+00 0.000000000000000000e+00 1.000000000000000000e+00
0.000000000000000000e+00 2.610000000000000000e+02 3.939999999999999947e+00 0.000000000000000000e+00 6.940760171793071143e-01 4.112800201363708275e-01 -5.911681404377926441e-01 1.199955190071229361e-02 3.417289404939126939e-04 0.000000000000000000e+00 0.000000000000000000e+00 7.770000000000000000e+02 0.000000000000000000e+00 0.000000000000000000e+00 1.000000000000000000e+00
0.000000000000000000e+00 2.610000000000000000e+02 3.949999999999999734e+00 0.000000000000000000e+00 6.992298527259345198e-01 4.127684994225088722e-01 -5.919555457399109377e-01 1.200268237958082747e-02 3.390586161026902870e-04 0.000000000000000000e+00 0.000000000000000000e+00 7.770000000000000000e+02 0.000000000000000000e+00 0.000000000000000000e+00 1.000000000000000000e+00
0.000000000000000000e+00 2.610000000000000000e+02 3.959999999999999964e+00 0.000000000000000000e+00 7.046683159599521629e-01 4.139216372860312632e-01 -5.927043751233244118e-01 1.200480943399848989e-02 3.344095663225256886e-04 0.000000000000000000e+00 0.000000000000000000e+00 7.770000000000000000e+02 0.000000000000000000e+00 0.000000000000000000e+00 1.000000000000000000e+00
0.000000000000000000e+00 2.610000000000000000e+02 3.969999999999999751e+00 0.000000000000000000e+00 7.103934893617390722e-01 4.147412001206813303e-01 -5.934168385280200742e-01 1.200595819188282620e-02 3.278698541943569043e-04 0.000000000000000000e+00 0.000000000000000000e+00 7.770000000000000000e+02 0.000000000000000000e+00 0.000000000000000000e+00 1.000000000000000000e+00
0.000000000000000000e+00 2.610000000000000000e+02 3.979999999999999982e+00 0.000000000000000000e+00 7.164075651978889514e-01 4.152284433450076917e-01 -5.940950385709656834e-01 1.200614222406361231e-02 3.195485126347890129e-04 0.000000000000000000e+00 0.000000000000000000e+00 7.770000000000000000e+02 0.000000000000000000e+00 0.000000000000000000e+00 1.000000000000000000e+00
0.000000000000000000e+00 2.610000000000000000e+02 3.989999999999999769e+00 0.000000000000000000e+00 7.227128463606687925e-01 4.153841133254343454e-01 -5.947409767513376355e-01 1.200536370460156613e-02 3.095736500365272627e-04 0.000000000000000000e+00 0.000000000000000000e+00 7.770000000000000000e+02 0.000000000000000000e+00 0.000000000000000000e+00 1.000000000000000000e+00
0.000000000000000000e+00 2.610000000000000000e+02 4.000000000000000000e+00 0.000000000000000000e+00 7.293117472498337195e-01 4.152084485195535746e-01 -5.953565593573314496e-01 1.200361343647160343e-02 2.980904234499127080e-04 0.000000000000000000e+00 0.000000000000000000e+00 7.770000000000000000e+02 0.000000000000000000e+00 0.000000000000000000e+00 1.000000000000000000e+00
0.000000000000000000e+00 2.610000000000000000e+02 4.009999999999999787e+00 0.000000000000000000e+00 7.362067946971432297e-01 4.147011798414018680e-01 -5.959436030919857963e-01 1.200087074291392164e-02 2.852588882043954888e-04 0.000000000000000000e+00 0.000000000000000000e+00 7.770000000000000000e+02 0.000000000000000000e+00 0.000000000000000000e+00 1.000000000000000000e+00
0.000000000000000000e+00 2.610000000000000000e+02 4.019999999999999574e+00 0.000000000000000000e+00 7.434006289339275542e-01 4.138615302492670844e-01 -5.965038404346241219e-01 1.199710322316949705e-02 2.712517313557829234e-04 0.000000000000000000e+00 0.000000000000000000e+00 7.770000000000000000e+02 0.000000000000000000e+00 0.000000000000000000e+00 1.000000000000000000e+00
0.000000000000000000e+00 2.610000000000000000e+02 4.030000000000000249e+00 0.000000000000000000e+00 7.508960046020761725e-01 4.126882135554063580e-01 -5.970389247537348787e-01 1.199226636971433523e-02 2.562518956487659649e-04 0.000000000000000000e+00 0.000000000000000000e+00 7.770000000000000000e+02 0.000000000000000000e+00 0.000000000000000000e+00 1.000000000000000000e+00
0.000000000000000000e+00 2.610000000000000000e+02 4.040000000000000036e+00 0.000000000000000000e+00 7.586957918088401698e-01 4.111794324558433744e-01 -5.975504351863810681e-01 1.198630304247065743e-02 2.404501007868221560e-04 0.000000000000000000e+00 0.000000000000000000e+00 7.770000000000000000e+02 0.000000000000000000e+00 0.000000000000000000e+00 1.000000000000000000e+00
0.000000000000000000e+00 2.610000000000000000e+02 4.049999999999999822e+00 0.000000000000000000e+00 7.668029772258424526e-01 4.093328757772323190e-01 -5.980398812985388002e-01 1.197914279378365504e-02 2.240422697392602594e-04 0.000000000000000000e+00 0.000000000000000000e+00 7.770000000000000000e+02 0.000000000000000000e+00 0.000000000000000000e+00 1.000000000000000000e+00
0.000000000000000000e+00 2.610000000000000000e+02 4.059999999999999609e+00 0.000000000000000000e+00 7.752206652327259251e-01 4.071457149365683703e-01 -5.985087075401169798e-01 1.197070103618946314e-02 2.072268696350501940e-04 0.000000000000000000e+00 0.000000000000000000e+00 7.770000000000000000e+02 0.000000000000000000e+00 0.000000000000000000e+00 1.000000000000000000e+00
0.000000000000000000e+00 2.610000000000000000e+02 4.070000000000000284e+00 0.000000000000000000e+00 7.839520791058752769e-01 4.046145996083198026e-01 -5.989582975078084903e-01 1.196087804314271454e-02 1.902021795552877315e-04 0.000000000000000000e+00 0.000000000000000000e+00 7.770000000000000000e+02 0.000000000000000000e+00 0.000000000000000000e+00 1.000000000000000000e+00
0.000000000000000000e+00 2.610000000000000000e+02 4.080000000000000071e+00 0.000000000000000000e+00 7.930005622526615783e-01 4.017356525923530541e-01 -5.993899780283503675e-01 1.194955777089886685e-02 1.731635013040788099e-04 0.000000000000000000e+00 0.000000000000000000e+00 7.770000000000000000e+02 0.000000000000000000e+00 0.000000000000000000e+00 1.000000000000000000e+00
0.000000000000000000e+00 2.610000000000000000e+02 4.089999999999999858e+00 0.000000000000000000e+00 8.023695794916919644e-01 3.985044638747766710e-01 -5.998050230742456579e-01 1.193660648763361642e-02 1.563003340763480242e-04 0.000000000000000000e+00 0.000000000000000000e+00 7.770000000000000000e+02 0.000000000000000000e+00 0.000000000000000000e+00 1.000000000000000000e+00
0.000000000000000000e+00 2.610000000000000000e+02 4.099999999999999645e+00 0.000000000000000000e+00 8.120627183795480208e-01 3.949160838726185618e-01 -6.002046575235023829e-01 1.192187119360445594e-02 1.397935399048953493e-04 0.000000000000000000e+00 0.000000000000000000e+00 7.770000000000000000e+02 0.000000000000000000e+00 0.000000000000000000e+00 1.000000000000000000e+00
0.000000000000000000e+00 2.610000000000000000e+02 4.109999999999999432e+00 0.000000000000000000e+00 8.220836905845207987e-01 3.909650158519795138e-01 -6.005900607744845132e-01 1.190517781369112779e-02 1.238125338875835021e-04 0.000000000000000000e+00 0.000000000000000000e+00 7.770000000000000000e+02 0.000000000000000000e+00 0.000000000000000000e+00 1.000000000000000000e+00
0.000000000000000000e+00 2.610000000000000000e+02 4.120000000000000107e+00 0.000000000000000000e+00 8.324363333078734772e-01 3.866452075080559214e-01 -6.009623702265438627e-01 1.188632914096240945e-02 1.085125414552795455e-04 0.000000000000000000e+00 0.000000000000000000e+00 7.770000000000000000e+02 0.000000000000000000e+00 0.000000000000000000e+00 1.000000000000000000e+00
0.000000000000000000e+00 2.610000000000000000e+02 4.129999999999999893e+00 0.000000000000000000e+00 8.431246107531701339e-01 3.819500416941279952e-01 -6.013226846367060174e-01 1.186510250697573807e-02 9.403197425765855155e-05 0.000000000000000000e+00 0.000000000000000000e+00 7.770000000000000000e+02 0.000000000000000000e+00 0.000000000000000000e+00 1.000000000000000000e+00
0.000000000000000000e+00 2.610000000000000000e+02 4.139999999999999680e+00 0.000000000000000000e+00 8.541526156442375006e-01 3.768723262853160838e-01 -6.016720673623129345e-01 1.184124715128773153e-02 8.048998642485975796e-05 0.000000000000000000e+00 0.000000000000000000e+00 7.770000000000000000e+02 0.000000000000000000e+00 0.000000000000000000e+00 1.000000000000000000e+00
0.000000000000000000e+00 2.610000000000000000e+02 4.149999999999999467e+00 0.000000000000000000e+00 8.655245707923390208e-01 3.714042831615775309e-01 -6.020115494991967742e-01 1.181448125910038519e-02 6.798428366404569469e-05 0.000000000000000000e+00 0.000000000000000000e+00 7.770000000000000000e+02 0.000000000000000000e+00 0.000000000000000000e+00 1.000000000000000000e+00
0.000000000000000000e+00 2.610000000000000000e+02 4.160000000000000142e+00 0.000000000000000000e+00 8.772448307131606171e-01 3.655375362930659011e-01 -6.023421329246421152e-01 1.178448863204721066e-02 5.658926831313593371e-05 0.000000000000000000e+00 0.000000000000000000e+00 7.770000000000000000e+02 0.000000000000000000e+00 0.000000000000000000e+00 1.000000000000000000e+00
0.000000000000000000e+00 2.610000000000000000e+02 4.169999999999999929e+00 0.000000000000000000e+00 8.893178832942295609e-01 3.592630989096037286e-01 -6.026647932541191466e-01 1.175091495278978576e-02 4.635461326021785965e-05 0.000000000000000000e+00 0.000000000000000000e+00 7.770000000000000000e+02 0.000000000000000000e+00 0.000000000000000000e+00 1.000000000000000000e+00
0.000000000000000000e+00 2.610000000000000000e+02 4.179999999999999716e+00 0.000000000000000000e+00 9.017483515134030458e-01 3.525713597346146755e-01 -6.029804827205130779e-01 1.171336359929646756e-02 3.730436534480415390e-05 0.000000000000000000e+00 0.000000000000000000e+00 7.770000000000000000e+02 0.000000000000000000e+00 0.000000000000000000e+00 1.000000000000000000e+00
0.000000000000000000e+00 2.610000000000000000e+02 4.189999999999999503e+00 0.000000000000000000e+00 9.145409952090854944e-01 3.454520682624270811e-01 -6.032901329843474159e-01 1.167139095935547377e-02 2.943668284223949260e-05 0.000000000000000000e+00 0.000000000000000000e+00 7.770000000000000000e+02 0.000000000000000000e+00 0.000000000000000000e+00 1.000000000000000000e+00
0.000000000000000000e+00 2.610000000000000000e+02 4.200000000000000178e+00 0.000000000000000000e+00 9.277007129028510546e-01 3.378943190563958865e-01 -6.035946578832935838e-01 1.162450118997031094e-02 2.272430974175005183e-05 0.000000000000000000e+00 0.000000000000000000e+00 7.770000000000000000e+02 0.000000000000000000e+00 0.000000000000000000e+00 1.000000000000000000e+00
0.000000000000000000e+00 2.610000000000000000e+02 4.209999999999999964e+00 0.000000000000000000e+00 9.412325436751729502e-01 3.298865350437935051e-01 -6.038949561290825052e-01 1.157214035972779428e-02 1.711587907402510860e-05 0.000000000000000000e+00 0.000000000000000000e+00 7.770000000000000000e+02 0.000000000000000000e+00 0.000000000000000000e+00 1.000000000000000000e+00
0.000000000000000000e+00 2.610000000000000000e+02 4.219999999999999751e+00 0.000000000000000000e+00 9.551416690949713351e-01 3.214164497818770005e-01 -6.041919139597760058e-01 1.151368990493970706e-02 1.253811536837970636e-05 0.000000000000000000e+00 0.000000000000000000e+00 7.770000000000000000e+02 0.000000000000000000e+00 0.000000000000000000e+00 1.000000000000000000e+00
0.000000000000000000e+00 2.610000000000000000e+02 4.229999999999999538e+00 0.000000000000000000e+00 9.694334152037255015e-01 3.124710886679681887e-01 -6.044864077552265513e-01 1.144845932225219826e-02 8.898969020669798618e-06 0.000000000000000000e+00 0.000000000000000000e+00 7.770000000000000000e+02 0.000000000000000000e+00 0.000000000000000000e+00 1.000000000000000000e+00
0.000000000000000000e+00 2.610000000000000000e+02 4.240000000000000213e+00 0.000000000000000000e+00 9.841132545549055033e-01 3.030367490647652984e-01 -6.047793066234432580e-01 1.137567801139737454e-02 6.091659775984300499e-06 0.000000000000000000e+00 0.000000000000000000e+00 7.770000000000000000e+02 0.000000000000000000e+00 0.000000000000000000e+00 1.000000000000000000e+00
0.000000000000000000e+00 2.610000000000000000e+02 4.250000000000000000e+00 0.000000000000000000e+00 9.991868083095077901e-01 2.930989793104379904e-01 -6.050714749654970692e-01 1.129448617172141948e-02 3.999530650564844347e-06 0.000000000000000000e+00 0.000000000000000000e+00 7.770000000000000000e+02 0.000000000000000000e+00 0.000000000000000000e+00 1.000000000000000000e+00
0.000000000000000000e+00 2.610000000000000000e+02 4.259999999999999787e+00 0.000000000000000000e+00 1.014659848388491437e+00 2.826425565813565632e-01 -6.053637750265355999e-01 1.120392464494568592e-02 2.501517960702427093e-06 0.000000000000000000e+00 0.000000000000000000e+00 7.770000000000000000e+02 0.000000000000000000e+00 0.000000000000000000e+00 1.000000000000000000e+00
0.000000000000000000e+00 2.610000000000000000e+02 4.269999999999999574e+00 0.000000000000000000e+00 1.030538299682946635e+00 2.716514635735455818e-01 -6.056570694404340705e-01 1.110292358416830986e-02 1.477932796025550568e-06 0.000000000000000000e+00 0.000000000000000000e+00 7.770000000000000000e+02 0.000000000000000000e+00 0.000000000000000000e+00 1.000000000000000000e+00
0.000000000000000000e+00 2.610000000000000000e+02 4.280000000000000249e+00 0.000000000000000000e+00 1.046828242322836555e+00 2.601088639671378933e-01 -6.059522237755955443e-01 1.099028981524785044e-02 8.161364812646039815e-07 0.000000000000000000e+00 0.000000000000000000e+00 7.770000000000000000e+02 0.000000000000000000e+00 0.000000000000000000e+00 1.000000000000000000e+00
0.000000000000000000e+00 2.610000000000000000e+02 4.290000000000000036e+00 0.000000000000000000e+00 1.063535914005181660e+00 2.479970766362494805e-01 -6.062501090894089062e-01 1.086469274126291087e-02 4.155991045865330678e-07 0.000000000000000000e+00 0.000000000000000000e+00 7.770000000000000000e+02 0.000000000000000000e+00 0.000000000000000000e+00 1.000000000000000000e+00
0.000000000000000000e+00 2.610000000000000000e+02 4.299999999999999822e+00 0.000000000000000000e+00 1.080667712382582524e+00 2.352975485647682830e-01 -6.065516044989084365e-01 1.072464862353029666e-02 1.917884760990170160e-07 0.000000000000000000e+00 0.000000000000000000e+00 7.770000000000000000e+02 0.000000000000000000e+00 0.000000000000000000e+00 1.000000000000000000e+00
0.000000000000000000e+00 2.610000000000000000e+02 4.309999999999999609e+00 0.000000000000000000e+00 1.098230197512987782e+00 2.219908264265669784e-01 -6.068575997752169160e-01 1.056850305348585456e-02 7.838705909622392353e-08 0.000000000000000000e+00 0.000000000000000000e+00 7.770000000000000000e+02 0.000000000000000000e+00 0.000000000000000000e+00 1.000000000000000000e+00
0.000000000000000000e+00 2.610000000000000000e+02 4.320000000000000284e+00 0.000000000000000000e+00 1.116230094371653436e+00 2.080565267866096302e-01 -6.071689979694326889e-01 1.039441140835986252e-02 2.751376213815658038e-08 0.000000000000000000e+00 0.000000000000000000e+00 7.770000000000000000e+02 0.000000000000000000e+00 0.000000000000000000e+00 1.000000000000000000e+00
0.000000000000000000e+00 2.610000000000000000e+02 4.330000000000000071e+00 0.000000000000000000e+00 1.134674295426250978e+00 1.934733048773011888e-01 -6.074867180777069331e-01 1.020031705976043139e-02 7.948757872355850073e-09 0.000000000000000000e+00 0.000000000000000000e+00 7.770000000000000000e+02 0.000000000000000000e+00 0.000000000000000000e+00 1.000000000000000000e+00
0.000000000000000000e+00 2.610000000000000000e+02 4.339999999999999858e+00 0.000000000000000000e+00 1.153569863276110219e+00 1.782188219022561027e-01 -6.078116977533789544e-01 9.983927077732527092e-03 1.779753648455830923e-09 0.000000000000000000e+00 0.000000000000000000e+00 7.770000000000000000e+02 0.000000000000000000e+00 0.000000000000000000e+00 1.000000000000000000e+00
0.000000000000000000e+00 2.610000000000000000e+02 4.349999999999999645e+00 0.000000000000000000e+00 1.172924033356609774e+00 1.622697108173966618e-01 -6.081448960741724363e-01 9.742685143272812945e-03 2.827515970076710052e-10 0.000000000000000000e+00 0.000000000000000000e+00 7.770000000000000000e+02 0.000000000000000000e+00 0.000000000000000000e+00 1.000000000000000000e+00
0.000000000000000000e+00 2.610000000000000000e+02 4.360000000000000320e+00 0.000000000000000000e+00 1.192744216709748395e+00 1.456015405369671667e-01 -6.084872963726180028e-01 9.473741349302977968e-03 2.784954713768079084e-11 0.000000000000000000e+00 0.000000000000000000e+00 7.770000000000000000e+02 0.000000000000000000e+00 0.000000000000000000e+00 1.000000000000000000e+00
0.000000000000000000e+00 2.610000000000000000e+02 4.370000000000000107e+00 0.000000000000000000e+00 1.213038002821958061e+00 1.281887785096334775e-01 -6.088399091380579664e-01 9.173918533345768248e-03 1.368158918630470463e-12 0.000000000000000000e+00 0.000000000000000000e+00 7.770000000000000000e+02 0.000000000000000000e+00 0.000000000000000000e+00 1.000000000000000000e+00
0.000000000000000000e+00 2.610000000000000000e+02 4.379999999999999893e+00 0.000000000000000000e+00 1.233813162530250862e+00 1.100047516073405229e-01 -6.092037749987952999e-01 8.839674744175527246e-03 2.304297054156674767e-14 0.000000000000000000e+00 0.000000000000000000e+00 7.770000000000000000e+02 0.000000000000000000e+00 0.000000000000000000e+00 1.000000000000000000e+00
0.000000000000000000e+00 2.610000000000000000e+02 4.389999999999999680e+00 0.000000000000000000e+00 1.255077650997802330e+00 9.102160526701767729e-02 -6.095799677931880156e-01 8.467061399043681463e-03 6.560904364488139495e-17 0.000000000000000000e+00 0.000000000000000000e+00 7.770000000000000000e+02 0.000000000000000000e+00 0.000000000000000000e+00 1.000000000000000000e+00
0.000000000000000000e+00 2.610000000000000000e+02 4.399999999999999467e+00 0.000000000000000000e+00 1.276839610760119648e+00 7.121026082254473810e-02 -6.099695977387538104e-01 8.051676637170317175e-03 6.948858605953969982e-21 0.000000000000000000e+00 0.000000000000000000e+00 7.770000000000000000e+02 0.000000000000000000e+00 0.000000000000000000e+00 1.000000000000000000e+00
0.000000000000000000e+00 2.610000000000000000e+02 4.410000000000000142e+00 0.000000000000000000e+00 1.299107374842959794e+00 5.054037096161814041e-02 -6.103738147086359422e-01 7.588613318444246796e-03 5.323711692444608477e-28 0.000000000000000000e+00 0.000000000000000000e+00 7.770000000000000000e+02 0.000000000000000000e+00 0.000000000000000000e+00 1.000000000000000000e+00
0.000000000000000000e+00 2.610000000000000000e+02 4.419999999999999929e+00 0.000000000000000000e+00 1.321889469953183793e+00 2.898027323928632423e-02 -6.107938116251008243e-01 7.072401053015111259e-03 1.450109343971445225e-44 0.000000000000000000e+00 0.000000000000000000e+00 7.770000000000000000e+02 0.000000000000000000e+00 0.000000000000000000e+00 1.000000000000000000e+00
0.000000000000000000e+00 2.610000000000000000e+02 4.429999999999999716e+00 0.000000000000000000e+00 1.345194619743780740e+00 6.496941576945249389e-03 -6.112308279800818811e-01 6.496941576945271073e-03 4.217770988139984924e-129 1.000000000000000000e+00 1.000000000000000000e+00 7.770000000000000000e+02 0.000000000000000000e+00 0.000000000000000000e+00 1.000000000000000000e+00
0.000000000000000000e+00 2.610000000000000000e+02 4.439999999999999503e+00 0.000000000000000000e+00 1.321265744180749602e+00 2.901395294278619891e-02 -6.109025459687531523e-01 7.072436471148527831e-03 1.670452564611184867e-44 0.000000000000000000e+00 0.000000000000000000e+00 7.770000000000000000e+02 0.000000000000000000e+00 0.000000000000000000e+00 1.000000000000000000e+00
0.000000000000000000e+00 2.610000000000000000e+02 4.450000000000000178e+00 0.000000000000000000e+00 1.297859684462849605e+00 5.065118602034521245e-02 -6.105916042919674602e-01 7.588687733049862341e-03 6.319462554795870769e-28 0.000000000000000000e+00 0.000000000000000000e+00 7.770000000000000000e+02 0.000000000000000000e+00 0.000000000000000000e+00 1.000000000000000000e+00
0.000000000000000000e+00 2.610000000000000000e+02 4.459999999999999964e+00 0.000000000000000000e+00 1.274967478010395672e+00 7.144178504531158158e-02 -6.102970853008445884e-01 8.051794087271009134e-03 8.381486814984770134e-21 0.000000000000000000e+00 0.000000000000000000e+00 7.770000000000000000e+02 0.000000000000000000e+00 0.000000000000000000e+00 1.000000000000000000e+00
0.000000000000000000e+00 2.610000000000000000e+02 4.469999999999999751e+00 0.000000000000000000e+00 1.252580359006886690e+00 9.141759736673110703e-02 -6.100181198130181226e-01 8.467226432061335933e-03 8.005684249951104409e-17 0.000000000000000000e+00 0.000000000000000000e+00 7.770000000000000000e+02 0.000000000000000000e+00 0.000000000000000000e+00 1.000000000000000000e+00
0.000000000000000000e+00 2.610000000000000000e+02 4.479999999999999538e+00 0.000000000000000000e+00 1.230689755042425171e+00 1.106092222312491935e-01 -6.097538845475110048e-01 8.839892469651942572e-03 2.839162382507775935e-14 0.000000000000000000e+00 0.000000000000000000e+00 7.770000000000000000e+02 0.000000000000000000e+00 0.000000000000000000e+00 1.000000000000000000e+00
0.000000000000000000e+00 2.610000000000000000e+02 4.490000000000000213e+00 0.000000000000000000e+00 1.209287283831194992e+00 1.290460576554927075e-01 -6.095035996950738388e-01 9.174194683304111309e-03 1.700652451745620723e-12 0.000000000000000000e+00 0.000000000000000000e+00 7.770000000000000000e+02 0.000000000000000000e+00 0.000000000000000000e+00 1.000000000000000000e+00
0.000000000000000000e+00 2.610000000000000000e+02 4.500000000000000000e+00 0.000000000000000000e+00 1.188364750001740910e+00 1.467563454583889204e-01 -6.092665266168179050e-01 9.474082345962942311e-03 3.490849936007464644e-11 0.000000000000000000e+00 0.000000000000000000e+00 7.770000000000000000e+02 0.000000000000000000e+00 0.000000000000000000e+00 1.000000000000000000e+00
0.000000000000000000e+00 2.610000000000000000e+02 4.509999999999999787e+00 0.000000000000000000e+00 1.167914141958821039e+00 1.637672145224045028e-01 -6.090419656643493163e-01 9.743098174919384916e-03 3.573258343826562921e-10 0.000000000000000000e+00 0.000000000000000000e+00 7.770000000000000000e+02 0.000000000000000000e+00 0.000000000000000000e+00 1.000000000000000000e+00
0.000000000000000000e+00 2.610000000000000000e+02 4.519999999999999574e+00 0.000000000000000000e+00 1.147927628815631040e+00 1.801047223499713801e-01 -6.088292541149712411e-01 9.984420183634656887e-03 2.267465693701913924e-09 0.000000000000000000e+00 0.000000000000000000e+00 7.770000000000000000e+02 0.000000000000000000e+00 0.000000000000000000e+00 1.000000000000000000e+00
0.000000000000000000e+00 2.610000000000000000e+02 4.530000000000000249e+00 0.000000000000000000e+00 1.128397557395222739e+00 1.957938949787567384e-01 -6.086277642158615109e-01 1.020089922514280656e-02 1.020980769883582271e-08 0.000000000000000000e+00 0.000000000000000000e+00 7.770000000000000000e+02 0.000000000000000000e+00 0.000000000000000000e+00 1.000000000000000000e+00
0.000000000000000000e+00 2.610000000000000000e+02 4.540000000000000036e+00 0.000000000000000000e+00 1.109316449299973861e+00 2.108587653169200216e-01 -6.084369013314531172e-01 1.039509267054965387e-02 3.563282105431183003e-08 0.000000000000000000e+00 0.000000000000000000e+00 7.770000000000000000e+02 0.000000000000000000e+00 0.000000000000000000e+00 1.000000000000000000e+00
0.000000000000000000e+00 2.610000000000000000e+02 4.549999999999999822e+00 0.000000000000000000e+00 1.090676998047978685e+00 2.253224099570794448e-01 -6.082561021885496411e-01 1.056929462048852679e-02 1.023746108286134515e-07 0.000000000000000000e+00 0.000000000000000000e+00 7.770000000000000000e+02 0.000000000000000000e+00 0.000000000000000000e+00 1.000000000000000000e+00
0.000000000000000000e+00 2.610000000000000000e+02 4.559999999999999609e+00 0.000000000000000000e+00 1.072472066275274694e+00 2.392069845253800842e-01 -6.080848332139975332e-01 1.072556300643515148e-02 2.526391364182221011e-07 0.000000000000000000e+00 0.000000000000000000e+00 7.770000000000000000e+02 0.000000000000000000e+00 0.000000000000000000e+00 1.000000000000000000e+00
0.000000000000000000e+00 2.610000000000000000e+02 4.570000000000000284e+00 0.000000000000000000e+00 1.054694683002824540e+00 2.525337576198117828e-01 -6.079225889600089472e-01 1.086574390204261310e-02 5.523057634139751071e-07 0.000000000000000000e+00 0.000000000000000000e+00 7.770000000000000000e+02 0.000000000000000000e+00 0.000000000000000000e+00 1.000000000000000000e+00
0.000000000000000000e+00 2.610000000000000000e+02 4.580000000000000071e+00 0.000000000000000000e+00 1.037338040967204611e+00 2.653231433897637603e-01 -6.077688906124875112e-01 1.099149333169792755e-02 1.094469226461257963e-06 0.000000000000000000e+00 0.000000000000000000e+00 7.770000000000000000e+02 0.000000000000000000e+00 0.000000000000000000e+00 1.000000000000000000e+00
0.000000000000000000e+00 2.610000000000000000e+02 4.589999999999999858e+00 0.000000000000000000e+00 1.020395494013992987e+00 2.775947328067232545e-01 -6.076232845779554470e-01 1.110429683393515839e-02 2.000559191472743321e-06 0.000000000000000000e+00 0.000000000000000000e+00 7.770000000000000000e+02 0.000000000000000000e+00 0.000000000000000000e+00 1.000000000000000000e+00
0.000000000000000000e+00 2.610000000000000000e+02 4.599999999999999645e+00 0.000000000000000000e+00 1.003860554552840734e+00 2.893673236740166854e-01 -6.074853411449122609e-01 1.120548701081705394e-02 3.418905063469238298e-06 0.000000000000000000e+00 0.000000000000000000e+00 7.770000000000000000e+02 0.000000000000000000e+00 0.000000000000000000e+00 1.000000000000000000e+00
0.000000000000000000e+00 2.610000000000000000e+02 4.610000000000000320e+00 0.000000000000000000e+00 9.877268910732631690e-01 3.006589494215643477e-01 -6.073546532156725020e-01 1.129625927060461804e-02 5.521030216274351089e-06 0.000000000000000000e+00 0.000000000000000000e+00 7.770000000000000000e+02 0.000000000000000000e+00 0.000000000000000000e+00 1.000000000000000000e+00
0.000000000000000000e+00 2.610000000000000000e+02 4.620000000000000107e+00 0.000000000000000000e+00 9.719883257201958893e-01 3.114869067297578731e-01 -6.072308351049426900e-01 1.137768594969020344e-02 8.496215584841246716e-06 0.000000000000000000e+00 0.000000000000000000e+00 7.770000000000000000e+02 0.000000000000000000e+00 0.000000000000000000e+00 1.000000000000000000e+00
0.000000000000000000e+00 2.610000000000000000e+02 4.629999999999999893e+00 0.000000000000000000e+00 9.566388319283908315e-01 3.218677820247708987e-01 -6.071135214015889181e-01 1.145072898062343171e-02 1.254497119593727750e-05 0.000000000000000000e+00 0.000000000000000000e+00 7.770000000000000000e+02 0.000000000000000000e+00 0.000000000000000000e+00 1.000000000000000000e+00
0.000000000000000000e+00 2.610000000000000000e+02 4.639999999999999680e+00 0.000000000000000000e+00 9.416725321147391137e-01 3.318174768858958568e-01 -6.070023658902383712e-01 1.151625125588336476e-02 1.787203516721342809e-05 0.000000000000000000e+00 0.000000000000000000e+00 7.770000000000000000e+02 0.000000000000000000e+00 0.000000000000000000e+00 1.000000000000000000e+00
0.000000000000000000e+00 2.610000000000000000e+02 4.649999999999999467e+00 0.000000000000000000e+00 9.270836954276455710e-01 3.413512324038177614e-01 -6.068970405295310844e-01 1.157502682164265016e-02 2.467942938993777577e-05 0.000000000000000000e+00 0.000000000000000000e+00 7.770000000000000000e+02 0.000000000000000000e+00 0.000000000000000000e+00 1.000000000000000000e+00
0.000000000000000000e+00 2.610000000000000000e+02 4.660000000000000142e+00 0.000000000000000000e+00 9.128667355525877936e-01 3.504836525271450287e-01 -6.067972344840066867e-01 1.162775002194750724e-02 3.315997888875981715e-05 0.000000000000000000e+00 0.000000000000000000e+00 7.770000000000000000e+02 0.000000000000000000e+00 0.000000000000000000e+00 1.000000000000000000e+00
0.000000000000000000e+00 2.610000000000000000e+02 4.669999999999999929e+00 0.000000000000000000e+00 8.990162085730200037e-01 3.592287264329547258e-01 -6.067026532067683053e-01 1.167504370133810518e-02 4.349157541154848126e-05 0.000000000000000000e+00 0.000000000000000000e+00 7.770000000000000000e+02 0.000000000000000000e+00 0.000000000000000000e+00 1.000000000000000000e+00
0.000000000000000000e+00 2.610000000000000000e+02 4.679999999999999716e+00 0.000000000000000000e+00 8.855268108858056486e-01 3.675998499556221710e-01 -6.066130175702187932e-01 1.171746656281092043e-02 5.583235166024835567e-05 0.000000000000000000e+00 0.000000000000000000e+00 7.770000000000000000e+02 0.000000000000000000e+00 0.000000000000000000e+00 1.000000000000000000e+00
0.000000000000000000e+00 2.610000000000000000e+02 4.689999999999999503e+00 0.000000000000000000e+00 8.723933771703770157e-01 3.756098461067607364e-01 -6.065280630423006691e-01 1.175551976804608233e-02 7.031683860936723332e-05 0.000000000000000000e+00 0.000000000000000000e+00 7.770000000000000000e+02 0.000000000000000000e+00 0.000000000000000000e+00 1.000000000000000000e+00
0.000000000000000000e+00 2.610000000000000000e+02 4.700000000000000178e+00 0.000000000000000000e+00 8.596108784108453804e-01 3.832709847176994922e-01 -6.064475389058110455e-01 1.178965285787154406e-02 8.705310665382479107e-05 0.000000000000000000e+00 0.000000000000000000e+00 7.770000000000000000e+02 0.000000000000000000e+00 0.000000000000000000e+00 1.000000000000000000e+00
0.000000000000000000e+00 2.610000000000000000e+02 4.709999999999999964e+00 0.000000000000000000e+00 8.471744199703049594e-01 3.905950012345958955e-01 -6.063712075184872763e-01 1.182026906290521186e-02 1.061208405516227919e-04 0.000000000000000000e+00 0.000000000000000000e+00 7.770000000000000000e+02 0.000000000000000000e+00 0.000000000000000000e+00 1.000000000000000000e+00
0.000000000000000000e+00 2.610000000000000000e+02 4.719999999999999751e+00 0.000000000000000000e+00 8.350792397165938130e-01 3.975931146949654438e-01 -6.062988436116780733e-01 1.184773006711231820e-02 1.275702652629390286e-04 0.000000000000000000e+00 0.000000000000000000e+00 7.770000000000000000e+02 0.000000000000000000e+00 0.000000000000000000e+00 1.000000000000000000e+00
0.000000000000000000e+00 2.610000000000000000e+02 4.729999999999999538e+00 0.000000000000000000e+00 8.233207061987909414e-01 4.042760449131705403e-01 -6.062302336255328550e-01 1.187236028055219106e-02 1.514218212546670269e-04 0.000000000000000000e+00 0.000000000000000000e+00 7.770000000000000000e+02 0.000000000000000000e+00 0.000000000000000000e+00 1.000000000000000000e+00
0.000000000000000000e+00 2.610000000000000000e+02 4.740000000000000213e+00 0.000000000000000000e+00 8.118943168737559057e-01 4.106540289011917366e-01 -6.061651750787452331e-01 1.189445067179038806e-02 1.776664801441665484e-04 0.000000000000000000e+00 0.000000000000000000e+00 7.770000000000000000e+02 0.000000000000000000e+00 0.000000000000000000e+00 1.000000000000000000e+00
0.000000000000000000e+00 2.610000000000000000e+02 4.750000000000000000e+00 0.000000000000000000e+00 8.007956963820273000e-01 4.167368365498362870e-01 -6.061034759709912345e-01 1.191426220525040533e-02 2.062665916212421020e-04 0.000000000000000000e+00 0.000000000000000000e+00 7.770000000000000000e+02 0.000000000000000000e+00 0.000000000000000000e+00 1.000000000000000000e+00
0.000000000000000000e+00 2.610000000000000000e+02 4.759999999999999787e+00 0.000000000000000000e+00 7.900205948724232652e-01 4.225337855943995247e-01 -6.060449542163000025e-01 1.193202892411205501e-02 2.371571578785899685e-04 0.000000000000000000e+00 0.000000000000000000e+00 7.770000000000000000e+02 0.000000000000000000e+00 0.000000000000000000e+00 1.000000000000000000e+00
0.000000000000000000e+00 2.610000000000000000e+02 4.769999999999999574e+00 0.000000000000000000e+00 7.795648863747010049e-01 4.280537558877134940e-01 -6.059894371056823159e-01 1.194796071517612544e-02 2.702474403125107796e-04 0.000000000000000000e+00 0.000000000000000000e+00 7.770000000000000000e+02 0.000000000000000000e+00 0.000000000000000000e+00 1.000000000000000000e+00
0.000000000000000000e+00 2.610000000000000000e+02 4.780000000000000249e+00 0.000000000000000000e+00 7.694245672196527996e-01 4.333052030024358015e-01 -6.059367607974336378e-01 1.196224578835821707e-02 3.054228135379762066e-04 0.000000000000000000e+00 0.000000000000000000e+00 7.770000000000000000e+02 0.000000000000000000e+00 0.000000000000000000e+00 1.000000000000000000e+00
0.000000000000000000e+00 2.610000000000000000e+02 4.790000000000000036e+00 0.000000000000000000e+00 7.595957545060317839e-01 4.382961711834226226e-01 -6.058867698336048990e-01 1.197505290010304410e-02 3.425467927225711758e-04 0.000000000000000000e+00 0.000000000000000000e+00 7.770000000000000000e+02 0.000000000000000000e+00 0.000000000000000000e+00 1.000000000000000000e+00
0.000000000000000000e+00 2.610000000000000000e+02 4.799999999999999822e+00 0.000000000000000000e+00 7.500746846137232859e-01 4.430343056700217774e-01 -6.058393166812170438e-01 1.198653334698554680e-02 3.814631711441299720e-04 0.000000000000000000e+00 0.000000000000000000e+00 7.770000000000000000e+02 0.000000000000000000e+00 0.000000000000000000e+00 1.000000000000000000e+00
0.000000000000000000e+00 2.610000000000000000e+02 4.809999999999999609e+00 0.000000000000000000e+00 7.408577117625908537e-01 4.475268644071652147e-01 -6.057942612968616469e-01 1.199682275305013514e-02 4.219982152364422021e-04 0.000000000000000000e+00 0.000000000000000000e+00 7.770000000000000000e+02 0.000000000000000000e+00 0.000000000000000000e+00 1.000000000000000000e+00
0.000000000000000000e+00 2.610000000000000000e+02 4.820000000000000284e+00 0.000000000000000000e+00 7.319413066164440762e-01 4.517807291631960043e-01 -6.057514707134067367e-01 1.200604267200279865e-02 4.639628739187282372e-04 0.000000000000000000e+00 0.000000000000000000e+00 7.770000000000000000e+02 0.000000000000000000e+00 0.000000000000000000e+00 1.000000000000000000e+00
0.000000000000000000e+00 2.610000000000000000e+02 4.830000000000000071e+00 0.000000000000000000e+00 7.233220549315960701e-01 4.558024160714647666e-01 -6.057108186475846923e-01 1.201430202318356372e-02 5.071549675573451196e-04 0.000000000000000000e+00 0.000000000000000000e+00 7.770000000000000000e+02 0.000000000000000000e+00 0.000000000000000000e+00 1.000000000000000000e+00
0.000000000000000000e+00 2.610000000000000000e+02 4.839999999999999858e+00 0.000000000000000000e+00 7.149966562494908251e-01 4.595980856118382918e-01 -6.056721851273059176e-01 1.202169837828302897e-02 5.513613294309124488e-04 0.000000000000000000e+00 0.000000000000000000e+00 7.770000000000000000e+02 0.000000000000000000e+00 0.000000000000000000e+00 1.000000000000000000e+00
0.000000000000000000e+00 2.610000000000000000e+02 4.849999999999999645e+00 0.000000000000000000e+00 7.069619226329023620e-01 4.631735520474155599e-01 -6.056354561375983936e-01 1.202831911400376041e-02 5.963598790743049674e-04 0.000000000000000000e+00 0.000000000000000000e+00 7.770000000000000000e+02 0.000000000000000000e+00 0.000000000000000000e+00 1.000000000000000000e+00
0.000000000000000000e+00 2.610000000000000000e+02 4.860000000000000320e+00 0.000000000000000000e+00 6.992147774452178721e-01 4.665342923309025447e-01 -6.056005232841269459e-01 1.203424244428329820e-02 6.419216124167728341e-04 0.000000000000000000e+00 0.000000000000000000e+00 7.770000000000000000e+02 0.000000000000000000e+00 0.000000000000000000e+00 1.000000000000000000e+00
0.000000000000000000e+00 2.610000000000000000e+02 4.870000000000000107e+00 0.000000000000000000e+00 6.917522541723416518e-01 4.696854544942881127e-01 -6.055672834733012433e-01 1.203953834427305691e-02 6.878124982817061459e-04 0.000000000000000000e+00 0.000000000000000000e+00 7.770000000000000000e+02 0.000000000000000000e+00 0.000000000000000000e+00 1.000000000000000000e+00
0.000000000000000000e+00 2.610000000000000000e+02 4.879999999999999893e+00 0.000000000000000000e+00 6.845714952867660852e-01 4.726318655346777309e-01 -6.055356386080262832e-01 1.204426937698845936e-02 7.337952746694761594e-04 0.000000000000000000e+00 0.000000000000000000e+00 7.770000000000000000e+02 0.000000000000000000e+00 0.000000000000000000e+00 1.000000000000000000e+00
0.000000000000000000e+00 2.610000000000000000e+02 4.889999999999999680e+00 0.000000000000000000e+00 6.776697511533759100e-01 4.753780388083595487e-01 -6.055054952981993033e-01 1.204849143239595209e-02 7.796311413931387643e-04 0.000000000000000000e+00 0.000000000000000000e+00 7.770000000000000000e+02 0.000000000000000000e+00 0.000000000000000000e+00 1.000000000000000000e+00
0.000000000000000000e+00 2.610000000000000000e+02 4.899999999999999467e+00 0.000000000000000000e+00 6.710443789765662137e-01 4.779281809444297924e-01 -6.054767645850971380e-01 1.205225438766809910e-02 8.250813481700397523e-04 0.000000000000000000e+00 0.000000000000000000e+00 7.770000000000000000e+02 0.000000000000000000e+00 0.000000000000000000e+00 1.000000000000000000e+00
0.000000000000000000e+00 2.610000000000000000e+02 4.910000000000000142e+00 0.000000000000000000e+00 6.646928417882692619e-01 4.802861982885693326e-01 -6.054493616788423349e-01 1.205560269640657857e-02 8.699086792759470887e-04 0.000000000000000000e+00 0.000000000000000000e+00 7.770000000000000000e+02 0.000000000000000000e+00 0.000000000000000000e+00 1.000000000000000000e+00
0.000000000000000000e+00 2.610000000000000000e+02 4.919999999999999929e+00 0.000000000000000000e+00 6.586127074765084632e-01 4.824557028868458053e-01 -6.054232057081713192e-01 1.205857591379401808e-02 9.138788374206544343e-04 0.000000000000000000e+00 0.000000000000000000e+00 7.770000000000000000e+02 0.000000000000000000e+00 0.000000000000000000e+00 1.000000000000000000e+00
0.000000000000000000e+00 2.610000000000000000e+02 4.929999999999999716e+00 0.000000000000000000e+00 6.528016478540996648e-01 4.844400180186932969e-01 -6.053982194817684181e-01 1.206120916387838291e-02 9.567617306749619244e-04 0.000000000000000000e+00 0.000000000000000000e+00 7.770000000000000000e+02 0.000000000000000000e+00 0.000000000000000000e+00 1.000000000000000000e+00
0.000000000000000000e+00 2.610000000000000000e+02 4.939999999999999503e+00 0.000000000000000000e+00 6.472574377671490575e-01 4.862421832875674088e-01 -6.053743292604586435e-01 1.206353355451026364e-02 9.983326671307666406e-04 0.000000000000000000e+00 0.000000000000000000e+00 7.770000000000000000e+02 0.000000000000000000e+00 0.000000000000000000e+00 1.000000000000000000e+00
0.000000000000000000e+00 2.610000000000000000e+02 4.950000000000000178e+00 0.000000000000000000e+00 6.419779542430034125e-01 4.878649592770510357e-01 -6.053514645395895455e-01 1.206557654483490435e-02 1.038373462561758415e-03 0.000000000000000000e+00 0.000000000000000000e+00 7.770000000000000000e+02 0.000000000000000000e+00 0.000000000000000000e+00 1.000000000000000000e+00
0.000000000000000000e+00 2.610000000000000000e+02 4.959999999999999964e+00 0.000000000000000000e+00 6.369611756773286837e-01 4.893108317795597517e-01 -6.053295578409585431e-01 1.206736226968026758e-02 1.076673466718811381e-03 0.000000000000000000e+00 0.000000000000000000e+00 7.770000000000000000e+02 0.000000000000000000e+00 0.000000000000000000e+00 1.000000000000000000e+00
0.000000000000000000e+00 2.610000000000000000e+02 4.969999999999999751e+00 0.000000000000000000e+00 6.322051810600014532e-01 4.905820156041136859e-01 -6.053085445136712206e-01 1.206891182467339368e-02 1.113030514080478803e-03 0.000000000000000000e+00 0.000000000000000000e+00 7.770000000000000000e+02 0.000000000000000000e+00 0.000000000000000000e+00 1.000000000000000000e+00
0.000000000000000000e+00 2.610000000000000000e+02 4.979999999999999538e+00 0.000000000000000000e+00 6.277081492395228945e-01 4.916804579690164934e-01 -6.052883625433445047e-01 1.207024351545320576e-02 1.147251804917016893e-03 0.000000000000000000e+00 0.000000000000000000e+00 7.770000000000000000e+02 0.000000000000000000e+00 0.000000000000000000e+00 1.000000000000000000e+00
0.000000000000000000e+00 2.610000000000000000e+02 4.990000000000000213e+00 0.000000000000000000e+00 6.234683582256683732e-01 4.926078414846328246e-01 -6.052689523690902851e-01 1.207137307392380267e-02 1.179154722445176565e-03 0.000000000000000000e+00 0.000000000000000000e+00 7.770000000000000000e+02 0.000000000000000000e+00 0.000000000000000000e+00 1.000000000000000000e+00
0.000000000000000000e+00 2.610000000000000000e+02 5.000000000000000000e+00 0.000000000000000000e+00 6.194841845301071181e-01 4.933655867308348597e-01 -6.052502567077392426e-01 1.207231384410304038e-02 1.208567591670532682e-03 0.000000000000000000e+00 0.000000000000000000e+00 7.770000000000000000e+02 0.000000000000000000e+00 0.000000000000000000e+00 1.000000000000000000e+00
0.000000000000000000e+00 2.610000000000000000e+02 5.009999999999999787e+00 0.000000000000000000e+00 6.157541025447424987e-01 4.939548544330704116e-01 -6.052322203847878557e-01 1.207307693976183115e-02 1.235330385253981256e-03 0.000000000000000000e+00 0.000000000000000000e+00 7.770000000000000000e+02 0.000000000000000000e+00 0.000000000000000000e+00 1.000000000000000000e+00
0.000000000000000000e+00 2.610000000000000000e+02 5.019999999999999574e+00 0.000000000000000000e+00 6.122766839575289888e-01 4.943765472403761629e-01 -6.052147901715668743e-01 1.207367137571645557e-02 1.259295381412303336e-03 0.000000000000000000e+00 0.000000000000000000e+00 7.770000000000000000e+02 0.000000000000000000e+00 0.000000000000000000e+00 1.000000000000000000e+00
0.000000000000000000e+00 2.610000000000000000e+02 5.030000000000000249e+00 0.000000000000000000e+00 6.090505972055485495e-01 4.946313111080713476e-01 -6.051979146281545319e-01 1.207410417432494207e-02 1.280327778480716897e-03 0.000000000000000000e+00 0.000000000000000000e+00 7.770000000000000000e+02 0.000000000000000000e+00 0.000000000000000000e+00 1.000000000000000000e+00
0.000000000000000000e+00 2.610000000000000000e+02 5.040000000000000036e+00 0.000000000000000000e+00 6.060746069651309353e-01 4.947195362872404689e-01 -6.051815439515660922e-01 1.207438044844554546e-02 1.298306270335281010e-03 0.000000000000000000e+00 0.000000000000000000e+00 7.770000000000000000e+02 0.000000000000000000e+00 0.000000000000000000e+00 1.000000000000000000e+00
0.000000000000000000e+00 2.610000000000000000e+02 5.049999999999999822e+00 0.000000000000000000e+00 6.033475736788289634e-01 4.946413579225256707e-01 -6.051656298287764191e-01 1.207450346183743146e-02 1.313123586400738105e-03 0.000000000000000000e+00 0.000000000000000000e+00 7.770000000000000000e+02 0.000000000000000000e+00 0.000000000000000000e+00 1.000000000000000000e+00
0.000000000000000000e+00 2.610000000000000000e+02 5.059999999999999609e+00 0.000000000000000000e+00 6.008684531190604527e-01 4.943966562591448621e-01 -6.051501252941388076e-01 1.207447466771699798e-02 1.324686999457824060e-03 0.000000000000000000e+00 0.000000000000000000e+00 7.770000000000000000e+02 0.000000000000000000e+00 0.000000000000000000e+00 1.000000000000000000e+00
0.000000000000000000e+00 2.610000000000000000e+02 5.070000000000000284e+00 0.000000000000000000e+00 5.986362959882580714e-01 4.939850564594474025e-01 -6.051349845907801894e-01 1.207429372592543591e-02 1.332918803913807695e-03 0.000000000000000000e+00 0.000000000000000000e+00 7.770000000000000000e+02 0.000000000000000000e+00 0.000000000000000000e+00 1.000000000000000000e+00
0.000000000000000000e+00 2.610000000000000000e+02 5.080000000000000071e+00 0.000000000000000000e+00 5.966502475553648877e-01 4.934059280287338978e-01 -6.051201630355637073e-01 1.207395849891029077e-02 1.337756766612170287e-03 0.000000000000000000e+00 0.000000000000000000e+00 7.770000000000000000e+02 0.000000000000000000e+00 0.000000000000000000e+00 1.000000000000000000e+00
0.000000000000000000e+00 2.610000000000000000e+02 5.089999999999999858e+00 0.000000000000000000e+00 5.949095473285445079e-01 4.926583838494540402e-01 -6.051056168872201990e-01 1.207346502647346949e-02 1.339154551626331804e-03 0.000000000000000000e+00 0.000000000000000000e+00 7.770000000000000000e+02 0.000000000000000000e+00 0.000000000000000000e+00 1.000000000000000000e+00
0.000000000000000000e+00 2.610000000000000000e+02 5.099999999999999645e+00 0.000000000000000000e+00 5.934135287639753509e-01 4.917412788223070041e-01 -6.050913032172596795e-01 1.207280747898760442e-02 1.337082119809577044e-03 0.000000000000000000e+00 0.000000000000000000e+00 7.770000000000000000e+02 0.000000000000000000e+00 0.000000000000000000e+00 1.000000000000000000e+00
0.000000000000000000e+00 2.610000000000000000e+02 5.110000000000000320e+00 0.000000000000000000e+00 5.921616190106198108e-01 4.906532081121614541e-01 -6.050771797832801280e-01 1.207197808852774820e-02 1.331526103147944590e-03 0.000000000000000000e+00 0.000000000000000000e+00 7.770000000000000000e+02 0.000000000000000000e+00 0.000000000000000000e+00 1.000000000000000000e+00
0.000000000000000000e+00 2.610000000000000000e+02 5.120000000000000107e+00 0.000000000000000000e+00 5.911533386908699450e-01 4.893925049961081464e-01 -6.050632049043032090e-01 1.207096705710524430e-02 1.322490153184670628e-03 0.000000000000000000e+00 0.000000000000000000e+00 7.770000000000000000e+02 0.000000000000000000e+00 0.000000000000000000e+00 1.000000000000000000e+00
0.000000000000000000e+00 2.610000000000000000e+02 5.129999999999999893e+00 0.000000000000000000e+00 5.903883017169851977e-01 4.879572383103493172e-01 -6.050493373377646700e-01 1.206976244091929190e-02 1.309995261942045741e-03 0.000000000000000000e+00 0.000000000000000000e+00 7.770000000000000000e+02 0.000000000000000000e+00 0.000000000000000000e+00 1.000000000000000000e+00
0.000000000000000000e+00 2.610000000000000000e+02 5.139999999999999680e+00 0.000000000000000000e+00 5.898662151432528811e-01 4.863452094920115432e-01 -6.050355361578001467e-01 1.206835000925912151e-02 1.294080052853599505e-03 0.000000000000000000e+00 0.000000000000000000e+00 7.770000000000000000e+02 0.000000000000000000e+00 0.000000000000000000e+00 1.000000000000000000e+00
0.000000000000000000e+00 2.610000000000000000e+02 5.149999999999999467e+00 0.000000000000000000e+00 5.895868790538149051e-01 4.845539492113574154e-01 -6.050217606344647781e-01 1.206671307638975017e-02 1.274801038226951871e-03 0.000000000000000000e+00 0.000000000000000000e+00 7.770000000000000000e+02 0.000000000000000000e+00 0.000000000000000000e+00 1.000000000000000000e+00
0.000000000000000000e+00 2.610000000000000000e+02 5.160000000000000142e+00 0.000000000000000000e+00 5.895501864861157904e-01 4.825807135892262734e-01 -6.050079701135313570e-01 1.206483230443534602e-02 1.252232838675280957e-03 0.000000000000000000e+00 0.000000000000000000e+00 7.770000000000000000e+02 0.000000000000000000e+00 0.000000000000000000e+00 1.000000000000000000e+00
0.000000000000000000e+00 2.610000000000000000e+02 5.169999999999999929e+00 0.000000000000000000e+00 5.897561233899450972e-01 4.804224799939217361e-01 -6.049941238965119705e-01 1.206268547493163056e-02 1.226468358773574741e-03 0.000000000000000000e+00 0.000000000000000000e+00 7.770000000000000000e+02 0.000000000000000000e+00 0.000000000000000000e+00 1.000000000000000000e+00
0.000000000000000000e+00 2.610000000000000000e+02 5.179999999999999716e+00 0.000000000000000000e+00 5.902047686220576184e-01 4.780759424110979094e-01 -6.049801811205486324e-01 1.206024722634843616e-02 1.197618911904483469e-03 0.000000000000000000e+00 0.000000000000000000e+00 7.770000000000000000e+02 0.000000000000000000e+00 0.000000000000000000e+00 1.000000000000000000e+00
0.000000000000000000e+00 2.610000000000000000e+02 5.189999999999999503e+00 0.000000000000000000e+00 5.908962939763687805e-01 4.755375063795581614e-01 -6.049661006378196371e-01 1.205748875448174780e-02 1.165814285847072834e-03 0.000000000000000000e+00 0.000000000000000000e+00 7.770000000000000000e+02 0.000000000000000000e+00 0.000000000000000000e+00 1.000000000000000000e+00
0.000000000000000000e+00 2.610000000000000000e+02 5.200000000000000178e+00 0.000000000000000000e+00 5.918309642497373568e-01 4.728032834852059496e-01 -6.049518408941035874e-01 1.205437747217579306e-02 1.131202739121962841e-03 0.000000000000000000e+00 0.000000000000000000e+00 7.770000000000000000e+02 0.000000000000000000e+00 0.000000000000000000e+00 1.000000000000000000e+00
0.000000000000000000e+00 2.610000000000000000e+02 5.209999999999999964e+00 0.000000000000000000e+00 5.930091373433610258e-01 4.698690854047138932e-01 -6.049373598061457136e-01 1.205087662435526917e-02 1.093950916430155504e-03 0.000000000000000000e+00 0.000000000000000000e+00 7.770000000000000000e+02 0.000000000000000000e+00 0.000000000000000000e+00 1.000000000000000000e+00
0.000000000000000000e+00 2.610000000000000000e+02 5.219999999999999751e+00 0.000000000000000000e+00 5.944312643998225232e-01 4.667304174897878855e-01 -6.049226146374613311e-01 1.204694485381996479e-02 1.054243669705176578e-03 0.000000000000000000e+00 0.000000000000000000e+00 7.770000000000000000e+02 0.000000000000000000e+00 0.000000000000000000e+00 1.000000000000000000e+00
0.000000000000000000e+00 2.610000000000000000e+02 5.229999999999999538e+00 0.000000000000000000e+00 5.960978899758402338e-01 4.633824718821979993e-01 -6.049075618722129510e-01 1.204253571267223551e-02 1.012283769340193221e-03 0.000000000000000000e+00 0.000000000000000000e+00 7.770000000000000000e+02 0.000000000000000000e+00 0.000000000000000000e+00 1.000000000000000000e+00
0.000000000000000000e+00 2.610000000000000000e+02 5.240000000000000213e+00 0.000000000000000000e+00 5.980096522507875045e-01 4.598201201490302314e-01 -6.048921570867860087e-01 1.203759711360564283e-02 9.682914880567421861e-04 0.000000000000000000e+00 0.000000000000000000e+00 7.770000000000000000e+02 0.000000000000000000e+00 0.000000000000000000e+00 1.000000000000000000e+00
0.000000000000000000e+00 2.610000000000000000e+02 5.250000000000000000e+00 0.000000000000000000e+00 6.001672832710636118e-01 4.560379054268754451e-01 -6.048763548186865124e-01 1.203207071457253023e-02 9.225040376661681335e-04 0.000000000000000000e+00 0.000000000000000000e+00 7.770000000000000000e+02 0.000000000000000000e+00 0.000000000000000000e+00 1.000000000000000000e+00
0.000000000000000000e+00 2.610000000000000000e+02 5.259999999999999787e+00 0.000000000000000000e+00 6.025716092304055360e-01 4.520300340629250790e-01 -6.048601084323725896e-01 1.202589122956133731e-02 8.751748366643023400e-04 0.000000000000000000e+00 0.000000000000000000e+00 7.770000000000000000e+02 0.000000000000000000e+00 0.000000000000000000e+00 1.000000000000000000e+00
0.000000000000000000e+00 2.610000000000000000e+02 5.269999999999999574e+00 0.000000000000000000e+00 6.052235507862523400e-01 4.477903667401692545e-01 -6.048433699816235798e-01 1.201898565734152435e-02 8.265725842372924695e-04 0.000000000000000000e+00 0.000000000000000000e+00 7.770000000000000000e+02 0.000000000000000000e+00 0.000000000000000000e+00 1.000000000000000000e+00
0.000000000000000000e+00 2.610000000000000000e+02 5.280000000000000249e+00 0.000000000000000000e+00 6.081241234122806150e-01 4.433124090730963252e-01 -6.048260900680418883e-01 1.201127241906489729e-02 7.769801139083081648e-04 0.000000000000000000e+00 0.000000000000000000e+00 7.770000000000000000e+02 0.000000000000000000e+00 0.000000000000000000e+00 1.000000000000000000e+00
0.000000000000000000e+00 2.610000000000000000e+02 5.290000000000000036e+00 0.000000000000000000e+00 6.112744377872462165e-01 4.385893016595002192e-01 -6.048082176952687128e-01 1.200266039453541655e-02 7.266929978155430014e-04 0.000000000000000000e+00 0.000000000000000000e+00 7.770000000000000000e+02 0.000000000000000000e+00 0.000000000000000000e+00 1.000000000000000000e+00
0.000000000000000000e+00 2.610000000000000000e+02 5.299999999999999822e+00 0.000000000000000000e+00 6.146757002202829501e-01 4.336138095731428832e-01 -6.047897001184836530e-01 1.199304784576246154e-02 6.760178706165390419e-04 0.000000000000000000e+00 0.000000000000000000e+00 7.770000000000000000e+02 0.000000000000000000e+00 0.000000000000000000e+00 1.000000000000000000e+00
0.000000000000000000e+00 2.610000000000000000e+02 5.309999999999999609e+00 0.000000000000000000e+00 6.183292131128181879e-01 4.283783112811879734e-01 -6.047704826887448926e-01 1.198232121508098838e-02 6.252704404482471376e-04 0.000000000000000000e+00 0.000000000000000000e+00 7.770000000000000000e+02 0.000000000000000000e+00 0.000000000000000000e+00 1.000000000000000000e+00
0.000000000000000000e+00 2.610000000000000000e+02 5.320000000000000284e+00 0.000000000000000000e+00 6.222363754572849404e-01 4.228747869694244876e-01 -6.047505086917095429e-01 1.197035378364015752e-02 5.747731534877544013e-04 0.000000000000000000e+00 0.000000000000000000e+00 7.770000000000000000e+02 0.000000000000000000e+00 0.000000000000000000e+00 1.000000000000000000e+00
0.000000000000000000e+00 2.610000000000000000e+02 5.330000000000000071e+00 0.000000000000000000e+00 6.263986833728195647e-01 4.170948062573936466e-01 -6.047297191802586402e-01 1.195700417441260786e-02 5.248524787911700365e-04 0.000000000000000000e+00 0.000000000000000000e+00 7.770000000000000000e+02 0.000000000000000000e+00 0.000000000000000000e+00 1.000000000000000000e+00
0.000000000000000000e+00 2.610000000000000000e+02 5.339999999999999858e+00 0.000000000000000000e+00 6.308177306781517224e-01 4.110295152846080713e-01 -6.047080528005328581e-01 1.194211468203953443e-02 4.758357816787460101e-04 0.000000000000000000e+00 0.000000000000000000e+00 7.770000000000000000e+02 0.000000000000000000e+00 0.000000000000000000e+00 1.000000000000000000e+00
0.000000000000000000e+00 2.610000000000000000e+02 5.349999999999999645e+00 0.000000000000000000e+00 6.354952095019051894e-01 4.046696231480765849e-01 -6.046854456108653464e-01 1.192550940978142140e-02 4.280477575543187307e-04 0.000000000000000000e+00 0.000000000000000000e+00 7.770000000000000000e+02 0.000000000000000000e+00 0.000000000000000000e+00 1.000000000000000000e+00
0.000000000000000000e+00 2.610000000000000000e+02 5.360000000000000320e+00 0.000000000000000000e+00 6.404329109305412215e-01 3.980053876703597560e-01 -6.046618308930775676e-01 1.190699219156519592e-02 3.818064044259542565e-04 0.000000000000000000e+00 0.000000000000000000e+00 7.770000000000000000e+02 0.000000000000000000e+00 0.000000000000000000e+00 1.000000000000000000e+00
0.000000000000000000e+00 2.610000000000000000e+02 5.370000000000000107e+00 0.000000000000000000e+00 6.456327256941976067e-01 3.910266004763587877e-01 -6.046371389555813547e-01 1.188634427457996301e-02 3.374185224474285545e-04 0.000000000000000000e+00 0.000000000000000000e+00 7.770000000000000000e+02 0.000000000000000000e+00 0.000000000000000000e+00 1.000000000000000000e+00
0.000000000000000000e+00 2.610000000000000000e+02 5.379999999999999893e+00 0.000000000000000000e+00 6.510966448906811976e-01 3.837225713559734852e-01 -6.046112969277050997e-01 1.186332173504482321e-02 2.951747436529838543e-04 0.000000000000000000e+00 0.000000000000000000e+00 7.770000000000000000e+02 0.000000000000000000e+00 0.000000000000000000e+00 1.000000000000000000e+00
0.000000000000000000e+00 2.610000000000000000e+02 5.389999999999999680e+00 0.000000000000000000e+00 6.568267607478927017e-01 3.760821118886800707e-01 -6.045842285446386688e-01 1.183765259661979062e-02 2.553441160609419038e-04 0.000000000000000000e+00 0.000000000000000000e+00 7.770000000000000000e+02 0.000000000000000000e+00 0.000000000000000000e+00 1.000000000000000000e+00
0.000000000000000000e+00 2.610000000000000000e+02 5.399999999999999467e+00 0.000000000000000000e+00 6.628252674249771603e-01 3.680935183049413584e-01 -6.045558539223611083e-01 1.180903361741843932e-02 2.181682950415232518e-04 0.000000000000000000e+00 0.000000000000000000e+00 7.770000000000000000e+02 0.000000000000000000e+00 0.000000000000000000e+00 1.000000000000000000e+00
0.000000000000000000e+00 2.610000000000000000e+02 5.410000000000000142e+00 0.000000000000000000e+00 6.690944618525039855e-01 3.597445535581985099e-01 -6.045260893218875609e-01 1.177712670766552921e-02 1.838554330083901241e-04 0.000000000000000000e+00 0.000000000000000000e+00 7.770000000000000000e+02 0.000000000000000000e+00 0.000000000000000000e+00 1.000000000000000000e+00
0.000000000000000000e+00 2.610000000000000000e+02 5.419999999999999929e+00 0.000000000000000000e+00 6.756367446120026266e-01 3.510224285799824484e-01 -6.044948469021393933e-01 1.174155493567976584e-02 1.525739078613518821e-04 0.000000000000000000e+00 0.000000000000000000e+00 7.770000000000000000e+02 0.000000000000000000e+00 0.000000000000000000e+00 1.000000000000000000e+00
0.000000000000000000e+00 2.610000000000000000e+02 5.429999999999999716e+00 0.000000000000000000e+00 6.824546208551834914e-01 3.419137826894257381e-01 -6.044620344607080087e-01 1.170189807499847495e-02 1.244460927136040000e-04 0.000000000000000000e+00 0.000000000000000000e+00 7.770000000000000000e+02 0.000000000000000000e+00 0.000000000000000000e+00 1.000000000000000000e+00
0.000000000000000000e+00 2.610000000000000000e+02 5.439999999999999503e+00 0.000000000000000000e+00 6.895507012632060562e-01 3.324046631271750374e-01 -6.044275551617482867e-01 1.165768764004009722e-02 9.954244513012003651e-05 0.000000000000000000e+00 0.000000000000000000e+00 7.770000000000000000e+02 0.000000000000000000e+00 0.000000000000000000e+00 1.000000000000000000e+00
0.000000000000000000e+00 2.610000000000000000e+02 5.450000000000000178e+00 0.000000000000000000e+00 6.969277030463516542e-01 3.224805036823459869e-01 -6.043913072501962969e-01 1.160840135165857982e-02 7.787628278954281114e-05 0.000000000000000000e+00 0.000000000000000000e+00 7.770000000000000000e+02 0.000000000000000000e+00 0.000000000000000000e+00 1.000000000000000000e+00
0.000000000000000000e+00 2.610000000000000000e+02 5.459999999999999964e+00 0.000000000000000000e+00 7.045884509844897448e-01 3.121261023797836098e-01 -6.043531837514718452e-01 1.155345696720841940e-02 5.939971092338354897e-05 0.000000000000000000e+00 0.000000000000000000e+00 7.770000000000000000e+02 0.000000000000000000e+00 0.000000000000000000e+00 1.000000000000000000e+00
0.000000000000000000e+00 2.610000000000000000e+02 5.469999999999999751e+00 0.000000000000000000e+00 7.125358785087343438e-01 3.013255981934518379e-01 -6.043130721557745666e-01 1.149220540223210713e-02 4.400126742877324623e-05 0.000000000000000000e+00 0.000000000000000000e+00 7.770000000000000000e+02 0.000000000000000000e+00 0.000000000000000000e+00 1.000000000000000000e+00
0.000000000000000000e+00 2.610000000000000000e+02 5.479999999999999538e+00 0.000000000000000000e+00 7.207730288247065076e-01 2.900624467502773141e-01 -6.042708540860465272e-01 1.142392306251301635e-02 3.150593964745525364e-05 0.000000000000000000e+00 0.000000000000000000e+00 7.770000000000000000e+02 0.000000000000000000e+00 0.000000000000000000e+00 1.000000000000000000e+00
0.000000000000000000e+00 2.610000000000000000e+02 5.490000000000000213e+00 0.000000000000000000e+00 7.293030560778266391e-01 2.783193949872320161e-01 -6.042264049486187893e-01 1.134780329590865874e-02 2.167825788748363024e-05 0.000000000000000000e+00 0.000000000000000000e+00 7.770000000000000000e+02 0.000000000000000000e+00 0.000000000000000000e+00 1.000000000000000000e+00
0.000000000000000000e+00 2.610000000000000000e+02 5.500000000000000000e+00 0.000000000000000000e+00 7.381292265610930325e-01 2.660784547228347563e-01 -6.041795935655106531e-01 1.126294686298070363e-02 1.422914691504562870e-05 0.000000000000000000e+00 0.000000000000000000e+00 7.770000000000000000e+02 0.000000000000000000e+00 0.000000000000000000e+00 1.000000000000000000e+00
0.000000000000000000e+00 2.610000000000000000e+02 5.509999999999999787e+00 0.000000000000000000e+00 7.472549199658002905e-01 2.533208751025875505e-01 -6.041302817872989950e-01 1.116835131384668472e-02 8.827064405946276511e-06 0.000000000000000000e+00 0.000000000000000000e+00 7.770000000000000000e+02 0.000000000000000000e+00 0.000000000000000000e+00 1.000000000000000000e+00
0.000000000000000000e+00 2.610000000000000000e+02 5.519999999999999574e+00 0.000000000000000000e+00 7.566836306756814512e-01 2.400271138761368717e-01 -6.040783240854123992e-01 1.106289914575710534e-02 5.113607775336409707e-06 0.000000000000000000e+00 0.000000000000000000e+00 7.770000000000000000e+02 0.000000000000000000e+00 0.000000000000000000e+00 1.000000000000000000e+00
0.000000000000000000e+00 2.610000000000000000e+02 5.530000000000000249e+00 0.000000000000000000e+00 7.664189691049658748e-01 2.261768074621639257e-01 -6.040235671226479308e-01 1.094534460149759400e-02 2.723159675456912415e-06 0.000000000000000000e+00 0.000000000000000000e+00 7.770000000000000000e+02 0.000000000000000000e+00 0.000000000000000000e+00 1.000000000000000000e+00
0.000000000000000000e+00 2.610000000000000000e+02 5.540000000000000036e+00 0.000000000000000000e+00 7.764646630808693661e-01 2.117487397551477968e-01 -6.039658493006438977e-01 1.081429895265936629e-02 1.305230235088835440e-06 0.000000000000000000e+00 0.000000000000000000e+00 7.770000000000000000e+02 0.000000000000000000e+00 0.000000000000000000e+00 1.000000000000000000e+00
0.000000000000000000e+00 2.610000000000000000e+02 5.549999999999999822e+00 0.000000000000000000e+00 7.868245592710427783e-01 1.967208096262192674e-01 -6.039050002829715602e-01 1.066821409392215876e-02 5.469973927018996523e-07 0.000000000000000000e+00 0.000000000000000000e+00 7.770000000000000000e+02 0.000000000000000000e+00 0.000000000000000000e+00 1.000000000000000000e+00
0.000000000000000000e+00 2.610000000000000000e+02 5.559999999999999609e+00 0.000000000000000000e+00 7.975026246565267707e-01 1.810699970683223581e-01 -6.038408404924399120e-01 1.050536425454100253e-02 1.923951170416342345e-07 0.000000000000000000e+00 0.000000000000000000e+00 7.770000000000000000e+02 0.000000000000000000e+00 0.000000000000000000e+00 1.000000000000000000e+00
0.000000000000000000e+00 2.610000000000000000e+02 5.570000000000000284e+00 0.000000000000000000e+00 8.085029480507763822e-01 1.647723279338252356e-01 -6.037731805811281660e-01 1.032382561098581057e-02 5.349887322164018378e-08 0.000000000000000000e+00 0.000000000000000000e+00 7.770000000000000000e+02 0.000000000000000000e+00 0.000000000000000000e+00 1.000000000000000000e+00
0.000000000000000000e+00 2.610000000000000000e+02 5.580000000000000071e+00 0.000000000000000000e+00 8.198297416653372860e-01 1.478028372105636701e-01 -6.037018208715840828e-01 1.012145355988812619e-02 1.073721841368921934e-08 0.000000000000000000e+00 0.000000000000000000e+00 7.770000000000000000e+02 0.000000000000000000e+00 0.000000000000000000e+00 1.000000000000000000e+00
0.000000000000000000e+00 2.610000000000000000e+02 5.589999999999999858e+00 0.000000000000000000e+00 8.314873427227734703e-01 1.301355307800640404e-01 -6.036265507675367958e-01 9.895857382809345945e-03 1.344094763322413701e-09 0.000000000000000000e+00 0.000000000000000000e+00 7.770000000000000000e+02 0.000000000000000000e+00 0.000000000000000000e+00 1.000000000000000000e+00
0.000000000000000000e+00 2.610000000000000000e+02 5.599999999999999645e+00 0.000000000000000000e+00 8.434802151174644047e-01 1.117433455993657315e-01 -6.035471481323869680e-01 9.644372003533185911e-03 8.172260870539187356e-11 0.000000000000000000e+00 0.000000000000000000e+00 7.770000000000000000e+02 0.000000000000000000e+00 0.000000000000000000e+00 1.000000000000000000e+00
0.000000000000000000e+00 2.610000000000000000e+02 5.610000000000000320e+00 0.000000000000000000e+00 8.558129511249054078e-01 9.259810824544897900e-02 -6.034633786336386363e-01 9.364026504237668233e-03 1.511479573373357499e-12 0.000000000000000000e+00 0.000000000000000000e+00 7.770000000000000000e+02 0.000000000000000000e+00 0.000000000000000000e+00 1.000000000000000000e+00
0.000000000000000000e+00 2.610000000000000000e+02 5.620000000000000107e+00 0.000000000000000000e+00 8.684902731601694681e-01 7.267049175876633127e-02 -6.033749950513385141e-01 9.051509028613045210e-03 3.155871855680580481e-15 0.000000000000000000e+00 0.000000000000000000e+00 7.770000000000000000e+02 0.000000000000000000e+00 0.000000000000000000e+00 1.000000000000000000e+00
0.000000000000000000e+00 2.610000000000000000e+02 5.629999999999999893e+00 0.000000000000000000e+00 8.815170355861992046e-01 5.192997071976920842e-02 -6.032817365484831607e-01 8.703127657309236292e-03 5.880395961892863286e-20 0.000000000000000000e+00 0.000000000000000000e+00 7.770000000000000000e+02 0.000000000000000000e+00 0.000000000000000000e+00 1.000000000000000000e+00
0.000000000000000000e+00 2.610000000000000000e+02 5.639999999999999680e+00 0.000000000000000000e+00 8.948982265726265206e-01 3.034477448961622748e-02 -6.031833279012372984e-01 8.314766793515693602e-03 1.123010034951236740e-30 0.000000000000000000e+00 0.000000000000000000e+00 7.770000000000000000e+02 0.000000000000000000e+00 0.000000000000000000e+00 1.000000000000000000e+00
0.000000000000000000e+00 2.610000000000000000e+02 5.649999999999999467e+00 0.000000000000000000e+00 9.086389700058267183e-01 7.881838543435456743e-03 -6.030794786866965351e-01 7.881838543435479294e-03 3.137231754920997283e-80 1.000000000000000000e+00 1.000000000000000000e+00 7.770000000000000000e+02 0.000000000000000000e+00 0.000000000000000000e+00 1.000000000000000000e+00
0.000000000000000000e+00 2.610000000000000000e+02 5.660000000000000142e+00 0.000000000000000000e+00 8.876906964264096311e-01 3.028665628797291842e-02 -6.033059116958963131e-01 8.314573463726975672e-03 1.561065620042633988e-30 0.000000000000000000e+00 0.000000000000000000e+00 7.770000000000000000e+02 0.000000000000000000e+00 0.000000000000000000e+00 1.000000000000000000e+00
0.000000000000000000e+00 2.610000000000000000e+02 5.669999999999999929e+00 0.000000000000000000e+00 8.670992154074779190e-01 5.174415827626770159e-02 -6.035272659062300704e-01 8.702727835699303541e-03 8.862523372684420125e-20 0.000000000000000000e+00 0.000000000000000000e+00 7.770000000000000000e+02 0.000000000000000000e+00 0.000000000000000000e+00 1.000000000000000000e+00
0.000000000000000000e+00 2.610000000000000000e+02 5.679999999999999716e+00 0.000000000000000000e+00 8.468566421195603544e-01 7.228721342925135962e-02 -6.037441945766798268e-01 9.050887113762123501e-03 4.953335972933108773e-15 0.000000000000000000e+00 0.000000000000000000e+00 7.770000000000000000e+02 0.000000000000000000e+00 0.000000000000000000e+00 1.000000000000000000e+00
0.000000000000000000e+00 2.610000000000000000e+02 5.689999999999999503e+00 0.000000000000000000e+00 8.269552253359100380e-01 9.194728990458191087e-02 -6.039573379056055735e-01 9.363164271031652192e-03 2.436531301038594186e-12 0.000000000000000000e+00 0.000000000000000000e+00 7.770000000000000000e+02 0.000000000000000000e+00 0.000000000000000000e+00 1.000000000000000000e+00
0.000000000000000000e+00 2.610000000000000000e+02 5.700000000000000178e+00 0.000000000000000000e+00 8.073873444644275033e-01 1.107545033000363471e-01 -6.041673249200942841e-01 9.643248387861571083e-03 1.344332597709896346e-10 0.000000000000000000e+00 0.000000000000000000e+00 7.770000000000000000e+02 0.000000000000000000e+00 0.000000000000000000e+00 1.000000000000000000e+00
0.000000000000000000e+00 2.610000000000000000e+02 5.709999999999999964e+00 0.000000000000000000e+00 7.881455066296053635e-01 1.287376627850311539e-01 -6.043747753323397420e-01 9.894448232724764938e-03 2.248345997927792586e-09 0.000000000000000000e+00 0.000000000000000000e+00 7.770000000000000000e+02 0.000000000000000000e+00 0.000000000000000000e+00 1.000000000000000000e+00
0.000000000000000000e+00 2.610000000000000000e+02 5.719999999999999751e+00 0.000000000000000000e+00 7.692223438033793936e-01 1.459243152309372682e-01 -6.045803013685333571e-01 1.011973135028776394e-02 1.822502296105217782e-08 0.000000000000000000e+00 0.000000000000000000e+00 7.770000000000000000e+02 0.000000000000000000e+00 0.000000000000000000e+00 1.000000000000000000e+00
0.000000000000000000e+00 2.610000000000000000e+02 5.729999999999999538e+00 0.000000000000000000e+00 7.506106099837831502e-01 1.623407874077873736e-01 -6.047845095756615441e-01 1.032175911844412063e-02 9.201505911600944322e-08 0.000000000000000000e+00 0.000000000000000000e+00 7.770000000000000000e+02 0.000000000000000000e+00 0.000000000000000000e+00 1.000000000000000000e+00
0.000000000000000000e+00 2.610000000000000000e+02 5.740000000000000213e+00 0.000000000000000000e+00 7.323031784203327677e-01 1.780122263120141879e-01 -6.049880026115426190e-01 1.050291818845235439e-02 3.349870528230545138e-07 0.000000000000000000e+00 0.000000000000000000e+00 7.770000000000000000e+02 0.000000000000000000e+00 0.000000000000000000e+00 1.000000000000000000e+00
0.000000000000000000e+00 2.610000000000000000e+02 5.750000000000000000e+00 0.000000000000000000e+00 7.142930388850703416e-01 1.929626376869941762e-01 -6.051913810233869873e-01 1.066534867959593839e-02 9.634666885589668231e-07 0.000000000000000000e+00 0.000000000000000000e+00 7.770000000000000000e+02 0.000000000000000000e+00 0.000000000000000000e+00 1.000000000000000000e+00
0.000000000000000000e+00 2.610000000000000000e+02 5.759999999999999787e+00 0.000000000000000000e+00 6.965732949882283975e-01 2.072149227954019346e-01 -6.053952450201270929e-01 1.081096946144238617e-02 2.324499871387602698e-06 0.000000000000000000e+00 0.000000000000000000e+00 7.770000000000000000e+02 0.000000000000000000e+00 0.000000000000000000e+00 1.000000000000000000e+00
0.000000000000000000e+00 2.610000000000000000e+02 5.769999999999999574e+00 0.000000000000000000e+00 6.791371615374857118e-01 2.207909134997056433e-01 -6.056001962437500552e-01 1.094150082237301154e-02 4.901525129735390183e-06 0.000000000000000000e+00 0.000000000000000000e+00 7.770000000000000000e+02 0.000000000000000000e+00 0.000000000000000000e+00 1.000000000000000000e+00
0.000000000000000000e+00 2.610000000000000000e+02 5.780000000000000249e+00 0.000000000000000000e+00 6.619779619398001858e-01 2.337114057045393545e-01 -6.058068395448594767e-01 1.105848479217749931e-02 9.299546665733371973e-06 0.000000000000000000e+00 0.000000000000000000e+00 7.770000000000000000e+02 0.000000000000000000e+00 0.000000000000000000e+00 1.000000000000000000e+00
0.000000000000000000e+00 2.610000000000000000e+02 5.790000000000000036e+00 0.000000000000000000e+00 6.450891256448277877e-01 2.459961912121782501e-01 -6.060157847677061227e-01 1.116330335879398526e-02 1.621484594303143558e-05 0.000000000000000000e+00 0.000000000000000000e+00 7.770000000000000000e+02 0.000000000000000000e+00 0.000000000000000000e+00 1.000000000000000000e+00
0.000000000000000000e+00 2.610000000000000000e+02 5.799999999999999822e+00 0.000000000000000000e+00 6.284641856289473472e-01 2.576640880399169165e-01 -6.062276485499556999e-01 1.125719479439770201e-02 2.639622289366813169e-05 0.000000000000000000e+00 0.000000000000000000e+00 7.770000000000000000e+02 0.000000000000000000e+00 0.000000000000000000e+00 1.000000000000000000e+00
0.000000000000000000e+00 2.610000000000000000e+02 5.809999999999999609e+00 0.000000000000000000e+00 6.120967759189258617e-01 2.687329692457879338e-01 -6.064430561425059318e-01 1.134126828370613654e-02 4.060421677880223131e-05 0.000000000000000000e+00 0.000000000000000000e+00 7.770000000000000000e+02 0.000000000000000000e+00 0.000000000000000000e+00 1.000000000000000000e+00
0.000000000000000000e+00 2.610000000000000000e+02 5.820000000000000284e+00 0.000000000000000000e+00 5.959806291542789625e-01 2.792197903067777931e-01 -6.066626432547225223e-01 1.141651702731194713e-02 5.957306640721571171e-05 0.000000000000000000e+00 0.000000000000000000e+00 7.770000000000000000e+02 0.000000000000000000e+00 0.000000000000000000e+00 1.000000000000000000e+00
0.000000000000000000e+00 2.610000000000000000e+02 5.830000000000000071e+00 0.000000000000000000e+00 5.801095741873922851e-01 2.891406150914798689e-01 -6.068870579305400970e-01 1.148382997483957113e-02 8.397828990486092861e-05 0.000000000000000000e+00 0.000000000000000000e+00 7.770000000000000000e+02 0.000000000000000000e+00 0.000000000000000000e+00 1.000000000000000000e+00
0.000000000000000000e+00 2.610000000000000000e+02 5.839999999999999858e+00 0.000000000000000000e+00 5.644775337204828158e-01 2.985106404669666813e-01 -6.071169624609648041e-01 1.154400232653498073e-02 1.144111819666618172e-04 0.000000000000000000e+00 0.000000000000000000e+00 7.770000000000000000e+02 0.000000000000000000e+00 0.000000000000000000e+00 1.000000000000000000e+00
0.000000000000000000e+00 2.610000000000000000e+02 5.849999999999999645e+00 0.000000000000000000e+00 5.490785219784988236e-01 3.073442195775770713e-01 -6.073530353386228375e-01 1.159774492734890611e-02 1.513603948445421676e-04 0.000000000000000000e+00 0.000000000000000000e+00 7.770000000000000000e+02 0.000000000000000000e+00 0.000000000000000000e+00 1.000000000000000000e+00
0.000000000000000000e+00 2.610000000000000000e+02 5.860000000000000320e+00 0.000000000000000000e+00 5.339066424170635372e-01 3.156548838312769334e-01 -6.075959732601234897e-01 1.164569266449037854e-02 1.952000651161932276e-04 0.000000000000000000e+00 0.000000000000000000e+00 7.770000000000000000e+02 0.000000000000000000e+00 0.000000000000000000e+00 1.000000000000000000e+00
0.000000000000000000e+00 2.610000000000000000e+02 5.870000000000000107e+00 0.000000000000000000e+00 5.189560854645879351e-01 3.234553636272708421e-01 -6.078464931821445649e-01 1.168841196765485306e-02 2.461835798252907243e-04 0.000000000000000000e+00 0.000000000000000000e+00 7.770000000000000000e+02 0.000000000000000000e+00 0.000000000000000000e+00 1.000000000000000000e+00
0.000000000000000000e+00 2.610000000000000000e+02 5.879999999999999893e+00 0.000000000000000000e+00 5.042211262976870056e-01 3.307576078566168976e-01 -6.081053344373106295e-01 1.172640750053084713e-02 3.044419410209988838e-04 0.000000000000000000e+00 0.000000000000000000e+00 7.770000000000000000e+02 0.000000000000000000e+00 0.000000000000000000e+00 1.000000000000000000e+00
0.000000000000000000e+00 2.610000000000000000e+02 5.889999999999999680e+00 0.000000000000000000e+00 4.896961226490473829e-01 3.375728022057170041e-01 -6.083732609161055516e-01 1.176012812263496805e-02 3.699857002171448757e-04 0.000000000000000000e+00 0.000000000000000000e+00 7.770000000000000000e+02 0.000000000000000000e+00 0.000000000000000000e+00 1.000000000000000000e+00
0.000000000000000000e+00 2.610000000000000000e+02 5.899999999999999467e+00 0.000000000000000000e+00 4.753755126469058068e-01 3.439113862907156594e-01 -6.086510633212611765e-01 1.178997219190543524e-02 4.427095289882519713e-04 0.000000000000000000e+00 0.000000000000000000e+00 7.770000000000000000e+02 0.000000000000000000e+00 0.000000000000000000e+00 1.000000000000000000e+00
0.000000000000000000e+00 2.610000000000000000e+02 5.910000000000000142e+00 0.000000000000000000e+00 4.612538126853145126e-01 3.497830696490620839e-01 -6.089395615012733742e-01 1.181629227069608268e-02 5.223986245700001918e-04 0.000000000000000000e+00 0.000000000000000000e+00 7.770000000000000000e+02 0.000000000000000000e+00 0.000000000000000000e+00 1.000000000000000000e+00
0.000000000000000000e+00 2.610000000000000000e+02 5.919999999999999929e+00 0.000000000000000000e+00 4.473256153243745925e-01 3.551968466127217727e-01 -6.092396068699333922e-01 1.183939929076516760e-02 6.087362920168598243e-04 0.000000000000000000e+00 0.000000000000000000e+00 7.770000000000000000e+02 0.000000000000000000e+00 0.000000000000000000e+00 1.000000000000000000e+00
0.000000000000000000e+00 2.610000000000000000e+02 5.929999999999999716e+00 0.000000000000000000e+00 4.335855872196350269e-01 3.601610100858295138e-01 -6.095520849190136925e-01 1.185956622646187376e-02 7.013121810354175020e-04 0.000000000000000000e+00 0.000000000000000000e+00 7.770000000000000000e+02 0.000000000000000000e+00 0.000000000000000000e+00 1.000000000000000000e+00
0.000000000000000000e+00 2.610000000000000000e+02 5.939999999999999503e+00 0.000000000000000000e+00 4.200284670798637432e-01 3.646831642478828850e-01 -6.098779178315257843e-01 1.187703131950365761e-02 7.996307778101018754e-04 0.000000000000000000e+00 0.000000000000000000e+00 7.770000000000000000e+02 0.000000000000000000e+00 0.000000000000000000e+00 1.000000000000000000e+00
0.000000000000000000e+00 2.610000000000000000e+02 5.950000000000000178e+00 0.000000000000000000e+00 4.066490636524104918e-01 3.687702362019376623e-01 -6.102180672032595510e-01 1.189200089344035621e-02 9.031198567222131074e-04 0.000000000000000000e+00 0.000000000000000000e+00 7.770000000000000000e+02 0.000000000000000000e+00 0.000000000000000000e+00 1.000000000000000000e+00
0.000000000000000000e+00 2.610000000000000000e+02 5.959999999999999964e+00 0.000000000000000000e+00 3.934422537353859939e-01 3.724284865856474225e-01 -6.105735368806384233e-01 1.190465179105352871e-02 1.011138683548901476e-03 0.000000000000000000e+00 0.000000000000000000e+00 7.770000000000000000e+02 0.000000000000000000e+00 0.000000000000000000e+00 1.000000000000000000e+00
0.000000000000000000e+00 2.610000000000000000e+02 5.969999999999999751e+00 0.000000000000000000e+00 3.804029802159019091e-01 3.756635191614013936e-01 -6.109453759232633674e-01 1.191513346348538685e-02 1.122985831839003884e-03 0.000000000000000000e+00 0.000000000000000000e+00 7.770000000000000000e+02 0.000000000000000000e+00 0.000000000000000000e+00 1.000000000000000000e+00
0.000000000000000000e+00 2.610000000000000000e+02 5.979999999999999538e+00 0.000000000000000000e+00 3.675262501336153398e-01 3.784802894002515239e-01 -6.113346816998905808e-01 1.192356973577707487e-02 1.237906529774434813e-03 0.000000000000000000e+00 0.000000000000000000e+00 7.770000000000000000e+02 0.000000000000000000e+00 0.000000000000000000e+00 1.000000000000000000e+00
0.000000000000000000e+00 2.610000000000000000e+02 5.990000000000000213e+00 0.000000000000000000e+00 3.548071327688393506e-01 3.808831120727754760e-01 -6.117426031269783682e-01 1.193006026967342349e-02 1.355099498250494916e-03 0.000000000000000000e+00 0.000000000000000000e+00 7.770000000000000000e+02 0.000000000000000000e+00 0.000000000000000000e+00 1.000000000000000000e+00
0.000000000000000000e+00 2.610000000000000000e+02 6.000000000000000000e+00 0.000000000000000000e+00 3.422407577544860358e-01 3.828756678585086837e-01 -6.121703440593611045e-01 1.193468174097516050e-02 1.473723274411191386e-03 0.000000000000000000e+00 0.000000000000000000e+00 7.770000000000000000e+02 0.000000000000000000e+00 0.000000000000000000e+00 1.000000000000000000e+00
0.000000000000000000e+00 2.610000000000000000e+02 6.009999999999999787e+00 0.000000000000000000e+00 3.298223132111200440e-01 3.844610089840617140e-01 -6.126191668430570614e-01 1.193748874534703193e-02 1.592902040520653012e-03 0.000000000000000000e+00 0.000000000000000000e+00 7.770000000000000000e+02 0.000000000000000000e+00 0.000000000000000000e+00 1.000000000000000000e+00
0.000000000000000000e+00 2.610000000000000000e+02 6.019999999999999574e+00 0.000000000000000000e+00 3.175470439044076887e-01 3.856415638985680183e-01 -6.130903960406955955e-01 1.193851444328265787e-02 1.711730997654259401e-03 0.000000000000000000e+00 0.000000000000000000e+00 7.770000000000000000e+02 0.000000000000000000e+00 0.000000000000000000e+00 1.000000000000000000e+00
0.000000000000000000e+00 2.610000000000000000e+02 6.030000000000000249e+00 0.000000000000000000e+00 3.054102494242568744e-01 3.864191409936177379e-01 -6.135854223405560193e-01 1.193777095184540143e-02 1.829281338800363074e-03 0.000000000000000000e+00 0.000000000000000000e+00 7.770000000000000000e+02 0.000000000000000000e+00 0.000000000000000000e+00 1.000000000000000000e+00
0.000000000000000000e+00 2.610000000000000000e+02 6.040000000000000036e+00 0.000000000000000000e+00 2.934072823849495082e-01 3.867949313733786698e-01 -6.141057066607583659e-01 1.193524948781308354e-02 1.944604887886471761e-03 0.000000000000000000e+00 0.000000000000000000e+00 7.770000000000000000e+02 0.000000000000000000e+00 0.000000000000000000e+00 1.000000000000000000e+00
0.000000000000000000e+00 2.610000000000000000e+02 6.049999999999999822e+00 0.000000000000000000e+00 2.815335466455780589e-01 3.867695106791482762e-01 -6.146527844607131419e-01 1.193092026391754171e-02 2.056738481077088551e-03 0.000000000000000000e+00 0.000000000000000000e+00 7.770000000000000000e+02 0.000000000000000000e+00 0.000000000000000000e+00 1.000000000000000000e+00
0.000000000000000000e+00 2.610000000000000000e+02 6.059999999999999609e+00 0.000000000000000000e+00 2.697844955501055297e-01 3.863428399711286154e-01 -6.152282702725597741e-01 1.192473213695330846e-02 2.164708175358336789e-03 0.000000000000000000e+00 0.000000000000000000e+00 7.770000000000000000e+02 0.000000000000000000e+00 0.000000000000000000e+00 1.000000000000000000e+00
0.000000000000000000e+00 2.610000000000000000e+02 6.070000000000000284e+00 0.000000000000000000e+00 2.581556301863722758e-01 3.855142656687783331e-01 -6.158338624659611682e-01 1.191661200359827970e-02 2.267533377716538998e-03 0.000000000000000000e+00 0.000000000000000000e+00 7.770000000000000000e+02 0.000000000000000000e+00 0.000000000000000000e+00 1.000000000000000000e+00
0.000000000000000000e+00 2.610000000000000000e+02 6.080000000000000071e+00 0.000000000000000000e+00 2.466424976633869171e-01 3.842825185496482332e-01 -6.164713482603211281e-01 1.190646393680902526e-02 2.364230996816891334e-03 0.000000000000000000e+00 0.000000000000000000e+00 7.770000000000000000e+02 0.000000000000000000e+00 0.000000000000000000e+00 1.000000000000000000e+00
0.000000000000000000e+00 2.610000000000000000e+02 6.089999999999999858e+00 0.000000000000000000e+00 2.352406894062371023e-01 3.826457118051672102e-01 -6.171426089992131381e-01 1.189416805258843371e-02 2.453819728613009649e-03 0.000000000000000000e+00 0.000000000000000000e+00 7.770000000000000000e+02 0.000000000000000000e+00 0.000000000000000000e+00 1.000000000000000000e+00
0.000000000000000000e+00 2.610000000000000000e+02 6.099999999999999645e+00 0.000000000000000000e+00 2.239458394679719189e-01 3.806013381504007587e-01 -6.178496257025886118e-01 1.187957909373836031e-02 2.535324598339265545e-03 0.000000000000000000e+00 0.000000000000000000e+00 7.770000000000000000e+02 0.000000000000000000e+00 0.000000000000000000e+00 1.000000000000000000e+00
0.000000000000000000e+00 2.610000000000000000e+02 6.110000000000000320e+00 0.000000000000000000e+00 2.127536228578061350e-01 3.781462659833548789e-01 -6.185944849131488343e-01 1.186252471386644095e-02 2.607781894408744972e-03 0.000000000000000000e+00 0.000000000000000000e+00 7.770000000000000000e+02 0.000000000000000000e+00 0.000000000000000000e+00 1.000000000000000000e+00
0.000000000000000000e+00 2.610000000000000000e+02 6.120000000000000107e+00 0.000000000000000000e+00 2.016597538850068982e-01 3.752767345879416960e-01 -6.193793848541346847e-01 1.184280344137520272e-02 2.670244645411254392e-03 0.000000000000000000e+00 0.000000000000000000e+00 7.770000000000000000e+02 0.000000000000000000e+00 0.000000000000000000e+00 1.000000000000000000e+00
0.000000000000000000e+00 2.610000000000000000e+02 6.129999999999999893e+00 0.000000000000000000e+00 1.906599845178301167e-01 3.719883483732572826e-01 -6.202066419167081568e-01 1.182018229938111391e-02 2.721788810238660178e-03 0.000000000000000000e+00 0.000000000000000000e+00 7.770000000000000000e+02 0.000000000000000000e+00 0.000000000000000000e+00 1.000000000000000000e+00
0.000000000000000000e+00 2.610000000000000000e+02 6.139999999999999680e+00 0.000000000000000000e+00 1.797501027568765841e-01 3.682760701403521852e-01 -6.210786974960692541e-01 1.179439405344653684e-02 2.761520373933446654e-03 0.000000000000000000e+00 0.000000000000000000e+00 7.770000000000000000e+02 0.000000000000000000e+00 0.000000000000000000e+00 1.000000000000000000e+00
0.000000000000000000e+00 2.610000000000000000e+02 6.150000000000000355e+00 0.000000000000000000e+00 1.689259310222452348e-01 3.641342133661736313e-01 -6.219981251964841196e-01 1.176513405461071873e-02 2.788583568742196428e-03 0.000000000000000000e+00 0.000000000000000000e+00 7.770000000000000000e+02 0.000000000000000000e+00 0.000000000000000000e+00 1.000000000000000000e+00
0.000000000000000000e+00 2.610000000000000000e+02 6.160000000000000142e+00 0.000000000000000000e+00 1.581833245538669108e-01 3.595564334928648687e-01 -6.229676384264881683e-01 1.173205664042495031e-02 2.802170471616502456e-03 0.000000000000000000e+00 0.000000000000000000e+00 7.770000000000000000e+02 0.000000000000000000e+00 0.000000000000000000e+00 1.000000000000000000e+00
0.000000000000000000e+00 2.610000000000000000e+02 6.169999999999999929e+00 0.000000000000000000e+00 1.475181698244047990e-01 3.545357182090776993e-01 -6.239900984066777401e-01 1.169477105147574171e-02 2.801532266517255121e-03 0.000000000000000000e+00 0.000000000000000000e+00 7.770000000000000000e+02 0.000000000000000000e+00 0.000000000000000000e+00 1.000000000000000000e+00
0.000000000000000000e+00 2.610000000000000000e+02 6.179999999999999716e+00 0.000000000000000000e+00 1.369263829641143571e-01 3.490643767084093962e-01 -6.250685226137245865e-01 1.165283681515576382e-02 2.785992502635586954e-03 0.000000000000000000e+00 0.000000000000000000e+00 7.770000000000000000e+02 0.000000000000000000e+00 0.000000000000000000e+00 1.000000000000000000e+00
0.000000000000000000e+00 2.610000000000000000e+02 6.189999999999999503e+00 0.000000000000000000e+00 1.264039081970604328e-01 3.431340279085105527e-01 -6.262060936855313731e-01 1.160575854214899137e-02 2.754962727956312973e-03 0.000000000000000000e+00 0.000000000000000000e+00 7.770000000000000000e+02 0.000000000000000000e+00 0.000000000000000000e+00 1.000000000000000000e+00
0.000000000000000000e+00 2.610000000000000000e+02 6.200000000000000178e+00 0.000000000000000000e+00 1.159467162880910424e-01 3.367355876128186876e-01 -6.274061688138102832e-01 1.155298007415823947e-02 2.707960930681745787e-03 0.000000000000000000e+00 0.000000000000000000e+00 7.770000000000000000e+02 0.000000000000000000e+00 0.000000000000000000e+00 1.000000000000000000e+00
0.000000000000000000e+00 2.610000000000000000e+02 6.209999999999999964e+00 0.000000000000000000e+00 1.055508029999746161e-01 3.298592545952506727e-01 -6.286722896518034398e-01 1.149387791373954887e-02 2.644633276901956626e-03 0.000000000000000000e+00 0.000000000000000000e+00 7.770000000000000000e+02 0.000000000000000000e+00 0.000000000000000000e+00 1.000000000000000000e+00
0.000000000000000000e+00 2.610000000000000000e+02 6.219999999999999751e+00 0.000000000000000000e+00 9.521218756010919881e-02 3.224944955865391982e-01 -6.300081927663849779e-01 1.142775385862681951e-02 2.564779687465393310e-03 0.000000000000000000e+00 0.000000000000000000e+00 7.770000000000000000e+02 0.000000000000000000e+00 0.000000000000000000e+00 1.000000000000000000e+00
0.000000000000000000e+00 2.610000000000000000e+02 6.229999999999999538e+00 0.000000000000000000e+00 8.492691113621668453e-02 3.146300291392131188e-01 -6.314178206653907610e-01 1.135382675353236066e-02 2.468383842696007802e-03 0.000000000000000000e+00 0.000000000000000000e+00 7.770000000000000000e+02 0.000000000000000000e+00 0.000000000000000000e+00 1.000000000000000000e+00
0.000000000000000000e+00 2.610000000000000000e+02 6.240000000000000213e+00 0.000000000000000000e+00 7.469103532043845639e-02 3.062538083465091154e-01 -6.329053334327199298e-01 1.127122326198356367e-02 2.355648227074366372e-03 0.000000000000000000e+00 0.000000000000000000e+00 7.770000000000000000e+02 0.000000000000000000e+00 0.000000000000000000e+00 1.000000000000000000e+00
0.000000000000000000e+00 2.610000000000000000e+02 6.250000000000000000e+00 0.000000000000000000e+00 6.450064062125181186e-02 2.973530023887407392e-01 -6.344751210055447066e-01 1.117896754917879071e-02 2.227034804416012231e-03 0.000000000000000000e+00 0.000000000000000000e+00 7.770000000000000000e+02 0.000000000000000000e+00 0.000000000000000000e+00 1.000000000000000000e+00
0.000000000000000000e+00 2.610000000000000000e+02 6.259999999999999787e+00 0.000000000000000000e+00 5.435182496262948304e-02 2.879139768788568365e-01 -6.361318161298621376e-01 1.107596975398122442e-02 2.083311809145843227e-03 0.000000000000000000e+00 0.000000000000000000e+00 7.770000000000000000e+02 0.000000000000000000e+00 0.000000000000000000e+00 1.000000000000000000e+00
0.000000000000000000e+00 2.610000000000000000e+02 6.269999999999999574e+00 0.000000000000000000e+00 4.424070218986871084e-02 2.779222729770853273e-01 -6.378803080326216346e-01 1.096101311386472529e-02 1.925606887570536011e-03 0.000000000000000000e+00 0.000000000000000000e+00 7.770000000000000000e+02 0.000000000000000000e+00 0.000000000000000000e+00 1.000000000000000000e+00
0.000000000000000000e+00 2.610000000000000000e+02 6.280000000000000249e+00 0.000000000000000000e+00 3.416340058151565162e-02 2.673625852426674832e-01 -6.397257568507763725e-01 1.083273959071248682e-02 1.755466320649929149e-03 0.000000000000000000e+00 0.000000000000000000e+00 7.770000000000000000e+02 0.000000000000000000e+00 0.000000000000000000e+00 1.000000000000000000e+00
0.000000000000000000e+00 2.610000000000000000e+02 6.290000000000000036e+00 0.000000000000000000e+00 2.411606136681755663e-02 2.562187381887549575e-01 -6.416736088598438137e-01 1.068963382765916389e-02 1.574919137746513126e-03 0.000000000000000000e+00 0.000000000000000000e+00 7.770000000000000000e+02 0.000000000000000000e+00 0.000000000000000000e+00 1.000000000000000000e+00
0.000000000000000000e+00 2.610000000000000000e+02 6.299999999999999822e+00 0.000000000000000000e+00 1.409483724813363065e-02 2.444736615045592087e-01 -6.437296125469147423e-01 1.053000524745090552e-02 1.386543317392144314e-03 0.000000000000000000e+00 0.000000000000000000e+00 7.770000000000000000e+02 0.000000000000000000e+00 0.000000000000000000e+00 1.000000000000000000e+00
0.000000000000000000e+00 2.610000000000000000e+02 6.309999999999999609e+00 0.000000000000000000e+00 4.095890927738821130e-03 2.321093639067949854e-01 -6.458998355755486420e-01 1.035196808084258221e-02 1.193528534926871151e-03 0.000000000000000000e+00 0.000000000000000000e+00 7.770000000000000000e+02 0.000000000000000000e+00 0.000000000000000000e+00 1.000000000000000000e+00
0.000000000000000000e+00 2.610000000000000000e+02 6.320000000000000284e+00 0.000000000000000000e+00 -5.884606361542699116e-03 2.191069055803645527e-01 -6.481906826926185916e-01 1.015341908909811811e-02 9.997253887755975718e-04 0.000000000000000000e+00 0.000000000000000000e+00 7.770000000000000000e+02 0.000000000000000000e+00 0.000000000000000000e+00 1.000000000000000000e+00
0.000000000000000000e+00 2.610000000000000000e+02 6.330000000000000071e+00 0.000000000000000000e+00 -1.585047632243793969e-02 2.054463691660672886e-01 -6.506089146299557369e-01 9.932012717419043055e-03 8.096637206871388354e-04 0.000000000000000000e+00 0.000000000000000000e+00 7.770000000000000000e+02 0.000000000000000000e+00 0.000000000000000000e+00 1.000000000000000000e+00
0.000000000000000000e+00 2.610000000000000000e+02 6.339999999999999858e+00 0.000000000000000000e+00 -2.580553505662024072e-02 1.911068292508925903e-01 -6.531616680565729416e-01 9.685133385776752840e-03 6.285111744321466784e-04 0.000000000000000000e+00 0.000000000000000000e+00 7.770000000000000000e+02 0.000000000000000000e+00 0.000000000000000000e+00 1.000000000000000000e+00
0.000000000000000000e+00 2.610000000000000000e+02 6.349999999999999645e+00 0.000000000000000000e+00 -3.575359452595978232e-02 1.760663203141603628e-01 -6.558564766403520707e-01 9.409864589806811452e-03 4.619259866479753091e-04 0.000000000000000000e+00 0.000000000000000000e+00 7.770000000000000000e+02 0.000000000000000000e+00 0.000000000000000000e+00 1.000000000000000000e+00
0.000000000000000000e+00 2.610000000000000000e+02 6.360000000000000320e+00 0.000000000000000000e+00 -4.569846401218875809e-02 1.603018030804095606e-01 -6.587012932813516297e-01 9.102954446739187216e-03 3.157345716487047413e-04 0.000000000000000000e+00 0.000000000000000000e+00 7.770000000000000000e+02 0.000000000000000000e+00 0.000000000000000000e+00 1.000000000000000000e+00
0.000000000000000000e+00 2.610000000000000000e+02 6.370000000000000107e+00 0.000000000000000000e+00 -5.564395157554039711e-02 1.437891292274934840e-01 -6.617045135823487190e-01 8.760777279342043394e-03 1.953387547137894892e-04 0.000000000000000000e+00 0.000000000000000000e+00 7.770000000000000000e+02 0.000000000000000000e+00 0.000000000000000000e+00 1.000000000000000000e+00
0.000000000000000000e+00 2.610000000000000000e+02 6.379999999999999893e+00 0.000000000000000000e+00 -6.559386551292022138e-02 1.265030043958199624e-01 -6.648750006258832279e-01 8.379290784051576443e-03 1.047487471948680381e-04 0.000000000000000000e+00 0.000000000000000000e+00 7.770000000000000000e+02 0.000000000000000000e+00 0.000000000000000000e+00 1.000000000000000000e+00
0.000000000000000000e+00 2.610000000000000000e+02 6.389999999999999680e+00 0.000000000000000000e+00 -7.555201581616791118e-02 1.084169494420752083e-01 -6.682221111309241124e-01 7.953988277294521056e-03 4.520695601363013127e-05 0.000000000000000000e+00 0.000000000000000000e+00 7.770000000000000000e+02 0.000000000000000000e+00 0.000000000000000000e+00 1.000000000000000000e+00
0.000000000000000000e+00 2.610000000000000000e+02 6.400000000000000355e+00 0.000000000000000000e+00 -8.552221563096817913e-02 8.950325987807773720e-02 -6.717557230663523393e-01 7.479845455866091126e-03 1.366567591386600019e-05 0.000000000000000000e+00 0.000000000000000000e+00 7.770000000000000000e+02 0.000000000000000000e+00 0.000000000000000000e+00 1.000000000000000000e+00
0.000000000000000000e+00 2.610000000000000000e+02 6.410000000000000142e+00 0.000000000000000000e+00 -9.550828271696928939e-02 6.973296343263110653e-02 -6.754862648027529781e-01 6.951261042418099660e-03 2.151743371590012627e-06 0.000000000000000000e+00 0.000000000000000000e+00 7.770000000000000000e+02 0.000000000000000000e+00 0.000000000000000000e+00 1.000000000000000000e+00
0.000000000000000000e+00 2.610000000000000000e+02 6.419999999999999929e+00 0.000000000000000000e+00 -1.055140409096684828e-01 4.907577567136763019e-02 -6.794247458885488422e-01 6.361990614873803442e-03 8.156694308378980620e-08 0.000000000000000000e+00 0.000000000000000000e+00 7.770000000000000000e+02 0.000000000000000000e+00 0.000000000000000000e+00 1.000000000000000000e+00
0.000000000000000000e+00 2.610000000000000000e+02 6.429999999999999716e+00 0.000000000000000000e+00 -1.155433215846237427e-01 2.750005360660108186e-02 -6.835827895413015831e-01 5.705072838064569399e-03 4.128855977993621342e-11 0.000000000000000000e+00 0.000000000000000000e+00 7.770000000000000000e+02 0.000000000000000000e+00 0.000000000000000000e+00 1.000000000000000000e+00
0.000000000000000000e+00 2.610000000000000000e+02 6.439999999999999503e+00 0.000000000000000000e+00 -1.255999651245529591e-01 4.972747226127124422e-03 -6.879726669500701997e-01 4.972747226127123554e-03 2.614106884385814523e-29 1.000000000000000000e+00 1.000000000000000000e+00 7.770000000000000000e+02 0.000000000000000000e+00 0.000000000000000000e+00 1.000000000000000000e+00
0.000000000000000000e+00 2.610000000000000000e+02 6.450000000000000178e+00 0.000000000000000000e+00 -1.342427712280447327e-01 2.710431816524380005e-02 -6.835820611322593887e-01 5.705148000859385643e-03 6.264727103485921952e-11 0.000000000000000000e+00 0.000000000000000000e+00 7.770000000000000000e+02 0.000000000000000000e+00 0.000000000000000000e+00 1.000000000000000000e+00
0.000000000000000000e+00 2.610000000000000000e+02 6.459999999999999964e+00 0.000000000000000000e+00 -1.429201005348808284e-01 4.766587340456007044e-02 -6.794232869207886827e-01 6.362152658042947648e-03 1.333382487149842155e-07 0.000000000000000000e+00 0.000000000000000000e+00 7.770000000000000000e+02 0.000000000000000000e+00 0.000000000000000000e+00 1.000000000000000000e+00
0.000000000000000000e+00 2.610000000000000000e+02 6.469999999999999751e+00 0.000000000000000000e+00 -1.516352757425294961e-01 6.668890944044159053e-02 -6.754840709705797197e-01 6.951522709900761349e-03 3.649940349724667312e-06 0.000000000000000000e+00 0.000000000000000000e+00 7.770000000000000000e+02 0.000000000000000000e+00 0.000000000000000000e+00 1.000000000000000000e+00
0.000000000000000000e+00 2.610000000000000000e+02 6.479999999999999538e+00 0.000000000000000000e+00 -1.603916340403002128e-01 8.420256604263802458e-02 -6.717527878953439835e-01 7.480220668511419931e-03 2.373907756806253920e-05 0.000000000000000000e+00 0.000000000000000000e+00 7.770000000000000000e+02 0.000000000000000000e+00 0.000000000000000000e+00 1.000000000000000000e+00
0.000000000000000000e+00 2.610000000000000000e+02 6.490000000000000213e+00 0.000000000000000000e+00 -1.691925283872105501e-01 1.002336708910160218e-01 -6.682184259588245245e-01 7.954492297315322175e-03 7.985787150921214595e-05 0.000000000000000000e+00 0.000000000000000000e+00 7.770000000000000000e+02 0.000000000000000000e+00 0.000000000000000000e+00 1.000000000000000000e+00
0.000000000000000000e+00 2.610000000000000000e+02 6.500000000000000000e+00 0.000000000000000000e+00 -1.780413287958911850e-01 1.148067806705985738e-01 -6.648705545770386971e-01 8.379940395324178559e-03 1.872600891025064801e-04 0.000000000000000000e+00 0.000000000000000000e+00 7.770000000000000000e+02 0.000000000000000000e+00 0.000000000000000000e+00 1.000000000000000000e+00
0.000000000000000000e+00 2.610000000000000000e+02 6.509999999999999787e+00 0.000000000000000000e+00 -1.869414236230213522e-01 1.279442186878606280e-01 -6.616992935356111882e-01 8.761590985682304530e-03 3.520280821317292586e-04 0.000000000000000000e+00 0.000000000000000000e+00 7.770000000000000000e+02 0.000000000000000000e+00 0.000000000000000000e+00 1.000000000000000000e+00
0.000000000000000000e+00 2.610000000000000000e+02 6.519999999999999574e+00 0.000000000000000000e+00 -1.958962208667885951e-01 1.396661090659022109e-01 -6.586952838313561154e-01 9.103952690496970590e-03 5.715830401476921022e-04 0.000000000000000000e+00 0.000000000000000000e+00 7.770000000000000000e+02 0.000000000000000000e+00 0.000000000000000000e+00 1.000000000000000000e+00
0.000000000000000000e+00 2.610000000000000000e+02 6.530000000000000249e+00 0.000000000000000000e+00 -2.049091494718690565e-01 1.499904075708799467e-01 -6.558496600520522524e-01 9.411069993361312683e-03 8.371773630810900799e-04 0.000000000000000000e+00 0.000000000000000000e+00 7.770000000000000000e+02 0.000000000000000000e+00 0.000000000000000000e+00 1.000000000000000000e+00
0.000000000000000000e+00 2.610000000000000000e+02 6.540000000000000036e+00 0.000000000000000000e+00 -2.139836606424291854e-01 1.589329291169163938e-01 -6.531540242129014739e-01 9.686571018785561371e-03 1.136402178684227035e-03 0.000000000000000000e+00 0.000000000000000000e+00 7.770000000000000000e+02 0.000000000000000000e+00 0.000000000000000000e+00 1.000000000000000000e+00
0.000000000000000000e+00 2.610000000000000000e+02 6.549999999999999822e+00 0.000000000000000000e+00 -2.231232291636507936e-01 1.665073719916216888e-01 -6.506004209724551846e-01 9.933710392978033904e-03 1.455098398824697381e-03 0.000000000000000000e+00 0.000000000000000000e+00 7.770000000000000000e+02 0.000000000000000000e+00 0.000000000000000000e+00 1.000000000000000000e+00
0.000000000000000000e+00 2.610000000000000000e+02 6.559999999999999609e+00 0.000000000000000000e+00 -2.323313547322852224e-01 1.727253388393334976e-01 -6.481813141548669055e-01 1.015540769231098629e-02 1.778644349078251780e-03 0.000000000000000000e+00 0.000000000000000000e+00 7.770000000000000000e+02 0.000000000000000000e+00 0.000000000000000000e+00 1.000000000000000000e+00
0.000000000000000000e+00 2.610000000000000000e+02 6.570000000000000284e+00 0.000000000000000000e+00 -2.416115632967473226e-01 1.775963544342208933e-01 -6.458895645091835558e-01 1.035428193368140640e-02 2.092762526494134495e-03 0.000000000000000000e+00 0.000000000000000000e+00 7.770000000000000000e+02 0.000000000000000000e+00 0.000000000000000000e+00 1.000000000000000000e+00
0.000000000000000000e+00 2.610000000000000000e+02 6.580000000000000071e+00 0.000000000000000000e+00 -2.509674084072611167e-01 1.811278802704753277e-01 -6.437184086400377092e-01 1.053268251421814530e-02 2.384000819160729534e-03 0.000000000000000000e+00 0.000000000000000000e+00 7.770000000000000000e+02 0.000000000000000000e+00 0.000000000000000000e+00 1.000000000000000000e+00
0.000000000000000000e+00 2.610000000000000000e+02 6.589999999999999858e+00 0.000000000000000000e+00 -2.604024725765748394e-01 1.833253259919379041e-01 -6.416614390475637864e-01 1.069271696584091734e-02 2.640012954673826712e-03 0.000000000000000000e+00 0.000000000000000000e+00 7.770000000000000000e+02 0.000000000000000000e+00 0.000000000000000000e+00 1.000000000000000000e+00
0.000000000000000000e+00 2.610000000000000000e+02 6.599999999999999645e+00 0.000000000000000000e+00 -2.699203686517661072e-01 1.841920576786729158e-01 -6.397125852176295258e-01 1.083627585254920249e-02 2.849729141756844608e-03 0.000000000000000000e+00 0.000000000000000000e+00 7.770000000000000000e+02 0.000000000000000000e+00 0.000000000000000000e+00 1.000000000000000000e+00
0.000000000000000000e+00 2.610000000000000000e+02 6.610000000000000320e+00 0.000000000000000000e+00 -2.795247411976629071e-01 1.837294030031790537e-01 -6.378660957065771520e-01 1.096505510456468636e-02 3.003481925356758786e-03 0.000000000000000000e+00 0.000000000000000000e+00 7.770000000000000000e+02 0.000000000000000000e+00 0.000000000000000000e+00 1.000000000000000000e+00
0.000000000000000000e+00 2.610000000000000000e+02 6.620000000000000107e+00 0.000000000000000000e+00 -2.892192678924095373e-01 1.819366532641378820e-01 -6.361165211676038655e-01 1.108057605317115495e-02 3.093135467690414503e-03 0.000000000000000000e+00 0.000000000000000000e+00 7.770000000000000000e+02 0.000000000000000000e+00 0.000000000000000000e+00 1.000000000000000000e+00
0.000000000000000000e+00 2.610000000000000000e+02 6.629999999999999893e+00 0.000000000000000000e+00 -2.990076609357124049e-01 1.788110623008148936e-01 -6.344586982686879484e-01 1.118420340293321824e-02 3.112257456321352450e-03 0.000000000000000000e+00 0.000000000000000000e+00 7.770000000000000000e+02 0.000000000000000000e+00 0.000000000000000000e+00 1.000000000000000000e+00
0.000000000000000000e+00 2.610000000000000000e+02 6.639999999999999680e+00 0.000000000000000000e+00 -3.088936684703041946e-01 1.743478422864493116e-01 -6.328877344545997818e-01 1.127716135360807767e-02 3.056370032310729706e-03 0.000000000000000000e+00 0.000000000000000000e+00 7.770000000000000000e+02 0.000000000000000000e+00 0.000000000000000000e+00 1.000000000000000000e+00
0.000000000000000000e+00 2.610000000000000000e+02 6.650000000000000355e+00 0.000000000000000000e+00 -3.188810760171728598e-01 1.685401563941900382e-01 -6.313989935080273064e-01 1.136054806220649152e-02 2.923318198872724982e-03 0.000000000000000000e+00 0.000000000000000000e+00 7.770000000000000000e+02 0.000000000000000000e+00 0.000000000000000000e+00 1.000000000000000000e+00
0.000000000000000000e+00 2.610000000000000000e+02 6.660000000000000142e+00 0.000000000000000000e+00 -3.289737079251006113e-01 1.613791083243422686e-01 -6.299880818672042304e-01 1.143534861605004921e-02 2.713799738214669327e-03 0.000000000000000000e+00 0.000000000000000000e+00 7.770000000000000000e+02 0.000000000000000000e+00 0.000000000000000000e+00 1.000000000000000000e+00
0.000000000000000000e+00 2.610000000000000000e+02 6.669999999999999929e+00 0.000000000000000000e+00 -3.391754288350736224e-01 1.528537286768835157e-01 -6.286508356596618441e-01 1.150244667008182287e-02 2.432107172050021124e-03 0.000000000000000000e+00 0.000000000000000000e+00 7.770000000000000000e+02 0.000000000000000000e+00 0.000000000000000000e+00 1.000000000000000000e+00
0.000000000000000000e+00 2.610000000000000000e+02 6.679999999999999716e+00 0.000000000000000000e+00 -3.494901451601184483e-01 1.429509581483731084e-01 -6.273833084138379368e-01 1.156263488590748498e-02 2.087133125648732435e-03 0.000000000000000000e+00 0.000000000000000000e+00 7.770000000000000000e+02 0.000000000000000000e+00 0.000000000000000000e+00 1.000000000000000000e+00
0.000000000000000000e+00 2.610000000000000000e+02 6.689999999999999503e+00 0.000000000000000000e+00 -3.599218065811338740e-01 1.316556275275168053e-01 -6.261817594122771613e-01 1.161662429588839265e-02 1.693667589155718398e-03 0.000000000000000000e+00 0.000000000000000000e+00 7.770000000000000000e+02 0.000000000000000000e+00 0.000000000000000000e+00 1.000000000000000000e+00
0.000000000000000000e+00 2.610000000000000000e+02 6.700000000000000178e+00 0.000000000000000000e+00 -3.704744075592926178e-01 1.189504344587434537e-01 -6.250426426520532264e-01 1.166505270290902306e-02 1.273920899707708942e-03 0.000000000000000000e+00 0.000000000000000000e+00 7.770000000000000000e+02 0.000000000000000000e+00 0.000000000000000000e+00 1.000000000000000000e+00
0.000000000000000000e+00 2.610000000000000000e+02 6.709999999999999964e+00 0.000000000000000000e+00 -3.811519888655867105e-01 1.048159169381988470e-01 -6.239625963798290931e-01 1.170849221504947218e-02 8.589145395761039678e-04 0.000000000000000000e+00 0.000000000000000000e+00 7.770000000000000000e+02 0.000000000000000000e+00 0.000000000000000000e+00 1.000000000000000000e+00
0.000000000000000000e+00 2.610000000000000000e+02 6.719999999999999751e+00 0.000000000000000000e+00 -3.919586391281084659e-01 8.923042350155861724e-02 -6.229384331706748767e-01 1.174745600417350690e-02 4.885822572554994470e-04 0.000000000000000000e+00 0.000000000000000000e+00 7.770000000000000000e+02 0.000000000000000000e+00 0.000000000000000000e+00 1.000000000000000000e+00
0.000000000000000000e+00 2.610000000000000000e+02 6.729999999999999538e+00 0.000000000000000000e+00 -4.028984963976568467e-01 7.217008005799306625e-02 -6.219671305213615442e-01 1.178240436827481148e-02 2.074516336082431189e-04 0.000000000000000000e+00 0.000000000000000000e+00 7.770000000000000000e+02 0.000000000000000000e+00 0.000000000000000000e+00 1.000000000000000000e+00
0.000000000000000000e+00 2.610000000000000000e+02 6.740000000000000213e+00 0.000000000000000000e+00 -4.139757497322665292e-01 5.360875331947929229e-02 -6.210458219303711669e-01 1.181375016919869285e-02 4.903079458935908231e-05 0.000000000000000000e+00 0.000000000000000000e+00 7.770000000000000000e+02 0.000000000000000000e+00 0.000000000000000000e+00 1.000000000000000000e+00
0.000000000000000000e+00 2.610000000000000000e+02 6.750000000000000000e+00 0.000000000000000000e+00 -4.251946408012701184e-01 3.351801076944172647e-02 -6.201717884382972334e-01 1.184186370997779465e-02 2.515314405180722030e-06 0.000000000000000000e+00 0.000000000000000000e+00 7.770000000000000000e+02 0.000000000000000000e+00 0.000000000000000000e+00 1.000000000000000000e+00
0.000000000000000000e+00 2.610000000000000000e+02 6.759999999999999787e+00 0.000000000000000000e+00 -4.365594655095058618e-01 1.186707710939998231e-02 -6.193424506036715460e-01 1.186707710940000486e-02 7.521329508960401690e-11 1.000000000000000000e+00 0.000000000000000000e+00 7.770000000000000000e+02 0.000000000000000000e+00 0.000000000000000000e+00 1.000000000000000000e+00
0.000000000000000000e+00 2.610000000000000000e+02 6.769999999999999574e+00 0.000000000000000000e+00 -4.449690324764229432e-01 3.292115748043689810e-02 -6.185553608905343115e-01 1.188968822548758068e-02 3.387113257187191167e-06 0.000000000000000000e+00 0.000000000000000000e+00 7.770000000000000000e+02 0.000000000000000000e+00 0.000000000000000000e+00 1.000000000000000000e+00
0.000000000000000000e+00 2.610000000000000000e+02 6.780000000000000249e+00 0.000000000000000000e+00 -4.535321050345901828e-01 5.142423425778282903e-02 -6.178081964452837305e-01 1.190996417423728984e-02 7.069643925739247867e-05 0.000000000000000000e+00 0.000000000000000000e+00 7.770000000000000000e+02 0.000000000000000000e+00 0.000000000000000000e+00 1.000000000000000000e+00
0.000000000000000000e+00 2.610000000000000000e+02 6.790000000000000036e+00 0.000000000000000000e+00 -4.622519621306168114e-01 6.740465072985582506e-02 -6.170987522414861370e-01 1.192814448519026113e-02 3.085808672246784928e-04 0.000000000000000000e+00 0.000000000000000000e+00 7.770000000000000000e+02 0.000000000000000000e+00 0.000000000000000000e+00 1.000000000000000000e+00
0.000000000000000000e+00 2.610000000000000000e+02 6.799999999999999822e+00 0.000000000000000000e+00 -4.711319427465874288e-01 8.088688593646958802e-02 -6.164249345724184259e-01 1.194444393110972481e-02 7.378913059149748432e-04 0.000000000000000000e+00 0.000000000000000000e+00 7.770000000000000000e+02 0.000000000000000000e+00 0.000000000000000000e+00 1.000000000000000000e+00
0.000000000000000000e+00 2.610000000000000000e+02 6.809999999999999609e+00 0.000000000000000000e+00 -4.801754471786148781e-01 9.189159216619097181e-02 -6.157847548721350206e-01 1.195905506519503309e-02 1.302784570848695977e-03 0.000000000000000000e+00 0.000000000000000000e+00 7.770000000000000000e+02 0.000000000000000000e+00 0.000000000000000000e+00 1.000000000000000000e+00
0.000000000000000000e+00 2.610000000000000000e+02 6.820000000000000284e+00 0.000000000000000000e+00 -4.893859383388712847e-01 1.004356265918231322e-01 -6.151763238468259676e-01 1.197215049580528136e-02 1.921526980973288501e-03 0.000000000000000000e+00 0.000000000000000000e+00 7.770000000000000000e+02 0.000000000000000000e+00 0.000000000000000000e+00 1.000000000000000000e+00
0.000000000000000000e+00 2.610000000000000000e+02 6.830000000000000071e+00 0.000000000000000000e+00 -4.987669430815969696e-01 1.065320770924735871e-01 -6.145978458991471216e-01 1.198388492556492872e-02 2.513819975165240694e-03 0.000000000000000000e+00 0.000000000000000000e+00 7.770000000000000000e+02 0.000000000000000000e+00 0.000000000000000000e+00 1.000000000000000000e+00
0.000000000000000000e+00 2.610000000000000000e+02 6.839999999999999858e+00 0.000000000000000000e+00 -5.083220535535928342e-01 1.101902823017622962e-01 -6.140476138290651420e-01 1.199439697894034984e-02 3.010647610514120137e-03 0.000000000000000000e+00 0.000000000000000000e+00 7.770000000000000000e+02 0.000000000000000000e+00 0.000000000000000000e+00 1.000000000000000000e+00
0.000000000000000000e+00 2.610000000000000000e+02 6.849999999999999645e+00 0.000000000000000000e+00 -5.180549285697143569e-01 1.114158459128797157e-01 -6.135240037955811410e-01 1.200381083987738656e-02 3.356728719069692474e-03 0.000000000000000000e+00 0.000000000000000000e+00 7.770000000000000000e+02 0.000000000000000000e+00 0.000000000000000000e+00 1.000000000000000000e+00
0.000000000000000000e+00 2.610000000000000000e+02 6.860000000000000320e+00 0.000000000000000000e+00 -5.279692950138943353e-01 1.102106452624073696e-01 -6.130254705244627678e-01 1.201223771884604025e-02 3.510812194324607061e-03 0.000000000000000000e+00 0.000000000000000000e+00 7.770000000000000000e+02 0.000000000000000000e+00 0.000000000000000000e+00 1.000000000000000000e+00
0.000000000000000000e+00 2.610000000000000000e+02 6.870000000000000107e+00 0.000000000000000000e+00 -5.380689492662306117e-01 1.065728342060499323e-01 -6.125505427478415976e-01 1.201977716662332163e-02 3.446234818083083323e-03 0.000000000000000000e+00 0.000000000000000000e+00 7.770000000000000000e+02 0.000000000000000000e+00 0.000000000000000000e+00 1.000000000000000000e+00
0.000000000000000000e+00 2.610000000000000000e+02 6.879999999999999893e+00 0.000000000000000000e+00 -5.483577586566851236e-01 1.004968402906839808e-01 -6.120978188622177019e-01 1.202651825033446316e-02 3.153108726455456506e-03 0.000000000000000000e+00 0.000000000000000000e+00 7.770000000000000000e+02 0.000000000000000000e+00 0.000000000000000000e+00 1.000000000000000000e+00
0.000000000000000000e+00 2.610000000000000000e+02 6.889999999999999680e+00 0.000000000000000000e+00 -5.588396629459492226e-01 9.197335621839133890e-02 -6.116659627920575382e-01 1.203254060564573624e-02 2.643390281810303194e-03 0.000000000000000000e+00 0.000000000000000000e+00 7.770000000000000000e+02 0.000000000000000000e+00 0.000000000000000000e+00 1.000000000000000000e+00
0.000000000000000000e+00 2.610000000000000000e+02 6.900000000000000355e+00 0.000000000000000000e+00 -5.695186758340469169e-01 8.098932558940162563e-02 -6.112537000467772597e-01 1.203791537753891132e-02 1.960407946987348729e-03 0.000000000000000000e+00 0.000000000000000000e+00 7.770000000000000000e+02 0.000000000000000000e+00 0.000000000000000000e+00 1.000000000000000000e+00
0.000000000000000000e+00 2.610000000000000000e+02 6.910000000000000142e+00 0.000000000000000000e+00 -5.803988864972479123e-01 6.752792290210467285e-02 -6.108598139594748622e-01 1.204270606078117721e-02 1.194310110068961400e-03 0.000000000000000000e+00 0.000000000000000000e+00 7.770000000000000000e+02 0.000000000000000000e+00 0.000000000000000000e+00 1.000000000000000000e+00
0.000000000000000000e+00 2.610000000000000000e+02 6.919999999999999929e+00 0.000000000000000000e+00 -5.914844611538835339e-01 5.156852777949679639e-02 -6.104831420963116040e-01 1.204696925001935530e-02 4.999232294446874156e-04 0.000000000000000000e+00 0.000000000000000000e+00 7.770000000000000000e+02 0.000000000000000000e+00 0.000000000000000000e+00 1.000000000000000000e+00
0.000000000000000000e+00 2.610000000000000000e+02 6.929999999999999716e+00 0.000000000000000000e+00 -6.027796446596627167e-01 3.308669338258029419e-02 -6.101225728259453973e-01 1.205075530835974205e-02 8.156435389078820885e-05 0.000000000000000000e+00 0.000000000000000000e+00 7.770000000000000000e+02 0.000000000000000000e+00 0.000000000000000000e+00 1.000000000000000000e+00
0.000000000000000000e+00 2.610000000000000000e+02 6.939999999999999503e+00 0.000000000000000000e+00 -6.142887621330995751e-01 1.205410896233166315e-02 -6.097770420388923807e-01 1.205410896233168917e-02 1.602236479976041536e-07 1.000000000000000000e+00 0.000000000000000000e+00 7.770000000000000000e+02 0.000000000000000000e+00 0.000000000000000000e+00 1.000000000000000000e+00
0.000000000000000000e+00 2.610000000000000000e+02 6.950000000000000178e+00 0.000000000000000000e+00 -6.219092425730238238e-01 3.239213552894983084e-02 -6.094455300071344173e-01 1.205706983026363054e-02 1.036661099844801617e-04 0.000000000000000000e+00 0.000000000000000000e+00 7.770000000000000000e+02 0.000000000000000000e+00 0.000000000000000000e+00 1.000000000000000000e+00
0.000000000000000000e+00 2.610000000000000000e+02 6.959999999999999964e+00 0.000000000000000000e+00 -6.297509820300889460e-01 4.899027774637404464e-02 -6.091270583747048217e-01 1.205967289031348137e-02 6.743701682847165479e-04 0.000000000000000000e+00 0.000000000000000000e+00 7.770000000000000000e+02 0.000000000000000000e+00 0.000000000000000000e+00 1.000000000000000000e+00
0.000000000000000000e+00 2.610000000000000000e+02 6.969999999999999751e+00 0.000000000000000000e+00 -6.378169832401506811e-01 6.187396089590930376e-02 -6.088206872703715300e-01 1.206194889368242262e-02 1.652260342594122355e-03 0.000000000000000000e+00 0.000000000000000000e+00 7.770000000000000000e+02 0.000000000000000000e+00 0.000000000000000000e+00 1.000000000000000000e+00
0.000000000000000000e+00 2.610000000000000000e+02 6.979999999999999538e+00 0.000000000000000000e+00 -6.461103348127168466e-01 7.106292039517229930e-02 -6.085255125338953075e-01 1.206392472789366392e-02 2.728345775399852041e-03 0.000000000000000000e+00 0.000000000000000000e+00 7.770000000000000000e+02 0.000000000000000000e+00 0.000000000000000000e+00 1.000000000000000000e+00
0.000000000000000000e+00 2.610000000000000000e+02 6.990000000000000213e+00 0.000000000000000000e+00 -6.546342124136287355e-01 7.657123202909774107e-02 -6.082406630476788756e-01 1.206562373442768635e-02 3.632794661203496422e-03 0.000000000000000000e+00 0.000000000000000000e+00 7.770000000000000000e+02 0.000000000000000000e+00 0.000000000000000000e+00 1.000000000000000000e+00
0.000000000000000000e+00 2.610000000000000000e+02 7.000000000000000000e+00 0.000000000000000000e+00 -6.633918799810777367e-01 7.840733351143540364e-02 -6.079652981659302569e-01 1.206706598446638350e-02 4.178910726829260930e-03 0.000000000000000000e+00 0.000000000000000000e+00 7.770000000000000000e+02 0.000000000000000000e+00 0.000000000000000000e+00 1.000000000000000000e+00
0.000000000000000000e+00 2.610000000000000000e+02 7.009999999999999787e+00 0.000000000000000000e+00 -6.723866909754233623e-01 7.657403740976555240e-02 -6.076986052337556288e-01 1.206826851600360274e-02 4.252623131406760987e-03 0.000000000000000000e+00 0.000000000000000000e+00 7.770000000000000000e+02 0.000000000000000000e+00 0.000000000000000000e+00 1.000000000000000000e+00
0.000000000000000000e+00 2.610000000000000000e+02 7.019999999999999574e+00 0.000000000000000000e+00 -6.816220896632892989e-01 7.106853545383176596e-02 -6.074397971888572112e-01 1.206924553512314820e-02 3.806554668740306374e-03 0.000000000000000000e+00 0.000000000000000000e+00 7.770000000000000000e+02 0.000000000000000000e+00 0.000000000000000000e+00 1.000000000000000000e+00
0.000000000000000000e+00 2.610000000000000000e+02 7.030000000000000249e+00 0.000000000000000000e+00 -6.911016124364334212e-01 6.188239423379089665e-02 -6.071881102387609586e-01 1.207000858382211231e-02 2.874980432315044077e-03 0.000000000000000000e+00 0.000000000000000000e+00 7.770000000000000000e+02 0.000000000000000000e+00 0.000000000000000000e+00 1.000000000000000000e+00
0.000000000000000000e+00 2.610000000000000000e+02 7.040000000000000036e+00 0.000000000000000000e+00 -7.008288891658912556e-01 4.900154228179022520e-02 -6.069428016067173193e-01 1.207056667636201633e-02 1.625636734690027313e-03 0.000000000000000000e+00 0.000000000000000000e+00 7.770000000000000000e+02 0.000000000000000000e+00 0.000000000000000000e+00 1.000000000000000000e+00
0.000000000000000000e+00 2.610000000000000000e+02 7.049999999999999822e+00 0.000000000000000000e+00 -7.108076445919165876e-01 3.240624851708363147e-02 -6.067031473396242713e-01 1.207092640575863421e-02 4.647686022750049939e-04 0.000000000000000000e+00 0.000000000000000000e+00 7.770000000000000000e+02 0.000000000000000000e+00 0.000000000000000000e+00 1.000000000000000000e+00
0.000000000000000000e+00 2.610000000000000000e+02 7.059999999999999609e+00 0.000000000000000000e+00 -7.210416997502473446e-01 1.207109202166836703e-02 -6.064684401715013662e-01 1.207109202166846591e-02 6.121888611491075900e-06 1.000000000000000000e+00 0.000000000000000000e+00 7.770000000000000000e+02 0.000000000000000000e+00 0.000000000000000000e+00 1.000000000000000000e+00
0.000000000000000000e+00 2.610000000000000000e+02 7.070000000000000284e+00 0.000000000000000000e+00 -7.281008758869853548e-01 3.141655316424982886e-02 -6.062379874362119336e-01 1.207106548059196267e-02 5.460051745590699043e-04 0.000000000000000000e+00 0.000000000000000000e+00 7.770000000000000000e+02 0.000000000000000000e+00 0.000000000000000000e+00 1.000000000000000000e+00
0.000000000000000000e+00 2.610000000000000000e+02 7.080000000000000071e+00 0.000000000000000000e+00 -7.354219736293969856e-01 4.521340193916620342e-02 -6.060111090232712661e-01 1.207084646898661656e-02 1.933626405594048719e-03 0.000000000000000000e+00 0.000000000000000000e+00 7.770000000000000000e+02 0.000000000000000000e+00 0.000000000000000000e+00 1.000000000000000000e+00
0.000000000000000000e+00 2.610000000000000000e+02 7.089999999999999858e+00 0.000000000000000000e+00 -7.430077963507396577e-01 5.348277256473116942e-02 -6.057871353707096063e-01 1.207043239956292167e-02 3.322393168808803615e-03 0.000000000000000000e+00 0.000000000000000000e+00 7.770000000000000000e+02 0.000000000000000000e+00 0.000000000000000000e+00 1.000000000000000000e+00
0.000000000000000000e+00 2.610000000000000000e+02 7.099999999999999645e+00 0.000000000000000000e+00 -7.508612487919846812e-01 5.623733218595510647e-02 -6.055654054890655669e-01 1.206981838071949191e-02 4.083988291906513052e-03 0.000000000000000000e+00 0.000000000000000000e+00 7.770000000000000000e+02 0.000000000000000000e+00 0.000000000000000000e+00 1.000000000000000000e+00
0.000000000000000000e+00 2.610000000000000000e+02 7.110000000000000320e+00 0.000000000000000000e+00 -7.589853381740885307e-01 5.348130027826623889e-02 -6.053452650106785349e-01 1.206899715875620928e-02 3.920989065131004481e-03 0.000000000000000000e+00 0.000000000000000000e+00 7.770000000000000000e+02 0.000000000000000000e+00 0.000000000000000000e+00 1.000000000000000000e+00
0.000000000000000000e+00 2.610000000000000000e+02 7.120000000000000107e+00 0.000000000000000000e+00 -7.673831753495122809e-01 4.521045511096600383e-02 -6.051260642585234439e-01 1.206795903218278211e-02 2.810596805498135481e-03 0.000000000000000000e+00 0.000000000000000000e+00 7.770000000000000000e+02 0.000000000000000000e+00 0.000000000000000000e+00 1.000000000000000000e+00
0.000000000000000000e+00 2.610000000000000000e+02 7.129999999999999893e+00 0.000000000000000000e+00 -7.760579759934168598e-01 3.141212728031908541e-02 -6.049071563288890285e-01 1.206669173711035804e-02 1.132382732259232770e-03 0.000000000000000000e+00 0.000000000000000000e+00 7.770000000000000000e+02 0.000000000000000000e+00 0.000000000000000000e+00 1.000000000000000000e+00
0.000000000000000000e+00 2.610000000000000000e+02 7.139999999999999680e+00 0.000000000000000000e+00 -7.850130618350023015e-01 1.206518030237219152e-02 -6.046878951822395321e-01 1.206518030237231816e-02 4.004847842552060203e-05 1.000000000000000000e+00 0.000000000000000000e+00 7.770000000000000000e+02 0.000000000000000000e+00 0.000000000000000000e+00 1.000000000000000000e+00
0.000000000000000000e+00 2.610000000000000000e+02 7.150000000000000355e+00 0.000000000000000000e+00 -7.913545465014445446e-01 3.099614953413317928e-02 -6.044676337366274854e-01 1.206340687266265789e-02 1.360243193253201331e-03 0.000000000000000000e+00 0.000000000000000000e+00 7.770000000000000000e+02 0.000000000000000000e+00 0.000000000000000000e+00 1.000000000000000000e+00
0.000000000000000000e+00 2.610000000000000000e+02 7.160000000000000142e+00 0.000000000000000000e+00 -7.979821736834479262e-01 4.359979199129263017e-02 -6.042457219580305017e-01 1.206135049760269536e-02 3.632652280551637580e-03 0.000000000000000000e+00 0.000000000000000000e+00 7.770000000000000000e+02 0.000000000000000000e+00 0.000000000000000000e+00 1.000000000000000000e+00
0.000000000000000000e+00 2.610000000000000000e+02 7.169999999999999929e+00 0.000000000000000000e+00 -8.048984812125592470e-01 4.989541412096634015e-02 -6.040215049419749294e-01 1.205898688424414215e-02 5.328874547208886647e-03 0.000000000000000000e+00 0.000000000000000000e+00 7.770000000000000000e+02 0.000000000000000000e+00 0.000000000000000000e+00 1.000000000000000000e+00
0.000000000000000000e+00 2.610000000000000000e+02 7.179999999999999716e+00 0.000000000000000000e+00 -8.121061174609570665e-01 4.989265965084022092e-02 -6.037943209807867806e-01 1.205628811008481634e-02 5.729161619358366653e-03 0.000000000000000000e+00 0.000000000000000000e+00 7.770000000000000000e+02 0.000000000000000000e+00 0.000000000000000000e+00 1.000000000000000000e+00
0.000000000000000000e+00 2.610000000000000000e+02 7.189999999999999503e+00 0.000000000000000000e+00 -8.196078423555569481e-01 4.359152436157593541e-02 -6.035634996107643868e-01 1.205322229320668348e-02 4.612189176580704097e-03 0.000000000000000000e+00 0.000000000000000000e+00 7.770000000000000000e+02 0.000000000000000000e+00 0.000000000000000000e+00 1.000000000000000000e+00
0.000000000000000000e+00 2.610000000000000000e+02 7.200000000000000178e+00 0.000000000000000000e+00 -8.274065284348368632e-01 3.098235608034765817e-02 -6.033283596335108356e-01 1.204975321563943672e-02 2.253455151960350247e-03 0.000000000000000000e+00 0.000000000000000000e+00 7.770000000000000000e+02 0.000000000000000000e+00 0.000000000000000000e+00 1.000000000000000000e+00
0.000000000000000000e+00 2.610000000000000000e+02 7.209999999999999964e+00 0.000000000000000000e+00 -8.355051619487793291e-01 1.204583989550003092e-02 -6.030882071055861937e-01 1.204583989550014368e-02 1.508081592131145857e-04 1.000000000000000000e+00 0.000000000000000000e+00 7.770000000000000000e+02 0.000000000000000000e+00 0.000000000000000000e+00 1.000000000000000000e+00
0.000000000000000000e+00 2.610000000000000000e+02 7.219999999999999751e+00 0.000000000000000000e+00 -8.414152550430124000e-01 2.967644270104319651e-02 -6.028423332905463727e-01 1.204143610285457293e-02 2.451830406170018087e-03 0.000000000000000000e+00 0.000000000000000000e+00 7.770000000000000000e+02 0.000000000000000000e+00 0.000000000000000000e+00 1.000000000000000000e+00
0.000000000000000000e+00 2.610000000000000000e+02 7.229999999999999538e+00 0.000000000000000000e+00 -8.476306597523818320e-01 3.848219755154608929e-02 -6.025900125673249175e-01 1.203648981358071933e-02 4.798510689082872982e-03 0.000000000000000000e+00 0.000000000000000000e+00 7.770000000000000000e+02 0.000000000000000000e+00 0.000000000000000000e+00 1.000000000000000000e+00
0.000000000000000000e+00 2.610000000000000000e+02 7.240000000000000213e+00 0.000000000000000000e+00 -8.541537560614153035e-01 3.847659323335865522e-02 -6.023305002887857640e-01 1.203094259478280047e-02 5.163821539328629362e-03 0.000000000000000000e+00 0.000000000000000000e+00 7.770000000000000000e+02 0.000000000000000000e+00 0.000000000000000000e+00 1.000000000000000000e+00
0.000000000000000000e+00 2.610000000000000000e+02 7.250000000000000000e+00 0.000000000000000000e+00 -8.609870417750050686e-01 2.965962116170289473e-02 -6.020630305841254692e-01 1.202472891449536153e-02 3.187586184474369005e-03 0.000000000000000000e+00 0.000000000000000000e+00 7.770000000000000000e+02 0.000000000000000000e+00 0.000000000000000000e+00 1.000000000000000000e+00
0.000000000000000000e+00 2.610000000000000000e+02 7.259999999999999787e+00 0.000000000000000000e+00 -8.681331334748587647e-01 1.201777536752250859e-02 -6.017868140986408765e-01 1.201777536752259533e-02 3.302196366268563520e-04 1.000000000000000000e+00 0.000000000000000000e+00 7.770000000000000000e+02 0.000000000000000000e+00 0.000000000000000000e+00 1.000000000000000000e+00
0.000000000000000000e+00 2.610000000000000000e+02 7.269999999999999574e+00 0.000000000000000000e+00 -8.734024213913851309e-01 2.964466363030286711e-02 -6.015010356641908862e-01 1.200999980826747415e-02 3.746736857238639959e-03 0.000000000000000000e+00 0.000000000000000000e+00 7.770000000000000000e+02 0.000000000000000000e+00 0.000000000000000000e+00 1.000000000000000000e+00
0.000000000000000000e+00 2.610000000000000000e+02 7.280000000000000249e+00 0.000000000000000000e+00 -8.789892693548969627e-01 3.844646346985972074e-02 -6.012048518934784980e-01 1.200131038030623730e-02 6.777723512451514637e-03 0.000000000000000000e+00 0.000000000000000000e+00 7.770000000000000000e+02 0.000000000000000000e+00 0.000000000000000000e+00 1.000000000000000000e+00
0.000000000000000000e+00 2.610000000000000000e+02 7.290000000000000036e+00 0.000000000000000000e+00 -8.848958166648169810e-01 3.843665761419837873e-02 -6.008973886910513595e-01 1.199160443124427586e-02 7.218134344618921255e-03 0.000000000000000000e+00 0.000000000000000000e+00 7.770000000000000000e+02 0.000000000000000000e+00 0.000000000000000000e+00 1.000000000000000000e+00
0.000000000000000000e+00 2.610000000000000000e+02 7.299999999999999822e+00 0.000000000000000000e+00 -8.911243250389044857e-01 2.961523104256318789e-02 -6.005777386736783630e-01 1.198076730003397664e-02 4.688157632186634727e-03 0.000000000000000000e+00 0.000000000000000000e+00 7.770000000000000000e+02 0.000000000000000000e+00 0.000000000000000000e+00 1.000000000000000000e+00
0.000000000000000000e+00 2.610000000000000000e+02 7.309999999999999609e+00 0.000000000000000000e+00 -8.976771794793042547e-01 1.196867096242851085e-02 -6.002449584924858250e-01 1.196867096242857850e-02 6.384774582625556485e-04 1.000000000000000000e+00 0.000000000000000000e+00 7.770000000000000000e+02 0.000000000000000000e+00 0.000000000000000000e+00 1.000000000000000000e+00
0.000000000000000000e+00 2.610000000000000000e+02 7.320000000000000284e+00 0.000000000000000000e+00 -9.025015783944493331e-01 2.846974366244783838e-02 -5.998980660489536820e-01 1.195517251857014865e-02 5.005015094082770899e-03 0.000000000000000000e+00 0.000000000000000000e+00 7.770000000000000000e+02 0.000000000000000000e+00 0.000000000000000000e+00 1.000000000000000000e+00
0.000000000000000000e+00 2.610000000000000000e+02 7.330000000000000071e+00 0.000000000000000000e+00 -9.076546799203665250e-01 3.395662521098580244e-02 -5.995360375965526067e-01 1.194011250484475553e-02 7.385561827971603294e-03 0.000000000000000000e+00 0.000000000000000000e+00 7.770000000000000000e+02 0.000000000000000000e+00 0.000000000000000000e+00 1.000000000000000000e+00
0.000000000000000000e+00 2.610000000000000000e+02 7.339999999999999858e+00 0.000000000000000000e+00 -9.131384572675662614e-01 2.843772049486838205e-02 -5.991578047194711099e-01 1.192331301006208620e-02 5.704748630354274791e-03 0.000000000000000000e+00 0.000000000000000000e+00 7.770000000000000000e+02 0.000000000000000000e+00 0.000000000000000000e+00 1.000000000000000000e+00
0.000000000000000000e+00 2.610000000000000000e+02 7.349999999999999645e+00 0.000000000000000000e+00 -9.189550102679748811e-01 1.190457557370484636e-02 -5.987622511795138713e-01 1.190457557370489319e-02 9.950708511112064947e-04 1.000000000000000000e+00 0.000000000000000000e+00 7.770000000000000000e+02 0.000000000000000000e+00 0.000000000000000000e+00 1.000000000000000000e+00
0.000000000000000000e+00 2.610000000000000000e+02 7.360000000000000320e+00 0.000000000000000000e+00 -9.234542297549938050e-01 2.654682374476338355e-02 -5.983482096218676327e-01 1.188367884141940979e-02 5.720924149166684708e-03 0.000000000000000000e+00 0.000000000000000000e+00 7.770000000000000000e+02 0.000000000000000000e+00 0.000000000000000000e+00 1.000000000000000000e+00
0.000000000000000000e+00 2.610000000000000000e+02 7.370000000000000107e+00 0.000000000000000000e+00 -9.282901749805425595e-01 2.652344102996696124e-02 -5.979144581300119832e-01 1.186037595004983507e-02 6.071520312638897798e-03 0.000000000000000000e+00 0.000000000000000000e+00 7.770000000000000000e+02 0.000000000000000000e+00 0.000000000000000000e+00 1.000000000000000000e+00
0.000000000000000000e+00 2.610000000000000000e+02 7.379999999999999893e+00 0.000000000000000000e+00 -9.334646977105730548e-01 1.183439161132500764e-02 -5.974597166196077280e-01 1.183439161132504060e-02 1.324786500269326504e-03 1.000000000000000000e+00 0.000000000000000000e+00 7.770000000000000000e+02 0.000000000000000000e+00 0.000000000000000000e+00 1.000000000000000000e+00
0.000000000000000000e+00 2.610000000000000000e+02 7.389999999999999680e+00 0.000000000000000000e+00 -9.375256501193646175e-01 2.646815390260668852e-02 -5.969826430607214629e-01 1.180541885974575531e-02 6.787383420205159862e-03 0.000000000000000000e+00 0.000000000000000000e+00 7.770000000000000000e+02 0.000000000000000000e+00 0.000000000000000000e+00 1.000000000000000000e+00
0.000000000000000000e+00 2.610000000000000000e+02 7.400000000000000355e+00 0.000000000000000000e+00 -9.419287164536699342e-01 2.643573981457278746e-02 -5.964818295172358287e-01 1.177311542625336660e-02 7.150409635501338984e-03 0.000000000000000000e+00 0.000000000000000000e+00 7.770000000000000000e+02 0.000000000000000000e+00 0.000000000000000000e+00 1.000000000000000000e+00
0.000000000000000000e+00 2.610000000000000000e+02 7.410000000000000142e+00 0.000000000000000000e+00 -9.466755827227252285e-01 1.173709969484078991e-02 -5.959557979917586845e-01 1.173709969484081246e-02 1.696355654909709881e-03 1.000000000000000000e+00 0.000000000000000000e+00 7.770000000000000000e+02 0.000000000000000000e+00 0.000000000000000000e+00 1.000000000000000000e+00
0.000000000000000000e+00 2.610000000000000000e+02 7.419999999999999929e+00 0.000000000000000000e+00 -9.502800888255719114e-01 2.635911315907699809e-02 -5.954029960637675645e-01 1.169694619433902898e-02 7.877011527324222218e-03 0.000000000000000000e+00 0.000000000000000000e+00 7.770000000000000000e+02 0.000000000000000000e+00 0.000000000000000000e+00 1.000000000000000000e+00
0.000000000000000000e+00 2.610000000000000000e+02 7.429999999999999716e+00 0.000000000000000000e+00 -9.542315927461643144e-01 2.631419419342581958e-02 -5.948217923081170477e-01 1.165218057212123216e-02 8.237754487186527141e-03 0.000000000000000000e+00 0.000000000000000000e+00 7.770000000000000000e+02 0.000000000000000000e+00 0.000000000000000000e+00 1.000000000000000000e+00
0.000000000000000000e+00 2.610000000000000000e+02 7.439999999999999503e+00 0.000000000000000000e+00 -9.585316075827848836e-01 1.160227399034706453e-02 -5.942104714803887466e-01 1.160227399034707667e-02 2.089555042978185131e-03 1.000000000000000000e+00 0.000000000000000000e+00 7.770000000000000000e+02 0.000000000000000000e+00 0.000000000000000000e+00 1.000000000000000000e+00
0.000000000000000000e+00 2.610000000000000000e+02 7.450000000000000178e+00 0.000000000000000000e+00 -9.619164832027337075e-01 2.253063739226405376e-02 -5.935672294548737238e-01 1.154663687854667713e-02 7.080050814803375003e-03 0.000000000000000000e+00 0.000000000000000000e+00 7.770000000000000000e+02 0.000000000000000000e+00 0.000000000000000000e+00 1.000000000000000000e+00
0.000000000000000000e+00 2.610000000000000000e+02 7.459999999999999964e+00 0.000000000000000000e+00 -9.656528124144074798e-01 1.148461196874091608e-02 -5.928901679002496206e-01 1.148461196874092649e-02 2.349254768213755035e-03 1.000000000000000000e+00 0.000000000000000000e+00 7.770000000000000000e+02 0.000000000000000000e+00 0.000000000000000000e+00 1.000000000000000000e+00
0.000000000000000000e+00 2.610000000000000000e+02 7.469999999999999751e+00 0.000000000000000000e+00 -9.687118018466113201e-01 2.239913001116479799e-02 -5.921772886772388444e-01 1.141546653081852540e-02 7.656530440703426810e-03 0.000000000000000000e+00 0.000000000000000000e+00 7.770000000000000000e+02 0.000000000000000000e+00 0.000000000000000000e+00 1.000000000000000000e+00
0.000000000000000000e+00 2.610000000000000000e+02 7.479999999999999538e+00 0.000000000000000000e+00 -9.721248469140092441e-01 1.133838371644251171e-02 -5.914264879417134857e-01 1.133838371644251344e-02 2.594063673363598138e-03 1.000000000000000000e+00 0.000000000000000000e+00 7.770000000000000000e+02 0.000000000000000000e+00 0.000000000000000000e+00 1.000000000000000000e+00
0.000000000000000000e+00 2.610000000000000000e+02 7.490000000000000213e+00 0.000000000000000000e+00 -9.751108302028724806e-01 1.125245290922772916e-02 -5.906355499358462158e-01 1.125245290922772916e-02 2.706848485110227576e-03 1.000000000000000000e+00 0.000000000000000000e+00 7.770000000000000000e+02 0.000000000000000000e+00 0.000000000000000000e+00 1.000000000000000000e+00
0.000000000000000000e+00 2.610000000000000000e+02 7.500000000000000000e+00 0.000000000000000000e+00 -9.779264025781402303e-01 1.115665896719118810e-02 -5.898021404489803832e-01 1.115665896719118810e-02 2.810864776162399700e-03 1.000000000000000000e+00 0.000000000000000000e+00 7.770000000000000000e+02 0.000000000000000000e+00 0.000000000000000000e+00 1.000000000000000000e+00
0.000000000000000000e+00 2.610000000000000000e+02 7.509999999999999787e+00 0.000000000000000000e+00 -9.805686335272212339e-01 1.104987023039125105e-02 -5.889237999289251846e-01 1.104987023039125105e-02 2.904236551420309731e-03 1.000000000000000000e+00 0.000000000000000000e+00 7.770000000000000000e+02 0.000000000000000000e+00 0.000000000000000000e+00 1.000000000000000000e+00
0.000000000000000000e+00 2.610000000000000000e+02 7.519999999999999574e+00 0.000000000000000000e+00 -9.830344725116393345e-01 1.093082515208410564e-02 -5.879979362233417328e-01 1.093082515208410564e-02 2.985016142330062724e-03 1.000000000000000000e+00 0.000000000000000000e+00 7.770000000000000000e+02 0.000000000000000000e+00 0.000000000000000000e+00 1.000000000000000000e+00
0.000000000000000000e+00 2.610000000000000000e+02 7.530000000000000249e+00 0.000000000000000000e+00 -9.853207413629389011e-01 1.079811739546487730e-02 -5.870218169298015987e-01 1.079811739546487730e-02 3.051200874027056031e-03 1.000000000000000000e+00 0.000000000000000000e+00 7.770000000000000000e+02 0.000000000000000000e+00 0.000000000000000000e+00 1.000000000000000000e+00
0.000000000000000000e+00 2.610000000000000000e+02 7.540000000000000036e+00 0.000000000000000000e+00 -9.874241262634038119e-01 1.065017921993414302e-02 -5.859925613319402204e-01 1.065017921993414302e-02 3.100753379630668410e-03 1.000000000000000000e+00 0.000000000000000000e+00 7.770000000000000000e+02 0.000000000000000000e+00 0.000000000000000000e+00 1.000000000000000000e+00
0.000000000000000000e+00 2.610000000000000000e+02 7.549999999999999822e+00 0.000000000000000000e+00 -9.893411692878315566e-01 1.048526296062367823e-02 -5.849071318979073286e-01 1.048526296062367823e-02 3.131626401224697764e-03 1.000000000000000000e+00 0.000000000000000000e+00 7.770000000000000000e+02 0.000000000000000000e+00 0.000000000000000000e+00 1.000000000000000000e+00
0.000000000000000000e+00 2.610000000000000000e+02 7.559999999999999609e+00 0.000000000000000000e+00 -9.910682594812152413e-01 1.030142038239023790e-02 -5.837623253160236780e-01 1.030142038239023790e-02 3.141793198876651622e-03 1.000000000000000000e+00 0.000000000000000000e+00 7.770000000000000000e+02 0.000000000000000000e+00 0.000000000000000000e+00 1.000000000000000000e+00
0.000000000000000000e+00 2.610000000000000000e+02 7.570000000000000284e+00 0.000000000000000000e+00 -9.926016234459277277e-01 1.009647966437614112e-02 -5.825547630411909150e-01 1.009647966437614112e-02 3.129285063485691409e-03 1.000000000000000000e+00 0.000000000000000000e+00 7.770000000000000000e+02 0.000000000000000000e+00 0.000000000000000000e+00 1.000000000000000000e+00
0.000000000000000000e+00 2.610000000000000000e+02 7.580000000000000071e+00 0.000000000000000000e+00 -9.939373154104657049e-01 9.868019743244237432e-03 -5.812808813241527872e-01 9.868019743244237432e-03 3.092237927015281662e-03 1.000000000000000000e+00 0.000000000000000000e+00 7.770000000000000000e+02 0.000000000000000000e+00 0.000000000000000000e+00 1.000000000000000000e+00
0.000000000000000000e+00 2.610000000000000000e+02 7.589999999999999858e+00 0.000000000000000000e+00 -9.950712067503323377e-01 9.613341711991468461e-03 -5.799369206941838994e-01 9.613341711991468461e-03 3.028950725568758592e-03 1.000000000000000000e+00 0.000000000000000000e+00 7.770000000000000000e+02 0.000000000000000000e+00 0.000000000000000000e+00 1.000000000000000000e+00
0.000000000000000000e+00 2.610000000000000000e+02 7.599999999999999645e+00 0.000000000000000000e+00 -9.959989749300366402e-01 9.329436936461476051e-03 -5.785189148641656232e-01 9.329436936461476051e-03 2.937959049751857551e-03 1.000000000000000000e+00 0.000000000000000000e+00 7.770000000000000000e+02 0.000000000000000000e+00 0.000000000000000000e+00 1.000000000000000000e+00
0.000000000000000000e+00 2.610000000000000000e+02 7.610000000000000320e+00 0.000000000000000000e+00 -9.967160918334446729e-01 9.012951512901316853e-03 -5.770226790253082383e-01 9.012951512901316853e-03 2.818128778671154938e-03 1.000000000000000000e+00 0.000000000000000000e+00 7.770000000000000000e+02 0.000000000000000000e+00 0.000000000000000000e+00 1.000000000000000000e+00
0.000000000000000000e+00 2.610000000000000000e+02 7.620000000000000107e+00 0.000000000000000000e+00 -9.972178114479205435e-01 8.660146646682230845e-03 -5.754437974969723868e-01 8.660146646682230845e-03 2.668775913417882964e-03 1.000000000000000000e+00 0.000000000000000000e+00 7.770000000000000000e+02 0.000000000000000000e+00 0.000000000000000000e+00 1.000000000000000000e+00
0.000000000000000000e+00 2.610000000000000000e+02 7.629999999999999893e+00 0.000000000000000000e+00 -9.974991568658416741e-01 8.266854484119266072e-03 -5.737776106951435473e-01 8.266854484119266072e-03 2.489820769310497478e-03 1.000000000000000000e+00 0.000000000000000000e+00 7.770000000000000000e+02 0.000000000000000000e+00 0.000000000000000000e+00 1.000000000000000000e+00
0.000000000000000000e+00 2.610000000000000000e+02 7.639999999999999680e+00 0.000000000000000000e+00 -9.975549065649916836e-01 7.828428875609751494e-03 -5.720192013811010723e-01 7.828428875609751494e-03 2.281987060912770565e-03 1.000000000000000000e+00 0.000000000000000000e+00 7.770000000000000000e+02 0.000000000000000000e+00 0.000000000000000000e+00 1.000000000000000000e+00
0.000000000000000000e+00 2.610000000000000000e+02 7.650000000000000355e+00 0.000000000000000000e+00 -9.973795799272824336e-01 7.339690488431930594e-03 -5.701633801496973630e-01 7.339690488431930594e-03 2.047059035425770335e-03 1.000000000000000000e+00 0.000000000000000000e+00 7.770000000000000000e+02 0.000000000000000000e+00 0.000000000000000000e+00 1.000000000000000000e+00
0.000000000000000000e+00 2.610000000000000000e+02 7.660000000000000142e+00 0.000000000000000000e+00 -9.969674219529186532e-01 6.794865620794752169e-03 -5.682046701144223277e-01 6.794865620794752169e-03 1.788211968053760037e-03 1.000000000000000000e+00 0.000000000000000000e+00 7.770000000000000000e+02 0.000000000000000000e+00 0.000000000000000000e+00 1.000000000000000000e+00
0.000000000000000000e+00 2.610000000000000000e+02 7.669999999999999929e+00 0.000000000000000000e+00 -9.963123871248851238e-01 6.187517994319833084e-03 -5.661372907440548330e-01 6.187517994319833084e-03 1.510430966183094574e-03 1.000000000000000000e+00 0.000000000000000000e+00 7.770000000000000000e+02 0.000000000000000000e+00 0.000000000000000000e+00 1.000000000000000000e+00
0.000000000000000000e+00 2.610000000000000000e+02 7.679999999999999716e+00 0.000000000000000000e+00 -9.954081223759619901e-01 5.510472719187252920e-03 -5.639551408031993063e-01 5.510472719187252920e-03 1.221024696124243560e-03 1.000000000000000000e+00 0.000000000000000000e+00 7.770000000000000000e+02 0.000000000000000000e+00 0.000000000000000000e+00 1.000000000000000000e+00
0.000000000000000000e+00 2.610000000000000000e+02 7.689999999999999503e+00 0.000000000000000000e+00 -9.942479491079958542e-01 4.755731533708945115e-03 -5.616517803463636493e-01 4.755731533708945115e-03 9.302105350716162457e-04 1.000000000000000000e+00 1.000000000000000000e+00 7.770000000000000000e+02 0.000000000000000000e+00 0.000000000000000000e+00 1.000000000000000000e+00
0.000000000000000000e+00 2.610000000000000000e+02 7.700000000000000178e+00 0.000000000000000000e+00 -1.011323851743553659e+00 4.954318237937310569e-03 -5.777194192457538735e-01 4.954318237937310569e-03 1.537677020199038069e-03 1.000000000000000000e+00 0.000000000000000000e+00 7.770000000000000000e+02 0.000000000000000000e+00 0.000000000000000000e+00 1.000000000000000000e+00
0.000000000000000000e+00 2.610000000000000000e+02 7.709999999999999964e+00 0.000000000000000000e+00 -1.028184029227686258e+00 5.009598992188292119e-03 -5.937064686704829342e-01 5.009598992188292119e-03 2.349223839160419214e-03 1.000000000000000000e+00 0.000000000000000000e+00 7.770000000000000000e+02 0.000000000000000000e+00 0.000000000000000000e+00 1.000000000000000000e+00
0.000000000000000000e+00 2.610000000000000000e+02 7.719999999999999751e+00 0.000000000000000000e+00 -1.044875463450457342e+00 4.922226854617748996e-03 -6.096601094878926208e-01 4.922226854617748129e-03 3.378434703688319024e-03 1.000000000000000000e+00 0.000000000000000000e+00 7.770000000000000000e+02 0.000000000000000000e+00 0.000000000000000000e+00 1.000000000000000000e+00
0.000000000000000000e+00 2.610000000000000000e+02 7.729999999999999538e+00 0.000000000000000000e+00 -1.061445050973385262e+00 4.691169656113508384e-03 -6.256274239700787554e-01 4.691169656113508384e-03 4.632367033758060665e-03 1.000000000000000000e+00 1.000000000000000000e+00 7.770000000000000000e+02 0.000000000000000000e+00 0.000000000000000000e+00 1.000000000000000000e+00
0.000000000000000000e+00 2.610000000000000000e+02 7.740000000000000213e+00 0.000000000000000000e+00 -1.076787438970632893e+00 4.536092278714314897e-03 -6.405032317165305633e-01 4.536092278714314897e-03 6.203551645819904356e-03 1.000000000000000000e+00 0.000000000000000000e+00 7.770000000000000000e+02 0.000000000000000000e+00 0.000000000000000000e+00 1.000000000000000000e+00
0.000000000000000000e+00 2.610000000000000000e+02 7.750000000000000000e+00 0.000000000000000000e+00 -1.092098672724365782e+00 4.223564626190677400e-03 -6.554837371322274064e-01 4.223564626190677400e-03 8.003400341183198805e-03 1.000000000000000000e+00 1.000000000000000000e+00 7.770000000000000000e+02 0.000000000000000000e+00 0.000000000000000000e+00 1.000000000000000000e+00
0.000000000000000000e+00 2.610000000000000000e+02 7.759999999999999787e+00 0.000000000000000000e+00 -1.108175627971373700e+00 4.040293385147812437e-03 -6.713659617583608297e-01 4.040293385147812437e-03 1.060551709611273416e-02 1.000000000000000000e+00 0.000000000000000000e+00 7.770000000000000000e+02 0.000000000000000000e+00 0.000000000000000000e+00 1.000000000000000000e+00
0.000000000000000000e+00 2.610000000000000000e+02 7.769999999999999574e+00 0.000000000000000000e+00 -1.124312232569965930e+00 3.676520472009332623e-03 -6.874439659246475154e-01 3.676520472009331755e-03 1.358702922413520392e-02 1.000000000000000000e+00 0.000000000000000000e+00 7.770000000000000000e+02 0.000000000000000000e+00 0.000000000000000000e+00 1.000000000000000000e+00
0.000000000000000000e+00 2.610000000000000000e+02 7.780000000000000249e+00 0.000000000000000000e+00 -1.140555816687317536e+00 3.127948462273247212e-03 -7.037651989234200434e-01 3.127948462273246778e-03 1.695794551450418436e-02 1.000000000000000000e+00 1.000000000000000000e+00 7.770000000000000000e+02 0.000000000000000000e+00 0.000000000000000000e+00 1.000000000000000000e+00
0.000000000000000000e+00 2.610000000000000000e+02 7.790000000000000036e+00 0.000000000000000000e+00 -1.134531418444805206e+00 3.638826841261219927e-03 -6.979548046430590347e-01 3.638826841261219927e-03 1.561679738780096319e-02 1.000000000000000000e+00 0.000000000000000000e+00 7.770000000000000000e+02 0.000000000000000000e+00 0.000000000000000000e+00 1.000000000000000000e+00
0.000000000000000000e+00 2.610000000000000000e+02 7.799999999999999822e+00 0.000000000000000000e+00 -1.128644821068762738e+00 3.957611016399496112e-03 -6.924186587081690991e-01 3.957611016399496112e-03 1.403767552524801121e-02 1.000000000000000000e+00 0.000000000000000000e+00 7.770000000000000000e+02 0.000000000000000000e+00 0.000000000000000000e+00 1.000000000000000000e+00
0.000000000000000000e+00 2.610000000000000000e+02 7.809999999999999609e+00 0.000000000000000000e+00 -1.122879607304113625e+00 4.088066938575582281e-03 -6.871404228839701478e-01 4.088066938575582281e-03 1.225618675875180669e-02 1.000000000000000000e+00 1.000000000000000000e+00 7.770000000000000000e+02 0.000000000000000000e+00 0.000000000000000000e+00 1.000000000000000000e+00
0.000000000000000000e+00 2.610000000000000000e+02 7.820000000000000284e+00 0.000000000000000000e+00 -1.118143732615721087e+00 4.186208095931597158e-03 -6.830281182697479636e-01 4.186208095931597158e-03 1.072992170502428712e-02 1.000000000000000000e+00 1.000000000000000000e+00 7.770000000000000000e+02 0.000000000000000000e+00 0.000000000000000000e+00 1.000000000000000000e+00
0.000000000000000000e+00 2.610000000000000000e+02 7.830000000000000071e+00 0.000000000000000000e+00 -1.113327250242829747e+00 4.366395126767448447e-03 -6.789718503467254695e-01 4.366395126767447579e-03 9.323390203117098637e-03 1.000000000000000000e+00 0.000000000000000000e+00 7.770000000000000000e+02 0.000000000000000000e+00 0.000000000000000000e+00 1.000000000000000000e+00
0.000000000000000000e+00 2.610000000000000000e+02 7.839999999999999858e+00 0.000000000000000000e+00 -1.108592310634742395e+00 4.375753350225827093e-03 -6.751338084085358737e-01 4.375753350225826226e-03 7.749408919229122672e-03 1.000000000000000000e+00 1.000000000000000000e+00 7.770000000000000000e+02 0.000000000000000000e+00 0.000000000000000000e+00 1.000000000000000000e+00
0.000000000000000000e+00 2.610000000000000000e+02 7.849999999999999645e+00 0.000000000000000000e+00 -1.116364646084058387e+00 4.629361624988430172e-03 -6.839397501905379873e-01 4.629361624988428438e-03 8.745419895182689196e-03 1.000000000000000000e+00 0.000000000000000000e+00 7.770000000000000000e+02 0.000000000000000000e+00 0.000000000000000000e+00 1.000000000000000000e+00
0.000000000000000000e+00 2.610000000000000000e+02 7.860000000000000320e+00 0.000000000000000000e+00 -1.124233148047659947e+00 4.727221618487492324e-03 -6.929785791883027457e-01 4.727221618487489722e-03 9.560338327322269805e-03 1.000000000000000000e+00 0.000000000000000000e+00 7.770000000000000000e+02 0.000000000000000000e+00 0.000000000000000000e+00 1.000000000000000000e+00
0.000000000000000000e+00 2.610000000000000000e+02 7.870000000000000107e+00 0.000000000000000000e+00 -1.132224493220462813e+00 4.670489397924933346e-03 -7.022769707301245168e-01 4.670489397924932479e-03 1.012147567837251919e-02 1.000000000000000000e+00 0.000000000000000000e+00 7.770000000000000000e+02 0.000000000000000000e+00 0.000000000000000000e+00 1.000000000000000000e+00
0.000000000000000000e+00 2.610000000000000000e+02 7.879999999999999893e+00 0.000000000000000000e+00 -1.140366137721680939e+00 4.458494758274787056e-03 -7.118623661634450039e-01 4.458494758274784454e-03 1.031596508934431132e-02 1.000000000000000000e+00 0.000000000000000000e+00 7.770000000000000000e+02 0.000000000000000000e+00 0.000000000000000000e+00 1.000000000000000000e+00
0.000000000000000000e+00 2.610000000000000000e+02 7.889999999999999680e+00 0.000000000000000000e+00 -1.148686398078070603e+00 4.088733304828648212e-03 -7.217630538395628514e-01 4.088733304828645609e-03 9.941952635992078874e-03 1.000000000000000000e+00 1.000000000000000000e+00 7.770000000000000000e+02 0.000000000000000000e+00 0.000000000000000000e+00 1.000000000000000000e+00
0.000000000000000000e+00 2.610000000000000000e+02 7.900000000000000355e+00 0.000000000000000000e+00 -1.158980012134452453e+00 4.435800531638937026e-03 -7.337737300269697727e-01 4.435800531638932689e-03 1.017229184601392902e-02 1.000000000000000000e+00 0.000000000000000000e+00 7.770000000000000000e+02 0.000000000000000000e+00 0.000000000000000000e+00 1.000000000000000000e+00
0.000000000000000000e+00 2.610000000000000000e+02 7.910000000000000142e+00 0.000000000000000000e+00 -1.169517003257630305e+00 4.622521533123622600e-03 -7.461643631194428972e-01 4.622521533123616529e-03 9.195505028627478511e-03 1.000000000000000000e+00 0.000000000000000000e+00 7.770000000000000000e+02 0.000000000000000000e+00 0.000000000000000000e+00 1.000000000000000000e+00
0.000000000000000000e+00 2.610000000000000000e+02 7.919999999999999929e+00 0.000000000000000000e+00 -1.180334006960710669e+00 4.651102134339587038e-03 -7.589715202658462445e-01 4.651102134339579232e-03 0.000000000000000000e+00 1.000000000000000000e+00 1.000000000000000000e+00 7.770000000000000000e+02 1.000000000000000000e+00 0.000000000000000000e+00 1.000000000000000000e+00
0.000000000000000000e+00 2.610000000000000000e+02 7.929999999999999716e+00 0.000000000000000000e+00 -1.170096785870862854e+00 5.416610513271695633e-03 -7.508608823447315839e-01 5.416610513271688694e-03 9.612823811369210908e-03 1.000000000000000000e+00 0.000000000000000000e+00 7.770000000000000000e+02 0.000000000000000000e+00 0.000000000000000000e+00 1.000000000000000000e+00
0.000000000000000000e+00 2.610000000000000000e+02 7.940000000000000391e+00 0.000000000000000000e+00 -1.160153614568717462e+00 6.103313543892856068e-03 -7.431806288119123804e-01 6.103313543892848261e-03 1.112574054269040505e-02 1.000000000000000000e+00 0.000000000000000000e+00 7.770000000000000000e+02 0.000000000000000000e+00 0.000000000000000000e+00 1.000000000000000000e+00
0.000000000000000000e+00 2.610000000000000000e+02 7.950000000000000178e+00 0.000000000000000000e+00 -1.150481935635793818e+00 6.719323579604859036e-03 -7.359080937574099535e-01 6.719323579604854699e-03 1.152008906098943297e-02 1.000000000000000000e+00 0.000000000000000000e+00 7.770000000000000000e+02 0.000000000000000000e+00 0.000000000000000000e+00 1.000000000000000000e+00
0.000000000000000000e+00 2.610000000000000000e+02 7.959999999999999964e+00 0.000000000000000000e+00 -1.141060408265353043e+00 7.271917843437056446e-03 -7.290218145271392114e-01 7.271917843437049507e-03 1.142780568315011382e-02 1.000000000000000000e+00 0.000000000000000000e+00 7.770000000000000000e+02 0.000000000000000000e+00 0.000000000000000000e+00 1.000000000000000000e+00
0.000000000000000000e+00 2.610000000000000000e+02 7.969999999999999751e+00 0.000000000000000000e+00 -1.131868844909768690e+00 7.767624397384384830e-03 -7.225014683824754202e-01 7.767624397384381360e-03 1.108253670957908173e-02 1.000000000000000000e+00 0.000000000000000000e+00 7.770000000000000000e+02 0.000000000000000000e+00 0.000000000000000000e+00 1.000000000000000000e+00
0.000000000000000000e+00 2.610000000000000000e+02 7.979999999999999538e+00 0.000000000000000000e+00 -1.122888151290682091e+00 8.212299261545633403e-03 -7.163278125239311844e-01 8.212299261545629933e-03 1.059756277811598271e-02 1.000000000000000000e+00 0.000000000000000000e+00 7.770000000000000000e+02 0.000000000000000000e+00 0.000000000000000000e+00 1.000000000000000000e+00
0.000000000000000000e+00 2.610000000000000000e+02 7.990000000000000213e+00 0.000000000000000000e+00 -1.114100269594946013e+00 8.611195594107255019e-03 -7.104826273019426708e-01 8.611195594107253284e-03 1.003581327497853233e-02 1.000000000000000000e+00 0.000000000000000000e+00 7.770000000000000000e+02 0.000000000000000000e+00 0.000000000000000000e+00 1.000000000000000000e+00
0.000000000000000000e+00 2.610000000000000000e+02 8.000000000000000000e+00 0.000000000000000000e+00 -1.105488124688730922e+00 8.969025749429329619e-03 -7.049486624471690277e-01 8.969025749429327884e-03 9.435176905290961966e-03 1.000000000000000000e+00 0.000000000000000000e+00 7.770000000000000000e+02 0.000000000000000000e+00 0.000000000000000000e+00 1.000000000000000000e+00
0.000000000000000000e+00 2.610000000000000000e+02 8.009999999999999787e+00 0.000000000000000000e+00 -1.097035573191149416e+00 9.290016947355586238e-03 -6.997095861616184909e-01 9.290016947355586238e-03 8.819651950366810822e-03 1.000000000000000000e+00 0.000000000000000000e+00 7.770000000000000000e+02 0.000000000000000000e+00 0.000000000000000000e+00 1.000000000000000000e+00
0.000000000000000000e+00 2.610000000000000000e+02 8.019999999999999574e+00 0.000000000000000000e+00 -1.088727355257122165e+00 9.577961211395943572e-03 -6.947499369203620212e-01 9.577961211395941837e-03 8.204929598384301873e-03 1.000000000000000000e+00 0.000000000000000000e+00 7.770000000000000000e+02 0.000000000000000000e+00 0.000000000000000000e+00 1.000000000000000000e+00
0.000000000000000000e+00 2.610000000000000000e+02 8.029999999999999361e+00 0.000000000000000000e+00 -1.080549048927260891e+00 9.836260165725264557e-03 -6.900550778415901476e-01 9.836260165725264557e-03 7.601454063662563612e-03 1.000000000000000000e+00 0.000000000000000000e+00 7.770000000000000000e+02 0.000000000000000000e+00 0.000000000000000000e+00 1.000000000000000000e+00
0.000000000000000000e+00 2.610000000000000000e+02 8.039999999999999147e+00 0.000000000000000000e+00 -1.072487026910124319e+00 1.006796522020691684e-02 -6.856111534903504001e-01 1.006796522020691684e-02 7.016216255883819808e-03 1.000000000000000000e+00 0.000000000000000000e+00 7.770000000000000000e+02 0.000000000000000000e+00 0.000000000000000000e+00 1.000000000000000000e+00
0.000000000000000000e+00 2.610000000000000000e+02 8.050000000000000711e+00 0.000000000000000000e+00 -1.064528415669338868e+00 1.027581361816605823e-02 -6.814050489884859729e-01 1.027581361816605997e-02 6.453860898482152025e-03 1.000000000000000000e+00 0.000000000000000000e+00 7.770000000000000000e+02 0.000000000000000000e+00 0.000000000000000000e+00 1.000000000000000000e+00
0.000000000000000000e+00 2.610000000000000000e+02 8.060000000000000497e+00 0.000000000000000000e+00 -1.056661056694926604e+00 1.046226077276246440e-02 -6.774243513100999259e-01 1.046226077276246787e-02 5.917398355461110995e-03 1.000000000000000000e+00 0.000000000000000000e+00 7.770000000000000000e+02 0.000000000000000000e+00 0.000000000000000000e+00 1.000000000000000000e+00
0.000000000000000000e+00 2.610000000000000000e+02 8.070000000000000284e+00 0.000000000000000000e+00 -1.048873469844623152e+00 1.062950927396792873e-02 -6.736573126483201834e-01 1.062950927396793394e-02 5.408677607184539382e-03 1.000000000000000000e+00 0.000000000000000000e+00 7.770000000000000000e+02 0.000000000000000000e+00 0.000000000000000000e+00 1.000000000000000000e+00
0.000000000000000000e+00 2.610000000000000000e+02 8.080000000000000071e+00 0.000000000000000000e+00 -1.041154818647068048e+00 1.077953490882167624e-02 -6.700928157452558098e-01 1.077953490882167971e-02 4.928709110919258021e-03 1.000000000000000000e+00 0.000000000000000000e+00 7.770000000000000000e+02 0.000000000000000000e+00 0.000000000000000000e+00 1.000000000000000000e+00
0.000000000000000000e+00 2.610000000000000000e+02 8.089999999999999858e+00 0.000000000000000000e+00 -1.033494877464541828e+00 1.091411000235359072e-02 -6.667203410828234089e-01 1.091411000235359592e-02 4.477890205807334711e-03 1.000000000000000000e+00 0.000000000000000000e+00 7.770000000000000000e+02 0.000000000000000000e+00 0.000000000000000000e+00 1.000000000000000000e+00
0.000000000000000000e+00 2.610000000000000000e+02 8.099999999999999645e+00 0.000000000000000000e+00 -1.025884000418471498e+00 1.103482435491277315e-02 -6.635299358376196555e-01 1.103482435491277315e-02 4.056165524443842985e-03 1.000000000000000000e+00 0.000000000000000000e+00 7.770000000000000000e+02 0.000000000000000000e+00 0.000000000000000000e+00 1.000000000000000000e+00
0.000000000000000000e+00 2.610000000000000000e+02 8.109999999999999432e+00 0.000000000000000000e+00 -1.018313091986018160e+00 1.114310402324421474e-02 -6.605121845082198018e-01 1.114310402324422168e-02 3.663143080563521781e-03 1.000000000000000000e+00 0.000000000000000000e+00 7.770000000000000000e+02 0.000000000000000000e+00 0.000000000000000000e+00 1.000000000000000000e+00
0.000000000000000000e+00 2.610000000000000000e+02 8.119999999999999218e+00 0.000000000000000000e+00 -1.010773579181113879e+00 1.124022816718349763e-02 -6.576581811282153911e-01 1.124022816718350457e-02 3.298179563378073401e-03 1.000000000000000000e+00 0.000000000000000000e+00 7.770000000000000000e+02 0.000000000000000000e+00 0.000000000000000000e+00 1.000000000000000000e+00
0.000000000000000000e+00 2.610000000000000000e+02 8.130000000000000782e+00 0.000000000000000000e+00 -1.003081633735073641e+00 2.231078121684161933e-02 -6.549595029829901049e-01 1.132734416098754061e-02 9.724842988194943444e-03 0.000000000000000000e+00 0.000000000000000000e+00 7.770000000000000000e+02 0.000000000000000000e+00 0.000000000000000000e+00 1.000000000000000000e+00
0.000000000000000000e+00 2.610000000000000000e+02 8.140000000000000568e+00 0.000000000000000000e+00 -9.957569047193711720e-01 1.140548114781891192e-02 -6.524081857526630168e-01 1.140548114781892060e-02 2.648965351851382752e-03 1.000000000000000000e+00 0.000000000000000000e+00 7.770000000000000000e+02 0.000000000000000000e+00 0.000000000000000000e+00 1.000000000000000000e+00
0.000000000000000000e+00 2.610000000000000000e+02 8.150000000000000355e+00 0.000000000000000000e+00 -9.882649799766153320e-01 1.147556219750936468e-02 -6.499967000078445967e-01 1.147556219750937335e-02 2.362670278750145236e-03 1.000000000000000000e+00 0.000000000000000000e+00 7.770000000000000000e+02 0.000000000000000000e+00 0.000000000000000000e+00 1.000000000000000000e+00
0.000000000000000000e+00 2.610000000000000000e+02 8.160000000000000142e+00 0.000000000000000000e+00 -9.805933242692733698e-01 2.252239459992509685e-02 -6.477179289888378433e-01 1.153841521122796893e-02 7.577792959664996636e-03 0.000000000000000000e+00 0.000000000000000000e+00 7.770000000000000000e+02 0.000000000000000000e+00 0.000000000000000000e+00 1.000000000000000000e+00
0.000000000000000000e+00 2.610000000000000000e+02 8.169999999999999929e+00 0.000000000000000000e+00 -9.732802738348170779e-01 1.159478270187609163e-02 -6.455651476027067792e-01 1.159478270187610550e-02 1.860988081993907375e-03 1.000000000000000000e+00 0.000000000000000000e+00 7.770000000000000000e+02 0.000000000000000000e+00 0.000000000000000000e+00 1.000000000000000000e+00
0.000000000000000000e+00 2.610000000000000000e+02 8.179999999999999716e+00 0.000000000000000000e+00 -9.654056249541321799e-01 2.630730946700474832e-02 -6.435320025762303331e-01 1.164533056574972025e-02 8.234060215039064323e-03 0.000000000000000000e+00 0.000000000000000000e+00 7.770000000000000000e+02 0.000000000000000000e+00 0.000000000000000000e+00 1.000000000000000000e+00
0.000000000000000000e+00 2.610000000000000000e+02 8.189999999999999503e+00 0.000000000000000000e+00 -9.578837657170903297e-01 2.635279011122785078e-02 -6.416124937061671307e-01 1.169065594909277257e-02 7.576667725865585123e-03 0.000000000000000000e+00 0.000000000000000000e+00 7.770000000000000000e+02 0.000000000000000000e+00 0.000000000000000000e+00 1.000000000000000000e+00
0.000000000000000000e+00 2.610000000000000000e+02 8.199999999999999289e+00 0.000000000000000000e+00 -9.507118158754308546e-01 1.173129430247317820e-02 -6.398009561514975685e-01 1.173129430247319728e-02 1.267337005464059217e-03 1.000000000000000000e+00 0.000000000000000000e+00 7.770000000000000000e+02 0.000000000000000000e+00 0.000000000000000000e+00 1.000000000000000000e+00
0.000000000000000000e+00 2.610000000000000000e+02 8.209999999999999076e+00 0.000000000000000000e+00 -9.425798999402460465e-01 2.828097427711894277e-02 -6.380920437153858593e-01 1.176772570631818941e-02 7.195222632423024789e-03 0.000000000000000000e+00 0.000000000000000000e+00 7.770000000000000000e+02 0.000000000000000000e+00 0.000000000000000000e+00 1.000000000000000000e+00
0.000000000000000000e+00 2.610000000000000000e+02 8.220000000000000639e+00 0.000000000000000000e+00 -9.347920332890807815e-01 3.381545398336273378e-02 -6.364807130675208535e-01 1.180038054233530781e-02 9.036219634805709583e-03 0.000000000000000000e+00 0.000000000000000000e+00 7.770000000000000000e+02 0.000000000000000000e+00 0.000000000000000000e+00 1.000000000000000000e+00
0.000000000000000000e+00 2.610000000000000000e+02 8.230000000000000426e+00 0.000000000000000000e+00 -9.273452338148957530e-01 2.834321121959699000e-02 -6.349622088602758785e-01 1.182964457781877400e-02 6.054731541704917730e-03 0.000000000000000000e+00 0.000000000000000000e+00 7.770000000000000000e+02 0.000000000000000000e+00 0.000000000000000000e+00 1.000000000000000000e+00
0.000000000000000000e+00 2.610000000000000000e+02 8.240000000000000213e+00 0.000000000000000000e+00 -9.202366500110948921e-01 1.185586352290412919e-02 -6.335320496947600688e-01 1.185586352290413786e-02 7.200801885006895622e-04 1.000000000000000000e+00 0.000000000000000000e+00 7.770000000000000000e+02 0.000000000000000000e+00 0.000000000000000000e+00 1.000000000000000000e+00
0.000000000000000000e+00 2.610000000000000000e+02 8.250000000000000000e+00 0.000000000000000000e+00 -9.119527624214295303e-01 2.839342645935691301e-02 -6.321860148953457603e-01 1.187934711460854158e-02 5.055320035395858419e-03 0.000000000000000000e+00 0.000000000000000000e+00 7.770000000000000000e+02 0.000000000000000000e+00 0.000000000000000000e+00 1.000000000000000000e+00
0.000000000000000000e+00 2.610000000000000000e+02 8.259999999999999787e+00 0.000000000000000000e+00 -9.040011964621824658e-01 3.391647615547021405e-02 -6.309201320536401703e-01 1.190037277590310846e-02 6.538262841004741088e-03 0.000000000000000000e+00 0.000000000000000000e+00 7.770000000000000000e+02 0.000000000000000000e+00 0.000000000000000000e+00 1.000000000000000000e+00
0.000000000000000000e+00 2.610000000000000000e+02 8.269999999999999574e+00 0.000000000000000000e+00 -8.963789073430562526e-01 2.843347290097679100e-02 -6.297306653051423231e-01 1.191918889304409597e-02 4.185332373879181028e-03 0.000000000000000000e+00 0.000000000000000000e+00 7.770000000000000000e+02 0.000000000000000000e+00 0.000000000000000000e+00 1.000000000000000000e+00
0.000000000000000000e+00 2.610000000000000000e+02 8.279999999999999361e+00 0.000000000000000000e+00 -8.890829763594744195e-01 1.193601774987923005e-02 -6.286141043039854548e-01 1.193601774987923525e-02 3.825616844396568725e-04 1.000000000000000000e+00 0.000000000000000000e+00 7.770000000000000000e+02 0.000000000000000000e+00 0.000000000000000000e+00 1.000000000000000000e+00
0.000000000000000000e+00 2.610000000000000000e+02 8.289999999999999147e+00 0.000000000000000000e+00 -8.805977542920947476e-01 2.846567090681075343e-02 -6.275671538632293656e-01 1.195105815379382715e-02 3.434507464477267250e-03 0.000000000000000000e+00 0.000000000000000000e+00 7.770000000000000000e+02 0.000000000000000000e+00 0.000000000000000000e+00 1.000000000000000000e+00
0.000000000000000000e+00 2.610000000000000000e+02 8.300000000000000711e+00 0.000000000000000000e+00 -8.724328474874543105e-01 3.398125156035579353e-02 -6.265867242301284001e-01 1.196448778431806297e-02 4.592286826486689094e-03 0.000000000000000000e+00 0.000000000000000000e+00 7.770000000000000000e+02 0.000000000000000000e+00 0.000000000000000000e+00 1.000000000000000000e+00
0.000000000000000000e+00 2.610000000000000000e+02 8.310000000000000497e+00 0.000000000000000000e+00 -8.645851294634055995e-01 2.849120855905655156e-02 -6.256699219676741253e-01 1.197646529214082579e-02 2.791521012069683727e-03 0.000000000000000000e+00 0.000000000000000000e+00 7.770000000000000000e+02 0.000000000000000000e+00 0.000000000000000000e+00 1.000000000000000000e+00
0.000000000000000000e+00 2.610000000000000000e+02 8.320000000000000284e+00 0.000000000000000000e+00 -8.570515951947975664e-01 1.198713217332665615e-02 -6.248140414155054501e-01 1.198713217332664401e-02 1.885941816500472622e-04 1.000000000000000000e+00 0.000000000000000000e+00 7.770000000000000000e+02 0.000000000000000000e+00 0.000000000000000000e+00 1.000000000000000000e+00
0.000000000000000000e+00 2.610000000000000000e+02 8.330000000000000071e+00 0.000000000000000000e+00 -8.481449120582295054e-01 2.963122872681114503e-02 -6.240165567049817952e-01 1.199661444087679434e-02 2.469054065494019970e-03 0.000000000000000000e+00 0.000000000000000000e+00 7.770000000000000000e+02 0.000000000000000000e+00 0.000000000000000000e+00 1.000000000000000000e+00
0.000000000000000000e+00 2.610000000000000000e+02 8.339999999999999858e+00 0.000000000000000000e+00 -8.395461174373091140e-01 3.845027891267829151e-02 -6.232751143048586018e-01 1.200502411338153809e-02 4.135840248819629833e-03 0.000000000000000000e+00 0.000000000000000000e+00 7.770000000000000000e+02 0.000000000000000000e+00 0.000000000000000000e+00 1.000000000000000000e+00
0.000000000000000000e+00 2.610000000000000000e+02 8.349999999999999645e+00 0.000000000000000000e+00 -8.312519187068394544e-01 3.845779188327065612e-02 -6.225875260755614482e-01 1.201246053834962961e-02 3.763687389174494649e-03 0.000000000000000000e+00 0.000000000000000000e+00 7.770000000000000000e+02 0.000000000000000000e+00 0.000000000000000000e+00 1.000000000000000000e+00
0.000000000000000000e+00 2.610000000000000000e+02 8.359999999999999432e+00 0.000000000000000000e+00 -8.232591398765879420e-01 2.965377914706843199e-02 -6.219517628115647234e-01 1.201901156584828101e-02 1.762383867461634820e-03 0.000000000000000000e+00 0.000000000000000000e+00 7.770000000000000000e+02 0.000000000000000000e+00 0.000000000000000000e+00 1.000000000000000000e+00
0.000000000000000000e+00 2.610000000000000000e+02 8.369999999999999218e+00 0.000000000000000000e+00 -8.155647203751458241e-01 1.202475458631827726e-02 -6.213659482528142153e-01 1.202475458631824777e-02 6.926960128348941953e-05 1.000000000000000000e+00 0.000000000000000000e+00 7.770000000000000000e+02 0.000000000000000000e+00 0.000000000000000000e+00 1.000000000000000000e+00
0.000000000000000000e+00 2.610000000000000000e+02 8.380000000000000782e+00 0.000000000000000000e+00 -8.059819575479284515e-01 3.096206182372688090e-02 -6.208283535475218606e-01 1.202975744482438943e-02 1.561788480804264176e-03 0.000000000000000000e+00 0.000000000000000000e+00 7.770000000000000000e+02 0.000000000000000000e+00 0.000000000000000000e+00 1.000000000000000000e+00
0.000000000000000000e+00 2.610000000000000000e+02 8.390000000000000568e+00 0.000000000000000000e+00 -7.966909383215753371e-01 4.357189485821869046e-02 -6.203373921499907295e-01 1.203407924254205029e-02 3.434426100321892258e-03 0.000000000000000000e+00 0.000000000000000000e+00 7.770000000000000000e+02 0.000000000000000000e+00 0.000000000000000000e+00 1.000000000000000000e+00
0.000000000000000000e+00 2.610000000000000000e+02 8.400000000000000355e+00 0.000000000000000000e+00 -7.876881050062756184e-01 4.987356961972798375e-02 -6.198916151384119555e-01 1.203777103494768630e-02 4.322574199185170996e-03 0.000000000000000000e+00 0.000000000000000000e+00 7.770000000000000000e+02 0.000000000000000000e+00 0.000000000000000000e+00 1.000000000000000000e+00
0.000000000000000000e+00 2.610000000000000000e+02 8.410000000000000142e+00 0.000000000000000000e+00 -7.789700102635215284e-01 4.987673910745223094e-02 -6.194897069388177746e-01 1.204087643496179645e-02 3.950660022640235108e-03 0.000000000000000000e+00 0.000000000000000000e+00 7.770000000000000000e+02 0.000000000000000000e+00 0.000000000000000000e+00 1.000000000000000000e+00
0.000000000000000000e+00 2.610000000000000000e+02 8.419999999999999929e+00 0.000000000000000000e+00 -7.705333157860638771e-01 4.358140817645987652e-02 -6.191304814425683256e-01 1.204343212816933253e-02 2.552507391709689724e-03 0.000000000000000000e+00 0.000000000000000000e+00 7.770000000000000000e+02 0.000000000000000000e+00 0.000000000000000000e+00 1.000000000000000000e+00
0.000000000000000000e+00 2.610000000000000000e+02 8.429999999999999716e+00 0.000000000000000000e+00 -7.623747910196166933e-01 3.097793354512752562e-02 -6.188128785059163750e-01 1.204546830620418715e-02 8.330688704091286298e-04 0.000000000000000000e+00 0.000000000000000000e+00 7.770000000000000000e+02 0.000000000000000000e+00 0.000000000000000000e+00 1.000000000000000000e+00
0.000000000000000000e+00 2.610000000000000000e+02 8.439999999999999503e+00 0.000000000000000000e+00 -7.544913119258238599e-01 1.204700902341745462e-02 -6.185359608213184535e-01 1.204700902341746156e-02 1.329612840374690716e-05 1.000000000000000000e+00 0.000000000000000000e+00 7.770000000000000000e+02 0.000000000000000000e+00 0.000000000000000000e+00 1.000000000000000000e+00
0.000000000000000000e+00 2.610000000000000000e+02 8.449999999999999289e+00 0.000000000000000000e+00 -7.429180735705619432e-01 3.299895180136360601e-02 -6.182989111512599001e-01 1.204807248104312715e-02 7.691789929479501270e-04 0.000000000000000000e+00 0.000000000000000000e+00 7.770000000000000000e+02 0.000000000000000000e+00 0.000000000000000000e+00 1.000000000000000000e+00
0.000000000000000000e+00 2.610000000000000000e+02 8.459999999999999076e+00 0.000000000000000000e+00 -7.316124305788181958e-01 5.126185558104948831e-02 -6.181010299164286792e-01 1.204867124221794053e-02 2.559167595789221122e-03 0.000000000000000000e+00 0.000000000000000000e+00 7.770000000000000000e+02 0.000000000000000000e+00 0.000000000000000000e+00 1.000000000000000000e+00
0.000000000000000000e+00 2.610000000000000000e+02 8.470000000000000639e+00 0.000000000000000000e+00 -7.205700538269632638e-01 6.686369575032043155e-02 -6.179417331311222172e-01 1.204881238039583018e-02 4.582915743672633796e-03 0.000000000000000000e+00 0.000000000000000000e+00 7.770000000000000000e+02 0.000000000000000000e+00 0.000000000000000000e+00 1.000000000000000000e+00
0.000000000000000000e+00 2.610000000000000000e+02 8.480000000000000426e+00 0.000000000000000000e+00 -7.097867150005027215e-01 7.982837144017455866e-02 -6.178205506797929125e-01 1.204849756291004152e-02 6.373035906221884844e-03 0.000000000000000000e+00 0.000000000000000000e+00 7.770000000000000000e+02 0.000000000000000000e+00 0.000000000000000000e+00 1.000000000000000000e+00
0.000000000000000000e+00 2.610000000000000000e+02 8.490000000000000213e+00 0.000000000000000000e+00 -6.992582849749852114e-01 9.017574213380734338e-02 -6.177371249296462752e-01 1.204772307067007199e-02 7.733560243227067393e-03 0.000000000000000000e+00 0.000000000000000000e+00 7.770000000000000000e+02 0.000000000000000000e+00 0.000000000000000000e+00 1.000000000000000000e+00
0.000000000000000000e+00 2.610000000000000000e+02 8.500000000000000000e+00 0.000000000000000000e+00 -6.889807322348883156e-01 9.792165808766348234e-02 -6.176912096751978609e-01 1.204647975422634687e-02 8.596317705145170573e-03 0.000000000000000000e+00 0.000000000000000000e+00 7.770000000000000000e+02 0.000000000000000000e+00 0.000000000000000000e+00 1.000000000000000000e+00
0.000000000000000000e+00 2.610000000000000000e+02 8.509999999999999787e+00 0.000000000000000000e+00 -6.789501213298837490e-01 1.030779846110958936e-01 -6.176826694116729355e-01 1.204475292568333612e-02 8.953063462766919223e-03 0.000000000000000000e+00 0.000000000000000000e+00 7.770000000000000000e+02 0.000000000000000000e+00 0.000000000000000000e+00 1.000000000000000000e+00
0.000000000000000000e+00 2.610000000000000000e+02 8.519999999999999574e+00 0.000000000000000000e+00 -6.691626113678857957e-01 1.056526202418228283e-01 -6.177114789351061397e-01 1.204252218518434524e-02 8.826348132659957157e-03 0.000000000000000000e+00 0.000000000000000000e+00 7.770000000000000000e+02 0.000000000000000000e+00 0.000000000000000000e+00 1.000000000000000000e+00
0.000000000000000000e+00 2.610000000000000000e+02 8.529999999999999361e+00 0.000000000000000000e+00 -6.596144545443086704e-01 1.056495088450258302e-01 -6.177777232679595443e-01 1.203976117991823608e-02 8.257940144203581440e-03 0.000000000000000000e+00 0.000000000000000000e+00 7.770000000000000000e+02 0.000000000000000000e+00 0.000000000000000000e+00 1.000000000000000000e+00
0.000000000000000000e+00 2.610000000000000000e+02 8.539999999999999147e+00 0.000000000000000000e+00 -6.503019947069671458e-01 1.030686456546210245e-01 -6.178815979100403810e-01 1.203643729280096802e-02 7.305957303301260919e-03 0.000000000000000000e+00 0.000000000000000000e+00 7.770000000000000000e+02 0.000000000000000000e+00 0.000000000000000000e+00 1.000000000000000000e+00
0.000000000000000000e+00 2.610000000000000000e+02 8.550000000000000711e+00 0.000000000000000000e+00 -6.412216659560744381e-01 9.790607726595816629e-02 -6.180234094154587465e-01 1.203251125715428145e-02 6.047298143780119317e-03 0.000000000000000000e+00 0.000000000000000000e+00 7.770000000000000000e+02 0.000000000000000000e+00 0.000000000000000000e+00 1.000000000000000000e+00
0.000000000000000000e+00 2.610000000000000000e+02 8.560000000000000497e+00 0.000000000000000000e+00 -6.323699912787982269e-01 9.015389557993694347e-02 -6.182035762973275839e-01 1.202793669282954322e-02 4.584294867019476222e-03 0.000000000000000000e+00 0.000000000000000000e+00 7.770000000000000000e+02 0.000000000000000000e+00 0.000000000000000000e+00 1.000000000000000000e+00
0.000000000000000000e+00 2.610000000000000000e+02 8.570000000000000284e+00 0.000000000000000000e+00 -6.237435812178527827e-01 7.980022568926269100e-02 -6.184226302628762495e-01 1.202265955829669337e-02 3.055122501603182994e-03 0.000000000000000000e+00 0.000000000000000000e+00 7.770000000000000000e+02 0.000000000000000000e+00 0.000000000000000000e+00 1.000000000000000000e+00
0.000000000000000000e+00 2.610000000000000000e+02 8.580000000000000071e+00 0.000000000000000000e+00 -6.153391325736178308e-01 6.682920768828688740e-02 -6.186812177826206405e-01 1.201661751222568401e-02 1.645262870347915032e-03 0.000000000000000000e+00 0.000000000000000000e+00 7.770000000000000000e+02 0.000000000000000000e+00 0.000000000000000000e+00 1.000000000000000000e+00
0.000000000000000000e+00 2.610000000000000000e+02 8.589999999999999858e+00 0.000000000000000000e+00 -6.071534271392876603e-01 5.122097237856750029e-02 -6.189801019982223984e-01 1.200973917701832379e-02 5.850894423184054352e-04 0.000000000000000000e+00 0.000000000000000000e+00 7.770000000000000000e+02 0.000000000000000000e+00 0.000000000000000000e+00 1.000000000000000000e+00
0.000000000000000000e+00 2.610000000000000000e+02 8.599999999999999645e+00 0.000000000000000000e+00 -5.991833304685639794e-01 3.295161083293509513e-02 -6.193201649746677973e-01 1.200194329559035704e-02 7.221826340983244445e-05 0.000000000000000000e+00 0.000000000000000000e+00 7.770000000000000000e+02 0.000000000000000000e+00 0.000000000000000000e+00 1.000000000000000000e+00
0.000000000000000000e+00 2.610000000000000000e+02 8.609999999999999432e+00 0.000000000000000000e+00 -5.914257906754240013e-01 1.199313777144233109e-02 -6.197024103034106668e-01 1.199313777144241609e-02 5.569314113776032988e-08 1.000000000000000000e+00 0.000000000000000000e+00 7.770000000000000000e+02 0.000000000000000000e+00 0.000000000000000000e+00 1.000000000000000000e+00
0.000000000000000000e+00 2.610000000000000000e+02 8.619999999999999218e+00 0.000000000000000000e+00 -5.783751479720072863e-01 3.375679608866014036e-02 -6.201279660641655367e-01 1.198321858067977370e-02 5.614049418816325233e-05 0.000000000000000000e+00 0.000000000000000000e+00 7.770000000000000000e+02 0.000000000000000000e+00 0.000000000000000000e+00 1.000000000000000000e+00
0.000000000000000000e+00 2.610000000000000000e+02 8.630000000000000782e+00 0.000000000000000000e+00 -5.655290943380093527e-01 5.406728346232326371e-02 -6.205980881540875682e-01 1.197206854312795297e-02 4.258431135816041595e-04 0.000000000000000000e+00 0.000000000000000000e+00 7.770000000000000000e+02 0.000000000000000000e+00 0.000000000000000000e+00 1.000000000000000000e+00
0.000000000000000000e+00 2.610000000000000000e+02 8.640000000000000568e+00 0.000000000000000000e+00 -5.528827108002783985e-01 7.295571179930372685e-02 -6.211141639941680781e-01 1.195955593802700521e-02 1.160592001042079838e-03 0.000000000000000000e+00 0.000000000000000000e+00 7.770000000000000000e+02 0.000000000000000000e+00 0.000000000000000000e+00 1.000000000000000000e+00
0.000000000000000000e+00 2.610000000000000000e+02 8.650000000000000355e+00 0.000000000000000000e+00 -5.404311548427506162e-01 9.045101467527444372e-02 -6.216777166237810182e-01 1.194553294795070754e-02 2.122364375478729553e-03 0.000000000000000000e+00 0.000000000000000000e+00 7.770000000000000000e+02 0.000000000000000000e+00 0.000000000000000000e+00 1.000000000000000000e+00
0.000000000000000000e+00 2.610000000000000000e+02 8.660000000000000142e+00 0.000000000000000000e+00 -5.281696585521665765e-01 1.065799916555910110e-01 -6.222904091954665207e-01 1.192983391256822144e-02 3.171904445217262059e-03 0.000000000000000000e+00 0.000000000000000000e+00 7.770000000000000000e+02 0.000000000000000000e+00 0.000000000000000000e+00 1.000000000000000000e+00
0.000000000000000000e+00 2.610000000000000000e+02 8.669999999999999929e+00 0.000000000000000000e+00 -5.160935267923568714e-01 1.213673493472649106e-01 -6.229540498832144557e-01 1.191227337161883046e-02 4.210680409486473874e-03 0.000000000000000000e+00 0.000000000000000000e+00 7.770000000000000000e+02 0.000000000000000000e+00 0.000000000000000000e+00 1.000000000000000000e+00
0.000000000000000000e+00 2.610000000000000000e+02 8.679999999999999716e+00 0.000000000000000000e+00 -5.041981354063943543e-01 1.348357392449118508e-01 -6.236705972187350788e-01 1.189264387398064095e-02 5.176078285314484467e-03 0.000000000000000000e+00 0.000000000000000000e+00 7.770000000000000000e+02 0.000000000000000000e+00 0.000000000000000000e+00 1.000000000000000000e+00
0.000000000000000000e+00 2.610000000000000000e+02 8.689999999999999503e+00 0.000000000000000000e+00 -4.924789294459251954e-01 1.470057924286483908e-01 -6.244421658714638390e-01 1.187071352695064259e-02 6.030629383926244119e-03 0.000000000000000000e+00 0.000000000000000000e+00 7.770000000000000000e+02 0.000000000000000000e+00 0.000000000000000000e+00 1.000000000000000000e+00
0.000000000000000000e+00 2.610000000000000000e+02 8.699999999999999289e+00 0.000000000000000000e+00 -4.809314214270014598e-01 1.578961511670873841e-01 -6.252710328893588132e-01 1.184622325678457919e-02 6.753430293328682027e-03 0.000000000000000000e+00 0.000000000000000000e+00 7.770000000000000000e+02 0.000000000000000000e+00 0.000000000000000000e+00 1.000000000000000000e+00
0.000000000000000000e+00 2.610000000000000000e+02 8.710000000000000853e+00 0.000000000000000000e+00 -4.695511896117469108e-01 1.675234974738428750e-01 -6.261596444189088118e-01 1.181888374813414022e-02 7.334323596998051920e-03 0.000000000000000000e+00 0.000000000000000000e+00 7.770000000000000000e+02 0.000000000000000000e+00 0.000000000000000000e+00 1.000000000000000000e+00
0.000000000000000000e+00 2.610000000000000000e+02 8.720000000000000639e+00 0.000000000000000000e+00 -4.583338763151986184e-01 1.759025786612865017e-01 -6.271106229241832919e-01 1.178837202622549062e-02 7.770129056901581288e-03 0.000000000000000000e+00 0.000000000000000000e+00 7.770000000000000000e+02 0.000000000000000000e+00 0.000000000000000000e+00 1.000000000000000000e+00
0.000000000000000000e+00 2.610000000000000000e+02 8.730000000000000426e+00 0.000000000000000000e+00 -4.472751862366742825e-01 1.830462299307002993e-01 -6.281267749262301470e-01 1.175432764140284247e-02 8.062237115909802465e-03 0.000000000000000000e+00 0.000000000000000000e+00 7.770000000000000000e+02 0.000000000000000000e+00 0.000000000000000000e+00 1.000000000000000000e+00
0.000000000000000000e+00 2.610000000000000000e+02 8.740000000000000213e+00 0.000000000000000000e+00 -4.363708848150287811e-01 1.889653940334288518e-01 -6.292110992856603247e-01 1.171634841096316770e-02 8.215081360591368342e-03 0.000000000000000000e+00 0.000000000000000000e+00 7.770000000000000000e+02 0.000000000000000000e+00 0.000000000000000000e+00 1.000000000000000000e+00
0.000000000000000000e+00 2.610000000000000000e+02 8.750000000000000000e+00 0.000000000000000000e+00 -4.256167966071682796e-01 1.936691380331493073e-01 -6.303667960528644976e-01 1.167398566797839092e-02 8.235177397033922875e-03 0.000000000000000000e+00 0.000000000000000000e+00 7.770000000000000000e+02 0.000000000000000000e+00 0.000000000000000000e+00 1.000000000000000000e+00
0.000000000000000000e+00 2.610000000000000000e+02 8.759999999999999787e+00 0.000000000000000000e+00 -4.150088036892018994e-01 1.971646671949332519e-01 -6.315972759119792279e-01 1.162673896097699174e-02 8.130530881725141212e-03 0.000000000000000000e+00 0.000000000000000000e+00 7.770000000000000000e+02 0.000000000000000000e+00 0.000000000000000000e+00 1.000000000000000000e+00
0.000000000000000000e+00 2.610000000000000000e+02 8.769999999999999574e+00 0.000000000000000000e+00 -4.045428440796183800e-01 1.994573360223805270e-01 -6.329061702464735539e-01 1.157405014186996435e-02 7.910290671151072595e-03 0.000000000000000000e+00 0.000000000000000000e+00 7.770000000000000000e+02 0.000000000000000000e+00 0.000000000000000000e+00 1.000000000000000000e+00
0.000000000000000000e+00 2.610000000000000000e+02 8.779999999999999361e+00 0.000000000000000000e+00 -3.942149101838841041e-01 2.005506564597263341e-01 -6.342973418560622356e-01 1.151529677227876129e-02 7.584568724127729866e-03 0.000000000000000000e+00 0.000000000000000000e+00 7.770000000000000000e+02 0.000000000000000000e+00 0.000000000000000000e+00 1.000000000000000000e+00
0.000000000000000000e+00 2.610000000000000000e+02 8.789999999999999147e+00 0.000000000000000000e+00 -3.840210472598662994e-01 2.004463032714901005e-01 -6.357748963565733602e-01 1.144978477037118456e-02 7.164376722753551530e-03 0.000000000000000000e+00 0.000000000000000000e+00 7.770000000000000000e+02 0.000000000000000000e+00 0.000000000000000000e+00 1.000000000000000000e+00
0.000000000000000000e+00 2.610000000000000000e+02 8.800000000000000711e+00 0.000000000000000000e+00 -3.739573519034954940e-01 1.991441166079051250e-01 -6.373431942964126184e-01 1.137674021133863733e-02 6.661646753539546967e-03 0.000000000000000000e+00 0.000000000000000000e+00 7.770000000000000000e+02 0.000000000000000000e+00 0.000000000000000000e+00 1.000000000000000000e+00
0.000000000000000000e+00 2.610000000000000000e+02 8.810000000000000497e+00 0.000000000000000000e+00 -3.640199705540850261e-01 1.966421017600572807e-01 -6.390068640253826482e-01 1.129530018464987989e-02 6.089313530877354941e-03 0.000000000000000000e+00 0.000000000000000000e+00 7.770000000000000000e+02 0.000000000000000000e+00 0.000000000000000000e+00 1.000000000000000000e+00
0.000000000000000000e+00 2.610000000000000000e+02 8.820000000000000284e+00 0.000000000000000000e+00 -3.542050980187370635e-01 1.929364261043614026e-01 -6.407708153538366203e-01 1.120450260007365209e-02 5.461440472091128040e-03 0.000000000000000000e+00 0.000000000000000000e+00 7.770000000000000000e+02 0.000000000000000000e+00 0.000000000000000000e+00 1.000000000000000000e+00
0.000000000000000000e+00 2.610000000000000000e+02 8.830000000000000071e+00 0.000000000000000000e+00 -3.445089760152690861e-01 1.880214132316906095e-01 -6.426402540424760446e-01 1.110327482204366556e-02 4.793372031185561682e-03 0.000000000000000000e+00 0.000000000000000000e+00 7.770000000000000000e+02 0.000000000000000000e+00 0.000000000000000000e+00 1.000000000000000000e+00
0.000000000000000000e+00 2.610000000000000000e+02 8.839999999999999858e+00 0.000000000000000000e+00 -3.349278917331039995e-01 1.818895342521686942e-01 -6.446206971655543683e-01 1.099042099809846573e-02 4.101889430633831601e-03 0.000000000000000000e+00 0.000000000000000000e+00 7.770000000000000000e+02 0.000000000000000000e+00 0.000000000000000000e+00 1.000000000000000000e+00
0.000000000000000000e+00 2.610000000000000000e+02 8.849999999999999645e+00 0.000000000000000000e+00 -3.254581764115710429e-01 1.745313962623043225e-01 -6.467179893928280965e-01 1.086460793170074442e-02 3.405334242694096902e-03 0.000000000000000000e+00 0.000000000000000000e+00 7.770000000000000000e+02 0.000000000000000000e+00 0.000000000000000000e+00 1.000000000000000000e+00
0.000000000000000000e+00 2.610000000000000000e+02 8.859999999999999432e+00 0.000000000000000000e+00 -3.160962039350750374e-01 1.659357279568018650e-01 -6.489383202383046667e-01 1.072434933254498048e-02 2.723640187113882810e-03 0.000000000000000000e+00 0.000000000000000000e+00 7.770000000000000000e+02 0.000000000000000000e+00 0.000000000000000000e+00 1.000000000000000000e+00
0.000000000000000000e+00 2.610000000000000000e+02 8.869999999999999218e+00 0.000000000000000000e+00 -3.068383894445947391e-01 1.560893623630080773e-01 -6.512882423266925791e-01 1.056798825829474014e-02 2.078171409944713777e-03 0.000000000000000000e+00 0.000000000000000000e+00 7.770000000000000000e+02 0.000000000000000000e+00 0.000000000000000000e+00 1.000000000000000000e+00
0.000000000000000000e+00 2.610000000000000000e+02 8.880000000000000782e+00 0.000000000000000000e+00 -2.976811879649793324e-01 1.449772166715473376e-01 -6.537746907314607725e-01 1.039367754032537866e-02 1.491195759401492058e-03 0.000000000000000000e+00 0.000000000000000000e+00 7.770000000000000000e+02 0.000000000000000000e+00 0.000000000000000000e+00 1.000000000000000000e+00
0.000000000000000000e+00 2.610000000000000000e+02 8.890000000000000568e+00 0.000000000000000000e+00 -2.886210930475165415e-01 1.325822691322499358e-01 -6.564050034415792600e-01 1.019935796223210740e-02 9.847139666428663535e-04 0.000000000000000000e+00 0.000000000000000000e+00 7.770000000000000000e+02 0.000000000000000000e+00 0.000000000000000000e+00 1.000000000000000000e+00
0.000000000000000000e+00 2.610000000000000000e+02 8.900000000000000355e+00 0.000000000000000000e+00 -2.796546354272541057e-01 1.188855329799815147e-01 -6.591869430173394884e-01 9.982733933315449809e-03 5.782232897405380906e-04 0.000000000000000000e+00 0.000000000000000000e+00 7.770000000000000000e+02 0.000000000000000000e+00 0.000000000000000000e+00 1.000000000000000000e+00
0.000000000000000000e+00 2.610000000000000000e+02 8.910000000000000142e+00 0.000000000000000000e+00 -2.707783816945585897e-01 1.038660273504339177e-01 -6.621287194991678504e-01 9.741246369663544846e-03 2.848869149867780046e-04 0.000000000000000000e+00 0.000000000000000000e+00 7.770000000000000000e+02 0.000000000000000000e+00 0.000000000000000000e+00 1.000000000000000000e+00
0.000000000000000000e+00 2.610000000000000000e+02 8.919999999999999929e+00 0.000000000000000000e+00 -2.619889329804045430e-01 8.750074514132481773e-02 -6.652390146370391610e-01 9.472042462462212584e-03 1.058151663456195594e-04 0.000000000000000000e+00 0.000000000000000000e+00 7.770000000000000000e+02 0.000000000000000000e+00 0.000000000000000000e+00 1.000000000000000000e+00
0.000000000000000000e+00 2.610000000000000000e+02 8.929999999999999716e+00 0.000000000000000000e+00 -2.532829236548891916e-01 6.976461776977593843e-02 -6.685270075119953415e-01 9.171941976391399451e-03 2.370603895952334448e-05 0.000000000000000000e+00 0.000000000000000000e+00 7.770000000000000000e+02 0.000000000000000000e+00 0.000000000000000000e+00 1.000000000000000000e+00
0.000000000000000000e+00 2.610000000000000000e+02 8.939999999999999503e+00 0.000000000000000000e+00 -2.446570200384758365e-01 5.063047677188476509e-02 -6.720024016253851595e-01 8.837399679974766720e-03 1.829079009366322661e-06 0.000000000000000000e+00 0.000000000000000000e+00 7.770000000000000000e+02 0.000000000000000000e+00 0.000000000000000000e+00 1.000000000000000000e+00
0.000000000000000000e+00 2.610000000000000000e+02 8.949999999999999289e+00 0.000000000000000000e+00 -2.361079191254706333e-01 3.006901218566710582e-02 -6.756754535357685221e-01 8.464463464053965588e-03 6.849558029828473538e-09 0.000000000000000000e+00 0.000000000000000000e+00 7.770000000000000000e+02 0.000000000000000000e+00 0.000000000000000000e+00 1.000000000000000000e+00
0.000000000000000000e+00 2.610000000000000000e+02 8.960000000000000853e+00 0.000000000000000000e+00 -2.276323473192454205e-01 8.048727653621063835e-03 -6.795570031279996037e-01 8.048727653621060366e-03 1.714996484899079030e-19 1.000000000000000000e+00 1.000000000000000000e+00 7.770000000000000000e+02 0.000000000000000000e+00 0.000000000000000000e+00 1.000000000000000000e+00
0.000000000000000000e+00 2.610000000000000000e+02 8.970000000000000639e+00 0.000000000000000000e+00 -2.140249058228611556e-01 3.017667270860466613e-02 -6.767046973252843767e-01 8.456898220547346898e-03 3.752935965712384264e-09 0.000000000000000000e+00 0.000000000000000000e+00 7.770000000000000000e+02 0.000000000000000000e+00 0.000000000000000000e+00 1.000000000000000000e+00
0.000000000000000000e+00 2.610000000000000000e+02 8.980000000000000426e+00 0.000000000000000000e+00 -2.004825374706218355e-01 5.101881197048013794e-02 -6.740639267014187919e-01 8.821782044174312012e-03 8.438261586516509203e-07 0.000000000000000000e+00 0.000000000000000000e+00 7.770000000000000000e+02 0.000000000000000000e+00 0.000000000000000000e+00 1.000000000000000000e+00
0.000000000000000000e+00 2.610000000000000000e+02 8.990000000000000213e+00 0.000000000000000000e+00 -1.870000566585877100e-01 7.060707173839526896e-02 -6.716268978327900596e-01 9.147689672724208451e-03 9.831566922397530451e-06 0.000000000000000000e+00 0.000000000000000000e+00 7.770000000000000000e+02 0.000000000000000000e+00 0.000000000000000000e+00 1.000000000000000000e+00
0.000000000000000000e+00 2.610000000000000000e+02 9.000000000000000000e+00 0.000000000000000000e+00 -1.735723007147804697e-01 8.897145760022558136e-02 -6.693864185770143083e-01 9.438471209868128445e-03 4.034384445863569823e-05 0.000000000000000000e+00 0.000000000000000000e+00 7.770000000000000000e+02 0.000000000000000000e+00 0.000000000000000000e+00 1.000000000000000000e+00
0.000000000000000000e+00 2.610000000000000000e+02 9.009999999999999787e+00 0.000000000000000000e+00 -1.601941279223076942e-01 1.061401003955803335e-01 -6.673358768475370351e-01 9.697561797853655047e-03 1.008743557872364069e-04 0.000000000000000000e+00 0.000000000000000000e+00 7.770000000000000000e+02 0.000000000000000000e+00 0.000000000000000000e+00 1.000000000000000000e+00
0.000000000000000000e+00 2.610000000000000000e+02 9.019999999999999574e+00 0.000000000000000000e+00 -1.468604155505114361e-01 1.221392993070414823e-01 -6.654692211000896584e-01 9.928022198493527059e-03 1.911414411883151886e-04 0.000000000000000000e+00 0.000000000000000000e+00 7.770000000000000000e+02 0.000000000000000000e+00 0.000000000000000000e+00 1.000000000000000000e+00
0.000000000000000000e+00 2.610000000000000000e+02 9.029999999999999361e+00 0.000000000000000000e+00 -1.335660578933878795e-01 1.369935621456429553e-01 -6.637809424734151253e-01 1.013257495141803993e-02 3.047400524167479842e-04 0.000000000000000000e+00 0.000000000000000000e+00 7.770000000000000000e+02 0.000000000000000000e+00 0.000000000000000000e+00 1.000000000000000000e+00
0.000000000000000000e+00 2.610000000000000000e+02 9.039999999999999147e+00 0.000000000000000000e+00 -1.203059643145247964e-01 1.507256428923004210e-01 -6.622660585315548465e-01 1.031363653674603233e-02 4.326267875016374422e-04 0.000000000000000000e+00 0.000000000000000000e+00 7.770000000000000000e+02 0.000000000000000000e+00 0.000000000000000000e+00 1.000000000000000000e+00
0.000000000000000000e+00 2.610000000000000000e+02 9.050000000000000711e+00 0.000000000000000000e+00 -1.070750572978103887e-01 1.633565765526976965e-01 -6.609200985597197819e-01 1.047334592212751346e-02 5.654925251501003933e-04 0.000000000000000000e+00 0.000000000000000000e+00 7.770000000000000000e+02 0.000000000000000000e+00 0.000000000000000000e+00 1.000000000000000000e+00
0.000000000000000000e+00 2.610000000000000000e+02 9.060000000000000497e+00 0.000000000000000000e+00 -9.386827050316544352e-02 1.749057113790220275e-01 -6.597390903703479470e-01 1.061358983139801433e-02 6.950138592516225122e-04 0.000000000000000000e+00 0.000000000000000000e+00 7.770000000000000000e+02 0.000000000000000000e+00 0.000000000000000000e+00 1.000000000000000000e+00
0.000000000000000000e+00 2.610000000000000000e+02 9.070000000000000284e+00 0.000000000000000000e+00 -8.068054682655551035e-02 1.853907385079043568e-01 -6.587195485804123729e-01 1.073602503335528355e-02 8.143716920747529064e-04 0.000000000000000000e+00 0.000000000000000000e+00 7.770000000000000000e+02 0.000000000000000000e+00 0.000000000000000000e+00 1.000000000000000000e+00
0.000000000000000000e+00 2.610000000000000000e+02 9.080000000000000071e+00 0.000000000000000000e+00 -6.750683646353920764e-02 1.948277190599659592e-01 -6.578584643253841957e-01 1.084209791396648082e-02 9.183646061450686723e-04 0.000000000000000000e+00 0.000000000000000000e+00 7.770000000000000000e+02 0.000000000000000000e+00 0.000000000000000000e+00 1.000000000000000000e+00
0.000000000000000000e+00 2.610000000000000000e+02 9.089999999999999858e+00 0.000000000000000000e+00 -5.434209497561219571e-02 2.032311087424816531e-01 -6.571532963794918247e-01 1.093306156322173747e-02 1.003323580860028888e-03 0.000000000000000000e+00 0.000000000000000000e+00 7.770000000000000000e+02 0.000000000000000000e+00 0.000000000000000000e+00 1.000000000000000000e+00
0.000000000000000000e+00 2.610000000000000000e+02 9.099999999999999645e+00 0.000000000000000000e+00 -4.118128135860536776e-02 2.106137799928484988e-01 -6.566019636560741501e-01 1.100999057848931623e-02 1.066943805745363544e-03 0.000000000000000000e+00 0.000000000000000000e+00 7.770000000000000000e+02 0.000000000000000000e+00 0.000000000000000000e+00 1.000000000000000000e+00
0.000000000000000000e+00 2.610000000000000000e+02 9.109999999999999432e+00 0.000000000000000000e+00 -2.801935611239843305e-02 2.169870416967753790e-01 -6.562028390658920518e-01 1.107379375925147263e-02 1.108093659586664032e-03 0.000000000000000000e+00 0.000000000000000000e+00 7.770000000000000000e+02 0.000000000000000000e+00 0.000000000000000000e+00 1.000000000000000000e+00
0.000000000000000000e+00 2.610000000000000000e+02 9.119999999999999218e+00 0.000000000000000000e+00 -1.485127931120934497e-02 2.223606565114039091e-01 -6.559547447152741517e-01 1.112522484319018734e-02 1.126629542576999474e-03 0.000000000000000000e+00 0.000000000000000000e+00 7.770000000000000000e+02 0.000000000000000000e+00 0.000000000000000000e+00 1.000000000000000000e+00
0.000000000000000000e+00 2.610000000000000000e+02 9.130000000000000782e+00 0.000000000000000000e+00 -1.672008673720665195e-03 2.267428558198910094e-01 -6.558569484299251462e-01 1.116489141045311911e-02 1.123228404244967782e-03 0.000000000000000000e+00 0.000000000000000000e+00 7.770000000000000000e+02 0.000000000000000000e+00 0.000000000000000000e+00 1.000000000000000000e+00
0.000000000000000000e+00 2.610000000000000000e+02 9.140000000000000568e+00 0.000000000000000000e+00 1.152350236769600356e-02 2.301403523403647011e-01 -6.559091615941385900e-01 1.119326206129034502e-02 1.099241124917795659e-03 0.000000000000000000e+00 0.000000000000000000e+00 7.770000000000000000e+02 0.000000000000000000e+00 0.000000000000000000e+00 1.000000000000000000e+00
0.000000000000000000e+00 2.610000000000000000e+02 9.150000000000000355e+00 0.000000000000000000e+00 2.474030659939684129e-02 2.325583504085653730e-01 -6.561115382990357903e-01 1.121067195185462308e-02 1.056565636322772880e-03 0.000000000000000000e+00 0.000000000000000000e+00 7.770000000000000000e+02 0.000000000000000000e+00 0.000000000000000000e+00 1.000000000000000000e+00
0.000000000000000000e+00 2.610000000000000000e+02 9.160000000000000142e+00 0.000000000000000000e+00 3.798346496126397964e-02 2.340005539499245835e-01 -6.564646757973189306e-01 1.121732675356232854e-02 9.975367099108040092e-04 0.000000000000000000e+00 0.000000000000000000e+00 7.770000000000000000e+02 0.000000000000000000e+00 0.000000000000000000e+00 1.000000000000000000e+00
0.000000000000000000e+00 2.610000000000000000e+02 9.169999999999999929e+00 0.000000000000000000e+00 5.125804848462564567e-02 2.344691721532938256e-01 -6.569696162658784644e-01 1.121330508278892135e-02 9.248285568202434942e-04 0.000000000000000000e+00 0.000000000000000000e+00 7.770000000000000000e+02 0.000000000000000000e+00 0.000000000000000000e+00 1.000000000000000000e+00
0.000000000000000000e+00 2.610000000000000000e+02 9.179999999999999716e+00 0.000000000000000000e+00 6.456914023404079772e-02 2.339649228550119975e-01 -6.576278498814589479e-01 1.119855942960196540e-02 8.413661639876616333e-04 0.000000000000000000e+00 0.000000000000000000e+00 7.770000000000000000e+02 0.000000000000000000e+00 0.000000000000000000e+00 1.000000000000000000e+00
0.000000000000000000e+00 2.610000000000000000e+02 9.189999999999999503e+00 0.000000000000000000e+00 7.792183725369095093e-02 2.324870336384985692e-01 -6.584413192184571662e-01 1.117291559650347883e-02 7.502413284574795463e-04 0.000000000000000000e+00 0.000000000000000000e+00 7.770000000000000000e+02 0.000000000000000000e+00 0.000000000000000000e+00 1.000000000000000000e+00
0.000000000000000000e+00 2.610000000000000000e+02 9.199999999999999289e+00 0.000000000000000000e+00 9.132125251912580344e-02 2.300332406510541272e-01 -6.594124249818348327e-01 1.113607064055103721e-02 6.546295092622602882e-04 0.000000000000000000e+00 0.000000000000000000e+00 7.770000000000000000e+02 0.000000000000000000e+00 0.000000000000000000e+00 1.000000000000000000e+00
0.000000000000000000e+00 2.610000000000000000e+02 9.210000000000000853e+00 0.000000000000000000e+00 1.047725168951084279e-01 2.265997851360563586e-01 -6.605440330920616665e-01 1.108758929454697895e-02 5.577038632591365883e-04 0.000000000000000000e+00 0.000000000000000000e+00 7.770000000000000000e+02 0.000000000000000000e+00 0.000000000000000000e+00 1.000000000000000000e+00
0.000000000000000000e+00 2.610000000000000000e+02 9.220000000000000639e+00 0.000000000000000000e+00 1.182807811003112192e-01 2.221814076752421374e-01 -6.618394831429997849e-01 1.102689882501753024e-02 4.625432190588094419e-04 0.000000000000000000e+00 0.000000000000000000e+00 7.770000000000000000e+02 0.000000000000000000e+00 0.000000000000000000e+00 1.000000000000000000e+00
0.000000000000000000e+00 2.610000000000000000e+02 9.230000000000000426e+00 0.000000000000000000e+00 1.318512176796139412e-01 2.167713401322512723e-01 -6.633025982576894464e-01 1.095328226623662124e-02 3.720314022768117859e-04 0.000000000000000000e+00 0.000000000000000000e+00 7.770000000000000000e+02 0.000000000000000000e+00 0.000000000000000000e+00 1.000000000000000000e+00
0.000000000000000000e+00 2.610000000000000000e+02 9.240000000000000213e+00 0.000000000000000000e+00 1.454890229847590200e-01 2.103612952850948403e-01 -6.649376963711226551e-01 1.086586995036468647e-02 2.887464810949189921e-04 0.000000000000000000e+00 0.000000000000000000e+00 7.770000000000000000e+02 0.000000000000000000e+00 0.000000000000000000e+00 1.000000000000000000e+00
0.000000000000000000e+00 2.610000000000000000e+02 9.250000000000000000e+00 0.000000000000000000e+00 1.591994191641240564e-01 2.029414541316650888e-01 -6.667496029733026575e-01 1.076362923364396207e-02 2.148404980459516986e-04 0.000000000000000000e+00 0.000000000000000000e+00 7.770000000000000000e+02 0.000000000000000000e+00 0.000000000000000000e+00 1.000000000000000000e+00
0.000000000000000000e+00 2.610000000000000000e+02 9.259999999999999787e+00 0.000000000000000000e+00 1.729876561623708842e-01 1.945004508488420714e-01 -6.687436653501960260e-01 1.064535229728070381e-02 1.519135741951543623e-04 0.000000000000000000e+00 0.000000000000000000e+00 7.770000000000000000e+02 0.000000000000000000e+00 0.000000000000000000e+00 1.000000000000000000e+00
0.000000000000000000e+00 2.610000000000000000e+02 9.269999999999999574e+00 0.000000000000000000e+00 1.868590137307394317e-01 1.850253553821562813e-01 -6.709257683646048243e-01 1.050964187890054448e-02 1.008915090276282962e-04 0.000000000000000000e+00 0.000000000000000000e+00 7.770000000000000000e+02 0.000000000000000000e+00 0.000000000000000000e+00 1.000000000000000000e+00
0.000000000000000000e+00 2.610000000000000000e+02 9.279999999999999361e+00 0.000000000000000000e+00 2.008188034487540796e-01 1.745016536393391438e-01 -6.733023518235322635e-01 1.035489476601552002e-02 6.192369440205481527e-05 0.000000000000000000e+00 0.000000000000000000e+00 7.770000000000000000e+02 0.000000000000000000e+00 0.000000000000000000e+00 1.000000000000000000e+00
0.000000000000000000e+00 2.610000000000000000e+02 9.289999999999999147e+00 0.000000000000000000e+00 2.148723707581184361e-01 1.629132252574200801e-01 -6.758804294832961856e-01 1.017928285650339382e-02 3.432830152241291401e-05 0.000000000000000000e+00 0.000000000000000000e+00 7.770000000000000000e+02 0.000000000000000000e+00 0.000000000000000000e+00 1.000000000000000000e+00
0.000000000000000000e+00 2.610000000000000000e+02 9.300000000000000711e+00 0.000000000000000000e+00 2.290250970095764060e-01 1.502423189093148037e-01 -6.786676097484763970e-01 9.980731562357410269e-03 1.662251724759942497e-05 0.000000000000000000e+00 0.000000000000000000e+00 7.770000000000000000e+02 0.000000000000000000e+00 0.000000000000000000e+00 1.000000000000000000e+00
0.000000000000000000e+00 2.610000000000000000e+02 9.310000000000000497e+00 0.000000000000000000e+00 2.432824015235227622e-01 1.364695251120781883e-01 -6.816721181257849871e-01 9.756895301579707191e-03 6.681204306299064286e-06 0.000000000000000000e+00 0.000000000000000000e+00 7.770000000000000000e+02 0.000000000000000000e+00 0.000000000000000000e+00 1.000000000000000000e+00
0.000000000000000000e+00 2.610000000000000000e+02 9.320000000000000284e+00 0.000000000000000000e+00 2.576497436651534190e-01 1.215737464951694158e-01 -6.849028214991232932e-01 9.505129788692294815e-03 2.054332686065529171e-06 0.000000000000000000e+00 0.000000000000000000e+00 7.770000000000000000e+02 0.000000000000000000e+00 0.000000000000000000e+00 1.000000000000000000e+00
0.000000000000000000e+00 2.610000000000000000e+02 9.330000000000000071e+00 0.000000000000000000e+00 2.721326249349499959e-01 1.055321654831857109e-01 -6.883692542974676476e-01 9.222460796520030521e-03 4.202175309116112424e-07 0.000000000000000000e+00 0.000000000000000000e+00 7.770000000000000000e+02 0.000000000000000000e+00 0.000000000000000000e+00 1.000000000000000000e+00
0.000000000000000000e+00 2.610000000000000000e+02 9.339999999999999858e+00 0.000000000000000000e+00 2.867365910752978087e-01 8.832020934356075992e-02 -6.920816466328081340e-01 8.905549020213539627e-03 4.403820209698951279e-08 0.000000000000000000e+00 0.000000000000000000e+00 7.770000000000000000e+02 0.000000000000000000e+00 0.000000000000000000e+00 1.000000000000000000e+00
0.000000000000000000e+00 2.610000000000000000e+02 9.349999999999999645e+00 0.000000000000000000e+00 3.014672341940454192e-01 6.991151254568715723e-02 -6.960509544911833713e-01 8.550650628433869097e-03 1.359496322346525959e-09 0.000000000000000000e+00 0.000000000000000000e+00 7.770000000000000000e+02 0.000000000000000000e+00 0.000000000000000000e+00 1.000000000000000000e+00
0.000000000000000000e+00 2.610000000000000000e+02 9.359999999999999432e+00 0.000000000000000000e+00 3.163301949058179852e-01 5.027787637380420893e-02 -7.002888920659087191e-01 8.153573035671032865e-03 2.986415335115435240e-12 0.000000000000000000e+00 0.000000000000000000e+00 7.770000000000000000e+02 0.000000000000000000e+00 0.000000000000000000e+00 1.000000000000000000e+00
0.000000000000000000e+00 2.610000000000000000e+02 9.369999999999999218e+00 0.000000000000000000e+00 3.313311644919051946e-01 2.938922573178543926e-02 -7.048079663284211316e-01 7.709625373213538531e-03 2.777121414999299090e-18 0.000000000000000000e+00 0.000000000000000000e+00 7.770000000000000000e+02 0.000000000000000000e+00 0.000000000000000000e+00 1.000000000000000000e+00
0.000000000000000000e+00 2.610000000000000000e+02 9.380000000000000782e+00 0.000000000000000000e+00 3.464758870795498491e-01 7.213563073658641779e-03 -7.096215139387647142e-01 7.213563073658641779e-03 4.662475718423319704e-47 1.000000000000000000e+00 1.000000000000000000e+00 7.770000000000000000e+02 0.000000000000000000e+00 0.000000000000000000e+00 1.000000000000000000e+00
0.000000000000000000e+00 2.610000000000000000e+02 9.390000000000000568e+00 0.000000000000000000e+00 3.374884196117524660e-01 2.957918350453982853e-02 -7.040795358588355368e-01 7.713550624170095391e-03 2.549785792231610520e-18 0.000000000000000000e+00 0.000000000000000000e+00 7.770000000000000000e+02 0.000000000000000000e+00 0.000000000000000000e+00 1.000000000000000000e+00
0.000000000000000000e+00 2.610000000000000000e+02 9.400000000000000355e+00 0.000000000000000000e+00 3.286470628635700941e-01 5.091441405003069992e-02 -6.988298813878808247e-01 8.161745754224654717e-03 2.707696149260706583e-12 0.000000000000000000e+00 0.000000000000000000e+00 7.770000000000000000e+02 0.000000000000000000e+00 0.000000000000000000e+00 1.000000000000000000e+00
0.000000000000000000e+00 2.610000000000000000e+02 9.410000000000000142e+00 0.000000000000000000e+00 3.199484313286278803e-01 7.125193633384675762e-02 -6.938570577827054553e-01 8.563443208604028592e-03 1.229870489144735287e-09 0.000000000000000000e+00 0.000000000000000000e+00 7.770000000000000000e+02 0.000000000000000000e+00 0.000000000000000000e+00 1.000000000000000000e+00
0.000000000000000000e+00 2.610000000000000000e+02 9.419999999999999929e+00 0.000000000000000000e+00 3.113891941524710161e-01 9.062290367533780422e-02 -6.891463892814102543e-01 8.923388432668464404e-03 3.990659371427950555e-08 0.000000000000000000e+00 0.000000000000000000e+00 7.770000000000000000e+02 0.000000000000000000e+00 0.000000000000000000e+00 1.000000000000000000e+00
0.000000000000000000e+00 2.610000000000000000e+02 9.429999999999999716e+00 0.000000000000000000e+00 3.029660738571233747e-01 1.090569888106062008e-01 -6.846839737923866576e-01 9.245833632586715825e-03 3.822936823272336890e-07 0.000000000000000000e+00 0.000000000000000000e+00 7.770000000000000000e+02 0.000000000000000000e+00 0.000000000000000000e+00 1.000000000000000000e+00
0.000000000000000000e+00 2.610000000000000000e+02 9.439999999999999503e+00 0.000000000000000000e+00 2.946758450860850753e-01 1.265824293456457861e-01 -6.804566418665628502e-01 9.534588008694009145e-03 1.879385246973326628e-06 0.000000000000000000e+00 0.000000000000000000e+00 7.770000000000000000e+02 0.000000000000000000e+00 0.000000000000000000e+00 1.000000000000000000e+00
0.000000000000000000e+00 2.610000000000000000e+02 9.449999999999999289e+00 0.000000000000000000e+00 2.865153333692888604e-01 1.432260710111268875e-01 -6.764519178318177950e-01 9.793062755408962761e-03 6.155073359319444262e-06 0.000000000000000000e+00 0.000000000000000000e+00 7.770000000000000000e+02 0.000000000000000000e+00 0.000000000000000000e+00 1.000000000000000000e+00
0.000000000000000000e+00 2.610000000000000000e+02 9.460000000000000853e+00 0.000000000000000000e+00 2.784814139075411088e-01 1.590134087850864075e-01 -6.726579829748665640e-01 1.002431135931498504e-02 1.544131520186858343e-05 0.000000000000000000e+00 0.000000000000000000e+00 7.770000000000000000e+02 0.000000000000000000e+00 0.000000000000000000e+00 1.000000000000000000e+00
0.000000000000000000e+00 2.610000000000000000e+02 9.470000000000000639e+00 0.000000000000000000e+00 2.705710103759828566e-01 1.739686259465142160e-01 -6.690636406619570042e-01 1.023106567146692125e-02 3.219757112444740759e-05 0.000000000000000000e+00 0.000000000000000000e+00 7.770000000000000000e+02 0.000000000000000000e+00 0.000000000000000000e+00 1.000000000000000000e+00
0.000000000000000000e+00 2.610000000000000000e+02 9.480000000000000426e+00 0.000000000000000000e+00 2.627810937461126373e-01 1.881146311196603416e-01 -6.656582832954427431e-01 1.041576818006232676e-02 5.872256147935550705e-05 0.000000000000000000e+00 0.000000000000000000e+00 7.770000000000000000e+02 0.000000000000000000e+00 0.000000000000000000e+00 1.000000000000000000e+00
0.000000000000000000e+00 2.610000000000000000e+02 9.490000000000000213e+00 0.000000000000000000e+00 2.551086811259196674e-01 2.014730933658063494e-01 -6.624318610087167603e-01 1.058060086473010947e-02 9.687439130000806940e-05 0.000000000000000000e+00 0.000000000000000000e+00 7.770000000000000000e+02 0.000000000000000000e+00 0.000000000000000000e+00 1.000000000000000000e+00
0.000000000000000000e+00 2.610000000000000000e+02 9.500000000000000000e+00 0.000000000000000000e+00 2.475508346176835683e-01 2.140644753762559749e-01 -6.593748520071154307e-01 1.072751097330604426e-02 1.479222574443537965e-04 0.000000000000000000e+00 0.000000000000000000e+00 7.770000000000000000e+02 0.000000000000000000e+00 0.000000000000000000e+00 1.000000000000000000e+00
0.000000000000000000e+00 2.610000000000000000e+02 9.509999999999999787e+00 0.000000000000000000e+00 2.401046601930034718e-01 2.259080648173901196e-01 -6.564782344672657199e-01 1.085823402560862419e-02 2.125060337529877108e-04 0.000000000000000000e+00 0.000000000000000000e+00 7.770000000000000000e+02 0.000000000000000000e+00 0.000000000000000000e+00 1.000000000000000000e+00
0.000000000000000000e+00 2.610000000000000000e+02 9.519999999999999574e+00 0.000000000000000000e+00 2.327673065846249667e-01 2.370220038758017178e-01 -6.537334599119434264e-01 1.097431431596996784e-02 2.906678191966481119e-04 0.000000000000000000e+00 0.000000000000000000e+00 7.770000000000000000e+02 0.000000000000000000e+00 0.000000000000000000e+00 1.000000000000000000e+00
0.000000000000000000e+00 2.610000000000000000e+02 9.529999999999999361e+00 0.000000000000000000e+00 2.255359641946409477e-01 2.474233170487666889e-01 -6.511324279818681005e-01 1.107712315672802934e-02 3.819235966985635479e-04 0.000000000000000000e+00 0.000000000000000000e+00 7.770000000000000000e+02 0.000000000000000000e+00 0.000000000000000000e+00 1.000000000000000000e+00
0.000000000000000000e+00 2.610000000000000000e+02 9.539999999999999147e+00 0.000000000000000000e+00 2.184078640186492004e-01 2.571279372226222826e-01 -6.486674625299791996e-01 1.116787507819920651e-02 4.853519364774903574e-04 0.000000000000000000e+00 0.000000000000000000e+00 7.770000000000000000e+02 0.000000000000000000e+00 0.000000000000000000e+00 1.000000000000000000e+00
0.000000000000000000e+00 2.610000000000000000e+02 9.550000000000000711e+00 0.000000000000000000e+00 2.113802765854528865e-01 2.661507300790006414e-01 -6.463312889676459116e-01 1.124764217650954870e-02 5.996850487403442009e-04 0.000000000000000000e+00 0.000000000000000000e+00 7.770000000000000000e+02 0.000000000000000000e+00 0.000000000000000000e+00 1.000000000000000000e+00
0.000000000000000000e+00 2.610000000000000000e+02 9.560000000000000497e+00 0.000000000000000000e+00 2.044505109118995856e-01 2.745055168662989264e-01 -6.441170127959521263e-01 1.131736677878223199e-02 7.233938613340398088e-04 0.000000000000000000e+00 0.000000000000000000e+00 7.770000000000000000e+02 0.000000000000000000e+00 0.000000000000000000e+00 1.000000000000000000e+00
0.000000000000000000e+00 2.610000000000000000e+02 9.570000000000000284e+00 0.000000000000000000e+00 1.976159134724579935e-01 2.822050955712759324e-01 -6.420180992586996815e-01 1.137787257530143217e-02 8.547631094262689647e-04 0.000000000000000000e+00 0.000000000000000000e+00 7.770000000000000000e+02 0.000000000000000000e+00 0.000000000000000000e+00 1.000000000000000000e+00
0.000000000000000000e+00 2.610000000000000000e+02 9.580000000000000071e+00 0.000000000000000000e+00 1.908738671831378131e-01 2.892612605231965617e-01 -6.400283540570828045e-01 1.142987435016207601e-02 9.919551074598371293e-04 0.000000000000000000e+00 0.000000000000000000e+00 7.770000000000000000e+02 0.000000000000000000e+00 0.000000000000000000e+00 1.000000000000000000e+00
0.000000000000000000e+00 2.610000000000000000e+02 9.589999999999999858e+00 0.000000000000000000e+00 1.842217903993631500e-01 2.956848204605624364e-01 -6.381419050691164996e-01 1.147398642535835470e-02 1.133062415354418179e-03 0.000000000000000000e+00 0.000000000000000000e+00 7.770000000000000000e+02 0.000000000000000000e+00 0.000000000000000000e+00 1.000000000000000000e+00
0.000000000000000000e+00 2.610000000000000000e+02 9.599999999999999645e+00 0.000000000000000000e+00 1.776571359274174977e-01 3.014856150880974028e-01 -6.363531850198719253e-01 1.151072991806512125e-02 1.276150410050381004e-03 0.000000000000000000e+00 0.000000000000000000e+00 7.770000000000000000e+02 0.000000000000000000e+00 0.000000000000000000e+00 1.000000000000000000e+00
0.000000000000000000e+00 2.610000000000000000e+02 9.609999999999999432e+00 0.000000000000000000e+00 1.711773900490790590e-01 3.066725301493545275e-01 -6.346569150513737823e-01 1.154053889684587657e-02 1.419291117008609007e-03 0.000000000000000000e+00 0.000000000000000000e+00 7.770000000000000000e+02 0.000000000000000000e+00 0.000000000000000000e+00 1.000000000000000000e+00
0.000000000000000000e+00 2.610000000000000000e+02 9.619999999999999218e+00 0.000000000000000000e+00 1.647800715590757026e-01 3.112535110380296177e-01 -6.330480891436724988e-01 1.156376550951362242e-02 1.560589736236657823e-03 0.000000000000000000e+00 0.000000000000000000e+00 7.770000000000000000e+02 0.000000000000000000e+00 0.000000000000000000e+00 1.000000000000000000e+00
0.000000000000000000e+00 2.610000000000000000e+02 9.630000000000000782e+00 0.000000000000000000e+00 1.584627308149887392e-01 3.152355749688338094e-01 -6.315219593411126597e-01 1.158068414322247289e-02 1.698205236021528217e-03 0.000000000000000000e+00 0.000000000000000000e+00 7.770000000000000000e+02 0.000000000000000000e+00 0.000000000000000000e+00 1.000000000000000000e+00
0.000000000000000000e+00 2.610000000000000000e+02 9.640000000000000568e+00 0.000000000000000000e+00 1.522229487992433072e-01 3.186248217265676974e-01 -6.300740217402003296e-01 1.159149466593513422e-02 1.830366259410132201e-03 0.000000000000000000e+00 0.000000000000000000e+00 7.770000000000000000e+02 0.000000000000000000e+00 0.000000000000000000e+00 1.000000000000000000e+00
0.000000000000000000e+00 2.610000000000000000e+02 9.650000000000000355e+00 0.000000000000000000e+00 1.460583361928251001e-01 3.214264430098622283e-01 -6.287000031977147962e-01 1.159632478755937175e-02 1.955383437220892945e-03 0.000000000000000000e+00 0.000000000000000000e+00 7.770000000000000000e+02 0.000000000000000000e+00 0.000000000000000000e+00 1.000000000000000000e+00
0.000000000000000000e+00 2.610000000000000000e+02 9.660000000000000142e+00 0.000000000000000000e+00 1.399665324603693861e-01 3.236447303839005141e-01 -6.273958487198387779e-01 1.159523156864660995e-02 2.071659051192281317e-03 0.000000000000000000e+00 0.000000000000000000e+00 7.770000000000000000e+02 0.000000000000000000e+00 0.000000000000000000e+00 1.000000000000000000e+00
0.000000000000000000e+00 2.610000000000000000e+02 9.669999999999999929e+00 0.000000000000000000e+00 1.339452049462717120e-01 3.252830818542998270e-01 -6.261577094950884215e-01 1.158820209447568132e-02 2.177694854144041070e-03 0.000000000000000000e+00 0.000000000000000000e+00 7.770000000000000000e+02 0.000000000000000000e+00 0.000000000000000000e+00 1.000000000000000000e+00
0.000000000000000000e+00 2.610000000000000000e+02 9.679999999999999716e+00 0.000000000000000000e+00 1.279920479814742884e-01 3.263440070722288811e-01 -6.249819315357291183e-01 1.157515332248501387e-02 2.272098736150364798e-03 0.000000000000000000e+00 0.000000000000000000e+00 7.770000000000000000e+02 0.000000000000000000e+00 0.000000000000000000e+00 1.000000000000000000e+00
0.000000000000000000e+00 2.610000000000000000e+02 9.689999999999999503e+00 0.000000000000000000e+00 1.221047820005861789e-01 3.268291311787278053e-01 -6.238650448941519544e-01 1.155593110125087766e-02 2.353590828141674182e-03 0.000000000000000000e+00 0.000000000000000000e+00 7.770000000000000000e+02 0.000000000000000000e+00 0.000000000000000000e+00 1.000000000000000000e+00
0.000000000000000000e+00 2.610000000000000000e+02 9.699999999999999289e+00 0.000000000000000000e+00 1.162811526689982861e-01 3.267391972941242062e-01 -6.228037534223891392e-01 1.153030834942242802e-02 2.421009556367693244e-03 0.000000000000000000e+00 0.000000000000000000e+00 7.770000000000000000e+02 0.000000000000000000e+00 0.000000000000000000e+00 1.000000000000000000e+00
0.000000000000000000e+00 2.610000000000000000e+02 9.710000000000000853e+00 0.000000000000000000e+00 1.105189300196606633e-01 3.260740676563546603e-01 -6.217949250445454767e-01 1.149798237310043283e-02 2.473318100973138228e-03 0.000000000000000000e+00 0.000000000000000000e+00 7.770000000000000000e+02 0.000000000000000000e+00 0.000000000000000000e+00 1.000000000000000000e+00
0.000000000000000000e+00 2.610000000000000000e+02 9.720000000000000639e+00 0.000000000000000000e+00 1.048159075991898365e-01 3.248327234099399052e-01 -6.208355825134377337e-01 1.145857128996853776e-02 2.509611667230429027e-03 0.000000000000000000e+00 0.000000000000000000e+00 7.770000000000000000e+02 0.000000000000000000e+00 0.000000000000000000e+00 1.000000000000000000e+00
0.000000000000000000e+00 2.610000000000000000e+02 9.730000000000000426e+00 0.000000000000000000e+00 9.916990162298024158e-02 3.230132630452864362e-01 -6.199228946241642779e-01 1.141160951793366435e-02 2.529125946110894613e-03 0.000000000000000000e+00 0.000000000000000000e+00 7.770000000000000000e+02 0.000000000000000000e+00 0.000000000000000000e+00 1.000000000000000000e+00
0.000000000000000000e+00 2.610000000000000000e+02 9.740000000000000213e+00 0.000000000000000000e+00 9.357875013899570604e-02 3.206128994859259174e-01 -6.190541678586728436e-01 1.135654227498068478e-02 2.531247118952955483e-03 0.000000000000000000e+00 0.000000000000000000e+00 7.770000000000000000e+02 0.000000000000000000e+00 0.000000000000000000e+00 1.000000000000000000e+00
0.000000000000000000e+00 2.610000000000000000e+02 9.750000000000000000e+00 0.000000000000000000e+00 8.804031219992132506e-02 3.176279558192294239e-01 -6.182268384366690350e-01 1.129271902526547341e-02 2.515523745648479137e-03 0.000000000000000000e+00 0.000000000000000000e+00 7.770000000000000000e+02 0.000000000000000000e+00 0.000000000000000000e+00 1.000000000000000000e+00
0.000000000000000000e+00 2.610000000000000000e+02 9.759999999999999787e+00 0.000000000000000000e+00 8.255246704335804375e-02 3.140538596640590763e-01 -6.174384647494063350e-01 1.121938579402185360e-02 2.481680862890512512e-03 0.000000000000000000e+00 0.000000000000000000e+00 7.770000000000000000e+02 0.000000000000000000e+00 0.000000000000000000e+00 1.000000000000000000e+00
0.000000000000000000e+00 2.610000000000000000e+02 9.769999999999999574e+00 0.000000000000000000e+00 7.711311327974652852e-02 3.098851361667250282e-01 -6.166867201540274790e-01 1.113567626049482250e-02 2.429636603136109407e-03 0.000000000000000000e+00 0.000000000000000000e+00 7.770000000000000000e+02 0.000000000000000000e+00 0.000000000000000000e+00 1.000000000000000000e+00
0.000000000000000000e+00 2.610000000000000000e+02 9.779999999999999361e+00 0.000000000000000000e+00 7.172016808770935448e-02 3.051153996145247183e-01 -6.159693861071920962e-01 1.104060152367655062e-02 2.359521618399609139e-03 0.000000000000000000e+00 0.000000000000000000e+00 7.770000000000000000e+02 0.000000000000000000e+00 0.000000000000000000e+00 1.000000000000000000e+00
0.000000000000000000e+00 2.610000000000000000e+02 9.789999999999999147e+00 0.000000000000000000e+00 6.637156641650311661e-02 2.997373436540118341e-01 -6.152843456177280457e-01 1.093303841994278797e-02 2.271701544717362464e-03 0.000000000000000000e+00 0.000000000000000000e+00 7.770000000000000000e+02 0.000000000000000000e+00 0.000000000000000000e+00 1.000000000000000000e+00
0.000000000000000000e+00 2.610000000000000000e+02 9.800000000000000711e+00 0.000000000000000000e+00 6.106526019527519500e-02 2.937427300990160250e-01 -6.146295769989814639e-01 1.081171625458042171e-02 2.166802656711479258e-03 0.000000000000000000e+00 0.000000000000000000e+00 7.770000000000000000e+02 0.000000000000000000e+00 0.000000000000000000e+00 1.000000000000000000e+00
0.000000000000000000e+00 2.610000000000000000e+02 9.810000000000000497e+00 0.000000000000000000e+00 5.579921754882254115e-02 2.871223763112663585e-01 -6.140031479024293803e-01 1.067520179045927838e-02 2.045740712590509922e-03 0.000000000000000000e+00 0.000000000000000000e+00 7.770000000000000000e+02 0.000000000000000000e+00 0.000000000000000000e+00 1.000000000000000000e+00
0.000000000000000000e+00 2.610000000000000000e+02 9.820000000000000284e+00 0.000000000000000000e+00 5.057142201955207306e-02 2.798661411342894811e-01 -6.134032096149467650e-01 1.052188231651209754e-02 1.909752741355137673e-03 0.000000000000000000e+00 0.000000000000000000e+00 7.770000000000000000e+02 0.000000000000000000e+00 0.000000000000000000e+00 1.000000000000000000e+00
0.000000000000000000e+00 2.610000000000000000e+02 9.830000000000000071e+00 0.000000000000000000e+00 4.537987179534441751e-02 2.719629093590354985e-01 -6.128279916028970264e-01 1.034994659600250479e-02 1.760431120764863189e-03 0.000000000000000000e+00 0.000000000000000000e+00 7.770000000000000000e+02 0.000000000000000000e+00 0.000000000000000000e+00 1.000000000000000000e+00
0.000000000000000000e+00 2.610000000000000000e+02 9.839999999999999858e+00 0.000000000000000000e+00 4.022257894302608272e-02 2.634005746974347750e-01 -6.122757962869460613e-01 1.015736346951373430e-02 1.599758654527943733e-03 0.000000000000000000e+00 0.000000000000000000e+00 7.770000000000000000e+02 0.000000000000000000e+00 0.000000000000000000e+00 1.000000000000000000e+00
0.000000000000000000e+00 2.610000000000000000e+02 9.849999999999999645e+00 0.000000000000000000e+00 3.509756864715593561e-02 2.541660212378059613e-01 -6.117449940321775248e-01 9.941857859884871765e-03 1.430142358739373842e-03 0.000000000000000000e+00 0.000000000000000000e+00 7.770000000000000000e+02 0.000000000000000000e+00 0.000000000000000000e+00 1.000000000000000000e+00
0.000000000000000000e+00 2.610000000000000000e+02 9.859999999999999432e+00 0.000000000000000000e+00 3.000287845383448060e-02 2.442451033537071103e-01 -6.112340183387264814e-01 9.700883895629371437e-03 1.254442134357094604e-03 0.000000000000000000e+00 0.000000000000000000e+00 7.770000000000000000e+02 0.000000000000000000e+00 0.000000000000000000e+00 1.000000000000000000e+00
0.000000000000000000e+00 2.610000000000000000e+02 9.869999999999999218e+00 0.000000000000000000e+00 2.493655751924696296e-02 2.336226240354545014e-01 -6.107413612187355678e-01 9.431594835329903947e-03 1.075988185281465462e-03 0.000000000000000000e+00 0.000000000000000000e+00 7.770000000000000000e+02 0.000000000000000000e+00 0.000000000000000000e+00 1.000000000000000000e+00
0.000000000000000000e+00 2.610000000000000000e+02 9.880000000000000782e+00 0.000000000000000000e+00 1.989666586265190218e-02 2.222823116111175279e-01 -6.102655687459919154e-01 9.130809437711899859e-03 8.985776060761296175e-04 0.000000000000000000e+00 0.000000000000000000e+00 7.770000000000000000e+02 0.000000000000000000e+00 0.000000000000000000e+00 1.000000000000000000e+00
0.000000000000000000e+00 2.610000000000000000e+02 9.890000000000000568e+00 0.000000000000000000e+00 1.488127362352937438e-02 2.102067948213287851e-01 -6.098052367651106698e-01 8.794974380109257112e-03 7.264356054229601303e-04 0.000000000000000000e+00 0.000000000000000000e+00 7.770000000000000000e+02 0.000000000000000000e+00 0.000000000000000000e+00 1.000000000000000000e+00
0.000000000000000000e+00 2.610000000000000000e+02 9.900000000000000355e+00 0.000000000000000000e+00 9.888460322604500363e-03 1.973775762097305375e-01 -6.093590067476013505e-01 8.420122281353560612e-03 5.641199796593641264e-04 0.000000000000000000e+00 0.000000000000000000e+00 7.770000000000000000e+02 0.000000000000000000e+00 0.000000000000000000e+00 1.000000000000000000e+00
0.000000000000000000e+00 2.610000000000000000e+02 9.910000000000000142e+00 0.000000000000000000e+00 4.916314126463094958e-03 1.837750037882962262e-01 -6.089255617825879430e-01 8.001824833190850778e-03 4.163387043157698066e-04 0.000000000000000000e+00 0.000000000000000000e+00 7.770000000000000000e+02 0.000000000000000000e+00 0.000000000000000000e+00 1.000000000000000000e+00
0.000000000000000000e+00 2.610000000000000000e+02 9.919999999999999929e+00 0.000000000000000000e+00 -3.706888452188750183e-05 1.693782409341221540e-01 -6.085036226903515200e-01 7.535140486544969311e-03 2.876411602529553753e-04 0.000000000000000000e+00 0.000000000000000000e+00 7.770000000000000000e+02 0.000000000000000000e+00 0.000000000000000000e+00 1.000000000000000000e+00
0.000000000000000000e+00 2.610000000000000000e+02 9.929999999999999716e+00 0.000000000000000000e+00 -4.973585445233713598e-03 1.541652344715784551e-01 -6.080919442472230152e-01 7.014556074619985454e-03 1.819383943903686487e-04 0.000000000000000000e+00 0.000000000000000000e+00 7.770000000000000000e+02 0.000000000000000000e+00 0.000000000000000000e+00 1.000000000000000000e+00
0.000000000000000000e+00 2.610000000000000000e+02 9.939999999999999503e+00 0.000000000000000000e+00 -9.895125832104036123e-03 1.381126808909266535e-01 -6.076893115106890564e-01 6.433921683207447645e-03 1.018203467798147951e-04 0.000000000000000000e+00 0.000000000000000000e+00 7.770000000000000000e+02 0.000000000000000000e+00 0.000000000000000000e+00 1.000000000000000000e+00
0.000000000000000000e+00 2.610000000000000000e+02 9.949999999999999289e+00 0.000000000000000000e+00 -1.480357458693196820e-02 1.211959906516563990e-01 -6.072945362338614261e-01 5.786377998789960994e-03 4.769962335615478537e-05 0.000000000000000000e+00 0.000000000000000000e+00 7.770000000000000000e+02 0.000000000000000000e+00 0.000000000000000000e+00 1.000000000000000000e+00
0.000000000000000000e+00 2.610000000000000000e+02 9.960000000000000853e+00 0.000000000000000000e+00 -1.970081123850729587e-02 1.033892505158613973e-01 -6.069064533587315013e-01 5.064275276169299261e-03 1.698250049469066211e-05 0.000000000000000000e+00 0.000000000000000000e+00 7.770000000000000000e+02 0.000000000000000000e+00 0.000000000000000000e+00 1.000000000000000000e+00
0.000000000000000000e+00 2.610000000000000000e+02 9.970000000000000639e+00 0.000000000000000000e+00 -2.458871102231416014e-02 8.466518385395573054e-02 -6.065239175778593950e-01 4.259082968344666577e-03 3.816025109594557729e-06 0.000000000000000000e+00 0.000000000000000000e+00 7.770000000000000000e+02 0.000000000000000000e+00 0.000000000000000000e+00 1.000000000000000000e+00
0.000000000000000000e+00 2.610000000000000000e+02 9.980000000000000426e+00 0.000000000000000000e+00 -2.946914559859067917e-02 6.499510886192695625e-02 -6.061457999543505837e-01 3.361288951055338686e-03 3.586844794157184515e-07 0.000000000000000000e+00 0.000000000000000000e+00 7.770000000000000000e+02 0.000000000000000000e+00 0.000000000000000000e+00 1.000000000000000000e+00
0.000000000000000000e+00 2.610000000000000000e+02 9.990000000000000213e+00 0.000000000000000000e+00 -3.434398376901964117e-02 4.434889462612141148e-02 -6.057709845901452228e-01 2.360287151478706290e-03 4.512711723332724783e-09 0.000000000000000000e+00 0.000000000000000000e+00 7.770000000000000000e+02 0.000000000000000000e+00 0.000000000000000000e+00 1.000000000000000000e+00
0.000000000000000000e+00 2.610000000000000000e+02 1.000000000000000000e+01 0.000000000000000000e+00 -3.921509219232451743e-02 2.269491496826252230e-02 -6.053983653327877912e-01 1.244252253587461304e-03 5.969836289186924407e-14 0.000000000000000000e+00 0.000000000000000000e+00 7.770000000000000000e+02 0.000000000000000000e+00 0.000000000000000000e+00 1.000000000000000000e+00
